comment_id,author,text,likes,replies,published_at,is_reply
Ugzg7R1Nrw9UJ8zBzX94AaABAg,@IqbalQoreshi,"""Kenapa kok wajah pelakunya disensor?""

Ini adalah video reupload, video yang  ORI saya buat tanpa sensor sama sekali, dan baru saja tayang 1 hari langsung di takedown youtube karna disebut ""Ujaran Kebencian"", jadilah saya sensor dan upload ulang.

Untuk yg mau tau Update laporan saya ke polisi gimana?
Bisa ditonton disini https://youtu.be/hyRq0ap_MuU

Buat yang mau liat versi saya telfonan full dan tanpa sensor sama sekali, bisa ditonton disini https://youtu.be/gwXj0dT2NfQ?feature=shared",60,16,2024-05-21T03:49:31Z,False
Ugzg7R1Nrw9UJ8zBzX94AaABAg.A3gKhDMPQNEA4PHDcjgTDZ,@SriPutri-gd3ti,"Kaka mending 1,5jt sedangkan aku kak kena tipu habis puluhan juta gara"" kena tipu juga kk tp gimna kk caranya biar uang bisa kembali kk soalnya tuh uang buat makan hari"" kk dan juga buat modal usaha kk mana buat anak masuk sekolah aku sdh lapor kepolesk ya sama ky kk dioper sana sini bikin koran juga",2,0,2024-06-08T00:04:11Z,True
Ugzg7R1Nrw9UJ8zBzX94AaABAg.A3gKhDMPQNEA4PHN2Gg170,@SriPutri-gd3ti,Harusnya tahun ini anak aku sdh seklh terpaksa ditunda lagi,2,0,2024-06-08T00:05:28Z,True
Ugzg7R1Nrw9UJ8zBzX94AaABAg.A3gKhDMPQNEA4nznirujgJ,@HamzanPradipta,"Kka hebat inget gt bisa ngevideo pas waktu ditelpon penipu.. Saya ga, inget kesitu... Jadi bukti cuma WA dr penipu ny aja",1,0,2024-06-17T23:43:29Z,True
Ugzg7R1Nrw9UJ8zBzX94AaABAg.A3gKhDMPQNEA4nzzXRUnt4,@HamzanPradipta,"@SriPutri-gd3ti semoga yg ditipu selalu dilancarkan rezekinya Kka... Kita berdoa... Tiap hari y Kka, untuk tidak didholimi lagi",4,0,2024-06-17T23:45:05Z,True
Ugzg7R1Nrw9UJ8zBzX94AaABAg.A3gKhDMPQNEA4pHIbyWB7_,@aso-hd5gy,"​@HamzanPradipta sy juga pernah diretas 10 hari sampai wa sy di ambil alih sma si peretas sampai sy tlpn ke semua aplikasi yg pernah sy loginin,sampai makan juga cuman 1sendok,juga ampir gak masuk,soalnya takut di salah gunakan
dan sy berdoa pada alllah pas ashar soalat tepat waktu,kata ustad doa yg mudah di jabah atau di kobul pas waktu solat ashar tepat waktu pas waktu sholat shubuh tepat waktu dan orang yg di dolimi kalau gak salah🙏,dan sy setelah berdoa memohon pada allah,biar wa sy balik lagi,dan pas malam nya sy terus berusaha di loginin lagi biar veripikasi nya masuk kesy lagi,sola nya udah bbrapa hari gak bjsa masuk,pas sy coba alhamdulillah wa sy balik kagi sendiri,di kkbul sm alllah,alhamdulillah,terima kasih ya allah💚💚💚",0,0,2024-06-18T11:44:22Z,True
UgyCLd7w8MWY2QAKmDp4AaABAg,@kakinaruto4668,Aku nk grlak ni bodohhhnya,0,0,2026-06-18T08:28:00Z,False
UgzJQUUCbuoJmR7H7cF4AaABAg,@idocipp9936,"Cara awal penipu menipu ada adalah.. mencari tahu data anda dari anda sendiri..! Jika anda tidak mengatakan sendiri data anda ke orang tersebut, penipu itu tidak tahu data anda,, yang pertama nama, kedua nomor kontak , lalu bisa merembet ke nomor KTP atau ke nomor rekening/ATM,,
Jadi jika mereka sudah merembet ke nomor KTP, atau ke Nomor ATM/rekening,, jangan pernah di tanggapi..
Karena mereka akan menggunakan data anda yang sudah diterima dari anda sendiri untuk meyakinkan diri anda kalau mereka itu bukan penipu..
Jadi jika anda menanyakan data diri anda,,! Suruh dia yang nebak sendiri ..! Jangan pernah percaya perbankan dengan transaksi via call..!! Jika anda ingin ngurus perbank'an paling aman menggunakan Via langsung datang ke bank..",0,0,2026-06-13T01:59:45Z,False
UgxjvnpdJBEAvVVRUWl4AaABAg,@ahmadely-uu1rn,Baru sadar klo bodoh,0,0,2026-05-18T05:15:17Z,False
UgwrKqVIcE9cmczmJLB4AaABAg,@msfoodlicious,"Eh sy pernah ditelpon sama mba2 logatnya batak. Ktny ada paket atas nama sy dan ilegal krn isinya penting spt paspor dan kartu atm. Trus bakal disambungin ke polisi sama dia. Sy tny kartu apa, cimb niaga ktny. Sy bls sy telpon cimbnya langsung deh. Ga usah mba, bs lewat kami saja, sambungkan lgs ke polisi kalimantan. 😂
Iya iya sy telpon cimb niaga dlu ya. Iya silahkan ktny. Abis itu sy ga pernah denger lg dari dia. 
Klo ada telpon ga ada nama sy reject, trus sy masukin get contact dan sy block. 😊",0,0,2026-05-10T02:12:19Z,False
Ugx-PRwq-vDyvm1oGEN4AaABAg,@samsukarjono1176,Gak cocok sama kepinteran omongnya..msh bisa ketipu,0,0,2026-05-01T17:54:18Z,False
UgwhGfpvHrMbAFtCLPF4AaABAg,@triningsih3565,Saya udah tertipu 4juta 😭 penipu ngaku seorang Dokter ternyata gadungan penipu 😭,0,0,2026-04-16T07:13:25Z,False
UgxG58_mok1bWVKtueN4AaABAg,@Evan-h6b5f,Ini maj tolol malaj mai bolak balok,0,0,2026-04-12T15:10:48Z,False
Ugzc8_WmU6G-8bQ8svJ4AaABAg,@gebework2933,"Yg lucu menurut saya cerita anda diawal koq aneh ya, perhatikan..."", ""kata penipu pertama ada paket anda yg belum diambil !"" anda jwb kepenipu anda sendiri tidak tahu, terus lanjutkan narasi anda, ""bahwa paket yg Aku kirim ini tidak bisa dilanjutkan, karna isinya kartu ATM, buku tabungan, termasuk katagori Ilegal"" ?? Jd cerita anda gimana?? Disatu sisi anda tidak tahu akan menerima BRG, disatu sisi anda juga menyatakan sedang mengirim barang ??  Jujur sya Coba nalar cerita anda ini ??? 😅😅",0,0,2026-03-20T03:27:04Z,False
UgyBiCfykaMKyEpXGwp4AaABAg,@NazarudinSiregarSiregar,"HILANG 1 SAPI,LAPORAN BISA RUGI 4 SAPI,FAHAM",0,0,2026-03-03T00:27:08Z,False
UgzOPXkQwoHtE7fvv014AaABAg,@RiyaddYahyaa,"Itu familiar suara penipu, cuma beda modus, masa ngga hafal, sering ada youtube, berarti korban nya emang bodoh",0,0,2026-02-14T21:08:33Z,False
UgyP-kEsza4Q1GnH4T54AaABAg,@sopeachy708,kok nurut2 aja sih disruh apa aja bingung aku,0,0,2026-02-06T14:43:32Z,False
UgxgNblvwk713yT6HcF4AaABAg,@pakdesaidchannel9464,"Pernah aku ke tipu 61 juta, tapi aku males lapor mas .",0,0,2026-01-03T16:21:57Z,False
Ugw9kJNHNKG_b1OysWN4AaABAg,@SteviAriana,Sekarang bisa lapor sama patroli cyber .,0,0,2026-01-03T01:08:53Z,False
Ugy8sc48K0KdFLPT8sJ4AaABAg,@SteviAriana,"Aku pernah mengalami hal yg sama mas , 1 JT di rek ku bablas , betapa bodoh nya aku 😵‍💫🫣",0,0,2026-01-03T01:07:22Z,False
Ugzd0yBZ6mkbrxVHg694AaABAg,@MuhammadDani-z1c,𝘗𝘢𝘯𝘫𝘢𝘯𝘨 𝘹 𝘭𝘦𝘣𝘢𝘳 𝘮𝘰𝘯𝘤𝘰𝘯𝘨 𝘬𝘢𝘶 𝘣𝘰𝘥𝘢𝘵.!! 𝘗𝘦𝘳𝘴𝘪𝘴 𝘤𝘭𝘰𝘴𝘦𝘥.,0,0,2025-12-31T20:03:54Z,False
UgyuGCdBCN1wLvSFcrh4AaABAg,@MochtarKharie,"Saya heran ni si ikbal seorg mahasiswa kok bisa di tipu sih,.",0,0,2025-12-30T17:03:30Z,False
UgxGNaQOP7Jj-JJSbl14AaABAg,@agusprayitno8642,IKBAL JAGO NGOMONG.tapi penuh napsu. MAKA HATI DAN PIKIRAN HRS DI KEDEPANKAN,0,0,2025-12-27T08:18:53Z,False
UgxleGP3RbDhI9aLhSV4AaABAg,@jayidzes-z3r,"12:54 Ya Jelas tidak percaya lah 😂, kok anda percaya sama kepolisian indonesia 😂 
Dari situ juga udah aneh 😂",0,0,2025-12-23T07:02:03Z,False
UgxKCkocW6CZ93Y7loZ4AaABAg,@rahmatamir185,"Sdh jls itu polisi gadungan, kelihatan dr seragamnya atribut dileher krah baju gak ada",0,0,2025-12-13T07:47:12Z,False
UgzNlCPTAvt3utm54LN4AaABAg,@onecruzen7807,"tetp di ingt orang yg terlibat sprti polisi atau pihak bank yg mmpersulit, tagih di akhirat",0,0,2025-12-04T05:02:22Z,False
Ugw1DNkf4q--agFxq214AaABAg,@onecruzen7807,"pernah kejadian sama tmanku, lapor polisi di oper2 wkwkw pdahal rumahnya kemalingan loh wkwkw , pda bisa kerja gk sih",0,0,2025-12-04T05:00:56Z,False
UgxKM6NzTftG8dkN9Al4AaABAg,@darismandaris1333,"intinya jangan muda percaya dgan orang nelpon,yang tidak kenal,",0,0,2025-11-26T13:27:42Z,False
UgwXxg1SmqtcoqBBdwt4AaABAg,@MujibMujib-c1x,"Q orng pling bodoh,TPI q ketipu dua kli stu kli lewat hp,70rb",0,0,2025-11-18T01:18:00Z,False
UgxNCJVA8H3ZuDrFtC54AaABAg,@Mekarberkembang,Kemarin pas pesen paket aku dapat juga wa katanya paket ku ketahan..dapat 2 pemberitahuan dr nomor yg berbeda..aku jwb..kok bs ada 2..mana yg menipu..😂😂 akhirnya 2 2 nya nggak lanjut,1,0,2025-11-16T07:40:40Z,False
UgwhKMJopp-HTllvw3V4AaABAg,@wahidin9809,kebanyakan ngeles,0,0,2025-11-10T08:42:19Z,False
UgxGWEhexlmtouAoI_N4AaABAg,@BIADAB-14-MEI-24-JOKO-BUAT-MBG,"JELAS BANGET
ITU SI PENIPU JAHANAM DARI TULUNG SELATAN OGAN KOMERING ILIR SUMSEL.",0,0,2025-11-09T14:53:46Z,False
UgyPZr4H6RMh0ZhtEdd4AaABAg,@prajuritterang1470,Aku kmrn d video call polres juga. Anehnya ketika video g aku lihatkan wajahku Sana juga mematikan video depan. Aku lihat awalnya emang seragam polisi dan background juga polres.... Langsung aku matikan. Trs SIM card aku patahkan..,0,0,2025-10-29T15:01:51Z,False
UgzNi9a6L0UNxNpZNoJ4AaABAg,@jayadjoerani2745,"Ini sih tergantung tingkat kecerdasan, orang pintar belum tentu cerdas. dan ini buktinya.",0,0,2025-10-20T22:31:00Z,False
UgyX5-GMLWx1F-69MCJ4AaABAg,@herlansuherlan5946,Menagih terlihat bidoh mudah kena tipu...,0,0,2025-10-15T09:44:02Z,False
Ugy4CSHcYry6hWA-Dux4AaABAg,@BurhanuddinUddin-ni5kg,"Saya kemarin di telpon dari kantor pos medan, tapi dia tau saya pernah tinggal di sidoarjo dan dia tau nomer KTP ku kata nya aku kirim paket dari medan ke sidoarjo padahal aku nggak pernah kirim apa apa dan aku sekarang tinggal di papua tapi aku tantang balik  kalau kamu mau lapor kan aku ke polisi lapor saja yg bikin saya heran dari mana dia tau nomer HP ku dan nomer KTP ku.",0,0,2025-10-13T21:23:23Z,False
UgzZf5Rc04Watg-Ep414AaABAg,@SusilawatiHambali,Bajingan penipu kalau kena mesti di dibikin babak sehancur hancurnya,0,0,2025-10-06T18:26:17Z,False
UgxmXekJHtage4YffdN4AaABAg,@NurBaiti-ev7fi,Smga allah gnti berjuta2 duit mu nk dn yng mnpu di tangkap pihak berwajib,0,0,2025-10-01T12:21:51Z,False
UgyRQ7Oj7YpFOSfYzRx4AaABAg,@vincentBongVincent,"Anjing ribet nya di Konoha ini,maka nya banyak penipuan",0,0,2025-09-29T06:04:41Z,False
UgxJsznWJGl7misZyMh4AaABAg,@MingguCeria-b7m,"Kalau berurusan dgn polisi serba ribet, padahal sdh ada nomer rekening, tapi ttp di buat ribet😢",0,0,2025-08-30T12:00:15Z,False
Ugwkgpngu4DS3RSFSrF4AaABAg,@susisuhartinah4380,"Pernah ngalami mas ,dia da paket dr luar negeri dan saya harus kirim 2 jt aq bilang lg kerja ,soalnya tu paket sdh ada bea cukai dan klw tdk segera d ambil nanti urusan sama polisi  indonesia ,aq tetap ga percaya ,aq pura2 kirim  duit  aq cuma kirim 50 rb saja,dan anehnya nama yg nerima duit itu taufik ,katanya dr luar negeri dr situ aq sdh curiga,y udah aq kerjain balik lah ,pura2 nya aq bilang sdh ada kantor JNE ,nach tlpn ku d berikan ke cwek nich intinya gw hrs ambil  tu barang ...ktnya isi barang itu duit dolar . .gw bilang saja y udah buat lw ..klw ga gini saja kita ketemu d kantor JNE...dia ga berani tuch ....mana ada org bule  namanya taufik ...",0,0,2025-08-27T12:42:51Z,False
UgyMWHuHtAQdG51ydjd4AaABAg,@bangsis883,"Kalau spt ini masih kena tipu, berarti yg ditipu org tolol, bodoh, otak tdk dipakai unt berfikir cerdas,.. tdk usah mengeluh, itu akibat kebodohan sendiri..",0,0,2025-08-14T00:48:56Z,False
Ugw0fKGi_bLcRK9cEMt4AaABAg,@yasacetaabditya9280,Langkah selanjutnya apa bang Iqbal. Apakah saya harus melapor juga ke pihak polisi atau gimana? Yang saya khawatirkan adalah data saya yang saya kasih. Mohon penjelasannya dari pengalaman bang Iqbal. Sekian terima kasih,1,2,2025-08-05T15:13:10Z,False
Ugw0fKGi_bLcRK9cEMt4AaABAg.ALS5VPjKt25ALS7GtnsylG,@IqbalQoreshi,"Lapor saja ke polisi, jadi suatu waktu jika ada Penyalahgunaan identitas atas nama mas, setidaknya ada bukti pelaporan kalo data kita dicuri",0,0,2025-08-05T15:28:40Z,True
Ugw0fKGi_bLcRK9cEMt4AaABAg.ALS5VPjKt25ALS99lUP_PS,@yasacetaabditya9280,​@IqbalQoreshibaik terima kasih bang. Saya coba meskipun kemungkinan kecil harapannya untuk ditindaklanjuti😅,0,0,2025-08-05T15:45:10Z,True
Ugy1EnNyVG0pgMongJt4AaABAg,@yasacetaabditya9280,"Terima kasih bang informasinya. Saya juga kena kasus serupa seperti ini kemarin. Yang awalnya (mengaku) dari pihak BPJS yang menelpon. Akan tetapi nomor dipakai yang awalnya +81 yang saya kira itu adalah nomor asli dari call center BPJS pusat atau semacamnya.. Didalam telpon tersebut, saya dituduh mengambil obat golongan G di tiga RS berbeda yang ada di bandung. Saya panik jadi saya lanjutkan dan saya mau di urus lalu di sambungkan dengan pihak kepolisian. Setelah itu beralih membagikan kontak WA saya dan yang mengaku polisi tersebut juga membagikan WA nya. Setelah itu kejadiannya sama persis yang ada di video ini yakni surat penangkapan dan surat penyitaan aset dari pengadilan. Jadi saya tf dari semua rekening saya bila ditotalkan 1,7 jt.

Sangat hebat sekali penipuan ini sehingga saya percaya dengan apa yang mereka katakan. Catatan untuk semuanya jangan pernah mengangkat telpon dari nomor yang tidak dikenal karena kemungkinan besar itu penipuan dan dampaknya juga mengerikan menurut saya, saya sudah berhati hati untuk tidak kena penipuan malah saya salah satu orang yang kena penipuan seperti ini. Semoga pembelajaran buat semuanya dan juga saya agar lebih berhati hati lagi.",1,0,2025-08-05T13:54:14Z,False
UgzTOFlmKpe1hb13VaV4AaABAg,@tubelive2782,Terima bang Iqbal informasinya.,0,0,2025-08-04T11:56:19Z,False
UgwZ4bAFrldMmj2hXcl4AaABAg,@riofaturrohman5122,"BISANYA SEBODOH ITU YAA..
😅😅😅",0,0,2025-08-04T00:14:03Z,False
UgwOQVfSlAHJdIhuqH54AaABAg,@arisaputra4444,"Critanya gak masuk akal, ribet bner skenarionya cuma nwt konten",0,0,2025-07-31T05:56:03Z,False
Ugz1Eb0ECUSQowJ12QF4AaABAg,@AnangSujatmiko-eg9xc,"Salahnya lapor ke polisi... 
Sudah tahu polisi itu gimana.. 

Lapor ke damkar saja...",0,0,2025-07-31T05:03:52Z,False
UgyXNvtmPhOQv27NhlB4AaABAg,@Mr.AedilSM,"Berarti lu memang  lagi sial  😅😅😅😅, sudah nyata. Tidak pernah mengirim surat atau paket masih percaya😅😅😅😅",0,0,2025-07-30T08:56:45Z,False
Ugx9kOBI3xvVJnkS4fZ4AaABAg,@susantotjahjadi212,"saya pernah kena tipu,pelakunya ngaku dati polsek bali",0,0,2025-07-24T09:49:05Z,False
UgziFvqBkYmpjHKxHb54AaABAg,@FathanifraAlfarizi-df2yl,"Kalo aku setel di pengaturan tolak otomatis nomor yang tidak di kenal....wkwk😂
  Tohh kalo mmg bnerin penting pasti orang akan beralih ke WA atau ngechat.",0,0,2025-07-20T18:20:53Z,False
UgyTCXJjs7zNJ9PAviB4AaABAg,@handay358,"Sidang itu ilegal, jgn terjebak.",0,0,2025-07-10T12:18:46Z,False
UgxVdPqc9PXtKmI0eHV4AaABAg,@indriyaning2128,Ass WB Harus nya mukanya Jgn di tutup terbuka biar orang biar tahu' biar puas jadi orang Nya punya rasa malu KL punya jd memang Harus terbuka karena biar TDK banyak Yg terjadi kena tipu,0,0,2025-07-07T22:42:37Z,False
UgxX-13FfOxyHRsJCrR4AaABAg,@adityalegawa,"Surat penangkapan tidak akan di perlihatkan ke target, polisi tidak berhak menanyakan apapun jika tidak ada surat perintah.",0,0,2025-07-07T13:13:10Z,False
UgzmezIjAR3vXeEnpBt4AaABAg,@nizkichanel,"gk bkl di urus mlah pusing..aq kmren jg kena 1,2juta..sumphin aja pnipu sekarat.lumpuh ..serahkn sma Allah.",0,0,2025-07-07T05:04:38Z,False
UgzR-zSN2ysUERbzEJV4AaABAg,@TitiTiti-z3t8c,"Saya juga baru kena penipuan dan lebih parahnya dia minta sidik jari, foto ktp, verifikasi wajah akhirnya dataku berhasil diambil,uangku habis 5.900.000, yang saya khawatir itu takutnya data saya disalahgunakan seperti untuk pinjol, saya ke kantor polisi mau buat laporan penipuan alasannya karena takutnya data Saya digunakan untuk pinjol terus polisinya cuma bilang belum kejadiankan kalau sudah terjadi baru lapor 😢😢",0,0,2025-07-02T16:09:22Z,False
UgyC0kLAc-2ePDkroIV4AaABAg,@DjohanUddin,Nama nya penipu memang ahli bicara..sangat meyakinkan..,0,0,2025-06-30T23:31:26Z,False
UgyY2_fAyY4HHTef3Sp4AaABAg,@ekobacharibjatoensuripbach1892,Masak sidang nya online,0,0,2025-06-30T10:15:48Z,False
UgyqkuXpY9KwhcMMRYp4AaABAg,@husnulhotimah2016,"Sama persis, sy jg di tipu 5jt 300rb karena wkt itu di rumah sendiri, diajak ngobrol sampe 1jam lebih, disuruh coba cek ada uang masuk.",0,0,2025-06-30T07:30:49Z,False
UgyT86M5k7Gj7sHtMfx4AaABAg,@dyahmulyani8316,"Subhanalloh,sdh jatuh ketimpa tangga ya mas.",0,0,2025-06-22T06:58:13Z,False
UgxEY14kj4OFWM9f1ip4AaABAg,@jonoharjono2139,Terima kasih edukasinya....,0,0,2025-06-19T07:53:16Z,False
UgzqJP2kAyai9t7pIl14AaABAg,@mohamadrodli-i7r,"Masukan klau ada yg nlp cuma no jgn d angkat ... skrg kn ada WA atau sms ... 

Biar hub dlu lewat 2 pilihn tsb...

Cari aman.... y kn",0,0,2025-06-19T06:32:34Z,False
UgxG_Z-SexmceYgj8GV4AaABAg,@yuliatiaja5607,Kamu segitu mas ak 12juta 4hari yg lalu bener² BKIN ak stress untk suami qw yg BKIN aku tenang😢😢,0,0,2025-06-17T07:46:25Z,False
Ugxu2LYoB-EIQXVQid14AaABAg,@jeffrichardx,Wkwkwk apa cuma gw yg ngobrol ditelp tapi ga kenal orangnya tapi ya udah ga ad bahas ke arah duit😂,0,0,2025-06-11T05:33:02Z,False
Ugx1NQo5NX9jDyZMVeR4AaABAg,@vanayotoyoto83,makasih kk infonya barusan aku jga di tlp dari kantor pos katanya paketnya gak bisa terkirim karna alamat,0,0,2025-06-11T03:18:25Z,False
Ugx9NOGh5w5DhgaYuOt4AaABAg,@FaizErda-w8z,Kalau ada no yg ga di kenal ga usah di angkat beres ga usah bertele2,0,0,2025-06-07T01:23:36Z,False
Ugw5ys7uWlyc7sqBpNd4AaABAg,@niketutsokhagautami7160,Saya pernah mengalami hal yg sama.intinya jgn gampang percaya dgn org yg blm kita kenal,1,0,2025-06-06T15:12:57Z,False
UgxC47_aV-G8hS9IF9t4AaABAg,@vickrose48,mahasiswa kok .....,0,0,2025-06-04T00:41:02Z,False
Ugy8bJdF9qDmAMB1y5t4AaABAg,@igapadmawati5034,Mas nya takabur makanya kena tipu😂,0,0,2025-05-31T03:40:44Z,False
UgxhXuFTz1R4wCnPtwN4AaABAg,@whoiam02-q5c,"Sekelas mahasiswa masih kena tipu, gimana lagi orang yg lebih rendah pendidikannya.
Katanya ada tim cyber, apa bisa ditangkap gak nih ?",0,0,2025-05-30T06:06:29Z,False
UgxY5mgXIyClJ8-Ulgp4AaABAg,@CahyoSanankulon,Kuliah    kok......        B. D. H,0,0,2025-05-29T19:49:43Z,False
Ugz_UUTAhkuI-WAp4Ul4AaABAg,@herisupriyanto3476,"Ikutan koment ah, intinya di video ini adalah kena hipnotis telepon , vc . 
Saya yakin ketika proses hipnotis itu korban tidak melakukan aktivitas merokok.
Merokok adalah salah satu cara menangkal hipnotis , 
Boleh percaya, boleh tidak ...
😊",0,0,2025-05-29T16:00:45Z,False
Ugxwyk0Csf1yASwbvdN4AaABAg,@ahmad_lana123,Tolol,0,0,2025-05-28T01:19:38Z,False
UgwWV-W8-mcO-xydXVB4AaABAg,@didiksuparyanto6271,andai saya lihat konten abang sebelumnya. saya tidak hilang 12.750.000 Modusnya beli barang. Makin Banyak Cara Penipu Sekarang mereka cari biodata pekerjaan korbannya dahulu. hati2 gess,1,1,2025-05-25T05:50:42Z,False
UgwWV-W8-mcO-xydXVB4AaABAg.AIXgtnpjKeqAJDQ84PdDyE,@jeffrichardx,Semangat goblok nya mas mohon dipelihara baik2,0,0,2025-06-11T05:22:05Z,True
UgzY6lt8sDP1ucedbYp4AaABAg,@aminkusarmin1680,Kirain anak muda yg punya pendidikan itu gk sebodoh yg kita bayangkan. Rupa nya org bodoh (goublok) gk bisa nilai dari pendidikannya 😂😂,0,0,2025-05-23T23:30:31Z,False
Ugx00jDG7Z5QyWLvoHR4AaABAg,@sandialdrian2784,Tapi masih sadar buat ngrrekam😮,0,0,2025-05-23T13:10:15Z,False
Ugxm-LNWoh9OyLuwcW54AaABAg,@AinurRobet,Intinya ribet mas udah ikhlas saja,0,0,2025-05-23T09:32:10Z,False
Ugyw8-K9-qqHqEu8xVB4AaABAg,@ramahandiko2741,"semenjak saya kehilanagn 20 jt dari bank bri, dan qris saya tidak pakai lagi bri",0,0,2025-05-22T09:04:52Z,False
Ugxmx9NTBqxPHNt79iR4AaABAg,@bambangsiswandi2372,Kok nipu  pake sragam polisi  masihbrani polisi anjing ini,0,0,2025-05-19T03:44:31Z,False
UgzMRcKu4RhyG2O_Be94AaABAg,@gadisdesa78-n7r,"YA MEMANG HARUS KE BCA MAS,, KALO KE BRI YAA SALAH DONG😅😅😅",0,0,2025-05-16T16:11:38Z,False
Ugylks6QT7FKvQS-bB14AaABAg,@gadisdesa78-n7r,"PARAH,,, MODEL BGINI KOK BISA  TERTIPU,,AMPUNNN",0,0,2025-05-16T16:07:07Z,False
Ugw81Xgt-txS6tJJR_d4AaABAg,@EdwardAR-x4i,WAHAI PENIPU ULUNG KASIHANILAH ANAK BESERTA ISTRIMU YANG TERCINTA DI BERI MAKAN DENGAN UANG HAAAAAARAAAAM TOUBAT YA SAYANG 😂😂😂😂😂😂😂😂😂,0,0,2025-05-16T07:37:51Z,False
UgwQ0O0cSL25z9pM4A14AaABAg,@NotoGanteng,BOONG,0,0,2025-05-13T09:53:56Z,False
Ugy7VnxUjbVAG5RkgSd4AaABAg,@wahyudydju9403,"Siapa pun yg nada bicaranya gadungan pasti ada kata² mengancam dgn menuduh pengguna layanan melakukan kejahatan.. kalau punya rekening bank sebaiknya beritahukan saldo sisa 50 ribu atau 25 ribu.. kemudian amankan dana sehingga pihak bank mengetahui dan membekukan transaksi rekening. Sy juga mengalami modus yg Mas alami, cuma sisa saldo sy sedikit .. jd dia tidak berniat mengurasnya.. intinya penjahat itu berkedok polisi.. menyebut NRP nya dgn lengkap, dibantu kawannya dari telkom yg menyalurkan koneksi ke polisi. Kejanggalannya, pertama kali memperkenalkan diri dari Kominfo .. ujung²nya menyerahkan telpon ke manajernya. Eh.. manajernya bilang dari telkomsel (manajer telkom). Jadi sama modusnya, sy disuruh membuat laporan polisi. Janjinya laporan polisi akan dikirimkan ke alamat rumah, ternyata tidak ada. Secara hukum yg berlaku di Indonesia utk laporan polisi itu seharusnya ada tanda tangan basah pelapor. Krn negara kita belum memberlakukan tanda tangan elektronik, semoga ada pihak kepolisian yg memberi pemahaman hukum tentang kejahatan digital. 
Para penipu itu bodoh krn jengkel nggak dapat duit kemudian mengancam. Semua laporan akan diselidiki lah, ancaman penjara pembuat laporan palsu lah,  wuih ngeri. Catatan saja, kalau ada polisi yg seperti ini bicaranya, lebih baik diabaikan. Bilang kita lg dijalan atau nadanya putus² atau lagi di pasar di mall, tempat yg banyak orang sehingga ada kesempatan kita utk tenang dan dia pasti menyuruh kita mencari tempat yg tenang, tidak boleh ada yg mengganggu. Jadi perlu waspada dgn model penipuan seperti ini. Terima kasih sudah share.. kalau ada yg tidak percaya biarin aja yg jelas mas sdh memberi peringatan dan berbagi informasi agar waspada terhadap modus baru di era digital.",0,0,2025-05-12T11:37:59Z,False
Ugwcw9VKGFpSsRM43kN4AaABAg,@muhammadmasiun-wf8be,"Klo ada telpon penipu gampang melawanya,pakai bahasa   daerah masing pasti para penipu langsung kasih mati tlponya",0,0,2025-05-11T03:12:52Z,False
UgzI8Sy91fzFN6e9SbZ4AaABAg,@jajamjamilah664,Jgn terima no tlp yg tdk ada pd cantak kita thats all😢,0,0,2025-05-10T01:19:21Z,False
UgxF0P2DKxwzsPcXf-h4AaABAg,@YennyGavella,",,   MEREKA  SATU...... KOMPLOTAN",0,0,2025-05-09T16:49:30Z,False
Ugz39GWjWBjvyxTLONJ4AaABAg,@YennyGavella,"Wahh Ini kan,,, SUARA -SUARA,  PENIPU,,,,,, ,",0,0,2025-05-09T16:47:02Z,False
UgzG52BkU3HN8kIKbpF4AaABAg,@Pu3t451k,Ampir sama kek aku nih kak🤦‍♀️,0,0,2025-05-09T02:18:25Z,False
Ugw0lMC9Z6n7CrdUGGt4AaABAg,@retnowsetyaningsih6298,"dua hari yang lalu ada telepon ngaku dari kantor pos dan ada barang yang belum diambil, persis cerita si masnya. Pas dia minta tekan angka 8 langsung tak putus. Pas tak lihat di get contact gada keterangannya blas.",0,0,2025-05-06T10:50:24Z,False
Ugy0POy_llxdTGp79dF4AaABAg,@nanangmatrix8516,Ga akan diurus polisi. Anak yg lugu,0,0,2025-05-03T16:32:00Z,False
Ugz2BeEvkDd6pmDFwId4AaABAg,@sunartoang5278,Kenapa wajahnya di tutup biar semua orang tahu masalah ini,1,0,2025-05-01T15:55:15Z,False
Ugyw8GD8v_P6M3Ma__J4AaABAg,@sunartoang5278,Thanks infonya,1,0,2025-05-01T15:54:09Z,False
UgyVzKbDJshadyAPo8h4AaABAg,@ganesasanjaya-g5d,"hmm saya paham semua pelaku di lakukan di dalam penjara... saya sudah pernah hampir kena tipu saya bilang gini ""pak coba bapak keluar kantor dan lihat di depan kantor"" dia gak mau / dan saya fix bilang penipu",0,0,2025-04-25T02:14:16Z,False
UgxROYRCIPldeEccblR4AaABAg,@BiyantaraArdya,Rekening koran bang,1,0,2025-04-24T20:59:01Z,False
Ugyi515Q1yVEulTGaUJ4AaABAg,@RiniBdg123,"Intinya mas ini ,lapor polisi ,dan polisinya abal2 alias bandit yg ngaku2 polisi ,  kok bisa ya",0,0,2025-04-23T07:05:19Z,False
UgwyR2bte5igXkou1VB4AaABAg,@yudhayudha-z1s,betapa bobrok nya konoha,0,0,2025-04-21T12:52:37Z,False
UgzYmIHGJoYJoOhtl454AaABAg,@thinocahyo-dn8bq,Ini polsek rungkut y mas saya jg pernah mengalami tapi tidak saya tf,0,0,2025-04-21T07:39:27Z,False
UgwOsI0tfil7QjJDhzp4AaABAg,@KustinahKustinah-l4w,"Sekarang di youtube short ada modus baru.. Sultan dubai bagi2 uang... Disuruh hubungi no wa tersebut dilayar  kalo mau dapat usng. Ternyata disitu dia minta biodata diri, nama bank, no rekening. Hati2 ya.. No rek jgn dikasih nanti uang didalemnya bisa diambil semua ealau mereka gk punya pasword.",0,0,2025-04-19T21:30:07Z,False
UgzPL142XUV9X_IQqLZ4AaABAg,@TatiSuhari,Ya pegawai pos sama polisi abal abal  ya sekongkol ya temen nya tukang tipu kasian 😂,0,0,2025-04-19T12:18:56Z,False
UgxSoQ7BoHmx8RkIR2x4AaABAg,@gratefultwentyfourseven7331,"Intinya kalau bangun tidur jangan langsung jawab telfon, bales WA dll krn kita biasanya ga mikir dgn seksama. Yg muslim baca doa bangun tidur & doa pakai bahasa indonesia aja spy diberi perlindungan & kesalamatan 🤲",0,0,2025-04-17T20:23:13Z,False
UgxczXYJrtBz4CG5V2F4AaABAg,@Indrikiprit,"Terimakasih MZ Iqbal kasih info nya ya  dulu jg AQ pernah ke tipu tp di tlpon rumah di suruh trasfer 4 jt. 500 dpt undian mobil dr undian kelompok Bayangkara waktu itu AQ jg br bangun tidur langsung aja mau trasfer pikirku nanti AQ dpt kiriman mobil.
Ehh ternyata smpai sore nggak dtg ketipu AQ 🤦🏻😭😭😭😭😭😭",0,0,2025-04-17T05:54:21Z,False
UgxCb9ME9BokcCu_Mk94AaABAg,@adityamardhany3611,Terimakasih atas informasinya mas Iqbal.,0,0,2025-04-17T04:30:44Z,False
Ugx_W6_QQQRDIha6z694AaABAg,@nurwakhidah2156,"Orang sock ,mmudah kena gendam",0,0,2025-04-16T14:15:48Z,False
UgxYWPp74Wn4rJk2ruR4AaABAg,@adisiswadi2737,"Saya pernah dituduh dengan modus yang sama dari yang mengaku KPK. Sama seperti ini, dihubungkan ke polisi dan dituduh macam macam, termasuk disebutkan punya 50 rekening atas nama saya di bank M. Saya tutup saja teleponnya. Besoknya saya cek ke KPK dan bank M, tidak ada seperti itu.",0,0,2025-04-15T11:43:03Z,False
UgwMXiLwGBxa-Vdyq9J4AaABAg,@adisiswadi2737,"Saya pernah dihubungi orang yang mengaku dari imigrasi, menanyakan apakah ada pengiriman ke Malaysia. Saya baru tahu kalau imigrasi juga mengurus pengiriman barang......",0,0,2025-04-15T11:37:50Z,False
UgwBS5abtSLk0xOPfZN4AaABAg,@norlatifah1049,Berapa total kerugjan mu semua,0,0,2025-04-15T11:34:10Z,False
UgxI0X-IWeMFQQvMmGd4AaABAg,@joesteak3902,"Mending setiap pelaku kejahatan seperti di Amerika kepada siapa saja yang bisa rekam wajah penipu langsung ditayangkan di TV berulang2 sertakan nomor telfon pengaduan laporan, supaya bagi yg kenal penipu itu bisa cepat memberikan info. ini akan membantu pihak kepolisian bergerak cepat. ini dalam konteks percaya kepada pihak kepolisian ya.....",1,0,2025-04-14T19:06:52Z,False
Ugxsbiv9z9tzlhqk1iJ4AaABAg,@mantrimotor3287,"Hati"" Indo banyak bajingan",0,0,2025-04-14T09:47:46Z,False
UgwZpzkjxlY6-SNKMUh4AaABAg,@Banjarbaru321,Baju polisix ky gitu apa g slh,0,0,2025-04-14T05:27:06Z,False
Ugwn8jJeRvmq7Hx0wot4AaABAg,@Rohanah-kg1vg,"Ok aku fa kan percaya, tlp ga fi kenal, makasih mas infonya",0,0,2025-04-12T09:23:29Z,False
Ugw7EmKVGH-YIk-D6HF4AaABAg,@sripudji6431,Mks mas,0,0,2025-04-12T08:56:28Z,False
Ugyqx2GM12GMUEbaPVN4AaABAg,@rajaakbar2429,Aku juga kena kak nama sama tanda tangan untung bukan KTP tapi apa aman tidak,0,0,2025-04-11T14:00:00Z,False
Ugzx2PoxW6BLLfu4bAx4AaABAg,@SumariyahSorong-gx2dx,Itu jualan jualan ditoko toko besar awas dong bilang dpt bonus. Aess dong minta no tabungan,0,0,2025-04-11T06:56:27Z,False
UgwaKkUSZW5kXhPDIsl4AaABAg,@Arrazi-k3c,"Gue baru banget hampir kena modusnya sama, dari kantor pos paket yang ketahan di medan. Dia bilang ada paket ilegal atm dan buku tabungan. Dia bilang gue di suruh untuk minta surat pembersihan data dan pelindung ke polda. Terus di sambungin lahh gue ke polisi, pas mau gue ngajuhin laporanya gue mikir lagi ko bisa secepet ini nyambung ke kantor polisi dan terus gue pake logika gue lagi ko nih polisi tau gue mau ngelapor dari kantor pos yang tadi. Nahh dari situ akhirnya gue ragu terus pura2 tanya lagi ke kantor pos dan gue bilang juga mau gue tanya juga ke kantor polisi terdekat aja. Dan langsung gue matiin",0,1,2025-04-10T14:07:05Z,False
UgwaKkUSZW5kXhPDIsl4AaABAg.AGjhw-Ad7JMAGjiYlngDhJ,@Arrazi-k3c,Sebelum lihat video ini gue masih panik apa data gue nanti ke hack kaya rekening atau suara gue tadi di rekam untuk pembuktian data kejahatan dia. Terus gue cari2 info akhirnya gue sedikit lega tau modus berikutnya ternyata dari video ini. Terimakasih bang udah berbagi pengalaman yang hampir aja gue kena modus dan pikiran apa gue nantinya kena hack,0,0,2025-04-10T14:12:31Z,True
UgzmpI1S9sWBUkMMsBd4AaABAg,@saidirossady7255,"Ribet...! Sy juga hampir ketipu via FB dgn org yg ngaku Cewek Inggris-Indonesia, yg modusnya mirip sama yg melibatkan 3 negara ( inggris, Malaysia n Indonesia). Alhamdulillah sy tidak teripu, Krn masih sedikit tersisa akal sehat.",0,0,2025-04-10T07:27:09Z,False
Ugw4802jSsGn1cllOVV4AaABAg,@candudigital1245,"Kalau saya dapat tlpn dengan logat macam gitu, gpl langsung aku tutup.😂",0,0,2025-04-04T06:40:47Z,False
UgywlTkREFpR4_A3jsB4AaABAg,@KuliBang-ss2bs,Vidio paling oonn,0,0,2025-04-04T04:36:07Z,False
UgwtgX9MDrpZfwhkrp54AaABAg,@Minieazale,Indonesia emang ruwett,0,0,2025-04-03T04:12:44Z,False
UgwfE4iGp42f9GAvNLN4AaABAg,@PANDUGARDENINDO,Bodoh kok di pamerkan,0,0,2025-04-01T02:08:42Z,False
Ugy4u1cemmTi2C8WUf94AaABAg,@Swordzies0504,"Barusan kena yang sama kyk abang nya, untung ga sampe disuruh transfer dll.",0,0,2025-03-29T07:31:14Z,False
Ugw8KFZnHbjY6Nb-3G54AaABAg,@muhammadharis122,"saya perna kena tipu dri kenal dulu  cewek dri apikasi aku bicara usaha bisnis dah ahirnya di jatuh cinta sama aku trus uang teryata macet ga bisa wd di akun aku kena love scam 7.450.000 hidup semakin hancur masih alhamdulillah kena 1,5 jt setela aku kena segitu trus butu duit  modal kena tipu lagi aku pinjaman ilegal bukan dri plastor fb aja itu ilegal total 15 jt ada kena tipu itu uda di indonesia ini jahat  "" dan sampai sekarang masih ada itu love scam macem "" la pokonya hati hati",0,0,2025-03-22T11:40:18Z,False
UgxAru-0QUVqGvNClCV4AaABAg,@pras4912,gedabrus,0,0,2025-03-18T22:06:34Z,False
UgycWUZOsEZbYWU7YSh4AaABAg,@herupewe7760,😂😂😂😂😂,0,0,2025-03-10T06:50:50Z,False
UgxFAx5X1yjxHpM3YJV4AaABAg,@johancaksono6441,Amin sbar ia ms🙏,0,0,2025-03-05T18:51:04Z,False
Ugz85Y7DlAz8DhpeCm54AaABAg,@hengkylim1043,Maaf yaa klau slh percumaa lapor polisi,0,0,2025-03-05T04:46:24Z,False
UgyMWZKGmKdF2BuD1C54AaABAg,@wahyucame77,Terus skg gmn bang,0,0,2025-03-04T01:47:56Z,False
UgwVeiiqTw8kbgf4plF4AaABAg,@manwon-j9f,"salam sehat dari hongkong cah bagus,artinya pelajaran ini tidak ada di tempat kuliah anda,hehe kita perantau lebih memegang hal identitas is pribadi poll,sampai krp ples foto lagi,lain x tiahati",0,0,2025-02-27T09:28:47Z,False
UgyZQpF4E4x6Mya6LPp4AaABAg,@yuliati1521,Terima kasih informasinya 🙏,0,0,2025-02-23T05:27:04Z,False
UgzojDacSlz4dbcK9ct4AaABAg,@digospl4117,lu tolol,0,0,2025-02-22T05:13:43Z,False
Ugxa7h-AGIODMoKfOol4AaABAg,@hariwahyu9388,No nggak kenal langsung sy blokir.,0,0,2025-02-21T05:45:49Z,False
Ugymf4-53aemwDJowmZ4AaABAg,@suryati5866,Nampak. Ny.  Km  pintar.  Kok. Bs km d. Tipu   y.  Anggap. Sj.   Itu bersedekah,0,0,2025-02-18T17:51:23Z,False
UgxapvpOy1hgS9j_qK94AaABAg,@mazakogurih8429,90%orang Sumatera yg jadi penipu,0,0,2025-02-17T16:20:49Z,False
UgyBq3Ckwa3LJ29GoXh4AaABAg,@indrianto5456,Terus eksperimen buat konten fan pendidikan kaum 58,0,0,2025-02-17T10:26:20Z,False
UgwjQjsKgq5rt9nXLH14AaABAg,@eyangnaga4448,"Aneh aneh harusnya kamu minta cs bca buat blokir transfer...
Saya pernah ngalamin lansung minta blokir di blokir lansung",0,0,2025-02-17T09:40:32Z,False
Ugw6fAqWrndyfAAMxrJ4AaABAg,@NachyatiRatu,Polisi kok sikap duduk nya mleyot😂,0,0,2025-02-17T05:28:45Z,False
UgybmhHW_bCgr7o6_GZ4AaABAg,@ritasahara5592,"Dulu sy pernah di telpon sm oknum, ktnya dapat kiriman barang dari malaysia, sy di suruh ini itu dengan alasan ada barang terlarang, kemudian sy jawab tak punya kenalan atau saudara di malaysia, akhirnya teleponnya di putus oleh oknum tersebut..",0,0,2025-02-15T06:12:54Z,False
Ugy1Bp9F7K3pwjKZ8IJ4AaABAg,@yubasiahyubasiah4685,"Ah,jgn2 polisi beneran jd penipu",0,0,2025-02-11T22:35:46Z,False
UgzfrQxaw31kI0QNEsp4AaABAg,@magdiars,"Mas.. Mas, suara customer servicenya dah ky sopir angkot gitu kok ya manut wae.. ❤",0,0,2025-02-09T11:42:46Z,False
UgwSyuGiYMkqb5pcF694AaABAg,@evadevia-um2ul,Ini sama yg dialami suamiku... Tp bedanya dia ngaku² dari pajak... Awalnya suami percaya dan kaget bgt... Tp akhirnya suami ngotot dan diancam mau dilaporin polisi karena teman² suami byk juga polisi ... Seketika dimatikan telponnya,1,0,2025-02-07T03:58:04Z,False
UgzePX3dN1jCsX7ju5J4AaABAg,@Keke-Allone,"Polisi baju nya kaya gitu,itu mah Pramuka...wkwkwk..",0,0,2025-02-06T14:26:38Z,False
Ugyk7rYZ-5Yxby6WQ954AaABAg,@kalimilimi4872,Judul nya ke hipnotis,0,0,2025-02-03T13:59:04Z,False
Ugz0Bbl_pKRPPF1M5Tx4AaABAg,@VlogRealStory6090,18:58 - yg buat surat pengaduan nya kita bang...,0,0,2025-02-02T18:51:15Z,False
UgxM1hrJSIe__M6ucOx4AaABAg,@VlogRealStory6090,5:00 - jangan di tutup bang... apa kena sensor yutub ya ?,0,1,2025-02-02T18:35:18Z,False
UgxM1hrJSIe__M6ucOx4AaABAg.AE2fMsNJTf2AE2fl_E0M_8,@IqbalQoreshi,"Kena takedown youtube sebelumnya, jadinya mau gamau ditutup, tapi video selanjutnya udah saya upload yg no sensor",0,0,2025-02-02T18:38:49Z,True
UgwQXes472VAh6t_yGR4AaABAg,@DS_VO8-AL,"Masi itu polisi beneran itu hloo
Aku Gak akan pernah percaya

Alhamdulillah untung aku galak & jutek
Tiap ada yg omong otak atik duit aku bentak apalagi gak kenal
Ingat guys..
Mau polisi itu beneran mau gadungan  JANGAN PERNAH PERCAYA
uang segitu gaj akan pernah digubris polisi cuma terima laporan & dikumpulkan saja

Sabar ya mas Iqbal smg diganti rejeki yg lebih baik
& Diberikan ilmu penangkal penipuan 
Aamiin",0,0,2025-02-02T08:08:05Z,False
Ugxr6Fgonl9imiyxLCh4AaABAg,@syakurdavid4984,Bagus critamu pencerah untuk yang belum tahu modusnya..... Penipuan,0,0,2025-02-01T12:12:42Z,False
Ugwl-erc-ACSofzUtX14AaABAg,@ilyasmarpaung3162,Yg buat video ini buka ketololan sendiri,0,0,2025-01-30T16:23:59Z,False
UgzcOWJ0ztj7zKNRG8p4AaABAg,@ilyasmarpaung3162,Ngonten gk masuk akal blasssß,0,0,2025-01-30T16:09:19Z,False
UgySKzh8omO0LyfZcdh4AaABAg,@ratnarinaningsih,Untung cuma satu setengah juta gak nyampe puluhan juta atau ratusan juta.tp yg nmnya ketipu ya ngenes,0,0,2025-01-30T14:44:37Z,False
Ugw4DT8eGp33fNXl17d4AaABAg,@AdipatiMbelings,"Ini semua takkan terjadi klo dr awal kita sudah menghentikan tlpn tsb,
Intinya...penipuan itu smakin canggih & beragam, 
Bila blum jelas jgn turuti & lgsg blok no tsb....selesai",0,0,2025-01-29T22:44:45Z,False
UgxF5t9lmjM9SI0ygQl4AaABAg,@CamatAlfathir-mc4vu,"Salam sehat selalu Bang, iya s'moga ini jadi pembelajar untuk kita semua. 
Terimakasih informasinya.",0,0,2025-01-27T19:10:03Z,False
UgxvFEXLb1zN69eUVOZ4AaABAg,@eddywsrally,Gampang banget ditipu?? Heran saya😂,0,0,2025-01-27T14:25:30Z,False
Ugx1-L4f4UeAJNF3jT54AaABAg,@biardiamampuspenipubakarhi8345,Penipu bakar hidup 2 biar dia mampus,0,0,2025-01-25T00:00:06Z,False
Ugx1N4qJpGCOL8hVVXd4AaABAg,@suryati5866,Sy.selama. Sering. Lht. Konten.  Penipuan. Sy. Tdk mau. Klu. Msk. No tak. D. Kenal sy. Angkat. Sdh. Merajalelah. Penipuan. Yng. Sering. D lakukan. Orng. Penjarah.,0,0,2025-01-24T18:10:17Z,False
UgzC2-OGKk89Wkpkvkl4AaABAg,@sulinggabuk938,"𝙔𝙖 𝙞𝙩𝙪𝙡𝙖𝙝 𝙥𝙡𝙖𝙮𝙖𝙣𝙖𝙣 𝙗𝙪𝙢𝙣 𝙮𝙣𝙖𝙜𝙗𝙨𝙖𝙣𝙜𝙖𝙩 𝙗𝙖𝙜𝙪𝙨 𝙙𝙣𝙖 𝙗𝙖𝙞𝙠 𝙠𝙩𝙞𝙠𝙖 𝙖𝙙𝙖 𝙢𝙖𝙨𝙖𝙡𝙖𝙝 ,𝙡𝙚𝙢𝙥𝙖𝙧 𝙨𝙖𝙣𝙖 ,𝙡𝙚𝙢𝙥𝙖𝙧 𝙨𝙞𝙣𝙞 𝙖𝙥𝙖 𝙡𝙖𝙜𝙟 𝙙𝙞 𝙠𝙚𝙥𝙪𝙡𝙞𝙨𝙞𝙖𝙣.",0,0,2025-01-23T07:54:12Z,False
UgyQOLCBBe_9D3Qha4l4AaABAg,@agusprayitno1930,PaLSU bro😮😮😮,0,0,2025-01-23T06:51:17Z,False
Ugy0lqy5aMIXA8cskr54AaABAg,@agusprayitno1930,Modus anda berbohong😅😅😅,0,0,2025-01-23T06:50:12Z,False
UgzJ-cZnj1MBeubS7LJ4AaABAg,@agusprayitno1930,"Mas kelihatanya Keren dan Mahasiswa tapi Bodoh....terlalu Pede........
- Anda ke BCA .itu minta Cetak Rekening Koran. ( mahasiswa gemblung ).
- Sering seringlah berSodaqoh dan berDoa.
-Anda sampaikan.itu cuma modus ,kami gk percaya,ketemu.klo anda jago ngomong Nggedabrus",0,0,2025-01-23T06:49:37Z,False
UgzWMWJ0H-J3j2rezml4AaABAg,@raya9464,"asli, kadang antara nyalahin diri sendiri, ngerasa tolol, koq bisa..ya Alloh bener2 harus minta perlindungan Alloh",0,0,2025-01-23T02:29:43Z,False
UgyRwTsrysezeMTFSxF4AaABAg,@slamet7264,"Inilah indonesia, sdh kena tipu masih dipingpong, di odol odol ...!!!!
Lengkap adh ibarat sdh jatuh tertipa tangga kena tai...",0,0,2025-01-23T01:08:46Z,False
Ugzcoov7uVgZWoSfsSB4AaABAg,@SetyoHpnyakokdipegangterus-d9k,"TRIms sekedar info, pelapor dibuat down dulu  ya di kepolisian,  di Banknya  😢",0,0,2025-01-22T08:12:11Z,False
Ugwq7mrrrLKRGoYkq-54AaABAg,@yaniaskim636,"1,5 jt itu besar Mas
Trmksh sdh mmbri info yg sngt brarti
Hati² teman jgn mudah prcy
Saat ini bnyk org malas krj pengin pny uang bnyknutk senang²
Doa ku Mas nya dpt Berkat lain sebagai pengganti uang nya yg hilang
GBU",0,0,2025-01-22T02:28:38Z,False
UgzLbuoBBrkKiB4fZSl4AaABAg,@inadewi3118,Knp d sensorrrr...muak bgtt penipu..menghancurkan masa depan kluarga,0,0,2025-01-21T15:42:37Z,False
UgwVvsvcoe6UQ_TV8hR4AaABAg,@hudafulhan6534,Sabar bang gw juga pernah sekitar 3 thn yg lalu...sama 1.5jt trus saya buat laporan...dan sama kayak masnya...di oper2,0,0,2025-01-21T05:21:08Z,False
UgxXty6NxVP8Mf3KK4Z4AaABAg,@pardiyodiyo7498,Konoha emang ribettttt urusan beginian,0,0,2025-01-20T22:54:57Z,False
UgzG93bRHibX44hZ7gl4AaABAg,@sjamsubachtian2478,"sya pernah hampir ditipu dg cara spt ini, untungnya akal sehat masih bekerja, hey bang, klo mau cek aliran uang saya, lha kenapa sy harus transfer ? harusnya cukup cek aliran dana di perbankan atau dari PPAT ? polisi gadungan rerap memaksa dan mengancam akan memproses aku sbg tersangka, namun sy masih waras dan tetap menolak",0,0,2025-01-20T05:08:24Z,False
UgyD-Gg7W8gNR4pGUbB4AaABAg,@Taurus61-s6h,Lagi pula suara penipu ini sudah ga asing lagi si kalau aku bilang hampir semua yutube suaranya si penipu ini. Kenapa ga  ribuan..,0,0,2025-01-20T04:43:51Z,False
UgwylgvDwwnOWcyNrLl4AaABAg,@noobtradefx,"Pengalaman saya pernah buat cc lewat online di suatu bank, tp setelah cc nyampe rumah saya aktivasi selang 2 hari ada tlp ngakunya dari pihak bank bersangkutan dengan menyebut nama panjang saya dan itu bener dong kemudia nanyain ada kendala ttg cc atau tidak dan ujungnya mau memastikan dan suruh nyebutin exp date, cvv dan nomor kartu. Langsung saya semprot ""mau nipu lu ya?"" Kemudian malah kedenger suara radio 😂
Tp yg tlp pake nomor tlp (029) alias tlp kantor",0,0,2025-01-19T08:52:52Z,False
Ugy3F_6nR8q4CqyEDBZ4AaABAg,@SriWahyuningsihpml,"Aq pernah di telepon mas, sama juga katanya paket dari riau tpi karna aq ga psen apa"" Jadi wktu mw telp polisi buat laporan saya ga angkat",0,0,2025-01-19T07:20:23Z,False
Ugzj_k7RcYkYY_Du8t14AaABAg,@faisyalarif-vh9rx,Goblok bego luu...!!,1,0,2025-01-18T10:58:34Z,False
Ugy_bJI0AxI5Rvr8TmF4AaABAg,@gotham6747,"Emang bener sih klo laporan pencurian, kehilangan, dan penipuan ke kepolisian pasti kita korban yg ribet dan dipersusah dan harus merogoh biaya lagi 😩. 
Kapan kepolisian kinerjanya seperti yg di slogankan?",0,0,2025-01-16T06:21:57Z,False
UgyPu2SNmzMDRB2hSOl4AaABAg,@julio-ox4ly,ribet banget urusanya di Indonesia dilenpa2 kayak barang karena itu rakyat biasa males lapor,0,0,2025-01-15T17:40:42Z,False
UgzkOtYIW7NPIJe6c2x4AaABAg,@sitihawa9024,Modus penipuan😂😂,0,0,2025-01-15T06:46:32Z,False
UgzriHwYDgO0P9O9yPl4AaABAg,@SutiyonoTeguh,Ada hipnotis nya,0,0,2025-01-14T02:24:43Z,False
UgxGEv_OwGBKIoCoOih4AaABAg,@mulancristy735,"Kok bs muda pinter , mahasiswa kok nurit ja, plonga plongo gt, pinter ngomong doang otaknya  nol 😮😮",0,0,2025-01-13T10:03:19Z,False
Ugyf9H9ova9rRbq5AvV4AaABAg,@ridingdowntheroad,"ini yg bikin pelakunya cloning.
akan muncul pelaku2 lainnya, karena wajahnya disembunyikan.
memang susah, youtube nya yang melarang sih.",0,0,2025-01-12T04:20:46Z,False
UgzBxbvNmQUpUQVzZXB4AaABAg,@SonnyIchsany,"Semoga mas iqbal di berikan kesehatan, kesabaran,...dan ada gantinya dari Allah azza wa jala... Aamin",1,0,2025-01-11T15:36:42Z,False
UgwotQDqm9Bb0oJyYch4AaABAg,@BogelJM,"Di konoha jangan kan buang air saja pasti bayar tidak ada yg gratis jaga dirimu hanya kamu yg tau dan sellau istigfar dan zikir akan menjauhkan dari keburukan, polisi saat ini tidak bisa menjadi patokan untuk membantu mereka juga sebagian ada oknum sindikat beda hal di negara Jepang polisi netral dan bersih tifak ada pungli",0,0,2025-01-11T13:19:04Z,False
UgwpcagJJOgzkEZwBK14AaABAg,@retnoastuti5555,Makasih mas infonya penipuan  terbaru 👍,0,0,2025-01-11T03:12:15Z,False
Ugw3NvaVnVnU6rHEBoJ4AaABAg,@dksbaru0725,"Suara penelpon tdk meyakinkan , tutup aja langsung",0,0,2025-01-08T15:05:22Z,False
UgyilhVhOBKXIuTRxOd4AaABAg,@tommygunawan3468,waktu bicara sama penipu bbrp detik.kalian uda kena hipnotis.jd intinnya di telpon sama org gk di kenal lsg tutup aj telpon.,0,0,2025-01-07T05:49:20Z,False
UgyEk55Gp75dwBeXnfp4AaABAg,@ARAY99777,Nasa suara nya  tolong di ingat  biar tidak kena  tipu lagi,0,0,2025-01-06T13:52:11Z,False
Ugz8CXhwCJKmlS3hVmF4AaABAg,@Irkham-bb1pk,Hoax😂,0,0,2025-01-06T09:53:09Z,False
UgyyL9KcRR-0TrtANkV4AaABAg,@Irkham-bb1pk,Ini mah sbuah cerita dongeng😂,0,0,2025-01-06T09:52:14Z,False
UgyUdfSx-vTcacc0oP94AaABAg,@ArifinZA-e4g,"Turut prihatin ya & 
Kejadian ini mirip dg yg kami alami 3 minggu lalu dg proses yg relatif sama ;  disangkakan ; 
# data pribadu ka. I dipake oleh gembong narkoba & telah dikirim uang mrk ke rekening kami & dianggap sbg komplotan 
# sama, kmd ditlp & video call ( sayang ga sempat kami screenshot) wajah mrk yg pake seragam polisi, disuruh buat lapairan, tlp jarak jauh, diinterogasi jasa polisi (ngaku nya) dst,  
# ringkasnya, minta ditransfer ke rekening mrk & kmd tsk kami lakukan,  terus mrk tlp ber xx;  sadarkah kami
# alhamdulillah disadarkan Allah,  selamat
Semoga jangan ada lagi korban & waspada, penipuan dg cara baru",0,1,2025-01-05T16:06:51Z,False
UgyUdfSx-vTcacc0oP94AaABAg.ACvJ779QJGmAEs4JJLT1rJ,@herugunawan2060,Data ktpnya dimanfatkan tidak kak,0,0,2025-02-23T03:02:31Z,True
UgzMaqNrsKW9US02Y4t4AaABAg,@hendrybraja7053,Kenapa wajah yang mengaku polisi di blur,0,0,2025-01-05T12:25:12Z,False
Ugw4B2n-_hnuekfM1LZ4AaABAg,@MrYana1978,begooooooooooooooooooooooooooo,0,0,2025-01-04T18:56:47Z,False
UgwY27y_rXmvWnwx_QN4AaABAg,@barlikuswanto,Wajah pol kok di sensor 😅,0,0,2025-01-03T14:13:50Z,False
UgyXgtolGNuZKMGqtGx4AaABAg,@yohanatheresia2121,Ikut prihatin mas. Smg rejeki berlimpah. Dan sgl data mas aman semua,0,1,2025-01-02T13:18:34Z,False
UgyXgtolGNuZKMGqtGx4AaABAg.ACnHTr7A5goADceoisZW_B,@agusprayitno1930,Modus palsu,0,0,2025-01-23T06:51:01Z,True
UgwITkJgIL2AAImEzP54AaABAg,@penonton19,Di fb banyak penipuan bak sepeda listrik ataupun kiriman brg yg gk sesuwai,0,0,2025-01-01T22:52:46Z,False
UgxTwfsHvdy5FE05n2R4AaABAg,@BundaSania-q4x,"Pake baju polisi""a gede banget gak ngepas mas bro",1,0,2025-01-01T05:23:53Z,False
UgzJImfhPGc7CVzpKv94AaABAg,@thiaarnott88,"Iya, jadilah orang pandai😀 .. never Ever ever… ngangkat telp :jawab SMS..bila … tak kenal ..aduuuh itu kan masuk akal my friend",0,0,2025-01-01T00:01:42Z,False
UgxFpjdESt1yRIS6aLN4AaABAg,@OppoReno-x2k,"Polisi perwira pertama ko gada antribut nya, ga rapi .hrsnya mulai curiga..itu nipu",0,0,2024-12-31T17:12:04Z,False
UgygqR0LOapK3Pca5Sp4AaABAg,@nanikverawati970,"Untung mas saya tadi pagi ya di tlpn katanya dari pos paket barang yg blm di ambil  katanya  sempat si bajingan tanyak"" nama, no Hp untungnya aq bilang Hp saudara dari situ aq mulai curiga langsung sy tutup tlpnnya",0,0,2024-12-31T12:59:30Z,False
UgxvAu-VfbFsneklXx54AaABAg,@rizkaanggun4659,"Terimakasih sudah share bang. Barusan dapet telpon kaya gitu, saya bilang ""musnahkan aja paketnya mbak, saya males ngurusnya"" wkw",0,0,2024-12-31T05:23:25Z,False
Ugx2BLN1_1lM2L0TZyd4AaABAg,@anneaiko6717,Pasti kok logatnya batak ya ..😢😢😢,0,0,2024-12-31T02:03:42Z,False
Ugzepbc7kRSxAqq0J0V4AaABAg,@ivonneangelina5223,"Video yg membantu, tp lbh baik lagi tanpa kata2 kotor/binatang. Maaf sblmnya.",0,0,2024-12-31T01:14:41Z,False
UgyfD1m55BTQsXaL6tJ4AaABAg,@YosiantoPribadi-g6x,Lu sendiri yg tolol merasa pintar bnyk bacot. kl org yg lugu akan diabaikan tlpn penipu itu,0,0,2024-12-31T00:16:17Z,False
UgxVqciyTKv1C2WAoS94AaABAg,@hansalie5546,"Klu kerugian atau penipuan /pencurian dibawsh 2,5 juta tdk akan diproses lanjut bro.",0,0,2024-12-30T19:40:43Z,False
UgyZ_Vt54WMNM8Enan94AaABAg,@muhammadyusup9110,Tolol kalo Sampek ketipu,0,0,2024-12-30T16:12:18Z,False
UgzdKiXV4phyWFH_11x4AaABAg,@senneljalak,Kebodohanmu kamu cerita kan. Masak jadi orang bodoh gak malu.,0,0,2024-12-29T06:30:08Z,False
UgxSpV4x105-DuvuJTZ4AaABAg,@djohanmaapi78,"Banyak logo lembaga yg mereka pakai. Untuk meyakinkan calon yg di tipu.
Ini akibat PD sok ""pinter ngoceh, sisegala tahu ...
Jadi gak waspada....
Dan di gertak atau dirayu bisa ...bentar lagi yaa dipinjolin ..dong ..
Curiga waktu pindah kepolisi harus pencet sana sini..apa lagi transfer..itu yg harus tidak dilakukan..... Jangan pernah transaksi transfer kecuali kita yg lakukan karena kita sendiri yg transaksi...itu",0,0,2024-12-28T16:48:16Z,False
Ugzx2ZW_T_IPmbKTgWx4AaABAg,@bonurtobing523,Berarti juga mereka menghipnotis si mas. Jadi mau saja menuruti apa yang  mereka mau.,0,0,2024-12-28T01:34:17Z,False
UgzltfKVWRBoiF0lAp54AaABAg,@srichandrawati1044,Tangkap dong segera pak Pol.. sdh jelas wajahnya,0,0,2024-12-28T01:25:52Z,False
Ugxnbvkbs3_fBu0IYLl4AaABAg,@mocharif376,"Semua  MANUSIA. PASTI. PERNAH 
KENA.  TIPU.   
YANG.   PENTING . KITA.   HARUS 
MENJADI KAN.  SEBAGAI.  PELAJARAN.   BERHARGA. 
SAYA.   DULU.   PERNAH.  DI. 
   TIPU.   ASURANSI.
       ""   BUMI.  PUTERA  """,0,0,2024-12-28T00:59:51Z,False
UgwgzJ9ehpW1eoJ0EB54AaABAg,@inafanafa8040,Itu baju polisi sepertinya nggak jelasseperti nggak di kancingin😂😂😂,0,0,2024-12-25T10:23:15Z,False
Ugyfs_II6cPDPTomlhl4AaABAg,@MuhammadFahri-sn7jz,"Just sharing; hampir juga kena bang, modus baru dan hampir sama nyebutin nomor identitas polisinya juga mungkin satu sindikat VC juga dan sama pake baju polisi tapi latar hitam just info; bajunya sekarang makin mirip polisi daro video ini mengatakan ada yang memakai data kita dan sekarang ditangkap dan kita juga ada terindikasi dan akhirnya dia minta tangkap layar semua m-banking/ ovo, dll.. yang kita punya dan untuk rekan - rekan lain ujung nya suruh tf katanya ke ppatk tapi ada nama tokoh gitu kan yang seharusnya kalau memang benar ppatk aku masih punya rekap bukti nya. Kita juga dioper untuk telpon setelah VC tapi Alhamdulillah aku tidak sampai ketipu aku bilang juga mahasiswa penerima KIP K, dan aku jawab sejujur Nya gitu kan dan kebetulan  sudah capek mungkin ladenin dan  masuk Maghrib beliau rada ngegas dan disitu (penelpon over VC yg mengatakan dari ppatk yg stand by di kantor polisi) aku curiga this is penipuan. Fyi: mungkin KTP ku bocor gara² banyak daftar kegiatan/ event online gitu dan mungkin disitu ada peretasan hack data dan KTP ku kena sebab awal mula langsung telopon dari polres kabupaten ku. Pointnya: penipuan saat ini makin naudzubillah dan kita pun yang lumayan tau terkait literasi penipuan kadang bisa kena juga. So, selalu waspada dan salah satu tips jangan sungkan kalau ada waktu luang untuk update modus - modus baru tersebut dan sebarkan ke keluarga dan teman² kalian, oke!.",0,1,2024-12-24T13:07:06Z,False
Ugyfs_II6cPDPTomlhl4AaABAg.ACR503KS5SAACR6emykVfF,@MuhammadFahri-sn7jz,"Untuk get contact sempat juga periksa tapi donwload ketika telah kelar telpon sama para penipu tersebut sebab sudah tertekan bakal diamankan dan berurusan sama pihak polisi. Mirisnya nomor baru belum ada yang save terus profil WA VC juga pamflet banner polisi. Kena oktober kemarin gitu kalau gak salah, saya harap semua selalu waspada kalau perlu sebarkan info modus² baru ini sebab gunaiin polisi dan VC pakai seragam.",0,0,2024-12-24T13:21:32Z,True
UgyoOx3qALNFwq853Nd4AaABAg,@lisnalisnawati6955,"Laporkan polisi sama sj,, MALING TERIAK MALING 🤠🤡🤡🤡🤡🤡👹👺🤛🤛🤛⚖️",0,0,2024-12-22T23:43:19Z,False
UgwmfsaL9cDVRsq3q0h4AaABAg,@lisnalisnawati6955,Di GENDAM👿🤛🤛,0,0,2024-12-22T23:40:30Z,False
UgwMwWXBDrPvH6TiMQN4AaABAg,@lisnalisnawati6955,SATPAM,0,0,2024-12-22T23:32:15Z,False
Ugy0vfr8Ewe6FAA-z9l4AaABAg,@TitaCiptaningsih,"Nipu nya ampe berjilid jilid klo aq sih males nanggapin nya 
Tp sy berterimasih sekalu kpd kk yg udah berbagi ttng permasalahan penipuan dr pengalaman kk sy akan lebih hati hati dalam.bertindak atau pun menerima telpon yg gk su kenal karna sekarang penipu nya licik licik dan canggih ...",0,0,2024-12-21T10:01:49Z,False
UgzteYCEnRCbVRdhIS94AaABAg,@menieksawitri7994,"Sekarang modus macam"" ada dr BRI katany, terus selebara undian yg harus d isi datany, dll, penipu dn pengurusan laporanny ,ribet biaya juga,ya akhirny, lebih baik serahkan dn Pencipta, dn baca diri dng kekurangan kita.",1,0,2024-12-21T05:42:42Z,False
Ugz8IjhdKjD7RO8WRVh4AaABAg,@menieksawitri7994,Benar semua ada hikmahny.,1,0,2024-12-21T05:40:02Z,False
UgxhRG0Gh4j5MIMJbGd4AaABAg,@IdaSalvida-w9m,"mas, sama persis dg kejadian aku setelah aku liat videomu smp akhir.ya alloh brarti bnyk korban nihn",0,0,2024-12-20T07:02:19Z,False
UgxQVCW4jFi6ko8fmzV4AaABAg,@IdaSalvida-w9m,"sama nih.sy jg pernah kena yg gini. 2jt melayang.

sama persis. kyknya aku dihipnotis krn aku dsrh trf nurut aj, gk boleh ngomong sm orang lain. ah sialan bgt tuh polisi gadungn",0,0,2024-12-20T06:48:20Z,False
UgyeNT-yfBnxRaQFv5B4AaABAg,@capibara-u7m,Tolol berarti gak merasa ada paket kog bingung,0,0,2024-12-16T12:45:25Z,False
Ugwt2dAHkuL91J0_fmB4AaABAg,@bachtiarputra9109,"Dr awal kenapa di ladenin,, bnyakkkk penipu2 cari cara2 terbaru,,,",0,0,2024-12-15T07:00:39Z,False
UgzOwiJumg5T8Ewqk-t4AaABAg,@JunaEdi-n4q,Gila tindak kejahatan makin canggih di Indonesia,0,0,2024-12-06T03:01:27Z,False
Ugx78vFZH1q1HhGC0fN4AaABAg,@irhany-m1w,Saya udah ketipu bang baru baru ini. Modus penipuan jual motor 5 juta. Aku di kuras 28 juta.,1,1,2024-12-03T21:40:48Z,False
Ugx78vFZH1q1HhGC0fN4AaABAg.ABaw66F-Bu0ABb7UBiY_9_,@IqbalQoreshi,"Turut berduka, semoga dapet ganti yang lebih besar bang",0,0,2024-12-03T23:28:57Z,True
UgxgqYxFqPfHCk_Sd3R4AaABAg,@sahruldarmawan2134,"Seharusnya kalo bisa buat keamanan di Indonesia tuh harus bisa menyelesaikan kasus"" penipuan seperti ini langsung di cek di lacak lokasi si penelpon..karna sering terjadi kena tipu orang"" kecil dari masyarakat yg kurang mengetahui tentang soal penipuan seperti ini...",1,0,2024-11-25T20:13:51Z,False
Ugx1rhvz6GbES5-p6TV4AaABAg,@wahyutriwibowo8411,Nah baru aja tadi heh untung cek YouTube dulu,1,0,2024-11-25T05:18:15Z,False
Ugw0mFMXxKoJ7Dh5QS14AaABAg,@BoykopyKopy-ms4bu,pekok loe mas,0,0,2024-11-20T22:21:32Z,False
UgyUqm-AwjbvTz5ocul4AaABAg,@BoykopyKopy-ms4bu,gobloknya ni orang ini ngapain tranfer 2 orang gk kenal,0,0,2024-11-20T22:18:45Z,False
UgwJBJYUznHtbDMl1rl4AaABAg,@pornas_pupuk_teknonano_jepang,"Mantaaaafff Mas…!!!
Semoga yg lain gak ketipu lagi…!!!
Waspada… adalah hal terpenting…!!!",0,0,2024-11-20T12:41:22Z,False
Ugx5JN6TPyaE64x-XoF4AaABAg,@irfanfauji749,"Bang serius lu,, sama bang modusnya, , bedanya kalo gua katanya terlibat pencucian uang,, yang herannya dia tau nomor NIK gua sedangkan gua ga pernah kasih tau ke siapapun,, tapi pas si polisi minta nomor rekening langsung gua tutup,, gua langsung lari ke atm ubah PIN rekening gua karena dia udah tau NIK sama nama gua + wajah gua..",1,0,2024-11-17T14:24:35Z,False
Ugw4EOkA9cXHaTdVT9t4AaABAg,@jimmysaragih7741,Apa hub skill komunikasi sama inteligensi seseorang? Ketipu ya ketipu aja. Ngobrol Berjam2 masih belum tune in juga kalau udh kena tipu wkwkkw,2,1,2024-11-17T05:54:46Z,False
Ugw4EOkA9cXHaTdVT9t4AaABAg.AAw278i_VSAAV-tGIh0k1d,@BreakTheMatrix87,"Jangan seneng dulu. Kau belum ngalamin, jadi gampang banget bilang gitu. Ga usah menyudutkan orang. Emang dengan menyudutkan orang rezekimu jadi nambah?? engga, cuyy, justru sebaliknya. Inget tabur tuai.",0,0,2026-03-31T05:32:43Z,True
UgwXweCqMqg849UcwN94AaABAg,@santriamatir6344,Ya Allah sama banget dgn kejadiannya sama aku. Alhamdulillah aku msh dilindungi Allah 🤲,0,0,2024-11-16T04:35:43Z,False
Ugy6BTQy6cUvfIBOjs14AaABAg,@lasmanaputrapandega2640,"SMA kak saya kemarin hampir ketipu dengan yang hampir sama dengan modus ini untung saya sadar kalo pas video call gerakan bibir polisi nya gak singkron sama suara yang diucapkan,

Alhamdulillah hampir saja saya teransper ke orang itu malah saya di minta 2,5 jt",1,0,2024-11-14T18:37:52Z,False
UgwiKC9F-t-TUmrUrHF4AaABAg,@julianingsih6986,"Aku juga pernah kena cuman dari bpjs ,,dan sudah ngasih nik dn indentitas lain ,, dan untungnua aku ga punya saldo di atm ,, intinya jgn nyimpen saldo bnyak2",1,0,2024-11-14T09:08:13Z,False
UgyQw05aWTKwEeciKhB4AaABAg,@KhoAwan,Ini benar” kasus yang saya sedang alami bang gmna ya solusinya,0,0,2024-11-13T09:58:44Z,False
UgwJ2wPSbvr2CTUFxYx4AaABAg,@KhoAwan,"Ini kasus ku yang sedang alami bang saya harus gmna ya ,data ku bocor",0,0,2024-11-13T09:57:41Z,False
Ugy-Na6_wMpinoIlewZ4AaABAg,@imanrifai710,"Ending nya percuma kan bg lapor polisi 😂😂
Gak membuat semua nya seperti harapan 🤣🤣🤣",1,2,2024-11-07T05:36:53Z,False
Ugy-Na6_wMpinoIlewZ4AaABAg.AAXG7Oay9JbAAXGSg8wf--,@IqbalQoreshi,Mau bilang salah tapi bener,0,0,2024-11-07T05:39:47Z,True
Ugy-Na6_wMpinoIlewZ4AaABAg.AAXG7Oay9JbAAXHbGGC5yP,@imanrifai710,"@IqbalQoreshi  yg sabar ya bg, mereka itu hanya oknum 😅😅",0,0,2024-11-07T05:49:50Z,True
UgwOpWlTNIhapstx9Th4AaABAg,@HeMan-ol5nr,"SAYA YAKIN POLISI TIDAK AKAN BISA MENANGKAP PELAKU PENIPUAN , KARENA HAL INI PERNAH MENIMPA SAYA DAN POLISI TIDAK BISA MENANGKAP DAN MENGUNGKAP PARA PELAKU PENIPUAN , RUSAK BERAT NEGARA INI",2,1,2024-11-04T14:24:23Z,False
UgwOpWlTNIhapstx9Th4AaABAg.AAQU6HVaH9AAEbDW76fSf1,@pinasthika2890,"Setuju bgt,tp ini sangat merugikan orang banyak sekali...
Gpp didunia dia bisa senang tp balasnya diakhirat",0,0,2025-02-16T13:55:49Z,True
UgyxNmooj32LDrwI8ol4AaABAg,@mooringland2646,Kaya gw barusan bang.. video call kayanya dia mau foto gw.. nanya² app shoppee Dana atm bank.. cuma mang AtM nya kosong cuma takut aja di salah gunakan.. cumanya gw td gak sempat screenshot polisinya,1,0,2024-11-03T12:59:49Z,False
UgwNsx3gs7nocED0dOJ4AaABAg,@ciakyaaa,"kalau boleh tau, ada ga ya nomor putusan pengadilan yang ada di direktori putusan MA, untuk menjadi bahan saya menganalisa tugas..",1,1,2024-10-30T06:27:33Z,False
UgwNsx3gs7nocED0dOJ4AaABAg.AACkZW70qQiAACkswDM5l7,@IqbalQoreshi,Gaada kak,0,0,2024-10-30T06:30:21Z,True
Ugw6QdeAeilt3OQoX1x4AaABAg,@IdaSusanti-th4gj,"Sama persis kak,kmren juga aq gitu bahkan saya tf smpe 30jutaan tp allah maha baik,transaksi nya gagal dan kburu tlp nya d matiin krna ada ortu datang. tp ktp ku udah bocor....smoga ga d salah gunakan",0,0,2024-10-25T01:25:51Z,False
UgyU-zWzc2PutrQ8YhR4AaABAg,@m.afdhalfauzi8120,"Mirip dan persis bet kasus nya sama gua bg, bedanya gua gak video call, cuma ngirim foto ktp tanpa wajah, dan no rek, trus dia mintak daftar mutasi rekening, dan pada saat itu saldo gua tinggal 30k , setelah itu dia kagak ada minta alihkan saldo gua, mungkin karena saldo gua sekarat kali ya, tapi ya itu, foto ktp gua dh terlanjur terkirim walau tanpa wajah",0,0,2024-10-22T19:37:01Z,False
Ugw0SmAY-Rqu4yvGLjl4AaABAg,@danshohan1,"Hindarii penipuan jgn di layani bila perlu ketika mencurigakan blokir, karna mereka penipu juga semakin canggih alat dan cara nya kita jgn gugup dan kalut ketika sedang berhadapan dgn penipu tetap tenang selama kita tidak tanda tangan atau apapun jangan perdulikan bila mengancam laporkan polisi
Semoga mereka yang menipu sial 7 turunan dunia akhirat
Dan semoga kita yg tertipu diganti berpuluh-puluh kali lipat rejeki nya
Amin Ya Allah❤💖",0,0,2024-10-15T15:50:29Z,False
UgzPl5jyi-Bujy8baDl4AaABAg,@keluargaazzam3918,"suara si penipu , hampir sama semua.. sindikat",0,0,2024-10-10T22:52:16Z,False
UgwFUPeo-PKMFVI3qn94AaABAg,@Muklisin-x3u,Saya juga hampir kena bang. Modus awal bpjs non aktif.. trus katanya ada yg menyalah gunakan untuk mengambil obat2n terlarang. Setelah itu disuruh urs sendiri ke porles bandung. Karna ga bisa jadi di sambung ke telpn di minta kyk abang gini.. untung wifi di rumah eror . Trus di suruh beli paket data.untuk melanjutkan laporan. Untung saya curiga karna si polisi ngebet banget2 terus. Langsung liat YT.,0,0,2024-10-07T14:54:58Z,False
UgzCapztFASA64DQWLx4AaABAg,@Indrabagoes,"Tapi mudah2an, akun youtube-nya jd lebih moncer mas",0,0,2024-10-05T01:59:53Z,False
UgxtzjuxJa4zBEOUisl4AaABAg,@Indrabagoes,"Yg ajaib saat polisinya suruh transfer 1.5jt ke rekening a/n Yudi untuk dicek apakah ada keterkaitannya dgn geng kriminal kok bs percaya bgitu saja, kan aneh bin lugu.. duit ditransfer utk melihat duit itu bersih atau tidak.. ini penipunya yg pinter atau yg  ditipu  jd lugu bin begok krn sdh stress duluan❤",0,0,2024-10-05T01:58:26Z,False
UgwAt-antRDlo9Gpqjh4AaABAg,@AyamAja-w3r,"Biasanya yg di pakai video call itu korban tau, klo penipu langsung kaya nya gak berani",0,0,2024-10-01T20:44:57Z,False
UgwdezQunwa1bu17gxp4AaABAg,@AyuHana-r1h,SDH keliatan mas dr bajux aja mencerminkan bukan polisi asli,0,0,2024-09-28T08:27:12Z,False
Ugxxim2iC2viig5ohIJ4AaABAg,@SimpangpsrSimpang3,"Sama dengan aku bg, tapi aku ketipu sepeda motor FB,katanya kerja sama dengan komplotan di kluarkn surat tahanan.",0,0,2024-09-26T16:18:44Z,False
Ugxf6_KPC4wyUZFFDZB4AaABAg,@PADASjogja,"Sangat lucu juga, mana ada kepolisian membuka persidangan, kok begitu mudahnya sidang. Hati hati banyak ya modus penipuan ngaku ngaku polisi. Pelapor harus datang ke kantor polisi terdekat jgn pernah percaya modis modus ngaku polisi. Waspadalah penipuan. Polisi tidak menggunakan nomor hp tertutup ada 110 bebas pulsa.",0,0,2024-09-25T12:10:20Z,False
Ugyynqr3v8FtO_S5qLl4AaABAg,@hajjahsamiahmiah3367,Semoga penipu nya cepat ke tangkap,0,0,2024-09-19T23:48:21Z,False
UgwPNiVfYsruBFtwdpN4AaABAg,@panjibali9451,"iya harusnya gitu alurnya , yang transfer harus laporan sesuai dengan bank nya . brrti pegawai bank bca nya gak tau prosedur , ato ga mau tau",0,0,2024-09-15T08:18:46Z,False
UgwdJXsuovC-IRAllkJ4AaABAg,@Tamagochi13,"Izin bertanya kalo misalkan pembeli modus topup emoney, lalu dia melapor ke polisi atas tindakan pencemaran nama baik karna cctv yang kita viralkan, apakah kita yg memviralkan bisa dipidana?
Mengingat kita tidak dirugikan karna tidak terkena tipu muslihatnya, karna untuk kepentikan publik jg agar smua tau orang itu tukang tipu, mohon tanggapannya..",0,1,2024-09-11T19:51:18Z,False
UgwdJXsuovC-IRAllkJ4AaABAg.A8G0aV8YsZwA8GK4xpagft,@IqbalQoreshi,"Bisa iya bisa engga, karna UU ITE sekarang agak ngeri, siapapun bisa melapor dan bisa di proses, makanya banyak video di instagram yang kadang wajahnya di blur padahal itu pelaku",0,0,2024-09-11T22:41:38Z,True
Ugz-Vb9WltrZ0K1h8Ml4AaABAg,@hanafibali6652,Bagaimana cara merekam/record panggil video call... (?)... 🙏🙏🙏,0,0,2024-09-11T16:21:04Z,False
UgxFfHjPMtl2UyIe1B54AaABAg,@AdulganiGani,Nama  nya jg kerjaan penipu..cara dan skenario sudah di pelajari ... Sblm ngangkat tlp dr penipu... pikiran harus sadar bc doa ..bismilah bgi umat muslim ..lalu. Yg bukan penting.. TDK ada urusan apa BKN  klrga...LBH baik matikkn tlp .nya,0,0,2024-09-10T16:02:02Z,False
UgylkDvHFg9oswdi3nd4AaABAg,@SamsudinSamsudin-x9o,"Itu karena kamu bodoh mas,",0,0,2024-09-07T06:20:48Z,False
Ugwi_GGythBBLyidFmt4AaABAg,@herlansuherlan5946,"Satu kata orang yang ketipu ""bodoh""",0,0,2024-09-06T13:57:18Z,False
UgwZzbmX0-M3suIxkox4AaABAg,@Pr90zdan12,"Cara aman bang, selalu kroscek dari resminya,  kalopun memgaku daru polisi, intansi, bank, pinjol dll, minta nip prgawainya, alamatnya dr mana,  minta nunjukiin,  kepolisian mana. Jdi dibalik permintaanya , krn mrk yg butuh. Kalo gk mau FIX penipuan. Kalopun mrk ngeyel, Minta tunggu waktu . Baru anda menghubungi instansi resmi terdekat. Bener apa penipuan. Itu termudah",1,0,2024-09-03T13:12:20Z,False
UgzYdDzweDmcwIsfgw54AaABAg,@RakhaPratama-21,Tapi saya dari Sumatra Utara,0,0,2024-09-03T12:09:54Z,False
UgxkvAKam1X2oEO8yKJ4AaABAg,@RakhaPratama-21,Makasih bang,0,0,2024-09-03T11:36:10Z,False
UgzRU5KV6pVi8noh8PV4AaABAg,@RakhaPratama-21,Hahahahaha tadi ibu saya di telpon,0,0,2024-09-03T11:35:09Z,False
UgwBDivIf3oQB3Yw9IV4AaABAg,@Sety-cr2nu,Makasih atas postinganyl semoga Allah selalu melindungi kita dimnp berada,0,0,2024-09-03T08:16:03Z,False
UgxekaI-K7le1xujTlt4AaABAg,@arturoroma2707,Sebetulnya ini bukan video pembelajaran tapi video BAGAIMANA TUTORIAL UNTUK MENJADI ORANG GOBLOK....sejak awal aku aja gemetar liat KEGOBLOKAN DIA meladeni sesuatu yang ABSURD udah jelas dia nggak sedang menunggu paket apa2 pake acara penasaran kok bisa dapat paket pikirnya ??!!! Begitulah kalo SDM RENDAH!!! ...maaf kalau saya menghujat tapi kenyataan kok ini .... BODOH DAN TOLOL !!!!,0,0,2024-08-31T02:31:27Z,False
UgzbUM0i4FNTnCX3q_14AaABAg,@MujiRahayu-zl1tx,Sampeyan itu kena hipnotis Mas Iqbal. .,0,0,2024-08-31T01:47:43Z,False
Ugz-b44OjY0-U0QTwW14AaABAg,@mariasilvia9953,"aku juga kemaren ketipu bukti transfer palsu , emang enek banget nyalahin diri sendiri berasa bodoh aja dan jengkel , ini modus penipu di video mas ini beneran niat pake seragam polisi wkwkwk, btw kemaren sy sempet lapor polisi juga tp nihil",0,0,2024-08-30T09:28:42Z,False
UgzmFgqKUf3pV5piqlV4AaABAg,@bennywongsodiputra5487,"Makasi mas mau crita ya ada yg orang ketipu tapi gak mau share ke orang lain
Tetap semangatttttt😂❤",0,0,2024-08-28T09:51:35Z,False
UgxqUIV3nn-KrWgYrBB4AaABAg,@bennywongsodiputra5487,"Pasti capekkkk bingit ngurus ini itu habis uang habis tenaga stress dan tetatp gak ada hasilnya ya bro
Aku kena tipu di fb 9.2juta
Tapi gak ngurus ke polisi capek  dehhhhh",0,0,2024-08-28T09:49:52Z,False
UgyMI9P_HWOtRXNlul54AaABAg,@DavidAvalon-y9d,Goblg...,0,0,2024-08-26T15:45:25Z,False
UgyF0eIWsww7McMLRAd4AaABAg,@kodel7384,Korbannya logatnya ky orang jawa,0,0,2024-08-26T14:24:45Z,False
UgwkklVuDK5unjFbMst4AaABAg,@haerulloh,kemaren istri saya terkena penipu waktu malem2 ngakunya dari polisi yg seolah pertama2 istri saya dm duluan lewat mesenger padahal kata istri dia duluan yg ngechat istei saya dan bercerita panjang lebar..dan mengancam telah menggoda si polisi tersebut...😂😂😂😂😂,0,0,2024-08-24T19:33:41Z,False
Ugx5KeffZ3rvhlZerkJ4AaABAg,@xenaklho4308,"Suara penipu itu kok selalu seperti itu ya ? Intonasi dan nada bicara beserta logatnya khas banget. Jadi kalo kawan2 dengar suara seperti itu, langsung saja harus waspada, dan bila perlu langsung matikan (blokir).  Daripada malah terkena jebakan bad man, terhipnotis dll, lebih baik amankan diri sejak dini.",3,2,2024-08-23T23:59:31Z,False
Ugx5KeffZ3rvhlZerkJ4AaABAg.A7VXtmVUTxAAEe3_W5BkdM,@mazakogurih8429,Logatnya kaya orang daerah Sumatera,0,0,2025-02-17T16:26:46Z,True
Ugx5KeffZ3rvhlZerkJ4AaABAg.A7VXtmVUTxAAV-t30n7BSC,@BreakTheMatrix87,"​@mazakogurih8429sumatera selatan. Kalo dapet telpon kayak gitu, langsung aja nyebut ""KAMPANG!"" yang kenceng",0,0,2026-03-31T05:30:54Z,True
UgxVBss8leSe4uEReLx4AaABAg,@sulpolpoke2767,Saya kena juga cuma gak takut kehilangan uang yg sy takut data pribadi saya,0,0,2024-08-23T11:04:43Z,False
UgwOho_WHT6JEv8w8q94AaABAg,@sulpolpoke2767,"Anjir saya kena 1,9jt 
Ceritanya sama tapi beda versi",0,0,2024-08-23T11:01:48Z,False
Ugw830e0l4LvcShhPOd4AaABAg,@SumariyahSorong-gx2dx,Bodok. Tdk usah. Diurusin. No,0,0,2024-08-20T13:19:06Z,False
UgxYucb5JfY5YW9-iOB4AaABAg,@asrullana5814,Barusan kena.. Saya sudah panik ajh saya NIK ktp saya d kirim smpai vc,0,0,2024-08-13T11:57:10Z,False
UgzE40_ZWOGeGTAskRR4AaABAg,@pinkpurple3077,Sebenarnya mah kita itu di permainkan secara psikologi aja sih sampe gak bisa berpikir jernih aku juga pernah ketipu sales mall sempat ilang ratusan ribu sebenarnya aku sadar ada yg gak beres tapi saat itu aku gak berdaya psikologis ku di permainkan setelah selesai baru bisa mikir jernih beruntung kaka temen ku lawyer jadi dia bantu ancam tuh sales penipu dengan pasal walhasil uangku kembali tapi di tahan 50 ribu gak papa buat pengalaman. Sejak saat itu kalau ke mall aku langsung kabur kalau ada sales yg pegang brosur dan mau nargetin kita.,0,0,2024-08-12T23:38:23Z,False
Ugzoxo371mB3s2y4Pbh4AaABAg,@pinkpurple3077,"Wow baru tau ada modus penipuan seniat ini thankyou ya udah sharing untung masih sekitar 1,5 juta aja ya yg ilang gak papa bisa dicari lagi yg penting udah ada pengalaman dan insyaallah gak akan terulang lagi ya mas.",1,0,2024-08-12T23:29:31Z,False
UgxN4zdXbxoTuwKaoH94AaABAg,@ariefbagas3851,Podo persis mas...sama dah cpek2 nyatat trus d smbungkan polisi...cm wktu minta video call ta matiin.soale aq sendri gk bgitu hafal alasan yg ku tulis kok polisi bs tau paket tdk ada pengesahan...,0,0,2024-08-12T08:00:12Z,False
UgxZysXBTkspTG04Q0Z4AaABAg,@iissetiawati8484,Suara di telp familiar yg suka menipu via telp😂,0,0,2024-08-11T03:31:08Z,False
UgxFSRj9K7rkWHAovCt4AaABAg,@wahjudisinyo183,akibat GRAGAS,0,0,2024-08-09T04:15:53Z,False
Ugx6wdI3TebHXRkG9vR4AaABAg,@agus8909,"Pintu masuknya ialah..kondisi kita sdg lelah dan banyak pikira n..sehingga kita ga sempat berpikir kritis...spt dr kantor pos ke polisi....lalukita ga ada hubungan apa2 dgn riau...no polisi kyk gitu bisa siapa saja
Lalu..ngecek atau ngamankan uang dgn cara ditransfer ke no rek orang...ya aneh...kan mending di transfer ke rek orang tua kita...",0,0,2024-08-09T00:49:08Z,False
UgxODLDxfrmHTpwxh614AaABAg,@adikola-mb3on,Lu kliatan pinter tp kok begok si bang???rugi besar orang tua nyekolihin lu sampe kuliah🤦,0,0,2024-08-08T09:33:22Z,False
UgwYen0qO82xBzIHuK54AaABAg,@sitinurkotimah3878,Eh kasusnya sama kaya aku mas yaAllah😢 untungnya tapi aku blm sampe kek gitu,0,0,2024-08-07T07:29:50Z,False
UgxBML9cjwY9LD0upWt4AaABAg,@SalihSalih-zb2xd,Pke true caller aman dr dc & penipu.,0,0,2024-08-03T15:24:28Z,False
UgxJPFZvPO_IeHTKgFt4AaABAg,@donnieperdanawati9364,"Mas , itu suara penipu legend.",0,0,2024-08-03T01:49:50Z,False
UgxcK0IE2UWS1MVGeCR4AaABAg,@Crowd-nu2fl,"Kebanyakan yg ketipu itu gen baby boomers, tapi kalo yg ketipu itu milenial dan gen Z fix lu gen bebek terdungu di 2024😂😂😂",0,0,2024-08-01T02:25:53Z,False
UgxGhNIW6cCOadu0mFB4AaABAg,@rizkygrabonline8656,Semoga tuhan yg mengebalikan berlipat2 mas dan tuhan tau orang yg maling itu segera tertangkap tuhan yg nangkap imanya dan bertobat,0,0,2024-07-31T12:22:44Z,False
UgzPinvRP4j2k0_RzN94AaABAg,@rizkygrabonline8656,Ada juga penipuan suruh nabung 100ribu dah nabung suruh nambah di iming2 uwang ada dah mejadi berbunga pesat suruh nambah lagi ujung2nya gakbisa diamil dari ATm petama bisa kedua bisa giliraran nabung banya hapir 20 juta dihungi gak bisa diambil atm gakbisa ketipu iming2 di yutup,0,0,2024-07-31T12:18:59Z,False
UgzaNSuyivK-oXsJM2B4AaABAg,@BJDkei,Makasi Uda share pengalamannya.,0,0,2024-07-31T10:58:44Z,False
UgyzpGl9aQWouFkycyh4AaABAg,@serojam,Mmng suara penipu itu..sy jg pernah k tepu...,0,0,2024-07-31T07:08:01Z,False
Ugx_RlZubAxRhf3BzNR4AaABAg,@Ayuendra12,Saya juga tertipu kemarin 12.600 juta,0,0,2024-07-31T03:24:21Z,False
UgwsLmH1WpHe-TuK_SF4AaABAg,@yann_bryan,Emang gila sihh oknum ide2 nya buat nipu calon korbannya....,0,0,2024-07-29T16:57:24Z,False
UgytZxtSu59agO1kPcZ4AaABAg,@hedwigjoan3128,YG TERIMA TELFON TOLOL !!,0,0,2024-07-29T09:36:31Z,False
Ugz8wekYBJv0VcGF2xt4AaABAg,@hedwigjoan3128,SUARA PENIPU2 ITU PERHATIKAN ITU SUARANY ORANG BATAK !!,0,0,2024-07-29T09:35:49Z,False
UgxPbFT7vAn0Z5QvyYt4AaABAg,@AH-wt2op,"logika aja sih, mana ada yg namanya ngecek dana 😂 secara digital, kalo mau ngecek ya tinggal liat riwayat transaksi, kecuali CASH mungkin seri ny bisa di lacak dan butuh pengecekan",0,0,2024-07-28T19:31:29Z,False
UgzDswZuk1HulSpoR494AaABAg,@sandymaulana5280,Siapapun orngnya pasti bs kena tipuh mw orng kuliah mw orng Piter ttep bs kena tipuh..dengan hnya tipu daya...dasar inti ya ad von yg tidak di kenal jngn djwb...baru tidak bs ketipu,0,0,2024-07-28T14:10:56Z,False
UgwJ229v9TVzWPzwDaZ4AaABAg,@12.khoirulumam70,"Yg paling aman jangan lapor polisi, percuma, ruwet polisi indonesia",0,0,2024-07-28T12:51:16Z,False
Ugwl_uki8Aqi5g51tbN4AaABAg,@bayuxmanz5560,"Satu hal yg pasti bng ...
Pertahankan pcarmu bng.😂😂",0,0,2024-07-28T07:09:20Z,False
Ugwjp18Kh6IBdh9Z3wR4AaABAg,@azmikirani9916,logatnya sdh khas....gua kalo sdh dengar suara kaya gitu waktu di telpon.....langsung dimatikan.,0,0,2024-07-28T06:33:46Z,False
UgwF_FOlL4tu0CsPXs14AaABAg,@ernawati.muntungmuntung6576,"Ada juga modusnya telp dari Telkom, saya pernah nonton you tubenya. Canggih penipu sekarang jadi kita hrs hati2 kl msk no telp ngak dikenal sebaiknya ngak usah diangkat aja spy jgn kena tipu.",0,0,2024-07-28T05:29:10Z,False
Ugz7hDVX0ssu856AC1p4AaABAg,@AlFarabiTVnet,Viralkan... sebarkan..,1,0,2024-07-27T03:23:13Z,False
UgwSE8puEqUkKgw1sZB4AaABAg,@SriRejeki-f1s,Sy juga pernah hampir kena tipu untung rumah sy dekat atm jadi bisa lngs cek saldo tidak + jadi sy tidak kena penipuan dg modus psn barang lngs byr lwt trf dg struk palsu uang minta di kembalikan lwt trf karna jumlh barang yg di psn dikurangi tapi untuk trf pengembalian uang dg ats nm lain sy di tlfn terus suruh cpt trf uang kelebihan nya sy cek gak +saldo sy sy di tlf lagi sy jwb apa yg mau sy trf pak kl saldo sy masih kosong gak ada dana masuk trus di tutup tlfn nya sy bersyukur gak jadi kena tipu ❤❤❤,0,0,2024-07-26T06:00:21Z,False
Ugz3zwTfH7NV8LXIgsx4AaABAg,@benibeni7132,"Sy ditelpon berkali kali penipu tp tdk pernah sy angkat krn anak sy tau dia penipu diantaranya 4 digit dr bbrp no telpon tsb berurutan dan banyak lg yg bs didentifikasi
Hati2 sekarang terlalu bangsat berbagai modus bahkan di institusi resmi disana banyak gerobolan bangsat",0,0,2024-07-25T13:27:56Z,False
UgyfLGlLh9e83dbBxsR4AaABAg,@santinilasari4700,sepertinya skr dia beraksi lagi terus terusan ditelpon no hp a dikenal ga pernah kuangkat.....karena sekarang mereka tambah canggih pakai mesin suara segala...benar JGN ANGKAT NO HP TAK DIKENAL krn biasanya mereka bisa berperan apa saja.... be careful krn mereka makin canggih.,0,0,2024-07-25T07:54:12Z,False
UgweEhMWMI5OKdarOjt4AaABAg,@mahadhewysubargowo4074,"SAMA PERSIS dengan yg sya alami. Pagi2 jam 8.30 ditlp pas diangkat suara operator kasih info klo nomer sya akan diblokir pas sya tanya alasannya knpa ktanya ada 2 nomer yg sama ada yg pke data pribadi sya utk mendaftar no.tlp rumah dgn tunggakan 2jt lalu sya diarahkan utk membuat laporan dikepolisian tulis dikertas dan disambungkan kepihak polisi dan disuruh Videocall melalui telegram bener2 sperti reall polisi pke seragam. ujungnya sya malah dituduh bekerjasama dgn mavia money laundry. Lalu dimintai keterangan sya sebutkan NAMA LENGKAP NIK KTP ALAMAT TGL LAHIR. disuruh tunjukan saldo ATM Uang cash dan emas yg sya punya. Lalu polisinya bilang klo sya dibuatkan surat penangkapan dan surat pembekuan aset seketika sya nangis. Dan polisinya bilang jika sya koperatif maka surat penangkapan tidak akan dilayangkan dgn memberi jaminan uang 20jt yg nanti akan dikembalikan stelah 1 jam sya makin nangis kejer. Sya bilang duit dari mana sebanyak itu sya gak punya lalu polisi itu bilang diberi keringanan 3jt dan sya bilang duit 3jt juga gak ada. Lalu karna polisi gadungan itu tau diATM sya ada saldo 1jt dia bilang TF dulu yg ada sisanya nanti sore. Makin nangis kejer sya bilang duit tinggal segitu gak mau tf sembarangan sya harus diskusi dulu sama kluarga. Dan dia melarang sya utk laporan dgn kluarga dgn alasan karna kasus rahasia. Polisinya kesal karna sya gak mau tf sbelum diskusi dgn kluarga. Makin lama polisinya maksa tf klo tidak dia mengancam surat penangkapan akan dilayangkan sya makin nangis kejer sejadi jadinya dan akhirnya tlpnya ditutup sma mreka. Uang sya aman tapi data KTP sya sudah dicuri.
Capek bgt selesai jam 1 siang dari pagi bener2 buang waktu",0,0,2024-07-24T18:40:57Z,False
Ugxb4EF4jlM1wDawfyV4AaABAg,@MyJourneyLife21,"Saya pun mangalami tipuan dengan versi transaksi barang. Penipu dg mngawali sebagai kawan lama....nanya kabar dan konsisi bisnisnya ... 
Bla..bla..bla...dg kerjasama mereka dgboerannya masing2 dg baik...boooommmm tertipulah saya.... 😢😡😰
Terkutuklah kau hai penipu!!
Tunggu azab dan karmamu lebih sadis menyiksa kamu......
Lacak dari foto dan no rek penipu yg ada.... Sy yakin pihak kepolisian sanggup tangkap penipu ini segera. Krn sangat mungkin dia tipu banyak pihak yg lain.....",0,0,2024-07-23T23:49:52Z,False
Ugyx3M1C6YJZ_yqJEL14AaABAg,@littleshopindonesia,ininamanya super tolol,0,0,2024-07-23T19:57:26Z,False
UgxhDJph1XWW9G59Iot4AaABAg,@nurmuslimin3928,"masukan bang, itu video nya bisa di upload ulang tapi di bagian awal video di tulis disclaimer, tujuan dari video ini adalah untuk pembelajaran sebagai antisipasi penipuan berbasis social engineering atau bla- bla bla",0,0,2024-07-23T10:34:24Z,False
Ugw6BsFNXnoPmoRcG3R4AaABAg,@Made.Sutama,Semestinya kalau beneran seorang oknum polisi gak usah di sensor wajah nya . Biar orang tahu semua wajah nya .,0,1,2024-07-23T09:47:55Z,False
Ugw6BsFNXnoPmoRcG3R4AaABAg.A6EBnRlAn8JA6EC57jx8HM,@IqbalQoreshi,Baca pin komen bang,0,0,2024-07-23T09:50:29Z,True
Ugz5wt_mMnW0LxlOV3p4AaABAg,@indrabudiawan4012,"Saya pernah mengalami hal pas seperti itu, akhirnya dikarenakan bsnyak kejanggalan masa ngakunya dari Polda Manado, lantas saya minta no kartu anggota polisi tersebut tidak mau memberikan.
Akhirnya no hp polisi tersebut saya  blokir dan tidak pernah nelpon lagi. Jadi kalau menerima tlp dari no yg tidak dikenal baik tlp rumah atau HP lebih baik matikan saja.",5,0,2024-07-23T05:00:41Z,False
Ugy8AFBgflTHdNA_BM14AaABAg,@riduwanabang2897,Gila sih ini penipuan yg profesional...kita bener bener harus hati hati bgt,0,0,2024-07-22T03:59:26Z,False
UgzX87YJbC4Lm3NmmzJ4AaABAg,@universalux1840,"Dulu aku juga pernah dapat telp. yg mengaku dari kepolisian bahwa adikku nabrak orang di jalan, oknum pelaku tsb. minta transfer sejumlah uang untuk biaya pengobatan si korban, dan pelaku menyuruh aku cari ATM Bersama terdekat dgn segera, untuk mentransfer ke Rekening Pelaku dengan Kondisi Hpku tidak boleh dimatikan menuju ATM, Alhamdulillah selama perjalanan +/- 2 km menuju ATM tersebut aku terus berdzikir dengan keras berulang-ulang doa ampunan Nabi Yunus As. Ternyata begitu didepan pintu ATM aku tersadar bawa ini penipuan dgn cara hipnotis/gendam, akhirnya hpku 
Dinonaktifkan selama 5 jam dan  aku sangat bersyukur tidak menjadi korban penipuan oknum tersebut",0,0,2024-07-21T14:12:21Z,False
Ugw28TJDOrs6ZQuKXHV4AaABAg,@setyosudarmono5629,"Kalau cuman lewat tilpun boarin ajah ojo kweden,kagetan gumunan..........",0,0,2024-07-21T11:29:04Z,False
UgxQrDFeMpriAdJr1AN4AaABAg,@goaldesign4514,"lah mana ada yg percaya sama nganu, walopun itu asli atau penipu ",0,0,2024-07-21T09:06:57Z,False
UgynUsZ9G98RZEx20OR4AaABAg,@novita7451,SM mas kmrn q jg ketipu 1.5jt 😢tp q lebih memilih mengikhlaskan saja Krn psti ribet ngurusnya ini itu dan uang pun GK bakalan balik,0,0,2024-07-21T05:48:12Z,False
UgzXaGvYQRPybV0ivoZ4AaABAg,@riansujana679,"Pernah ada tlp masuk persis kayak gini ,saya abaikan saja,karna gak masuk akal dan saya tidakpernah melakukan seperti yg dituduhkan orang yg ngaku ngaku dari pos itu,",0,0,2024-07-20T19:00:47Z,False
Ugz58RhX7AXkXPCxg9x4AaABAg,@ikahirmawati7118,Aku beli belanja online di toko mebel Jepara Juliana mebel ..5 JT,0,0,2024-07-20T18:18:58Z,False
UgxubjgcLBwBhbt1u9J4AaABAg,@nia_rahayuputri6366,Omong kosong,0,0,2024-07-20T18:14:38Z,False
UgxGsewkDMdxx4JLRPJ4AaABAg,@nia_rahayuputri6366,"Kamu hanya pandai Bicara saja ,tpi otak kamu bodoh",0,0,2024-07-20T18:10:42Z,False
UgyoUdlDJQPptSbAPzt4AaABAg,@Muslimridho,"diatas langit ada langit dong😂😂😂

alias jago ngomong msh kalah sm penipu yg ngomongnya gak masuk akal😂😂😂😂",0,0,2024-07-20T16:14:16Z,False
UgyT5kNA1TdB1Nuz-ip4AaABAg,@hubayakila997,"setiap orang dewasa pernah mengalami hari apes, aku juga pernah kena scam tapi lewat paypal, orangnya chargeback padahal udah terima digital produknya",0,0,2024-07-20T13:02:31Z,False
UgyofzrZbeVV4VmJ-hB4AaABAg,@tatihartati2672,"Ini sama persis menimpa kakakku, orang yy jadi polisinyapun sama. Tapi alhamdulillah atmnya kebetulan expired, jd gagal 😅",1,0,2024-07-20T07:50:25Z,False
UgyujemCmY9NDFEpX5Z4AaABAg,@hairanihairani-c8q,"Kenapa di tutup muka si polisi palsu dan penipu,, polisi asli kena getahx,",0,0,2024-07-20T01:46:05Z,False
Ugx-5DTpt-fLppJGNhJ4AaABAg,@herygunawan686,"Persis aku ngalamin hal seperti itu, maka aku jawab tidak pernah pengajuan secara ol apalagi sampai keluar pulau, maka aku bilang abaikan aja. Dimatikan lah oleh dia pembicaraannya..",0,0,2024-07-19T05:52:05Z,False
Ugz9TmTohl_YMCiwRjZ4AaABAg,@GezaGeza-tf6kt,Wkwkwkwkw goblok level 10,0,0,2024-07-18T23:50:58Z,False
UgwrMW3yh8oEaiGRJQt4AaABAg,@HeruPriyono-fg8bo,Indonesia ribett,0,0,2024-07-18T03:21:33Z,False
UgyVpm7jFSLNQteaLFJ4AaABAg,@MadaGaskar-t6h,"Mau service motor ,ganti oli sebulan sekali aja gak mau, alasan lupa. sampai turun mesin. Pelit

Nah sekarang Duit melayang.

Semoga mas nya murah rejeki
Rajin beRinfak dan bersedekah.
Semangat",1,0,2024-07-17T22:22:38Z,False
UgyKo9ENNDr18T2Dki54AaABAg,@wardiazril2343,Pejabat dsn pegawai bank gk mau memudahkan urusan rakyat kecil,0,0,2024-07-17T17:13:51Z,False
UgxcOBk0vQ8m0K9nv8x4AaABAg,@wardiazril2343,Pejabat dsn pegawai bank gk mau memudahkan urusan rakyat kecil,0,0,2024-07-17T17:13:52Z,False
Ugwp5G_AaDhU2sheB4F4AaABAg,@ainaani3136,Indonesia teribet di dunia gx cepet di tangani duit aj matanya itu,0,0,2024-07-17T05:01:00Z,False
UgxDLelUctC14QGqiml4AaABAg,@ippetngapak,Ini modus penipuan di barengi hipnotis... aku pernah ngalami fikiran bener bener blenk...😢,0,0,2024-07-17T01:42:13Z,False
UgyjLi-h1Obe3_6TXhN4AaABAg,@ricardokasemetan8108,"Seragam Polisi apa model gituan bre? wkwkw 😅

Solusinya adalah kalau ada telp dari nomor baru dan mengaku dari polisi/pihak instansi penerintah lainnya di matikan aja 😅",0,0,2024-07-16T11:51:32Z,False
Ugwbxq-A7-iBkQj_Z8V4AaABAg,@devigi777,Aku pasang APK nomer yg gak dikenal langsung di blok🤭,0,0,2024-07-16T08:53:36Z,False
UgxoXLe1OHdiffjAFu94AaABAg,@tutitutihastuti711,Tetap semangat mas ikbal . Semoga para pelaku bisa di tangkap .biar ga ada korban lagi .,0,0,2024-07-16T07:33:22Z,False
Ugwg0myh4Vj_5iLCwOB4AaABAg,@nocturno0932,Indo ini bos kalau gk ribet bukan indo namanya...😅😅😅,0,0,2024-07-16T00:53:18Z,False
UgwYqyuYssZNu3FaQUl4AaABAg,@krisman9624,Ya begitulah Indonesia,0,0,2024-07-15T17:03:25Z,False
UgxAkarStfrCd_sDW5h4AaABAg,@eenrohaeni8826,"emang bangsat tu penipu, masih mending masnya cuma 1,5 saya kena hipnotis sama lewat tlp juga, kaya orang tolol gt, aku transfer 12 juta mas, setelah sadar baru dah lemes bgt, syock ga bisa makan dan ga bisa tidur sampe 3 harian, mau lapor juga percuma, sia2 karena ternyata pas sy sadar dicek rekening penipu itu  BRi  di payakumbuh,  dan ga bisa blokir karena harus ada laporan polisi dulu kt pihak Bank nya😢",0,0,2024-07-15T13:48:49Z,False
UgxEBcYJMwaCc_Juv954AaABAg,@DewiSoetanti,"Waaah sy jg ngalamin bulan lalu. Modusnya sama persis. Cuma Alhamdulillaah, suami saya gak percaya, dan sy disuruh tutup telpon. 
Intinya dr modus kejahatan, korban dibuat panik (dan itu yg terjadi, yg sy rasakan). Nanti klo sudah panik, para penjahat itu akan ""mengendalikan"" korbannya. 
Jadi waspada lha, klo ada telpon tidak dikenal, dan mengabarkan kabar/berita buruk, yg akan membuat qta panik., krn bisa jadi itu adalah modus kejahatan...",0,0,2024-07-14T22:00:48Z,False
Ugx2U5dzkQSWH_0YFlp4AaABAg,@zaripahyusof5436,Bikin spam nomor yang tidak kenal.,0,0,2024-07-14T11:27:20Z,False
UgwlKgfJJ1psS79jDL54AaABAg,@nrtk511,"Yg mungkin perlu dipertanyakan, knp aparat yg punya kuasa diam saja walau sdh terlalu banyak kasus. Yg lapor mungkin hanya 1% korban. Kasusnya bisa dg modus macam², judol, pinjol, penipuan, porno, dll. Semua dilakukan dg pemerasan n ancaman.
Apa mungkin nomor² telp yg melakukan bisa dipakai aparat untuk melacak. Kan punya wewenang dg operator telp dll. Unit cyber tentu juga punya hak menyadap nomor² tsb. Blum lagi nomor² rekening bank, tentunya bs dilacak.
Jangan menunggu lebih banyak korban",1,0,2024-07-14T11:01:16Z,False
UgxjQeqISWGtvbu7ss14AaABAg,@kailafaiz_rias,"Apakah ada hasilnya kak, setelah lapor polisi.",0,1,2024-07-14T10:07:04Z,False
UgxjQeqISWGtvbu7ss14AaABAg.A5s2pktg9yyA5sBqk-F-GQ,@IqbalQoreshi,"Sampai saat ini, belum ada :(",0,0,2024-07-14T11:25:51Z,True
UgwM2qA1QdU-U--4UlF4AaABAg,@RahmaWati-zn1vo,"Sayang yaa adek ini,klu ada no ngak dikenal blokir aja.
Jgn di layanin ribet.",0,0,2024-07-13T08:27:48Z,False
Ugxf9k3qaDbqKETOx9V4AaABAg,@matteroftimeandtimeissword2811,"Klo uang kita slu aman dr jawaban org2 yg tak bertanggung jawab, mk Investasikan uang kita kepada الله .
Aksesnya Al : Anak2 Yatim, Fakir miskin dhuafa ato orang2 yg berjalan di jalan الله dan sgt membutuhkan bantuan kita dll dll dll sebagainya.",0,0,2024-07-13T00:07:50Z,False
UgxLSEa-2LhLZW9r_P14AaABAg,@blyark,polisi... capek dehh...,0,0,2024-07-12T17:29:29Z,False
UgzCExRbdUpUkhVSaLh4AaABAg,@diansanti3389,Bermanfaat informasinya,0,0,2024-07-11T10:51:39Z,False
Ugy3bcudAD--UOx4Bdt4AaABAg,@lasmilasmi517,Aku korban penipu online,0,0,2024-07-11T08:19:56Z,False
UgyCiSlCjLJvBfAXU7d4AaABAg,@sherlybernadette873,Hrs lebih jeli dan konsenn karena secara ga langsung kita seolah olah di  hipno waktu dia telp kita,0,0,2024-07-11T02:25:48Z,False
Ugzo0BtbjZ8n9uCOLut4AaABAg,@RobertTjia,"Indonesia sekarang dimana-mana lagi dibudayakan dusta, penipuan, mabok agama, berita bohong alias hoax dan paling besar korupsi dari kecil sampai besar.",0,0,2024-07-11T01:07:56Z,False
Ugw9AX9DAsKXONP7Mp54AaABAg,@mmellymey3463,BRI emang sarang nya bank penipuan,0,0,2024-07-10T23:46:54Z,False
Ugy9Bp44_SHG7hHRmPB4AaABAg,@mulyadizarly1578,Hari minggu kemarin akun DANA saya dijebol orang yang mengaku admin LAZADA... waspada yang punya 2 akun tersebut,0,0,2024-07-10T09:04:05Z,False
UgwDlsm1IqX0pnsDLyF4AaABAg,@stevanimariainri6108,Saya pernah ngalamin begitu. Kartu ATM vis pos dan mencatut nama polisi. Tapi dari Palembang  ngakunya. Untung aku nggak kena.,0,0,2024-07-10T04:07:13Z,False
UgzMPO6gVeOGt4rE3J54AaABAg,@robustta5898,"harusnya pakai bahsa yg sopan bang, biar family friendly",0,1,2024-07-09T14:14:00Z,False
UgzMPO6gVeOGt4rE3J54AaABAg.A5fc6xfhNFbA5fcVGGApjl,@IqbalQoreshi,"Maaf bang, soalnya waktu bikin video masih ada rasa EMOSI, jadi gatau kenapa keluar gitu aja🥲",0,0,2024-07-09T14:17:19Z,True
UgyBVtyP_UcbW8IqCs54AaABAg,@June-ib3hx,"Fix sama seperti yg saya lakukan saat uangku di ATM terkuras habis karna kena typu logikaku hilang saat mendapat telfon .setelah mondar mandir lapor sana sini urus sana sini,panik,tidak rela uang tabungan hilang begitu saja, dan akhirnya kecapean sendiri , tidak ada ketemu ujungya sampe sekarang.pengalaman yg begitu berharga",6,0,2024-07-09T11:17:59Z,False
Ugxje6ANiV4ZjhH83494AaABAg,@MrTampolong,"penipuan sekarang tidak sebatas penipuan, tapi campur gendam dan hipnotis, para pelaku dapat mencuci otak korban-korban nya, terlepas mau pintar atau gak tau apa-apa apalagi lebih mudah di arahkan, biasanya saat bicara ini ada gelombang frequensi di 23000 hz yang mana suara itu tidak bisa di dengar oleh telinga pada umumnya, namun otak dapat memprosesnya karena merupakan sebuah perintah, sehingga para korban nya jadi tidak sadar dan linglung, kondisinya bisanya di tandai saat di telepon itu kepada sakit dan berat, pusing bahkan mual dan bisa saja muntah, ini bisa terjadi setelahnya akibat dari pengaruh suara gelombang prequensi rendah tersebut, saat otak kebingungan memproses informasi antara apa yang di sampaikan pelaku dan informasi apa yang langsung masuk kedalam pikiran, agar terhindar dari penipuan seperti ini, usahakan tidak panik, pikiran tidak kosong, dan kalau bisa tidak mendengarkan lawan bicara terlalu lama, atau bahkan tidak perlu mengangkat telepon sama sekali kalau nomor nya memang tidak di kenal, tidak merespon chat dari sumber yang tidak jelas, mengunduh dan menekan link sembarangan.",1,0,2024-07-08T22:56:05Z,False
UgystxQ9KGpqzSLJIr14AaABAg,@Ramakiky,Aq hampir aja kena atas nama bpjs telepon ada org yg mengambil obat2an terlarang trus aq harus klarifikasi kepolisian lalu disambungkan habis tuh merembet muncul kasus lain pencucian uang atas namaku juga trus aq dihubungkan k jaksa lalu jaksa suruh aq buktikan total dana agar tdk trkait pencucian trus disuruh kirim utk peralihan dana lgsg saya matikan,0,0,2024-07-08T07:18:49Z,False
Ugxuov_wq4EhtIZ81A54AaABAg,@fannysoleh9615,lagi marak penipuan seperti ini ...baru saja dengar di chanell lain ....tapi pada awalnya bilang BPJS terblokir yg ujung2 nya sama ...diarahkan ke kepolisian nun jauh disana ....terima kasih banyak mas atas sharingnya,0,0,2024-07-08T06:14:53Z,False
Ugyg9kIrjS5LGk5y5YN4AaABAg,@hadisumartono293,sama mas. aku pernah dapat telp spt itu. cewek yang telp. bilang dari kepolisian ttg paket atm dan kartu kredit 8 bh. tapi aku matikan terus aku cek di get contact ternyata isinya kebon binatang jadi langsung aku ga percaya. mungkin mereka dapat nomer dari paket online saya (nama dan no telp tercantum di paket). beruntung aku cek di get contact. thx  untuk buat video ini,0,0,2024-07-07T12:48:55Z,False
Ugzo6aTNsnnMeS8PRXh4AaABAg,@FahmiZulfikar-ym7kb,Warga Konoha selamat kan dan amankan diri anda,0,0,2024-07-07T07:54:11Z,False
Ugws_iT9WtoqNVIBImR4AaABAg,@muharamharilukmana7681,Ya anda yang salah terlalu reaktif seharusnya menurut saya hal ini tidak 0enting dan urgensi,0,0,2024-07-06T01:49:57Z,False
UgwJj9b2fh7k75onGYt4AaABAg,@MardangkaTV,"sabar mas, semoga tergantikan dgn yg lebih berkah, kita sbg manusia tentu ada kekurangannya dan tak luput dr salah & lupa, ...",0,0,2024-07-05T03:29:09Z,False
UgyUk0e8YVKwMDuXdgB4AaABAg,@sutanjatihutabarat4991,"Itu bukan sidang tapi BAP... 
Keanehan nya adalah  BAP pake video call... 
Yang namanya BAP harus bertatap muka antara polisi dengan si terperiksa...",0,0,2024-07-05T00:00:45Z,False
UgyBEqVqFx8_I48LT9l4AaABAg,@likalifah5625,nek suara kayak gitu wis pasti menipu mas.,0,0,2024-07-04T03:37:18Z,False
UgwdQsqTI3MqEYk48LF4AaABAg,@IwanSetiawan-rn6mw,"informasi yg sangat bermanfaat, terimakasih...🙏🙏🙏🙏",0,0,2024-07-04T01:47:51Z,False
Ugzx3FYSVoLN3Kwp2FR4AaABAg,@andreaseko5434,Terima Kasih Mas Iqbal atas informasinya. Semoga PELAKU bisa cepat tertangkap.,0,0,2024-07-03T14:29:51Z,False
Ugy7ImMQH02Euls6cZV4AaABAg,@titiekpurwantinah9870,Kena hipnotis kali ...???,0,0,2024-07-03T04:52:39Z,False
Ugw8_ZijMjzlZVtt8EZ4AaABAg,@hadisenki9815,"Pihak bank juga hrs memperketat idebtitas si pemilik rekening, bank BRI udh sering terjadi transaksi yg utk penipuan. Sy pernah kenak tipu n transfer ke bank BRI,kita laporin juga percuma krn pihak bank kata nya tdk punya wewenang!!! Lucu ya 😅😅 gak bisa di bekukan",2,2,2024-07-02T15:13:03Z,False
Ugw8_ZijMjzlZVtt8EZ4AaABAg.A5OhJMiYdcgACLvEDvB7RB,@menieksawitri7994,"@hadisenki9815 iya bener rupany, CS costumer service sdh d arahkan jawabanny, tdk mempunyai wewenang untuk memblokir penerima transferan dr menipu ada pembiaran, jadi sekarang jelas ada mafia d dlmny.bagi hasil sama klompok,( ini dekolektor ) yg sdh jelas paham seluk beluk bank dn biasany, kelompok rentenir krn.ada koperasi gelap,( bank emok )banyak meminjam k bank BRI, demkian pula dekolektorny.",0,0,2024-12-22T12:56:43Z,True
Ugw8_ZijMjzlZVtt8EZ4AaABAg.A5OhJMiYdcgACLvTYMfUxV,@menieksawitri7994,"Jadi macam"" cara modes penipuan tsb,mereka sdh tahu celah untuk menipu.maka banyak yg kebobolan saldo dr BANK BRI",0,0,2024-12-22T12:58:48Z,True
UgxOLikI00VSY3gdxsF4AaABAg,@NiagaBerkah99,Mengecek dana kok harus ditransfer mas ? Emang uangnya masuk lumpur ?😊 Astaghfirullah......,0,0,2024-07-02T11:19:39Z,False
UgxL9egLF4H8Xbzw6Ax4AaABAg,@syapeiipei4922,Hampir Sama Kejadiannya Sama Anak Perempuanku Pulang Kerja Nangis2 Katanya Ada Pihak Imigrasi Yang Telpon Bilang Data Anakku Bocor Di Pake Orang & Orang Itu Buka Rekening Danamon Di Medan Sumut Atas Nama Anakku & Bisa Di Bantu Pihak Imigrasi Untuk Bikin Laporan Ke Polisi Daerah Sumut Setelah Saya Selidiki Saya Bilang Ke Anak Saya Jangan Panik Ini Penipuan Langsung Saya Suruh Blokir No. W.A & Kontaknya Alhamdulillah Anak Perempuanku Selamat Dari Modus Penipuan Bergaya Oknum POLISI...🙏,0,0,2024-07-02T07:28:57Z,False
UgxaPUdYri9u_MttPs14AaABAg,@murnihati1937,"Terima kasih sdh berbagi pengalaman ya dinda, smg Allah ganti rizki yg lebih banyak",0,0,2024-07-02T03:28:42Z,False
UgwIRYAjgKJCugg-Lld4AaABAg,@AgoesSiregar12,Klu bank tdk bisa melindungi nasabah ny. sebaik ny kita tarik saja uang kita beli kan emas akan lbh aman. dan lbh mnguntungkan.,0,0,2024-07-01T01:36:16Z,False
Ugyc6sxMAixeiMSsVZl4AaABAg,@leovam5181,"Kebanyakan online ya begini ini!!!!
Anda sudah di hypnotize Dan reaksinya muntah setelah sadar.....Selamat broo anda sdh mendapatkan pengalaman mahal.",2,0,2024-06-30T06:26:40Z,False
UgwcRFz6QHqQq6doNf94AaABAg,@Birin_aja,"Makasih atas info & sarannya,Mas.Ini pelajaran yg hrs saya camkan.Artinya saya jg hrs belajar dari pengalaman orang lain yg kelak akan berguna bagi saya.Semoga ini jg menjadi pelajaran teman² di SocMed ini agar mawas diri pada hal² yg sprti ini atau sejenisnya agar tak terjadi pada diri kita atau keluarga atau orang² yg kita sayangi & kita cintai sbg peringatan yg berharga sekali.",2,0,2024-06-29T22:01:01Z,False
Ugwwja6v6V_4c3WbAf94AaABAg,@tutikkhamidah6269,"Saya sering ditelp krn ada hadiah, dimintai foto + KTP.
...
Tak kasih foto kucing ...
Marah2 ...
 😮😮😮😮",0,0,2024-06-29T08:05:56Z,False
Ugyg-iOYd3RF6OSjJ454AaABAg,@ginaaja1232,"Sekarang kalau ada wa, telpon,  yang tidak di kenal jangan di angkat, di abekannya saja",0,0,2024-06-29T06:06:28Z,False
UgxR_X-AqNddUW_rd054AaABAg,@raffdans,"Baru kejadian tadi siang, temen istri saya sebelumnya bertransaksi membeli air Zam Zam yg ditawarkan melalui akun di salah satu medsos.. Karena lebih murah dari yg dijual ditoko offline.. Singkat cerita temen istri sy ditelp seseorang yg mangaku dari bea cukai.. Dan mengatakan produk yg dibeli itu ilegal, dan setelah berbicara panjang lebar, temen istri sy itu dituduh sebagai penadah, padahal barangnya pun belum diterima.. serta diancam akan dijemput paksa oleh kepolisian, jika tidak mentransfer uang 7 jt. 
Karena disaldo reknya tidak ada duit segitu, dia sempat mencoba meminjam uang kepada istri sy, setelah ditanyakan untuk apa, diceritakanlah apa yg terjadi, dan istri sy bilang Blok Nomernya gak usah digubris.. Sy sih menyarankan ke dia agar melaporkan akun medsos tersebut ke polisi.. Intinya hati2 melakukan transaksi jangan tergoda hanya karena harga murah..",0,0,2024-06-28T18:31:52Z,False
Ugx-dMqfmEbuHUjKRER4AaABAg,@IsnaeniSubandriyah,"Jangan angkat telp jika ga kenal.
Meskipun diagkt tp jangan kasih data apapun. WASPADA.",2,0,2024-06-28T09:22:40Z,False
Ugy5NH6HqbwGNzehdmh4AaABAg,@aepsaeroji2912,"Bravo netizen,ayo bantu viralkan jgn kasih ruang pada para penipu.",0,0,2024-06-27T02:02:39Z,False
UgzXf_ynr8kueSbicb54AaABAg,@tomgembuz6803,Heran kok bisa ngrekam vidio cal dan telpon.berarti waspada dong,0,1,2024-06-26T08:15:40Z,False
UgzXf_ynr8kueSbicb54AaABAg.A58VmAOMvAUA58W4KWK5rN,@IqbalQoreshi,"Memang sudah waspada, tapi masih kena juga",0,0,2024-06-26T08:18:18Z,True
UgzzY72GQ337wHW-73Z4AaABAg,@taufikrachman1230,ini  sama  kasusnya beli  dengan kasus beli  qurma  onlane  .yang  nlp orang  bea cukai,0,0,2024-06-26T00:33:24Z,False
Ugzmug8GMLK5NcNg31d4AaABAg,@HusainKhan-z7b,"Kpd Plaku Yg Malas Kerja,Paksa Paksa Diri Lah Sdikit Pergi Kerja Potong Klapa Bali.Agr Dpt Wang Halal Dan Ngak Di Masuk Kan Dlm Neraka Slepas Mampos.",0,0,2024-06-25T13:09:43Z,False
UgyU7-7ywtPHXJiLg3Z4AaABAg,@HusainKhan-z7b,Trima Kasih Krn Kongsi Kpd Ramai Org.Sblm Kamu Bg Tau Sy Pun Sudah Sering Kpanggilan No Aneh.Tp Sy Matikan Tlpn Saja.Supaya Si Gondrong Pergi Tipu Org Lain Yg Mau Di Tipu.,1,0,2024-06-25T13:06:41Z,False
Ugzn3kEUTS0ogUM9u2p4AaABAg,@aminkusarmin1680,"Klau menurut sy sih mahasiswa ini yg bodoh ,cuma pinter ngomong.org pinter ngomong blom tentu otak cerdas.",0,0,2024-06-25T02:44:14Z,False
UgzU2DaFX8Avh5AjqQZ4AaABAg,@OmBob13,"lebih baik kedepannya jangan terlalu lugu....

JIKA anda adalah orang yang banyak duit atau orang terkenal/populer akan lebih baik jika

selalu sediakan satu rekening khusus  untuk tabungan  (saldo utama ) yang ga akan kita share kemana pun norek  itu dan sediakan juga satu rekening utk dana transit yg bisa kita share noreknya jika dibutuhkan ...dgn saldo minimal

penggunaan kartu atm pun begitu..hanya gunakan atm hanya dengan saldo yang kecil..sehingga jika terjadi sesuatu kerugian kecil...hindari pemakaian kartu atm yang punya saldo besar...

selalu pastikan nomer hape utama kita..khususnya yang konek ke perbankan tidak kita share kesiapapun khususnya yang belum kita kenal..lebih aman lagi kalau nomer tsb ada di hape khusus yang memang cuma digunakan utk perbankan tanpa medsos (tidak digunakan utk komunikasi terima telpon, sms, atau wa)

pastikan akun medsos kita..apalagi yang memang sudah jadi sumber penghasilan seperti yutub/ig itu menggunakan  imel dan nomer hp khusus yang tidak kita gunakan utk komunikasi umum 

dan jangan angkat nomer telpon dari nomer yang ga dikenal..kalau itu berita penting pasti dia akan sms atau whatsapp kita terlebih dahulu utk minta kesediaan kita angkat telpon


segala sesuatu yang terkait hukum biasanya masih pake surat resmi hardcopy yang diserahkan langsung bukan softcopy atau gambar yang dikirimkan via wa atau video apalagi cuma omong omong...dan kalau kita disebutkan terkena kasus a kasus b..lebih baik kita acuhkan saja..shg kita bisa punya waktu konsultasi dgn teman yang ngerti hukum..tau sendirikan keribetan negara ini..percayalah ga ada yang cepat dan instan dinegara ini..termasuk penangan kasus..jadi jangan gagap dan terpancing skenario penipuan",0,0,2024-06-24T21:43:25Z,False
UgwrkZdMPsiahp0V1eB4AaABAg,@mujihadiutomo5412,"Aku setiap ada telpon tanpa nama, langsung tak blokir😂",0,0,2024-06-24T02:04:16Z,False
Ugx13B9j-Ro0Gfb5PCl4AaABAg,@alimafivecirebonesia182,"Mana update video tagihan pinjol nya nih,,,",0,0,2024-06-23T20:52:37Z,False
UgyC96suPtvFXOdnyel4AaABAg,@AriBahar-qs5rn,Mksih banyak bang atas informasinya 👍,0,0,2024-06-23T10:09:21Z,False
UgyLmbswJeaSDQAHebh4AaABAg,@yemisrimulyani,Suara ini gak asing lagi bagi saya dan saya sering dapat tlp dengan begini.makanya langsung ku matikan tlp nya.🙏,0,0,2024-06-23T09:33:17Z,False
UgxzcO1Q5QF6ztiEQjd4AaABAg,@DjoJdi,Blog,0,0,2024-06-23T05:58:03Z,False
Ugw7FnhCf2JESEBHTc94AaABAg,@ravelastutik4252,Lagi2 masik ngantuk,0,0,2024-06-23T01:46:48Z,False
UgwUyBDaj3s-J3NPLuZ4AaABAg,@potatolord2660,kelihatannya mas ini pinter tp kena tipu jg  aneh🙄,0,0,2024-06-22T22:42:48Z,False
UgynAwBBEB9FxYFcrfZ4AaABAg,@missmedhok3422,Wow...,0,0,2024-06-22T14:18:53Z,False
UgzI0ysZNRniiLTDfmN4AaABAg,@sodikkindkm9952,"Kita Harus Hati Hati.
Jangan Sekali Kali Kalau Ada Tlpn.
Yg Belum Kita Kenal Atau Tidak  Ada Nama , Tlpn, Dilayar Hp,
Atau Di Data Yg ada di data Hp Kita.
Pokonya jgn di angkat,,,,Jgn di Jawab.",0,0,2024-06-22T13:46:41Z,False
UgxxjlwMXYu8mOi4SSV4AaABAg,@sahabatgamer9564,"Cewekmu itu cewek baik mas, pertahankan dan jaga dia karena dia menemani bukan di saat senang saja tapi menemani disaat kamu susah bahkan di titik terendahmu 👍",3,0,2024-06-22T05:04:23Z,False
UgwPvWAfgLGXYO6ILIB4AaABAg,@maszaen_HGFJ,"ini baru benar2 sudah tertipu, semoga tidak tertipu ... bisa jadi ada rejeki yang perlu dibersihkan",1,0,2024-06-22T04:06:09Z,False
UgyVNFZBGrLMQe6QCS14AaABAg,@mochammadzaeni1149,Harusnya wajahnya tampilkan dgn jelas tanpa ditutupi.,0,0,2024-06-22T01:55:51Z,False
UgzhhfoTGgbVBJ-soUh4AaABAg,@DarmiAty-o2h,Makasi sdh bagi lengalamanx bang🙏🥰,0,0,2024-06-21T14:19:43Z,False
UgxjTWzun05cvXvFZBR4AaABAg,@priwantiningsih9000,"Saya juga pernah dpt tlp sprti itu. Hanya saja pd saat si penipu menyarankan saya untuk lapor polisi, saya nggak mau krn memang saya nggak merasa ngirim paket ke Riau  😊",0,0,2024-06-21T12:45:20Z,False
UgxBC5kQIdg5qvQ6WpJ4AaABAg,@verasantoso2555,"Terima kasih Mas, sudah berbagi kisah nya ..
Biar kita lebih hati2...",0,0,2024-06-20T14:32:58Z,False
Ugyqp7UAYHAeBYKGVJx4AaABAg,@syafriman2181,"Sy pernah ditelpon yg ngaku dari Ktr Pos, krn saat sdg tak menunggu kiriman atau mengirim dari Ktr Pos, sy Jawab aja, "" Bapak salah orang....",0,0,2024-06-20T06:47:50Z,False
UgwjrNUQ9sPCHn1s8gt4AaABAg,@Dianawidjaja-x5u,kenapa diladeninin klo gua ga lgsg tutup telpnnya ..bisa dihipnotis melalaui hp loh ...,0,0,2024-06-20T05:42:31Z,False
UgzeXQX8wIKOASnx-6V4AaABAg,@H_A_D,dari nada awal udah terdengar nada penipu bukan cs asli,1,0,2024-06-20T05:21:44Z,False
Ugy0q3dhWPULUyrVM-l4AaABAg,@randychristgiovanni8912,"Persis sama modusnya ini bro.. Saya pernah alami modusnya ada tagihan wifi dr pihak Telkom yg memakai nama saya dan bla bla bla.. Akhirnya disambungkan ke polda sulut Manado.. Dan polisi sempat video call spt yg anda alamak hampir 1 jam lebih.. Ini terjadi 1 thn yang lalu.. Malangnya habis waktu,, tapi sisi baiknya uang ngga ada seperakpun yg ludes.. Logika nya klo laporan polisi itu  ya laporan di kantor polisi.. Bukan video call.. Terakhir ta tekannbalik bilang saya anggota polisi kamu dinas dimana, polda mana saya cek kmau selesai.. Langsung hapus semua telpon diblokir.. Ngga bisa dihub lagi oleh saya.. Persis itu modusnya beda cerita tapi langkah2 nya sama. Ujung ujungnya arahkan ke polisi",0,0,2024-06-20T05:04:03Z,False
UgyWQCJMAZRDGSIh9Vl4AaABAg,@yuukihiroyuuki5107,"saya jg baru kena tipu beberapa hari lalu, dan anehnya ko bisa ya, biasanya klo ada nomer asing saya selalu ngecek dulu itu nomor siapa, cuma karna lagi 'pusing' juga kan jdi gampang kehasut gitu 😅😅 isi atm saya jg ludes smua",0,0,2024-06-20T02:52:36Z,False
Ugwb3NKENsacFHTzpYh4AaABAg,@budiharso2802,"yg jago ngomong belum tentu penipu,tapi semua penipu pasti jago ngomong,maka pastikan kewaspadaan pada orang yg jago ngomong",0,0,2024-06-20T01:19:17Z,False
UgxbyXL77OC3jigEFw54AaABAg,@muhidinudin9956,"Jadi ,kesimpulannya jangan mudah percaya yg hanya bertemu wajah secara OL, kalau belum pernah secara offline, secara offline pun hati hati",0,0,2024-06-20T00:29:10Z,False
UgzlJUhCnK1B7L7vK994AaABAg,@luzainlis5786,gmpng di ringkus,0,0,2024-06-19T16:52:14Z,False
Ugz99NUKWeVlz4YIYUt4AaABAg,@musicpamonaofficial9723,"aku pernah ngalamin penipuan juga terus aku lapor keteman yg buser,,eh ternyata dia juga abis kenah tipu 🤣🤣",0,1,2024-06-19T14:26:03Z,False
Ugz99NUKWeVlz4YIYUt4AaABAg.A4s8amf5NI8A4zd0mtHHlR,@andimarliyanti415,😂😂😂,0,0,2024-06-22T12:15:19Z,True
UgzxEKyPrsGFJlIVxKd4AaABAg,@nurakbarudin1568,Ribet banget ya administrasi laporan nya....,0,0,2024-06-19T13:11:26Z,False
UgwEJenUjkWyS7nMVPN4AaABAg,@nurlinanina6172,Makasi mas imponya,0,0,2024-06-19T01:23:11Z,False
Ugxt1VK9cEVl4O4wdd94AaABAg,@supriyadiwahyudin1429,"canggih bangeut yah,,smpai kepikiran ke arah situ,,,komplotan penipunya,,,",0,0,2024-06-18T23:59:11Z,False
UgzDOC6vhgxtHYIpcF94AaABAg,@nopal2433,saya ketipu 400k pas januari 2021 aja udh nangis kejer bgt wkwk,0,0,2024-06-18T18:34:25Z,False
UgzMR_G-hVW6-vHMVJl4AaABAg,@Gakadanama90,"kalau saya selagi tdk ada di daftar dlm hp, telpon tidak pernah saya angkat, mau 100 x d telpon",0,0,2024-06-18T15:15:21Z,False
Ugzd5qeaXFa-s7vkl014AaABAg,@bailahbailah9518,😂😂 baru tahu ya birokrasi di Indo??,0,0,2024-06-18T12:19:03Z,False
UgwkuQz17uJOetH_wAR4AaABAg,@black-hole78,"tetep semangat bang.buat teman teman di jaman sekarang sebaiknya jangan pernah percaya kepada siapapun di internet ntah itu ngaku sebagai keluarga ataupun  penegak hukum , kalau belum ketemu secara langsunga.abang ini kena teknik social enginering sebuah teknik sederhana tapi kalau sampai bisa memanipulasi pikiran si korban efeknya bisa jauh jauh lebih berbahaya.sebenarnya keamanan sistem sistem jaman sekarang sudah jauh lebih  aman cuma satu yang paling rentan yaitu user atau pengguna itu sendiri.""no sistem is safe""",1,0,2024-06-18T11:02:52Z,False
Ugw7Eyn5SthTsg5ClyJ4AaABAg,@mulyati9530,Pada intinya sehebat apapun manusia sebisa apapun sepintar apapun manusia tidak menyamai qodratullah kita harus sadar bahwa segala-galanya adalah kuasanya Allah,3,0,2024-06-18T05:48:00Z,False
UgzqyY-V7kvyB9L_7AV4AaABAg,@ettysrimustikawatinataprawira,"Simpa uang di bank tdk menjamin, buktinya ada orang yg kehilangan uang di bank, korban tdk merasa mengambil uang tapi uang nya ludes di bank, miris ya
Sekarang tdk ush menyimpan uang di bank, simpan saja di rumah, nyimpan di rmh tanpa pajak, tdk ush memikirkan bunga bank, bunga bank jg habis oleh pajak. Soal aman dan tdk aman itu tergantung kita, di bank jg tdk aman, klo hilang sakit hati, tapi klo di rmh Insya Allah aman",0,0,2024-06-18T04:09:51Z,False
Ugx3GzrKOzXFGK1IEXJ4AaABAg,@sriwidowati112,"Suaranya khas suara penipu sama apapyn modusnya, polisi koq nggak nangkep penipunya ya,sdh sgt meresahkan masyarakat,& sdh banyak korban",2,0,2024-06-17T22:36:44Z,False
UgzYyxr1EomHaWiOzZZ4AaABAg,@Julis9526,"Aku pernah nonton video penipuan dengan modus yang sama dan , keesokan harinya dapat telpon modus ini.
Langsung saja kujawab : "" Wah ini sih penipuan ! "" Seketika telpon ditutup.
Sebagai catatan : Mereka menelpon dengan nomor operator yang sama dengan nomor milik kita , karena biasanya ada gratisan.",3,0,2024-06-17T19:01:17Z,False
UgznEOQEX115e9cqTMd4AaABAg,@Pipow32,KALAU POLISI MAU SUNGGUH2 MEMBONGKAR JARINGAN PENIPU INI SUDAH PASTI BANYAK YG MASUK PENJARA. SAYANGNYA KURANG INISIATIF DARI PIHAK CYBERCRIME POLRI UTK MEMBONGKARNYA,1,0,2024-06-17T18:55:52Z,False
UgzPp9R0eAjNSpdEHRt4AaABAg,@WiraWiranda-po2mb,"Dalam sehari ada 6 kali nomor gak di kenal nelpon, tapi di silent aja no gak di kenal, plus gak pernah angkat",0,0,2024-06-17T17:04:25Z,False
UgwhjgWfmythK47wdDx4AaABAg,@TumIno-r3n,Ok sip... terimakasih,0,0,2024-06-17T08:27:34Z,False
UgyoEJ0Q6i_WrljYjrl4AaABAg,@azidebarons2280,"Mangkanya kalau tinggal di negara ini harus banyak ber'doa dan berteman cuma sama orang2 yg baik, insya Allah kalau kita berteman sama orang2 yg baik seandainya kita ada masalah dia bakal membsntu 😊",1,0,2024-06-17T05:52:18Z,False
UgxFyQUhPqqjJJI93FZ4AaABAg,@christianitymamoto3829,"Polisi Indonesia BUKAN pengayom rakyat, kalau kasus mau diproses siapin DUIT, WAKTU dan PERASAAN KESAL",0,0,2024-06-17T03:40:58Z,False
UgyEI1-242v4XEQaOoR4AaABAg,@sry4103,Banyak x akun bodong ..atas nama ulama lah .artis lah  malah orang luwar pun banyak ikutan buat konten givwey ..,0,0,2024-06-16T18:39:32Z,False
Ugyiicjpcnd5X6qLMBx4AaABAg,@ableh6481,"Mas, aku ditelepon mesin, aku diam aja, lho kok suaramesin itu bilang pak pak halo... Mesin mesinan ternyata..  😂",0,0,2024-06-16T16:11:41Z,False
Ugz5eW30MavX-coeAbl4AaABAg,@asepsyihabudin8105,"Terlalu bodoh,pertama komunikasi sm polisi penipu padahalmah langsung aja lapor polisi pasti engga bertele2,bukan masalah bangun tidur memang terlalu modoh,klo kamu engga punya masalah kenapa percaya.",0,0,2024-06-15T12:23:15Z,False
UgwanHrVjNZsDYDv13B4AaABAg,@yuvielovers2677,Km kepinteran bro😂😂😂,0,0,2024-06-15T11:34:42Z,False
UgyN6MAZqhC1AUoNWW14AaABAg,@indrianto5456,"Sok aksi tarung dg penipu kalah ya gpp, sejak awal sdh terdeteksi kalo penipuan, bodoh.",0,0,2024-06-15T01:01:42Z,False
UgyL2cOR7QfAB4uyrBN4AaABAg,@indrianto5456,"Anak ini kan memang mau selidiki dan eksperimen, terus dik selalu eksperimen",0,0,2024-06-15T00:52:05Z,False
UgxXJDHiixR6R62peFB4AaABAg,@masno2443,Berarti kmu kenak hipnotis bg..,0,0,2024-06-14T15:54:56Z,False
Ugw4pP65-XDroUp6mTV4AaABAg,@N0name9999,Wajar lempar² an namanya jg kasus  receh cm 1.5 jtaan,0,0,2024-06-14T09:53:12Z,False
UgxLpikDfOi4NeBKqVJ4AaABAg,@N0name9999,"Gas aja pinjol ilegal sklian ,nanti kalau ada yg nagih bilang dipakai org datanya",0,0,2024-06-14T09:25:08Z,False
UgzK_LqH727TtMPHhkJ4AaABAg,@Ardisty85,"Aq pernh bang begini
Dengan modus paket berisi tas dan uang katanya
Tp dari luar negeri
Tapi
Alhamdulillah aq sambil telponan aq sempet nanya sama ade tentang ini
Dan dia bilng awas pemerasan
Dan alhamdulillah akal sehat ku kembali 
Hati2 ya teman",0,0,2024-06-14T08:01:44Z,False
UgwK7p-ujHZ_rj-choh4AaABAg,@wahyudin5150,Iya itu suara penipu udah g asing lgi berarti emang udah kerjaan dia jadi penipu,0,0,2024-06-14T07:36:40Z,False
Ugwz0YJl66C-LyKzoF14AaABAg,@Muhammadrofiq-w4c,Video ini agak rancu.pertsma no wa dan nama lengkap seseorang itu kita banyak ketahui dari beberapa hal.kedua kok percaya ada paket sedangkan kita tidak merasa pesan.dan seterusnya cerita Dari narasumber ini tambah rancu lagi,0,0,2024-06-13T20:05:49Z,False
Ugzd2mCZM40KNEU-CUh4AaABAg,@testingchanel9866,"Lapor polisi konoha..?????? 
Wakakakaka.....😂😂😂😂😂😂
#darisinifahamkan",0,0,2024-06-13T12:54:43Z,False
UgyIA24kpVx-7EQxYSt4AaABAg,@ItaHerlita-w5e,"Sy baru ngalamin baru siang ini. Sama persis dengan yg bang iqbal sampaikan,di mnt video call, tapi belum saya tanggapi, karena merasa banyak kejanggalan,..",1,0,2024-06-13T09:33:31Z,False
Ugyfhya0Z431blDRfWR4AaABAg,@Yati-ng1dy,Sama ya saya juga kena tipu uwang 800 padal saya gak punya uwang terus saya cari hutang tetangga pura 2 adik saya di tangngkap polisi sama saya juga baru bangun tidor jadi gak sadar,1,0,2024-06-12T07:25:07Z,False
Ugw0QZnN1QOKo9FOIp94AaABAg,@HaNan..563,Hari ini saya kena tipu 7 jta lewat dana via wa...padahal uang itu buat persiapan istri lahiran😭😭,1,2,2024-06-12T06:28:39Z,False
Ugw0QZnN1QOKo9FOIp94AaABAg.A4_GP46jOTsA4_OpIuv19b,@IqbalQoreshi,"Waduh, semoga dapet ganti yang lebih besar lagi...",0,0,2024-06-12T07:42:17Z,True
Ugw0QZnN1QOKo9FOIp94AaABAg.A4_GP46jOTsA4_Q9mLHNPQ,@HaNan..563,@IqbalQoreshi amin ya Allah amin,0,0,2024-06-12T07:53:57Z,True
UgwZdoZnF7-gxuCMnGl4AaABAg,@catursiwidia7806,"Kok apik an beaya di tanggung kantor pos mana ada kantor pos mau nanggung besya wis janggal ketok nek bsjingsn itu ,,!!
B Paula",0,0,2024-06-12T05:49:22Z,False
Ugy543icIjMRnWFvoQR4AaABAg,@muhammadnur4486,Saya pernah 2 x ditlp penipu.awalnya tanya nama.sy jawab aja orang situ yg tlp kok tanya nama saya.hp sy matiin.dah tau itu modus penipuan soalnya,0,0,2024-06-12T05:12:48Z,False
Ugz8xaRbyfy-Mz_znYF4AaABAg,@kepobangetsihanda,Percuma aja kayanya. Soalnya uang sedikit kaya gitu mana mau diproses receh-receh gitu Mas. Udah ikhlasin aja.,0,0,2024-06-10T11:49:55Z,False
Ugw-VMQv7jB3KbFsHEp4AaABAg,@dyanaakimas8375,Dari seragam  polisinya aja tdk meyakinkan....😂😂,0,0,2024-06-10T08:38:32Z,False
UgwMmJEOAhlJGHDUtbx4AaABAg,@dimasprahastra679,polos kali kau ball 😂😂,0,0,2024-06-09T18:14:30Z,False
Ugykqpj-TJx7mDyJFU94AaABAg,@desra.purba_,Fix orng dalam penjara😂😂😂😂😂,0,0,2024-06-09T14:32:45Z,False
Ugz9a2qPW6TdGMH2d0x4AaABAg,@artatilagulmartati5723,Aku prnah ditlpon penipu kta nya aku dpt undian brhadiah uang tp aku nggk prcya aku mti kn hp lngsung..ini pljrn buat kta smua..spya brhti2 dn tdk mdh prcya sm orang yg tdk diknl,0,0,2024-06-09T09:52:02Z,False
UgwlVWU4Z9rYRhlBZT14AaABAg,@nyonoronoastro3606,"Ini pak kapolri mudah2an belio ini lihat bahwa ceritanya pelaku nya angkatan si polisi, nipu warga sipil.",0,0,2024-06-09T08:28:51Z,False
UgxzSNE9wF4jzMapBMN4AaABAg,@randomchanel8630,Kau saja yang eror .. buat emosi sja nonton kau in…,0,0,2024-06-08T22:51:16Z,False
Ugw2pAhJegtg8uC4ATl4AaABAg,@didinservice2741,"memang modus penipu sekarang sudah amat baik,  mari kita tingkatkan kewaspaaan kita mulai saat ini, agar kaum penipu ga bisa makan, hahaha....",0,0,2024-06-08T10:00:56Z,False
UgwppYSjXcljohGCY714AaABAg,@handayanipri2311,Pengurusannya Ruwed banget...,0,0,2024-06-08T05:20:22Z,False
Ugwcx5ZCDTa77TJHVF14AaABAg,@malinjayamusik6222,"Apa apa di indonesia it ribet,negara apaan si",0,0,2024-06-08T04:17:10Z,False
UgwwZ2O04iEnZFKCkSp4AaABAg,@ratna.vianda,Hanya satu kata : Luu goblok...!!,1,0,2024-06-07T23:07:30Z,False
UgxtaYfCGqU_fYj3qfV4AaABAg,@rizkidwiariyanto7994,"Kasus mirip dengan aku, kena penipuan pinjol mengatas namakan BRI.. Jadi kena 2 pinjol.. Akhirnya galbay",0,0,2024-06-07T08:47:37Z,False
Ugy5_Ko3jIGq3lcwTmd4AaABAg,@alikaputry6453,"Masa polisi seragm ny bgtu bang,gambr ny aj udh ketauan,itu bohong polisi gadungn",0,0,2024-06-06T21:34:06Z,False
Ugx3EywqMqsPAZzZpQt4AaABAg,@thezhamin5676,"BUKA 
JANGAN DI TUTUPI BIAR SELURUH RAKYAT INDONESIA TAHU MUKA SI PENIPU.!!!",1,0,2024-06-06T14:29:37Z,False
UgwxRXraQgePo-kO7JB4AaABAg,@ferifadly9889,Ini sama kayak yg nelepon q. tapi ditengah percakapan q sadar kalo ini penipu. Alhamdulillah q gak kenak tipu. 😂,0,0,2024-06-06T06:47:00Z,False
UgyJmislrsRhxJhjCyR4AaABAg,@inayahcat7264,Biasax penipu ini nelp pas jam tidur.. jd saat kita bngun dn terima telp nda fokus  dan mudah terhipnotis... knp sy bilang spt ini krn sy jg prnh ngalami 😂😂😂,1,1,2024-06-06T03:18:21Z,False
UgyJmislrsRhxJhjCyR4AaABAg.A4KTr0xOsCBA4KUIz2AaJb,@inayahcat7264,😂 lbh parahx sy itu smpai kluar pergi k atm ambilin uang utk penipu itu.. Sy sadar saat ada bunyi  sms bnking dari hp bhw udh didebet  sejumlah  uang  .Jd skrng klw ada telp nda nmax nda akn sy angkat.  Kpd sdra dn tmn sy wanti2 klw nelp sy pk no baru hrs disertai sms..,0,0,2024-06-06T03:22:19Z,True
Ugwh4u-jtU4BJtjsnQt4AaABAg,@aishamadraji3876,Suara penipu itu uda terkenal.,0,0,2024-06-05T09:18:47Z,False
Ugy4eAOI7Qch2pWAnO94AaABAg,@grafikautama,"Di tipu 1 .500 lapor polisi kena biaya 2 JT.. tranportasi 200 ribu makan 200 ribu, sampai rumah sakit kena biaya 1 JT.., mending kalo habis kena tipu..pura pura tidur aja ..sambil buat pelajaran .karna aku juga pernah kena 1.700 mengatakan fif",0,0,2024-06-05T08:29:01Z,False
UgyPoARtPLzLRUEJkzd4AaABAg,@anythinglookatme,Emg mgerasa beli paket?,0,0,2024-06-05T06:58:57Z,False
UgwKLkLId4_Rp2-njNx4AaABAg,@KozNChanel,ijin share ya gan 🙏,1,0,2024-06-05T03:35:30Z,False
Ugwt9vPx17IyWDeMmLJ4AaABAg,@irapuspitasari9031,Wallagh mo az percaya gituan smw nya ituh penipu smw. Itu trick mereka. Baik polisi dllnya. Kalo saya jadi anda. Saya matiin ituh telpon.,0,0,2024-06-05T00:49:01Z,False
UgwdWKqgFoLbFjFmJyR4AaABAg,@louhanmania9961,"Gw juga pernah dapat telepon kaya gitu, tapi terus gw ngomong sama si penelpon "" Ngarang aja luh"", terus langsung gw putus teleponnya.",0,0,2024-06-04T18:49:08Z,False
Ugx7nzaugua_f95MhY54AaABAg,@tjungkethiung6584,Idiot 😂,0,0,2024-06-04T18:30:54Z,False
UgxmKb0Qv87zLaDXdv14AaABAg,@bundaapipo6019,suaranya khas koq ....PENIPU...,0,0,2024-06-04T18:22:47Z,False
Ugz2Mm5m48ui3yDRI0J4AaABAg,@kawasaki3801,"Aslinya kamu itu tolol yg menganggap dirimu pintar saja, yg ngaku kamu pitar malah lebih goblok lagi termasuk ayah kamu juga goblok dan tolol",0,0,2024-06-04T17:36:02Z,False
UgwnnLvCJtfTDt7cOFV4AaABAg,@goldy.berliandaru2,"FYI:
Aku Pernah Dapat Telepon Dari Pos Indonesia Dengan Suara Robot 
Tapi Yang Masuk Ke SIM 2 Telkomsel Alias Operator Plat Merah
Setelah Diangkat Langsung Aku Matikan (End Call)


Emang Sih Kebanyakan Itu Operator Plat Merah Yang Kena Sasaran Modus Penipuan Telepon Pos Indonesia",0,0,2024-06-04T13:59:13Z,False
UgwxlLnTpTRlN758I1B4AaABAg,@KkKk-db8xc,"Q juga kena seperti itu bang blm lama ni,tp blm sampek kirim   uwangx ,  q udah curiga  mau kena tipu ni  , tp  q  bunggu harus gimana,, trs dari pada binggung q ganti   nomer tlfon   aja",0,0,2024-06-04T13:01:38Z,False
UgxD6FgwiR1UolbjepJ4AaABAg,@revydaniel4994,Seharusnya mukanya gk usah di tutup biar jelas..,0,0,2024-06-04T00:16:42Z,False
UgwiaT9Qza72N8DwAzl4AaABAg,@trenz1021,"Jangan pernah mau menyelesaikan suatu perkara secara online, fix itu penipuan. Jika memang berperkara, tunggu aja pak polisinya datang ke rumah membawa surat penangkapan, nanti di kantor polisi aja jelasin semuanya, kalau mmg kita gak berperkara ngapain ladenin penyelesaian perkara via online. Semoga jd pelajaran, dan terhindar dr fitnah, krn ini mmg zamannya fitnah.",0,0,2024-06-03T23:41:21Z,False
UgwcsZLrcvTSduxaxwB4AaABAg,@NP_Fam1ly,"Oalah mas mas, dah banyak ngomong tapi sampeyan gak cerdas.
Sia² disekolahin",0,0,2024-06-03T23:03:40Z,False
UgwUwRleMctTgOz2hKR4AaABAg,@indah-n9,Jlas ada pemandu nya dr ordal sdh terlatih,0,0,2024-06-02T13:37:21Z,False
UgyCI1rU5cm1O96I9hR4AaABAg,@titinsupriatini7482,Trimakasih infonya mas....,0,0,2024-06-02T07:01:43Z,False
Ugy5P6SC3qd4E5ZtFG14AaABAg,@mirnaw4662,Suaranya sama orang orang itu jg peniou yg sama cm gaya modusnya yg beebeda,0,0,2024-06-01T19:59:24Z,False
UgzQb3dBE2cUO4RgIwx4AaABAg,@andriyanisaputra5757,"Terimakasih videonya orang baik,semoga Alloh SWT memberikan rejeki yang berlimpah ruah dari segenap penjuru.Semoga penipunya tertangkap agar jera",0,0,2024-06-01T10:18:36Z,False
Ugzy_ltdtK6FR-arkRx4AaABAg,@thestorygoes08,"logatnya  dan timbre suara  penipunya udah biasa kita dengar,saya juga pernah kena, ngaku ponakanku ketangkap polisi bawa motor bodongdan aku gak mikir  ponakanku di bekasi aku lagi di sulawesi dan aku harus bayar tilangnya motor bodong  tersebut",1,0,2024-06-01T08:57:42Z,False
UgyypjP7CgjZNeM57J14AaABAg,@hedwigjoan3128,"SUARA PARA PENIPU ITU COBA PERHATIKAN SUARA2 ORANG BATAK.
ANAM
K MAHASISWA TAPI KO TOLOL YA?
GA KENAL ORANG TAPI GAMPANG KASIH NO WA Nama lengkap ? YA TOLOL !!",0,0,2024-05-31T10:44:34Z,False
UgwsKR9hjyEEnplDGit4AaABAg,@dwytbakulklambi,Saya dituduh menyelundupkan barang ilegal dan saya ludes 54jt😢,0,0,2024-05-31T07:19:50Z,False
UgwBj6G1y82NLNlyGIJ4AaABAg,@UjangUsman-y5c,754.komentar...ayo Broo..bersatu bersama agar saodara kerabat family teman...siapapun juga harus kita bantu. Ungkap,0,0,2024-05-31T06:51:12Z,False
Ugzt9cxNXMqtXLyfVqN4AaABAg,@UjangUsman-y5c,Untuk yg..terhormat Mas Biyorka...yg ahli dlm peretasan ..mohon dgn sangat bantu..ungkap...penipuan ini ...Krena yg menyebut dirinya Biyorka pasti bisalah,0,0,2024-05-31T06:47:38Z,False
UgwcBbDMVEBf1bx06Zp4AaABAg,@UjangUsman-y5c,Yg pernah kudengar dn ku liat di medsos tempatnya..bisa dlm lapas..jika laporan ke polisi....ggk bakalan di proses.....mereka berkelompok..dn pinter...sangat rapi..semoga aparat yg bertugas di cyber...bisa ungkap kasus ini.,0,0,2024-05-31T06:43:44Z,False
UgxQQlDB6VXUofly8kJ4AaABAg,@UjangUsman-y5c,Jadi kita harus benar2 waspada...kasian masnya pelaku emang Anjinggggh mudah2an bisa segera terungkap ketangkep...salam untuk Masnya ikut bersedih,0,0,2024-05-31T06:35:10Z,False
Ugy5jP7p2U2nKZSDecV4AaABAg,@UjangUsman-y5c,Ayo warganet segara  viralkan Krena udh banyak korban......kita sepakat..berantas....dgn medsos dgn cara kita.,0,0,2024-05-31T06:29:19Z,False
UgzEURUlMCim6boFI-F4AaABAg,@utariamaf1903,"Hapus aja kalau ada wa dari orang asing
Jangan terima tilp dari orang gak dikenal",0,0,2024-05-31T05:41:47Z,False
UgxJpWC89W4anbphT8J4AaABAg,@SamuelLayaLolon,Barusan dpt tlfn dari kantor pos pekanbaru cuy. Katanya ane ngirim paket dan bla2 sama persis.,0,0,2024-05-31T03:51:10Z,False
UgwjEOVuqLEKbTE-bFp4AaABAg,@Adik123-xf1rg,"Angran bsar untuk kpolisian , mlindungi, mngayomi , msih jauh",0,0,2024-05-31T01:05:02Z,False
UgwzYCKPKqjayRtwa_V4AaABAg,@hermanyosephandoko5061,Kena juga aku...untung aja gak kekuras ATM ku,0,0,2024-05-30T03:26:17Z,False
UgxTiZtmSN30HxrBLIV4AaABAg,@roseerouse5962,kena hipnotis,0,0,2024-05-30T02:58:24Z,False
UgzKrPmV1qaiHXj8dRJ4AaABAg,@whoiamay,Tranfernya dr bca kok minta rekening koran ke bri? Hehe.. Di sekolah ngapain aja bro?,0,1,2024-05-30T00:32:01Z,False
UgzKrPmV1qaiHXj8dRJ4AaABAg.A429Fdg6t6lA42fiQqSXNg,@IqbalQoreshi,"Ditonton lagi videonya, saya minta rekening korannya ke BCA, tapi sama BCA disuruh bayar admin yang saya sendiri udah ga mampu bayar karna uang saya ludes, lalu dama BCA disarankan ke BRI karna saya transfer nya ke REKENING BRI, saat di BRI saya itu konsultasi, ada solusi atau engga begituuu...",0,0,2024-05-30T05:24:27Z,True
UgzRZi0qWpiKI8r8PnN4AaABAg,@TheYaya1971,"Ribeeet banget urusannya ya, di oper2",0,0,2024-05-29T05:45:51Z,False
UgyYejncP_VqJlW7Jip4AaABAg,@indakar8040,YUDI GUNAWAN Itu nomer rek a.n. itu yg banyak digunakan untuk banyak penipuan terutama di rek bank BPPN,0,0,2024-05-29T04:24:38Z,False
UgyvbOv9oSGsnV9RE3d4AaABAg,@yaszerone,"Ribet bgt yah polisi dan pihak bank nya
Jadi males ngurus.",0,0,2024-05-28T07:09:58Z,False
UgygWoHSI75hlsuraC14AaABAg,@syelsadipun3042,Goblok aja aja bangga lu😅😅,0,0,2024-05-27T23:12:44Z,False
UgxUT1wuP31CczQmpNB4AaABAg,@babymarinapluto,bang ini settingan kan bang? lu sengaja niat bikin begini buat kasih edukasi ke netizen kan bang?,2,2,2024-05-27T08:22:09Z,False
UgxUT1wuP31CczQmpNB4AaABAg.A3wGfLa7t2SA3wHFAEIN3z,@IqbalQoreshi,"Sayangnya ini beneran bang, memang edukasi juga, cuma emang nyata uang saya ludes dan data saya udah kesebar",0,0,2024-05-27T08:27:11Z,True
UgxUT1wuP31CczQmpNB4AaABAg.A3wGfLa7t2SA3yhvaFihY3,@babymarinapluto,"@IqbalQoreshi jiah haduh kok jadi gw yg nyesek bang ya nontonnya, yg sabar bang semoga tuh penipu anjing kena batu nya sekeluarga mati",0,0,2024-05-28T07:07:31Z,True
UgxiJbQqYJVccnGPiDd4AaABAg,@endanglestari4213,saya juga pernah mas jadi ngerasain bener perasaan yang mas alami...diputer2..ga ada hasil. lapor eeh malah polisinya bilang ibu ko lulusan sarjana bisa tertipu...disitulah aku merasa Dahsyaaatt rasanya pengen nampol..🤣🤣,1,1,2024-05-27T05:18:58Z,False
UgxiJbQqYJVccnGPiDd4AaABAg.A3vwhhJLZeFA3vx8i96Cav,@IqbalQoreshi,"Ya namanya sial gaada yg tau pak, kalo saya tau saya ditipu, saya gabakal ketipu 🥲",0,0,2024-05-27T05:22:48Z,True
UgyKRHfhbP2u8zPJd6R4AaABAg,@yulianyulian7529,Aku kemaren hampir kena udah ke BCA dia suruh Poto saldo saya marah km mau tipu ya sayaaku blokir MLM jam9 telpon ngaku menejer BCA ngancam mau blokir rekening aku marah terus aku telpon kokoh dia bilang itu penipu untung cepet sadar,1,0,2024-05-27T03:16:31Z,False
Ugw81jcvUyux_CmuCxx4AaABAg,@ardihariadi8076,"Mohon tolong Pak Panglima TNI , aktifkan lagi petrus , penjahat penjahat yang nyusahin masyarakat ditembak mati, dan buang di tengah jalan buat contoh dan lebih praktis supaya ngga jadi beban masyarakat. Saya tidak ikhlas pajak yang saya bayar dipakai kasih atap dan makan sampah masyarakat di penjara. Lebih baik diretur ke sang pencipta.",0,0,2024-05-26T14:49:11Z,False
UgytcdJbqr1ZKXJ2Qy14AaABAg,@adeshan4126,"Kek nya uda kena hipnotis dirimu bro,klo aq yg di telp, ada no telpon yg g dikenal pura2 tuli aq, bolak balek aq bilang ""halo.. halo... halo.."" akhirnya emosi dia, ada yg lgsg di matikan tanpa permisi , ada jg yg bilang masak ga dengar, dasar tuli katanya 😂.",0,0,2024-05-26T07:43:02Z,False
UgxsRiRqjvSV_jYndNB4AaABAg,@yosyose5298,Kisah inspiratif..thks..,0,0,2024-05-26T00:28:34Z,False
UgwHiCIo3XoLFR9yndh4AaABAg,@juariahse772,Sebenarnya modus seperti ini penipuan online    sering terjadi  ...kita harus hati hati.....kalau masalah uang  jangan muda TF juga kalau masalah terima uang dari orang yg tidak kita kenal jangan muda menerina juga  bahaya  ....intinya  yg jelas  jelas saja😭😭,1,0,2024-05-25T21:43:46Z,False
UgwXFhlRMjiACh5qds54AaABAg,@dwiiswanto4869,Intinya polisi indonesia tidak membantu masyarakat,0,0,2024-05-25T20:22:42Z,False
UgzGLGTFlDJOrF2V9tJ4AaABAg,@boboy736,"Hp saya sudah punya fitur keamanan yang mantap. Setiap ada telepon dari nomer penipu dia otomatis memblokir, tapi ketika orang prang yg gak nipu dia gak mau ngeblok otomatis. Jadi aman🤣",1,0,2024-05-25T11:36:16Z,False
Ugy4gfQ0O7frrVxvfS94AaABAg,@cheeacia4180,Sama modus nya sy mah di telpon nya katanya rek sy di duga jd sindikat teroris dan narkoba.... modus nya sama polisi tp sy di Bali..... alhasil rekening habis semua dan sy jg kena hipnotis jd nurutin semua yang di inginkan,2,1,2024-05-25T06:06:37Z,False
Ugy4gfQ0O7frrVxvfS94AaABAg.A3qsZwIAdOFA4NQ9CwnPTU,@HamzanPradipta,Kena berapa... Ka,0,0,2024-06-07T06:43:45Z,True
UgwF2OgYU61meJI49GF4AaABAg,@nelceruth5818,"Aduh kasihan,...sabar ya dik ada Tuhan berdoa saja dan sllu berhati hati semoga ketangkep pelakunya",0,0,2024-05-25T01:17:14Z,False
UgyVvUoxy1xCwuogHD14AaABAg,@sugiartosugiarto3593,"HHHHH....ATI2 WASPDLAAAAHHHHH
.. SBNARNYA JIKA ANDA SEMUA BISA PERHATIKAN  LOGAT SUARA ITU SDH TDK ASING LAGI APALGI JIKA PKAI LAB. BHS. SUARANYA SDH JLS BNGET SUARA YG BIASA TUKANG TP......YG SRING SKALI NGAKU2 POLISI TNTANG ANAK KNA NARKOBA SDG DIAMANKAN POS  POLISI  LALU ORTUNYA DIMINTA TRNSFER NOMINAL SKIAN UTK DIBNTU URUS AGR SI ANAK  SGRA DIBEBASKAN Dstnya2  MODUS..",1,0,2024-05-25T00:59:14Z,False
UgzKd5fcuesrskeDLHR4AaABAg,@pinkycharlie8486,Kenapa tdk bilang kalau mas nya kena scam biar pihak bang bisa bantu karena kalau di Australia itu bang menolong dan tdk Akan kena biayaaaaaaa,0,6,2024-05-24T07:27:58Z,False
UgzKd5fcuesrskeDLHR4AaABAg.A3oS4tYvnMFA3oZAe5BGuN,@IqbalQoreshi,"Sudah, tapi tetap kena biaya, karna biayanya itu untuk cetak rekening korannya",1,0,2024-05-24T08:29:55Z,True
UgzKd5fcuesrskeDLHR4AaABAg.A3oS4tYvnMFA3olx7x9eia,@pinkycharlie8486,@IqbalQoreshi kalau di Australia kena gitu pihak bank tdk bertele tele dan uang juga kembali asal kan jgn lewat Dari satu bulan lebih kembalinya sgt cpt,0,0,2024-05-24T10:30:17Z,True
UgzKd5fcuesrskeDLHR4AaABAg.A3oS4tYvnMFA3omCffA1gv,@pinkycharlie8486,@IqbalQoreshi kalau kalian sdh lulus kuliah datang saja ke Australia 🇦🇺 kalian bisa krj disini jangka tiga tahun gaji lumayan tapi harus lulus kuliah namanya working visa,1,0,2024-05-24T10:32:32Z,True
UgzKd5fcuesrskeDLHR4AaABAg.A3oS4tYvnMFA3omlOllEO8,@IqbalQoreshi,"@pinkycharlie8486 gimana itu caranya? Bisa diinfo dongg 😅
Boleh via DM",1,0,2024-05-24T10:37:25Z,True
UgzKd5fcuesrskeDLHR4AaABAg.A3oS4tYvnMFA3op1bCQvol,@pinkycharlie8486,@IqbalQoreshi ada Instagram kah,0,0,2024-05-24T10:57:14Z,True
Ugz3354egW1Zy2NQ2DF4AaABAg,@pinkycharlie8486,Kalau disini lapor bang uang bisa kembalikan,0,0,2024-05-24T07:24:14Z,False
UgxbZe66Ao_wOSUKnRp4AaABAg,@nurw5935,Suara penelpunnya gak asing lagi.. suaranya sama...,0,0,2024-05-24T07:17:19Z,False
UgwsecF9ohcTfuTo9ON4AaABAg,@elvifontiani4133,"Ini seperti yg aku alami kmrn, ada no telp tdk sy kenal sy angkat ( yg biasanya aku gak pernah mau angkat no tdk sy kenal tp kmrn entah knp aku angkat), awal kalimat pertama “ tekan angka 8 “ spt di video ini, untung langsung sy tutup telp",1,0,2024-05-24T06:03:34Z,False
UgzHgnr1WYhdZmyJHy94AaABAg,@imamibnumasud2439,"Mohon maaf bukan menjelekan nama org ya. Penipu itu namnya sering  ada yudi, pernmana, lesmana, dst. Kl sdh dengar nama itu dan nomer tdk dikenalj. Suara dan logatnya  jg sama. Dimatikan sj.",0,0,2024-05-23T15:47:57Z,False
UgyEY3NUzJ1jg_qd7sl4AaABAg,@MasBro-j3h,kuras suka aku ngomong nya agak kotor,0,0,2024-05-23T15:02:53Z,False
UgxmqPlc3hNHY7qtV0F4AaABAg,@fifilidyawaty1740,Masa seorg mahasiswa sebodoh itu 😅,1,0,2024-05-23T11:08:46Z,False
Ugx_gHKA809AjUqMbyZ4AaABAg,@sorayadjamaludin7182,Muka lu ngeselin banget,0,0,2024-05-23T06:39:16Z,False
Ugzhd_4J8PpGDz5VFax4AaABAg,@sorayadjamaludin7182,Ngangkat no telp gk di kenal aja udah menunjukkan kedunguan anda eh pake panjang lagi ngeladenin.. Toloool bin dungu,0,0,2024-05-23T06:38:43Z,False
UgyQb-KRagnAQdYJEDl4AaABAg,@sorayadjamaludin7182,Gue malah eneg liat muka elu dgn ketololan elu.. Bego di piara terus sih lu... Muka elu emangbmuka tolol sih,0,0,2024-05-23T06:36:29Z,False
UgyXN-St6mZ2a4wHc0R4AaABAg,@partanaabu1952,"Benar mas pernah juga kena tipu, bukti screenshot transaksi ada,terus cara lapor ke polisi bagaimana mas",1,1,2024-05-22T23:02:33Z,False
UgyXN-St6mZ2a4wHc0R4AaABAg.A3kyS8puQtCA3lj6c8bDaw,@IqbalQoreshi,"Bawa semua bukti2nya ke polres, lalu bilang aja mau buat pelaporan",1,0,2024-05-23T06:07:46Z,True
UgxO2Yq3EYv0A7MWPt14AaABAg,@mamatinamawar9579,"dari dl Aq paling benci sm polisi,,, di depan umum sopanx minta ampun,, seprti apa gitu,, tdk sesuai kenxtaan,, lapor sana sini muter sana sini cm ngabisin ug aja,, laporan hx di tampung blm tentu di urus,, makax kita males ber urusan dgn polisi,, org udah kena tipu bukanx di bantu mlh di puter"" kyk kekehan aja,, Sabar wong Bagus nt rejekimu di perbyk sm Allah,, salam sm pacarmu yg baik hati❤ salam happy 🎤🎶🎵🌹🌹",3,0,2024-05-22T13:51:45Z,False
UgwDnihwAjLB8TWWDYl4AaABAg,@sunartisunarti1866,Aq tertipu 8.300.000,0,0,2024-05-22T13:06:13Z,False
UgxXnpI8-kCzJK81DW54AaABAg,@Kusy777ify,"Lapor ke polisi : ""Kehilangan WÈDUS jdnya kehilangan SAPI"" ... 😜🤭🤪",0,0,2024-05-22T11:15:29Z,False
UgxRxcUIDXJUUXeXzih4AaABAg,@DuniaSemenit-1,"baru kemaren juga dapet telfon kayak gini katanya paket gw macet di bea cukai malaysia ,karna gw gk ngerasan ngirim paket yadah gw tutup sambil gw maki"" orang nya",0,0,2024-05-22T09:46:04Z,False
Ugwt-nl3vK26MaXtndN4AaABAg,@haryadiharyadi7469,Iiiiih  penipu gadungan...lacak...getok aja..pelakunya ..hajar...,0,0,2024-05-22T01:18:12Z,False
UgzcLqEnWr1qQQeEEOV4AaABAg,@YennyGavella,"Koreksi
Dari suara si penelpon.. Itu adalah suara-suara... Orang-orang yang sering, nipu-nipu",0,0,2024-05-21T14:20:35Z,False
Ugz0Bf13Em0FoOmujS14AaABAg,@rusdicornelius8934,Intinya tolol,0,0,2024-05-21T09:48:10Z,False
Ugzg7R1Nrw9UJ8zBzX94AaABAg,@IqbalQoreshi,"""Kenapa kok wajah pelakunya disensor?""

Ini adalah video reupload, video yang  ORI saya buat tanpa sensor sama sekali, dan baru saja tayang 1 hari langsung di takedown youtube karna disebut ""Ujaran Kebencian"", jadilah saya sensor dan upload ulang.

Untuk yg mau tau Update laporan saya ke polisi gimana?
Bisa ditonton disini https://youtu.be/hyRq0ap_MuU

Buat yang mau liat versi saya telfonan full dan tanpa sensor sama sekali, bisa ditonton disini https://youtu.be/gwXj0dT2NfQ?feature=shared",60,16,2024-05-21T03:49:31Z,False
Ugzg7R1Nrw9UJ8zBzX94AaABAg.A3gKhDMPQNEA4PHDcjgTDZ,@SriPutri-gd3ti,"Kaka mending 1,5jt sedangkan aku kak kena tipu habis puluhan juta gara"" kena tipu juga kk tp gimna kk caranya biar uang bisa kembali kk soalnya tuh uang buat makan hari"" kk dan juga buat modal usaha kk mana buat anak masuk sekolah aku sdh lapor kepolesk ya sama ky kk dioper sana sini bikin koran juga",2,0,2024-06-08T00:04:11Z,True
Ugzg7R1Nrw9UJ8zBzX94AaABAg.A3gKhDMPQNEA4PHN2Gg170,@SriPutri-gd3ti,Harusnya tahun ini anak aku sdh seklh terpaksa ditunda lagi,2,0,2024-06-08T00:05:28Z,True
Ugzg7R1Nrw9UJ8zBzX94AaABAg.A3gKhDMPQNEA4nznirujgJ,@HamzanPradipta,"Kka hebat inget gt bisa ngevideo pas waktu ditelpon penipu.. Saya ga, inget kesitu... Jadi bukti cuma WA dr penipu ny aja",1,0,2024-06-17T23:43:29Z,True
Ugzg7R1Nrw9UJ8zBzX94AaABAg.A3gKhDMPQNEA4nzzXRUnt4,@HamzanPradipta,"@SriPutri-gd3ti semoga yg ditipu selalu dilancarkan rezekinya Kka... Kita berdoa... Tiap hari y Kka, untuk tidak didholimi lagi",4,0,2024-06-17T23:45:05Z,True
Ugzg7R1Nrw9UJ8zBzX94AaABAg.A3gKhDMPQNEA4pHIbyWB7_,@aso-hd5gy,"​@HamzanPradipta sy juga pernah diretas 10 hari sampai wa sy di ambil alih sma si peretas sampai sy tlpn ke semua aplikasi yg pernah sy loginin,sampai makan juga cuman 1sendok,juga ampir gak masuk,soalnya takut di salah gunakan
dan sy berdoa pada alllah pas ashar soalat tepat waktu,kata ustad doa yg mudah di jabah atau di kobul pas waktu solat ashar tepat waktu pas waktu sholat shubuh tepat waktu dan orang yg di dolimi kalau gak salah🙏,dan sy setelah berdoa memohon pada allah,biar wa sy balik lagi,dan pas malam nya sy terus berusaha di loginin lagi biar veripikasi nya masuk kesy lagi,sola nya udah bbrapa hari gak bjsa masuk,pas sy coba alhamdulillah wa sy balik kagi sendiri,di kkbul sm alllah,alhamdulillah,terima kasih ya allah💚💚💚",0,0,2024-06-18T11:44:22Z,True
Ugyg5Qpmwm5p9iAWBWd4AaABAg,@inigamejuga8juga652,"Kenapa mata pd wajah di stripe, ini bisa dipastikan penipuan jd gak usah takut, kan bukan oknum#cerita kang @Iqbal sdh menolong mengingatkan, lebih komplit lg wajah penipu dg jelas dpt(kami) dikenali",1,1,2024-05-21T03:28:48Z,False
Ugyg5Qpmwm5p9iAWBWd4AaABAg.A3gIKWVLunkA3gIuetEI87,@IqbalQoreshi,"Ini adalah video reupload bang, karna sebelumnya saya upload tanpa sensor sama sekali, dan baru 1 hari tayang langsung ditakedown youtube karna dianggap ujaran kebencian, lalu saya sensor dan videonya aman sampai sekarang, tpi untuk versi tanpa sensor saya upload ulang disini https://youtu.be/gwXj0dT2NfQ?feature=shared",0,0,2024-05-21T03:33:52Z,True
UgwX2RZUxwt8-irfWYt4AaABAg,@adellesmana5513,"Hilang cma 1,5 lapor polisi ya paling cm di trima LP nya trus di SP3 😂,, mnding lapor BRI buat di Blokir Rekening  plaku nya..!!",1,2,2024-05-21T03:27:46Z,False
UgwX2RZUxwt8-irfWYt4AaABAg.A3gICuuXP51A3gIzzmaxC0,@IqbalQoreshi,"Udah juga ke BRI, tapi dilempar balik ke BCA malah",0,0,2024-05-21T03:34:36Z,True
UgwX2RZUxwt8-irfWYt4AaABAg.A3gICuuXP51A3gK2RZAubK,@adellesmana5513,"@IqbalQoreshi yudh mas semoga lewat Chanel ini Allah ganti dengan Rizki yg Lebih dan Berkah, smangat ngonten nya mas.",0,0,2024-05-21T03:43:48Z,True
UgyhvrK66nt4SnCIHox4AaABAg,@retnowidaning457,Yaa Allah.. Semoga jadi pelajaran agar tidak ada korban lagi.,0,0,2024-05-21T00:47:54Z,False
UgwqhGzjBsOvQJcdSGt4AaABAg,@Aris-Nipunu3j4jtititk,Mantabs mas....sharingnya. makasih banyak yaaa,0,0,2024-05-20T12:54:03Z,False
Ugz7GeQEYRAorGeUAPV4AaABAg,@trrlrlrlrrrl,Biasanya kalo ada telpon gt saya langsung bilanga” jawa jawa jawa jawajawa jawajawajawajawajawajawa,0,0,2024-05-20T08:43:06Z,False
UgzhvwMyC-GkN_tdSh14AaABAg,@clientcoding5152,Terakhir ceritanya bodo.,0,0,2024-05-20T03:23:55Z,False
Ugy8_7e9PQgEoiEBhlh4AaABAg,@shembaofficial1992,@IqbalQoreshi sampean wong endi cak? Salken dr sidoarjo,0,0,2024-05-20T02:02:25Z,False
UgxWcqkIi5WUzX_A0ZZ4AaABAg,@aguschannel975,Knp itu penipu ditutup matanya udah jlas penipuan nya .  Lebih baik transparan aja gk usah ada privasi,1,1,2024-05-20T00:31:50Z,False
UgxWcqkIi5WUzX_A0ZZ4AaABAg.A3dPHWboNrMA3dbVoHEOKO,@IqbalQoreshi,"awalnya saya bikin video tanpa sensor, tapi sama youtube di takedown videonha karna dianggap ujaran kebencian, tapi kalo mau tau mukanya bisa ditonton disini https://youtu.be/gwXj0dT2NfQ

Tapi mukanya itu deepfake bang, alias Rekayasa AI",0,0,2024-05-20T02:27:23Z,True
Ugw4h1s-i_uTpfpCf6h4AaABAg,@raf7022,Makasih sudah bebagi sehat selalu bang,0,0,2024-05-19T17:52:10Z,False
Ugxli915QRev7uDThoV4AaABAg,@KarineSuryagantari,Rekening koran mas😊,0,0,2024-05-19T14:51:35Z,False
UgwUsceaBZfxHjKilLN4AaABAg,@noursari4714,"Kalau kasus saya KA nie pinjaman online atas nama Polda metro jaya dengan orang atas nama kartu anggota Ainur Rofiq,tolong saya KA ini penipuan ngga ya KA ,yang goblog nyah saya data data saya sudah saya kirimin kk terus suruh selesai kan administrasi nyah kk ya allah kka ,mungkin bisa bantu saya KA",0,0,2024-05-19T12:21:01Z,False
UgwGwGTKXh-SwDvfdAl4AaABAg,@noursari4714,"Assalamualaikum hai KA ,boleh bantu saya ngga ,saya juga ini kaya nyah mau ke tipu tolong blz KA saya TKW dari Dubai ,ini juga saya kenalan polisi",0,0,2024-05-19T12:17:23Z,False
UgxIxcpz8zMRTPDZf9Z4AaABAg,@fahadsofyan2796,Babi anjiiiiiiiiiinnnnnkkkkkkkk penipu2 kaya gini hrs di hukum rajammmm,0,0,2024-05-19T02:22:15Z,False
UgyKEz65EvvZSOxNoQx4AaABAg,@emahendrawan1738,"Ya bgitulah, urusan laporan  Hilang ayam habis kambing.",0,0,2024-05-19T00:17:34Z,False
UgyhZRWWn-o-XkakuOh4AaABAg,@thelastchange3346,"Aku pernah ditelpon orang ngaku polisi.dia ngomong gini ""nomor anda dikasih oleh pelaku kriminal ,anda penadah motor curian,ini dengan siapa nama anda ?""
Trus kujawab asal2lan..nama saya "" michael""
Penipu: michael apa ?
Aku : michael jackson
Trus penipunya ngomong gini : anda jangan mempermainkan pihak kepolisian ya, bla bla bla""
Kujawab : gak usah ngarang2 cerita saya penadah motor curian,datang aja kerumah,cari alamat saya di google ketik aja ""alamat rumah michael jackson"" .
Akhirnya sipenipu ngeluarin sumpah serapah.
Wkwkkwwk",12,2,2024-05-18T17:59:51Z,False
UgyhZRWWn-o-XkakuOh4AaABAg.A3a7cd1rbcMA4ByVrCzZPS,@AraS-gl3kn,Puk 😂,0,0,2024-06-02T20:01:47Z,True
UgyhZRWWn-o-XkakuOh4AaABAg.A3a7cd1rbcMADagEbrdNU0,@ceo6937,Wkwkwk😂😂,0,0,2025-01-22T12:24:56Z,True
Ugwegks7Tmc5YD8n0dR4AaABAg,@ZeronimeYT,"Gw respect ama lu bro. Lu ngakuin klo itu kesalahan lu pake alasan logis tanpa pake embel2 dihipnotis 😂
Emang sulit mengakui kesalahan diri sendiri dan org biasanya beralasan dihipnotis agar gak malu saat ditanyain org 🤣",1,0,2024-05-18T17:48:48Z,False
UgychQAb2wFldY0_Zax4AaABAg,@honor9lite1337,Okok,0,0,2024-05-18T15:36:33Z,False
UgxRbWOKJ3sGQ2Ek_p94AaABAg,@heryilmira2007,👍👍👍,0,0,2024-05-18T14:41:01Z,False
UgwKnUzNsyKYKFn52_t4AaABAg,@ImronFatoni-u5t,Kalo Memeng Yg anda ceritakan Benar harusnya Ga boleh di tutup mata nya..biar org semua tahu Mas.kan ini Penipuan...,0,1,2024-05-18T12:51:13Z,False
UgwKnUzNsyKYKFn52_t4AaABAg.A3__JAk3G8EA3_a5nxQr1w,@IqbalQoreshi,"Awalnya ga saya sensor bang, tapi di takedown sama youtube, coba tonton disini, saya upload versi full no sensor : https://youtu.be/gwXj0dT2NfQ?feature=shared",0,0,2024-05-18T12:58:08Z,True
UgyXpanRTVk3alkxBxZ4AaABAg,@kaisarmandiri8827,"itu baru yang tertipu karena udah transfer 1,5 jt mas. Siap-siap & waspada kalau ada DC datang ke rumah menagih pinjol atau yg lain karena mas nya udah dengan polos vc dengan posisi memegang KTP.",1,0,2024-05-18T09:02:21Z,False
UgyfRb1jNreH8bbpMJ54AaABAg,@zuzanti6458,Itumas kena hipnotis maka setiap apa pun kt berinteraksi sama org tak dikenal gtu Iqbal serta kan nama Allah karena saya pernah seperti itu tp saya blg kt transaksi Allah jd saksi terus karena saldo. Saya pun gak ada jd penipu lari semdiri,1,0,2024-05-18T07:30:34Z,False
UgwTTjfOQk2gBb0QKwV4AaABAg,@zuzanti6458,Itu kyk kena hipnotis,0,0,2024-05-18T07:23:39Z,False
UgyylGvcwsus-Anj6514AaABAg,@zuzanti6458,Semoga jd pelajaran mas sabar ya kt jada hikmahnya,0,0,2024-05-18T07:23:21Z,False
UgyNkG8xVsMvqGJRJ_J4AaABAg,@zuzanti6458,Lingkaran setan,0,0,2024-05-18T07:21:43Z,False
UgzyIokH8a6jXKsJOUp4AaABAg,@greenforce950,Semoga semakin cerdas,0,0,2024-05-18T07:07:32Z,False
Ugz3hOw07_JFJs3gR1x4AaABAg,@rossumaa3733,Itu komplotan mereka,0,0,2024-05-18T02:44:38Z,False
UgzzwQrTyPi9sq07U6B4AaABAg,@beathaflorence5386,"Turut prihatin Mas
Jadi edukasi yg baik
Biar korban penipuan tidak ada lagi",4,0,2024-05-18T00:35:52Z,False
UgyRpCPQIQkEwZEi9dt4AaABAg,@AndikaaSaputraa,"MODUS PENIPU TERBARU: ATM Ludes, Video Call Deepfake dan Mengaku Polisi.",0,0,2024-05-17T19:41:55Z,False
UgyMgoG1B9G086QjVbV4AaABAg,@martono8221,Anggap saja pengalaman untung uang di ATM tidak terlalu banyak. Jika mau di proses Polisi seharusnya gampang cari pelaku nya karena ada nama dan no rek  BRI dan alamatnya,1,0,2024-05-17T16:26:33Z,False
UgywInYy4DQQbSF5rxZ4AaABAg,@angelnature1139,Apa karna ada hipnotis nya ya sampe kknya bingung gt,0,0,2024-05-17T10:28:28Z,False
Ugy8-6vSIUNWOF2wIZB4AaABAg,@sjulaiha7,"Lapor ke bri lagi bang, biar rekening penipunya dibekukan via online aja",2,2,2024-05-17T10:14:16Z,False
Ugy8-6vSIUNWOF2wIZB4AaABAg.A3XiYlLfr3fA3XqF3tIIZB,@IqbalQoreshi,Emang bisa kak? Tapi kenapa BRI waktu itu ga ngasih solusi itu ya?,0,0,2024-05-17T11:21:29Z,True
Ugy8-6vSIUNWOF2wIZB4AaABAg.A3XiYlLfr3fA3XulsNKcXK,@sjulaiha7,"@IqbalQoreshi CS nya emang gak ngasih tau Kak tapi biasanya kalo ada laporan scam kayak gitu si penipu dibekukan rekeningnya dan dilakukan proses investigasi, aku dulu pernah di bank kak, kakak lapor via CS call aja",0,0,2024-05-17T12:01:03Z,True
UgxI8utmiYn-Id2lr3F4AaABAg,@muhammadabduh2440,Kenapa matanya di tutup  warna hitam,1,1,2024-05-17T09:05:00Z,False
UgxI8utmiYn-Id2lr3F4AaABAg.A3XacPMHuf2A3Xofz4UYyk,@IqbalQoreshi,"Karna kemaren kena takedown youtube bang

Coba tonton disini, saya upload lagi (semoga ga ditakedown youtube) https://youtu.be/gwXj0dT2NfQ?feature=shared",0,0,2024-05-17T11:07:49Z,True
UgyZHkZwQIrpNR_77z14AaABAg,@desideriamargaretha901,Saya Juga ngalami kejadian kaya ini..sama persiss,1,0,2024-05-17T06:19:37Z,False
UgxpI6q_YnRsv2e4WeF4AaABAg,@AmirEfendi-ze5vw,Semoga pelaku ny knk tanggal d dihukum seberat2 ny.,0,0,2024-05-17T04:35:43Z,False
Ugwn0kBKB4AlLM2EVQN4AaABAg,@YAm2ncreative,Gak merasa punya paket kok diterusin toh leeeeee.....leeeeee,0,0,2024-05-16T15:32:32Z,False
UgxV7KnZA8_vhV4TYYt4AaABAg,@duitkawak62,"itu namanya bukan lagi penipuan,,lebih ke hacking braind,,,  bagi yg blm tau apa itu hacking braind,,cari?tanya aja ke google",0,0,2024-05-16T12:49:02Z,False
UgwOIrG0b9eJuLksoad4AaABAg,@DS-wq7vy,"ayo bantu viralkan bila perlu sampai ke tangan kapolri, polisi itu pasti bakal diciduk.",9,0,2024-05-16T11:32:56Z,False
UgwT3uJMuhBOf9kvgi94AaABAg,@DS-wq7vy,"itu sih polisi gadungan, perhatikan kelengkapan pakaian seragamnya, ada pangkat tanpa atribut.",1,0,2024-05-16T11:16:35Z,False
UgzL_E1qHqT4RN-5mtd4AaABAg,@tetisuhaeti8976,18:35 BRI sering sekali bermasalah kasian nasabahnya yh ...,0,1,2024-05-16T08:50:18Z,False
UgzL_E1qHqT4RN-5mtd4AaABAg.A3V-8ws9M1hA9IrEa5ndyV,@Arwana-q1u,BNI sama tapi kasusnya kebanyakan ditutupi kalau BNI,0,0,2024-10-07T18:49:55Z,True
UgwIPeoJIYyUp9iCuzx4AaABAg,@masasrori5919,"modus kantor POS dan telp ga dikenal lg tren, di HP saya telp ga di kenal dan sms tentang paket bermasah jg byk tp karna saya  pikir ga da hubungannya dengan saya maka saya abaikan saja",1,0,2024-05-16T01:43:15Z,False
Ugx8F8sqPV9lKfDFi_F4AaABAg,@apajadinya2251,Gue DM  lewat IG tak di balas,0,0,2024-05-15T23:11:18Z,False
UgwwNqCmZqeOsycl5714AaABAg,@AMELIAOHAMELIA,"NAH ITU SERAGAMNYA BANG TRUS ITU DINDINGNYA KALAU RUANGANYA KOSONG POLOS AJA 😊 NGA ADA FOTO ATAU GAMBAR PRESIDEN apa kek 
LALU GIMANA KAK JD PENASARAN GOBLOKNYA ABG SEJAUH MANA 
DAN JANGAN SALAH LHO ITU KADANG MEREKA KOMPLOTAN KRIMINAL ITU JUSTRU MEREKA DI LAPAS / LP SEMUA LHO 😊KARENA MEREKA KERJA SAMA 😊",0,0,2024-05-15T16:19:47Z,False
UgyfmSHzPV8dlOG3jl54AaABAg,@dewidian7304,Mksh sdh beebagi pengalamannya.,1,0,2024-05-15T14:50:56Z,False
UgwuoFbYAnQQjAKmZft4AaABAg,@Channelsofia2014,"kmrn aku jg dpt tlp ngakunya dr bank mandiri ada transaksi kartu kredit,terus di sambungin ke mabes polri,dan katanya aku kena kasus pencucian uang,di hubungkan dg kasus linda chen katanya ada ktp dan atm atas nama saya utk pembukaan rekening pentransferan dana korupsi dan saya di introgasi kayak org gila,tlp dr jam 1 siang sampai jam 4,untungnya aku teriak fan lari ke rmh tetangga,",1,0,2024-05-15T13:58:51Z,False
UgxdFXODKm6gvrnU8Ap4AaABAg,@wayan2009,"Saya juga pernah ngalamain suruh bayar tagihan Telkom di Manado.. akhirnya katanya nama saya ada di kelompok pengedar narkoba disuruh foto pegang ktp juga tapi sadar waktu mereka minta foto dengan buku tabungan ... saya bilang untuk apa,,, jawaban mereka sama seperti ke mas tadi,,,, langsung saya tutup... gak lama mereka telpon beberapa kali bahkan whatsaps tapi gak saya tanggapi",2,0,2024-05-15T10:54:29Z,False
UgzxwRFF4FIB3sPlqZN4AaABAg,@AripParjono,"Aku jg pernah, tapi lngsng d matiin dan selesai.",0,0,2024-05-15T09:25:06Z,False
UgwcyCJ_Ry9s9zANWRl4AaABAg,@herupambudi5968,"Perhatikan nada bicara penipu rata2 sama yaitu logat sumatra dg gaya tujang obat, jadi wadpadalah",1,1,2024-05-15T00:50:37Z,False
UgwcyCJ_Ry9s9zANWRl4AaABAg.A3RZSh6spGsA3a5QyerlH9,@thelastchange3346,Itu logat sulawesi,1,0,2024-05-18T17:40:38Z,True
UgwcAKpCMwxr2lYZZr94AaABAg,@muhammadfachri9693,"Logat penipu sudah sangat familiar di kuping kita,  asal sul sel khususnya Sidrap",10,0,2024-05-15T00:25:20Z,False
UgxlLY1ftVVC8KpgqHB4AaABAg,@adden5505,"Apapun modusnya, jangan pernah transfer/membayar/memberikan pulsa dan sejenisnya mau ngaku siapapun, karna kuncinya penipuan adalah mengambil uang kalian
dari cerita di atas sebenernya walaupun sudah menyakinkan, tetap terendus modusnya menyuruh transfer ke rek lain hanya untuk pemeriksaan rekening, Kepolisian asli tidak perlu meminta riwayat transaksi kalian kalau memang kalian tersangka transaksi ilegal",1,0,2024-05-14T20:05:04Z,False
UgxDKUHbEyiqswhS5v14AaABAg,@Kucuut,"Jangan tolol broow ngapain lo lapor polisi uang 1,5 anggap sial aja.....gua 100 juta sudah jelas tau orangnya tapi beda daerah aja polisi gak bisa nangkep.....gak usah percaya polisi ribetttt",1,0,2024-05-14T11:55:55Z,False
UgxL2V5XI8PzloWS_eV4AaABAg,@om.gembul,"CS sekarang itu gak ada cowo, 99% cewe semua dengan suara aduhai.
CS pinjol aja cewe 😁",1,0,2024-05-14T11:42:02Z,False
UgzJ6Ecy-rb57QjHy6p4AaABAg,@skydomeblue,"Semakin lama semakin canggih si maling penipuan telpon. Mereka gunakan metode social engineer yang modusnya semakin lama semakin berbahaya. Tetap waspada, apalagi skrg zaman AI bisa membuat tiruan. Sangat berbahaya.",2,0,2024-05-14T11:30:11Z,False
UgwW-l_ZoaH9cbBuLL54AaABAg,@IqbalQoreshi,"Update laporan saya ke kepolisian : 
https://youtu.be/hyRq0ap_MuU",2,0,2024-05-14T11:06:38Z,False
UgwgbBlQ-SEpWy9Rcbp4AaABAg,@goldy.berliandaru2,"Dulu Tahun 2023 Saya Sudah Pernah Ngalamin
Pas Ada Telepon Masuk Disambut Suara Robot
Suruh Tekan Angka Tertentu
Ya Sudah Saya End Call Saja
Jantung Aku Dag Dig Dug alias Deg Degan",1,0,2024-05-14T11:03:31Z,False
Ugz6TgWs4SqSjsKTEpR4AaABAg,@lumisnoyarts,terus kelanjutannya gimana ini?,0,3,2024-05-14T11:02:03Z,False
Ugz6TgWs4SqSjsKTEpR4AaABAg.A3Q4d4Nj_J1A3Q51B7ZA6c,@IqbalQoreshi,Kelanjutan laporannya disini : https://youtu.be/hyRq0ap_MuU,0,0,2024-05-14T11:05:28Z,True
Ugz6TgWs4SqSjsKTEpR4AaABAg.A3Q4d4Nj_J1A3Q5WZwdDm6,@lumisnoyarts,@IqbalQoreshi sedih banget g ada kelanjutan :(... kok gini banget ya... trus kalau masalah ginian mah harus pergi kemana kalau polisi aja kek gini,0,0,2024-05-14T11:09:46Z,True
Ugz6TgWs4SqSjsKTEpR4AaABAg.A3Q4d4Nj_J1A3Q5tOpuSPN,@IqbalQoreshi,"Balik ke tuhan bang, mungkin itu teguran buat saya, karna saya mungkin ibadahnya masih suka telat² :)",0,0,2024-05-14T11:13:01Z,True
Ugx65AaXGvlg4_FQvwN4AaABAg,@goldy.berliandaru2,"Kenapa Sampeyan Mendapat Telepon Tidak Dikenal Yang Mengaku Sebagai Kantor Pos Suruh Tekan 8
Yaitu Karena Bisa Jadi Data Pribadi Bocor Di BreachForum Lalu Dijual atau Bisa Jadi Karena Sampeyan Buang Resi Sembarangan Tanpa Coret / Digunting
Maka Dari Itu Kalau Sampeyan Belanja Online 
Sampeyan Coret Coret Data Pribadi Di Resi Lalu Dibuang Setelah di Coret",1,1,2024-05-14T06:37:43Z,False
Ugx65AaXGvlg4_FQvwN4AaABAg.A3PbO5-7lnaA3Q47i0UmAf,@IqbalQoreshi,"Saya selalu corat coret bahkan saka gunting nomor resi setelah belanja online, tapi kalo data pribadi bocor dijual belikan, gatau lagi saya...",0,0,2024-05-14T10:57:38Z,True
UgzRtjQqDq7cNVmyFXN4AaABAg,@KhairanGamers,ya kalau logika nya ente gak ada urusan apa apa gak usah di ladenin,0,0,2024-05-14T03:17:27Z,False
UgznYoahzQ0lM6B38rt4AaABAg,@liro25,"Yamas biar semua orang tau semuanya viralin teros mas makasih,",0,0,2024-05-14T02:26:30Z,False
Ugwuaw45XVXWCSJRadF4AaABAg,@greatndit,"0:28
ini lho awal mulanya . yg saya heran itu mas nya ini mikirnya gimana sih waktu itu ?
ada barang kiriman orang , trus nggak bisa diambil
tapi di 2:11 kok mas nya bilang ngirim paket ke orang ?
2:22 ternyata ada paket dari riau yang alamat tujuannya di MEDAN , sedangkan rumah mas nya di surabaya
mustinya tanya nama penerimanya itu siapaaaaa ?",1,2,2024-05-14T01:57:42Z,False
Ugwuaw45XVXWCSJRadF4AaABAg.A3P6L6pJEZrA3P7C9IM_MR,@IqbalQoreshi,"Nah itu dia....

Awal mula sistem bilang ""ada paket yang belum diambil""

Lalu pas telfon teller nya, dia bilang ""ada paket yg dikirim atas nama iqbal (saya)""

Lalu paket nya illegal dan dikirim dari riau ke medan, dan nama penerima nya ""KELVIN LIN"".

Kalo dipikir ketika udah sadar gini, saya baru bisa menyimpulkan kalo ini gamasuk akal, tapi gatau kenapa pas telfon semuanya kayak masuk akal aja gitu :(",1,0,2024-05-14T02:05:12Z,True
Ugwuaw45XVXWCSJRadF4AaABAg.A3P6L6pJEZrA3PEYFne4Uw,@greatndit,"@IqbalQoreshi 
Mungkin ya ada unsur hipnotis atau apalah itu...",0,0,2024-05-14T03:09:23Z,True
UgycvERQC8SUb4BbE414AaABAg,@Yahya-ws5mm,Data pribadi berawal diketahui mungkin dikantor pos.Ada yg memakai cara telepon rumah anda akan diblokir karena nunggak berbulan.dan juga tuduhan  terkait masalah narkoba supaya cemas.Jalan cepat putuskan komunikasinya.Nanti  bisa dicek no.tlpnya,0,0,2024-05-13T16:48:35Z,False
UgzP8d5ASPrQeDbgz014AaABAg,@8urekurj,"jiwa mudanya semangat sekali mas, mantab. walaupun uang tidak kembali, disini ada beberapa pelajaran yg kita bisa ambil hikmahnya. 1 tetap wapada terhadap telepon asing 2. kita bisa tahu kinerja pihak bank yg lempar tanggung jawab 3. betapa ruwetnya buat laporan kepolisian dipimpong sana-sini 4. lumayan buat nambah kerjaan polisi dari pada makan gaji buta duduk dikantor doang 5. dengan laporan seperti ini semoga bisa kena mental para penjahat ini setidaknya polisi dengan banyak laporan kasus ini bisa lebih mengutamakan pemberantasan kejahatan kayak ini",12,0,2024-05-13T15:03:26Z,False
UgyO88ypdPNq_fQu9CN4AaABAg,@TinaTin1-g4g,Di puter2 gtu ow mz.. trimakasih ya info pengalamannya. Smga mz Iqbal tdak kena tipu lagi.. Lebih hti2 ke depannya.. Aku pernah.. tpi beda kasus mz.. klu aku di tipu menang tender mobil sport 270 jt.. hhhhh lha wong sya pya byak teman polisi.. lha kog penelpon pakai nmornya temenku yg polisi itu.. trnyata tmenku itu kena hack..🤦🤦🤦,1,0,2024-05-13T14:22:21Z,False
Ugzl3Kfl6qJmMMinF754AaABAg,@TinaTin1-g4g,Waduh ngeri gtu mz... Y klu aq ada tlf masuk nmor tk di kenal aku biarin aja.,1,0,2024-05-13T14:10:40Z,False
UgwY9OrJbCL4H7H0MUZ4AaABAg,@odobrebbreb143,"Makanya milih RT harus yg pintar, jgn bodoh serperti RT yg tadi",0,0,2024-05-13T13:10:55Z,False
UgwRU7Dpq9OgEdNFsjV4AaABAg,@detektifcilik,Polisi gak bakalan kerjakan kalo gak ada d,0,0,2024-05-13T12:26:03Z,False
Ugytwg3kfEaHmemd-7x4AaABAg,@detektifcilik,"Komplotam suara² penipu itu orang batak, gw pernah dengar suara mereka,",1,0,2024-05-13T12:25:24Z,False
UgwBde5dpEfmRzzUfPB4AaABAg,@detektifcilik,Modusnya selalu di kaitkan dengan narkoba supaya korban takut,0,0,2024-05-13T12:24:49Z,False
Ugx4Cw7WYofCe27exBR4AaABAg,@detektifcilik,"Modus gini tahun lalu, yg ketipu ibu saya yg udah 80 tahun",0,0,2024-05-13T12:21:56Z,False
UgznVeM28wqYY0uNAaV4AaABAg,@detektifcilik,Wajahnya kek batax,0,0,2024-05-13T12:21:10Z,False
UgzoUjI9R5bLFgNG9oZ4AaABAg,@nanychristiani3244,"Betul, modus ini baru banyak terjadi,",0,0,2024-05-13T11:19:39Z,False
Ugw9isnriI_yO2D8he54AaABAg,@lizasdocumentary2537,"Belakangan beneran suka parno nerima nomor gak dikenal, emang bener adek ini, diam dulu denger di sebrang omong apa",1,0,2024-05-13T09:03:09Z,False
UgwoDkkE27njt4iO0TZ4AaABAg,@ayupambudi,"Suaranya persis wkt sy kena tipu dulu,nomer awalnya +1,sy kira nomer tlf kantor.. eh.. trnyta PENIPU..,anehnya wkt itu sy nurut & percaya aja sm orangnya...
Hati² ya guys... Pada nomer asing...,
Semoga kita senantiasa di lindungi oleh ALLAH SWT... Amin...",1,1,2024-05-13T08:31:34Z,False
UgwoDkkE27njt4iO0TZ4AaABAg.A3NEc5HT3oYA3NKCdr4a5f,@IqbalQoreshi,Amiinnn,1,0,2024-05-13T09:20:23Z,True
Ugz2P_hrmk-2hi8d6n54AaABAg,@misterhiden,Makasih bang informasinya,0,0,2024-05-13T07:29:32Z,False
Ugzq5LHAymsIMWoTwF94AaABAg,@etihnurmayanti2027,"Beda kasus dikit,tp penipuan sama dan laporan ke polisi di over ahirnya saya relakan tuh uang yg sama 1,5jt😢",0,0,2024-05-13T07:26:58Z,False
UgyjnW2CPmvgjrPGZwh4AaABAg,@Erma134,Yg bego anda. Kalau ga merasa ga pesen barang online ya ga mungkin ada paket yg blm diambil…! Berarti orang itu penipu….,0,0,2024-05-13T07:03:00Z,False
UgyGdJcoM43GExlRyn94AaABAg,@AbdySusamto,Yudi gunawan sama dg yg menipu saya sebanyak 35jt.,1,0,2024-05-13T04:46:31Z,False
Ugwh0mK8vbzBvz27uTd4AaABAg,@wahyunihariyanti-n6f,Suamiku juga baru kena tipu bln maret awal dari wa di tawari bisnis online ATM   habis dan mobil Sampek dijual semoga penipu online segera diringkus polisi 😢,0,1,2024-05-13T04:31:09Z,False
Ugwh0mK8vbzBvz27uTd4AaABAg.A3Mo6BRUwMlA6eEVW44kBK,@IndriLatifa-l7b,Ya Allah kena brp bu.,0,0,2024-08-02T21:51:03Z,True
UgwJU0qYyZ_1_Q06Yzp4AaABAg,@RatnaDewi-zp8rl,Apakah ini termasuk hipnotis?,0,0,2024-05-13T03:49:01Z,False
UgwgYJ8OieBipu7UIf94AaABAg,@sofiesulaiman8597,Memang nyebelin.....orang lagi susah tapi malah dioper oper,0,0,2024-05-13T03:47:56Z,False
UgwtUHGIHIeEjPJdXRZ4AaABAg,@vonnyektaco8049,"Jangan pake bank BRI, udah kena juga habis 10jt,hanya selang 1 hari saya aktifkan mbanking BRI, besoknya ( sabtu) langsung ada oknum yg tau dan langsung lancarkan aksi penipuan mereka, betul-betul gak respek sama bank BRI",2,0,2024-05-13T01:22:43Z,False
UgxVkyHxp0fMj52eRpB4AaABAg,@vonnyektaco8049,Instal get contact guys.. Langsung keluar nama aslinya,0,0,2024-05-13T01:19:37Z,False
Ugw1c2gTTjwtnZta2gB4AaABAg,@yadicrb9188,Pantas  ketipu   mas bronya,0,0,2024-05-13T00:21:59Z,False
Ugy_jiLU5yDdGgu0MHF4AaABAg,@GPlayID-unofficial,"Prihal kasus ini sebenarnya kerugian terbesarnya bukan ada pada nilai rupiahnya (yg terlanjur di transferkan ke penipu), tapi lebih ke kerugian data identitas pribadi yang diberikan secara sadar atau tidak sadar yg berpotensi disalahgunakan.

Pelajaran berharganya adalah jangan mudah percaya dan jangan mudah menanggapi hal-hal yang sekiranya tidak pernah kita lakukan dan terpenting yaitu harus tetap tenang, sebab adrenalin yang dipicu secara tiba-tiba akan memunculkan efek syok dan berakhir ling-lung jadinya mengesampingkan akal sehat untuk mencerna konteks yang disampaikan oleh lawan bicara sehingga mudah bagi lawan bicara (penipu) untuk mentriger kita sehingga mengikuti arah yg dia inginkan.

Terakhir berhati-hati itu penting, tapi menambah wawasan dan pengetahuan mengenai prosedur administrasi juga sangat penting, sehingga kita tidak mudah di gocek oleh pernyataan (ini proses sidang lewat vidio call) dan pernyataan-pernyataan lain.

Sekian dan turut berduka cita atas musibahnya. seburuk-buruknya musibah setidaknya menjadi pelajaran berharga untuk menghindar dari kejahatan-kejahatan berikutnya.",5,0,2024-05-12T15:09:59Z,False
Ugxov4ryzAZAKX8SaiJ4AaABAg,@kambinghitam4587,"Sidang Tanpa ada Hakim yg bertanya/mengadili??
sidang apaantu??
Emang lol lah...😅😂",1,1,2024-05-12T12:45:55Z,False
Ugxov4ryzAZAKX8SaiJ4AaABAg.A3L6w6Z68NEA3L8PL2YpT5,@IqbalQoreshi,"Bukan sidang bang mksdnya, tapi penyidik",0,0,2024-05-12T12:58:47Z,True
UgwbFrmQqCR6rhLwWNd4AaABAg,@adedeni46,"ngalamin kmrin,bner"" penipu cerdas smpe sampe  qu ke bobol 7 juta",0,0,2024-05-12T10:51:07Z,False
UgyVkCPadWC0wteYlS54AaABAg,@lanymeilany1080,"Aku jg pernah ditlp ktr POS Palembang. Sesaat aku percaya krn aku kadang ke Plmbang. Ceritanya persis dgn kejadian Mas Iqbal. Tp ketika mau disambungkan dgn pihak kepolisian aku gak mau krn aku sadar lg dikerjain penipu. Aku malah minta nmr tlp kepolisiannya. Alasanku biar pengacara aku yg tlp ke Polisinya. Kt ku ini sdh ranah hukum dan aku tkt salah ngomong. Sesaat si ""orang Ktr Pos"" termenung. Dan akhirnya kt dia silahkan Ibu tlp k Mapolda Sumsel. Aku diksh nmr tlp+nama Polis yg hrs dihubungi. Tutup tlp dan kuabaikan smbil nggu brgkali ada tlp susulan. Alhamdulillah ga ada. Jd klo ada tlp asing kadung diangkat jgn panik dan jgn mau disambungkan tlpnya. Dan jgn jawab apa yg mereka tanya. Ttp dl tlp. Rehat, tarik nafas dan berpikir jernih dulu..😊",0,0,2024-05-12T10:26:37Z,False
UgxFBT-Tr884K5pHHRN4AaABAg,@diahkusmayanti7364,Ini persis yang aku alami...persis sm blg paket sy tdk bs terkirim isi beberapa kridit card dn sy disuruh lapor kepolisi dia mnta video call disitu sy sadar ini penipuan dn sy menolak untuk.video call..,0,0,2024-05-12T10:22:53Z,False
Ugy9K8WZ39gPO631oy14AaABAg,@dikisonjaya2040,"Itu suara nya di kenal kenal..penipu lama ...dengan modus baru...
Belum tertangkap ya...",0,0,2024-05-12T08:51:04Z,False
UgxdKGyO8bH72g9cECh4AaABAg,@ipoel_lc,"Malu nya itu loh, bisa ketipu.",0,0,2024-05-12T00:00:19Z,False
UgzO0JnejCoFsG2cUYZ4AaABAg,@Salman-e1i5k,Kasus sepele bgini gak mgkn lah di tindak lanjuti polisi,0,0,2024-05-11T22:50:23Z,False
UgzGjjmR5-KXbj2JrCd4AaABAg,@pedabin2596,"Aku jg termasuk korban spt ini, sdh diurus di polrestabes sby dr bbrp thn lalu, blm ada kbr hasilnya. Penipunya msh bebas berkeliaran pula.",1,0,2024-05-11T17:24:50Z,False
Ugzi9_PXvEWrjoGAv-p4AaABAg,@putrycinde,Saya kena 30jt kaj,0,0,2024-05-11T16:27:29Z,False
UgwI15svSyvVbftaTmt4AaABAg,@ritacorona8549,"Pernah dpt WA,  *""mbak ini paketnya sdh siap  uangnya ,mw ditransfer atau bayar ditempat. ""*
Hmmm penipuan",0,0,2024-05-11T14:30:33Z,False
Ugy455lj5GznJ7gokD94AaABAg,@rof_endsamara7327,MMakasi informasinya mas Iqbal,1,0,2024-05-11T13:24:18Z,False
Ugytu1WCsB8mRNwBv5V4AaABAg,@nurzaslikafrawi4379,semoga para kriminal tidak selamat hidupnya didunia achirat biar  isi perutnya penuh belatung sekarat tersiksa,0,0,2024-05-11T12:45:42Z,False
UgwoCJhEABlxuKhqV_B4AaABAg,@achmadipjok,"Sidang online lwt VC,xixi",0,0,2024-05-11T11:22:44Z,False
UgyoCSKSSeb5QQXGrPN4AaABAg,@retnopanggi9395,Semangat 💪💪 d sukses kedepannya ..amiin 🤲🤲🤲,0,0,2024-05-11T10:49:41Z,False
UgxZjqXtmN3HNd6qpdF4AaABAg,@hellogaes1720,"Sama saya juga pernah, mereka pos dan polisi . mereka menggiring dan membuang2 waktu ku sampai 4 jam , terakhir dia menggiring supaya siapkan uang 20 juta. Aku gak punya uang, dia ngancam mau tangkap saya, saya suruh datanglah saya tunggu polisi yang mau datang menangkap ku. Ku tunggu mereka gak datang2.",1,0,2024-05-11T10:05:22Z,False
Ugywk2JM9ewhNmZQND54AaABAg,@kelvindoank8437,abis di terima.... dan......,1,0,2024-05-11T09:11:09Z,False
UgxX6zxxO2UDuj8gMc54AaABAg,@jimdayat,"Ga pa2...sbg pengalaman..bs share kmana2...klo mo...sgla..urusan.
Lsg aja di kantor polisi...ajak ksana klo mmg betul oknum trsb mana berani..hrs cerdas jgn panik..
.",0,0,2024-05-11T07:05:21Z,False
UgzJU3Ax_ViTAnFW3V94AaABAg,@Seeyou966,Hadeh cape ngurusnya doang. Mereka nanggapinya santuii bangettt. Kalau udah hilang hilang aja,0,0,2024-05-11T06:24:54Z,False
UgzBFPt7DiVsC0vT31p4AaABAg,@hendramania3910,Kelamaan di ajak ngobrol sih sama penipu nya jadi kena deh,0,0,2024-05-11T05:40:59Z,False
UgwRVxEsy87TDcSxGmF4AaABAg,@yoelsetiawan7662,Ada yang paling mudah nih untuk memanipulasi kembali dari yang ganteng ini cerita disini..,0,0,2024-05-11T04:26:44Z,False
UgwNZLCKlx3shv-Ws2J4AaABAg,@rockylee4696,"Ini hoax, tak mungkin anda tiba tiba di pengadilan tanpa pengacara, tanpa membuat BPK atau pernyataan tertulis atau mengerti tanpa di dampingi pengacara. Sidang biasanya lama, dari penetapan sebagai saksi, terduga atau tersangka prosesnya bisa 2 tahun… apalagi di sidang pembuktian… lama itu.. perlu saksi, keterangan saksi, pengacara, dst & biasa di tunda tunda, alasan sakit, dst…",1,1,2024-05-11T04:01:54Z,False
UgwNZLCKlx3shv-Ws2J4AaABAg.A3HbABnETpbA3HbW8EbkJV,@IqbalQoreshi,"Salah bang, bukan pengadilan/disidang, tapi disidik oleh penyidik (si polisi gadungan)",0,0,2024-05-11T04:04:54Z,True
Ugwtid5VvwHoibe9_Sp4AaABAg,@sofyanmaulana3804,Begoo bego,0,0,2024-05-11T01:44:50Z,False
UgzqBmaE9YrtaVt1lqh4AaABAg,@fahmialfarizi5952,Kalo saya pribadi sih malah POLISI langsung yang menipu dan dia bernama Aiptu Widodo menjelma sebagai Mafia. Sampai sekarang kasusnya belum tuntas,1,0,2024-05-11T00:30:14Z,False
UgyGW6W-WJnMbqjT_Qd4AaABAg,@asalcoret78,"Hipnotis tuch....
Logat suaranya ketauan dari seberang pulau Jawa.
Saya hapal betul,karena sudah beberapa kali dapat TLP dan langsung saya maki maki😅😅😅",0,0,2024-05-10T20:55:56Z,False
Ugy2bubAs65hwXOodBN4AaABAg,@senibatu,"kejanggalan cerita :
1. saat duhubungi melalui telpon menyatakan paket blm diambil, yg isinya kartu dll, 
pertanhyaannya : apakah benar anda merasa memesan paket dengan isi tersebut? 
jika tidak, ngapain berlama lama melayani telpon?

2. saat polisi (gadungan) meminta no telpon.
narasinya Kena lagi saya , padahal ceritanya sebelumnya sudah ditelpon, berarti penipu sdh mengetahui no telp anda. sampai di sini saya SKIP SALURAN, dan cari berita lain saja. 
dan banyak lagi kejanggalan narasi lainnya. 

3. kesimpulan, 
Ini hanya Konten berdurasi panjang, untuk mengejar jam tayang dan uang yutub. :)",1,1,2024-05-10T13:16:43Z,False
Ugy2bubAs65hwXOodBN4AaABAg.A3G0ryiHs01A3G1s1_DEOO,@IqbalQoreshi,"Saya bantu jawab:

1. Kenapa saya melayani telfon padahal saya merasa tidak memesan paket? Biasanya saya dapet kiriman paket dari client ataupun hadiah dari lomba itu tanpa konfirmasi terlebih dahulu, Tiba-tiba ngirim gitu aja, nah saya takutnya ini adalah paket seperti itu, tapi ternyata malah katanya paket illegal dan pake nama saya, maka dari itu saya minta tolong ke pegawai pos nya karna data saya tersebar, dan si pegawai pos nya nyambungin telfon ke ""POLISI"" untuk saya buat pelaporan.

2. Saat polisi (gadungan) minta no telfon, itu yg diminta nomor WA, jadi si penipu menelfon nomor awal buka WA, lalu saat si polisi gadungan ini telfon, mereka minta nomor WA.

 3. Saya bikin konten karna banyak kerabat dan teman-teman saya yang tanya gimana kronologinya, lalu saya buatlah video ini, tapi saya juga ga expect bakalan ditonton orang sebanyak ini.

Tapi makasih atas kekritisan dan komentarnya ke video ini, saya apresiasi itu🙏",0,0,2024-05-10T13:25:28Z,True
UgxejSXS-StkDIl0Cal4AaABAg,@miyuryuu7260,"Utk kawan2, kepolisian ga bisa melakukan persidangan, tp hanya penyelidikan. Persidangan hanya bs dilakukan oleh pihak pengadilan stlh berkas kasusnya diserahkan oleh pihak kepolisian stlh penyelidikan, BAP dr org2 terkait dan saksi selesai. Jd butuh waktu utk kita bisa sampe ke pengadilan kecuali pengadilan kena denda akibat pelanggaran lalu lintas agar bs ngambil sim dan stnk yg disita oleh polisi.  

Dan yg kedua, jika kasusnya mslh narkoba spt dialami bang iqbal ini, polisi beneran yg akan mendatangi rumah anda secara lgsg utk melakukan penangkapan dan digiring ke kantor polisi utk meminta keterangan. Bukannya lewat 'pengadilan virtual' dimana anda disidang bersalah atau tdknya disitu.",3,1,2024-05-10T12:33:22Z,False
UgxejSXS-StkDIl0Cal4AaABAg.A3FwuRgxpdrA3G2D4_cA02,@IqbalQoreshi,"Info yang bermanfaat, semoga yang lain juga baca dan paham.",0,0,2024-05-10T13:28:29Z,True
UgxraWdE6xrgzvrcMfp4AaABAg,@marcellinuswisesa7986,"Saya sering sekali menerima penipuan dengan modus serupa tetapi melalui telefon rumah. Entah itu paket tertahan di PT. POS Indonesia atau sambungan telepon rumah di daerah lain yang menagihkan biaya ke nomor telepon rumah. Ketika telepon diangkat, selalu mesin yang menjawab lalu kita diarahkan untuk menekan nomor tertentu.
Umumnya terjadi di jam kerja sehingga selalu saya yang mengangkat karena saat-saat saya baru tiba dari sekolah.

Awalnya saya tidak paham kalau itu penipuan karena ketika diangkat, selalu mesin yang menjawab. Tetapi setelah saya menekan nomor tertentu dan dijawab oleh operator yang intonasi nadanya jelek (khas orang pinggir jalan), saya mulai curiga kalau ini penipuan. Di sini saya mulai usil dengan terus meladeni. Operator lalu meminta nama nomor telefon rumah, saya sebut saja nama bapak saya. Lengkap! Saya juga jelaskan kalau bapak sedang di kantor atau sedang dinas. Akhirnya pakai nama saya saja. Hingga dioper ke ""Pengaduan Polisi"" saya juga ledeni.
""Polisi"" mulai sewot ketika menanyai nomor WA saya untuk video call, saya jawab ngarang kalau saya belum diberi HP oleh orang tua karena belum kuliah atau HP disita oleh orang tua karena kebanyakan main game online. Sampai saya disuruh meminjam telefon teman, pembantu, atau tetangga. Saya bilang saja gak enak karena tidak etis, dengan mengatakan kalau hal ini akan saya sampaikan ke bapak setelah pulang kantor atau pulang dinas nanti.
Akhirnya setelah buang-buang pulsa lebih dari 1 jam, sambungan diakhiri dengan nada kecewa: ""Oke nanti saya hubungi lagi""
Hahahahahaha",0,0,2024-05-10T11:44:23Z,False
UgyvWCLMBWPf5PABXfR4AaABAg,@ratna8198,Selalu waspada dan banyak berdoa juga perbanyak sedekah,1,0,2024-05-10T11:35:39Z,False
UgyBAZfxeCk5FEOo6XB4AaABAg,@setionojoko7384,Jago ngomong tapi bodoh masak lihat orang dg pakaian kayak gitu percaya dia polisi jelas bukan seragam polisi.,0,0,2024-05-10T11:05:08Z,False
Ugz2k1_OAWjzh5wn7aJ4AaABAg,@KRFB0705,"Cetak rekening koran itu gampang mas, ko sampai di oper oper gitu lalu bayar 50rb ya 🤔 yaampun",1,2,2024-05-10T09:31:49Z,False
Ugz2k1_OAWjzh5wn7aJ4AaABAg.A3Fc7lTQzXLA3G25J09Fk7,@IqbalQoreshi,"Gatau juga ya, saya ke BC* beliau bilang ada biaya cetaknya, dan cetaknya gabisa 1 transaksi, harus full 1 bulan transaksi

Kan saya habis ketipu, uang udah ludes, mau bayar cetak pake apa? :(",0,0,2024-05-10T13:27:25Z,True
Ugz2k1_OAWjzh5wn7aJ4AaABAg.A3Fc7lTQzXLA3G2OEQMbFT,@KRFB0705,"@IqbalQoreshi wah aneh juga ya, saya pernah cetak memang 1bulan full di ABC dan gratis, dan makasih informasinya ada penipuan modus baru apalagi berani video call tetapi wajahnya deep fake atau wajag benar ga ya itu",0,0,2024-05-10T13:30:00Z,True
UgxRATG2OjayeyRK7554AaABAg,@KRFB0705,"Klo cek get contact no polisi pribadi pasti muncul nama2 dia dan pangkatnya, pak sambo pun ada namanya irjen pol ferdy sambo😁 dan banyak yg save, lain kali hati-hati harus kita cek dulu",1,0,2024-05-10T09:27:56Z,False
Ugx1AJWQMXUNoFEvvR54AaABAg,@aquyana,Org yg mudah di hipnotis itu org baik dan IQ nya cerdas ke atas,0,0,2024-05-10T08:50:23Z,False
UgwiHEEdnBzPcad-SiN4AaABAg,@AnisahLee-ux7yl,Mereka sindikat lo,1,0,2024-05-10T08:39:53Z,False
Ugy_-B9L1P6Yf8s7Mf94AaABAg,@MmSukma,"Saya juga pernah kena tipu, ngaku juga org polisi, polisi ngaku juga seorang haji, untung saya baru tranfer 500 rb, di minta nama suami no akun, pokoknya apa yg dia pinta saya kasik semua, sampi saya di suruh buka baju ttp saya turuti, rupanya dia vc foto vidio saya sdh terekam, di situlah dia minta uang saya, saya baru sadar HP saya langsung blok, tapi fb saya sdh di kuasainy semua, saya trauma sampi saya naik motor tdk tau arah tujuan, akhirny instal HP saya, sampi dia telpon suami di minta uang, suami saya suruh ganti no HP, yg nelpon suami sampi 5 org. Untung suami paham dan mengerti apa yg dialamii saya, sekarang saya masih trauma, sy sekarang cm ada no keluarga saja, profil saya tdk saya ksik nama , intinya jgn sampi temn2 berteman di fb apa lagi minta no WA, bnyk terjadi temn kakak saya sampi hanis ratusan juta",0,0,2024-05-10T08:31:35Z,False
Ugz203lVB61dyvaiK4B4AaABAg,@rg6717,"Orang tertipu kok bisa berjam jam ,kok nggak ngeh sedikitpun ,bahlan tau teman teman nya merekam itu tanda nya sadar .Apalagi ada transfer dana dari segondrong  segala  ,kalau dari cerita yang panjang itu sih cerita doang .",0,0,2024-05-10T07:52:52Z,False
Ugx9SZWbbgmU8BJ0RLl4AaABAg,@double-gproject1207,kenapa lu ketipu? bukan krn lu goblok. tapi amal lu kurang,0,0,2024-05-10T07:50:17Z,False
UgwstrJoOIieVbZkcdJ4AaABAg,@rg6717,"Itu suara yang di seberang sana itu bukan suara asli pakai filter apa tlpvnya ditutup sehingga suaranya spt tercekek ( tapi semua suara telpone penipuan itu sama ),saya sudah sering dengar suara seperti itu",1,0,2024-05-10T07:44:03Z,False
UgwOWy7UnAnvWILgb3B4AaABAg,@RagajigobedMilano-jo6yg,"Ke aku juga ada yg mau nipu ngaku anggota polisi tugas di pekanbaru minta uang buat sekolah secapa 😄😄 nanti kalau sudah lulus mau nikahin  🤮 dikira mudah tertipu ngegampangin minta uang 100jt suruh jual perhiasan tapi jgn ada yg tau ,kena juga uang pulsa itupun uang nemu di angkot di bikin sedekah buat penipu karena gak di kasih marah2 trus ngata2in",0,0,2024-05-10T07:22:09Z,False
Ugymah9MosWjcN9RcHN4AaABAg,@naomicute5010,"Aq jg kena tipu bln april thn ini. Crtanya tiba2 ad notif meseger aq lihat nm tmn aq waktu kuliah, cm yg aq bingung kok mskny k kolom blm bertmn pd hal seingat aq sdh bertmn, tp saat itu aq tdk berfikir pjg. Yg aq hrs dia bisa bhs daerah aq, tmn aq minta no wa, aq ksh krn aq pikir ini tmn aq y aq ksh, 2 hr sepanlanjutny dia hub aq tuk kerja sm, dia mo ambil mobil lelang tp atas nm aq singkat crta dia sdh tranf tuk pembelian mbl tp kurang 10jt dgn bodohny aq tranf krn yg aq tau tmn aq itu pns n py jabatan d ktr, aq sadarny pas si penipu itu bil mo balik nm kekurangan dana 10jt lg aq bil aq dah g ad saldo, n dia agak sdkt memaksa d situ aq sdr, otak sadar aq br bekerja tiba2 aq ingin chat tmn aq itu n ternyata bnr yg hub aq slama ini bkn tmn aq, mo teriak mo d apain lg uang 10jt aq raib krn kebodohan aq.",0,0,2024-05-10T07:06:06Z,False
UgxtVIYozCpvKB-sAtR4AaABAg,@sunarsihsafitri1495,"Gak mungkin mas..penipuan 1,5 jt diproses..30jt aja di encepin",1,0,2024-05-10T06:15:03Z,False
UgwaoXYGBDUO8cGPLWV4AaABAg,@DaisyAgerr,"Apakah masnya memang ada paket itu? Kalau gk ada ngapain ditanggepi, soalnya saya sering jg ditelpon gini",1,0,2024-05-10T06:13:32Z,False
UgzCt97ZenhAtGwoWT94AaABAg,@stayonjakarta9193,Sampean habis nge bir,1,1,2024-05-10T05:39:17Z,False
UgzCt97ZenhAtGwoWT94AaABAg.A3FCWaU72zsA3FEOJ13K-m,@IqbalQoreshi,"Engga bang, cuma jokess 😭",0,0,2024-05-10T05:55:38Z,True
UgwY4BEUe4GNyVBIaNd4AaABAg,@fyanasari4196,"waaah turut berempati mas, semoga digantikan kehilangan dan keruwetannya dengan yg lebih baik. kalo aku hpnya ku setting cuma no yg ada di kontakku yg bisa masuk, kalo no asing hpku akan silent.",3,0,2024-05-10T04:20:34Z,False
UgyKCXdrNwcBB20L84B4AaABAg,@ubetsyah804,Ketipu via online bisa karena bodoh bisa juga lagi apes aja... 😅,0,0,2024-05-10T01:41:31Z,False
UgwFdV7em8vQ_iSF3F94AaABAg,@solihinfarhuna709,"Kita trnsfer ke si penjahat ada norek nya? 
Kitapun kalo Jd nasabah d salah satu bank pasti detail, 
Kenapa norek penjahat tidak bisa dilacak,kenapa ?
Kenapa tidak bisa d lacak ? 
Kenapa tidak bisa dilacak ?",2,1,2024-05-10T01:28:43Z,False
UgwFdV7em8vQ_iSF3F94AaABAg.A3EkqLYlygFA3ShsYCMbxY,@wahyuuchihamadara6108,"Penjahat menggunakan rekening org lain untuk menipu.
Biasanya rekening hasil beli atau bahkan hasil nipu lagi.
Sebagai contoh, kemarin ada tetanggaku cewek usianya masih remaja dia cerita ke saya katanya dia di tuduh menipu membawa kabur duit arisan online, saya tanya kronologinya, katanya dia pernah di tawarin duit sama teman fb nya senilai 200rb dgn syarat harus bikin nomor rekening terus kartu rekeningnya di kirimkan ke alamat yg sudah d tentukan.

Ya intinya penjahat gk bakalan menggunakan nomor rekening pribadinya untuk menipu.
Ketika sudah mendapatkan transferan dari si korban, si penipu langsung memecah uangnya ke bberapa rekening lain supaya lebih aman dari pembekuan & pelacakn.

Semoga tulisan saya ini bisa di pahami",0,0,2024-05-15T11:32:10Z,True
Ugzow_JfC57xampCmBF4AaABAg,@adhipriyanto7996,Pacarnya baik hati,1,0,2024-05-10T01:24:50Z,False
UgzR1f-rfHf47msuR4J4AaABAg,@hernowosulistyo6888,Klo ada telpon tanpa nama ga pernah aq angkat.... klo teman pasti udh d save,1,0,2024-05-10T00:40:06Z,False
UgzDBuL4ujVEsA5iuWt4AaABAg,@desylestarii3692,Aku juga habis kena penipuan awalnya ditelpon dibilang dapat undian masuk kandidat pemenang. Trs aku sehari kemudian hadiahnya dapat. Hadiahnya itu pengering rambut. Habis itu ditelpon lagi suruh gabung telegram biar dapat hadiah kecil kyak komisi. Trs akhirnya dimasukkann grup lha disitu ada yg suruh tranfer 350 ribu. Awalnya aku gak mau. Tapi temen2 itu tranfer 350 balik akhirnya aku ikutan habis itu aku suruh masuk grup lha disini aku dijebak sampek ku disuruh tranfer sampek 2x dngn nominal yg banyak hampir jutaan bnyk.,0,0,2024-05-10T00:34:41Z,False
Ugx_pzQR8kgNrkWiLQx4AaABAg,@_PAHA_GUSION_MULUS,Ganteng nyah 😍,0,0,2024-05-09T23:34:21Z,False
Ugwaa71YYVpRRIu7Egt4AaABAg,@pakyon5627,Ha ha ha,0,0,2024-05-09T23:30:29Z,False
Ugzu1l1pvR36InQhiPV4AaABAg,@kohtoha,"Aku dah setaunan ketipu hampir 200jt mas,,,, klo inget kjadian itu,,,rasanya syok banget,,,waktu itu terasa suram sekali,,,sampe skrg klo inget kjadian itu rasanya duh gak karuan,,,pen nangis,,,,,",2,3,2024-05-09T18:30:28Z,False
Ugzu1l1pvR36InQhiPV4AaABAg.A3E-z1QgFPsA4NPz3t77xR,@HamzanPradipta,"Apa yg Kka rasain pernah aku rasaaiin Kka kejadian udah 9bulan yg aku alami, tidur gx tenang mkan gx enak",1,0,2024-06-07T06:42:13Z,True
Ugzu1l1pvR36InQhiPV4AaABAg.A3E-z1QgFPsA6eDvYyfjqL,@IndriLatifa-l7b,Sama aq ngk enak makan ngk enak tidur.  Itu ketipu 200jt modus  ny sama ky gni jg mas?,0,0,2024-08-02T21:46:00Z,True
Ugzu1l1pvR36InQhiPV4AaABAg.A3E-z1QgFPsA6f58jrObRa,@kohtoha,"@IndriLatifa-l7b nggak seperti video ini mas,,klo saya lewat mode kekhawatiran,,biasanya jaman dulu kan pake mode hadiah atau kesenangan,,kalo saya ditipu mode membuat orang kawatir mas",0,0,2024-08-03T05:48:32Z,True
UgwA6j3F0F1w4shmAi94AaABAg,@nathaniacarissaputri8366,"Haduwwww ribetnya ya proses pelaporan penipuan,kalau saya mah males bngt andai kejadian ama saya harus lapor2",0,0,2024-05-09T17:53:58Z,False
UgzXKJW7MRnJnKBP9Xx4AaABAg,@SahabatBerkahTanpaRiba,"Lanjutannya gimana mas, apakah ditindak lanjuti oleh kepolisian yang asli",0,0,2024-05-09T15:58:15Z,False
UgxAT1zpeRV5Rl2RXVt4AaABAg,@FX-5P-MarginCall,"Ribet betul ngurus itu bang,,kasian aku jadinya..😢😢😢😢",1,0,2024-05-09T15:57:34Z,False
UgzZ4m8fFBks2e2--4J4AaABAg,@pa_riotarigan,"Intinya kita harus dengan tegas dan berani menyetop apapun yg dikatakan si penelepn, jgn biarkan dia melanjutkan pembicaraan.
Semakin lama kita melayani pembicaraan semakin dia menguasai kita secara mental.",1,0,2024-05-09T15:54:52Z,False
Ugy-e-18EjI4rBOGZ1B4AaABAg,@eddyelektro187,"Kena hipnotis gak si 
Kok ngikut kayak orang polos",0,0,2024-05-09T15:39:54Z,False
UgwDal_6t79RBXU673Z4AaABAg,@SyahrirCar,"Itulah kelakuan para pemeras rakyat,andai bapak pejabat negara pasti mudah.",0,0,2024-05-09T15:36:04Z,False
Ugz9uetXSI3d1fLlBQl4AaABAg,@sherlinurapriliani8456,Polisi kok bajunya kendor,0,0,2024-05-09T14:58:38Z,False
UgyHZo_wKJjlx5wI9oV4AaABAg,@BocilDinasti,"Manusia bodoh ""by,Ada band"" 😂",0,0,2024-05-09T14:58:14Z,False
Ugwjt8eeTkleOGYrnR14AaABAg,@danangwahyutomo5979,"Gue setahun yg lalu pernah kejadian hampir ketipu kayak bgini. Tapi dia ngaku dari indihome cabang tanah abang. Gue di tuduh ama indihome masang internet secara ilegal, soalnya pemasangannya atas nama gue. dan pihak indihome ngancem akan laporin gue ke polisi. katanya pihak indihome akan bantu gue hubungin lapor polisi via online dan ntar akan ngomong ama polisi via video call..

Lalu gue bilang, gue nggak mau lapor polisi. elu indihome mana? Alamat kantornya dmn? Gue datengin lu dan gue ancam akan acak2 kantor lu. Gue bawain pedang katana..

Eh dia langsung tutup telepon😂😮",11,1,2024-05-09T14:52:08Z,False
Ugwjt8eeTkleOGYrnR14AaABAg.A3DbzrP_p0rA73B-JKrOHI,@pinkpurple3077,😂😂😂 keren bang,0,0,2024-08-12T23:40:41Z,True
Ugxf-y8o6lUl9gfedm14AaABAg,@lisariski2432,"😂 ,mas saya pernah bangun tdr,trs ada tlp suaranya mirip tmn q tp dia tlp tdk Lewat wa dan  dia bilang nemukan uang d hotel, uang ny mau d bagi mau minta no rekening q dan klu ada orang tlp suruh bilang ngakuin uang it punya saya,lha waktu it saya mau jmput ank saya,tlp tdk boleh d matikan,d sekolah  itu ibu2 tmn ank q it aq curhatin ,dia bilang it penipuan da matikan trs blokir, akhirnya aq matikan dan blok Alhamdulillah it aq bersyukur ga kena tipu",0,0,2024-05-09T14:38:03Z,False
UgyfUJBrXV_Q7ckgq7R4AaABAg,@dondydrgspperio2474,Oalahhh bodoh sampan mas  hehehhehhee,0,0,2024-05-09T14:05:50Z,False
UgwwcLnbXE9lQi9qQEh4AaABAg,@erikkalang,"Hahaaha.. akupun hampir kena sama penipu itu,sudah sampai video call,yg membuat aneh adalah aku dituduh mengirim narkoba dengan biaya sekitar 10 m.. hahahaaa.... Selanjutnya aku ikutin penipu itu dan ujung ujungnya di ajak ke atm untuk transfer uang.. lantas saya masuk ketoilet.. ditanya mereka apa sdh di atm? Saya jawab SAYA LAGI BERAK MAU TAIK AKU..   hahaha.. langsung diputus sama mereka..",0,0,2024-05-09T13:23:36Z,False
UgzSGMT2nEqvVKb_D1Z4AaABAg,@Qoutemotivasi,"sidang itu pakai proses...BAP polisi, P21 untuk berkas ke jaksaan, lalu proses sidang..tau2 sidang kan aneh.....wkwkwkk....",0,0,2024-05-09T13:20:28Z,False
UgzztNuHq8IhnjQk3SJ4AaABAg,@siddiqamrantifa1155,"Pengalaman buruk yg jadi pelajaran, makasih mas...",0,0,2024-05-09T12:34:11Z,False
Ugwl8O_u83HPvyh7S1J4AaABAg,@cahgendengs,intinya ZONK.. PERCUMA LAPOR.. trs kl mau lapor memang hrs bawa duit. jd kl dompet kosong mending gk usah.. Bank aja mau cetak rekening koran harus bayar.. jd kl dompet sdh kosong iklaskan saja.. krn mau lapor pun  harus punya ongkos/beli bensin kl pake kendaraan. kecuali kl lapornya mau jalan kaki..😂😂😂,0,0,2024-05-09T12:29:51Z,False
UgwvVU5ZYsbmtPDj6JR4AaABAg,@didiwahyudi-dp8ul,Penipu itu dari logat bahasa pasti selalu dari daerah yg sama.. tapi sampe sekarang polisi gak mampu menangkap mereka,0,0,2024-05-09T12:03:21Z,False
UgzGdjYT6RjlZ8qw2J94AaABAg,@SyahrirSyahrir-vz8yt,Sama kemarin kejadian seperti ini😢,1,0,2024-05-09T11:38:01Z,False
UgyhjkkYI0CmciFKbKF4AaABAg,@Hadiwiyono-q6z,Mas polisinya juga ga ada namanya atribut juga ada ga jelas...padahal langsung cut...,0,0,2024-05-09T10:35:01Z,False
UgyH51Oc9xuomsGPkSR4AaABAg,@ImamFahmi-ami,Inilah gambaran nyata proses administrasi di Indonesia........ menyulitkan.,0,0,2024-05-09T09:29:37Z,False
Ugyf7IhmZtC6RW93lW14AaABAg,@LOL-z-b2i,"😅😅 Saya pernah ketipu jutaan infestasi bodong..
Pernah juga beli HP murah lewat Chat hp BlackBerry 😅😅",0,0,2024-05-09T07:47:55Z,False
UgxXKAFfjcilo3bv8oF4AaABAg,@iTMaster-du1pc,"Barusan dapet telpon dengan modus yg sama persis Alhamdulillah tidak sampai jadi korban karena mungkin si penipu baca gelagat saya yg tidak panik dan tetap tenang akhirnya telepon terputus Terimakasih sudah berbagi sangat membantu 
Video yg lengkap dan detail mudah dipahami 
Semoga Alloh ganti dengan rezeki yg jauh lebih besar dan berkah 👍👍🙏",0,0,2024-05-09T06:21:40Z,False
Ugzk5R8n5uIlDhT4oD54AaABAg,@D9DI,Terimakasih bang sudah share pengalaman semoga tambah banyak rejekinya,0,0,2024-05-09T05:05:32Z,False
Ugz0Q4JlYfKrmE7hBYZ4AaABAg,@amrunatawijaya858,Quotes : Orang pintar bicara belum tentu pintar.,0,0,2024-05-09T04:14:56Z,False
UgxwOQStbQgQlNRznyl4AaABAg,@Lorenzo_alesandro,"Persis aku jg ditipu 3 org yg mengaku polisi, lengkap dg nama, nirm, pangkat, no hpnya,  Lewat VC ktnya sy dipanggil Polda, tersangkut masalah traficking,sy sdh tdk percaya, tp mereka begitu meyakinkan, klu gak mau kerjasama, sy diancam hukuman 7th penjara, akhirnya aku suruh ke Bank mencairkan tab dan deposito, kena 325 jt.unt dibuktikan dan diperiksa OJK, ktnya uang sy dpt uang tsb dr traficking. Dlm 3 hari dana tsb klu bersih dr traficking akan dikembalikan, ternyata smp skr 1 th tak kembali😌 mudah2an penipu mati tertabrak truk",2,1,2024-05-09T03:54:50Z,False
UgxwOQStbQgQlNRznyl4AaABAg.A3CRllZTtUKA6eCvencNXr,@IndriLatifa-l7b,Ya Allah 325jt melayang pak...  Aq kena 8jt aja bisa ngk enak makan ngk enak tidur pak,0,0,2024-08-02T21:37:17Z,True
UgwQaJdpPBZQw4gKKn54AaABAg,@spedamerah6573,Buang masa aja...,0,0,2024-05-09T03:52:30Z,False
UgwmgoRQO_fnje-s7jB4AaABAg,@yesthere5418,Harusnya dari logat bicaranya yang sok pintar dan kayak orang kampung saja kita sudah bisa tau dia itu penipu.,2,0,2024-05-09T03:24:12Z,False
UgxEqNnKwwFf_CaAwV94AaABAg,@arief1344,"Aneh sih...
Sdh tau di tlp org yg tdk dikenal masih aja di angkat, masih di respon.",0,0,2024-05-09T03:17:39Z,False
UgxAY75tfPwtBBDi7qJ4AaABAg,@WONGNOOB,Nanti di ganti in sama adsense yutub berjuta juta,0,0,2024-05-09T01:48:57Z,False
UgzTb41WEkxfexiWTwl4AaABAg,@riniastutik7198,Semoga Mas y dapat ganti Reski berlipat ganda dan penuh nerkah,1,0,2024-05-09T00:48:32Z,False
Ugxf7xlvbhq829Y_wJx4AaABAg,@terryangel8864,Ini lah salah satu bukti ya.. kalo sekolah itu tidak scam😂😂,0,0,2024-05-09T00:08:07Z,False
UgyINteHSbew4PWiI3V4AaABAg,@sean2arka,Hoak sih kisahnya....mungkin iya diya dpt telpon penipu itu tapi klau ketipu sih ngk...hanya buat konten semata...karna dari awal aja dah janggal wong  ngk pesen pket lewat pos ko di tangapi😂,0,0,2024-05-08T23:44:24Z,False
Ugy3OpiZ-gZ14_6nN4h4AaABAg,@Shortsviral0324,Yg aneh lhu itu dah tau penipuan masih d terusin...hadeh,0,0,2024-05-08T21:02:02Z,False
Ugy-w_AVt4I5qlZKt-N4AaABAg,@donalnadol,kalau sya pribadi uduh dpt telfon kyk gt malah q  kerjain gt loh dn q kecoh balik.  intinya lok q g mrsa atas smua itu. brrti ini smua q anggp penipuan. langsung q kecoh kecoh akhirnya si penipunya blng jancuk ke sya pas dmtiin telfon nya kwkw. intinya kalau kita g mrsa ap2 ap yg dblng si penelfon brrti itu udh jelas itu smua penipuan gtu,0,0,2024-05-08T19:03:13Z,False
UgzIaeJMg3SXEK9xLFF4AaABAg,@davidcoolz,Hilang yg kecil datang yg besar mas.. ❤❤ tuhan pasti membalas rejeki nya dengan yang lebih besar ..,2,0,2024-05-08T18:02:24Z,False
UgyV03hQ-gg5-ckTeLJ4AaABAg,@lidiatirtadjaja9057,"Aneh baru bangun tidur td bisa merekam percakapan, bingungg, org kepikiran merekam berarti kan sadar",0,0,2024-05-08T17:46:52Z,False
UgyM8xK_wVY3_49SVO14AaABAg,@lidiatirtadjaja9057,"Koq aneh, kalau lg pusing koq bisa kepikiran merekam",0,1,2024-05-08T17:45:17Z,False
UgyM8xK_wVY3_49SVO14AaABAg.A3BM097F7HkA3BMMFBqTsK,@IqbalQoreshi,"Sudah jadi habit/kebiasaan soalnya, tiap ada siapapun telfon dari nomor ga dikenal, otomatis saya langsung rekam, untuk mencegah ini penipuan atau engga.

Udah hati-hati eh masih kena :(",2,0,2024-05-08T17:48:18Z,True
UgwVd533_hMxmGB-8EV4AaABAg,@na_ira_ajah,"EMANG ADA YA POLISI NANGKEP PENJAHAT NARKOBA, TAPI PENJAHATNYA DI VIDEOCALL DAN POLISINYA PAKE SERAGAM 😂😂😂😂",0,0,2024-05-08T16:17:38Z,False
UgwDZs71l1KQFW9Q2Np4AaABAg,@SitiFatimah-p6j4k,Wah bahaya tlf no gak dikenal,0,0,2024-05-08T16:01:45Z,False
UgxtO1nUGX0jWeF5l6l4AaABAg,@izaltani633,"Mas, sebaiknya gunakan diksi ' oknum polisi' itu.",0,0,2024-05-08T15:13:55Z,False
Ugyfuo2NwqG5myaOxYZ4AaABAg,@Utomoteknik,Terimakasih share nya agar kita berhati hati,0,0,2024-05-08T15:01:04Z,False
Ugw-l1s8q9MB0vpJ6Zl4AaABAg,@yogapyogap8196,"Kalau sudah tranfer gakbisa diurus ya itung² kalah judi"" hanya kebodohan ajah yang dipelihara...!!!",0,0,2024-05-08T14:59:41Z,False
UgwEYA8eZdfrYccXCU54AaABAg,@yetitera1899,Barusan saudara saya jg dpt tlp yg sama. Modusnya. Tentang kantor pos dari riou jg,1,0,2024-05-08T14:28:28Z,False
UgySz9iBmIwFcBoNalB4AaABAg,@moonz307,"Kalo polisi lagi BAP pakai Video Call makin banyak lah kriminal, hahahah...mosok diperiksa polisi pakai VC, sekalian aja ajak VCS,......., terima kasih pembelajarannya bang, semoga kita terhindar dari penipuan2 seperti ini",0,0,2024-05-08T13:41:18Z,False
UgwomFzAhvcnDQm5qnt4AaABAg,@ibuagung2466,"Mas ibu datang langsung ke BRI, mereka tidak bisa bantu,walau ibu perlihatkan bukti trasfer ke BRI, lengkap dengan surat laporan polisi, penipuan lewat tlp, uang tetap hilang,ibu prustasi",0,0,2024-05-08T13:09:13Z,False
UgyPNcAUsBRYBVj_-uB4AaABAg,@ibuagung2466,"Betul mas ibu waktu itu shock juga,ga sempat berpikir",0,0,2024-05-08T13:02:28Z,False
UgwOevL7xaFk7Qs1Oa14AaABAg,@ibuagung2466,Ibu ke tipu 49.970.000,0,0,2024-05-08T13:00:27Z,False
UgxN_UFFld0Pn-unk6l4AaABAg,@ibuagung2466,"Mas, betul sama persis ,kasusnya ,dengan ibu, beda ya ibu Umur 60thn,pas ibu sendiri di rumah ,jadi ke buru panik, ahir cerita ibu di suru trasfer semua uangnya untuk di periksa kpk bahwa ibu tidak terlibat Dan tidak mempunyai rek di bank 2 lain, yang diantaranya bri,.....ibu nurut setelah di trasfer ibu sadar ...ibu langsung ke  polda  setelah lapor itu semua penipu,",1,1,2024-05-08T12:59:05Z,False
UgxN_UFFld0Pn-unk6l4AaABAg.A3AqG-1E24yA3AqwzagnUR,@IqbalQoreshi,Ada kabar terbaru ga soal pelaporannya?,0,0,2024-05-08T13:05:05Z,True
Ugwnmg1D2D-G4DMIdwd4AaABAg,@akhikugenji,Tolol... Setolol tolol nya.... Kaya gue...,0,0,2024-05-08T10:58:09Z,False
UgyLzSmzlDgdFeJsAkt4AaABAg,@dumariasimanjuntak4164,"Sama ,polisi juga menipu aku .",0,0,2024-05-08T10:19:53Z,False
UgyV9tHppJpI8CreXwB4AaABAg,@puaverrudacruz7488,Sdih ya😢,0,0,2024-05-08T08:41:01Z,False
UgxQk2rVrCcjdpx48rd4AaABAg,@hendrikteguhjaya,"itu hp nya auto record ya, kak?",0,2,2024-05-08T08:33:29Z,False
UgxQk2rVrCcjdpx48rd4AaABAg.A3AMrl2C9a7A3ANGKJZkbM,@IqbalQoreshi,"Bukan auto record, tapi saya kalo ada telfon gadikenal memang pasti langsung saya rekam, karna takutnya penipuan.

Eh malah tetep kena :(",0,0,2024-05-08T08:36:59Z,True
UgxQk2rVrCcjdpx48rd4AaABAg.A3AMrl2C9a7A3APdOz9eBV,@hendrikteguhjaya,"@IqbalQoreshi hu5.. pasti kesel banget ya. padahal di awal2 udh ada kecurigaan, tapi langsung runtuh perlahan2. hu5. semangat, kak. thx edukasinya.",0,0,2024-05-08T08:57:44Z,True
UgybcmVgAe84sAQrNat4AaABAg,@thediary2070,Dzaaalimmmm😢😢😢😢😢,0,0,2024-05-08T07:19:55Z,False
UgyIYDyIcOisndjroKl4AaABAg,@DeltaArma-en8zw,Atribut Jak dak lengkap gadungan tu,0,0,2024-05-08T06:55:21Z,False
UgzhSrWUw03xTE9vcUJ4AaABAg,@srielestharie2828,Suara penelfon  itu ngak asing lagi kak,0,0,2024-05-08T06:33:18Z,False
UgyDqUMQ1PU6Ei5tFed4AaABAg,@irhamnofriadi8972,Pengalaman Sy pun pernah kena tipu dgn penjualan laptop online murah... jg brhati-hati lah thdp modus ini...,0,0,2024-05-08T05:47:27Z,False
UgwVBMiubkYy1WE_pbZ4AaABAg,@ibaroka7,"pagi ini jam stengah 6 subuh , 2 x ditelpon org gak dikenal.. aku reject",0,0,2024-05-08T04:32:57Z,False
UgzN308u0OC_8E6jnU54AaABAg,@ibusoe3957,halahhhhh ... elu bacot apa sih?,0,0,2024-05-08T03:53:47Z,False
UgzpWUbbfuLXkNU4_bx4AaABAg,@mhrchannel9260,"Yuk kita viralin teman2, supaya tidak ada lagi korban berikutnya..💪💪",4,0,2024-05-08T03:24:08Z,False
UgzmwS1IGHumigcGJAt4AaABAg,@sririn6151,Ribet sekali urusan gini. Jmn canggih tapi instansi terkait blm mampu berubah ngikutin jmn . Harusnya ada mol terpadu khusus pengaduan penipuan lwt medsos.tmsk fotocopy itu sdh bs diganti dgn alat scan yg canggih. Negara ini kan kaya. Pasti mampu beli alat canggih,0,0,2024-05-08T02:48:21Z,False
UgykNNtp2mbFIoYhj0V4AaABAg,@NazwaAzzahra-zq9eu,ruwet urusan karo polisi,0,0,2024-05-08T02:37:01Z,False
Ugz2kA9kH7K-NHkA17N4AaABAg,@joreah4270,Lah pnjg bnget ceritanya  ngabisin waktu,0,0,2024-05-08T01:57:03Z,False
Ugyr2PNveQsS6WjnGUl4AaABAg,@whisnulanangcreator3006,"Maaf..klo sy boleh jujur, anda yg "" tdk jelas cara berpikir nya""...secanggih apapun modusnya.. mrk tdk bs klo kita yg bantu...maaf ya",0,0,2024-05-08T01:45:34Z,False
UgyCc0yLN88QAKjAOJd4AaABAg,@donnieperdanawati9364,😂😂😂,0,0,2024-05-08T01:19:22Z,False
UgzhQnZshx8itOk08Yp4AaABAg,@AzizDj18,Dari dengar nasehatmu..bahwa mudah percaya sama org lain..makanya aku nggak percaya sama omonganmu...😂😂😂,0,0,2024-05-08T00:49:07Z,False
Ugwlx5T8KN9rUm3Zy9J4AaABAg,@AzizDj18,Mas pintar bicara tapi goblok...bertindak tampa mikir...maunya kerja sendiri langsung walaupun tdk tau caranya..dan ndak mau cari tahu cara proses pengaduan..makanya..ketika..😂😂😂,0,0,2024-05-08T00:46:53Z,False
Ugz2eFk5KE1daj1tl-x4AaABAg,@wahyuariawan550,satu rumusnya : jangan sekali2 angkat klo tlpon itu tidak dikenal,26,2,2024-05-08T00:44:40Z,False
Ugz2eFk5KE1daj1tl-x4AaABAg.A39XD0p2I8lAC6LTamyH1e,@darmidarmi4006,"Betul banget,sy sering dpt tlp no gk di kenal",0,0,2024-12-16T11:46:54Z,True
Ugz2eFk5KE1daj1tl-x4AaABAg.A39XD0p2I8lAV4gEuNZl86,@dharmaambesa2730,Jangan pernah Tergiur.,0,0,2026-04-02T02:15:08Z,True
UgwrgBK-11YK0vlANcV4AaABAg,@igustiayumadepurnajati,"Sy 2 x kena  tipu d sosmed,, pertama di om Jhon berbagi,, ,, awalnya d mnta daftar bayar 100,, selajutnya bayar 250 untuk pajak demi mendapatkan 50 jt d transfer emang sy d kirimin bukti transfer,, tp setelah d cek d rekening ga ada masuk, sy kompirmasi katanya harus transfer lg 400 rb,, akhirnya sy sadar kl sy d tipu,, dan yg k 2 d Yusuf amka berbagi sama d mnta daftar trus transfer sekian , awalnya 75 rb dan d minta transfer lg akhirnya sy  sudahi sy ga mau trtipu lebih banyak lagi",0,0,2024-05-08T00:39:53Z,False
UgwVYZU_nl-cGH4L65Z4AaABAg,@ionfarm-farmion,"Anehnya, penipu2 ini selalu tahu kalau saldo kita ada isinnya. 
Awal mulai dapet data dari mana ya. 
Semrawut inikah negeri kita",0,0,2024-05-07T23:42:01Z,False
UgzeXxLzMFG5LgKqRHR4AaABAg,@Gudangbkg0122Stok,"Hih...trauma jadinya ya...pokonya klo dari daerah2 itu yg namanya penipu perampok pembunuh tiap hari di tv pasti ada aja dri daerah2 itu,heran ya ko kriminalitasnya bnyak betul,apa ga ada cra cri makan dgan cra yg lain? Yah moga sehat terus mas,di jauhkan lgi dri hal2 buruk,lbih berhati2 lgi dlam bertindak,slalu dlam lindungan yg kuasa",0,0,2024-05-07T22:43:16Z,False
UgxYtyUH-imENfu0VB14AaABAg,@Sonidarmawan-t3e,mas mas...!!.hari apes itu memang ngga ada di kalender😂😂,0,0,2024-05-07T19:47:03Z,False
UgxPEHUbvUbaKYnpKrF4AaABAg,@apriyanto4717,"Waspada bila ada penelpon yg tdk kita kenal, tanyakan anda siapa dan mau bicara dg siapa, penipu pasti bingung, dan selanjut nya knali suara nya, biasanya identik dg logak Batak .",0,0,2024-05-07T19:03:32Z,False
UgwmTLZH4mleOWPT7Hp4AaABAg,@fariswahyu5154,"SAYA SERING DI TELPON PENIPUAN, TP MAAF PENIPUNYA SELALU BERHASIL GUE KERJAIN...  KRN SI PENIPU RATA2 LEBIH BODOH DARI SAYA😂, 
PENIPU IQ JONGKOK KLO COBA2 TIPU SAYA AKAN TAMPAK GOBLOKNYA😂
BUTUH LULUSAN PROFESOR UNTUK BISA TIPU SAIYA",0,0,2024-05-07T19:03:21Z,False
Ugyv2akuM-Dag65Ixtd4AaABAg,@edwarcovich5054,"belum ada perubahan dari ribetnya pengurusan, memperbodoh masyarakat",0,0,2024-05-07T17:11:20Z,False
UgzlvgEi0cdGOtNGHU14AaABAg,@mujichannel5236,"MANA ADA POLISI MAU NANGKAP KURIR NARKOBA VIDEO CALL DULU, YG PASTI LANGSUNG DICIDUK DI TKP LAAHHH REKENING ELU BCA MASAK DISURUH MINTA REKENING KORAN KE BRI, GAK LOGIS APA EMG ELU YG TERLALU POLOS. PERCUMA LAPOR POLISI KLO CUMA KASUS PENIPUAN KECIL KAYA GITU, BUANG2 DUWIT & WAKTU SJA, PENIPUAN UANG YG BER MILYAR2 AJA LAMA DITANGANI..",0,0,2024-05-07T16:44:05Z,False
UgzP9o3eBosGPhNa95p4AaABAg,@FerdyLoskar,Mutasi bisa kok lewat mobile banking,0,0,2024-05-07T16:26:40Z,False
Ugycr9nXgdHts58dxTV4AaABAg,@pejuangnkri3974,sabar ya bang Iqbal ini pembelajaran dalam hidup,0,0,2024-05-07T16:13:12Z,False
UgwVT9cubXESqwsymnZ4AaABAg,@kakboy7349,Waspada aja la..tp pnegak hukum juga harus cekat klau ada lporan dr msyarakat...kdang kta lapor..eee..mlah di persulit..,1,0,2024-05-07T16:10:46Z,False
UgxlD1e4zU1miHLV4Y14AaABAg,@samilianglo,kalau foto ktp dan pegang ktp apakah bisa dipakai untuk pinjam pinjol ya?,0,1,2024-05-07T16:00:03Z,False
UgxlD1e4zU1miHLV4Y14AaABAg.A38aAdR9L4ZA38jddsJsTI,@IqbalQoreshi,Bisa bang,0,0,2024-05-07T17:22:48Z,True
UgyvV51Gp4_KBde4roJ4AaABAg,@putribaman2146,"Pernah terjadi pda adikku ini mas hampir sma ceritanya,padahal ujung"" Nya mau ngambil data adikku dri aplikasi",1,0,2024-05-07T15:02:38Z,False
Ugxgg-k2mSMAD0SBBs94AaABAg,@pasirputihtv4997,Mantap,0,0,2024-05-07T14:54:26Z,False
Ugy-YVAKGHmGXulMull4AaABAg,@dodywidodo1338,Goblok di Viralkan...,0,0,2024-05-07T14:10:56Z,False
UgxGNutirjNbLXjBjVp4AaABAg,@Gowl-y5o,"Gw like dan komen biar tambah viral...

Eh makasih banyak Bro di respon. Btw jangan kecil hati masalah penipuan nya, semoga segala kesulitan nya selama mengurus dan membuat video ini menjadi penghapus dosa dan amal jariah ke depab Bro.

Gw pernah diuji dengan kehilangan yang jauh lebih besar dari jumlah itu. Kuncinya ikhlaskan saja... Kalo tidak, malah jadi tidak sehat. Jadikan saja itu pelajaran untuk tidak kena yang kedua kalinya.",0,0,2024-05-07T10:42:44Z,False
UgwGe3_AMY_oQIfKDsJ4AaABAg,@Ice-d2g,Ini pengalaman saya .ingat klw ada orang yg nelpon ta kenal mcm itu.say slalu dijawab dgn nada tinggi .ini siapa ada apa kamu mau perlu apa jgn ganggu aku sibuk .dgn nada keras .slalu begitu saya klw menjawab  nya .gapernah tu mereka nelpon lg .tapiiii...... klw di jawab dgn nada santai .mmmmm pasti kena batulll..halo ni siapa ya .itu dah jamin kena  lo,0,0,2024-05-07T10:13:39Z,False
UgzBJPhV-2OcRxTxEx54AaABAg,@MuchtarNuntji-mt8cq,Lo bego skrg sok pinter,0,0,2024-05-07T09:55:58Z,False
Ugz8lSNTfi3dlZ9RnNR4AaABAg,@MuchtarNuntji-mt8cq,Lo bego aja  bro.... Hari gini kena tipu,0,0,2024-05-07T09:45:48Z,False
UgysybdsXuEjXAPMY5B4AaABAg,@Saschanel68,"Sebenarnya kenapa ditutup  matanya ,lha wong penipu kok di lindungi pulgar aja biar semua orang tau",0,1,2024-05-07T09:20:03Z,False
UgysybdsXuEjXAPMY5B4AaABAg.A37sOrxM0SEA37sizASwhG,@IqbalQoreshi,"Ini adalah video reupload bang, karna video sebelumnya saya bikin vulgar malah di takedown sama youtube kurang dari sehari",0,0,2024-05-07T09:22:56Z,True
UgxO8A7CxQZPWigQqhV4AaABAg,@Sugianto-g9i,Seharus nya pelaku nya di hukum mati gak mungkin kapok .,0,0,2024-05-07T09:12:45Z,False
UgzfMY7n7dIpiG5j0XB4AaABAg,@MASTOMOKUCRUSH,"bukan deep fake itu. polisi palsu itu aja bahkan ga pake lencana polisi. sampean aja yg lagi ga fokus,mas.",0,2,2024-05-07T07:16:50Z,False
UgzfMY7n7dIpiG5j0XB4AaABAg.A37eIVi-K7aA37ebZXAM1S,@IqbalQoreshi,"Memang itu polisi palsu mas, cuma ditambah lagi wajahnya deepfake",0,0,2024-05-07T07:19:35Z,True
UgzfMY7n7dIpiG5j0XB4AaABAg.A37eIVi-K7aA37exB0do3a,@MASTOMOKUCRUSH,"@IqbalQoreshi yowis sabar ae,mas. laen kali lebih fokus.",0,0,2024-05-07T07:22:32Z,True
UgwjMcp0h9y8a2Bdjut4AaABAg,@petrustri4645,"Amazing ada sidang online  + suruh transfer untuk dicek duitnya yg ditransfer bersih atau tidak 😂
Kalo saya mas . Bangun tidur atau tidak .....jika ada yg telp dari nomor bukan dari list kontak saya pastikan tidak akan saya jawab . Siapa pun yg telp. Itu paling aman dizaman sekarang . Jika penting banget pasti dia akan wa . 😊",0,0,2024-05-07T06:06:36Z,False
UgxjFSRkMpmL8FDqt1J4AaABAg,@631ciungwanara,Suara penipu kan mmg seperti itu intonasinya...,0,0,2024-05-07T05:50:19Z,False
UgxClp7PcQbUaxb5bn14AaABAg,@Kookie-19jk,"Bank tukang tipukan pakek bri,  kenapa sama bri nggak dibekuin dulu rekening penipu sih",0,0,2024-05-07T05:40:17Z,False
Ugw276lMX8KrUCXcaNN4AaABAg,@yantiexachannel82,Viralkn juga Sephora kak....penipuan,0,0,2024-05-07T05:20:02Z,False
Ugw-LCfDxJJg1GoWSq54AaABAg,@tonibayu5458,"Ganteng ganteng LuGu.....cuma 1,5 juta,tuh penipu nyesel cuma dpt receh
....",0,0,2024-05-07T02:49:18Z,False
Ugz1PkHNEWVsC9PAn_p4AaABAg,@EnyHartati-rs8ld,Hanya satu..kamu mas gibloook bangeet ..urusan ruweet kayak gitu kok gak dong dong ..sekali.lagi gibloook bangeettt,0,0,2024-05-07T02:24:06Z,False
UgyZ-oZdA064KoJQlnx4AaABAg,@DetektorEmas,"Sudah sering yg bikin konten bhw penipu kaya begitu mereka ada d dlm penjara, karena yg backingnya adalah xxxxxx",0,0,2024-05-07T01:52:53Z,False
UgxSh2GkPuLMd26Lok14AaABAg,@endangcikal9668,Trima kasih inponya,0,0,2024-05-07T00:31:58Z,False
UgzTTxe1zFONQfRBbaF4AaABAg,@CrystalWheatMC,Buset deepfake nya halus banget gilaa.... Emang perkembangan ai sekarang udah diluar nalar. Nipu di indonesia aja kadang udh ga takut tekangkep polisi 😢😢.,7,0,2024-05-06T22:25:57Z,False
Ugy6oU2ZFOurqPszPdB4AaABAg,@alalief1995,Ganteng2 songong,0,0,2024-05-06T19:49:47Z,False
UgxoplU2XDuAv5TOd4F4AaABAg,@ZainalAbidin-ur2zn,"Ribet lapor nya,,,",0,0,2024-05-06T19:38:46Z,False
UgwWr-rLSLuBMj6_Rwx4AaABAg,@scadiysolderpanas,Kalo males ngurus ya iklasin,0,0,2024-05-06T19:06:34Z,False
Ugw1ysKHIeg_mt_X7B54AaABAg,@bakitvaname466,"Terimakasih atas sharingnya mas, semoga segala kerugian yg ditimbulkan akan mendapat ganti rezeki yg lebih berkah. Sejujurnya saya juga sempat mengalami percobaan penipuan dengan modus dan cara yg sama persis seperti mas Iqbal, saya juga merasakan perasaan mental psikologis sama persis dengan cerita mas Iqbal, dan sayangnya saya tidak sempat merekam saat proses penipuan terjadi, tapi ketika sampai pada tahap mau dihubungkan ke polda Riau, saya sempatkan cek resi dari POS yg sdh mereka sampaikan, dan ternyata resi tersebut fiktif, disini saya mulai ada rasa curiga, tapi karena msh ada rasa takut juga, prosesnya tetap saya ikuti sampai pada tahap mereka menanyakan rekening bank apa saja yg saya pakai. Saya terus coba menggunakan akal sehat saya, karena saya mulai curiga saat si polisi gadungan itu menginterogasi via VC, dia sepertinya selalu ketakutan kalau saya ada bersama orang lain di belakang saya, sampai saya diminta pindah lokasi beberapa kali, terahir diminta untuk masuk ke dalam mobil saya saat VC. Puncaknya saya sempat stress saat si polisi pura-pura minta perintah dari komandan nya melalui HT, disitu si komandan langsung memerintahkan penangkapan kpd saya. Nah disaat itu Alhamdulillah Allah SWT menyelamatkan saya dengan cara memutuskan VC yg sedang berjalan, karena jaringan internet pas jelek, dan saat itu juga pikiran logis saya mulai naik lagi, langsung saya blokir nmr WA yg VC ke saya tsb. Saat itu saya msh ada rasa was-was, kalau2 saya benar2 akan ditangkap, jadi nomor WA saya, tidak saya aktifkan sampai 1 minggu. Alhamdulillah saya tdk sampai pada tahap transfer uang ke penipu, dan semoga ini bisa menjadi pelajaran bagi kita semua, agar bisa mengantisipasi modus penipuan seperti ini. Terimakasih..",0,0,2024-05-06T15:49:33Z,False
UgzVvHTYrbYVe9-eQHd4AaABAg,@shaniashania1588,"Penipunya mmg benar2 meyakinkan....
Paling mudah menghindari penipu ya ga usah angkat telp dr no telp yg tak dikenal...",7,1,2024-05-06T14:52:36Z,False
UgzVvHTYrbYVe9-eQHd4AaABAg.A35tehC41Z7AC6L7rMklfb,@darmidarmi4006,"Sy sering dpt tlp no tdk kenal,gk sy angkt krn pernah skali sy angkt ternyata penipu tp modus lama,pura2saudra sy kena razia narkoba dan ada di kntor polisi,sy fi mnta tebusan 3 jt dan saat k atm hp gk boleh di matiin,",0,0,2024-12-16T11:43:56Z,True
Ugy1PjNR6Yybq2DOQex4AaABAg,@chakisumual72,"Aduh adek dari awalnya saja SDH ada indikasi penipuannya kalau kamu bisa peka,itu barang kalau mmg ngak pernah kamu urus atau beli atau pesan yah SDH dari situ aja bisa jadi alasan ini penipuana",0,0,2024-05-06T13:12:43Z,False
UgyIVkDOJVgYMyaUh1d4AaABAg,@AdamHafiqi,"Memang sangat ribet untuk ngurus keadilan rakyat kecil, harus segara di antisipasi mas biar tidak di gunakan id nya buat pinjol",2,0,2024-05-06T12:29:52Z,False
UgzecxoJu44IL19DSft4AaABAg,@jeffkusnadi,Ini memang pengalaman pahit kalo menurut saya...karena korban terus meladeni pelakor tanpa pikir panjang,3,0,2024-05-06T11:53:37Z,False
UgzpBgQctuXoGVv9Ofx4AaABAg,@adiba3226,aq jg abis kena tipu ms kmren tgl 30/4/24  4.600.000.abis kena tipu berasa bgt ky orang bego kok gampang bgt percya sm orang,1,1,2024-05-06T09:36:25Z,False
UgzpBgQctuXoGVv9Ofx4AaABAg.A35KTrBvOlBA35OTpQuOR6,@IqbalQoreshi,Samaa :(,0,0,2024-05-06T10:11:22Z,True
Ugx2kLWXMxWCwXCcoHZ4AaABAg,@adiba3226,"Bener ms berbagai modus sekarang para penipu,logika berjalan ketika tlfn udah gx aktif",1,0,2024-05-06T09:11:32Z,False
Ugz8nn2YK5XwtBOU-d14AaABAg,@SadikunJaswari,"Ibarat kata , sdh kemalingan, malah kemalingan lagi, birokrasi berbelit.",1,0,2024-05-06T08:06:54Z,False
UgxVzki4ZVy4F3_TPYN4AaABAg,@baikbaiksaja4069,"krna nilaix sdkit, jdi apart enggan ngurus sndiri. klo yg lapor itu ratusan juta smpai milyaran, wahh tanggap respon super cepat.. kbiasaan oknum2 bgtu, ngayomi kok tebang pilih😮😢",1,1,2024-05-06T07:53:53Z,False
UgxVzki4ZVy4F3_TPYN4AaABAg.A358jzO9IiCAGwJyP2POBW,@norlatifah1049,Aku ditipu ratusan juta lenyap,1,0,2025-04-15T11:39:05Z,True
UgzoNM1bD_Zm07C7w7Z4AaABAg,@edilampung7278,"emang,lo,nya sangat bodoh",0,0,2024-05-06T06:50:08Z,False
UgxZmDrfzH197__xbiZ4AaABAg,@RadenRaditya-qg3eg,"lo yg bikin masalah
lo yg merasa ribet
lo juga yg mengeluh

makanya jgn kebanyakan makan mecin sm drakor, dasar Jawa Jawa, pekok, kuliah tp ga berontak, pake alasan baru bangun dll",0,0,2024-05-06T05:21:13Z,False
Ugwef_BXerXSqBPTLHJ4AaABAg,@YuristiawaShifa,Tidak mungkin kepolisian Republik Indonesia sebodoh itu guys. Ngapain repot-repot menelpon seseorang yang dicurigai sebagai komplotan penjahat. Kalau memang admin dicurigai sebagai bagian dari gerombolan penjahat secara otomatis pihak kepolisian dari Sumatera akan menghubungi dan bekerjasama dengan pihak kepolisian setempat. Padahal penipu yg satu ini  bagi saya itu bukan termasuk penipu yang ulung. Dari awal konten saja saya sdh sudah bisa membacanya,1,0,2024-05-06T05:16:59Z,False
UgwrCI2lvwOMn3tm-EF4AaABAg,@nathasafathima9526,di share sj no hp nya .... sy jg pernah ngalami😂,1,0,2024-05-06T04:53:28Z,False
UgyG4Fm_NLhllojBWTh4AaABAg,@sitifathuriyah7540,"Kejahatan yg terorganisir sistematis, kalo q udah mending pasrah, drpd ribet uang blm tentu kembali tambah dana pula, buang waktu tenaga, memang jgn ditiru y teman"" itu krn q awam dlm segala hal jd pilih diam pasrah, dulu sekitar tahun 2010/11 dh lupa, q jg kena tipu sebesar 500rb, tipu"" via byphone, pdhl q g punya rek bank, akhirnya q harus ganti uang yg punya rekening dgn cara pinjam uang lg ke temen, pas q ganti q pesen pd pemilik rekening, tolong rahasiakan kejadian ini, agar tak jd kegaduhan, tp buat pelajaran tetep waspada, dn alhamdulillah kejadian itu hanya rahasia q dn pemilik rek itu sj, bahkan yg teman yg q pinjamin duitnya pun tak tau..
Beberapa bulan kemudian tetangga tp jauh dr rumah, kena jg tipu uang di rekeningnya ludes katanya uang mau buat beli motor, kembali q bersyukur untung dulu yg punya rekening cuma punya 500 rb kalo isinya banyak urusannya lbh parah lg, bkn cuman rugi diri sendiri tp jg merugikan orang lain krn korban jd ganda, g kebayang dah heboh dn seremnya...",1,0,2024-05-06T01:02:28Z,False
UgydxQCwJw7YXxy7Fph4AaABAg,@Rei__yi,lebay banget you punya konten,0,0,2024-05-06T00:10:41Z,False
Ugw6darbmn8U-Tjqa8N4AaABAg,@InaSelan-om6ml,Ke rekening koran,1,0,2024-05-05T15:18:01Z,False
UgwMeAfmP2z98B0lRPF4AaABAg,@awanbiru1992,"Aku pernah kena modus penipuan si penipu nya mengaku polisi katanya teman saya kena tilang,,",1,0,2024-05-05T14:46:50Z,False
Ugye97Wus-X9lkPU75x4AaABAg,@Wkwk99-k4b,Mohon bantuannya Pak Kapolri,2,0,2024-05-05T14:30:44Z,False
Ugx0TZQaVrpTlz-5LMl4AaABAg,@ayammatie5835,Nama nya bego 😅😅😅😅,0,0,2024-05-05T12:47:23Z,False
UgwasKesMPOwwUPNGFx4AaABAg,@yudimahyudi5901,Ini sih kebodohan,0,0,2024-05-05T11:36:50Z,False
Ugxm7vxwuMq-mlWEsWJ4AaABAg,@nurrishal9718,Itu bukan akal sehat yg muncul...tpi akal bodoh  dh hilang baru yesel....cen goblok,0,0,2024-05-05T11:15:54Z,False
UgxGbypnOKEKsfClnhJ4AaABAg,@supriyono4915,Sekarang ini penipu sdh meraja Lela,1,0,2024-05-05T10:49:50Z,False
UgypM28xHtmTA_RNdW14AaABAg,@Jiattar,Kocak kepolisian nth itu di polsek atau di polres menurut ku bukti cht aja sama bukti tf udh cukup mungkin karn kt org masyrkt biasa nggk punya nama jadi nggk di gubris logik sj nih lu polisi kedok narkoba skala international bisa di brnts katnaya ini penipuan atas nama kepolisian loh malah di persulit ...polisi polisi kek mana mau di percaya 😅😅😅,1,0,2024-05-05T10:11:27Z,False
UgyMregbzH3ViLgMj3l4AaABAg,@CPS_TV27,"Reportnya berururusan, sudah capek dan uang yakin tak akan kembali, prosesnya tunggu perkembangan yaaa",2,0,2024-05-05T10:10:45Z,False
UgwWxhHot8KzYeJQV514AaABAg,@Restoagus,😂😂 PANIK YA.,1,0,2024-05-05T10:09:52Z,False
UgwICodqdpeV5qooW7F4AaABAg,@PemulungG,"Bro itu harus nya kamu bisa buat rekening koran (mutasi) ,kamu bisa cetak dari mutasi rekening via mbanking bca mu aja.....
Itu semua modus nya penggiringan opini,alias gendam aluss😢",1,0,2024-05-05T09:56:36Z,False
Ugzp2ghM667rTw1NWpZ4AaABAg,@herrygirsang1242,Intinya dilarang goblok di negara ini..,0,0,2024-05-05T09:40:21Z,False
Ugzn_TliiMzJ_j9nMKB4AaABAg,@caturng3688,Kalau seandainya bilang salah transfer aja mungkin bisa gak ya dibantu dari pihak Banknya,1,0,2024-05-05T09:27:49Z,False
Ugz9hcGTUMYk6Fz-eMR4AaABAg,@OjotakonPasworku,"memang di negara yg kacau balau begini kita harus selalu waspada dan hati2, tidak ada yg bisa kita andalkan untuk membantu kita, klu kita mau bantuan harus ada uang bayaran, ga ada yg gratis",1,0,2024-05-05T08:49:22Z,False
Ugw7vp41wje-vNIbwW94AaABAg,@lonasaja,Kemaren jam sore saya dapat telepon dari nomor tidak dikenal yang bicara soal paket dari kantor pos. Langsung saya tutup😁,2,0,2024-05-05T07:36:50Z,False
UgylzdqLmF9JjbexJyN4AaABAg,@goldkillerz7642,Mutasi rek kan tinggal lu cetak statement dari klik bca,1,0,2024-05-05T07:15:38Z,False
Ugy5Lt_GkX_hCtTIFzh4AaABAg,@febry9378,"Kelamaan di bodohi... Jelas nggk ada urusan  dengan pengiriman paket, malah layani...",0,0,2024-05-05T05:53:26Z,False
UgwPVo10Q4qvdPICHaB4AaABAg,@ibu007-t3z,"Wah ini spt anak sy kena spt ini, bbrp minggu kmrn. Habis atm nya",2,0,2024-05-05T04:56:57Z,False
UgxEc7jR0FHlH9-W5op4AaABAg,@Filatus.525,Inti nya anda bodoh sendiri dan tamak. terlalu pengen tahu. kl anda abaikan tdk percaya ada uang dari langit pasti selamat.,0,0,2024-05-05T04:10:28Z,False
UgwVGZnz2Q-Az6jjhyl4AaABAg,@dwitama1476,"Wow, sungguh ruwet sekali indonesia ku . Dlm proses pelaporan",1,0,2024-05-05T01:35:38Z,False
UgzyqqeVRj5J_eoTnXJ4AaABAg,@jenythiorisa5028,"Suaranya masih sama, nipu udah bertahun tahun. Oang ini nggak ditangkap polisi, padahal nipu udah sekian lama.  Laporan polisi juga sudah banyak. Nggak ngerti kepolisian kita kenapa nggak nangkap. Padahal gampang sekali kalau mau nangkap, soalnya bisa dilacak signal hp nya dan udah bertahun tahun berkeliaran bebas nipu tipa hari.",1,0,2024-05-05T00:26:53Z,False
UgyeZTvVacDmXO6zqQh4AaABAg,@BujangmayaMaya,"Hati2 brow.sm sing t,alami sm iklan fb selis murah bgt.sm sprt anda kjebak untung q ga peduli.ancaman demi ancaman smpai polisi sluruh indo akan tkp sy tp cuek aja.jd g tllu jauh kjbak.smp skrg aman aja.jd prcm lapor sana sini hy buang wkt.krn lpor pun yg dibtkan cm duit g ada yg gratis ml di lmpar sana sini spt mainan.smg sbg pnglman.slm sukses sllu",1,0,2024-05-04T23:56:22Z,False
UgwUFVJduKRPIqMc7rV4AaABAg,@yan-br4qe5gp2z,Temanku kena tipu Modus surat undangan via wA atm langsung  terkuras,0,0,2024-05-04T23:02:13Z,False
UgzZXSEZy3YRYARQFhd4AaABAg,@benjofitriani5167,"Npaa anak sekarang tinggi sekolahh ,tapi bodohh,kita kmbali di jaman  pakk hartoo sajalahh😊",1,1,2024-05-04T18:57:07Z,False
UgzZXSEZy3YRYARQFhd4AaABAg.A31B2nK9Ad7AV-sKLXOqag,@BreakTheMatrix87,"Aku tau sekolahmu ga tinggi. Makanya kamu senang menyudutkan orang yg pendidikannya tinggi untuk menghibur diri. Makanya, kalo dah tau pendidikan ga tinggi, jangan buru2 nikah. Udah nikah muda, berhenti kerja pula. Jadi ga berkesempatan buat ngrasain sukses",0,0,2026-03-31T05:24:32Z,True
UgxM1IU0409bh680Jm54AaABAg,@syahrulindra6941,Emang kmna aja selama ini 😀 Kok baru tau modus penipuan kayak gini .. kan udah lama sekali & sering banyak kasus yg sama 🤦,1,0,2024-05-04T18:54:07Z,False
Ugw9AoUGhdvEQTqp7Rh4AaABAg,@umarajim5455,penipu itu terlahir dari pelacur dan kakek bapaknya meman gitu kerjanya.jadi mulai istrinya juga pelacur.,1,0,2024-05-04T17:02:10Z,False
UgxCfbUZqFXqRlVNmwF4AaABAg,@MiminAra-i5w,"Paling aman jangan nyimpen duit di bank manapun di seluruh Indonesia apakah Bank pemerintah atau swasta, mending bikin Bank pribadi. Apalagi sekarang di bawah 500 juta pasti habis kena potongan biaya administrasi dan lain lain. Terakhir narok duit di bank tahun 2022 masih untung tadinya walau sedikit, setelah bunga 0 persen auto tarik semua dari Bank.",2,0,2024-05-04T16:36:32Z,False
UgzXy-hi3NnrX2UuNbF4AaABAg,@EvaangelEva-ev8fm,Ribet banget 😱😱😱😱😱ko gitu ngga professional .,1,0,2024-05-04T14:21:35Z,False
UgyoSncWiS_dSbJAofl4AaABAg,@EvaangelEva-ev8fm,Thanks you info nya sangant Berman fat Kita harus hati hati dengan penipuan. Lewat telpon,2,0,2024-05-04T14:06:41Z,False
UgzqJOVAp4S4Iq24ghZ4AaABAg,@arifuddinarifuddin3575,Kasihan mahaseswa juga bisa kena tipu' kudes 1.5 jt...,0,0,2024-05-04T12:19:44Z,False
Ugyp9s6oGlc7j5p8YfR4AaABAg,@jacksusanto658,Goblok😂😂😂,0,0,2024-05-04T08:23:39Z,False
Ugwb4KhALFcvEjoBDrd4AaABAg,@rayardanamade5899,"menurutmu kata2 “ baBi kau “ itu kotor ??? hampir keseluruhan kata2 itu baik, tapi justru yg “kotor” adalah mulutmu yg mengucapkannya!?!? dan koq bisa seorang IqQoreshi tertipu??? karena memang toL _0L , katanya pinter ngomong tapi ngomong B4b! aja kotor !!??",1,0,2024-05-04T05:30:02Z,False
Ugw2qtw50zb2joWAL1p4AaABAg,@budibudi8266,"Udh tua, tpi Otak g di gunakan dgn jln Yg bnr.krja ogah tmpang keren tpi Maling. Udh wktu a untk d sikaatttt... Karungin buang untk makanan binatang buas d nusakambangan. Klu dgn cra sprti ini, pasti Lama2 kejahatn akn br kurang.",1,0,2024-05-04T01:16:44Z,False
UgzdBZdtyl5-GgW2a254AaABAg,@agusdbr86,"Emang smpean ada kirim2 brgkah wktu itu….???kog percaya kantor pos tlpon ada paket smpean…??

Kalo mmg smpean gak kirim brg at sedang nunggu barang dri kurir pos….seharusnya smpean nyadar itu tlpon fiktif.",0,0,2024-05-04T00:15:50Z,False
Ugx9nAIBKUsizUnw4mB4AaABAg,@ROSITA-2608,"Kok sama sih .. sy pernah di telp lsg sy blok.tp sy gk sampe neken angka,karena udh curiga ajj & merasa gk kirim 😢",1,0,2024-05-03T18:43:05Z,False
Ugy0-5x_3GV7iahIhMp4AaABAg,@SaorSiahaan,"lagian polisi gk ada namanya menyidang,yg ada adalah memeriksa atau menyelidiki,,",1,0,2024-05-03T13:08:49Z,False
UgxAtnfGeSUYgCV5aXF4AaABAg,@UtyJatim,Padahal nomer rekening dah jelas .. knp polisi ribet .. harusnya langsung di cari pemilik rekening nya ... Kog belibet ya sistem pelaporan ke instansi kepolisian,1,0,2024-05-03T12:43:45Z,False
Ugzf1uAJaeuq9B1TF6l4AaABAg,@Boewaje,"Sama..saya alami juga waktu saya tinggal di bekasi,orang tsb mengaku bernama dimas meminta 20 juta agar saya tidak terkena kasus..tp saya langsung melakukan pengecekkan dr foto wa yg terlihat di logo wa,sengaja diperlihatkan dia memberi foto kantor polisi menado,sewaktu saya konfirmasi tdk ada yg namanya dimas,lalu saya kontak kekepolisian ntb tempat ngakunya dia bertugas,dan keheranan saya juga sama dg anda,kok bs saya di telpon oleh kantor pos ntb cuma beberapa detik bs nyambung dg polres ntb..(seharusnya pelimpahan kasus dr kantor pos ke kepolisian tentunya ada komunikasi dulu unt kedua instansi,dan akan memakan waktu seharian),tp alhamdulillah pada waktu seharusnya transfer uang,saya sertakan foto komdak jkt,...jadi kesimpulan saya unt menjadi perhatian anda,jika ada telp masuk ke hp anda dg modus,adanya kartu atm,kartu kredit dan buku tabungan...itu adalah penipuan,minta aja agar dia mau ketemuan walau dia di profinsi lain,atau ber-cakap2 melalui vc bersama teman2 anda,jangan sendirian..",0,0,2024-05-03T12:16:27Z,False
UgxaPK6oPMv-f_iztuN4AaABAg,@Susanto1958,Dan jgn sekali2 tf k norek org yg tdk dkenal  mas...🙏,1,0,2024-05-03T09:51:27Z,False
Ugz23qdRa4mc5QZLYXd4AaABAg,@izzatulyazidah8620,"Terima  kasih, Mas  Iqbal  sdh berbagi  pengalaman buruk, agar  kita  senantiasa  waspada  dari  segala bentuk  penipuan..",1,0,2024-05-03T09:09:33Z,False
UgwK5rQmkJFoVYkGr7V4AaABAg,@dazzurry2028,"Cuma konten orang bodoh, jgn percaya sama orang ini",0,0,2024-05-03T08:27:40Z,False
UgwdQq9K7-ltjI9lsRl4AaABAg,@husnaparin2573,"Klo saya liat masalahx lapor ayam malah kambing yg hilang ,indonesia😂",1,0,2024-05-03T07:22:41Z,False
UgzQHzmqnbG-NlO1tBt4AaABAg,@ahmadrifai3753,"Trims kontenya , smoga manfaat",1,0,2024-05-03T04:24:20Z,False
UgyzCGkOPaLifezTNDV4AaABAg,@Hayarti,"Kena gak usah lapor 
Kalau seorang muslim mudah aja di wirid 
Biar cepat pengadilan Akhirat 😅",2,0,2024-05-03T03:35:07Z,False
Ugw7J8wxAxgGiN_ytPh4AaABAg,@luhsriwahyuni5212,Terima kasih sharingnya 🙏,2,0,2024-05-03T03:25:04Z,False
UgycDarlhrpjrtZbEn54AaABAg,@muktiarif8264,"Bagus juga Edukasinya, ini pelajaran untuk yang lain, hati-2 model modus penipuan mengaku oknum polisi😂😢",5,1,2024-05-03T00:46:52Z,False
UgycDarlhrpjrtZbEn54AaABAg.A2xeUi_nuvJA39_KzqTqwG,@putribaman2146,"Benar hati"" Modus menyamar polisi gadungan, sudah di alami adikku tpi bagus adikku tidak sampai kejadian .karena kita saudaranya kasih tau bahwa itu tipu""",0,0,2024-05-08T01:11:58Z,True
UgwcMs0Ch8BZ6TfpnyZ4AaABAg,@EsthiWidiati,"Sekarang banyak banget penipuan lewat hp jadi harus.hati2eski itu berupa hadiah dll
Apalagi telpon yg tak dikenal. Jgn direspon",2,0,2024-05-02T20:42:02Z,False
UgyF6ZVwH0KydXIZcPt4AaABAg,@tugiman7133,KIRA - KIRA SI PENIPU LIHAT TIDAK YA VIDIO INI ?,0,0,2024-05-02T13:17:50Z,False
Ugyf8lE1iMjJ5jxR8Q94AaABAg,@pinceratna4393,Haaa itu biasanya Narapidanah dlm penjarah byk yg suka nipu nipu,1,0,2024-05-02T11:27:05Z,False
UgwDZn45VlN5lR6pxWJ4AaABAg,@cupangbanjar6237,"Simple bgt,dari awal hrsnya lu dh tau klo itu penipu bro, 1)nmr gk dikenal dia tanya nama & no.resi lu kok dia tau paketnya buat lu?(2)klo lu gk pernah belanja online dr riau, biasanya expedisi ky tiki,jne dll dh tau nama,& no.resi paket kita bro😅 ,pengalaman sy pernah dpt pesan wa dr nomer gk dikenal trus dia bilang ada paket trus disuruh klik link,krn sy tau itu penipu lgs sy blok nmrnya",4,1,2024-05-02T10:09:44Z,False
UgwDZn45VlN5lR6pxWJ4AaABAg.A2w56TJV0CMA2w85Ac9rwZ,@cupangbanjar6237,"hati2 jg klo terima paket bro,jgn asal tanda tangan ,diliat pengirimnya siapa ,klo dr belanja online kita dh tau nm tokonya,klo gk jelas pengirimnya jgn di ttd",3,0,2024-05-02T10:35:47Z,True
UgyVC2aqr4Sqfa3_GcR4AaABAg,@arinurcahyo4637,Kamu Begok bro …. Kok di cerita in ke mana2 😇😇😇😇😇,0,0,2024-05-02T09:58:30Z,False
Ugx6Da8Rkb87ZEzsjuV4AaABAg,@JoanaAlika17,Sy pernah ad d posisi ini???  LP ke polsek&k bank.tdk mnylsaikan mslh& tdk ada hrpan uang kembali...yg ad nambah biaya....& jln 1-1 nya cm ikhlas...& berdo@ SEMOGA SI PENIPU DI KSIH BALASAN SETIMPAL..dan itu aja sih yg bs sy rasa...wkt itu,1,1,2024-05-02T09:27:18Z,False
Ugx6Da8Rkb87ZEzsjuV4AaABAg.A2w0FZY7ED8A2w0f153bay,@IqbalQoreshi,"Iya, ikhlas adalah jalan paling pas",0,0,2024-05-02T09:30:54Z,True
UgwS_JlzWA_t6kKE13N4AaABAg,@daon5496,"Kenal dgn suara kampungan ini, org yg sangat tolol menjijikan",0,0,2024-05-02T09:11:32Z,False
Ugwz2KMrUndFdewUJsB4AaABAg,@alexanderidruszulkarnain1568,"Ikhlaskan duitmu dirampok,  disisi Allah itu sebagai amalmu. Termasuk memberitskannya ke publik, juga termasuk amlmu. Take it easy, Allah akan timpakan bala kepada mereka. insya Allah.",13,2,2024-05-02T08:00:29Z,False
Ugwz2KMrUndFdewUJsB4AaABAg.A2vrJnBYrXnAGwITx8XsnD,@norlatifah1049,Iya aku pun ditipu ratusan juta,0,0,2025-04-15T11:26:03Z,True
Ugwz2KMrUndFdewUJsB4AaABAg.A2vrJnBYrXnAH5Ftrh3Q45,@sarkiman67,biar ehlas dg cobaan hidup ini ujian SMG Allah Rido dg kesalahan kita SMG Allah mengganti dg kasih sayangnya jg dg rejeki yg berkah aamiin ya allah​@norlatifah1049,0,0,2025-04-19T08:15:55Z,True
UgzLORwrNqAx1IgT9dN4AaABAg,@ekaarryanto2885,Benar Indo SDH kacau (edan) penipu merajalerah hati2 saudara2ku jgn percaya orng yg ngabarin dpt hadiah apapun dan ngaku saudara jg gn percaya pasti ATM anda habis habis dan jgn beritahu  n Ok HP anda sembarangan jgn jgn jgn bahaya bahaya ingat ngaku dari TELKOm dpt hadiah  jgn pcya  jgn  Percaya Orong PLG AMAn jgn jgn saudaraku sekian,2,0,2024-05-02T06:32:28Z,False
Ugx5didLL2Lg_MHmNt94AaABAg,@Arroragmailcom,"Singat cerita alasan penipu soal  paketan soal.ala apala.intinya nomer yg gak kita knl jgn dlayanii tutup hp selesai. Drpda lama"" kena mental.namanya penipu  seribu cara ingin mendapat kn uuuuuuuuuuuuuuaaaaannnnnggggggg?????????????",0,0,2024-05-02T06:01:41Z,False
UgxYWY_M5Ar6MmHSV-F4AaABAg,@basomori953,Nggak menarik,0,0,2024-05-02T05:58:32Z,False
Ugw_ZsiHZiBXhzRIAmJ4AaABAg,@Arroragmailcom,Trimksh SDH berbagai info,1,0,2024-05-02T05:51:40Z,False
UgxybnNEKx2RwWNAXv54AaABAg,@gietirta932,Terimakasih mas atas pengalaman realnya.,2,0,2024-05-02T04:14:05Z,False
Ugw7VXSUvckxNcuX95x4AaABAg,@terserahaja440,"Inti dari vidio ini si iqbal kurang cermat melihat polisi itu bajunya aja udah dha ada edintitas lain cuma pangkat aja , jadi kalau ada modus penipuan seperti ini langsung di berhentikan aja tleponya",1,1,2024-05-02T01:57:22Z,False
Ugw7VXSUvckxNcuX95x4AaABAg.A2vClHSltGHA2vGld2E9Yz,@IqbalQoreshi,Betull,0,0,2024-05-02T02:32:23Z,True
Ugwt8vYwzzcoaV39uSR4AaABAg,@andykurniawan7869,Dari seragamnya itu bukan Polisi...harusnya ketika VC sudah langsung bisa nebak itu penipuan.,1,0,2024-05-02T01:01:24Z,False
UgzvtIl9_wzXjY9rbPx4AaABAg,@MasadepanMasakini-ko9iu,"YANG PALING AMAN, JIKA ADA TLP DR NO TAK DI KENAL, JANGAN PERNAH DI ANGKAT...",208,43,2024-05-02T00:57:59Z,False
UgzvtIl9_wzXjY9rbPx4AaABAg.A2v5yJ1S_AFA2xdCMYr9Ej,@SriSumiharti,Betul,5,0,2024-05-03T00:35:37Z,True
UgzvtIl9_wzXjY9rbPx4AaABAg.A2v5yJ1S_AFA3FSOqNu8Av,@didikrahmanto7376,"Benar sekarang banyak panggilan dari nomer tidakmdi kenal..ada yg menawarkan produk keuangan, produk pembersih, dll...langsung aku tutup",7,0,2024-05-10T07:58:02Z,True
UgzvtIl9_wzXjY9rbPx4AaABAg.A2v5yJ1S_AFA3FXhL8abEW,@himmel2436,betul setuju sekali tapi seringkali kita dikirimi barang oleh kawan atau belanja online dan kurirnya menelpon ketika barang tiba depan rumah kalau tidak diangkat bagaimana? dilema juga. kan.,4,0,2024-05-10T08:44:23Z,True
UgzvtIl9_wzXjY9rbPx4AaABAg.A2v5yJ1S_AFA3FZWHXQYri,@didikrahmanto7376,@himmel2436 kalau tidak dapat di hubungi lewat telepon ..kurir biasanya akan menulis di wa... dijelaskan maksud menghubunginya...,0,0,2024-05-10T09:00:13Z,True
UgzvtIl9_wzXjY9rbPx4AaABAg.A2v5yJ1S_AFA3IEbQVasqI,@yatirohayat6358,Penipuan skaran ada berbagay macam cara.suami ku kena tipu jga dari senck vidio.ats nma rapi ahmad akan di kirimkan motor tinggal bayar ongkir nya aj.600 ribu.setelah di kirim 600ribu minta lg 1.200ribu..,0,0,2024-05-11T09:55:17Z,True
UgxDK6LUYurdesccGG54AaABAg,@28Mar2008,"Org yg kena musibah, mesti ngalamin musibah lagi buat sekedar melapor saja",2,0,2024-05-01T23:22:44Z,False
UgwSYbppWVzk9NXxwAp4AaABAg,@dwiprihanto4442,"Kenalilah suara penipu itu akan sama di semua modus,, makanya lebih hati2",1,0,2024-05-01T23:05:18Z,False
UgxpWCeFyQhnh0UfB4F4AaABAg,@srimaharsi6371,"Bener2deh boro2 mrmbantu baik dr kepolisian jg ke bank2 ..oper sana sini sdh tauuuuu kita kena tipuuuu..malah kluar duitt , tenaga  n waktu..aammpuunnn...",1,0,2024-05-01T22:22:39Z,False
UgzKl5__Yj9YmRJqvjB4AaABAg,@ratihwidiastuti1756,"Saya juga pernah mas, ngaku temen salahnya aku sebut nama temenku dan dia jawab iya bu. Saya lagi di kantor polisi bisa transfer uang bu karena saya ga ada uang. Kantor polisi mana ? Anehnya ga mau nyebut. Ujung2 nya ya mau menipu. Untungnya saya cepet sadar, saya bilang mau nipu ya ? Ini teman saya yg namanya bapak pakai hehehehe...marah tetus dimatikan. Kena deh pulsa tlpnya habis banyak",1,0,2024-05-01T17:22:03Z,False
UgwFinBYgvRuqJpYpWp4AaABAg,@MahakamMaka,Hahaha yakin hukum di Indonesia?!!,0,0,2024-05-01T16:41:51Z,False
Ugz2jyAhY3VrFj6QSkR4AaABAg,@dwisetyono5416,"Kalo milyaran sehari ketangkep tu,anak Polsek aja nyerah ngurusnya pdhl nilainya 25 juta",1,0,2024-05-01T13:17:58Z,False
UgxIG2ankmRHWtx7UdN4AaABAg,@derryadriansyah5175,sig 😍😍😍😍❤❤❤,0,0,2024-05-01T12:31:12Z,False
Ugx-EeN0Nwe6Cl3mtjt4AaABAg,@baiqhasnah7073,"Aku juga pernah dapat telpon srperti ini katanya paketku tertahan di kantor pos Medan. Aku kaget kok dia sebut nama lengkapku dengan benar katanya aku mendptkan kiriman dari Igede putu berupa Kartu ATM, dan buku tabungan.Karna aku merasa tidak kenal dgn pengirimnya dan sempat berdebat sebentar dm mbaknya langsung aku cepat2 matikan hp dan nomernya aku blokir",2,1,2024-05-01T11:25:06Z,False
Ugx-EeN0Nwe6Cl3mtjt4AaABAg.A2tdw_KGiUsA2tfRP-0AIo,@IqbalQoreshi,Lohh samaa modusnyaa,0,0,2024-05-01T11:38:11Z,True
Ugy3FkwzhlpaIm6OnxB4AaABAg,@aswildaas119,"saya hampir kena jg mas,persis spt itu pakai seragam polisi vidio call",2,1,2024-05-01T10:56:13Z,False
Ugy3FkwzhlpaIm6OnxB4AaABAg.A2tad-sNz6AA2tb50Lybgf,@IqbalQoreshi,Alhamdulillah ga jadi kena,0,0,2024-05-01T11:00:11Z,True
Ugy5ZebMnc--z9ac3yN4AaABAg,@FenjaChanel-g2u,Lagian kalau kita ga merasa ada yang mengirim paket apapun kenapa di tanggapin.tapibya namanya lagi apes bisa juga kena tipu,1,0,2024-05-01T07:33:18Z,False
UgwVv8nGXtlHzg2nElB4AaABAg,@mudi0148,Trimakasih pengalamannya semoga lebih sabar dn dpt ganti rejeki berlimpah Amiiin,1,0,2024-05-01T07:12:52Z,False
UgyTkSZzO5Uf8ZTw2bh4AaABAg,@slametkismanto8972,"COBA KEPOLISIAN INDONESIA BISAKAH MENANGKAP PENIPUAN TERSEBUT.
KALAU TIDAK BISA ,PERCUMA KITA BAYAR PAJAK UNTUK GAJI POLISI.
😢😢",1,0,2024-05-01T06:11:18Z,False
UgzykC87CShGhU0ryQV4AaABAg,@Dedude65,Betul sy pernah di telp. Untung tdk sampai kuras atm.,1,0,2024-05-01T05:58:12Z,False
UgxyWvw2GoR8lGcKb3d4AaABAg,@khudhifahdhifah,"Saya pernah katanya dapat hadiah. 
Tapi aku tolak hadiah itu. 
Dia mengejar-ngejar supaya mau menerima. 
Ahirnya aku blok no tsb",1,0,2024-05-01T04:57:24Z,False
UgxKdzanD7Jro2k_52F4AaABAg,@muhammadnorman7907,O'on,1,0,2024-05-01T01:51:05Z,False
UgzDlby2iRov973GaCN4AaABAg,@dedekadarisman1196,Makanya tolol itu jangan dipelihara.,0,0,2024-05-01T01:31:32Z,False
UgwyJphFyag1ZaGRd9d4AaABAg,@adrian-2783,"sy pernah mas, modusnya sama, tp bukan dr kantor pos tp dr kantor BPJS,  infonya kartu bpjs sy akan dinonaktifkan krn terindikasi sy ambil obat-obatan yg dilarang di salah satu RS di Bandung, posisi saat itu sy di Jakarta. Benar-benar sama alurnya spt yg mas alami. Sempat panik jg krn bs berurusan dgn polisi. Untungnya sy bs tenang dan berpikir jernih. Saat siap untuk video call sy sadar kalau ini modus penipuan dan langsung sy tutup telponnya.",2,0,2024-05-01T00:47:07Z,False
UgzoVoF7kn7YhbMzfVp4AaABAg,@ASHEMINYAK-x5i,"diatas langit ada lagi langit, Mas..
meskipun jago ngomong bukan berarti ANTI DITIPU",5,0,2024-04-30T23:03:31Z,False
Ugw73CCbjIMK_0RR9Bh4AaABAg,@maryamarianamariana3866,Y memang goblok sampean bkn cobaan Tuhan blok goblok,0,0,2024-04-30T19:35:57Z,False
UgxafGYlbegSpl-uHxJ4AaABAg,@TUBAGUS-ALFATIH,"Ini anak terlalu pinter ngomong makanya ketipu,,",4,0,2024-04-30T18:54:22Z,False
Ugx286oPUPsWt9dZcE14AaABAg,@MakEwet679,"sy bru kena madus bru juga kmrn jd ada org mau beli jualanku dia dtg pesen 3 porsi dg menenteng duit 100 ribuan saat kita mau siapkan pesanan nya dia minta duit dulu mau buat byr di toko sebelah dulu krn duitnya 100 ribu toko nya ga ada kembalian, nah dg bodoh nya kita kasih tu si calon kembalian diut 100 nya yg di tenteng padahal dia blm serahin duit utk byr pesanan nya tp kenapa dia minta kembalian dulu bisa kita kasih aneh kan..udh tu bgtu sdh dpt kembalian kabur tu org ga dtg lg ambil pesanan nya aduh oneng banget kan kita😣",1,1,2024-04-30T17:21:55Z,False
Ugx286oPUPsWt9dZcE14AaABAg.A2rhz3IAlAKA31bYArd78I,@idalaila2269,😂😂😂😂 aduh pikiran nya di buat linglung,0,0,2024-05-04T22:57:19Z,True
Ugw2uqNPi4dSqSlmZXh4AaABAg,@sinyoonyis2631,Lgsg subcraibe,1,0,2024-04-30T17:19:05Z,False
UgyxJ25XynF2Tw0fqWB4AaABAg,@harianiyani-o4b,Rekening koran,1,0,2024-04-30T17:09:22Z,False
UgzaSoR_Y6tHC7M4IIl4AaABAg,@izahahmad5793,Seperti nya harus ada aplikasi untuk membuka wajah pelaku,2,1,2024-04-30T16:00:28Z,False
UgzaSoR_Y6tHC7M4IIl4AaABAg.A2rZeY_bGhFA2rdFvmZiVY,@IqbalQoreshi,"Gausa ribet² bangg, cek aja di instagram saya @iqbalqoreshi, saya upload disitu yg uncensored",1,0,2024-04-30T16:40:40Z,True
Ugy0mMIZu-LCkTenQ7J4AaABAg,@BangOno-p9r,"Kalau pendapat saya, seharusnya dari Awal, kalau tidak ada pesan Barang, abaikan aja dan gak usah ditanggapi atau diBlokir aja nomornya...",17,2,2024-04-30T15:49:20Z,False
Ugy0mMIZu-LCkTenQ7J4AaABAg.A2rYO22wkxjAGzBJAFnAJU,@nurwakhidah2156,Tul blokir .sy juga pernah seperti itu,1,0,2025-04-16T14:21:08Z,True
Ugy0mMIZu-LCkTenQ7J4AaABAg.A2rYO22wkxjAJzwyYw_wu3,@ekobacharibjatoensuripbach1892,"Sy pernah layani..ngaku dari pt pos di Riau ada kiriman saya dari Riau ke Medan.
Kutanya: kiriman apa & buat siapa krn sy tdk di Riau & tdk kirim2 barang.
Dijawab: isinya barang illegal/ rekening & akan dilaporkan ke polisi.

Kujawab: ya sudah barang ambil saja buat anda &  silakan laporkan ke polisi..
Terus ku tutup , walau penasaran tapi sy malas melayani.

No2 lain,  menelpon bolak balik, kutanya dari mana, jawab dari kantor pos ada kiriman belum diambil.....langsung kututup.",0,0,2025-06-30T11:00:33Z,True
UgxC9RmXJgF0qtxRyUt4AaABAg,@rommini6455,Suara mirip yg menipu bnyk orang ya,1,0,2024-04-30T15:47:39Z,False
UgxQID0-Ps3RqTAdFtt4AaABAg,@BangOno-p9r,"Penipuan sekarang udah sangat banyak via Internet... mereka dengan mudah mendapat foto copy Data seseOrang...  Kadang dalam mengurus sesuatu kita ada diMintai fotocopy KTP juga KK...
Ditambah lagi para Penipu bisa membobol Akun kita / fising... Semoga aja para Penipu cepat diTangkap.",2,0,2024-04-30T15:39:57Z,False
UgyhkdDrkt_bfk8hHB14AaABAg,@jhonjuanda303,"Saya yakin 1000%, kasus ini tetap mengambang dilangit",1,1,2024-04-30T15:17:28Z,False
UgyhkdDrkt_bfk8hHB14AaABAg.A2rUjZutuB3A2v6pEh2meL,@MasadepanMasakini-ko9iu,"Kita lapor polisi, kalo gk ada DOA ( DORONGAN AMPLOP) juga polisi gk akan jalan...",0,0,2024-05-02T01:05:29Z,True
Ugzzprm-IoT9MVLqoAh4AaABAg,@sumarniharjo512,"Saya mengalami beberapa kali, kalau uang di rekening  banyak, pasti ada orang tdk saya kenal menelpon, dgn kode wilayah Jakarta.
tapi kalo uang sedikit tdk ada telpon, tapi saya tidak pernah merespon..",2,0,2024-04-30T14:12:38Z,False
UgzIrqznqm4PIARclD94AaABAg,@asrilsyarif6021,"Jangan2 ceritanya jg tipu2an, hoaks karena masnya ceritanya lancar banget.",1,1,2024-04-30T14:04:56Z,False
UgzIrqznqm4PIARclD94AaABAg.A2rMRKPzckyA2s70UrH3af,@IqbalQoreshi,"Justru karna kejadian nya nyata, makanya ceritanya lancar bang :(",0,0,2024-04-30T21:09:26Z,True
UgyPoQmYd2yRkg4iDLx4AaABAg,@hantu-darat,Pendidikan pun tak cukup untuk menangkal penipuan karena logika tidak berjalan terlebih tanpa pengetahuan umum seperti polisi tidak bisa menentuksn lama tidaknya hukuman kecuali hakim…. Ckckvkckck,1,0,2024-04-30T13:45:24Z,False
UgyCyRyyWHfOr9Au8zd4AaABAg,@CahRantau346,"Skill bicara situ sih memang oke sih mas . Tapi kayaknya elu memang Gaptek sih mas, rekening koran aja kayak masih blom paham, dan klo mau laporan penipuan menyangkut transaksi bank memang harus bawa identitas dan rekening koran dari bank yg elu pakek BCA. Ngurusnya ke BCA kenapa ke BRI 😂 .
Yah wajar sih klo elu gampang banget ketipu, bukan efek bangun tidur tapi karena masnya ya seperti yg masnya bilang sendiri "" T*L*L "" (bukan aku yg bilang ya ✌️ )",1,0,2024-04-30T13:10:22Z,False
UgyV77sIz-fZRWD07p14AaABAg,@yossilee5955,kesimpulanx mas terlalu pinter. makax kena tipu semua tidak mau kena tipu.,1,0,2024-04-30T12:54:44Z,False
Ugy8FOtv8DEVDeeLd7p4AaABAg,@samsunga20es-ct5zr,Bacakan surah yasin 40× sediakan air kasih cabe 40 butir. Lada 40 butir. Rebus  mendidih lalu siram k dekat hp mu tunggu reaksinya,1,2,2024-04-30T12:52:06Z,False
Ugy8FOtv8DEVDeeLd7p4AaABAg.A2rE5uCk-93A31cBQynx6B,@idalaila2269,"Masutnya udah terjadi bisa gitu ,kan waktu terjadi gk kepikiran",0,0,2024-05-04T23:02:57Z,True
Ugy8FOtv8DEVDeeLd7p4AaABAg.A2rE5uCk-93A3AIKep2l3W,@absrirejeki1512,Rebusan cabe dan mricanya taruh di waskom dan hpnya dicemplungin 1hr semalam tunggu reaksinya,0,0,2024-05-08T07:53:53Z,True
Ugzc2g_qqhR2kWLR4Dx4AaABAg,@firstfasting,"""kok aku percaya"" is the key",1,0,2024-04-30T12:38:11Z,False
Ugz1jnugwu7IY00phAV4AaABAg,@sugiyanto-mm9ii,Sudahlah jangan ber tele2 bicara... Langsung saja kalau orang..ketemu Bunuh langsung,1,0,2024-04-30T10:44:53Z,False
UgweyKg9gbjn3OQNwHF4AaABAg,@xtreamermerdeka2822,Jaga diri baek2 aja.... Lapor2 terbukti cuma bikin capek,2,1,2024-04-30T10:21:58Z,False
UgweyKg9gbjn3OQNwHF4AaABAg.A2qxvI9WIIPA2v77BcAMPw,@MasadepanMasakini-ko9iu,"Yang paling aman, jangan terima tlp dr no tak dikenal..beres...",0,0,2024-05-02T01:08:04Z,True
UgwHsWIVL7Mq4gu_g6R4AaABAg,@EfriantoKating,"Kalau saya.. mudus seperti ini tidak bakalan masuk, jelas ini kode penipuan.... salam cerdas.... 😁😁🙏🙏... terkecuali kena hipnotis... 🙏🙏",1,0,2024-04-30T10:10:56Z,False
Ugzk0k95RkaYWq9cH-d4AaABAg,@subaryoaja7139,"Seting dulu ,sy di telp penipu,  sy tdk akan respon, jika tdk kenal nama sendiri.",1,0,2024-04-30T09:28:24Z,False
UgzkdhOjlxMavgQDGlZ4AaABAg,@pariahmz6028,kalo solat subuh jgn lupa bc doa qunut,1,1,2024-04-30T09:24:54Z,False
UgzkdhOjlxMavgQDGlZ4AaABAg.A2qrOK8UjNHA2qrf5boA-u,@IqbalQoreshi,"Nahhh, saya kadang lupa bang keburu sujud karna ngantuk wkwkw",0,0,2024-04-30T09:27:20Z,True
Ugy1J40PbcBHc50qirF4AaABAg,@syahputracs4897,Yg stupid siapa ya 😂?,1,1,2024-04-30T09:10:19Z,False
Ugy1J40PbcBHc50qirF4AaABAg.A2qpiUNaV6UA2qqFmXpqYZ,@IqbalQoreshi,Saya dong :),0,0,2024-04-30T09:15:00Z,True
Ugz5NR_EPx1zwT53XmR4AaABAg,@zamricansaw7820,"Itu namanya kau tolong dan bodoh,muka ganteng tapi bodoh",0,0,2024-04-30T08:56:13Z,False
Ugwgbxt0mqFIV-WS0RN4AaABAg,@foecahaya,"Ribet sekali ,orang sdh dapat musibah bukannya dipermudah malah diipersulit lagi. Nambah ngeluarin biaya,diputar balik lagi.ngurus  itu ini lagi. Semoga ada hikmahnya Allah ganti dgn rizki yg lbh banyak dan barokah.aamiin😢",55,6,2024-04-30T07:59:03Z,False
Ugwgbxt0mqFIV-WS0RN4AaABAg.A2qhZZ1pR1jA2ql7lH3_5C,@IqbalQoreshi,Aminnn,2,0,2024-04-30T08:30:13Z,True
Ugwgbxt0mqFIV-WS0RN4AaABAg.A2qhZZ1pR1jA3J2xonFpFA,@PetiPriantini-sw9et,"Itulah indonesia, surganya orang brengsek..",0,0,2024-05-11T17:32:43Z,True
Ugwgbxt0mqFIV-WS0RN4AaABAg.A2qhZZ1pR1jA3OT3fL4ItV,@ahmatdinara1211,Aamiin,1,0,2024-05-13T19:57:03Z,True
Ugwgbxt0mqFIV-WS0RN4AaABAg.A2qhZZ1pR1jA45iMrpYXky,@MetyMety-wz9gz,Amiin.,0,0,2024-05-31T09:45:18Z,True
Ugwgbxt0mqFIV-WS0RN4AaABAg.A2qhZZ1pR1jAB-57p8qepY,@mauludinanwar7304,Berduit baru diurus.. negara paling ribet,1,0,2024-11-18T19:38:02Z,True
UgxfJmJHQpYy2Y6f5ZF4AaABAg,@wawankurniawan-km2fr,"sekarang banyak modus penipuan, hari ini 3x saya dihubungi nomor yang berbefa suara perumpuan ngaku dari kantor pos indonesia,dia bilang ada satu paket belum duambil, dan diarahkan ke nomor link, saya abaikan aja, saya tau kantor pos tidak begitu kerjanya",8,0,2024-04-30T07:57:35Z,False
UgzNVvzGD2jC2H4v_r94AaABAg,@keseksibosiningerepotinban7105,Rekening koran atau foro copy lembaran buku rekening .,1,0,2024-04-30T06:31:29Z,False
UgwJJesuPZo3zIBKfGB4AaABAg,@erlitaerlita3424,Itu ujian buat si masnya ngak bersedekah untuk orang²yg membutuhi,2,1,2024-04-30T06:16:42Z,False
UgwJJesuPZo3zIBKfGB4AaABAg.A2qWqqh8W5eAV-s2fSVNcY,@BreakTheMatrix87,"tau dari mana dia ga sedekah? hanya karena dia lebih kaya darimu, bukan berarti dia ga sedekah",0,0,2026-03-31T05:22:07Z,True
UgwHN1INOFcUJhpQv9F4AaABAg,@erlitaerlita3424,Polsi gadungan lapor kekepolisian,0,0,2024-04-30T06:06:52Z,False
Ugx77CWh1XmWCrVLDa94AaABAg,@hastutituti5138,"Aduhh aduhh . Itu bener2 modus penjahat. 
Ganti rejening mas jangan pakai rekening yg sudah masnya tunjukin ke polisi palsu itu. 
Kenak modus gendam dong?",1,0,2024-04-30T05:34:30Z,False
UgzPl_iPoum1Vb8Iuhd4AaABAg,@manyarindah3762,Mahasiswa kok gitu?,1,0,2024-04-30T04:20:26Z,False
UgzSasPrkH315vwfxVx4AaABAg,@ekosusanto2423,emang mahasiswa sekarang cuma jago ngomong padahal tolol .dan goblok apalagi mahasiswa yg kerjanya demo ya kayak kamu itu cuma pinter ngomon doang padahal otaknya kosong dan goblok,0,0,2024-04-30T04:07:17Z,False
UgySKTWE7YNE3g8X5gh4AaABAg,@wisnuherawati6422,Mas Iqbal dihipnotis lewat suwara telp hp.,8,2,2024-04-30T04:05:06Z,False
UgySKTWE7YNE3g8X5gh4AaABAg.A2qHmxyJYUtA3DIgJV8vpQ,@trianahana5984,Itu betul karena saya pernah mengalami .hy beda versi,1,0,2024-05-09T11:54:42Z,True
UgySKTWE7YNE3g8X5gh4AaABAg.A2qHmxyJYUtA3KuguVHEuQ,@adedeni46,saya juga..kaya nurut banget..qu terkuras 7 juta..nyeseeek banget,0,0,2024-05-12T10:50:15Z,True
UgzOw9rNtunNreZdJz14AaABAg,@WawanJp-se9xm,Konten,1,0,2024-04-30T03:21:20Z,False
UgwvPu4QpvIcnUcK4Gd4AaABAg,@reynziano1207,"Dengan selalu berdoa dan berdzikir, semoga akal sehat kita tetap terjaga!",1,1,2024-04-30T02:35:11Z,False
UgwvPu4QpvIcnUcK4Gd4AaABAg.A2q7VRGOQ-SA2q8BTA-wrI,@IqbalQoreshi,Aminn,0,0,2024-04-30T02:41:12Z,True
UgwLi5H8_G__kKtYkVB4AaABAg,@arielayi-we7sm,Bisa bisa nya masih ketipu.. Aduh ni org  lo tingal di planet mana shi.. 😂😂😂😂,1,0,2024-04-30T02:24:11Z,False
UgwH0ZguXTEPmx0_FFh4AaABAg,@putritriskadeny4904,"Aq pernah ketipu lewat telpn 
Padahal untuk bayar sekolah anak ku , aq sering juga melihat orang di conter suruh kirim pulsa sampei jutaan tapi klo belum sadar masih ngeyel katanya teman nya, tapi kalau sudah sadar baru nangis",2,0,2024-04-30T02:20:47Z,False
Ugyiuz00fMiDZaqq_zx4AaABAg,@riyanto3877,Meski uang tdk kembali tapi setidaknya.fhoto si penipu sudah tersebar...pelaku malu dgn keluarganya cari makan dgn menipu orang.,1,1,2024-04-29T23:52:39Z,False
Ugyiuz00fMiDZaqq_zx4AaABAg.A2pptyimBswA2pqBssXQ9Q,@IqbalQoreshi,"Muka nya AI bang alias palsu, itu wajah orang yang dipake :(",0,0,2024-04-29T23:55:13Z,True
Ugz5l51iomjOb2ICryp4AaABAg,@beganesa,"Saya mengalami hal yang persis sama dan serupa pada tanggal 13 Des 2023, tapi saat vicall WA dengan polisi gadungan atas nama Ronald Panjaitan dari polda Sumsel, saya dg hp lain kontak vicall mengajak Adek saya yang kebetulan dinas di Reskrim Mabes Polri untuk melacak nama polisi dan tempat satuan tugasnya dan saat itu juga adek memastikan bahwa itu modus penipuan. Alhamdulillah akhirnya dg percaya diri, tekanan pemerasan polisi gadungan bisa saya tanggapi dingin dan sptnya penipu sadar bahwa saya sudah tahu modus mereka dan saat saya tunggu janjian vicall mereka tidak  muncul lagi. 
Asli ini modusnya rapi banget dan meyakinkan, dan mungkin buat yang kena dari Masyarakat awam yg tidak pernah berurusan dg polisi atau tidak punya orang dekat di polisi yg bs diminta bantuan, bs kena mental dan bs diperas habis habisan.",16,2,2024-04-29T23:30:35Z,False
Ugz5l51iomjOb2ICryp4AaABAg.A2pnNSVhSfZA2po2Pu1JeI,@IqbalQoreshi,Betulll bangett :(,2,0,2024-04-29T23:36:27Z,True
Ugz5l51iomjOb2ICryp4AaABAg.A2pnNSVhSfZA51XLdntSgN,@yuslamwidya7355,"Itu namanya Takdir mas..
Aku jg pernah dpt telpon dr KantorPos Palembang, paketnya jg sama spt yg km bilang.. tp aku bilang bongkar saja paketnya dam ambil semua.buat kalian.. mgk krn dia msh pemula jd telponnya berhenti sampai disitu.",0,0,2024-06-23T15:14:43Z,True
Ugx7hXs1BOTFqai6JuZ4AaABAg,@eddysupriatna9377,"Sabar Mas' aku lebih dulu kena 2.500.000, modusnya nyaris sama mengaku polisi.",4,1,2024-04-29T23:25:57Z,False
Ugx7hXs1BOTFqai6JuZ4AaABAg.A2pmqVz9P1NA2pn8rCG-7t,@IqbalQoreshi,"Waduh lebih banyak, semoga diganti sama Tuhan lebih lagi bang",0,0,2024-04-29T23:28:36Z,True
UgyerhwT1U2Rp1doFP14AaABAg,@jonohamdan6705,Seharusnya jangan ditutup muka nya biar kami tau.kalau saya modus apapun bentuk nya maaf tidak ku angkat. Halus modusnya.,3,1,2024-04-29T22:42:39Z,False
UgyerhwT1U2Rp1doFP14AaABAg.A2phtN-PsuDA2pmRvMDciq,@IqbalQoreshi,"Sebelumnya sudah saya upload yg tidak sensor, lalu baru 1 hari tayang langsung di takedown youtube karna ujaran kebencian, lalu saya edit ulang, saya sensor dan sampai hari ini videonya aman tidak di takedown youtube",0,0,2024-04-29T23:22:28Z,True
UgwFl1lKXA7D5hdZRqx4AaABAg,@suprihatin0942,"Cari org jujur susah
Penjual barang online jg banyak yg kena tipu contohnya diklan di hp Aris baju dll dikirab kirabkn bagus stlh order clana pendek yg gak karu karuan SPT org belajar jait ada yg behnys tdk dijait tdk sesuai dgn yg diiklankn tetangga sy order clana cowo yg dikirim clana ansk² clana pjg ga peta clana,KL sy sdh kapok beli online 3x kn tipu dikirim ke JKT harga 54 RB dikasih andal yg hargV30 RB,order daster yg dikirim sarung bantal ,kapok² anaku jg 3x kn tipu ,sy protes kembalkn uangnya SM kurir,kurirnya mau mengembalikan potong ongkir 
Kapok beli online",0,0,2024-04-29T22:41:31Z,False
UgxoBkF3rfcf_9OkKz94AaABAg,@emzalf1266,"lapor ke kehilangan ayam, dgn lapor kita jd tambah kehilangan sapi",1,0,2024-04-29T21:11:57Z,False
UgzIG1ikfe78-RnNyZB4AaABAg,@santosoyuwono6261,"Polisi indonesia tdk sesuai apa yg dipampang didepan kantor polisi"" POLISI PENGAYOM MASYARAKAT"".",73,12,2024-04-29T18:46:13Z,False
UgzIG1ikfe78-RnNyZB4AaABAg.A2pHpft0l4JA3NmE7TYvHk,@leenitileeniti212,Betul,4,0,2024-05-13T13:34:00Z,True
UgzIG1ikfe78-RnNyZB4AaABAg.A2pHpft0l4JA3OScvOn37h,@ahmatdinara1211,Anda BENAR 👍👍👍,3,0,2024-05-13T19:53:16Z,True
UgzIG1ikfe78-RnNyZB4AaABAg.A2pHpft0l4JA3QAKjfft2H,@Kucuut,"Alah gak usah percaya polisi.....Lapor cuma buang2 waktu apalagi 1,5 juta.....gua 100 juta aja polisinya lambat geraknya.....",3,0,2024-05-14T11:51:50Z,True
UgzIG1ikfe78-RnNyZB4AaABAg.A2pHpft0l4JA3Xap_C6FiB,@muhammadabduh2440,"​@Kucuut, nanti kalo rumah kamu kerampokan jangan lapor polisi",1,0,2024-05-17T09:06:48Z,True
UgzIG1ikfe78-RnNyZB4AaABAg.A2pHpft0l4JA3ZkjzKdREr,@Kucuut,@muhammadabduh2440 di desa gua aman bang......gak pernah ada perampokan ......polisi itu seperti preman,3,0,2024-05-18T05:11:54Z,True
UgxufMbskTkphRDLyxV4AaABAg,@BudimGolo-k3m,Emang bodoh kmu  bro,0,0,2024-04-29T17:38:24Z,False
UgyKfOPg4MK9xaDBORZ4AaABAg,@herikst4804,Terlalu ribet pantas aja byak tkut untuk melapor kan bisa pihak polri tlp ke bank2 terkait ndak bolak balik,5,0,2024-04-29T17:05:26Z,False
UgyaczZ6Nht3xSkyv8R4AaABAg,@hanyapenonton130,"Makanya jgn suka ngarepin hoki dan gratisan
Logika harus maen Siapa yg mau rugi dan yg paling jelas di dunia gak ada yg gratid,
Apalagi ini katanya seorang mahasiswa 🤦🤦🤦🤦🤦
SALAM AKAL SEHAT",1,0,2024-04-29T16:38:43Z,False
Ugz-WKoIuT1rhTb1KEF4AaABAg,@sodikkindkm9952,"Kalau saya tidak Pernah Jawab Orang Yg Tlpn.
- Apa bila Sebelumnya Tdk Kenal.
- Tdk Muncul Nama Sipenelephon.
- Tidak Terdaftar Nomor Sipenelephon.
Bila Perlu Langsungsa Di Blok.",20,5,2024-04-29T16:29:22Z,False
Ugz-WKoIuT1rhTb1KEF4AaABAg.A2p2AGBiyI6A2v6GwnN8qb,@MasadepanMasakini-ko9iu,NAH..INI BARU CERDAS....,2,0,2024-05-02T01:00:40Z,True
Ugz-WKoIuT1rhTb1KEF4AaABAg.A2p2AGBiyI6A3A4ceEs6-R,@dwiwahyuningtyas9566,bener......krn sy juga bukan tipe yg suka ksh no hp atau suka berinteraksi dgn orang lain yg mengharuskan memberikan nomor pribadi.....makanya sy ga pernah angkat ...sekelas bekas teman kantor saja sy ga pernah kontak lg.....jadi mustahil mereka menelpom sy......makanya.lsg sy blokir kalo ada nomor baru,2,0,2024-05-08T05:54:08Z,True
Ugz-WKoIuT1rhTb1KEF4AaABAg.A2p2AGBiyI6A3FTPIJMYwl,@didikrahmanto7376,Setuju dapat penolpon tidak dikenal...dan langsung nerocos ngomongnya..jelas penipuan...langsung aku blok,1,0,2024-05-10T08:06:50Z,True
Ugz-WKoIuT1rhTb1KEF4AaABAg.A2p2AGBiyI6A4pO9hxNAnO,@aso-hd5gy,"Sma,sy mah gak pernah di angkat,kalau gak di kenal mah,pokok nya langsung aja di blokir",1,0,2024-06-18T12:44:19Z,True
Ugz-WKoIuT1rhTb1KEF4AaABAg.A2p2AGBiyI6A4tUOLMRFtV,@yuukihiroyuuki5107,"biasanya saya juga begini, bahkan klo ada nomor asing saya cek dulu, klo tidak dikenal langsung blok, tapi ya namanya musibah seketika kewaspadaan itu hilang 😅",1,0,2024-06-20T02:55:42Z,True
Ugwec1f_zMS7160xIn54AaABAg,@ratasena2207,"Persis dengan yang aku alami tanggal 16 Oktober 2023 bro.
Aku terima telpon dan mengaku layanan BPJS.
Isinya peberitahuan bahwa BPJS ku diblokir.
Lalu untuk keterangan lebih lanjut, aku disuruh nekan angka yang aku lupa angkanya.
Setelah itu,tersambunglah dengan CS kantor BPJS. Lalu CS menginformasikan bahwa ada oknum yang telah mencuri data pribadi  untuk nebus obat di 3 RS di Bandung dengan nomor BPJSku.
Lalu aku disuruh melapor ke polisi, agar BPJSku tidak diblokir.
Cerita selanjutnya mirip seperti yang sampean ceritakan di video.
Tp untungnya akal sehatku langsung muncul sehingga aku nggak sampai transfer uang.
Aku sempat diancam agar tidak menceritakan pelaporan ke siapapun.
Setelah itu yang aku cemaskan bukan soal ancamannya, tapi soal data pribadiku.",4,9,2024-04-29T15:28:01Z,False
Ugwec1f_zMS7160xIn54AaABAg.A2ow8y6fFBZA2pIh0dtz2y,@IqbalQoreshi,"Sama ternyata trick nya, cuma beda modusnya ajaa yaa",1,0,2024-04-29T18:53:47Z,True
Ugwec1f_zMS7160xIn54AaABAg.A2ow8y6fFBZA2potaqRXom,@ratasena2207,"@IqbalQoreshi 
Mungkin satu jaringan tuh.",0,0,2024-04-29T23:43:51Z,True
Ugwec1f_zMS7160xIn54AaABAg.A2ow8y6fFBZA74Xdo4NZTD,@asrullana5814,Bang ATM rekening kita harus d ganti gak kalau data kita sudah bocor.. Truz klanjutnyh ada pihak pinjol gak bang krumah abang,0,0,2024-08-13T12:17:50Z,True
Ugwec1f_zMS7160xIn54AaABAg.A2ow8y6fFBZA74YFdLPmAV,@IqbalQoreshi,"Alhamdulillah sampe saat ini gaada pinjol datang, tapi semisal datang, saya bisa menolak mentah mentah karna saya tidak merasa meminjam uang dan saya ada surat laporan kepolisian kalau kartu identitas saya tersebar",1,0,2024-08-13T12:23:08Z,True
Ugwec1f_zMS7160xIn54AaABAg.A2ow8y6fFBZA74_CR_1SXd,@asrullana5814,@IqbalQoreshi ya bang mksd saya nanti dia si penipu bisa nguras ATM kita gak jikalau sudah ada saldonyh,0,0,2024-08-13T12:40:11Z,True
UgxjjCCDvM_3QOTD-9d4AaABAg,@luqpattipawae9457,"Masa sih sdh d tunjuk foto k polisi , ga bisa d cari sih / d bongkar modusnya ? Hoak ga nih ?",1,1,2024-04-29T14:36:52Z,False
UgxjjCCDvM_3QOTD-9d4AaABAg.A2oqIH0oj02A2oqiVaX44L,@IqbalQoreshi,"Wajahnya AI bang, setelah saya cek lebih teliti hasil rekaman saya, mukanya dia hasil deepfake :(

Dan ini bukan hoax, saldo saya habis semua karna penipu ini",0,0,2024-04-29T14:40:35Z,True
Ugwqbm8b7F8erIO_dkJ4AaABAg,@TatoagustinusTato,Sa juga tertipu dari Serly Serliana mengakunya polisi dia jual mobil n motor tarikan katanya jadi sangat murah sa tertarik ternyata penipu.,7,2,2024-04-29T11:09:49Z,False
Ugwqbm8b7F8erIO_dkJ4AaABAg.A2oTapLShV8A3BCkAbMOhN,@elangperkasa6613,KOK SAMA..TERGIUR MURAH UANG MUKA UDAH TAK TRANFER MOBIL BLM DATANG2 MSH DI JALAN ADA KENDALA INI ITU MINTA TRANFERAN LG. NGAMUK2..UANG SY 22 jt 800 ratus UDAH TAK TRANFER MSH NGAMUK2 MINTA TRANFER LG,0,0,2024-05-08T16:24:19Z,True
Ugwqbm8b7F8erIO_dkJ4AaABAg.A2oTapLShV8A3BCtzadu7D,@elangperkasa6613,"HILANG DAH UANG 22 jt 800 
PT ADIRA FINANCE TBK",0,0,2024-05-08T16:25:39Z,True
Ugy84i-jEuNOVfSyDX54AaABAg,@nurdianasimangunsong8048,Sdh maklum sy sendiri alami,2,0,2024-04-29T10:20:52Z,False
Ugx4NJqiMuieljvRGBZ4AaABAg,@Nurkhayat-hw6zu,Sangat bermanfaat untuk sua insan m kasih,1,0,2024-04-29T10:02:34Z,False
Ugwdmj4N_JraK4doXqh4AaABAg,@swasawasa,Kalau pengalaman ku cerinya  kena tipu bukan😊liwat onlen atau  atiem tapi secara lansung bln Maret tgl 8 2024 kemarin  habis duit dan emas,1,1,2024-04-29T07:41:18Z,False
Ugwdmj4N_JraK4doXqh4AaABAg.A2o5jg8VaoLA2oMnhQp680,@IqbalQoreshi,"Waduh, semoga diganti dengan lebih banyak rezeki",0,0,2024-04-29T10:10:25Z,True
UgyiqU4DBoe28_qOqV54AaABAg,@IisSrihastati,Terimakasih mas atas berbagi pengalaman nya. Semoga kita semua waspada dlm medsos😊,5,0,2024-04-29T06:35:40Z,False
UgzEuLTag1ANNUrvahh4AaABAg,@Baruna-s2l,Terlalu bodoh....dasar otak keong.....konteng memalukan,0,0,2024-04-29T06:18:40Z,False
UgzaGqqFwgEvNBVjcQl4AaABAg,@andriandwiirijawanto2307,Hi hi hi sebuah negri yang mengerikan....,0,0,2024-04-29T05:51:09Z,False
Ugw4meZhOZGc8fB0axh4AaABAg,@Cahaya1825,Apakah Hukum Petrus bisa di tegakan.,0,0,2024-04-29T04:59:13Z,False
UgwgIncG92gonQzP7bF4AaABAg,@RubyJayen,AkuJgPernahKetipuSebesarSatuKomaLimaJuta,0,0,2024-04-29T03:35:04Z,False
UgyoYX2NgneuZb6PjRJ4AaABAg,@ettyzubaidah6422,sama dgn kasus saya Alhamdulillah saya kgk terpengaruh apalagi kena tipu.....,2,0,2024-04-29T02:26:30Z,False
UgzMo9QBzT0dKF7c7i14AaABAg,@user-ru1fw3vu5j,"Kak iqbal,sama juga aku di tipu model spt itu. Hp nan 1 jam dg penipu dan gak boleh dimatikan hpnya, Tabunganku akan disita/ dibekukan sd 20 hari kedepan oleh ppatk, bla.... bla .....bla,dilarang lapor polisi, begitu dilarang justru aku ke sana lapor,terus ke bank terdekat terkait ppatk. Dari bank jawab itu bukan nomer ppatk. Nah alhamdulillah selamat ,ttp ya itu nomer rek. Ktp direkam dia. Hati hati lah sobat",6,2,2024-04-29T00:29:00Z,False
UgzMo9QBzT0dKF7c7i14AaABAg.A2nKGKv2qFfA2nm_7LnfGX,@IqbalQoreshi,"Sama bangett, telfon gabole dimatikan, tabungan dibekukan :(",0,0,2024-04-29T04:45:06Z,True
UgzMo9QBzT0dKF7c7i14AaABAg.A2nKGKv2qFfAEs3qNLaur6,@herugunawan2060,Ktpnya dimanfatkan buat pinjol tidak kak oleh penipunya,0,0,2025-02-23T02:58:26Z,True
UgzUt7W4m2G1S8Xcy3d4AaABAg,@yankboo,pengalaman saya 7th yg lalu. pembantu saya kena tipu seorang   tentara nama RJ dia tinggal dicijantung . dia pinjam uang ke pem   saya pake atm bri punya saya ke  wanìta dsl cab bri cipinang elok  rp 3 juta. saya kejar ke cijantung dan ketemu tapi tidak ngaku  tapi semua bukti ada walau sudah lama . Jadi mereka bersekongkol kenalan dll merayu dan endingnya nipu. Nanti kalau pingin bukti kongkrit bukti saya simpen yg menerima uang ituDew Set Les tinggal dicipinang.  pem saya trasf ke rek dia bri cipinang elok. HATI Hati  perempuan2 diluar sana jangan kenalan  lewat dunia maya,1,0,2024-04-28T23:35:18Z,False
UgwAfDZcc9iCjJxMBhR4AaABAg,@eponsariamah747,Q JK ada TLP gk diknl lngsng ku blokir z,0,0,2024-04-28T22:29:43Z,False
Ugw_tcodMPJzMcYpbWJ4AaABAg,@eponsariamah747,Suaranya familiar mirip suara kakek2 hahhh modus nih,1,0,2024-04-28T22:27:56Z,False
Ugx6HEZyAltMa_cS9954AaABAg,@marhalimmanday7284,"Masak mahasiswa bodoh, sepertinya ini hanya karangan atw fiksi",0,0,2024-04-28T15:33:42Z,False
UgzjK8QQkOsKRLMIV6x4AaABAg,@WidiSetiawan-wu8dt,Itu bukan syok....tp goblok,0,0,2024-04-28T15:19:27Z,False
UgzJ5ZsHtP2ih8R4PJZ4AaABAg,@falenlape1086,Lu bego,0,0,2024-04-28T13:27:23Z,False
Ugzz23JN3sohdgDZP4Z4AaABAg,@edihuma-kz3jf,Hilang kambing urus sana sini   total harga sapi ya.... nasib deh😢😢,0,0,2024-04-28T13:16:01Z,False
UgygvF8DdbvG1O2F9jV4AaABAg,@hongkongindonesia8721,"lain kali ada penelpon gak kenal di suruh kayak gitu jangan mau,aku gak mau trima tlp gak kenal,elu anak kuliah di tipu pintar² nya tupai melompat jatuh juga😂",1,0,2024-04-28T10:45:31Z,False
UgylvoFSGhLvefEodxx4AaABAg,@tomokoaerobic7570,"Wah modus nya sama Mas .. saya berapa bulan lalu juga ada yg telp dr Pihak Imgrasi ... Ada pengiriman paket dr Medan ke malaysia ,,,, terus untuk komfirmasi bahwa saya tdk atas nama saya di sambungkan ke Polda Sumut ..  sama persis apa yg abang sampaikan .... Jd saya mohon pihak Seiber polri dan pihak Bang bisa ungkap kasus tersebut takutnya lebih banyak lg korban ngiih .. untuk saya tdk kenapa"" tp saya mengalami persis Yg Abang Alami",1,1,2024-04-28T10:15:19Z,False
UgylvoFSGhLvefEodxx4AaABAg.A2lnZqhFjtDA2lsAph5Hd3,@IqbalQoreshi,"Waduh, sama ternyata modusnya",0,0,2024-04-28T10:55:36Z,True
Ugz23FcTCDy_m8B-And4AaABAg,@adangblade6969,Emang bener klo di telepon sama penipu itu kaya di hipnotis mengiyakan kata si penelpon penipu itu,1,0,2024-04-28T05:53:00Z,False
UgwPH3a2sxEsCSwPVcR4AaABAg,@adangblade6969,"Sama persis saya juga pernah ngalamin, cuma gak sempet di rekam telepon nya, ini untung masih bisa di rekam",1,2,2024-04-28T05:42:00Z,False
UgwPH3a2sxEsCSwPVcR4AaABAg.A2lJHz9vZDgA2lJfHLkS_J,@IqbalQoreshi,"Saya telfon dari siapapun apalagi yg ga dikenal, pasti saya rekam, karna takut itu penipuan, lah kok sudah hati-hati masih kena",0,0,2024-04-28T05:45:19Z,True
UgwPH3a2sxEsCSwPVcR4AaABAg.A2lJHz9vZDgA2oXXzSAXNB,@adangblade6969,"Iya, pas banget bangun tidur habis shift malam, dapat telepon dg iming² dapat hadiah, yaudah tergiur saya",1,0,2024-04-29T11:44:14Z,True
Ugx2cc8p_zw59sdFUl94AaABAg,@vivifarel86,Dari suaranya aja suara penipu ! Kalau sy orang yg tdk dikenal tidak pernah saya angkat ! Foto wajah dgn KTP bisa disalahgunakan untuk pinjol !,2,0,2024-04-28T04:13:18Z,False
UgzTM_Ij1YKq_JJFiFZ4AaABAg,@yesayasrohy2274,"Polisi dan pihak bank harusnya gercep tp ternyata polisi, bank jg ribet banget urusannya",2,1,2024-04-28T02:35:21Z,False
UgzTM_Ij1YKq_JJFiFZ4AaABAg.A2kyvsq1RgbA2kzG_E4nwh,@IqbalQoreshi,Mau sedih tapi fakta :(,0,0,2024-04-28T02:38:18Z,True
UgzPi40Jg0tdY5A0I8d4AaABAg,@bailahbailah9518,Rekening koran mas,1,0,2024-04-28T02:12:12Z,False
UgxBtXcKxmzd_2PlGZd4AaABAg,@prak-tiss8486,"Terima kasih ya sudah berbagi pengalaman yang sangat berharga dengan membuat konten seperti ini.

Semoga Allah ﷻ ganti yang telah hilang dengan yang lebih baik.",4,1,2024-04-27T15:32:14Z,False
UgxBtXcKxmzd_2PlGZd4AaABAg.A2jn22dkWnaA2jnRaJ8dJO,@IqbalQoreshi,Aminnn,0,0,2024-04-27T15:35:43Z,True
UgzXFyIRY1hOsjPQJSV4AaABAg,@cariasih90,Saya korban 300jt 😢,1,3,2024-04-27T15:07:30Z,False
UgzXFyIRY1hOsjPQJSV4AaABAg.A2jkCwy-kILA2jlnObUbRQ,@IqbalQoreshi,"Waduh, saya 1.5 juta aja nyesek, ini 300 :(",0,0,2024-04-27T15:21:21Z,True
UgzXFyIRY1hOsjPQJSV4AaABAg.A2jkCwy-kILA2m9OwuyD18,@TheAries8945,"kena 300jt, kronologinya bmn ?",1,0,2024-04-28T13:34:49Z,True
UgzXFyIRY1hOsjPQJSV4AaABAg.A2jkCwy-kILA2nILGEge9F,@cak-edy,Sabar,0,0,2024-04-29T00:12:11Z,True
UgyAwWEyRmCz2tobMN94AaABAg,@suprihartono5020,Om...knp dtutup mtanya..biar jdi waspada kmi..om..,1,1,2024-04-27T14:46:17Z,False
UgyAwWEyRmCz2tobMN94AaABAg.A2jhmYfn3PxA2jly5yMcIc,@IqbalQoreshi,"Saya sudah upload versi tidak sensornya sebelumnya, karna saya pun tau wajah pelakunya itu DEEPFAKE alias AI,tapi sama youtube dianggap ujaran kebencian padahal baru 1 hari tayang, yang akhirnya saya sensor dan videonya aman sampai sekarang",0,0,2024-04-27T15:22:49Z,True
UgyqAK2Edz7lrI4GCah4AaABAg,@Misterymix69,"Seragam polisinya saja di bagian kiri kanan nggak ada logo polisi, kok percaya itu seragam polisi, dan saat transfer ke orang lain kok nggak heran dan nurut saja, piye jal?",1,0,2024-04-27T12:33:29Z,False
UgwI-1FfPW1HeeuhcOV4AaABAg,@masidahwidasari5008,Ya memang  mereka itu kayak menghipnitis kita kami jg pernah katanya dpt oaketan hrs ngambil dikantor pos tp alhamdulilah kami gk smpai kenak,0,0,2024-04-27T11:35:22Z,False
UgzcZnBGQArplO72i254AaABAg,@puspitohadim31,Videonya mana,1,0,2024-04-27T09:55:50Z,False
Ugwc_cXLejX7CEByTg14AaABAg,@liyasampit2879,Mungkin pnipuannya dsrtai ilmu gndam jd akl pkiran g bsa normal,1,0,2024-04-27T08:36:47Z,False
UgzZ4cy61SRwfDSqrBR4AaABAg,@suditeguh4884,Indonesia adminnya ribet...bikin susah korban bukan malah bantu..bangsatt memang. Mf mas aku jadi ikut sewot..smoga mas Iqbal dapat rejeki pengganti. Trima kasih udah share❤🙏🏼🙏🏼🙏🏼👍👍👍,1,1,2024-04-27T07:56:21Z,False
UgzZ4cy61SRwfDSqrBR4AaABAg.A2iys4hr0B_A2iz9SqIcuD,@IqbalQoreshi,"Aminn, terima kasih doanya",1,0,2024-04-27T07:58:52Z,True
UgyZKujnspbYySX4FHh4AaABAg,@ateckenginering-hc2qv,Ini admin juga penipu demi konten lihat aja muka admin nya tampang muka licik ganteng sih lumayan tapi di balik ganteng nya menyimpan kelicikan,0,0,2024-04-27T03:56:20Z,False
UgyOhVCDV164OhDnUPl4AaABAg,@syafrideldel5732,dasar  emang loe goblok dari sono ngaku pinter pula...,0,0,2024-04-26T18:37:39Z,False
UgyoLjl3GlwG3NFqr954AaABAg,@cakinaki4329,"Pantesan awal thn 2021 adik aku kena tipu 6jut, iseng nomer aku sms sok kenal..lah bener selang sehari ada yg call, ngaku temen lama, ngarang nama lah bener kata dia itu namnya..dan skenario penipu sama ngajal bisnis pulsa, setelah 3hr baru aku bongkar..dasar penipu, bla2, sy bilang sy akan laporkan ke polisi..lah penipu ketawa ngakak..iya, silahkan dilaporkan! Malah nantang suruh laporin..
Pnatesan penipu kaga takut nipu, proses lapor aj dilempar sono sini,blm berkas bank ini itu,.yg mana polisi jg ga bakalan kelarin masalah kaya gini😢ada masalah lbh besar lagi aj blm kelar..yg puluhan,ratusan jt,bahkan milyaran..dahal klo penegak hukum Indo sigap, titik lokasi call aj bs dilacak,lah tinggal tangkap..kelar,tp kan rata2 penipu jg dlm dipenjara kan..nah kan,dah bnyak kasusny..emg diantepin bae penipu,perputaran uangny kemana2 bro😢",0,0,2024-04-26T18:00:25Z,False
Ugxm7twbq8demRiPvU54AaABAg,@CaloCaloRipuh,Kuiah jurusan apa si? Kok tolol....,0,0,2024-04-26T16:56:51Z,False
UgwVy1R76oxJrAgEecN4AaABAg,@herrysetiawan6893,"Sesuai amal perbuatan, ente biasa memaki dg kt babi & gatel?!!🤣🤣",1,0,2024-04-26T16:24:29Z,False
UgyHdG8HIHgHvpuxMXB4AaABAg,@hermanquo,Itu video call dr dlm lapas biasanya. Penipunya napi di lapas. Mereka punya baju polisi utk menipu korban. Biasanya buat nipu para wanita yg tergoda oleh seragam polisi.,1,3,2024-04-26T13:50:09Z,False
UgyHdG8HIHgHvpuxMXB4AaABAg.A2h1Z_jtar2A2h3s0Ewcib,@IqbalQoreshi,Serius apa boongan ini bang?,1,0,2024-04-26T14:10:17Z,True
UgyHdG8HIHgHvpuxMXB4AaABAg.A2h1Z_jtar2A2hB5kTJ-qk,@hermanquo,@IqbalQoreshi serius. Ada jaringan mafia napi dlm lapas.,0,0,2024-04-26T15:13:28Z,True
UgyHdG8HIHgHvpuxMXB4AaABAg.A2h1Z_jtar2A2hBkx6xK_F,@IqbalQoreshi,"@hermanquo waduh, serem juga kalo beneran ada",0,0,2024-04-26T15:19:13Z,True
Ugweh1s_S6l7kXqDO4N4AaABAg,@yusufhartono3641,Kamu di hipnotis lewat telepon mas.. hati² sdh bnyak kejadian,1,0,2024-04-26T11:42:30Z,False
UgwO1734rBI8y0TzoSB4AaABAg,@cahaya8943,hadeh wajah penipu kok di tutupi,1,1,2024-04-26T11:32:27Z,False
UgwO1734rBI8y0TzoSB4AaABAg.A2gmo2Zqva_A2goAO_BM9d,@IqbalQoreshi,"Sebelumnya saya sudah upload versi tidak tertutupnya, tapi dalam jangka waktu 1 hari tayang, youtube langsunv mentake down videonya, karna dianggap ujaran kebencian (saya dengan sadar memasukkan wajah pelaku ke video, karna wajahnya sebenernya deepfake/palsu)",0,0,2024-04-26T11:44:23Z,True
UgzURJ3OwXsnBSfaxoh4AaABAg,@acunglee2604,"Itu cuma konten saja.
Klo emg benar kejadian 
Koq bisa lgsg di buat konten",1,1,2024-04-26T11:23:11Z,False
UgzURJ3OwXsnBSfaxoh4AaABAg.A2glk8LNtrxA2gmkmVB6oG,@IqbalQoreshi,"Jujur saja, saya orangnya paling hati-hati soal beginian, jadi seluruh kejadian saya ketipu ada rekamannya, termasuk saat lapor polisi yang mondar mandir tanpa arah.

Lalu kenapa langsung dibuat konten? Saya udah kehilangan uang 1.5 jt, lalu capek muter-muter saat lapor kepolisi, belum lagi banyak teman yang tanya gimana kronologi kejadiannya, jadinya saya buat 1 video yang saya edit lalu saya upload, tujuan awalnya itu, biar teman-teman saya juga lebih aware dan hati-hati",1,0,2024-04-26T11:32:01Z,True
Ugz5lXgAzfksQ8-qsDt4AaABAg,@asepkudung7797,INTINYA KALO ADA APAPUN YG ASING BG KITA... KITA JGN LGSUNG RESPON.. KRN PENIPUAN SKRG 1001 MACAM MODUS SCAM...,1,1,2024-04-26T09:44:57Z,False
Ugz5lXgAzfksQ8-qsDt4AaABAg.A2gaVhNSf_mA2gat1uVm6j,@IqbalQoreshi,Siap bang,0,0,2024-04-26T09:48:17Z,True
UgzrBZR8ilwZ9OUUc5R4AaABAg,@minategal3437,Jaman makin maju tehnologi makin maju penipu jg makin maju dulu nyimpen duit katanya kalau dibang aman eh sekarang banyak yg hilang,3,0,2024-04-26T07:17:02Z,False
Ugx1NpQSpd-UGjwtYxV4AaABAg,@Yuslimporo71,Makanya sy selalu terhindar dari penipu yg suka nelpon krn kebodohanku yg TDK suka dengar bicara org strus kelamaan bertele tele  klo mas ini krn kepandaianya makanya ketipu hihihi,1,0,2024-04-26T06:12:25Z,False
UgwCF994pc-3MpRVNeV4AaABAg,@dewiana6398,Mugo mugo masya tambah sukses di ambil hikmahya ajaa untuk pembelajaran aminn,2,0,2024-04-26T01:03:11Z,False
UgxhLLM4gGNLRgdlEO54AaABAg,@dewiana6398,Hati hati sekarang bah itu ngaku pulisi atau presiden atau jindral  langsung  di bloker aja,6,0,2024-04-26T00:54:08Z,False
UgwKtpbgTyPg5aM7JLt4AaABAg,@toromargent8601,Sama Bos saya juga seperti itu  ga beda jauh tapi sama kasusnya kejadiamya saya jga bangun tidur kjadian januari,0,0,2024-04-25T10:11:14Z,False
UgzAQ6waoKGHX3gtg0h4AaABAg,@imasimas6234,Lihat seragamnya sudah gk jelas,1,1,2024-04-25T06:42:35Z,False
UgzAQ6waoKGHX3gtg0h4AaABAg.A2dgq6S64akA2dhR0fV5BJ,@IqbalQoreshi,"Ini adalah hal yang diucapkan pertama kali saat saya lapor polisi, polisi yg asli langsung bilang ""mas... Mas, seragamnya saja sudah ga jelas kok samean percaya""

Ya.... Gimana ya?",0,0,2024-04-25T06:47:46Z,True
Ugy1vgGjUL0OU_pEP1d4AaABAg,@ItekItekk,"Kenapa si Pelaku matanya ditutup ... Bro ,",1,1,2024-04-25T01:06:14Z,False
Ugy1vgGjUL0OU_pEP1d4AaABAg.A2d5LcLrtHjA2d7oG0B-2y,@IqbalQoreshi,"Kemaren saya upload.full wajah nya bro, karna saya pun tau itu deepfake wajahnya (palsu) tapi sama youtube di takedown dalam waktu 1 hari tayang, jadi saya sensor dan ternyata aman sampai sekarang",0,0,2024-04-25T01:27:46Z,True
Ugx_nuOwaSYfvymQphB4AaABAg,@EndroSoesatyo,"Akal sehat muncul setelah kebodohan terjadi.
Itu terlambat,gak ada gunanya.",17,6,2024-04-24T16:21:56Z,False
Ugx_nuOwaSYfvymQphB4AaABAg.A2c9LWW1YtpA31AQK6wczr,@syahrulindra6941,😀 Betul banget ..  konten menceritakan kebodohan diri sendiri,0,0,2024-05-04T18:51:35Z,True
Ugx_nuOwaSYfvymQphB4AaABAg.A2c9LWW1YtpA31gkgbDqb3,@albyathaya4235,"​@syahrulindra6941Intinya dia menceritakan ini buat pelajaran bagi yg lain supaya waspada dan ga ada lg yg jd korban. Jgn dilihat dr sisi bodohnya saja, kan dia sdh blg klo posisi dia baru bgn tdr, org baru bgn tdr kesadaran blm pulih 100%",4,0,2024-05-04T23:42:52Z,True
Ugx_nuOwaSYfvymQphB4AaABAg.A2c9LWW1YtpA32owHpnaqp,@Restoagus,"​@albyathaya4235BUAT PELAJARAN ITU HAMPIR KENA TIPU TPI GK KETIPU.
GUE PERNAH HPIR KETIPU TPI GUE SADAR JDI GK KETIPU.
MAU LUDES ITU DUIT 
HP DI HACK",1,0,2024-05-05T10:13:35Z,True
Ugx_nuOwaSYfvymQphB4AaABAg.A2c9LWW1YtpA3Il5r0KtU8,@ciciliamurtini4414,"​@syahrulindra6941dia punya niat baik agar hal.itu tdk terjadi lg ke org lain, lihat sisi positifnya",1,0,2024-05-11T14:47:56Z,True
Ugx_nuOwaSYfvymQphB4AaABAg.A2c9LWW1YtpA3XjOkK-NM4,@angelnature1139,Bagus dia mau share biar tidak banyak yang kena.,3,0,2024-05-17T10:21:38Z,True
UgzkNOzQy6gFFqD49CJ4AaABAg,@SlowButSure-88,"Akh,,,mana ada polisi yg menyidang org? Lalu kok mau"" aja disuruh transfer. Heran,,,mungkin 1000 / 1 orang yg mau lakukan itu.",1,3,2024-04-24T01:03:26Z,False
UgzkNOzQy6gFFqD49CJ4AaABAg.A2aWEAyP9HcA2amKEhaFV7,@IqbalQoreshi,"Nahh, saya 1 orang b*doh itu :(

Karna jujur saya bener² gapernah tau proses polisi bekerja itu gimana, dan itu dia ngaku sebagai penyidik, bukan menyidang.

Dan kenapa mau²nya disuruh transfer? Kalau diperhatiin divideo, saya itu ditunjukkan surat pembekuan dana, jadi dana saya harus di cek dulu, apakah bener dana saya bersih dan tidak ada masukkan dana dari kriminal, lalu saya disuruh transfer untuk di cek, dan bodohnya (lagi) saya percaya :(",1,0,2024-04-24T03:32:48Z,True
UgzkNOzQy6gFFqD49CJ4AaABAg.A2aWEAyP9HcA2jcTgkFSiN,@syafrudinhasanali5873,"Ini konten, enggak usah baper",0,0,2024-04-27T13:59:53Z,True
UgzkNOzQy6gFFqD49CJ4AaABAg.A2aWEAyP9HcA2jdCvoDMF4,@SlowButSure-88,@IqbalQoreshi mungkin pikiran lagi panik jd ngebleng,0,0,2024-04-27T14:06:20Z,True
Ugz7OvFy-Q6OI2fVa_94AaABAg,@jurlanabalqis2261,"Y bang biasa nya minta video caal maas, biar percaya bang itu jangan dipercaya bang itu modus Baru bang waspadalah 👍",1,1,2024-04-23T12:29:15Z,False
Ugz7OvFy-Q6OI2fVa_94AaABAg.A2_9vLtBgttA2_AYgwJB9u,@IqbalQoreshi,"Nah iyaa, baru tau sayaa :(",0,0,2024-04-23T12:34:46Z,True
UgwVWxFeCeQExL_F5ox4AaABAg,@budakkampung8161,"Hilang kmbing,,habis sapi...",0,0,2024-04-23T11:51:31Z,False
Ugx-kd0v9kWLOZUBPod4AaABAg,@srisutarti9144,"*demi konten sampe segininya yaaa...*
*tapi ya ada bagusnya.*
*buat pengalaman yg nonton*
*INTINYA JIKA ADA TELPON MASUK NAMANYA TIDAK ADA DI DAFTAR KONTAK HP*
*ANGKAT KALO NGOMONG GAJELAS,GAKENAL NAMA KITA,NANYA2 GAK JELAS*
*MATIIN TELPONYA*
*LANGSUNG BLOKIR*
*KALO ADA TELPON MASUK NOMER GAJELAS LG BLOKIR LAGI*",1,2,2024-04-23T10:50:35Z,False
Ugx-kd0v9kWLOZUBPod4AaABAg.A2Zzcm3pPLTA2_-5Yqts50,@IqbalQoreshi,"Jujur ga demi konten, buat uang udah kenal saya, saya kejadian apapun itu pasti saya dokumentasikan, telfon gajelas pasti saya langsung rekam, video orang gadikenal pasti saya rekam, nah selama kejadian saya memang bodoh aja bisa percaya dengan penipunya, lalu setelah telfon selesai baru lah saya cek semua rekaman saya, dan benar saya ketipu :(

*saya lebih mending gadapet konten daripada uang saya ludes habis kena penipu dan foto saya pegang KTP kesebar",0,0,2024-04-23T10:54:39Z,True
Ugx-kd0v9kWLOZUBPod4AaABAg.A2Zzcm3pPLTA39OC3CzjaC,@EagleFlyHigh69,"Saya mengalami hal yang sama, Mas Iqbal ini menurut Saya tidak berbohong dan demi konten",0,0,2024-05-07T23:25:54Z,True
UgxaD6N88phWWyzDAuh4AaABAg,@marlinatogatorop1150,"Terimakasih udah di serr
,mudah mudahan uang adek dpt gantinya.
dan penipu cepat ketangkap dan dapat ganjarannya.",28,2,2024-04-23T09:59:00Z,False
UgxaD6N88phWWyzDAuh4AaABAg.A2ZtivDBRAaA2ZupYN2axw,@IqbalQoreshi,Aminnn,1,0,2024-04-23T10:08:39Z,True
UgxaD6N88phWWyzDAuh4AaABAg.A2ZtivDBRAaA3OT7u2Dz4X,@ahmatdinara1211,Aamiin,1,0,2024-05-13T19:57:38Z,True
Ugw187O3VgSSXo9gW0F4AaABAg,@FerraSeera,Dari jaman 5 thun ke blakang suara ko sama yah.,1,2,2024-04-23T07:14:52Z,False
Ugw187O3VgSSXo9gW0F4AaABAg.A2ZawktEGrmA2ZbEKMSX1V,@IqbalQoreshi,Mungkin pelakunya sama dan belom ketangkep (?),1,0,2024-04-23T07:17:24Z,True
Ugw187O3VgSSXo9gW0F4AaABAg.A2ZawktEGrmA2ZgpkQt1zg,@FerraSeera,@IqbalQoreshi Bisa jadi mas ngeselin.. Mknya klo sy nnton video penipu kena tipu senengg.. Mmpus di kerjain dehh😅😅😅,0,0,2024-04-23T08:06:20Z,True
UgxBscWGjaJKCIhxiO54AaABAg,@fpihtipelacur,"Bukan penipunya yg cangih tapi?? 😅
Masih yakin pinter?😅😅🤡",1,1,2024-04-23T05:54:16Z,False
UgxBscWGjaJKCIhxiO54AaABAg.A2ZSiTn3LXjA2ZTBOO7RYB,@IqbalQoreshi,Kayaknya yang kedua bang 🥲🤣,0,0,2024-04-23T05:58:21Z,True
Ugwi90UjmhVOcBmw0ep4AaABAg,@100danie,"Sy klo ditelp/wa call no yg ga dikenal tidak pernah sy angkat, kecuali chat dulu msd dan tujuannya apa, namun dgn tetap berhati hati dan akal sehat.

Jika ditekan, diarahkan, disetting, diminta data, foto, ajakan bisnis2 tertentu, apalagi transfer duit 99% fix penipuan, apapun model kasusnya.",4,2,2024-04-22T06:35:18Z,False
Ugwi90UjmhVOcBmw0ep4AaABAg.A2Wxc52MvtgA2WyC4zMBmI,@IqbalQoreshi,"Siap, Untuk kasus ini aja saya udah cukup berhati-hati masih kena, berarti next saya harus lebih extra lagi hati²nya",0,0,2024-04-22T06:40:21Z,True
Ugwi90UjmhVOcBmw0ep4AaABAg.A2Wxc52MvtgA2v7HJH12EG,@MasadepanMasakini-ko9iu,Nah ini baru cerdas..,0,0,2024-05-02T01:09:27Z,True
Ugyl-kAi6NyHCQ7QPfx4AaABAg,@FianApong,Bego apa ngarang 😂😂😂😂,0,0,2024-04-22T06:02:15Z,False
UgwVPhFe5AMuYW_MymV4AaABAg,@idungGEDE,"hari gini .. masa sih telpon polisi bisa berlama2 dan panjang lebar utk urusan cuman paketan nyasar gak jelas.
1001 % kurasa janggal bin ajib",3,1,2024-04-22T05:49:44Z,False
UgwVPhFe5AMuYW_MymV4AaABAg.A2WsPNydU9DA2Wt4V4rfi4,@IqbalQoreshi,"Nahhh, tapi jujur gatau kenapa, seperti yang saya jelasin divideo juga, ketika saya telfon itu kek ngerasa janggal sedikit tapi kayak gabisa ngeberhentiin gitu, lalu pas telfon mati baru kesadarannya balik normal lagi, akal sehat bekerja kembali :(",1,0,2024-04-22T05:55:37Z,True
UgwOwYjXRstIlSqJuh94AaABAg,@VonziMaulani,Settingan luh ah.... Seblank nlank nya orang bangun tidur pasti nyadar juga apalagi sampe berjam jam... Demi konten bro 🤣🤣🤣,1,2,2024-04-22T05:36:58Z,False
UgwOwYjXRstIlSqJuh94AaABAg.A2WqwuSQF0WA2WrdA6hdF9,@IqbalQoreshi,"Saya bukan tipikal orang yang buat konten settingan, saya memang sadar saat telfon, tapi saya ga sadar kalo lagi ditipu itu aja.

Kenapa kok saya bisa²nya percaya, karna ketika telfon, saya bener² ditekan habis²an, kalo semisal saya ga koperatif sama pihak (yang ngakunya) polisi tersebut, maka surat penangkapan atas nama saya di tanda tangani, dan saya langsung dijemput oleh polsek terdekat.

Balik lagi saya yang masih baru bangun tidur mendapat informasi yang terlalu banyak pasti mengambil solusi yang tidak mau ribet, jadi saya nurut apapun kata polisi tersebut, karna jika sampai saya ditahan (meskipun saya tidak salah) pasti tetangga punya pikiran negatif san nama baik saya dalam bertetangga jadi buruk, dan itu juga membuat buruk nama orang tua",0,0,2024-04-22T05:43:01Z,True
UgwOwYjXRstIlSqJuh94AaABAg.A2WqwuSQF0WA39OYX8yaso,@EagleFlyHigh69,"Saya mengalami hal yang sama, 99% ceritanya sama, hanya saja saya tidak transfer dana karena keburu sudah ditangani Lawyer.

Cerita Mas Iqbal ini saya lihat bukan settingan atau demi konten",1,0,2024-05-07T23:28:58Z,True
Ugw_tWwxIJRO3lm0_8p4AaABAg,@yantophotociwet,"Modus Baru apapun kalau kita gak serakah dalam arti di video ini kita gak merasa pesan barang tapi ada sesuatu barang yg belum diambil gak usah ditanggapi ya mungkin kalau benar ada barang yg belum diambil itu milik orang lain bukan milik kita. karena jelas disini kita gak merasa pesan barang atau apapun, tapi dari pihak penipu yg mengatas namakan Kantor Pos ada barang yg blm diambil dan kalau cuma pintar ngomong doang itu tidak cukup "" semoga Video ini jadi bahan pembelajaran kita semua untuk lebih berhati2 """,10,2,2024-04-22T02:39:22Z,False
Ugw_tWwxIJRO3lm0_8p4AaABAg.A2WXc18T9lnA2nxT9FqdW_,@catlover3289,"Setuju.
Yang bikin orang rugi adalah serakah.",1,0,2024-04-29T06:20:16Z,True
Ugw_tWwxIJRO3lm0_8p4AaABAg.A2WXc18T9lnA4pOJ7HvScV,@aso-hd5gy,​@catlover3289 betul serakah dan tamak,0,0,2024-06-18T12:45:36Z,True
UgzgVcN1NlRn89bNBRB4AaABAg,@mohammadgoddam,"Tai anjing, video hoax cuma mo kontes aja. Coba simak kata2nys yg ga singkron. Masa ngobrol sam a polisi 1 jam",0,0,2024-04-22T02:25:39Z,False
Ugx6uVjh8Jh8P9aIjVR4AaABAg,@arielink2128,"aku pernah di telpon juga mas pas buka puasa, sama dari kantor pos dan bea cukai. katanya paket saya ditahan bea cukai malaysia isinya sama persis. kartu atm buku rekening danamon dan ktp warga asing, persis dikiran money loundry dan barang terlarang. tapi aku ingat aku kan ga punya tabungan danamon. langsung ta reject habis itu nomer ta save lihat di get contact sama keterangan spam dan penipuan. alhamdulillah ga kena...yg sabar ya mas iqbal, semoga rejekinya di ganti sama allah swt..amin.",48,6,2024-04-22T01:14:39Z,False
Ugx6uVjh8Jh8P9aIjVR4AaABAg.A2WNv_VqlbgA2WQjBI5L3P,@IqbalQoreshi,"Wahh bener sama banget modusnya, pencucian uang, alhamdulillah mas/mbaknya ga kena",4,0,2024-04-22T01:39:10Z,True
Ugx6uVjh8Jh8P9aIjVR4AaABAg.A2WNv_VqlbgA5hBi868zL6,@dekaredfire,"Saya juga pernah ditarget modus penipuan paket Danamon, telponnya ngaku-ngaku KBRI Malaysia, dan kebetulan juga saya memang pernah kerja di Pekanbaru Riau makanya agak kaget juga. Cuma aja beruntungnya kondisi saya lagi seret keuangan (maklum tanggal tua), walaupun sempat kasih data nomor rekening bank akhirnya selamat dari upaya penipuan. Oknum penipunya mungkin mikir ""rugi saya nipu orang ini""  🤣",0,0,2024-07-10T04:53:01Z,True
Ugx6uVjh8Jh8P9aIjVR4AaABAg.A2WNv_VqlbgA6IaNSV5sMY,@rammaychannel,"😂
Sama. Saya ditelpon ngaku dr BC...bilang sbg penadah.

Saya tanya balik...BC berapa NRP bapak?
Dia ga jawab...saya tanya lagi NRP bapak berapa akan saya catat.
Dia tetap ga mau jawab...terus saya tanya NRP.. dia ga jawab. Ujungnya akan kirim polisi ke rumah.

Saya bilang kirim saja ke rumah. Saya tunggu. Termasuk bpk juga ke rumah sekalian biar saya bisa lihat muka nya sprt apa.

😂😂 puas saya.",3,0,2024-07-25T02:48:24Z,True
Ugx6uVjh8Jh8P9aIjVR4AaABAg.A2WNv_VqlbgA8bQNydYQpN,@suryadiyadi5244,Maka a sekarang mah jangan mudah percaya ya karna manusia itu banyak akal maka a sekarang manusia kebanyakan a pengangguran bukan pegawai,0,0,2024-09-20T12:39:57Z,True
Ugx6uVjh8Jh8P9aIjVR4AaABAg.A2WNv_VqlbgAGgffL7_URC,@Dedi-l6b,"yang lebih aman seting aja pengaturan di ponsel blok nomor semua tidak dikenal ato nomor semua yang disembunyikan ,",0,0,2025-04-09T09:49:37Z,True
UgwR0SbfeWSA163rFHt4AaABAg,@penukal88,"Inti dari video ini... percuma lapor polisi.
Bukan menyelesaikan masalah justru menambah kerepotan bagi korban.",145,23,2024-04-22T01:08:24Z,False
UgwR0SbfeWSA163rFHt4AaABAg.A2WNCu6aDuFA2feUzJQoac,@dewiana6398,Betholl aku lapor pulisi kehilangan rumahku di bobol Yo di biarno aku di hajar mantan suami Sampek hidungku peyok di biarno  mugo mugo gak dapat safaatya dari leluhurku besok di hari kiamat aaaamiiinnn,11,0,2024-04-26T01:00:34Z,True
UgwR0SbfeWSA163rFHt4AaABAg.A2WNCu6aDuFA2rO1dGMeHU,@BangOno-p9r,Baiknya lapor Polisi... supaya tidak ada Korban lain..,3,0,2024-04-30T14:18:54Z,True
UgwR0SbfeWSA163rFHt4AaABAg.A2WNCu6aDuFA2u8-Bb3bAX,@edibramarso2311,Ya .begitulah kerja polisi ....cape2 lapor malah dipimpong ....,10,0,2024-05-01T15:56:29Z,True
UgwR0SbfeWSA163rFHt4AaABAg.A2WNCu6aDuFA3D0Sp5MPVt,@ellysese9060,"Malah di bawak muter2 . Makanya sbagian org jdnya meiklasin., menjadikan keenakan buat si penipu. ..",6,0,2024-05-09T09:15:26Z,True
UgwR0SbfeWSA163rFHt4AaABAg.A2WNCu6aDuFA3FT3eLiQ9u,@telaganasehatchannel6180,😂tullll,4,0,2024-05-10T08:03:53Z,True
UgxRKPvXk4hWliuGSyR4AaABAg,@MissAuraMaharani,Truecaller,0,0,2024-04-22T01:00:57Z,False
Ugxt8Pn_SeQEbIGDqhJ4AaABAg,@sita352,Ngeri tuh kalo foto ber KTP nya dipake buat pinjol,1,3,2024-04-22T01:00:01Z,False
Ugxt8Pn_SeQEbIGDqhJ4AaABAg.A2WMFSSDRcAA2W_1jvcDav,@IqbalQoreshi,"Sudah pasti bang, dan saya udah siap-siap bakal kena terror pinjol yang padahal saya ga nikmati, jadi siapapun telfon yg masuk setelah ini, langsung saya reject (demi keamanan)",1,0,2024-04-22T03:00:29Z,True
Ugxt8Pn_SeQEbIGDqhJ4AaABAg.A2WMFSSDRcAA2XGCVlc0yo,@idungGEDE,"gpp .. nanti klo ada dept colector nagih, di klarifikasi aja .. diajakin nonton video ini
kan lumayan nambah2 viewer dan likes .. video ini kan udah klarifikasi klo data udah gentayangan di dumay.
bila disalahgunakan berarti bukan tanggungjawab korban. screenshot baju sewaktu pegang ktp disimpan tuh buat bukti.. klo peminjol pake itu berarti data yg itu udah di pinjolkan",1,0,2024-04-22T09:26:26Z,True
Ugxt8Pn_SeQEbIGDqhJ4AaABAg.A2WMFSSDRcAA2XGsmQBc0n,@IqbalQoreshi,Siap bang,1,0,2024-04-22T09:32:20Z,True
UgwJEoj2mS2It1VbnPh4AaABAg,@Pey_layangan,Gimana bang kehilangan kambing harus jual rumah kan...😅😅,0,0,2024-04-22T00:38:46Z,False
UgziyPiIddTHQMziKnh4AaABAg,@sjakirhab6397,"di scam polisi palsu iya, diperes polisi asli iya

plot twist nya si abang ini sengaja kena scam buat edukasi kita, salute👍",1,1,2024-04-22T00:33:13Z,False
UgziyPiIddTHQMziKnh4AaABAg.A2WJB73V41mA2WZl3EVyDo,@IqbalQoreshi,"Ga sengajaa bangg, beneran langsung gapunya uang saya ini :(",0,0,2024-04-22T02:58:05Z,True
UgzVh4h53j15vBeFxKF4AaABAg,@freyanoxs6600,"Maaf sebelum nya, tapi sepengetahuan saya polisi udah ga bisa campur tangan dalam persidangan. Fungsi polisi hanya sebagai penyidik. Sebetulnya dari sisi ini aja udah cacat modus nya. Tapi semoga penipu2 begini di hukum berat agar jera. Hanya kita bener2 harus waspada jikalau dapat telp atau apa pun yang kita tidak merasa melakukan atau tidak bersangkutan. Lebih baik langsung di tutup jangan mulai pembicaraan apa pun.",6,1,2024-04-22T00:29:54Z,False
UgzVh4h53j15vBeFxKF4AaABAg.A2WInsphdbDA2WZglrAsem,@IqbalQoreshi,"Jujur saya baru tau karna kejadian ini, kalo tanpa kejadian ini mungkin saya sendiri belum belajar, untuk selanjutnya siapapun itu yg telfon kalo gakenal, langsung saya reject",0,0,2024-04-22T02:57:29Z,True
UgymvoaAoRoco3mosJV4AaABAg,@Bhrojie,demi konten 😂😂😂,1,1,2024-04-21T23:55:45Z,False
UgymvoaAoRoco3mosJV4AaABAg.A2WEtl4YOF6A2WRPJhOG_C,@IqbalQoreshi,"Kalo saya ada pilihan gausa buat konten dan uang saya ga ilang, mohon maaf saya pasti pilih mendingan uang saya ga ilang mas/mbak, karna itu untuk kebutuhan.",1,0,2024-04-22T01:45:04Z,True
Ugyp18mhlJWfXjFD6Uh4AaABAg,@kyandragaharpung2556,Bca kog untuk  print out mutasi rek koran ribet dan harus bayar? 😓😓😓,1,4,2024-04-21T22:35:52Z,False
Ugyp18mhlJWfXjFD6Uh4AaABAg.A2W5kbXtVvjA2WZu951K4-,@IqbalQoreshi,"Gatau juga ya, padahal polisi nyuruh saya minta rekening koran itu gratis, tapi pas sampe bank disuruh bayar, lah uang saya sisa Rp.8000, mau bayar pake apaa",0,0,2024-04-22T02:59:19Z,True
Ugyp18mhlJWfXjFD6Uh4AaABAg.A2W5kbXtVvjA2XGi0c8cut,@idungGEDE,"kertas mahal bro, emang di bca print out transaksi selembarnya 2000 ato 2500
sebetulnya klo punya mesin print sendiri, bisa di cetak sendiri .. datanya diambil dr internet banking.",0,0,2024-04-22T09:30:52Z,True
Ugyp18mhlJWfXjFD6Uh4AaABAg.A2W5kbXtVvjA2XZ59pUtWh,@kyandragaharpung2556,@idungGEDE siap bro. Tpi bbrapa x saya di bank bni dan bri bebas biaya bro.mgkin masing2 bank aturan ujtuk print mutasi rek korannya beda2.,1,0,2024-04-22T12:11:27Z,True
Ugyp18mhlJWfXjFD6Uh4AaABAg.A2W5kbXtVvjA2XZA5XP_5K,@kyandragaharpung2556,@IqbalQoreshi mgkin aturan setiap bank untuk print mutasi rek korannya beda2..thabks buat shareny bang.,0,0,2024-04-22T12:12:08Z,True
Ugzxz7YG6h4JdTYFPFt4AaABAg,@CickuCicky,"Bantu viralin, seribet itu administrasi di Indonesia. Padahal simpel polisi tinggal cek data lengkap dari rekening si penipu.... Selesai...",98,24,2024-04-21T22:25:01Z,False
Ugzxz7YG6h4JdTYFPFt4AaABAg.A2W4W7UYdL_A2WQaxuJfPi,@IqbalQoreshi,Mau sedih tapi faktanya begitu :),12,0,2024-04-22T01:38:03Z,True
Ugzxz7YG6h4JdTYFPFt4AaABAg.A2W4W7UYdL_A2WxKR_e1aP,@100danie,"Penipunya tidak sebodoh itu, pasti pakai rek gelap, gak mungkin pakai rek sendiri.",6,0,2024-04-22T06:32:45Z,True
Ugzxz7YG6h4JdTYFPFt4AaABAg.A2W4W7UYdL_A2Z3ZNC1phk,@CickuCicky,"@100danie walaupun bukan rekening si penipu, kalau mau buat buku tabungan salah satu syarat nya pakai ktp.",13,0,2024-04-23T02:14:26Z,True
Ugzxz7YG6h4JdTYFPFt4AaABAg.A2W4W7UYdL_A2iIiM9aAtH,@Mr.Duckkkkk,Gak semudah kayak pemikiran lo,2,0,2024-04-27T01:39:17Z,True
Ugzxz7YG6h4JdTYFPFt4AaABAg.A2W4W7UYdL_A2ijOIPYZt3,@parjoparjo-cb8gi,Karna wegah keribetan itu yg membuat plpor di buat putus asa biar gk terlalu repot.,0,0,2024-04-27T05:41:04Z,True
Ugw1f8yIPFfih5LkKBN4AaABAg,@lagukuasli2223,Makanya bangun tidur itupun jg ada doanya kalau agama lslam.,1,1,2024-04-21T13:29:49Z,False
Ugw1f8yIPFfih5LkKBN4AaABAg.A2V7GEI4-0nA2V7aM5QIeC,@IqbalQoreshi,"Iya betul..., selain untuk bersyukur karna masih diberi bangun, mungkin untuk menghindari hal hal begini",1,0,2024-04-21T13:32:42Z,True
Ugx50WICng-hYxzGFKx4AaABAg,@atris26,Ya goblok nya smpean mas..mahasiswa kok hal kayak gini aja di ladeni..mana ber jam2 lagi ngobrol di VC...mana ada sidang hukum pakai VC .. goblok jangan dipiara bro,0,0,2024-04-21T13:25:13Z,False
UgybaZgApVliOVR8dol4AaABAg,@gigihgmbear4345,Terimakasih udah mau share mas Iqbal. Semoga Allah ganti kerugian ini dengan lebih berlipat.,3,1,2024-04-21T12:43:57Z,False
UgybaZgApVliOVR8dol4AaABAg.A2V20NQ-H3zA2V2gX_3Kul,@IqbalQoreshi,"Aminn, mau tau keajaiban ga? Setelah uang saya ludes, saya gamau utang siapa-siapa termasuk orang tua, tapi gatau kenapa saya gapernah ga kelaperan tiap harinya, ada aja rejeki dadakan",1,0,2024-04-21T12:49:51Z,True
UgzCVg36ymi2H7BqL7F4AaABAg,@IpungPurwanti-cw8ie,"Pke app truecaller biar tau siapa yg telp, klo nomor2 baru n spam otomatis ada namanya n warnanya merah.",0,0,2024-04-21T12:14:52Z,False
UgwVjxtMjXdekgZ22Z54AaABAg,@sevenmovies-0507,"Rekening koran,pake mbanking sudah ada rekening koran via email",0,2,2024-04-20T08:21:28Z,False
UgwVjxtMjXdekgZ22Z54AaABAg.A2S-B-4cbkyA2W_5eRJ6XE,@IqbalQoreshi,Saya belum tau gimana cara nya :(,0,0,2024-04-22T03:01:01Z,True
UgwVjxtMjXdekgZ22Z54AaABAg.A2S-B-4cbkyA2WaMHxGM2L,@sevenmovies-0507,@IqbalQoreshi daftarin aja ke banknua gan nanti setiao transaksi ke record di email nanti ada laporan perbulan itulah rekening koran,0,0,2024-04-22T03:12:02Z,True
Ugz438HRPvyghSWUvRp4AaABAg,@sevenmovies-0507,Denger cerita anda awal aja udah janggal kan gak ada kirim paket apapun kenapa diterusin,2,5,2024-04-20T08:20:12Z,False
Ugz438HRPvyghSWUvRp4AaABAg.A2S-1cHdkhUA2S-WjjjA5h,@IqbalQoreshi,"Saya baru bangun tidur dan shock nama saya dipake buat ngirim paket ga dikenal, makanya saya di arahkan untuk lapor ke polisi biar data saya aman (gitu modus mereka).

Dan karna saya bangun tidur dan shock, saya gatau kenapa iya iya aja tuh :(",0,0,2024-04-20T08:24:26Z,True
Ugz438HRPvyghSWUvRp4AaABAg.A2S-1cHdkhUA2S07N4F349,@sevenmovies-0507,@IqbalQoreshi iya ya gan nyawa belum ngumpul jadi kurang fokus,0,0,2024-04-20T08:29:43Z,True
Ugz438HRPvyghSWUvRp4AaABAg.A2S-1cHdkhUA2S0U22o367,@IqbalQoreshi,@AINOWAY05 benerr,0,0,2024-04-20T08:32:49Z,True
Ugz438HRPvyghSWUvRp4AaABAg.A2S-1cHdkhUA2XGUd-MUS5,@idungGEDE,"hikmah yg diambil .. klo bangun tidur jgn angkat HP .. kecuali dr pacar tersayang ..
ngopi dulu, rokokan dulu, trus sarapan .. biar otak bisa konek dan encer berpikir",2,0,2024-04-22T09:28:54Z,True
Ugz438HRPvyghSWUvRp4AaABAg.A2S-1cHdkhUA2XGoCotDFm,@IqbalQoreshi,@idungGEDE Setujuuuuu,0,0,2024-04-22T09:31:43Z,True
UgzOC3Z9wKHK6m-aB6B4AaABAg,@iisnunik7064,Suara dan logat penipu ini kok ya tetep itu2 aja..berarti blm ketangkep jg manusia laknat ini,2,1,2024-04-20T04:04:14Z,False
UgzOC3Z9wKHK6m-aB6B4AaABAg.A2RXjwrEdWqA2RZ-bQw0fJ,@IqbalQoreshi,"Kemungkinan besar, maka dari itu, kenapa kalo belom viral kok ga tekangkep tangkep pelakunya",0,0,2024-04-20T04:15:15Z,True
Ugyndbr5z9cghPIXFhp4AaABAg,@nurkarim4340,Anda sudah kena tipu saat percaya ada paket atas nama anda padahal anda kan tidak mengirim atau ada pesanan paket sebelumnya,1,7,2024-04-19T20:26:26Z,False
Ugyndbr5z9cghPIXFhp4AaABAg.A2QiLrRARSvA2QirL8AgUQ,@IqbalQoreshi,"Iya jugaa, tapi gatau kenapa pas ditelfon saya kok jadi bodoh yaa :(",0,0,2024-04-19T20:30:52Z,True
Ugyndbr5z9cghPIXFhp4AaABAg.A2QiLrRARSvA2QrxSESrwR,@nurkarim4340,"@IqbalQoreshi Ada juga modus lain... Telpon bilang tagihan Indie Home belum Lunas... Sama seperti suara CS suruh tekan nomor tertentu... Cara cek nya gampang... Misal disuruh tekan nomor 8 untuk informasi selanjutnya... Maka coba tekan nomor asal... Pasti tetap bakal tersambung. Itu artinya penipuan. Saran saya ikhlaskan saja uang yg hilang... Insyaallah bakal Allah ganti, kalau mau diurus bakal ribet dan habis waktu. Saya doakan semoga Channel Youtube nya makin berkembang... Video soal penipuan ini bagus. Banyak modus penipuan lain yg bisa anda jadikan materi video youtube",1,0,2024-04-19T21:50:20Z,True
Ugyndbr5z9cghPIXFhp4AaABAg.A2QiLrRARSvA2RQga8Jplu,@bananaboy66,Karena ada terbesit sedikit dipikiran anda bakal ada keuntungan ...padahal anda gk sadar ..itulah trik penipuannya,1,0,2024-04-20T03:02:37Z,True
Ugyndbr5z9cghPIXFhp4AaABAg.A2QiLrRARSvA2RRZ2vc3xb,@IqbalQoreshi,"@nurkarim4340 untuk selanjutnya kalo ada telfon dari siapapun itu, langkah awal harus cek get contact dan terima kasih atas sharingnya.",0,0,2024-04-20T03:10:11Z,True
Ugyndbr5z9cghPIXFhp4AaABAg.A2QiLrRARSvA2RSvbcBK9W,@nurkarim4340,@IqbalQoreshi Sekarang get contact sudah ada fitur menyembunyikan tag/nama yg diberikan orang lain... Jadi orang lain yg mau cek tidak muncul,1,0,2024-04-20T03:22:08Z,True
Ugy2WfgpZE1ssRpV3014AaABAg,@IqbalQoreshi,"Ceritain pengalaman kalian kena ""MODUS PENIPUAN"" biar yang lain bisa belajar dari cerita kalian dan waspada dengan penipu.",66,36,2024-04-19T16:22:29Z,False
Ugy2WfgpZE1ssRpV3014AaABAg.A2QHR65mjfQA2oYZ7EvcBD,@adangblade6969,"Klo saya kena tipu di telepon di tujukan ke pinjol, 2 x pinjol aplikasi berbeda sekali telepon, yg 1 hasil pinjol nya ludes di ambil penipu, yg ke 2, hasil pinjol masih bisa/cepat ke ATM di ambil, dg masing-masing pinjol maximal limit ± di 10 jt an, jadi saya harus bayar pinjol ± 20jt, aduh.... shock banget waktu itu
Jadikan ini pengalaman terburuk bagi saya, ada hikmah di balik ujian, mau gak mau saya harus melunasi nya, klo gak bisa di teror bisa stress
Sudah laporan ke polisi tidak menyelesaikan masalah mau di usut juga harus ada biaya lagi",8,0,2024-04-29T11:53:08Z,True
Ugy2WfgpZE1ssRpV3014AaABAg.A2QHR65mjfQA2qRnkLzIT0,@hastutituti5138,Waduh,4,0,2024-04-30T05:32:35Z,True
Ugy2WfgpZE1ssRpV3014AaABAg.A2QHR65mjfQA2r7D5JGNZV,@moviepediaren9987,"Mas bro tadi ketika di polres dan disuruh ke bank suruh cetak rekening koran, langsung mas bro nyalain kameranya dan record, sampai kan bahwa mas bro sedang mau buat laporan penipuan tapi sangat dipersulit oleh pihak polres, langsung ngomong di depan petugas polres nya, bilang bahwa bukti transfer harusnya sudah cukup kuat. Disitu saya yakin polisi akan langsung berubah, karena mereka takut kalo sampai viral. Sama qo semua petugas polisi di Indonesia raya ini hanya takut dengan kamera dan sosmed. Karena mereka takut kehilangan pekerjaan dan jabatan",5,0,2024-04-30T11:51:55Z,True
Ugy2WfgpZE1ssRpV3014AaABAg.A2QHR65mjfQA2r7bDL5sOG,@IqbalQoreshi,"@moviepediaren9987 dikantor tidak boleh merekam bang, termasuk saat di bank",3,0,2024-04-30T11:55:21Z,True
Ugy2WfgpZE1ssRpV3014AaABAg.A2QHR65mjfQA2rHyTsVP49,@AndyKokok,Trus gimana bang kelanjutan nya​@IqbalQoreshi,2,0,2024-04-30T13:25:54Z,True
