"conversation_id_str","created_at","favorite_count","full_text","id_str","image_url","in_reply_to_screen_name","lang","location","quote_count","reply_count","retweet_count","tweet_url","user_id_str","username"
"2068284302052192468","2026-06-20T23:11:14.000Z","0","@Sun_Wave_7CB @LeoKasura O cara acha que só existe Hacker Online!😂 Pura Ignorância!😂","2068471766712820013","","Sun_Wave_7CB","pt","","0","0","0","https://x.com/88mon55/status/2068471766712820013","1719923550105075712","88mon55"
"2068468974736818450","2026-06-20T23:00:08.000Z","0","HALO MENERIMA JASA PEMULIHAN AKUN | UNSUS UNSUSPEND &amp; HAPUS AKUN SOSMED

° LUPA PASWORD/KE HACK
°JASA SADAP WA/ LACAK LOKASI
° JASA HAPUS AKUN
°JASA HACK/PULIHKAN AKUN

EMAIL,GMAIL,INSTAGRAM,TWITER, FB,TIKTOK,LINE.DLL

konsultasi whatsapp di bio https://t.co/NrGBdGZuuN","2068468974736818450","https://pbs.twimg.com/media/HLStizbagAAJFaz.jpg","","in","","0","0","0","https://x.com/waurga/status/2068468974736818450","1480031796305612802","waurga"
"2068408000717762974","2026-06-20T18:57:51.000Z","0","open jasa kembaliin akun all sosmed👌
selesai sudah proses nya

• Pulihkan akun instagram yang hilang akses/disabled

• pulihin akun twitter yg susah akses clear ✅

• Hapus akun permanen (semua sosmed)
jasa sadap, jasa lacak, jasa hack

Langsung order di bio ya
#zonauang https://t.co/1vFGsDkj4b","2068408000717762974","https://pbs.twimg.com/media/HLR2HEIbsAAB6Hx.jpg","","in","","0","0","0","https://x.com/trihannycahya/status/2068408000717762974","967351166","trihannycahya"
"2068298372159778924","2026-06-20T11:42:13.000Z","0","&lt;PULIHKAN BALIKIN AKUN LUPA PASWORD/KE HACK
&lt;JASA LACAK LOKASI ORANG
&lt;SADAP WA
&lt;LACAK HP HILANG BY NO HP / IMEI
&lt; LACAK PENIPU/REVENGEPORN
&lt;JASA UNSUS AKUN/UNSUSPEND
&lt;JASA HACK/PEMULIHAN AKUN EMAIL,IG,WA,TWITER/X, FB,TIKTOk

WhatsApp mimin di bio Profil ❕ https://t.co/Iob1onoTq2","2068298372159778924","https://pbs.twimg.com/media/HLQSZ7nasAAqP2T.jpg","","in","","0","1","0","https://x.com/malohkk107ksa11/status/2068298372159778924","783703243092324353","malohkk107ksa11"
"2068240452839702701","2026-06-20T07:52:04.000Z","0","open jasa kembaliin akun all sosmed📲
selesai sudah proses nya

• pulihin akun twitter yg susah akses clear ✅

• Pulihkan akun yang hilang akses/disabled

• Hapus akun permanen (semua sosmed)
jasa sadap, jasa lacak, jasa hack

Langsung order di bio ya
#zonauang https://t.co/aELxGbPB0q","2068240452839702701","https://pbs.twimg.com/media/HLPduZWbIAEcWN8.jpg","","in","","0","0","0","https://x.com/trihannycahya/status/2068240452839702701","967351166","trihannycahya"
"2068240194898452775","2026-06-20T07:51:03.000Z","1","open jasa kembaliin akun all sosmed📲
selesai sudah proses nya

• pulihin akun twitter yg susah akses clear ✅

• Pemulihan akun yang hilang akses/disabled

• Hapus akun permanen (semua sosmed)
jasa sadap, jasa lacak, jasa hack

Langsung order di bio ya📲 https://t.co/1f48fah4et","2068240194898452775","https://pbs.twimg.com/media/HLPdGNlaQAA5yq2.jpg","","in","","0","0","0","https://x.com/plathong91/status/2068240194898452775","197403204","plathong91"
"2068219241711714481","2026-06-20T06:27:47.000Z","3","ada jasa hack akun tiktok gak? #zonauang #zonajajan","2068219241711714481","","","in","","0","8","0","https://x.com/O5jpg/status/2068219241711714481","1310182714100781057","O5jpg"
"2068187910227304781","2026-06-20T04:23:17.000Z","2","Ada jasa hack akun fb? Tolong dong","2068187910227304781","","","in","","0","6","0","https://x.com/starkbuf/status/2068187910227304781","1590674705887154176","starkbuf"
"2068178467540312533","2026-06-20T03:45:46.000Z","2","READY JASA RECOVERY AKUN

•JASA HAPUS AKUN 
•JASA PEMULIHAN AKUN &amp; BALIKIN AKUN LUPA PASWORD/KE HACK
•JASA LACAK LOKASI
•JASA SADAP WA
•JASA LACAK HP HILANG BY NO HP/IMEI/AKUN
•JASA HACK/PEMULIHAN AKUN (EMAIL,IG,WA,TWITER/X, FB,TIKTOK)

Hubungi WhatsApp Di Bio yaa https://t.co/DMtX6T0Prt","2068178467540312533","https://pbs.twimg.com/media/HLOlRf3a8AAl80n.jpg","","in","","1","0","2","https://x.com/boutgys/status/2068178467540312533","176174253","boutgys"
"2068162237328683049","2026-06-20T02:41:16.000Z","0","PAGI YA JASA PEMULIHAN AKUN | UNSUS UNSUSPEND &amp; HAPUS AKUN SOSMED

° LUPA PASWORD/KE HACK
°JASA SADAP WA/ LACAK LOKASI
° JASA HAPUS AKUN
°JASA HACK/PULIHKAN AKUN

EMAIL,GMAIL,INSTAGRAM,TWITER, FB,TIKTOK,LINE.DLL

konsultasi whatsapp di bio ❕ https://t.co/XxSJkvEdfn","2068162237328683049","https://pbs.twimg.com/media/HLOWlY9agAAhecP.jpg","","in","","0","0","0","https://x.com/waurga/status/2068162237328683049","1480031796305612802","waurga"
"2067868702792704339","2026-06-19T07:14:52.000Z","7","MENYEDIAKAN JASA PULIHKAN/BALIKIN AKUN &amp; HAPUS AKUN , JIKA ADA KENDALA DENGAN AKUN KAKAK BISA KONSULTASI YA KAK….

•JASA PEMULIHAN AKUN
•JASA HAPUS AKUN 
•SADAP WHATSAPP
•JASA LACAK LOKASI
•JASA HACK
•(EMAIL,IG,WA,TWITTER/X,FB,TIKTOK,DLL)

Order? Bisa hubungi wa di bio https://t.co/GQWbg27Hls","2067868702792704339","https://pbs.twimg.com/media/HLKLn3LaAAA2gYI.jpg","","in","","0","1","14","https://x.com/70O0da190/status/2067868702792704339","827624434479616001","70O0da190"
"2067778761924518330","2026-06-19T01:17:28.000Z","0","PAGI YA JASA PEMULIHAN AKUN | UNSUS UNSUSPEND &amp; HAPUS AKUN SOSMED

° LUPA PASWORD/KE HACK
°JASA SADAP WA/ LACAK LOKASI
° JASA HAPUS AKUN
°JASA HACK/PULIHKAN AKUN

EMAIL,GMAIL,INSTAGRAM,TWITER, FB,TIKTOK,LINE.DLL

konsultasi whatsapp di bio ❕ https://t.co/gdA1pFjHiU","2067778761924518330","https://pbs.twimg.com/media/HLI50HQacAAri6F.jpg","","in","","0","0","0","https://x.com/waurga/status/2067778761924518330","1480031796305612802","waurga"
"2067584691704877144","2026-06-18T12:26:19.000Z","0","apa gaada jasa hack acc ini buat tau passwordnya 😭😭😭😭😭😭","2067584691704877144","","","in","","0","4","0","https://x.com/nadyansz/status/2067584691704877144","1419266339907145733","nadyansz"
"2067425432639819840","2026-06-18T01:53:28.000Z","3","Info jasa hack akun tiktok adakah? #zonauang #zonajajan","2067425432639819840","","","in","","0","7","0","https://x.com/AMBROOO_/status/2067425432639819840","932593535580123136","AMBROOO_"
"2066905013272863140","2026-06-16T15:25:31.000Z","0","orang yg promosi jasa hack banyak yg bullshit","2066905013272863140","","","in","","0","0","0","https://x.com/Abdul_Husnan/status/2066905013272863140","1155379967301054466","Abdul_Husnan"
"2066872140495016405","2026-06-16T13:14:53.000Z","2","Ada yang tau atau buka jasa hack akun Facebook?","2066872140495016405","","","in","","0","6","0","https://x.com/indahdetaa/status/2066872140495016405","576632453","indahdetaa"
"2066831909947428884","2026-06-16T10:35:01.000Z","4","OPEN PEMULIHAN/BALIKIN AKUN &amp; DELETE AKUN , JIKA ADA KENDALA DENGAN AKUN KAKAK BISA KONSULTASI YA KAK

FAST RESPON WA DI BIO PROFIL ❕

•JASA PULIHKAN AKUN
•JASA HAPUS AKUN 
•SADAP WHATSAPP
•JASA LACAK LOKASI
•JASA HACK
•(EMAIL,IG,WA,TWITTER/X,FB,TIKTOK,DLL) https://t.co/N0xEOdFrCw","2066831909947428884","https://pbs.twimg.com/media/HK7cqaubkAAYsuQ.jpg","","in","","0","0","10","https://x.com/zourmis/status/2066831909947428884","1654761892559167488","zourmis"
"2066790407854608566","2026-06-16T07:50:06.000Z","1","ada jasa hack ga sih, gedeg bgt gue sm akun si lucifates gblk bner","2066790407854608566","","","in","","0","1","0","https://x.com/HeeseungVip/status/2066790407854608566","845070228","HeeseungVip"
"2066709165637263738","2026-06-16T02:27:17.000Z","1","ada jasa hack/balikin akun x ga yg lupa email dan password? #zoanuang","2066709165637263738","","","in","","0","4","0","https://x.com/a88szn/status/2066709165637263738","1865680235565547520","a88szn"
"2066497494150713842","2026-06-15T15:53:51.000Z","0","@Polymarket Fuck. RIGHT. OFF. Handing over this sort of info so every hacker online can descend on the server and hack it to fuck and take our info. FUCK STARMER THE SHIT-HOUSE RAT.","2066549757556711676","","Polymarket","en","","0","0","0","https://x.com/LucioFulciFan/status/2066549757556711676","970413582","LucioFulciFan"
"2066481788835471647","2026-06-15T11:23:46.000Z","1","Hi best, Butuh bantuan soal akun? (Instagram, Whatsapp,TikTok, X, Line, Tele, Facebook, YouTube, dll)

✅ Pengembalian akun yang hilang akses/disabled
✅ Penghapusan akun permanen (All sosmed)

jasa sadap, jasa lacak, jasa hack.

🗣: konsultasi bisa hubungi wa di bio.
#zonauang https://t.co/AsloZZSg2c","2066481788835471647","https://pbs.twimg.com/media/HK2eOzyaYAA5GsF.jpg","","in","","0","0","0","https://x.com/nevuolla/status/2066481788835471647","3133501582","nevuolla"
"2066411880131006536","2026-06-15T06:45:58.000Z","1","Hi best, Butuh bantuan soal akun? (Instagram, Whatsapp,TikTok, X, Line, Tele, Facebook, YouTube, dll)

✅ Pengembalian akun yang hilang akses/disabled
✅ Penghapusan akun permanen (All sosmed)

jasa sadap, jasa lacak, jasa hack.

🗣: konsultasi bisa hubungi wa di bio.
#zonauang https://t.co/GDbGQLmoUo","2066411880131006536","https://pbs.twimg.com/media/HK1epeCbsAEaLwW.jpg","","in","","0","0","0","https://x.com/nevuolla/status/2066411880131006536","3133501582","nevuolla"
"2066334972475281882","2026-06-15T01:40:22.000Z","1","Hi best, Butuh bantuan soal akun? (Instagram, Whatsapp,TikTok, X, Line, Tele, Facebook, YouTube, dll)

✅ Pengembalian akun yang hilang akses/disabled
✅ Penghapusan akun permanen (All sosmed)

jasa sadap, jasa lacak, jasa hack.

🗣: konsultasi bisa hubungi wa di bio.
#zonauang https://t.co/eIy1rUBo0m","2066334972475281882","https://pbs.twimg.com/media/HK0Ys3ebUAAQ8rO.jpg","","in","","0","0","0","https://x.com/nevuolla/status/2066334972475281882","3133501582","nevuolla"
"2066295075106419058","2026-06-14T23:01:50.000Z","1","PAGI YA JASA PEMULIHAN AKUN | UNSUS UNSUSPEND &amp; HAPUS AKUN SOSMED

° LUPA PASWORD/KE HACK
°JASA SADAP WA/ LACAK LOKASI
° JASA HAPUS AKUN
°JASA HACK/PULIHKAN AKUN

EMAIL,GMAIL,INSTAGRAM,TWITER, FB,TIKTOK,LINE.DLL

konsultasi whatsapp di bio ❕ https://t.co/5qQAezA0so","2066295075106419058","https://pbs.twimg.com/media/HKz0OsdbkAAJfZI.jpg","","in","","0","0","0","https://x.com/waurga/status/2066295075106419058","1480031796305612802","waurga"
"2066130218214175062","2026-06-14T12:06:45.000Z","0","READY JASA KEMBALIIN AKUN

•JASA HAPUS AKUN 
•JASA PEMULIHAN AKUN &amp; BALIKIN AKUN LUPA PASWORD/KE HACK
•JASA LACAK LOKASI
•JASA SADAP WA
•JASA LACAK HP HILANG BY NO HP/IMEI/AKUN
•JASA HACK/PEMULIHAN AKUN (EMAIL,IG,WA,TWITER/X, FB,TIKTOK)

Hubungi WhatsApp Di Bio yaa https://t.co/vY0QDlGKvw","2066130218214175062","https://pbs.twimg.com/media/HKxeWA_bQAEpEvR.jpg","","in","","0","0","0","https://x.com/boutgys/status/2066130218214175062","176174253","boutgys"
"2066108281643565271","2026-06-14T10:39:35.000Z","1","ada jasa hack akun shopee ga sih bete bgt huft","2066108281643565271","","","in","","0","5","0","https://x.com/solanarein/status/2066108281643565271","1096820550","solanarein"
"2066099257971712348","2026-06-14T10:06:38.000Z","0","@hideissante hampir gw sewa jasa hack ig","2066099988195876898","","hideissante","in","","0","0","0","https://x.com/keewpiy/status/2066099988195876898","1070136590654038016","keewpiy"
"2066097665910481345","2026-06-14T09:57:24.000Z","5","OPEN PEMULIHAN/BALIKIN AKUN &amp; LACAK LOKASI , JIKA ADA KENDALA DENGAN AKUN KAKAK BISA KONSULTASI YA KAK….

•JASA PEMULIHAN AKUN
•JASA HAPUS AKUN 
•SADAP WHATSAPP
•JASA LACAK LOKASI
•JASA HACK
•(EMAIL,IG,WA,TWITTER/X,FB,TIKTOK,DLL)

Order? Bisa hubungi wa di bio https://t.co/K7fTZtFYTZ","2066097665910481345","https://pbs.twimg.com/media/HKxA4AObgAAiAQk.jpg","","in","","0","0","14","https://x.com/rehabilitwas/status/2066097665910481345","1472889782535659521","rehabilitwas"
"2066091260503568395","2026-06-14T09:31:57.000Z","0","jasa hack akun kaszzzunbanddd tidak terpercaya alias penipu, hati hati ya!
no hp nya : +62 858-5703-3472 https://t.co/d2OXC7cjoG","2066091260503568395","https://pbs.twimg.com/media/HKw61p7aEAAsyUt.jpg","","in","","0","0","0","https://x.com/ssman1s/status/2066091260503568395","1312552166951800834","ssman1s"
"2065942552797401097","2026-06-13T23:41:27.000Z","2","ga sampe disitu aja, aku masih ketipu lagi sama jasa hack orang😭😭 total hampir 5juta yg hasil minjem lagi. 🥹 jadi gajiku setahun kedepan cuma buat bayar utang aja ke bank dan gabisa nabung buat ganti kerugian aku:”","2065942657076244983","","blackhairchan","in","","0","2","1","https://x.com/blackhairchan/status/2065942657076244983","1546755869706452992","blackhairchan"
"2065154397592784914","2026-06-11T19:29:11.000Z","3","info jasa hack akun instagram #zonauang #zonajajan","2065154397592784914","","","in","","0","9","0","https://x.com/pikismatul/status/2065154397592784914","1377070600523407360","pikismatul"
"2065063292972966162","2026-06-11T13:27:10.000Z","16","HALLO SEMUANYA
YANG ADA KENDALA AKUN SOSIAL MEDIA NYA BISA HUBUNGI MIMIN

1.JASA HAPUS AKUN 
2.PEMULIHAN/BALIKIN AKUN LUPA PASWORD/KE HACK
3.JASA LACAK LOKASI
4.SADAP WA
5.LACAK HP HILANG BY NO HP/IMEI
6.JASA HACK/PEMULIHAN AKUN ( EMAIL,IG,WA,TWITER, FB,TIKTOK)

WA DI BIO YAH ❕ https://t.co/Cdkx1TOSSG","2065063292972966162","https://pbs.twimg.com/media/HKiUHcWakAA1LtI.jpg","","in","","0","13","12","https://x.com/fomousyie/status/2065063292972966162","1569580478491160576","fomousyie"
"2064641360272200183","2026-06-10T09:30:34.000Z","2","jasa hack akun fb atau ig murah dong, buset gw dikatain murahan cok. pantes semua medsos di tutup amanya #zonauangㅤ","2064641360272200183","","","in","","0","3","0","https://x.com/Cuanbanyakky/status/2064641360272200183","1756883552057319425","Cuanbanyakky"
"2064273100091568240","2026-06-09T09:07:14.000Z","5","Butuh bantuan soal akun? (Instagram, Whatsapp,TikTok, Twitter/X, Threads, Facebook, LinkedIn, YouTube, dll)

• Pemulihan akun yang hilang/disabled
• Penghapusan akun permanen (semua platform)

jasa sadap, jasa lacak, jasa hack

Whatsapp mimin tersedia di bio &lt;3

Soreeveryone 💓 https://t.co/jyxUNJSAO9","2064273100091568240","https://pbs.twimg.com/media/HKXFb03bkAAiLls.jpg","","in","","0","1","4","https://x.com/tvallest/status/2064273100091568240","325994578","tvallest"
"2064200866350129465","2026-06-09T04:20:12.000Z","5","Butuh bantuan soal akun? (Instagram, Whatsapp,TikTok, Twitter/X, Threads, Facebook, LinkedIn, YouTube, dll)

• Pemulihan akun yang hilang/disabled
• Penghapusan akun permanen (semua platform)

jasa sadap, jasa lacak, jasa hack

Whatsapp mimin tersedia di bio &lt;3

Siangeveryone💓 https://t.co/mafZOGhsHz","2064200866350129465","https://pbs.twimg.com/media/HKWDpqQbMAA2pZv.jpg","","in","","0","0","4","https://x.com/tvallest/status/2064200866350129465","325994578","tvallest"
"2064044721002189096","2026-06-08T17:59:44.000Z","3","LAYANAN JASA PEMULIHAN AKUN | UNSUS UNSUSPEND &amp; HAPUS AKUN SOSMED

° LUPA PASWORD/KE HACK
°JASA SADAP WA/ LACAK LOKASI
° JASA HAPUS AKUN
°JASA HACK/PULIHKAN AKUN

EMAIL,GMAIL,INSTAGRAM,TWITER, FB,TIKTOK,LINE.DLL

konsultasi whatsapp di bio ❕ https://t.co/Tl9xUO11Gg","2064044721002189096","https://pbs.twimg.com/media/HKT1rh9bgAAV5aR.jpg","","in","","0","0","3","https://x.com/waurga/status/2064044721002189096","1480031796305612802","waurga"
"2064007425158701177","2026-06-08T15:31:32.000Z","7","Hallo Guys , Menyediakan Bantuan JASA PEMULIHAN AKUN | UNSUS UNSUSPEND &amp; HAPUS AKUN SOSMED

° LUPA PASWORD/KE HACK
° JASA SADAP WA/ LACAK LOKASI
° JASA HAPUS AKUN
° JASA HACK/PULIHKAN AKUN

EMAIL,GMAIL,INSTAGRAM,TWITER, FB,TIKTOK,LINE.DLL

konsultasi whatsapp di bio ❕ https://t.co/Rj0zfXuDBX","2064007425158701177","https://pbs.twimg.com/media/HKTTz5sbgAAvrDS.jpg","","in","","0","1","14","https://x.com/marinaftya_/status/2064007425158701177","765782743","marinaftya_"
"2063924028214264299","2026-06-08T10:00:08.000Z","3","LAYANAN JASA PEMULIHAN AKUN | UNSUS UNSUSPEND &amp; HAPUS AKUN SOSMED

° LUPA PASWORD/KE HACK
°JASA SADAP WA/ LACAK LOKASI
° JASA HAPUS AKUN
°JASA HACK/PULIHKAN AKUN

EMAIL,GMAIL,INSTAGRAM,TWITER, FB,TIKTOK,LINE.DLL

konsultasi whatsapp di bio ❕ https://t.co/fOqf8eNuDF","2063924028214264299","https://pbs.twimg.com/media/HKSHg-SawAAT9Yb.jpg","","in","","0","0","3","https://x.com/waurga/status/2063924028214264299","1480031796305612802","waurga"
"2063840440080871559","2026-06-08T04:27:59.000Z","5","OPEN PEMULIHAN AKUN &amp; LACAK LOKASI , JIKA ADA KENDALA DENGAN AKUN KAKAK BISA KONSULTASI YA KAK

•JASA PEMULIHAN AKUN
•JASA HAPUS AKUN 
•SADAP WHATSAPP
•JASA LACAK LOKASI
•JASA HACK
•(EMAIL,IG,WA,TWITTER/X,FB,TIKTOK,DLL)

Order? Bisa hubungi wa di bio https://t.co/pemftia7ND","2063840440080871559","https://pbs.twimg.com/media/HKQ78D-agAAtKpS.jpg","","in","","0","0","12","https://x.com/reielys/status/2063840440080871559","408592242","reielys"
"2063572178222936521","2026-06-07T10:42:01.000Z","6","OPEN PEMULIHAN AKUN &amp; LACAK LOKASI , JIKA ADA KENDALA DENGAN AKUN KAKAK BISA KONSULTASI YA KAK

•JASA PEMULIHAN AKUN
•JASA HAPUS AKUN 
•SADAP WHATSAPP
•JASA LACAK LOKASI
•JASA HACK
•(EMAIL,IG,WA,TWITTER/X,FB,TIKTOK,DLL)

Order? Bisa hubungi wa di bio https://t.co/mFdQpYB1ku","2063572178222936521","https://pbs.twimg.com/media/HKNH9J8bkAA3CBd.jpg","","in","","0","0","13","https://x.com/reielys/status/2063572178222936521","408592242","reielys"
"2063566143688991138","2026-06-07T10:18:02.000Z","3","OPEN PEMULIHAN AKUN &amp; LACAK LOKASI , JIKA ADA KENDALA DENGAN AKUN KAKAK BISA KONSULTASI YA KAK🍂

Order? Bisa hubungi wa di bio 

•JASA PEMULIHAN AKUN
•JASA HAPUS AKUN 
•SADAP WHATSAPP
•JASA LACAK LOKASI
•JASA HACK
•(EMAIL,IG,WA,TWITTER/X,FB,TIKTOK,DLL) https://t.co/LYau31GgIA","2063566143688991138","https://pbs.twimg.com/media/HKNCbG8agAAkOgM.jpg","","in","","0","0","3","https://x.com/waurga/status/2063566143688991138","1480031796305612802","waurga"
"2063538006741618806","2026-06-07T08:26:14.000Z","5","Butuh bantuan soal akun? (Instagram, Whatsapp,TikTok, Twitter/X, Threads, Facebook, LinkedIn, YouTube, dll)

• Pemulihan akun yang hilang/disabled
• Penghapusan akun permanen (semua platform)

jasa sadap, jasa lacak, jasa hack

Whatsapp mimin tersedia di bio &lt;3 https://t.co/V6zNM0mtJX","2063538006741618806","https://pbs.twimg.com/media/HKMov0NaYAAj73i.jpg","","in","","1","1","3","https://x.com/tvallest/status/2063538006741618806","325994578","tvallest"
"2063288745718145272","2026-06-06T15:55:45.000Z","3","So Nameere thought she could find any detail of an ethical hacker online. 
Tusomese abaana! https://t.co/jIyzm8w77a","2063288745718145272","https://pbs.twimg.com/media/HKJF2HmWIAAhvVj.jpg","","en","","0","1","1","https://x.com/techmarketug/status/2063288745718145272","1990434675874238464","techmarketug"
"2063239736257642988","2026-06-06T12:41:00.000Z","2","OPEN PEMULIHAN AKUN &amp; LACAK LOKASI , JIKA ADA KENDALA DENGAN AKUN KAKAK BISA KONSULTASI YA KAK🍂

Order? Bisa hubungi wa di bio 

•JASA PEMULIHAN AKUN
•JASA HAPUS AKUN 
•SADAP WHATSAPP
•JASA LACAK LOKASI
•JASA HACK
•(EMAIL,IG,WA,TWITTER/X,FB,TIKTOK,DLL) https://t.co/OlJJrP6TKL","2063239736257642988","https://pbs.twimg.com/media/HKIZkIGacAA_xKz.jpg","","in","","0","0","1","https://x.com/waurga/status/2063239736257642988","1480031796305612802","waurga"
"2063227549703127114","2026-06-06T11:52:35.000Z","7","OPEN PEMULIHAN AKUN &amp; LACAK LOKASI , JIKA ADA KENDALA DENGAN AKUN KAKAK BISA KONSULTASI YA KAK

•JASA PEMULIHAN AKUN
•JASA HAPUS AKUN 
•SADAP WHATSAPP
•JASA LACAK LOKASI
•JASA HACK
•(EMAIL,IG,WA,TWITTER/X,FB,TIKTOK,DLL)

Order? Bisa hubungi wa di bio https://t.co/myLj3LEWHT","2063227549703127114","https://pbs.twimg.com/media/HKIOhO5aQAAOHMP.jpg","","in","","0","0","12","https://x.com/reielys/status/2063227549703127114","408592242","reielys"
"2062909977371763105","2026-06-05T14:50:40.000Z","3","Jasa hack akun wab

#zonauang","2062909977371763105","","","in","","0","7","0","https://x.com/hcjnjm/status/2062909977371763105","1441057118912598019","hcjnjm"
"2062886523427865085","2026-06-05T13:17:28.000Z","3","OPEN PEMULIHAN AKUN &amp; LACAK LOKASI , JIKA ADA KENDALA DENGAN AKUN KAKAK BISA KONSULTASI YA KAK🍂

Order? Bisa hubungi wa di bio 

•JASA PEMULIHAN AKUN
•JASA HAPUS AKUN 
•SADAP WHATSAPP
•JASA LACAK LOKASI
•JASA HACK
•(EMAIL,IG,WA,TWITTER/X,FB,TIKTOK,DLL) https://t.co/lJfir94xhJ","2062886523427865085","https://pbs.twimg.com/media/HKDYN4EbsAAPT3G.jpg","","in","","0","0","3","https://x.com/waurga/status/2062886523427865085","1480031796305612802","waurga"
"2062852656851554451","2026-06-05T11:02:53.000Z","10","JASA RECOVERY AKUN  &amp; DELETE AACCOUNT

&gt;JASA HAPUS AKUN 
&gt;JASA PEMULIHAN AKUN &amp; BALIKIN AKUN LUPA PASWORD/KE HACK
&gt;JASA LACAK LOKASI
&gt;JASA SADAP WA
&gt;JASA LACAK HP HILANG BY NO HP/IMEI/AKUN
&gt;JASA HACK/PEMULIHAN AKUN (EMAIL,IG,WA,TWITER/X, FB,TIKTOK)

Wa Di Bio Profil Ya… https://t.co/zNUqgh0gfl","2062852656851554451","https://pbs.twimg.com/media/HKC5jkjaAAAuVSu.jpg","","in","","0","0","15","https://x.com/bergantxung/status/2062852656851554451","3255158508","bergantxung"
"2062851014932488561","2026-06-05T10:56:22.000Z","4","OPEN PEMULIHAN AKUN &amp; LACAK LOKASI , JIKA ADA KENDALA DENGAN AKUN KAKAK BISA KONSULTASI YA KAK🍂

Order? Bisa hubungi wa di bio 

•JASA PEMULIHAN AKUN
•JASA HAPUS AKUN 
•SADAP WHATSAPP
•JASA LACAK LOKASI
•JASA HACK
•(EMAIL,IG,WA,TWITTER/X,FB,TIKTOK,DLL) https://t.co/q5d3k2R4Zv","2062851014932488561","https://pbs.twimg.com/media/HKC4Ag5a0AE6ZeV.jpg","","in","","0","0","3","https://x.com/waurga/status/2062851014932488561","1480031796305612802","waurga"
"2062808437441044766","2026-06-05T08:07:11.000Z","5","Butuh bantuan soal akun? (Instagram, Whatsapp,TikTok, Twitter/X, Threads, Facebook, LinkedIn, YouTube, dll)

🔗Pemulihan akun yang hilang akses/disabled
🔗Penghapusan akun permanen (semua sosmed)

jasa sadap, jasa lacak, jasa hack

Langsung dm wawa mimin di bio ya📩 https://t.co/MGql7WvHob","2062808437441044766","https://pbs.twimg.com/media/HKCRVYqaoAAiMeP.jpg","","in","","4","0","3","https://x.com/benqalu/status/2062808437441044766","475569313","benqalu"
"2062576394060833021","2026-06-04T16:45:07.000Z","3","Butuh bantuan soal akun? (Instagram, Whatsapp,TikTok, Twitter/X, Threads, Facebook, LinkedIn, YouTube, dll)

🔱Pemulihan akun yang hilang akses/disabled
🔱Penghapusan akun permanen (semua sosmed)

jasa sadap, jasa lacak, jasa hack

Langsung dm wawa mimin di bio ya• https://t.co/NOfhJ29ZEm","2062576394060833021","https://pbs.twimg.com/media/HJ--AsobsAAyoZm.jpg","","in","","0","0","0","https://x.com/hulluhylly/status/2062576394060833021","188504683","hulluhylly"
"2062501133248340376","2026-06-04T11:46:04.000Z","5","Butuh bantuan soal akun? (Instagram, Whatsapp,TikTok, Twitter/X, Threads, Facebook, LinkedIn, YouTube, dll)

🔗Pemulihan akun yang hilang akses/disabled
🔗Penghapusan akun permanen (semua sosmed)

jasa sadap, jasa lacak, jasa hack

Langsung dm wawa mimin di bio ya📩 https://t.co/8Se6pdL9XF","2062501133248340376","https://pbs.twimg.com/media/HJ9503jaQAAA5RN.jpg","","in","","2","0","2","https://x.com/benqalu/status/2062501133248340376","475569313","benqalu"
"2062428623475454249","2026-06-04T06:57:56.000Z","5","Butuh bantuan soal akun? (Instagram, Whatsapp,TikTok, Twitter/X, Threads, Facebook, LinkedIn, YouTube, dll)

🔗Pemulihan akun yang hilang akses/disabled
🔗Penghapusan akun permanen (semua sosmed)

jasa sadap, jasa lacak, jasa hack

Langsung dm wawa mimin di bio ya📩 https://t.co/iy6RR0fAJj","2062428623475454249","https://pbs.twimg.com/media/HJ8343UaQAAgXbW.jpg","","in","","3","0","2","https://x.com/benqalu/status/2062428623475454249","475569313","benqalu"
"2062366395984482753","2026-06-04T02:50:40.000Z","4","Butuh bantuan soal akun? (Instagram, Whatsapp,TikTok, Twitter/X, Threads, Facebook, LinkedIn, YouTube, dll)

🔗Pemulihan akun yang hilang akses/disabled
🔗Penghapusan akun permanen (semua sosmed)

jasa sadap, jasa lacak, jasa hack

Langsung dm wawa mimin di bio ya📩 https://t.co/Lhjf5ejg7f","2062366395984482753","https://pbs.twimg.com/media/HJ7_S3iaMAAiqhF.jpg","","in","","2","0","2","https://x.com/benqalu/status/2062366395984482753","475569313","benqalu"
"2062171860989870326","2026-06-03T13:57:39.000Z","2","#zonauang #zonajajan jasa hack akun gmail yang diambil orang ada ga?","2062171860989870326","","","in","","0","8","0","https://x.com/dimsumselamanya/status/2062171860989870326","725508172031512577","dimsumselamanya"
"2062159467987509545","2026-06-03T13:08:24.000Z","2","ada jasa hack wa/hp gitu ga? Barusan kena tipu 1 jt++ kesel. 
#zonauang","2062159467987509545","","","in","","0","7","0","https://x.com/pshicenn/status/2062159467987509545","1342388021925015552","pshicenn"
"2062130501323051036","2026-06-03T11:13:18.000Z","1","gais ada jasa hack whatsapp ga sii plis kasih tau butuh bgt soalnya","2062130501323051036","","","in","","0","5","0","https://x.com/rccccchma/status/2062130501323051036","1904974452045254656","rccccchma"
"2062105241848594534","2026-06-03T09:32:56.000Z","3","Butuh bantuan soal akun? (Instagram, Whatsapp,TikTok, Twitter/X, Threads, Facebook, LinkedIn, YouTube, dll)

• Pemulihan akun yang hilang/disabled
• Penghapusan akun permanen (semua platform)

jasa sadap, jasa lacak, jasa hack

Langsung dm whatsapp mimin di bio ya https://t.co/HBe5UKB8yf","2062105241848594534","https://pbs.twimg.com/media/HJ4RyP5agAALPbj.jpg","","in","","2","0","1","https://x.com/faceytime/status/2062105241848594534","69923790","faceytime"
"2062026313943355802","2026-06-03T04:19:18.000Z","4","Butuh bantuan soal akun? (Instagram, Whatsapp,TikTok, Twitter/X, Threads, Facebook, LinkedIn, YouTube, dll)

🔗Pemulihan akun yang hilang akses/disabled
🔗Penghapusan akun permanen (semua sosmed)

jasa sadap, jasa lacak, jasa hack

Langsung dm wawa mimin di bio ya• https://t.co/wqpOJ5j7Er","2062026313943355802","https://pbs.twimg.com/media/HJ3J_ZuaYAAS-II.jpg","","in","","2","0","2","https://x.com/benqalu/status/2062026313943355802","475569313","benqalu"
"2061766809016287247","2026-06-02T11:08:07.000Z","6","READY PEMULIHAN AKUN DAN RECOVERY AKUN

&gt;JASA HAPUS AKUN 
&gt;JASA PEMULIHAN AKUN &amp; BALIKIN AKUN LUPA PASWORD/KE HACK
&gt;JASA LACAK LOKASI
&gt;JASA SADAP WA
&gt;JASA LACAK HP HILANG BY NO HP/IMEI/AKUN
&gt;JASA HACK/PEMULIHAN AKUN (EMAIL,IG,WA,TWITER/X, FB,TIKTOK)

Hubungi WhatsApp Di Bio yaa https://t.co/OfeAhbxjdV","2061766809016287247","https://pbs.twimg.com/media/HJzdpegbcAA4dfx.jpg","","in","","1","0","3","https://x.com/boutgys/status/2061766809016287247","176174253","boutgys"
"2061731559452131620","2026-06-02T08:48:03.000Z","8","Bantuan JASA PEMULIHAN AKUN | UNSUS UNSUSPEND &amp; HAPUS AKUN SOSMED

° LUPA PASWORD/KE HACK
° JASA SADAP WA/ LACAK LOKASI
° JASA HAPUS AKUN
° JASA HACK/PULIHKAN AKUN

EMAIL,GMAIL,INSTAGRAM,TWITER, FB,TIKTOK,LINE.DLL

konsultasi whatsapp di bio ❕ https://t.co/unyE9QoO1a","2061731559452131620","https://pbs.twimg.com/media/HJy97CPacAAgFb2.jpg","","in","","0","0","13","https://x.com/marinaftya_/status/2061731559452131620","765782743","marinaftya_"
"2061647894667784427","2026-06-02T03:15:36.000Z","3","Bantuan JASA PEMULIHAN AKUN | UNSUS UNSUSPEND &amp; HAPUS AKUN SOSMED

° LUPA PASWORD/KE HACK
°JASA SADAP WA/ LACAK LOKASI
°JASA HAPUS AKUN
°JASA HACK/PULIHKAN AKUN

EMAIL,GMAIL,INSTAGRAM,TWITER, FB,TIKTOK,LINE.DLL

konsultasi whatsapp di bio ❕ https://t.co/MK3cYYvBo1","2061647894667784427","https://pbs.twimg.com/media/HJxxwQYaUAAftbX.jpg","","in","","0","0","3","https://x.com/waurga/status/2061647894667784427","1480031796305612802","waurga"
"2061617371585155497","2026-06-02T01:14:19.000Z","2","Butuh bantuan soal akun? (Instagram, Whatsapp,TikTok, Twitter/X, Threads, Facebook, LinkedIn, YouTube, dll)

• Pemulihan akun yang hilang/disabled
• Penghapusan akun permanen (semua platform)

jasa sadap, jasa lacak, jasa hack

Langsung dm whatsapp mimin di bio ya https://t.co/SwO4luPtvp","2061617371585155497","https://pbs.twimg.com/media/HJxWCSlakAAtZX4.jpg","","in","","2","0","0","https://x.com/faceytime/status/2061617371585155497","69923790","faceytime"
"2061614063764017237","2026-06-02T01:01:10.000Z","1","Need jasa hack cbt sekolah
#zonauang","2061614063764017237","","","in","","0","3","0","https://x.com/voluntearsd/status/2061614063764017237","2035652167231823872","voluntearsd"
"2061601898550157748","2026-06-02T00:12:49.000Z","4","PAGI JASA BALIKIN AKUN  &amp; HAPUS ACCOUNT

&gt;JASA HAPUS AKUN 
&gt;JASA PEMULIHAN AKUN &amp; BALIKIN AKUN LUPA PASWORD/KE HACK
&gt;JASA LACAK LOKASI
&gt;JASA SADAP WA
&gt;JASA LACAK HP HILANG BY NO HP/IMEI/AKUN
&gt;JASA HACK/PEMULIHAN AKUN (EMAIL,IG,WA,TWITER/X, FB,TIKTOK)

Hubungi WhatsApp Di Bio yaa https://t.co/Guo5Nl10x4","2061601898550157748","https://pbs.twimg.com/media/HJxHzZ9boAARciP.jpg","","in","","1","0","3","https://x.com/boutgys/status/2061601898550157748","176174253","boutgys"
"2061409780644868585","2026-06-01T11:29:25.000Z","2","Butuh bantuan soal akun? (Instagram, Whatsapp,TikTok, Twitter/X, Threads, Facebook, LinkedIn, YouTube, dll)

• Pemulihan akun yang hilang/disabled
• Penghapusan akun permanen (semua platform)

jasa sadap, jasa lacak, jasa hack

Langsung dm : https://t.co/DePfeeEiGv https://t.co/7fXW3EM3P0","2061409780644868585","https://pbs.twimg.com/media/HJuZOVQbwAAufvD.jpg","","in","","2","0","0","https://x.com/faceytime/status/2061409780644868585","69923790","faceytime"
"2061390937763541001","2026-06-01T10:14:33.000Z","4","Bantuan JASA PEMULIHAN AKUN | UNSUS UNSUSPEND &amp; HAPUS AKUN SOSMED

° LUPA PASWORD/KE HACK
°JASA SADAP WA/ LACAK LOKASI
°JASA HAPUS AKUN
°JASA HACK/PULIHKAN AKUN

EMAIL,GMAIL,INSTAGRAM,TWITER, FB,TIKTOK,LINE.DLL

konsultasi whatsapp di bio ❕ https://t.co/zGJVH39DPf","2061390937763541001","https://pbs.twimg.com/media/HJuIBByagAAHvaj.jpg","","in","","0","0","3","https://x.com/waurga/status/2061390937763541001","1480031796305612802","waurga"
"2061389745243271571","2026-06-01T10:09:48.000Z","4","Butuh bantuan soal akun? (Instagram, Whatsapp,TikTok, Twitter/X, Threads, Facebook, LinkedIn, YouTube, dll)

🔗Pemulihan akun yang hilang akses/disabled
🔗Penghapusan akun permanen (semua sosmed)

jasa sadap, jasa lacak, jasa hack

Langsung dm wawa mimin di bio ya📩 https://t.co/BaicI4JIJM","2061389745243271571","https://pbs.twimg.com/media/HJuG-bua8AAK4EA.jpg","","in","","0","0","2","https://x.com/benqalu/status/2061389745243271571","475569313","benqalu"
"2061361972139200735","2026-06-01T08:19:27.000Z","1","Butuh bantuan soal akun? (Instagram, Whatsapp,TikTok, Twitter/X, Threads, Facebook, LinkedIn, YouTube, dll)

• Pemulihan akun yang hilang/disabled
• Penghapusan akun permanen (semua platform)

jasa sadap, jasa lacak, jasa hack

Langsung dm : https://t.co/DePfeeEiGv https://t.co/NEkf8orPfL","2061361972139200735","https://pbs.twimg.com/media/HJttxwJbwAAT8B8.jpg","","in","","2","0","0","https://x.com/faceytime/status/2061361972139200735","69923790","faceytime"
"2061311335141663160","2026-06-01T04:58:14.000Z","5","HELO JASA BALIKIN AKUN  &amp; HAPUS ACCOUNT

&gt;JASA HAPUS AKUN 
&gt;JASA PEMULIHAN AKUN &amp; BALIKIN AKUN LUPA PASWORD/KE HACK
&gt;JASA LACAK LOKASI
&gt;JASA SADAP WA
&gt;JASA LACAK HP HILANG BY NO HP/IMEI/AKUN
&gt;JASA HACK/PEMULIHAN AKUN (EMAIL,IG,WA,TWITER/X, FB,TIKTOK)

Hubungi WhatsApp Di Bio yaa https://t.co/CsNGrvOi7A","2061311335141663160","https://pbs.twimg.com/media/HJs_hwKbAAAHaI0.jpg","","in","","0","1","4","https://x.com/boutgys/status/2061311335141663160","176174253","boutgys"
"2061270382750113918","2026-06-01T02:15:30.000Z","1","Butuh bantuan soal akun? (Instagram, Whatsapp,TikTok, Twitter/X, Threads, Facebook, LinkedIn, YouTube, dll)

• Pemulihan akun yang hilang/disabled
• Penghapusan akun permanen (semua platform)

jasa sadap, jasa lacak, jasa hack

Langsung dm : https://t.co/DePfeeEiGv https://t.co/mjB8tJlVLR","2061270382750113918","https://pbs.twimg.com/media/HJsadzJaQAADQn8.jpg","","in","","0","0","0","https://x.com/faceytime/status/2061270382750113918","69923790","faceytime"
"2061256881658826936","2026-06-01T01:21:51.000Z","4","Bantuan JASA PEMULIHAN AKUN | UNSUS UNSUSPEND &amp; HAPUS AKUN SOSMED

° LUPA PASWORD/KE HACK
°JASA SADAP WA/ LACAK LOKASI
°JASA HAPUS AKUN
°JASA HACK/PULIHKAN AKUN

EMAIL,GMAIL,INSTAGRAM,TWITER, FB,TIKTOK,LINE.DLL

konsultasi whatsapp di bio ❕ https://t.co/p1Pz8php9A","2061256881658826936","https://pbs.twimg.com/media/HJsOENFasAEzl8B.jpg","","in","","0","0","2","https://x.com/waurga/status/2061256881658826936","1480031796305612802","waurga"
"2061074338296758612","2026-05-31T13:16:29.000Z","5","HALO JASA BALIKIN AKUN  &amp; HAPUS ACCOUNT

&gt;JASA HAPUS AKUN 
&gt;JASA PEMULIHAN AKUN &amp; BALIKIN AKUN LUPA PASWORD/KE HACK
&gt;JASA LACAK LOKASI
&gt;JASA SADAP WA
&gt;JASA LACAK HP HILANG BY NO HP/IMEI/AKUN
&gt;JASA HACK/PEMULIHAN AKUN (EMAIL,IG,WA,TWITER/X, FB,TIKTOK)

Hubungi WhatsApp Di Bio yaa https://t.co/fovvvVg9fj","2061074338296758612","https://pbs.twimg.com/media/HJpoGYRaAAA1c5F.jpg","","in","","0","0","4","https://x.com/boutgys/status/2061074338296758612","176174253","boutgys"
"2061066087362679029","2026-05-31T12:43:42.000Z","4","Bantuan JASA PEMULIHAN AKUN | UNSUS UNSUSPEND &amp; HAPUS AKUN SOSMED

° LUPA PASWORD/KE HACK
°JASA SADAP WA/ LACAK LOKASI
°JASA HAPUS AKUN
°JASA HACK/PULIHKAN AKUN

EMAIL,GMAIL,INSTAGRAM,TWITER, FB,TIKTOK,LINE.DLL

konsultasi whatsapp di bio ❕ https://t.co/dFzSco5QKM","2061066087362679029","https://pbs.twimg.com/media/HJpghozbYAAdPnn.jpg","","in","","0","0","2","https://x.com/waurga/status/2061066087362679029","1480031796305612802","waurga"
"2061010400951620064","2026-05-31T09:02:25.000Z","4","SORE JASA BALIKIN AKUN  &amp; HAPUS ACCOUNT

&gt;JASA HAPUS AKUN 
&gt;JASA PEMULIHAN AKUN &amp; BALIKIN AKUN LUPA PASWORD/KE HACK
&gt;JASA LACAK LOKASI
&gt;JASA SADAP WA
&gt;JASA LACAK HP HILANG BY NO HP/IMEI/AKUN
&gt;JASA HACK/PEMULIHAN AKUN (EMAIL,IG,WA,TWITER/X, FB,TIKTOK)

Hubungi WhatsApp Di Bio yaa https://t.co/Hq2bFVOaZL","2061010400951620064","https://pbs.twimg.com/media/HJot-aaakAANRGb.jpg","","in","","0","0","4","https://x.com/boutgys/status/2061010400951620064","176174253","boutgys"
"2060988998286524924","2026-05-31T07:37:23.000Z","4","Bantuan JASA PEMULIHAN AKUN | UNSUS UNSUSPEND &amp; HAPUS AKUN SOSMED

• LUPA PASWORD/KE HACK
•JASA SADAP WA/ LACAK LOKASI
• JASA HAPUS AKUN
• JASA HACK/PULIHKAN AKUN

EMAIL,GMAIL,INSTAGRAM,TWITER, FB,TIKTOK,LINE.DLL

konsultasi whatsapp di bio ❕ https://t.co/mWR59BE1aL","2060988998286524924","https://pbs.twimg.com/media/HJoahJ9aAAAHAn0.jpg","","in","","0","1","2","https://x.com/waurga/status/2060988998286524924","1480031796305612802","waurga"
"2060957901423013975","2026-05-31T05:33:49.000Z","4","knp bisa kena pinjol, nih kena tipu jasa hack suruh cairin limit, udh malah gua ikutin akhirnya tau kena tipu, mau gamau ya harus lunasin padahal duit aja ga gue pake samsek😓","2060957901423013975","","","in","","0","1","0","https://x.com/edelweisflwuwt/status/2060957901423013975","1987504202990673920","edelweisflwuwt"
"2060866825148334538","2026-05-30T23:31:54.000Z","4","PAGI JASA BALIKIN AKUN  &amp; HAPUS ACCOUNT

&gt;JASA HAPUS AKUN 
&gt;JASA PEMULIHAN AKUN &amp; BALIKIN AKUN LUPA PASWORD/KE HACK
&gt;JASA LACAK LOKASI
&gt;JASA SADAP WA
&gt;JASA LACAK HP HILANG BY NO HP/IMEI/AKUN
&gt;JASA HACK/PEMULIHAN AKUN (EMAIL,IG,WA,TWITER/X, FB,TIKTOK)

Hubungi WhatsApp Di Bio yaa https://t.co/FYPkTepeHj","2060866825148334538","https://pbs.twimg.com/media/HJmrUEcbUAAwKFf.jpg","","in","","1","0","3","https://x.com/boutgys/status/2060866825148334538","176174253","boutgys"
"2060792304089313571","2026-05-30T18:35:47.000Z","5","Bantuan JASA PEMULIHAN AKUN | UNSUS UNSUSPEND &amp; HAPUS AKUN SOSMED

• LUPA PASWORD/KE HACK
•JASA SADAP WA/ LACAK LOKASI
• JASA HAPUS AKUN
• JASA HACK/PULIHKAN AKUN

EMAIL,GMAIL,INSTAGRAM,TWITER, FB,TIKTOK,LINE.DLL

konsultasi whatsapp di bio ❕ https://t.co/3Pvyigdt9r","2060792304089313571","https://pbs.twimg.com/media/HJlng-xawAAEKtQ.jpg","","in","","0","0","4","https://x.com/waurga/status/2060792304089313571","1480031796305612802","waurga"
"2060773690108002686","2026-05-30T17:21:49.000Z","6","JASA BALIKIN AKUN  &amp; HAPUS ACCOUNT

&gt;JASA HAPUS AKUN 
&gt;JASA PEMULIHAN AKUN &amp; BALIKIN AKUN LUPA PASWORD/KE HACK
&gt;JASA LACAK LOKASI
&gt;JASA SADAP WA
&gt;JASA LACAK HP HILANG BY NO HP/IMEI/AKUN
&gt;JASA HACK/PEMULIHAN AKUN (EMAIL,IG,WA,TWITER/X, FB,TIKTOK)

Hubungi WhatsApp Di Bio yaa https://t.co/nuMxYUKlzv","2060773690108002686","https://pbs.twimg.com/media/HJlWrt3bAAAzMz6.jpg","","in","","3","18","6","https://x.com/boutgys/status/2060773690108002686","176174253","boutgys"
"2060764704486940803","2026-05-30T16:46:07.000Z","7","Bantuan JASA PEMULIHAN AKUN | UNSUS UNSUSPEND &amp; HAPUS AKUN SOSMED

° LUPA PASWORD/KE HACK
° JASA SADAP WA/ LACAK LOKASI
° JASA HAPUS AKUN
° JASA HACK/PULIHKAN AKUN

EMAIL,GMAIL,INSTAGRAM,TWITER, FB,TIKTOK,LINE.DLL

konsultasi whatsapp di bio ❕ https://t.co/7l8VYFaCs4","2060764704486940803","https://pbs.twimg.com/media/HJlOkvna0AAoNui.jpg","","in","","0","0","11","https://x.com/marinaftya_/status/2060764704486940803","765782743","marinaftya_"
"2060679050088350151","2026-05-30T11:05:45.000Z","8","JASA BALIKIN AKUN  &amp; DELETE AACCOUNT

&gt;JASA HAPUS AKUN 
&gt;JASA PEMULIHAN AKUN &amp; BALIKIN AKUN LUPA PASWORD/KE HACK
&gt;JASA LACAK LOKASI
&gt;JASA SADAP WA
&gt;JASA LACAK HP HILANG BY NO HP/IMEI/AKUN
&gt;JASA HACK/PEMULIHAN AKUN (EMAIL,IG,WA,TWITER/X, FB,TIKTOK)

WhatsApp Di Bio Profil Ya.. https://t.co/ICvsz0PIIs","2060679050088350151","https://pbs.twimg.com/media/HJkAp8qbAAAueY0.jpg","","in","","1","1","16","https://x.com/bergantxung/status/2060679050088350151","3255158508","bergantxung"
"2060617376987754691","2026-05-30T07:00:41.000Z","4","SIANG JASA BALIKIN AKUN  &amp; HAPUS ACCOUNT

&gt;JASA HAPUS AKUN 
&gt;JASA PEMULIHAN AKUN &amp; BALIKIN AKUN LUPA PASWORD/KE HACK
&gt;JASA LACAK LOKASI
&gt;JASA SADAP WA
&gt;JASA LACAK HP HILANG BY NO HP/IMEI/AKUN
&gt;JASA HACK/PEMULIHAN AKUN (EMAIL,IG,WA,TWITER/X, FB,TIKTOK)

Hubungi WhatsApp Di Bio yaa https://t.co/4pgNNn2o0I","2060617376987754691","https://pbs.twimg.com/media/HJjIU4DaQAA7mHk.jpg","","in","","0","0","2","https://x.com/boutgys/status/2060617376987754691","176174253","boutgys"
"2060502443876921435","2026-05-29T23:23:59.000Z","4","JASA BALIKIN AKUN  &amp; HAPUS ACCOUNT

&gt;JASA HAPUS AKUN 
&gt;JASA PEMULIHAN AKUN &amp; BALIKIN AKUN LUPA PASWORD/KE HACK
&gt;JASA LACAK LOKASI
&gt;JASA SADAP WA
&gt;JASA LACAK HP HILANG BY NO HP/IMEI/AKUN
&gt;JASA HACK/PEMULIHAN AKUN (EMAIL,IG,WA,TWITER/X, FB,TIKTOK)

Hubungi WhatsApp Di Bio yaa https://t.co/TiGrPlSQY4","2060502443876921435","https://pbs.twimg.com/media/HJhf9QkbwAAlPKA.jpg","","in","","0","0","1","https://x.com/boutgys/status/2060502443876921435","176174253","boutgys"
"2060307888980337118","2026-05-29T10:30:54.000Z","9","JASA BALIKIN AKUN  &amp; DELETE AACCOUNT

&gt;JASA HAPUS AKUN 
&gt;JASA PEMULIHAN AKUN &amp; BALIKIN AKUN LUPA PASWORD/KE HACK
&gt;JASA LACAK LOKASI
&gt;JASA SADAP WA
&gt;JASA LACAK HP HILANG BY NO HP/IMEI/AKUN
&gt;JASA HACK/PEMULIHAN AKUN (EMAIL,IG,WA,TWITER/X, FB,TIKTOK)

WhatsApp Di Bio Profil Ya.. https://t.co/ik1Brq0Djm","2060307888980337118","https://pbs.twimg.com/media/HJevGhiaQAApoa4.jpg","","in","","1","1","14","https://x.com/bergantxung/status/2060307888980337118","3255158508","bergantxung"
"2060226842129568150","2026-05-29T05:08:50.000Z","1","Butuh bantuan soal akun? (Instagram, Whatsapp,TikTok, Twitter/X, Threads, Facebook, LinkedIn, YouTube, dll)

• Pemulihan akun yang hilang/disabled
• Penghapusan akun permanen (semua platform)

jasa sadap, jasa lacak, jasa hack

Langsung dm wawa mimin di bio ya https://t.co/ree0xnKZQ7","2060226842129568150","https://pbs.twimg.com/media/HJdlZBzaEAA6_rf.jpg","","in","","2","0","0","https://x.com/faceytime/status/2060226842129568150","69923790","faceytime"
"2060117363111166326","2026-05-28T21:53:49.000Z","3","Butuh bantuan soal akun? (Instagram, Whatsapp,TikTok, Twitter/X, Threads, Facebook, LinkedIn, YouTube, dll)

• Pemulihan akun yang hilang/disabled
• Penghapusan akun permanen (semua platform)

jasa sadap, jasa lacak, jasa hack

Langsung dm wawa mimin di bio ya https://t.co/lxvc90SOki","2060117363111166326","https://pbs.twimg.com/media/HJcB0jaa8AAhWID.jpg","","in","","3","0","1","https://x.com/wcaesrv/status/2060117363111166326","184504026","wcaesrv"
"2060117212334317872","2026-05-28T21:53:13.000Z","2","Butuh bantuan soal akun? (Instagram, Whatsapp,TikTok, Twitter/X, Threads, Facebook, LinkedIn, YouTube, dll)

• Pemulihan akun yang hilang/disabled
• Penghapusan akun permanen (semua platform)

jasa sadap, jasa lacak, jasa hack

Langsung dm wawa mimin di bio ya https://t.co/1TyodlD5VD","2060117212334317872","https://pbs.twimg.com/media/HJcBrwnbAAA98ko.jpg","","in","","2","0","2","https://x.com/faceytime/status/2060117212334317872","69923790","faceytime"
"2059881087799890385","2026-05-28T06:14:56.000Z","1","Butuh bantuan soal akun? (Instagram, Whatsapp,TikTok, Twitter/X, Threads, Facebook, LinkedIn, YouTube, dll)

• Pemulihan akun yang hilang/disabled
• Penghapusan akun permanen (semua platform)

jasa sadap, jasa lacak, jasa hack

Langsung dm wawa mimin di bio ya https://t.co/x0HIsptZnX","2059881087799890385","https://pbs.twimg.com/media/HJYq7PxaoAEGXRJ.jpg","","in","","1","0","1","https://x.com/wcaesrv/status/2059881087799890385","184504026","wcaesrv"
"2059533019556593958","2026-05-27T07:11:50.000Z","2","#zonauang NEED JASA HACK AKUN GMAIL","2059533019556593958","","","tl","","0","10","0","https://x.com/ennsorcelledsee/status/2059533019556593958","1108449981222940672","ennsorcelledsee"
"2059434137531138068","2026-05-27T00:38:55.000Z","0","jasa hack trusted pls #zonauang","2059434137531138068","","","en","","0","4","0","https://x.com/tterlucuw/status/2059434137531138068","1776092374948884481","tterlucuw"
"2059260729409356192","2026-05-26T13:09:51.000Z","2","ada jasa hack orang gak #zonauang","2059260729409356192","","","in","","0","4","0","https://x.com/azzalele/status/2059260729409356192","1561512366679810048","azzalele"
"2059189755108372709","2026-05-26T08:27:50.000Z","5","mau jasa hack ig #zonauang","2059189755108372709","","","in","","0","9","0","https://x.com/tterlucuw/status/2059189755108372709","1776092374948884481","tterlucuw"
"2058415901083566419","2026-05-24T05:12:48.000Z","1","JASA PEMULIHAN AKUN &amp; HAPUS AKUN

1•AKUN LUPA PASWORD/KE HACK
2•JASA SADAP WA
3•JASA SUSPEND/UNSUSPEND AKUN
4•JASA HAPUS AKUN
5•JASA HACK/PULIHKAN,BALIKIN
AKUN,GMAIL,INSTAGRAM,TWITER,FB
TIKTOK,TELEGRAM,LINE,DLL
6•JASA LACAK

Full Testi,Fast Proses
wa fast di bio✨#bealanja https://t.co/E6RsGf0U7P","2058415901083566419","https://pbs.twimg.com/media/HJD2WTzacAAqx_r.jpg","","in","","1","0","0","https://x.com/wcaesrv/status/2058415901083566419","184504026","wcaesrv"
"2057011679360344521","2026-05-20T08:12:56.000Z","2","Pls #wtb #zonauang #zonajajan ada ga jasa hack/sus acc twt, beneran butuh gue buat sus 2 akun 🥲🥲🥲😞😞😞 akun lama gue isi aib semua","2057011679360344521","","","in","","0","6","0","https://x.com/VYERALTEREG0/status/2057011679360344521","1980813628254339072","VYERALTEREG0"
"2056715146471342130","2026-05-19T12:34:37.000Z","3","Are there any build in public / indie hacker online communities left that haven't been destroyed by AI slop yet?","2056715146471342130","","","en","","0","3","1","https://x.com/ash_anand_/status/2056715146471342130","416613972","ash_anand_"
"2056450805381911015","2026-05-18T19:04:13.000Z","9","SCAMMER PENIPU ‼️‼️‼️ 
👉🏻 @frazft / afisya / jasahackafisya / linda

+62 823-7251-7968
+62 897-6586-046

DANA 083176637745 Daffa Dwi Anggara
GoPay 08976586046 dicky

jasa hack delete pemulihan akun instagram ig
#zonauang #zonajajan https://t.co/FbuipiGxsI","2056450805381911015","https://pbs.twimg.com/media/HIn7GW_agAAEv4b.jpg","","in","","1","3","6","https://x.com/koqure/status/2056450805381911015","1397597385451196422","koqure"
"2054546761734406502","2026-05-13T12:58:14.000Z","0","JASA ⌨️

✍️HAPUS AKUN 
✍️JASA PEMULIHAN &amp; BALIKIN AKUN LUPA PASWORD/KE HACK
✍️LACAK LOKASI
✍️JASA SADAP WA
✍️HP HILANG BY NO HP/IMEI
✍️JASA HACK/PEMULIHAN AKUN (EMAIL,IG,WA,TWITER/X, FB,TIKTOK)

WhatsApp Di Bio Profil Ya❕ https://t.co/R29nQeoQdM","2054546761734406502","https://pbs.twimg.com/media/HIM3Ya4bcAANqif.jpg","","in","","3","0","0","https://x.com/purenmcw/status/2054546761734406502","1571778626659442688","purenmcw"
"2054532919662964894","2026-05-13T12:03:14.000Z","0","JASA ⌨️

✍️HAPUS AKUN 
✍️JASA PEMULIHAN &amp; BALIKIN AKUN LUPA PASWORD/KE HACK
✍️LACAK LOKASI
✍️JASA SADAP WA
✍️HP HILANG BY NO HP/IMEI
✍️JASA HACK/PEMULIHAN AKUN (EMAIL,IG,WA,TWITER/X, FB,TIKTOK)

WhatsApp Di Bio Profil Ya❕ https://t.co/BXH14aZBkJ","2054532919662964894","https://pbs.twimg.com/media/HIMqy25aUAA9DSG.jpg","","in","","3","6","0","https://x.com/purenmcw/status/2054532919662964894","1571778626659442688","purenmcw"
"2054515366081212881","2026-05-13T10:53:28.000Z","0","JASA ⌨️

✍️HAPUS AKUN 
✍️JASA PEMULIHAN &amp; BALIKIN AKUN LUPA PASWORD/KE HACK
✍️LACAK LOKASI
✍️JASA SADAP WA
✍️HP HILANG BY NO HP/IMEI
✍️JASA HACK/PEMULIHAN AKUN (EMAIL,IG,WA,TWITER/X, FB,TIKTOK)

WhatsApp Di Bio Profil Ya❕ https://t.co/I1I0hIgD1Y","2054515366081212881","https://pbs.twimg.com/media/HIMa1IsbAAA3rDc.jpg","","in","","3","6","0","https://x.com/purenmcw/status/2054515366081212881","1571778626659442688","purenmcw"
"2054486701146509613","2026-05-13T08:59:34.000Z","0","JASA ⌨️

✍️HAPUS AKUN 
✍️JASA PEMULIHAN &amp; BALIKIN AKUN LUPA PASWORD/KE HACK
✍️LACAK LOKASI
✍️JASA SADAP WA
✍️HP HILANG BY NO HP/IMEI
✍️JASA HACK/PEMULIHAN AKUN (EMAIL,IG,WA,TWITER/X, FB,TIKTOK)

WhatsApp Di Bio Profil Ya❕ https://t.co/WtXm95rCRf","2054486701146509613","https://pbs.twimg.com/media/HIMAwcMbgAAxGg7.jpg","","in","","3","14","0","https://x.com/purenmcw/status/2054486701146509613","1571778626659442688","purenmcw"
"2054469672557576628","2026-05-13T07:51:54.000Z","0","JASA ⌨️

✍️HAPUS AKUN 
✍️JASA PEMULIHAN &amp; BALIKIN AKUN LUPA PASWORD/KE HACK
✍️LACAK LOKASI
✍️JASA SADAP WA
✍️HP HILANG BY NO HP/IMEI
✍️JASA HACK/PEMULIHAN AKUN (EMAIL,IG,WA,TWITER/X, FB,TIKTOK)

WhatsApp Di Bio Profil Ya❕ https://t.co/he80g6MAag","2054469672557576628","https://pbs.twimg.com/media/HILxOr6bYAA8U7e.jpg","","in","","3","23","0","https://x.com/purenmcw/status/2054469672557576628","1571778626659442688","purenmcw"
"2054451965883744314","2026-05-13T06:41:33.000Z","0","JASA 👋

✍️HAPUS AKUN 
✍️JASA PEMULIHAN &amp; BALIKIN AKUN LUPA PASWORD/KE HACK
✍️LACAK LOKASI
✍️JASA SADAP WA
✍️HP HILANG BY NO HP/IMEI
✍️JASA HACK/PEMULIHAN AKUN (EMAIL,IG,WA,TWITER/X, FB,TIKTOK)

WhatsApp Di Bio Profil Ya❕ https://t.co/YKti1LrG6s","2054451965883744314","https://pbs.twimg.com/media/HILhIs4bQAAdcDL.jpg","","in","","3","15","0","https://x.com/purenmcw/status/2054451965883744314","1571778626659442688","purenmcw"
"2054428039610872027","2026-05-13T05:06:28.000Z","3","JASA ⌨️

✍️HAPUS AKUN 
✍️JASA PEMULIHAN &amp; BALIKIN AKUN LUPA PASWORD/KE HACK
✍️LACAK LOKASI
✍️JASA SADAP WA
✍️HP HILANG BY NO HP/IMEI
✍️JASA HACK/PEMULIHAN AKUN (EMAIL,IG,WA,TWITER/X, FB,TIKTOK)

WhatsApp Di Bio Profil Ya❕ https://t.co/pbc9DzZsfL","2054428039610872027","https://pbs.twimg.com/media/HILLZnCa0AAxTtd.jpg","","in","","1","0","2","https://x.com/foszsy/status/2054428039610872027","2531303245","foszsy"
"2054418528011509901","2026-05-13T04:28:40.000Z","0","JASA ⌨️

✍️HAPUS AKUN 
✍️JASA PEMULIHAN &amp; BALIKIN AKUN LUPA PASWORD/KE HACK
✍️LACAK LOKASI
✍️JASA SADAP WA
✍️HP HILANG BY NO HP/IMEI
✍️JASA HACK/PEMULIHAN AKUN (EMAIL,IG,WA,TWITER/X, FB,TIKTOK)

WhatsApp Di Bio Profil Ya❕ https://t.co/44Od9KrnMO","2054418528011509901","https://pbs.twimg.com/media/HILCuZNagAAD1d6.jpg","","in","","3","16","0","https://x.com/purenmcw/status/2054418528011509901","1571778626659442688","purenmcw"
"2054260034348134597","2026-05-12T17:58:53.000Z","0","JASA ⌨️

✍️HAPUS AKUN 
✍️JASA PEMULIHAN &amp; BALIKIN AKUN LUPA PASWORD/KE HACK
✍️LACAK LOKASI
✍️JASA SADAP WA
✍️HP HILANG BY NO HP/IMEI
✍️JASA HACK/PEMULIHAN AKUN (EMAIL,IG,WA,TWITER/X, FB,TIKTOK)

WhatsApp Di Bio Profil Ya❕ https://t.co/3REhQhoT39","2054260034348134597","https://pbs.twimg.com/media/HIIymRYawAAd-Dm.jpg","","in","","3","13","0","https://x.com/purenmcw/status/2054260034348134597","1571778626659442688","purenmcw"
"2054244547954380840","2026-05-12T16:57:20.000Z","0","JASA ⌨️

✍️HAPUS AKUN 
✍️JASA PEMULIHAN &amp; BALIKIN AKUN LUPA PASWORD/KE HACK
✍️LACAK LOKASI
✍️JASA SADAP WA
✍️HP HILANG BY NO HP/IMEI
✍️JASA HACK/PEMULIHAN AKUN (EMAIL,IG,WA,TWITER/X, FB,TIKTOK)

WhatsApp Di Bio Profil Ya❕ https://t.co/SwPQZErHns","2054244547954380840","https://pbs.twimg.com/media/HIIkhc4bwAAh7pX.jpg","","in","","3","5","0","https://x.com/purenmcw/status/2054244547954380840","1571778626659442688","purenmcw"
"2054188215066923316","2026-05-12T13:13:30.000Z","2","JASA ⌨️

✍️HAPUS AKUN 
✍️JASA PEMULIHAN &amp; BALIKIN AKUN LUPA PASWORD/KE HACK
✍️LACAK LOKASI
✍️JASA SADAP WA
✍️HP HILANG BY NO HP/IMEI
✍️JASA HACK/PEMULIHAN AKUN (EMAIL,IG,WA,TWITER/X, FB,TIKTOK)

WhatsApp Di Bio Profil Ya❕ https://t.co/MOzL4RiVkd","2054188215066923316","https://pbs.twimg.com/media/HIHxSDsaUAAtjv5.jpg","","in","","0","0","2","https://x.com/foszsy/status/2054188215066923316","2531303245","foszsy"
"2054112998672007394","2026-05-12T08:14:37.000Z","4","JASA ⌨️

✍️HAPUS AKUN 
✍️JASA PEMULIHAN &amp; BALIKIN AKUN LUPA PASWORD/KE HACK
✍️LACAK LOKASI
✍️JASA SADAP WA
✍️HP HILANG BY NO HP/IMEI
✍️JASA HACK/PEMULIHAN AKUN (EMAIL,IG,WA,TWITER/X, FB,TIKTOK)

WhatsApp Di Bio Profil Ya❕ https://t.co/mOdQSWwews","2054112998672007394","https://pbs.twimg.com/media/HIGs4g9bQAAN7hR.jpg","","in","","1","0","2","https://x.com/foszsy/status/2054112998672007394","2531303245","foszsy"
"2054033760619032626","2026-05-12T02:59:45.000Z","2","JASA ⌨️

✍️HAPUS AKUN 
✍️JASA PEMULIHAN &amp; BALIKIN AKUN LUPA PASWORD/KE HACK
✍️LACAK LOKASI
✍️JASA SADAP WA
✍️HP HILANG BY NO HP/IMEI
✍️JASA HACK/PEMULIHAN AKUN (EMAIL,IG,WA,TWITER/X, FB,TIKTOK)

WhatsApp Di Bio Profil Ya❕ https://t.co/U6NIaoAJ7A","2054033760619032626","https://pbs.twimg.com/media/HIFkzmMaUAA5wh4.jpg","","in","","2","0","2","https://x.com/foszsy/status/2054033760619032626","2531303245","foszsy"
"2053869394053500995","2026-05-11T16:06:37.000Z","5","info jasa hack ig instagram yang lupa password / balikin akun #zonauang kalo bisa jelasin juga sistemnya gimana dan info price list","2053869394053500995","","","in","","0","13","0","https://x.com/preci0usgirll/status/2053869394053500995","1144403680122167296","preci0usgirll"
"2053868644493639739","2026-05-11T16:03:38.000Z","2","mau jasa hack ig yang lupa password dong info pricelist #zonauang","2053868644493639739","","","tl","","0","4","0","https://x.com/preci0usgirll/status/2053868644493639739","1144403680122167296","preci0usgirll"
"2053856468974379102","2026-05-11T15:15:15.000Z","3","JASA ⌨️

✍️HAPUS AKUN 
✍️JASA PEMULIHAN &amp; BALIKIN AKUN LUPA PASWORD/KE HACK
✍️LACAK LOKASI
✍️JASA SADAP WA
✍️HP HILANG BY NO HP/IMEI
✍️JASA HACK/PEMULIHAN AKUN (EMAIL,IG,WA,TWITER/X, FB,TIKTOK)

WhatsApp Di Bio Profil Ya❕ https://t.co/ET7qKT5hj8","2053856468974379102","https://pbs.twimg.com/media/HIDDixbaUAA55Oa.jpg","","in","","0","0","1","https://x.com/foszsy/status/2053856468974379102","2531303245","foszsy"
"2053780256797114787","2026-05-11T10:12:25.000Z","2","JASA ⌨️

✍️HAPUS AKUN 
✍️JASA PEMULIHAN &amp; BALIKIN AKUN LUPA PASWORD/KE HACK
✍️LACAK LOKASI
✍️JASA SADAP WA
✍️HP HILANG BY NO HP/IMEI
✍️JASA HACK/PEMULIHAN AKUN (EMAIL,IG,WA,TWITER/X, FB,TIKTOK)

WhatsApp Di Bio Profil Ya❕ https://t.co/Tlt4Hxlkte","2053780256797114787","https://pbs.twimg.com/media/HIB-AAZasAAsx_h.jpg","","in","","1","0","1","https://x.com/foszsy/status/2053780256797114787","2531303245","foszsy"
"2053119922541384075","2026-05-09T14:28:29.000Z","2","Akun X ku yg kekunci itu apa pake jasa hack aja ya biar bisa dibuka lagi 

Aman ngga sih begituan 
Hmmm 🙄","2053119922541384075","","","in","","0","0","0","https://x.com/ardhanarendra/status/2053119922541384075","2037435522830798848","ardhanarendra"
"2052984278536077424","2026-05-09T05:29:29.000Z","8","hiring X creators for an ongoing paid repost network.

what you'll do:
- repost / quote-tweet posts 
-consistent work, weekly drops, paid per post or monthly retainer

what we want:
- content should be aligned with the solo-dev founder / indie hacker / online business niche, not","2052984278536077424","","","en","","0","4","0","https://x.com/Nexgen_Inc/status/2052984278536077424","1963868420308676608","Nexgen_Inc"
"2051559184332960098","2026-05-05T07:06:40.000Z","1","jasa hack ig dong, akun ku di salah gunakan #zonauang #zonajajan","2051559184332960098","","","in","","0","8","0","https://x.com/kmgslovre/status/2051559184332960098","1603183000770195456","kmgslovre"
"2050874354100260995","2026-05-03T13:13:14.000Z","3","@jaesxc Halo ka, just info ya kalau misalnya nanti ada yang nawarin jasa hack rekening, bisa bantu balikin duit, bekuin rekening, sama jasa sadap itu ga bener ya. Nipu semua. Memang mereka ngincer orang yang udah kena tipu untuk ditipu lagi dengan modus seperti itu.","2050926659428352061","","jaesxc","in","","0","0","0","https://x.com/chandestiney/status/2050926659428352061","1936038359958446080","chandestiney"
"2050771726263517680","2026-05-03T02:57:35.000Z","14","All JASA❕

&gt;JASA HAPUS AKUN 
&gt;JASA PEMULIHAN &amp; BALIKIN AKUN LUPA PASWORD/KE HACK
&gt;JASA LACAK LOKASI
&gt;JASA SADAP WA
&gt;JASA LACAK HP HILANG BY NO HP/IMEI/AKUN
&gt;JASA HACK/PEMULIHAN AKUN (EMAIL,IG,WA,TWITER/X, FB,TIKTOK)

WhatsApp Di Bio Profil Ya❕ https://t.co/A9I09Gr3g2","2050771726263517680","https://pbs.twimg.com/media/HHXOA6pb0AATdDC.jpg","","in","","11","72","3","https://x.com/_kur0m1iii/status/2050771726263517680","836073302086959108","_kur0m1iii"
"2050686927209476436","2026-05-02T21:20:38.000Z","5","All JASA❕

&gt;JASA HAPUS AKUN 
&gt;JASA PEMULIHAN &amp; BALIKIN AKUN LUPA PASWORD/KE HACK
&gt;JASA LACAK LOKASI
&gt;JASA SADAP WA
&gt;JASA LACAK HP HILANG BY NO HP/IMEI/AKUN
&gt;JASA HACK/PEMULIHAN AKUN (EMAIL,IG,WA,TWITER/X, FB,TIKTOK)

WhatsApp Di Bio Profil Ya❕ https://t.co/8eP5MlHpGm","2050686927209476436","https://pbs.twimg.com/media/HHWA478aIAADhD4.jpg","","in","","13","18","1","https://x.com/_kur0m1iii/status/2050686927209476436","836073302086959108","_kur0m1iii"
"2050436218933174570","2026-05-02T04:44:24.000Z","5","All JASA❕

&gt;JASA HAPUS AKUN 
&gt;JASA PEMULIHAN &amp; BALIKIN AKUN LUPA PASWORD/KE HACK
&gt;JASA LACAK LOKASI
&gt;JASA SADAP WA
&gt;JASA LACAK HP HILANG BY NO HP/IMEI/AKUN
&gt;JASA HACK/PEMULIHAN AKUN (EMAIL,IG,WA,TWITER/X, FB,TIKTOK)

WhatsApp Di Bio Profil Ya❕ https://t.co/kLwBACDzCF","2050436218933174570","https://pbs.twimg.com/media/HHSc3w3bUAAH2cx.jpg","","in","","3","9","1","https://x.com/_kur0m1iii/status/2050436218933174570","836073302086959108","_kur0m1iii"
"2050327952785818103","2026-05-01T21:34:11.000Z","4","All JASA❕

&gt;JASA HAPUS AKUN 
&gt;JASA PEMULIHAN &amp; BALIKIN AKUN LUPA PASWORD/KE HACK
&gt;JASA LACAK LOKASI
&gt;JASA SADAP WA
&gt;JASA LACAK HP HILANG BY NO HP/IMEI/AKUN
&gt;JASA HACK/PEMULIHAN AKUN (EMAIL,IG,WA,TWITER/X, FB,TIKTOK)

WhatsApp Di Bio Profil Ya❕ https://t.co/aUEUYIlOkS","2050327952785818103","https://pbs.twimg.com/media/HHQ6Z12bkAAH1mc.jpg","","in","","4","11","1","https://x.com/_kur0m1iii/status/2050327952785818103","836073302086959108","_kur0m1iii"
"2050189575080087709","2026-05-01T12:24:20.000Z","5","All JASA❕

&gt;JASA HAPUS AKUN 
&gt;JASA PEMULIHAN &amp; BALIKIN AKUN LUPA PASWORD/KE HACK
&gt;JASA LACAK LOKASI
&gt;JASA SADAP WA
&gt;JASA LACAK HP HILANG BY NO HP/IMEI/AKUN
&gt;JASA HACK/PEMULIHAN AKUN (EMAIL,IG,WA,TWITER/X, FB,TIKTOK)

WhatsApp Di Bio Profil Ya❕ https://t.co/BGI6xmCcYE","2050189575080087709","https://pbs.twimg.com/media/HHO8jGSaMAEyFUN.jpg","","in","","8","11","1","https://x.com/_kur0m1iii/status/2050189575080087709","836073302086959108","_kur0m1iii"
"2050128877088133534","2026-05-01T08:23:08.000Z","4","All JASA❕

&gt;JASA HAPUS AKUN 
&gt;JASA PEMULIHAN &amp; BALIKIN AKUN LUPA PASWORD/KE HACK
&gt;JASA LACAK LOKASI
&gt;JASA SADAP WA
&gt;JASA LACAK HP HILANG BY NO HP/IMEI/AKUN
&gt;JASA HACK/PEMULIHAN AKUN (EMAIL,IG,WA,TWITER/X, FB,TIKTOK)

WhatsApp Di Bio Profil Ya❕ https://t.co/kHSxLMZWSZ","2050128877088133534","https://pbs.twimg.com/media/HHOFWJ3acAAlpaY.jpg","","in","","9","11","1","https://x.com/_kur0m1iii/status/2050128877088133534","836073302086959108","_kur0m1iii"
"2049872626374607138","2026-04-30T15:24:53.000Z","5","All JASA❕

&gt;JASA HAPUS AKUN 
&gt;JASA PEMULIHAN &amp; BALIKIN AKUN LUPA PASWORD/KE HACK
&gt;JASA LACAK LOKASI
&gt;JASA SADAP WA
&gt;JASA LACAK HP HILANG BY NO HP/IMEI/AKUN
&gt;JASA HACK/PEMULIHAN AKUN (EMAIL,IG,WA,TWITER/X, FB,TIKTOK)

WhatsApp Di Bio Profil Ya❕ https://t.co/Gs6NejYMW2","2049872626374607138","https://pbs.twimg.com/media/HHKcSSfaIAAG92v.jpg","","in","","3","10","1","https://x.com/_kur0m1iii/status/2049872626374607138","836073302086959108","_kur0m1iii"
"2049810059690164302","2026-04-30T11:16:16.000Z","5","All JASA❕

&gt;JASA HAPUS AKUN 
&gt;JASA PEMULIHAN &amp; BALIKIN AKUN LUPA PASWORD/KE HACK
&gt;JASA LACAK LOKASI
&gt;JASA SADAP WA
&gt;JASA LACAK HP HILANG BY NO HP/IMEI/AKUN
&gt;JASA HACK/PEMULIHAN AKUN (EMAIL,IG,WA,TWITER/X, FB,TIKTOK)

WhatsApp Di Bio Profil Ya❕ https://t.co/XgY39NJ93C","2049810059690164302","https://pbs.twimg.com/media/HHJjYiTaEAAxN7_.jpg","","in","","12","16","2","https://x.com/_kur0m1iii/status/2049810059690164302","836073302086959108","_kur0m1iii"
"2049712804488425635","2026-04-30T04:49:49.000Z","5","All JASA❕

&gt;JASA HAPUS AKUN 
&gt;JASA PEMULIHAN &amp; BALIKIN AKUN LUPA PASWORD/KE HACK
&gt;JASA LACAK LOKASI
&gt;JASA SADAP WA
&gt;JASA LACAK HP HILANG BY NO HP/IMEI/AKUN
&gt;JASA HACK/PEMULIHAN AKUN (EMAIL,IG,WA,TWITER/X, FB,TIKTOK)

WhatsApp Di Bio Profil Ya❕ https://t.co/c55koensLo","2049712804488425635","https://pbs.twimg.com/media/HHIK7jOasAA-7LB.jpg","","in","","6","11","1","https://x.com/_kur0m1iii/status/2049712804488425635","836073302086959108","_kur0m1iii"
"2049508883094548764","2026-04-29T15:19:30.000Z","1","Ada jasa hack acc ig gaa  #zonauang","2049508883094548764","","","in","","0","4","0","https://x.com/PutriMusli18423/status/2049508883094548764","1724304926875197441","PutriMusli18423"
"2049503464011825608","2026-04-29T14:57:58.000Z","5","All JASA❕

&gt;JASA HAPUS AKUN 
&gt;JASA PEMULIHAN &amp; BALIKIN AKUN LUPA PASWORD/KE HACK
&gt;JASA LACAK LOKASI
&gt;JASA SADAP WA
&gt;JASA LACAK HP HILANG BY NO HP/IMEI/AKUN
&gt;JASA HACK/PEMULIHAN AKUN (EMAIL,IG,WA,TWITER/X, FB,TIKTOK)

WhatsApp Di Bio Profil Ya❕ https://t.co/hMdWaMgvd4","2049503464011825608","https://pbs.twimg.com/media/HHFMiUIb0AEzgMi.jpg","","in","","6","14","1","https://x.com/_kur0m1iii/status/2049503464011825608","836073302086959108","_kur0m1iii"
"2049441295127781879","2026-04-29T10:50:56.000Z","5","All JASA❕

&gt;JASA HAPUS AKUN 
&gt;JASA PEMULIHAN &amp; BALIKIN AKUN LUPA PASWORD/KE HACK
&gt;JASA LACAK LOKASI
&gt;JASA SADAP WA
&gt;JASA LACAK HP HILANG BY NO HP/IMEI/AKUN
&gt;JASA HACK/PEMULIHAN AKUN (EMAIL,IG,WA,TWITER/X, FB,TIKTOK)

WhatsApp Di Bio Profil Ya❕ https://t.co/QtlbDJRoYb","2049441295127781879","https://pbs.twimg.com/media/HHET_a-aQAAVs9U.jpg","","in","","12","13","1","https://x.com/_kur0m1iii/status/2049441295127781879","836073302086959108","_kur0m1iii"
"2049419445312115127","2026-04-29T09:24:06.000Z","2","Bantuan JASA PEMULIHAN AKUN &amp; Hapus Akun.

•Akun lupa pasword / ke hack 
•Jasa sadap
•Jasa unsuspend / suspend Akun X 
•Jasa hapus akun 
•Jasa hack 

Whatsapp,Gmail, Instagram, Telegram, Facebook, Tiktok, DLL.

Fast respon wa☎️
https://t.co/RsDk2AcmSr https://t.co/ADwrzOvkAB","2049419445312115127","https://pbs.twimg.com/media/HHEAHwsasAAV8ct.jpg","","in","","3","0","3","https://x.com/saasyagh/status/2049419445312115127","3068611282","saasyagh"
"2049376247143420248","2026-04-29T07:17:06.000Z","6","@ksjk9297 Sumpah tadi baru banget aku rt, papanya yg ketipu beli kobil katanya, ga kebanyakan uang sebanyak itu yaallah, mana katanya ketipu 3 juta lagi terus ditambah 1 juta lagi karna sewa jasa hack, kata aku mah jasa begituan udah pasti scam","2049387485340610720","","ksjk9297","in","","0","3","0","https://x.com/Sveungeon/status/2049387485340610720","2548514246","Sveungeon"
"2049322671222174011","2026-04-29T06:41:40.000Z","13","@jikkyu13rjeka @Namakufmuke jasa hack itu disini bodong-bodong kak, saranku cuci muka dulu beneran km hrus tenang dulu daripada makin rugi","2049378564492165376","","jikkyu13rjeka","in","","0","0","0","https://x.com/dandephilonss/status/2049378564492165376","997710251532079105","dandephilonss"
"2049322671222174011","2026-04-29T06:19:16.000Z","3","@jikkyu13rjeka @Namakufmuke Kak gak ada yang namanya jasa hack disini yang beneran gitu 😭 semoga ada titik terang yaa","2049372930296185145","","jikkyu13rjeka","in","","0","0","0","https://x.com/chmanyoung/status/2049372930296185145","319422380","chmanyoung"
"2049353987502293222","2026-04-29T05:04:00.000Z","5","All JASA❕

&gt;JASA HAPUS AKUN 
&gt;JASA PEMULIHAN &amp; BALIKIN AKUN LUPA PASWORD/KE HACK
&gt;JASA LACAK LOKASI
&gt;JASA SADAP WA
&gt;JASA LACAK HP HILANG BY NO HP/IMEI/AKUN
&gt;JASA HACK/PEMULIHAN AKUN (EMAIL,IG,WA,TWITER/X, FB,TIKTOK)

WhatsApp Di Bio Profil Ya❕ https://t.co/jeVS9XgN9U","2049353987502293222","https://pbs.twimg.com/media/HHDEloubwAA9gcI.jpg","","in","","5","9","1","https://x.com/_kur0m1iii/status/2049353987502293222","836073302086959108","_kur0m1iii"
"2049201738234642860","2026-04-28T18:59:01.000Z","71","Pro-Russian hackers create app for DDoS attacks on government websites in Europe, luring users with gaming and cryptocurrency

The app is advertised with offers to earn money in a “hacker online game” while “helping Russia on the information front.”

https://t.co/5xVpstAn6Y","2049201738234642860","","","en","","2","2","51","https://x.com/InsiderEng/status/2049201738234642860","1379456474192154625","InsiderEng"
"2049153568880607473","2026-04-28T15:47:36.000Z","5","All JASA❕

&gt;JASA HAPUS AKUN 
&gt;JASA PEMULIHAN &amp; BALIKIN AKUN LUPA PASWORD/KE HACK
&gt;JASA LACAK LOKASI
&gt;JASA SADAP WA
&gt;JASA LACAK HP HILANG BY NO HP/IMEI/AKUN
&gt;JASA HACK/PEMULIHAN AKUN (EMAIL,IG,WA,TWITER/X, FB,TIKTOK)

WhatsApp Di Bio Profil Ya❕ https://t.co/BSl6Y3sDxD","2049153568880607473","https://pbs.twimg.com/media/HHAOTpubwAAO9jV.jpg","","in","","11","13","1","https://x.com/_kur0m1iii/status/2049153568880607473","836073302086959108","_kur0m1iii"
"2049091985081024585","2026-04-28T11:42:54.000Z","5","All JASA❕

&gt;JASA HAPUS AKUN 
&gt;JASA PEMULIHAN &amp; BALIKIN AKUN LUPA PASWORD/KE HACK
&gt;JASA LACAK LOKASI
&gt;JASA SADAP WA
&gt;JASA LACAK HP HILANG BY NO HP/IMEI/AKUN
&gt;JASA HACK/PEMULIHAN AKUN (EMAIL,IG,WA,TWITER/X, FB,TIKTOK)

WhatsApp Di Bio Profil Ya❕ https://t.co/dMUgwt56UA","2049091985081024585","https://pbs.twimg.com/media/HG_WTEcaQAA556Q.jpg","","in","","11","15","1","https://x.com/_kur0m1iii/status/2049091985081024585","836073302086959108","_kur0m1iii"
"2048960831837376854","2026-04-28T03:01:44.000Z","5","All JASA❕

&gt;JASA HAPUS AKUN 
&gt;JASA PEMULIHAN &amp; BALIKIN AKUN LUPA PASWORD/KE HACK
&gt;JASA LACAK LOKASI
&gt;JASA SADAP WA
&gt;JASA LACAK HP HILANG BY NO HP/IMEI/AKUN
&gt;JASA HACK/PEMULIHAN AKUN (EMAIL,IG,WA,TWITER/X, FB,TIKTOK)

WhatsApp Di Bio Profil Ya❕ https://t.co/4AMYOE7tdB","2048960831837376854","https://pbs.twimg.com/media/HG9fA5RbkAAOuzv.jpg","","in","","6","15","1","https://x.com/_kur0m1iii/status/2048960831837376854","836073302086959108","_kur0m1iii"
"2048900060872864231","2026-04-27T23:00:15.000Z","5","All JASA❕

&gt;JASA HAPUS AKUN 
&gt;JASA PEMULIHAN &amp; BALIKIN AKUN LUPA PASWORD/KE HACK
&gt;JASA LACAK LOKASI
&gt;JASA SADAP WA
&gt;JASA LACAK HP HILANG BY NO HP/IMEI/AKUN
&gt;JASA HACK/PEMULIHAN AKUN (EMAIL,IG,WA,TWITER/X, FB,TIKTOK)

WhatsApp Di Bio Profil Ya❕ https://t.co/uOZwXu1oZ5","2048900060872864231","https://pbs.twimg.com/media/HG8nvlsboAAQwoz.jpg","","in","","6","11","1","https://x.com/_kur0m1iii/status/2048900060872864231","836073302086959108","_kur0m1iii"
"2048802516461355463","2026-04-27T16:32:39.000Z","3","Hi, ada jasa hack ig ga, butuh banget #zonauang","2048802516461355463","","","in","","0","7","0","https://x.com/kaedechizu/status/2048802516461355463","1596019031298887680","kaedechizu"
"2048781584116109650","2026-04-27T15:09:28.000Z","4","All JASA❕

&gt;JASA HAPUS AKUN 
&gt;JASA PEMULIHAN &amp; BALIKIN AKUN LUPA PASWORD/KE HACK
&gt;JASA LACAK LOKASI
&gt;JASA SADAP WA
&gt;JASA LACAK HP HILANG BY NO HP/IMEI/AKUN
&gt;JASA HACK/PEMULIHAN AKUN (EMAIL,IG,WA,TWITER/X, FB,TIKTOK)

WhatsApp Di Bio Profil Ya❕ https://t.co/rGuPmXMFyl","2048781584116109650","https://pbs.twimg.com/media/HG67_P_aEAAJST3.jpg","","in","","6","14","1","https://x.com/_kur0m1iii/status/2048781584116109650","836073302086959108","_kur0m1iii"
"2048710908298555477","2026-04-27T10:28:38.000Z","4","All JASA❕

&gt;JASA HAPUS AKUN 
&gt;JASA PEMULIHAN &amp; BALIKIN AKUN LUPA PASWORD/KE HACK
&gt;JASA LACAK LOKASI
&gt;JASA SADAP WA
&gt;JASA LACAK HP HILANG BY NO HP/IMEI/AKUN
&gt;JASA HACK/PEMULIHAN AKUN (EMAIL,IG,WA,TWITER/X, FB,TIKTOK)

WhatsApp Di Bio Profil Ya❕ https://t.co/qQEVxPoK7H","2048710908298555477","https://pbs.twimg.com/media/HG57tfwbUAAdEKb.jpg","","in","","10","23","0","https://x.com/_kur0m1iii/status/2048710908298555477","836073302086959108","_kur0m1iii"
"2048440750782681343","2026-04-26T17:51:30.000Z","1","@_sweetpj Algum hacker online pelamor?","2048459973923869041","","_sweetpj","pt","","0","1","0","https://x.com/seokjincristal/status/2048459973923869041","211942656","seokjincristal"
"2048383720428904737","2026-04-26T12:48:30.000Z","5","All JASA❕

&gt;JASA HAPUS AKUN 
&gt;JASA PEMULIHAN &amp; BALIKIN AKUN LUPA PASWORD/KE HACK
&gt;JASA LACAK LOKASI
&gt;JASA SADAP WA
&gt;JASA LACAK HP HILANG BY NO HP/IMEI/AKUN
&gt;JASA HACK/PEMULIHAN AKUN (EMAIL,IG,WA,TWITER/X, FB,TIKTOK)

WhatsApp Di Bio Profil Ya❕ https://t.co/LWSJh1QzES","2048383720428904737","https://pbs.twimg.com/media/HG1SIoyaQAApJFB.jpg","","in","","10","10","1","https://x.com/_kur0m1iii/status/2048383720428904737","836073302086959108","_kur0m1iii"
"2048362827971543445","2026-04-26T11:25:29.000Z","2","Bantuan JASA PEMULIHAN AKUN &amp; Hapus Akun.

•Akun lupa pasword / ke hack 
•Jasa sadap
•Jasa unsuspend / suspend Akun X 
•Jasa hapus akun 
•Jasa hack 

Whatsapp,Gmail, Instagram, Telegram, Facebook, Tiktok, DLL.

wa di bio☎️ https://t.co/ZhT87FOJzf","2048362827971543445","https://pbs.twimg.com/media/HG0_IfobwAAKj9L.jpg","","in","","1","15","2","https://x.com/Mlksoukaina/status/2048362827971543445","408796612","Mlksoukaina"
"2048327326094799117","2026-04-26T09:04:25.000Z","2","HALLO SEMUANYA
YANG BUTUH JASA BISA BERKABAR ❗

💌JASA HAPUS AKUN 
💌PULIHKAN BALIKIN AKUN LUPA PASWORD/KE HACK🙌
💌JASA LACAK LOKASI
💌SADAP WA
💌LACAK HP HILANG BY NO HP/IMEI
💌JASA HACK/PEMULIHAN AKUN ( EMAIL,IG,WA,TWITER/X, FB,TIKTOK)....!!!

WA DI BIO YAH ❗ https://t.co/W0QBDcCBBe","2048327326094799117","https://pbs.twimg.com/media/HG0e2GXbAAAw_uu.jpg","","in","","3","0","1","https://x.com/viacpy/status/2048327326094799117","355805336","viacpy"
"2048312873571824106","2026-04-26T08:06:59.000Z","4","All JASA❕

&gt;JASA HAPUS AKUN 
&gt;JASA PEMULIHAN &amp; BALIKIN AKUN LUPA PASWORD/KE HACK
&gt;JASA LACAK LOKASI
&gt;JASA SADAP WA
&gt;JASA LACAK HP HILANG BY NO HP/IMEI/AKUN
&gt;JASA HACK/PEMULIHAN AKUN (EMAIL,IG,WA,TWITER/X, FB,TIKTOK)

WhatsApp Di Bio Profil Ya❕ https://t.co/3qlDLrVmlX","2048312873571824106","https://pbs.twimg.com/media/HG0Rsz3bAAArbMZ.jpg","","in","","5","16","0","https://x.com/_kur0m1iii/status/2048312873571824106","836073302086959108","_kur0m1iii"
"2048229391298367939","2026-04-26T02:35:15.000Z","5","All JASA❕

&gt;JASA HAPUS AKUN 
&gt;JASA PEMULIHAN &amp; BALIKIN AKUN LUPA PASWORD/KE HACK
&gt;JASA LACAK LOKASI
&gt;JASA SADAP WA
&gt;JASA LACAK HP HILANG BY NO HP/IMEI/AKUN
&gt;JASA HACK/PEMULIHAN AKUN (EMAIL,IG,WA,TWITER/X, FB,TIKTOK)

WhatsApp Di Bio Profil Ya❕ https://t.co/tKnLoQCzSp","2048229391298367939","https://pbs.twimg.com/media/HGzFxd6bEAAsWL4.jpg","","in","","5","17","1","https://x.com/_kur0m1iii/status/2048229391298367939","836073302086959108","_kur0m1iii"
"2048227470592381176","2026-04-26T02:27:37.000Z","2","HALLO SEMUANYA
YANG BUTUH JASA BISA BERKABAR ❗

💌JASA HAPUS AKUN 
💌PULIHKAN BALIKIN AKUN LUPA PASWORD/KE HACK🙌
💌JASA LACAK LOKASI
💌SADAP WA
💌LACAK HP HILANG BY NO HP/IMEI
💌JASA HACK/PEMULIHAN AKUN ( EMAIL,IG,WA,TWITER/X, FB,TIKTOK)....!!!

WA DI BIO YAH ❗ https://t.co/h2D4iuOSN4","2048227470592381176","https://pbs.twimg.com/media/HGzEBnZbAAAmukW.jpg","","in","","3","0","2","https://x.com/viacpy/status/2048227470592381176","355805336","viacpy"
"2048164244919898301","2026-04-25T22:16:23.000Z","5","All JASA❕

&gt;JASA HAPUS AKUN 
&gt;JASA PEMULIHAN &amp; BALIKIN AKUN LUPA PASWORD/KE HACK
&gt;JASA LACAK LOKASI
&gt;JASA SADAP WA
&gt;JASA LACAK HP HILANG BY NO HP/IMEI/AKUN
&gt;JASA HACK/PEMULIHAN AKUN (EMAIL,IG,WA,TWITER/X, FB,TIKTOK)

WhatsApp Di Bio Profil Ya❕ https://t.co/o64PZEB0R3","2048164244919898301","https://pbs.twimg.com/media/HGyKhbTbUAAII8X.jpg","","in","","3","10","1","https://x.com/_kur0m1iii/status/2048164244919898301","836073302086959108","_kur0m1iii"
"2048023499072274832","2026-04-25T12:57:07.000Z","6","All JASA❕

&gt;JASA HAPUS AKUN 
&gt;JASA PEMULIHAN &amp; BALIKIN AKUN LUPA PASWORD/KE HACK
&gt;JASA LACAK LOKASI
&gt;JASA SADAP WA
&gt;JASA LACAK HP HILANG BY NO HP/IMEI/AKUN
&gt;JASA HACK/PEMULIHAN AKUN (EMAIL,IG,WA,TWITER/X, FB,TIKTOK)

WhatsApp Di Bio Profil Ya❕ https://t.co/LlFFMpmHBu","2048023499072274832","https://pbs.twimg.com/media/HGwKg8kasAAmLYa.jpg","","in","","8","10","1","https://x.com/_kur0m1iii/status/2048023499072274832","836073302086959108","_kur0m1iii"
"2047959924412719330","2026-04-25T08:44:29.000Z","5","All JASA❕

&gt;JASA HAPUS AKUN 
&gt;JASA PEMULIHAN &amp; BALIKIN AKUN LUPA PASWORD/KE HACK
&gt;JASA LACAK LOKASI
&gt;JASA SADAP WA
&gt;JASA LACAK HP HILANG BY NO HP/IMEI/AKUN
&gt;JASA HACK/PEMULIHAN AKUN (EMAIL,IG,WA,TWITER/X, FB,TIKTOK)

WhatsApp Di Bio Profil Ya❕ https://t.co/DDePHnOdcX","2047959924412719330","https://pbs.twimg.com/media/HGvQsP4bcAAqZvR.jpg","","in","","8","11","1","https://x.com/_kur0m1iii/status/2047959924412719330","836073302086959108","_kur0m1iii"
"2047900642388389898","2026-04-25T04:48:55.000Z","7","Agus juga tuh paka jasa hack hape diah wkwkwk yg selingkuh sama si jordan 🤣🤣🤣🤣","2047900642388389898","","","in","","0","0","0","https://x.com/Adelya106/status/2047900642388389898","1939589943380283392","Adelya106"
"2047887852999164149","2026-04-25T03:58:06.000Z","3","Bantuan JASA PEMULIHAN AKUN &amp; Hapus Akun.

•Akun lupa pasword / ke hack 
•Jasa sadap
•Jasa unsuspend / suspend Akun X 
•Jasa hapus akun 
•Jasa hack 

Whatsapp,Gmail, Instagram, Telegram, Facebook, Tiktok, DLL.

Fast respon wa☎️
https://t.co/RsDk2AcmSr https://t.co/WWJSpymur1","2047887852999164149","https://pbs.twimg.com/media/HGuPJYhacAABwfa.jpg","","in","","4","10","3","https://x.com/saasyagh/status/2047887852999164149","3068611282","saasyagh"
"2047871744229384251","2026-04-25T02:54:06.000Z","5","All JASA❕

&gt;JASA HAPUS AKUN 
&gt;JASA PEMULIHAN &amp; BALIKIN AKUN LUPA PASWORD/KE HACK
&gt;JASA LACAK LOKASI
&gt;JASA SADAP WA
&gt;JASA LACAK HP HILANG BY NO HP/IMEI/AKUN
&gt;JASA HACK/PEMULIHAN AKUN (EMAIL,IG,WA,TWITER/X, FB,TIKTOK)

WhatsApp Di Bio Profil Ya❕ https://t.co/dvs0H6umBx","2047871744229384251","https://pbs.twimg.com/media/HGuAfp0acAA1Jzf.jpg","","in","","8","7","1","https://x.com/_kur0m1iii/status/2047871744229384251","836073302086959108","_kur0m1iii"
"2047825282250461551","2026-04-24T23:49:28.000Z","5","All JASA❕

&gt;JASA HAPUS AKUN 
&gt;JASA PEMULIHAN &amp; BALIKIN AKUN LUPA PASWORD/KE HACK
&gt;JASA LACAK LOKASI
&gt;JASA SADAP WA
&gt;JASA LACAK HP HILANG BY NO HP/IMEI/AKUN
&gt;JASA HACK/PEMULIHAN AKUN (EMAIL,IG,WA,TWITER/X, FB,TIKTOK)

WhatsApp Di Bio Profil Ya❕ https://t.co/cJWP1MD9D2","2047825282250461551","https://pbs.twimg.com/media/HGtWPMRbEAAIsHp.jpg","","in","","6","6","1","https://x.com/_kur0m1iii/status/2047825282250461551","836073302086959108","_kur0m1iii"
"2047753946320732459","2026-04-24T19:06:00.000Z","2","Bantuan JASA PEMULIHAN AKUN &amp; Hapus Akun.

•Akun lupa pasword / ke hack 
•Jasa sadap
•Jasa unsuspend / suspend Akun X 
•Jasa hapus akun 
•Jasa hack 

Whatsapp,Gmail, Instagram, Telegram, Facebook, Tiktok, DLL.

Fast respon wa☎️
https://t.co/RsDk2AcmSr https://t.co/5ewUBhaBhS","2047753946320732459","https://pbs.twimg.com/media/HGsVW_LbsAA5Mk-.jpg","","in","","3","9","3","https://x.com/saasyagh/status/2047753946320732459","3068611282","saasyagh"
"2047680317004325116","2026-04-24T14:13:26.000Z","6","All JASA❕

&gt;JASA HAPUS AKUN 
&gt;JASA PEMULIHAN &amp; BALIKIN AKUN LUPA PASWORD/KE HACK
&gt;JASA LACAK LOKASI
&gt;JASA SADAP WA
&gt;JASA LACAK HP HILANG BY NO HP/IMEI/AKUN
&gt;JASA HACK/PEMULIHAN AKUN (EMAIL,IG,WA,TWITER/X, FB,TIKTOK)

WhatsApp Di Bio Profil Ya❕ https://t.co/eYAPzry9z8","2047680317004325116","https://pbs.twimg.com/media/HGrSZKhbEAAvLcv.jpg","","in","","6","9","1","https://x.com/_kur0m1iii/status/2047680317004325116","836073302086959108","_kur0m1iii"
"2047649927027982591","2026-04-24T12:12:40.000Z","2","Bantuan JASA PEMULIHAN AKUN &amp; Hapus Akun.

•Akun lupa pasword / ke hack 
•Jasa sadap
•Jasa unsuspend / suspend Akun X 
•Jasa hapus akun 
•Jasa hack 

Whatsapp,Gmail, Instagram, Telegram, Facebook, Tiktok, DLL.

Fast respon wa☎️
https://t.co/RsDk2AcmSr https://t.co/eWdyOt92XR","2047649927027982591","https://pbs.twimg.com/media/HGq2wDbacAAZv8R.jpg","","in","","3","8","3","https://x.com/saasyagh/status/2047649927027982591","3068611282","saasyagh"
"2047626360353652863","2026-04-24T10:39:02.000Z","2","Bantuan JASA PEMULIHAN AKUN &amp; Hapus Akun.

•Akun lupa pasword / ke hack 
•Jasa sadap
•Jasa unsuspend / suspend Akun X 
•Jasa hapus akun 
•Jasa hack 

Whatsapp,Gmail, Instagram, Telegram, Facebook, Tiktok, DLL.

Fast respon wa☎️
https://t.co/RsDk2AcmSr https://t.co/sqFHgT7iQw","2047626360353652863","https://pbs.twimg.com/media/HGqhUhFbEAAHxWN.jpg","","in","","3","9","3","https://x.com/saasyagh/status/2047626360353652863","3068611282","saasyagh"
"2047619257907937466","2026-04-24T10:10:48.000Z","4","All JASA❕

&gt;JASA HAPUS AKUN 
&gt;JASA PEMULIHAN &amp; BALIKIN AKUN LUPA PASWORD/KE HACK
&gt;JASA LACAK LOKASI
&gt;JASA SADAP WA
&gt;JASA LACAK HP HILANG BY NO HP/IMEI/AKUN
&gt;JASA HACK/PEMULIHAN AKUN (EMAIL,IG,WA,TWITER/X, FB,TIKTOK)

WhatsApp Di Bio Profil Ya❕ https://t.co/CT6ItIJ0US","2047619257907937466","https://pbs.twimg.com/media/HGqa3ElbAAANGrg.jpg","","in","","6","10","0","https://x.com/_kur0m1iii/status/2047619257907937466","836073302086959108","_kur0m1iii"
"2047591397151437305","2026-04-24T08:20:06.000Z","2","Bantuan JASA PEMULIHAN AKUN &amp; Hapus Akun.

•Akun lupa pasword / ke hack 
•Jasa sadap
•Jasa unsuspend / suspend Akun X 
•Jasa hapus akun 
•Jasa hack 

Whatsapp,Gmail, Instagram, Telegram, Facebook, Tiktok, DLL.

Fast respon wa☎️
https://t.co/RsDk2AcmSr https://t.co/6TbFJGJuGa","2047591397151437305","https://pbs.twimg.com/media/HGqBhYcasAAAxhZ.jpg","","in","","3","6","3","https://x.com/saasyagh/status/2047591397151437305","3068611282","saasyagh"
"2047529418562892102","2026-04-24T04:13:49.000Z","2","Bantuan JASA PEMULIHAN AKUN &amp; Hapus Akun.

•Akun lupa pasword / ke hack 
•Jasa sadap
•Jasa unsuspend / suspend Akun X 
•Jasa hapus akun 
•Jasa hack 

Whatsapp,Gmail, Instagram, Telegram, Facebook, Tiktok, DLL.

Fast respon wa☎️
https://t.co/RsDk2AcmSr https://t.co/3jPaUlgn6Z","2047529418562892102","https://pbs.twimg.com/media/HGpJJuraAAEZkk1.jpg","","in","","3","8","2","https://x.com/saasyagh/status/2047529418562892102","3068611282","saasyagh"
"2047501495160226067","2026-04-24T02:22:51.000Z","4","All JASA❕

&gt;JASA HAPUS AKUN 
&gt;JASA PEMULIHAN &amp; BALIKIN AKUN LUPA PASWORD/KE HACK
&gt;JASA LACAK LOKASI
&gt;JASA SADAP WA
&gt;JASA LACAK HP HILANG BY NO HP/IMEI/AKUN
&gt;JASA HACK/PEMULIHAN AKUN (EMAIL,IG,WA,TWITER/X, FB,TIKTOK)

WhatsApp Di Bio Profil Ya❕ https://t.co/ijQEt36Lvh","2047501495160226067","https://pbs.twimg.com/media/HGovwXra4AAGKpm.jpg","","in","","6","12","0","https://x.com/_kur0m1iii/status/2047501495160226067","836073302086959108","_kur0m1iii"
"2047499419579514974","2026-04-24T02:14:36.000Z","2","Bantuan JASA PEMULIHAN AKUN &amp; Hapus Akun.

•Akun lupa pasword / ke hack 
•Jasa sadap
•Jasa unsuspend / suspend Akun X 
•Jasa hapus akun 
•Jasa hack 

Whatsapp,Gmail, Instagram, Telegram, Facebook, Tiktok, DLL.

Fast respon wa☎️
https://t.co/RsDk2AcmSr https://t.co/AGNy37i0ru","2047499419579514974","https://pbs.twimg.com/media/HGot3cFbAAA5Mg2.jpg","","in","","3","5","3","https://x.com/saasyagh/status/2047499419579514974","3068611282","saasyagh"
"2047455696686555637","2026-04-23T23:20:52.000Z","4","All JASA❕

&gt;JASA HAPUS AKUN 
&gt;JASA PEMULIHAN &amp; BALIKIN AKUN LUPA PASWORD/KE HACK
&gt;JASA LACAK LOKASI
&gt;JASA SADAP WA
&gt;JASA LACAK HP HILANG BY NO HP/IMEI
&gt;JASA HACK/PEMULIHAN AKUN (EMAIL,IG,WA,TWITER/X, FB,TIKTOK)

WhatsApp Di Bio Profil Ya❕ https://t.co/DY7z8XiB6e","2047455696686555637","https://pbs.twimg.com/media/HGoGGh7boAAMN_w.jpg","","in","","6","9","0","https://x.com/_kur0m1iii/status/2047455696686555637","836073302086959108","_kur0m1iii"
"2047349567377834167","2026-04-23T16:19:09.000Z","2","disini ada yg open jasa hack ig, tanpa si orangnya tau 
#zonauang #zonajajan","2047349567377834167","","","in","","0","6","0","https://x.com/rubsric/status/2047349567377834167","875952972630343680","rubsric"
"2047315925419049060","2026-04-23T14:05:28.000Z","2","Bantuan JASA PEMULIHAN AKUN &amp; Hapus Akun.

•Akun lupa pasword / ke hack 
•Jasa sadap
•Jasa unsuspend / suspend Akun X 
•Jasa hapus akun 
•Jasa hack 

Whatsapp,Gmail, Instagram, Telegram, Facebook, Tiktok, DLL.

Fast respon wa☎️
https://t.co/RsDk2AcmSr https://t.co/FFo5yy1gX7","2047315925419049060","https://pbs.twimg.com/media/HGmG-tFawAA9OGt.jpg","","in","","3","9","3","https://x.com/saasyagh/status/2047315925419049060","3068611282","saasyagh"
"2047275134097183138","2026-04-23T11:23:23.000Z","2","JASA PEMULIHAN AKUN &amp; HAPUS AKUN

• AKUN LUPA PASWORD/KE HACK
• JASA SADAP WA
• JASA SUSPEND/UNSUSPEND AKUN
• JASA HAPUS AKUN
• JASA HACK/PULIHKAN
AKUN,GMAIL,INSTAGRAM,TWITER,FB
TIKTOK,TELEGRAM,LINE,DLL
• JASA LACAK

Full Testi, Fast Proses
https://t.co/tOwkjhvmH2 https://t.co/jX98ml9LJs","2047275134097183138","https://pbs.twimg.com/media/HGlh4XwagAALu2x.jpg","","in","","2","0","0","https://x.com/olddity/status/2047275134097183138","1842211618039754752","olddity"
"2047082098369220771","2026-04-22T22:36:19.000Z","4","BANTUAN JASA PEMULIHAN AKUN / HAPUS AKUN SOSMED

= JASA LACAK LOKASI
= RECOVERY AKUN
= SADAP WA 
= LACAK HP HILANG BY NO HP / IMEI
= JASA UNSUS AKUN/UNSUSPEND
JASA HACK/PULIHKAN BALIKIN AKUN EMAIL,IG,WA,TWITER/X, FB,TIKTOK,LINE

whatsapp aku 👇☎️ v
https://t.co/p8xlIlw3WH https://t.co/KfAd8uHonP","2047082098369220771","https://pbs.twimg.com/tweet_video_thumb/HGiyUKYbsAAwcrr.jpg","","in","","1","15","2","https://x.com/lutqcu/status/2047082098369220771","272910414","lutqcu"
"2002363276747817234","2025-12-20T12:59:41.000Z","1","guys ada yang tau dimana bisa pesen jasa hack akun Instagram? #zonauang","2002363276747817234","","","in","","0","7","0","https://x.com/pembxhong/status/2002363276747817234","1873379062288396288","pembxhong"
"2001594796784390429","2025-12-18T10:06:02.000Z","2","jasa hack akun roblox dongg, kasian adek gue nangiss kejer gara gara akunnya diambil orang 😭
#zonauang #roblox","2001594796784390429","","","in","","0","7","0","https://x.com/_stunningeyes/status/2001594796784390429","1421081169014116359","_stunningeyes"
"2001298329192325259","2025-12-17T14:27:58.000Z","2","info jasa hack, buzzer report akun atau hilangin akun ig/wa/tiktok dong #zonauang","2001298329192325259","","","tl","","0","9","0","https://x.com/narkoboey/status/2001298329192325259","1493865698078396416","narkoboey"
"2000538027597451344","2025-12-15T12:06:48.000Z","1","#zonajajan ada jasa hack atau lacak orang kah? drop price dong","2000538027597451344","","","in","","0","8","1","https://x.com/iqwiess_/status/2000538027597451344","1942182614481440768","iqwiess_"
"2000074975357890993","2025-12-14T05:26:48.000Z","2","JASA PEMULIHAN AKUN | UNSUS UNSUSPEND &amp; HAPUS AKUN SOSMED

✅ LUPA PASWORD/KE HACK
✅ JASA SADAP WA/ LACAK LOKASI
✅ JASA HAPUS AKUN
✅ JASA HACK/PULIHKAN AKUN EMAIL,GMAIL,INSTAGRAM,TWITER, FB,TIKTOK,LINE DLL

Dijamin berhasil
☎️ Wa : https://t.co/DeetRg8v8Y https://t.co/38er8z83bo","2000074975357890993","https://pbs.twimg.com/tweet_video_thumb/G8GxlvObgAA3i7m.jpg","","in","","2","25","2","https://x.com/saelada/status/2000074975357890993","2758778751","saelada"
"1998905623212364260","2025-12-11T00:00:13.000Z","3","JASA PEMULIHAN AKUN | UNSUS UNSUSPEND &amp; HAPUS AKUN SOSMED

✅ LUPA PASWORD/KE HACK
✅ JASA SADAP WA/ LACAK LOKASI
✅ JASA HAPUS AKUN
✅ JASA HACK/PULIHKAN AKUN EMAIL,GMAIL,INSTAGRAM,TWITER, FB,TIKTOK,LINE DLL

Dijamin berhasil
☎️ Wa : https://t.co/DeetRg8v8Y https://t.co/L4YcuyKSWb","1998905623212364260","https://pbs.twimg.com/tweet_video_thumb/G72KEdiaMAUI2z4.jpg","","in","","5","42","2","https://x.com/saelada/status/1998905623212364260","2758778751","saelada"
"1873352715784618152","2024-12-29T12:57:47.000Z","1","apa gue pake jasa hack akun aja ya😔","1873352715784618152","","","in","","0","5","0","https://x.com/urlullabiie/status/1873352715784618152","1614071267451338752","urlullabiie"
"1872884136370946260","2024-12-28T05:55:49.000Z","2","info jasa hack ig yang beneran bisa balik dong, soalnya akunnya divonis gabisa balik ni #zonauang","1872884136370946260","","","in","","1","6","1","https://x.com/_Nikolicious/status/1872884136370946260","1417864813993021440","_Nikolicious"
"1872611227635200466","2024-12-27T11:51:22.000Z","3","Kalo kalian butuh jasa hack gmail bisa ke kak Janey @janeyiest aku barusan bgt dibantu ngembaliin email kerjaanku guys sm blio. Makasih banyak Kak Janey semoga selalu disibukkan sama kloter menjebol emailnyaa mwah ^3^ ❤️🫶","1872611227635200466","","","in","","0","2","0","https://x.com/linkcdin/status/1872611227635200466","1567350362293809152","linkcdin"
"1872262030373372053","2024-12-26T12:43:47.000Z","1","Need jasa hack website akun illegal 
#zonauang","1872262030373372053","","","en","","0","6","1","https://x.com/butterflystuu/status/1872262030373372053","1727608549235404800","butterflystuu"
"1870634204582814065","2024-12-22T00:55:23.000Z","1","ada it/jasa hack akun game? aku beli akun game tapi takut di hack balik sama owner 1, ada gasih😭 #zonauang #zonabu","1870634204582814065","","","in","","0","8","0","https://x.com/BNopelia86841/status/1870634204582814065","1821830173848956931","BNopelia86841"
"1870504778532593975","2024-12-21T16:21:06.000Z","5","algum hacker online pra gente ver o que eles falam nesse grupo?","1870504778532593975","","","pt","","0","0","1","https://x.com/putzd4y_/status/1870504778532593975","1488871406406451200","putzd4y_"
"1869994897920667911","2024-12-20T06:35:01.000Z","1","Jasa hack ig lah
#zonajajan #zonauang️","1869994897920667911","","","in","","0","4","0","https://x.com/chajorniee/status/1869994897920667911","1393213881087008769","chajorniee"
"1869787757834580063","2024-12-19T16:51:55.000Z","2","pls moots gue yg bs bobol akun muncul dong, gue tadinya mau ikhlasin sbnrnya tp gue gregetan trnyata dia bkn cm nipu gue doang. info jasa bobol akun yg emg trusted pls","1869787757834580063","","","in","","0","1","0","https://x.com/cyurbe/status/1869787757834580063","1739679840738201600","cyurbe"
"1868993705140797620","2024-12-17T12:16:38.000Z","2","ada pernah pake jasa hack atau sadap wa/ig dan berhasil gakk? #zonauang","1868993705140797620","","","in","","0","8","0","https://x.com/elinotavia/status/1868993705140797620","1793481953246904321","elinotavia"
"1868881267267453406","2024-12-17T04:49:50.000Z","2","Best feeling in the world is being called a hacker online 
@robmenendez33 ranked buddy
#MarvelRivals https://t.co/4KfdowYShZ","1868881267267453406","https://pbs.twimg.com/media/Ge-Zm_NWAAAJPmQ.jpg","","en","","0","1","0","https://x.com/Knightwing1523/status/1868881267267453406","895404437413388289","Knightwing1523"
"1868411463947432157","2024-12-15T21:43:01.000Z","1","jasa hack akun tiktok ada ga si??? #zonauang #zonajajanᅠ","1868411463947432157","","","in","","0","11","0","https://x.com/uraddc/status/1868411463947432157","1724564483006455808","uraddc"
"1868273742704734528","2024-12-15T12:35:45.000Z","3","Boleh sayembara ga ini?
Need jasa hack akun #zonauang #jasahacker 
No tipu-tipu, dibayar setelah kita tau siapa org dibalik akun @.amin_anis_area ini","1868273742704734528","","","in","","0","3","0","https://x.com/juniversality/status/1868273742704734528","1390132583594295298","juniversality"
"1868269022472782166","2024-12-15T12:17:00.000Z","3","#zonauang jasa hack dan hapus akun dong","1868269022472782166","","","in","","0","15","0","https://x.com/renjunarsitek/status/1868269022472782166","1446414876574773254","renjunarsitek"
"1867591405679542757","2024-12-13T15:24:23.000Z","0","Jasa hack acc yang lupa email nya dong

#zonaba #zonauang","1867591405679542757","","","in","","0","6","0","https://x.com/Eleeftheria/status/1867591405679542757","1152242876320870401","Eleeftheria"
"1867145548916212020","2024-12-12T09:52:43.000Z","19","💚 Jasa hack IG atau WA tanpa sentuh hape korban apakah benar2 ada ?? Lagi pengen ngerusuh sama orang","1867145548916212020","","","in","","2","13","1","https://x.com/tanyakanrl/status/1867145548916212020","1331650559518990336","tanyakanrl"
"1866398645807100075","2024-12-10T08:24:47.000Z","2","ADA JASA HACK AKUN TELEGRAM GA SIH SUMPAH GUA KETIPU 1,2JT....... berapapun gua bayar #zonauang #zonajajan #wtb","1866398645807100075","","","in","","0","7","0","https://x.com/gyunjx/status/1866398645807100075","1446265509037547522","gyunjx"
"1866071833545715946","2024-12-09T10:46:09.000Z","0","ada jasa hack akun ga sih","1866071833545715946","","","in","","0","6","0","https://x.com/allaxtus/status/1866071833545715946","1518854521170333696","allaxtus"
"1865986374635323441","2024-12-09T05:06:34.000Z","0","ada yg bisa jasa hack ig gasih? ini temen gue di terror sampe begini dilingkungan sekolah. please anyone #zonauang","1865986374635323441","","","in","","0","8","0","https://x.com/zizeyss/status/1865986374635323441","1497265210813341706","zizeyss"
"1865924778768626149","2024-12-09T01:01:49.000Z","1","pagi guys🫰🏻 kami open jasa hack ig dan sadap wa ya #zonajajan #zonauang","1865924778768626149","","","in","","0","0","1","https://x.com/ALTER_M4F/status/1865924778768626149","560948254","ALTER_M4F"
"1865508533225345423","2024-12-07T21:27:48.000Z","0","ada yang bisa jasa hack ig gaa? sumpah ini urgent bgt yg trusted plis #zonauangᅠᅠᅠ","1865508533225345423","","","in","","0","8","0","https://x.com/katarrrinae/status/1865508533225345423","1408411878489870343","katarrrinae"
"1863625799926165683","2024-12-02T16:46:29.000Z","3","jasa hack ig beneran ada ga sih?","1863625799926165683","","","in","","0","7","0","https://x.com/luwwkii/status/1863625799926165683","1515872400780390400","luwwkii"
"1863539474485186690","2024-12-02T11:03:28.000Z","2","info jasa hack ig atau sejenisnya, pengen ngilangin akun anonim","1863539474485186690","","","in","","0","10","0","https://x.com/ichsasun/status/1863539474485186690","155559229","ichsasun"
"1862714521887846554","2024-11-30T04:25:24.000Z","12","💚 guys tolong bgt ada yang beneran buka jasa hack akun ig atau email ngga? Aku butuh bgt bukti ayah aku selingkuh soalnya mau gugat cerai taoi butuh bukti kuat tolongg bgttt ini bukan buat dipake ngejahatin org. Mama sender ngga mau pelakor nya dispill.","1862714521887846554","","","in","","0","10","0","https://x.com/tanyarlfes/status/1862714521887846554","1371650588","tanyarlfes"
"1862167854881128671","2024-11-29T02:56:25.000Z","2","@tanyakanrl Maaf diluar konteks ada yg bisa buka jasa hack org ga ya ? Soalnya akun sodara saya dihack dan disebarkan foto aibnya atau ada saran 🙏","1862329742063804809","","tanyakanrl","in","","0","10","0","https://x.com/zalins07/status/1862329742063804809","1853314149037830147","zalins07"
"1861909654818771250","2024-11-27T23:07:08.000Z","6","Algum hacker online? Papo de 700 milhões na conta","1861909654818771250","","","pt","","0","3","0","https://x.com/moseptt/status/1861909654818771250","1715853100534169600","moseptt"
"1861427392314847499","2024-11-26T15:10:48.000Z","3","Info jasa hack account ig dong 
#zonauang","1861427392314847499","","","en","","0","11","0","https://x.com/urlullabiie/status/1861427392314847499","1614071267451338752","urlullabiie"
"1860743463458754796","2024-11-24T21:48:14.000Z","2","@Enki2030 Come si fa a diventare un vero hacker online ?  :)","1860802633998405773","","Enki2030","it","","0","0","0","https://x.com/bp448yk1/status/1860802633998405773","1486686439580577797","bp448yk1"
"1860524520999911586","2024-11-24T03:23:07.000Z","3","ada jasa bobol akun ig kecil ga sih? #zonauang","1860524520999911586","","","in","","0","3","0","https://x.com/gyubton/status/1860524520999911586","1365986682881732610","gyubton"
"1859102177496887613","2024-11-20T05:11:14.000Z","1","jasa hack ig yg ga nipu dong #zonauang","1859102177496887613","","","in","","0","7","0","https://x.com/elinotavia/status/1859102177496887613","1793481953246904321","elinotavia"
"1858816183689957507","2024-11-19T10:14:47.000Z","1","info jasa hack akun ig cuma pake username aja #zonauang #zonajajanᅠᅠᅠ","1858816183689957507","","","in","","1","11","0","https://x.com/nephtunz/status/1858816183689957507","1623688451890757633","nephtunz"
"1858774951743860826","2024-11-19T07:30:57.000Z","2","Ada jasa hack ig gak sih? Buat nyari tau siapa orangnya gitu","1858774951743860826","","","in","","0","0","0","https://x.com/starryqkun/status/1858774951743860826","1252975130914897920","starryqkun"
"1858764132402819506","2024-11-19T06:47:57.000Z","1","jasa hack ig plsss","1858764132402819506","","","tl","","0","1","0","https://x.com/jeezkiyee/status/1858764132402819506","1642556232241401856","jeezkiyee"
"1858745655856103863","2024-11-19T05:34:32.000Z","1","jasa hack ig orang dong pls aku mau hack ig penipu yang udah nipu akuuu helppp 😭😭😭😭 #zonauang #zonajajan","1858745655856103863","","","in","","0","2","0","https://x.com/ehtaeyongnct/status/1858745655856103863","1362468567132762115","ehtaeyongnct"
"1858471932145856967","2024-11-18T11:26:52.000Z","2","ad jasa hack ig gasih🤔","1858471932145856967","","","in","","0","6","0","https://x.com/02kylebang/status/1858471932145856967","1738943997278928896","02kylebang"
"1857307799233159460","2024-11-15T06:21:01.000Z","2","jasa hack akun ig #zonauang","1857307799233159460","","","tl","","0","8","0","https://x.com/elinotavia/status/1857307799233159460","1793481953246904321","elinotavia"
"1857306033422786786","2024-11-15T06:14:00.000Z","2","need jasa hack ig rep harga #zonauang","1857306033422786786","","","en","","0","3","0","https://x.com/elinotavia/status/1857306033422786786","1793481953246904321","elinotavia"
"1857094070335574474","2024-11-14T16:11:44.000Z","1","OPEN JASA HACK

&gt;&gt;&gt; SADAP (WHATSAPP)

&gt;&gt;&gt;&gt; HACK ( INSTAGRAM, FACEBOOK, TWITTER, GMAIL)

&gt;&gt;&gt;&gt;&gt;&gt;

Trending
😇
#jasahackig #jasasadapwa #jasahackfb #jasasadapwhatsapp #zonauang #sadapWA #ProvaDoLer #Oscars #TREASURE #dunknatachai   #hackig #hackakun #pixelart #sstvi #KARINA_UP","1857094070335574474","","","en","","0","0","1","https://x.com/dinoosiee/status/1857094070335574474","1475457297576960003","dinoosiee"
"1856733498893357383","2024-11-13T16:18:57.000Z","5","Please rt, penipu!!! #Zonauang #penipu #bengkel_mlbb akun tiktoknya Bengkel_mlbb, kalo orang siapapun nyaranin buat jasa hack bengkel mlbb jangan mau!!! Penipuan!! Uang gua lenyap 150k, dia blok wa gua skrg. #zonajajan https://t.co/iOqkcMZR93","1856733498893357383","https://pbs.twimg.com/media/GcRxRqvaAAA7LCB.jpg","","in","","0","1","3","https://x.com/bukannanasbrok/status/1856733498893357383","1449250107690414080","bukannanasbrok"
"1856704886219653298","2024-11-13T14:25:15.000Z","0","ada jasa hack back akun ml yg di ambil org?? emailnya udh diganti tpi #zonauang","1856704886219653298","","","in","","0","8","0","https://x.com/taekooktunangan/status/1856704886219653298","1346480213295726592","taekooktunangan"
"1855967360882200949","2024-11-11T13:34:35.000Z","2","need jasa hack akun ig #jasahack #zonauang","1855967360882200949","","","tl","","0","14","0","https://x.com/jessielleee/status/1855967360882200949","1510981569682550785","jessielleee"
"1855847824380101079","2024-11-11T05:39:35.000Z","3","Butuh jasa hack akun tolong siapapun hack akun @ygtreasuremaker suruh teume ngevote juga

#treasure #2024MAMAVote","1855847824380101079","","","in","","0","3","16","https://x.com/fatihawtnbe/status/1855847824380101079","1744579054878269440","fatihawtnbe"
"1855321975545291246","2024-11-09T18:50:03.000Z","2","ada yg open jasa hack akun rekening orang nipu gak ya? #zonaba #zonabu #zonauang #zonajajan","1855321975545291246","","","in","","2","7","0","https://x.com/shrmmp/status/1855321975545291246","1148518728264343552","shrmmp"
"1854906762622603327","2024-11-08T15:33:20.000Z","0","@tanyarlfes kak maaf banget oot, dari kalian yang baca ini ada yang tau jasa hack akun fb ga yah? yang bener² terpercaya. urgent banget temenku fb nya di hack dan disalahgunakan . terimakasi ssbelumnya🙏🙏","1854910082292781250","","tanyarlfes","in","","0","5","0","https://x.com/fvilotes/status/1854910082292781250","2893931807","fvilotes"
"1853978488346456504","2024-11-06T01:51:31.000Z","3","ada yg tau jasa hack ig gak ya wkwk 😅😅😅😅🙏 #wtb #jasahack #zonauang","1853978488346456504","","","in","","0","14","0","https://x.com/filleubelle/status/1853978488346456504","771273253","filleubelle"
"1853444022192509351","2024-11-04T14:27:44.000Z","1","ada jasa hack atau login email yang lupa pw engga ya? #zonauang","1853444022192509351","","","in","","0","8","0","https://x.com/ahayeonn/status/1853444022192509351","1584559420843122688","ahayeonn"
"1852944559862653049","2024-11-03T06:59:20.000Z","1","@allwaystaynew pake fake acc aja pura2 nawarin jasa hack akun 😑","1852968788939133051","","allwaystaynew","in","","0","1","0","https://x.com/sambellcumi/status/1852968788939133051","1793922171326316544","sambellcumi"
"1852496667460653372","2024-11-01T23:43:17.000Z","1","La IA llega a la ciberseguridad

Certified Ethical Hacker Online Training | CEH Training https://t.co/4wiIrT3khp","1852496667460653372","https://pbs.twimg.com/media/GbVj4g4XEAAD18y.jpg","","es","","0","0","0","https://x.com/SiemprFiel/status/1852496667460653372","144894983","SiemprFiel"
"1852374439176114607","2024-11-01T15:37:36.000Z","7","guys...... ada yang tau jasa benerin whatsapp di hack gak ya..... aku malah ketipu 300k untuk jasa hack.....😭🙏 tolong guys ini wa kantor https://t.co/rTsmLQRbRl","1852374439176114607","https://pbs.twimg.com/media/GbT0aSMXgAA6g1k.jpg","","in","","0","4","4","https://x.com/jaeyunjin_/status/1852374439176114607","1292429390769295360","jaeyunjin_"
"1852262154507784393","2024-11-01T08:11:25.000Z","1","Ada jasa hack akun ig ga? #zonauang","1852262154507784393","","","tl","","0","9","0","https://x.com/erismedeia/status/1852262154507784393","2321849712","erismedeia"
"1851493388530655511","2024-10-30T05:16:37.000Z","0","Info jasa hack/balikin akun Instagram dong #zonauang #zonajajan","1851493388530655511","","","in","","0","24","0","https://x.com/Xybvncx/status/1851493388530655511","1445682692889010177","Xybvncx"
"1851462353369579689","2024-10-30T03:13:18.000Z","2","jasa bobol verifikasi ml pls, akunku kena hack :( #zonauang https://t.co/ICtcnkzuMX","1851462353369579689","https://pbs.twimg.com/media/GbG3MuyboAAWI6K.jpg","","in","","0","1","0","https://x.com/prkjjwoo/status/1851462353369579689","1415271568473612294","prkjjwoo"
"1850453342889337294","2024-10-27T08:23:51.000Z","1","jasa hack back akun ml dong, akun gue habis kena hack orang #zonauang","1850453342889337294","","","in","","0","10","0","https://x.com/prkjjwoo/status/1850453342889337294","1415271568473612294","prkjjwoo"
"1850403231517839735","2024-10-27T05:04:43.000Z","1","Guys tolong info ada jasa hack akun facebook ga?dialihin gt pls ini lagi nyari orang hilang🙏🏻

#Zonajajan #ZonaBA #zonauang","1850403231517839735","","","in","","0","9","0","https://x.com/jjpeach14_/status/1850403231517839735","1273034443758813184","jjpeach14_"
"1850139963725410764","2024-10-26T11:38:35.000Z","3","plisss ada kah jasa hack akun ig yang trusted 😭😭😭
#zonauang #zonaba #zonabu","1850139963725410764","","","in","","0","8","0","https://x.com/whaaattcuneed/status/1850139963725410764","1432009904907161602","whaaattcuneed"
"1850042628747952227","2024-10-26T05:11:49.000Z","2","Cari jasa hack atau lacak alamat ada ga ya? #zonauang","1850042628747952227","","","in","","0","3","0","https://x.com/4june_ay/status/1850042628747952227","1266707810403794944","4june_ay"
"1850023631868272660","2024-10-26T03:56:20.000Z","2","Algum hacker online pra hackear meu instagram que foi hackeado???? kakka","1850023631868272660","","","pt","","0","16","0","https://x.com/kimsfeitosa/status/1850023631868272660","1181396415454547968","kimsfeitosa"
"1849763675332280447","2024-10-25T10:43:21.000Z","2","jasa hack ig brp? #zonauang #hackig","1849763675332280447","","","in","","0","5","0","https://x.com/milyyas_s/status/1849763675332280447","1425983011758084096","milyyas_s"
"1849018629897208099","2024-10-23T09:22:49.000Z","2","GAESSSS PLEASE HELPPP :""(((

email gue ngga bisa dibuka, ada yang tau solusi nya ngga please bantuin :"")

gmail kerja soalnya, nomor hapenya udah lama mati trus udha ngga inget juga :""((

ada jasa hack akun gmail ngga ya :"")","1849018629897208099","","","in","","0","4","0","https://x.com/wandikajetroo/status/1849018629897208099","732385476447899648","wandikajetroo"
"1848529165378797933","2024-10-22T00:57:51.000Z","1","OPEN JASA HACK

&gt;&gt;&gt; SADAP (WHATSAPP)

&gt;&gt;&gt;&gt; HACK ( INSTAGRAM, FACEBOOK, TWITTER, GMAIL)

&gt;&gt;&gt;&gt;&gt;&gt;

Trending
😇
#jasahackig #jasasadapwa #jasahackfb #jasasadapwhatsapp #zonauang #sadapWA #ProvaDoLer #Oscars #TREASURE #dunknatachai   #hackig #hackakun #pixelart #sstvi #KARINA_UP","1848529165378797933","","","en","","0","0","1","https://x.com/dinoosiee/status/1848529165378797933","1475457297576960003","dinoosiee"
"1848402185274654779","2024-10-21T16:33:17.000Z","1","OPEN JASA HACK

&gt;&gt;&gt; SADAP (WHATSAPP)

&gt;&gt;&gt;&gt; HACK ( INSTAGRAM, FACEBOOK, TWITTER, GMAIL)

&gt;&gt;&gt;&gt;&gt;&gt;

Trending
😇
#jasahackig #jasasadapwa #jasahackfb #jasasadapwhatsapp #zonauang #sadapWA #ProvaDoLer #Oscars #TREASURE #dunknatachai #BINI #hackig #deprem #Maynata #hackakun #Gaza #AIar","1848402185274654779","","","en","","0","0","1","https://x.com/dinoosiee/status/1848402185274654779","1475457297576960003","dinoosiee"
"1847959313509499326","2024-10-20T11:13:28.000Z","1","OPEN JASA HACK

&gt;&gt;&gt; SADAP (WHATSAPP)

&gt;&gt;&gt;&gt; HACK ( INSTAGRAM, FACEBOOK, TWITTER, GMAIL)

&gt;&gt;&gt;&gt;&gt;&gt;

Trending
😇
#jasahackig #jasasadapwa #jasahackfb #jasasadapwhatsapp #zonauang #sadapWA #ProvaDoLer #Oscars #TREASURE #dunknatachai   #hackig #hackakun #pixelart #sstvi #KARINA_UP","1847959313509499326","","","en","","0","0","1","https://x.com/dinoosiee/status/1847959313509499326","1475457297576960003","dinoosiee"
"1847438719063818569","2024-10-19T00:44:49.000Z","2","OPEN JASA HACK

&gt;&gt;&gt; SADAP (WHATSAPP)

&gt;&gt;&gt;&gt; HACK ( INSTAGRAM, FACEBOOK, TWITTER, GMAIL)

&gt;&gt;&gt;&gt;&gt;&gt;

Trending
😇
#jasahackig #jasasadapwa #jasahackfb #jasasadapwhatsapp #zonauang #sadapWA #ProvaDoLer #Oscars #TREASURE #dunknatachai   #hackig #hackakun #pixelart #sstvi #KARINA_UP","1847438719063818569","","","en","","0","0","1","https://x.com/dinoosiee/status/1847438719063818569","1475457297576960003","dinoosiee"
"1847148128925024360","2024-10-18T05:30:06.000Z","1","p jasa hack gallery hpnya geminul, mau liat foto2 fot yg lain wakkaka","1847148128925024360","","","in","","0","2","0","https://x.com/thnkngboutchu/status/1847148128925024360","292294098","thnkngboutchu"
"1847077412888367434","2024-10-18T00:49:06.000Z","1","OPEN JASA HACK

&gt;&gt;&gt; SADAP (WHATSAPP)

&gt;&gt;&gt;&gt; HACK ( INSTAGRAM, FACEBOOK, TWITTER, GMAIL)

&gt;&gt;&gt;&gt;&gt;&gt;

Trending
😇
#jasahackig #jasasadapwa #jasahackfb #jasasadapwhatsapp #zonauang #sadapWA #ProvaDoLer #Oscars #TREASURE #dunknatachai #BINI #hackig #deprem #Maynata #hackakun #Gaza #AIart","1847077412888367434","","","en","","0","0","1","https://x.com/dinoosiee/status/1847077412888367434","1475457297576960003","dinoosiee"
"1846846962349625375","2024-10-17T09:33:23.000Z","1","OPEN JASA HACK

&gt;&gt;&gt; SADAP (WHATSAPP)

&gt;&gt;&gt;&gt; HACK ( INSTAGRAM, FACEBOOK, TWITTER, GMAIL)

&gt;&gt;&gt;&gt;&gt;&gt;

Trending
😇
#jasahackig #jasasadapwa #jasahackfb #jasasadapwhatsapp #zonauang #sadapWA #ProvaDoLer #Oscars #TREASURE #dunknatachai   #hackig #hackakun #pixelart #sstvi #KARINA_UP","1846846962349625375","","","en","","0","0","1","https://x.com/dinoosiee/status/1846846962349625375","1475457297576960003","dinoosiee"
"1846789239968878973","2024-10-17T05:44:01.000Z","1","OPEN JASA HACK

&gt;&gt;&gt; SADAP (WHATSAPP)

&gt;&gt;&gt;&gt; HACK ( INSTAGRAM, FACEBOOK, TWITTER, GMAIL)

&gt;&gt;&gt;&gt;&gt;&gt;

Trending
😇
#jasahackig #jasasadapwa #jasahackfb #jasasadapwhatsapp #zonauang #sadapWA #ProvaDoLer #Oscars #TREASURE #dunknatachai #BINI #hackig #deprem #Maynata #hackakun #Gaza #AIart","1846789239968878973","","","en","","0","0","1","https://x.com/dinoosiee/status/1846789239968878973","1475457297576960003","dinoosiee"
"1846585202384273641","2024-10-16T16:13:14.000Z","1","wts jasa bobol artikel jurnal SAGE #zonauang","1846585202384273641","","","in","","0","5","1","https://x.com/aglioogioo/status/1846585202384273641","1494977158263242754","aglioogioo"
"1846493445613056118","2024-10-16T10:08:38.000Z","1","OPEN JASA HACK

&gt;&gt;&gt; SADAP (WHATSAPP)

&gt;&gt;&gt;&gt; HACK ( INSTAGRAM, FACEBOOK, TWITTER, GMAIL)

&gt;&gt;&gt;&gt;&gt;&gt;

Trending
😇
#jasahackig #jasasadapwa #jasahackfb #jasasadapwhatsapp #zonauang #sadapWA #ProvaDoLer #Oscars #TREASURE #dunknatachai #MissCosmo  #hackig #hackakun #DAY6 #FreetheCitizens","1846493445613056118","","","en","","0","1","1","https://x.com/dinoosiee/status/1846493445613056118","1475457297576960003","dinoosiee"
"1846131316867424490","2024-10-15T10:09:40.000Z","2","OPEN JASA HACK

&gt;&gt;&gt; SADAP (WHATSAPP)

&gt;&gt;&gt;&gt; HACK ( INSTAGRAM, FACEBOOK, TWITTER, GMAIL)

&gt;&gt;&gt;&gt;&gt;&gt;

Trending
😇
#jasahackig #jasasadapwa #jasahackfb #jasasadapwhatsapp #zonauang #sadapWA #ProvaDoLer #Oscars #TREASURE #dunknatachai   #hackig #hackakun #pixelart #sstvi #KARINA_UP","1846131316867424490","","","en","","0","0","1","https://x.com/dinoosiee/status/1846131316867424490","1475457297576960003","dinoosiee"
"1846069189439901747","2024-10-15T06:02:47.000Z","3","kenapa jasa hack ig ni mahal sekali... gue jadi mikir mikir 😭","1846069189439901747","","","in","","0","2","0","https://x.com/kleponbandung/status/1846069189439901747","1801520112920629248","kleponbandung"
"1845272758630089209","2024-10-13T01:18:03.000Z","1","-cah info jasa hack akun dong makasi, eh tp iso beneran ta","1845272758630089209","","","in","","0","5","0","https://x.com/KediriFess/status/1845272758630089209","1217996995370967040","KediriFess"
"1845124301545975885","2024-10-12T15:28:08.000Z","1","algum hacker online pra hackear o celular dessa moça e mudar o nome do meu contato pfv","1845124301545975885","","","pt","","0","1","0","https://x.com/elli___/status/1845124301545975885","1427304881409437701","elli___"
"1844559317590311266","2024-10-11T02:03:06.000Z","1","OPEN JASA HACK

&gt;&gt;&gt; SADAP (WHATSAPP)

&gt;&gt;&gt;&gt; HACK ( INSTAGRAM, FACEBOOK, TWITTER, GMAIL)

&gt;&gt;&gt;&gt;&gt;&gt;

Trending
😇
#jasahackig #jasasadapwa #jasahackfb #jasasadapwhatsapp #zonauang #sadapWA #KimJiWon #Arlecchino  #AIart #JumatBerkah #ZAAR #hackig #hackakun  #Bitcoin #TimnasDay","1844559317590311266","","","en","","0","1","1","https://x.com/dinoosiee/status/1844559317590311266","1475457297576960003","dinoosiee"
"1844533672327963072","2024-10-11T00:21:11.000Z","1","OPEN JASA HACK

&gt;&gt;&gt; SADAP (WHATSAPP)

&gt;&gt;&gt;&gt; HACK ( INSTAGRAM, FACEBOOK, TWITTER, GMAIL)

&gt;&gt;&gt;&gt;&gt;&gt;

Trending
😇
#jasahackig #jasasadapwa #jasahackfb #jasasadapwhatsapp #zonauang #sadapWA #ProvaDoLer #Oscars #TREASURE #dunknatachai   #hackig #hackakun #pixelart #sstvi #KARINA_UP","1844533672327963072","","","en","","0","1","1","https://x.com/dinoosiee/status/1844533672327963072","1475457297576960003","dinoosiee"
"1844533496129388760","2024-10-11T00:20:29.000Z","1","OPEN JASA HACK

&gt;&gt;&gt; SADAP (WHATSAPP)

&gt;&gt;&gt;&gt; HACK ( INSTAGRAM, FACEBOOK, TWITTER, GMAIL)

&gt;&gt;&gt;&gt;&gt;&gt;

Trending
😇
#jasahackig #jasasadapwa #jasahackfb #jasasadapwhatsapp #zonauang #sadapWA #ProvaDoLer #Oscars #TREASURE #dunknatachai #MissCosmo  #hackig #hackakun #DAY6 #FreetheCitizens","1844533496129388760","","","en","","0","0","1","https://x.com/dinoosiee/status/1844533496129388760","1475457297576960003","dinoosiee"
"1844201574257787201","2024-10-10T02:21:33.000Z","1","OPEN JASA HACK

&gt;&gt;&gt; SADAP (WHATSAPP)

&gt;&gt;&gt;&gt; HACK ( INSTAGRAM, FACEBOOK, TWITTER, GMAIL)

&gt;&gt;&gt;&gt;&gt;&gt;

Trending
😇
#jasahackig #jasasadapwa #jasahackfb #jasasadapwhatsapp #zonauang #sadapWA #ProvaDoLer #Oscars #TREASURE #dunknatachai   #hackig #hackakun #pixelart #sstvi #KARINA_UP","1844201574257787201","","","en","","0","0","1","https://x.com/dinoosiee/status/1844201574257787201","1475457297576960003","dinoosiee"
"1843901937965736188","2024-10-09T06:30:54.000Z","1","ada jasa hack acc ga si? #zonauang","1843901937965736188","","","in","","0","2","0","https://x.com/quixootic_/status/1843901937965736188","883293240396357634","quixootic_"
"1843611552844501286","2024-10-08T11:17:01.000Z","2","Ada jasa hack akun ig gasi #zonauang","1843611552844501286","","","in","","0","10","0","https://x.com/MABA2022/status/1843611552844501286","1374346702581334024","MABA2022"
"1843569313837658600","2024-10-08T08:29:10.000Z","1","OPEN JASA HACK

&gt;&gt;&gt; SADAP (WHATSAPP)

&gt;&gt;&gt;&gt; HACK ( INSTAGRAM, FACEBOOK, TWITTER, GMAIL)

&gt;&gt;&gt;&gt;&gt;&gt;

Trending
😇
#jasahackig #jasasadapwa #jasahackfb #jasasadapwhatsapp #zonauang #sadapWA #ProvaDoLer  #Arlecchino #DAY6 #AIart #JumatBerkah #mixxiw #hackig #hackakun #Beckysangels","1843569313837658600","","","en","","0","0","1","https://x.com/dinoosiee/status/1843569313837658600","1475457297576960003","dinoosiee"
"1843168577739964767","2024-10-07T05:56:48.000Z","1","OPEN JASA HACK

&gt;&gt;&gt; SADAP (WHATSAPP)

&gt;&gt;&gt;&gt; HACK ( INSTAGRAM, FACEBOOK, TWITTER, GMAIL)

&gt;&gt;&gt;&gt;&gt;&gt;

Trending
😇
#jasahackig #jasasadapwa #jasahackfb #jasasadapwhatsapp #zonauang #sadapWA #ProvaDoLer #Oscars #TREASURE #dunknatachai #MissCosmo  #hackig #hackakun #DAY6 #FreetheCitizens","1843168577739964767","","","en","","0","0","1","https://x.com/dinoosiee/status/1843168577739964767","1475457297576960003","dinoosiee"
"1842990603644318135","2024-10-06T18:09:35.000Z","1","jasa hack ig #zonabu #zonauang","1842990603644318135","","","sv","","1","5","0","https://x.com/cleveist/status/1842990603644318135","1639026593606795264","cleveist"
"1842811003819741646","2024-10-06T06:15:55.000Z","1","OPEN JASA HACK

&gt;&gt;&gt; SADAP (WHATSAPP)

&gt;&gt;&gt;&gt; HACK ( INSTAGRAM, FACEBOOK, TWITTER, GMAIL)

&gt;&gt;&gt;&gt;&gt;&gt;

Trending
😇
#jasahackig #jasasadapwa #jasahackfb #jasasadapwhatsapp #zonauang #sadapWA #ProvaDoLer #Oscars #TREASURE #dunknatachai #MissCosmo  #hackig #hackakun #DAY6 #FreetheCitizens","1842811003819741646","","","en","","0","0","1","https://x.com/dinoosiee/status/1842811003819741646","1475457297576960003","dinoosiee"
"1842751327908364549","2024-10-06T02:18:47.000Z","1","OPEN JASA HACK

&gt;&gt;&gt; SADAP (WHATSAPP)

&gt;&gt;&gt;&gt; HACK ( INSTAGRAM, FACEBOOK, TWITTER, GMAIL)

&gt;&gt;&gt;&gt;&gt;&gt;

Trending
😇
#jasahackig #jasasadapwa #jasahackfb #jasasadapwhatsapp #zonauang #sadapWA #ProvaDoLer  #Arlecchino #DAY6 #AIart #JumatBerkah #mixxiw #hackig #hackakun #Beckysangels","1842751327908364549","","","en","","0","0","1","https://x.com/dinoosiee/status/1842751327908364549","1475457297576960003","dinoosiee"
"1842367185681076717","2024-10-05T00:52:21.000Z","2","OPEN JASA HACK

&gt;&gt;&gt; SADAP (WHATSAPP)

&gt;&gt;&gt;&gt; HACK ( INSTAGRAM, FACEBOOK, TWITTER, GMAIL)

&gt;&gt;&gt;&gt;&gt;&gt;

Trending
😇
#jasahackig #jasasadapwa #jasahackfb #jasasadapwhatsapp #zonauang #sadapWA #ProvaDoLer  #Arlecchino #DAY6 #AIart #JumatBerkah #mixxiw #hackig #hackakun #Beckysangels","1842367185681076717","","","en","","0","0","1","https://x.com/dinoosiee/status/1842367185681076717","1475457297576960003","dinoosiee"
"1842100674756280457","2024-10-04T07:13:20.000Z","1","OPEN JASA HACK

&gt;&gt;&gt; SADAP (WHATSAPP)

&gt;&gt;&gt;&gt; HACK ( INSTAGRAM, FACEBOOK, TWITTER, GMAIL)

&gt;&gt;&gt;&gt;&gt;&gt;

Trending
😇
#jasahackig #jasasadapwa #jasahackfb #jasasadapwhatsapp #zonauang #sadapWA #ProvaDoLer  #Arlecchino #DAY6 #AIart #JumatBerkah #mixxiw #hackig #hackakun #Beckysangels","1842100674756280457","","","en","","0","0","1","https://x.com/dinoosiee/status/1842100674756280457","1475457297576960003","dinoosiee"
"1838351373928132673","2024-09-23T23:03:44.000Z","3","@netcapgirl it’ll feature just Clooney and he’ll hire a Russian hacker online to get it done https://t.co/VKrAszrUux","1838353584397619667","https://pbs.twimg.com/media/GYMk13JXYAAjgqv.jpg","netcapgirl","en","","0","0","0","https://x.com/heshie/status/1838353584397619667","779020665093492737","heshie"
"1836825281820250548","2024-09-19T17:50:48.000Z","1","/. Kira2 ada jasa hack ig ga ya? Butuh..
#zonabu #zonaba #zonacuan #zonajajan #zonauang","1836825281820250548","","","in","","0","5","0","https://x.com/yangy_0099/status/1836825281820250548","1549799543537303553","yangy_0099"
"1835278827037298793","2024-09-15T11:25:44.000Z","1","Ready jasa hack, joki matlab, hapus akun
#zonauang","1835278827037298793","","","in","","0","0","0","https://x.com/Aisyailya/status/1835278827037298793","1708349938261020672","Aisyailya"
"1832984783363936615","2024-09-09T03:30:02.000Z","1","#wtb #zonauang #zonajajan JASA HACK BUAT AKUN TIKTOK PLSS MALU BGT alay bgt akun lama w dulu 😭😭😭😭😭","1832984783363936615","","","in","","0","6","0","https://x.com/owlpenguinone/status/1832984783363936615","1448452509966602242","owlpenguinone"
"1831743467879587879","2024-09-05T17:17:29.000Z","1","ini akun jasa hack sosmed ngeri banget org yg gue kenal dah.

dua kali like tweet gue soalnya 😭","1831743467879587879","","","in","","0","0","0","https://x.com/kanebokerink_/status/1831743467879587879","3278024004","kanebokerink_"
"1831565553116573819","2024-09-05T06:13:30.000Z","9","@jasahackmedia @kegblgnunfaedh Kek sempurna aha bang? Jasa hack jasa sadap, lebih geli lg liat dn lo noh","1831576371434529158","","jasahackinterid","in","","0","0","0","https://x.com/souffales/status/1831576371434529158","770476422485929984","souffales"
"1829961390586806722","2024-08-31T19:16:09.000Z","1","Jasa hack/lock iPhone #zonabu #zonauang","1829961390586806722","","","en","","0","5","0","https://x.com/levaant/status/1829961390586806722","4457569754","levaant"
"1827303749007896791","2024-08-24T11:15:38.000Z","2","ada yang tau jasa hack akun ig ga yaa??? #zonauang","1827303749007896791","","","in","","0","8","0","https://x.com/itzaight08/status/1827303749007896791","1177085890482491392","itzaight08"
"1827030473174138897","2024-08-23T17:09:44.000Z","1","ada jasa hack akun gasi??😭😭 #zonauang ????😭😭 plis yang bisaaaa cman buat login trus hapus 1 tweet itu 😭😭","1827030473174138897","","","in","","0","4","0","https://x.com/vichazkwkdjd/status/1827030473174138897","1468354649912901636","vichazkwkdjd"
"1826637997950849463","2024-08-23T01:27:26.000Z","4","@convomf Ada jasa hack akun gak?","1826793337208406141","","convomf","in","","0","2","0","https://x.com/akubukanilham/status/1826793337208406141","1226328135412568064","akubukanilham"
"1825776870987546733","2024-08-20T06:08:21.000Z","31","‼️ HELP RT PENIPU ‼️
Penipu jasa lacak jasa hack jasa sadap unblock imei 

Intinya kalau mengaku bisa hack akun sudah dipastikan PENIPUAN
#zonauang #zonaba #pelacak #jasalacak #lacak #hackakun #jasahack #jasasadap #penipu #scammer https://t.co/zYI3Hd6k5W","1825776870987546733","https://pbs.twimg.com/media/GVZ2YZ3bQAAargA.jpg","","in","","1","8","14","https://x.com/J1hoonp/status/1825776870987546733","1515803216289886209","J1hoonp"
"1824795861882491167","2024-08-17T13:10:11.000Z","1","mau jasa hack ig yg trusted dong, soalnya nomer nya hangus jadi gabisa login #zonauang","1824795861882491167","","","in","","1","9","0","https://x.com/kithdayz/status/1824795861882491167","1615669128433668099","kithdayz"
"1824403619476549983","2024-08-16T11:11:33.000Z","2","Algum hacker online pra divulgar a porcentagem de erro de cada questão da prova da OAB?","1824403619476549983","","","pt","","0","0","0","https://x.com/amrampinelli/status/1824403619476549983","827672061611016193","amrampinelli"
"1823411950971498913","2024-08-13T17:31:01.000Z","0","ada jasa hack ig gaksih? pgn tau sm postingannya #zonauang","1823411950971498913","","","in","","0","7","0","https://x.com/haechancasa/status/1823411950971498913","1174954093552402432","haechancasa"
"1823153718357090615","2024-08-13T00:24:53.000Z","1","Jasa hack fb dong guys, atau minimal tau locationnya gt dmn","1823153718357090615","","","in","","0","0","0","https://x.com/melfebr/status/1823153718357090615","203816116","melfebr"
"1822422469074182352","2024-08-10T23:59:10.000Z","2","OPEN JASA HACK

&gt;&gt;&gt; SADAP (WHATSAPP)

&gt;&gt;&gt;&gt; HACK ( INSTAGRAM, FACEBOOK, TWITTER, GMAIL)

&gt;&gt;&gt;&gt;&gt;&gt;

Trending
😇
#jasahackig #jasasadapwa #jasahackfb #jasasadapwhatsapp #zonauang #sadapWA #ProvaDoLer #Oscars #Arlecchino #Emile #BBNaija #PARIS2024    #SB19 #GoldStandard #MilkLove","1822422469074182352","","","en","","0","0","1","https://x.com/dinoosiee/status/1822422469074182352","1475457297576960003","dinoosiee"
"1821898531197829429","2024-08-09T13:17:13.000Z","0","Need jasa hack ig, yang fastrep terpercaya yaa #ZonaBA #zonajajan #zonaBU #zonauang","1821898531197829429","","","in","","0","4","0","https://x.com/KarungKentanghi/status/1821898531197829429","1540705732668010496","KarungKentanghi"
"1821215939586879811","2024-08-07T16:11:03.000Z","1","@yochiimeng Need jasa hack jadinya wkwkwk udah mah record dari taun baheula, setengah doang lagi 😭😭","1821217501193367885","","yochiimeng","in","","0","1","0","https://x.com/skiesllaaaaaa/status/1821217501193367885","1251131062396129280","skiesllaaaaaa"
"1813848877281472888","2024-07-18T08:10:46.000Z","55495","Rule of thumb:

- jgn percaya jasa hack
- jgn percaya jasa delete akun
- jgn percaya cara dpt uang cepet/gampang
- jgn pernah trx transfer langsung ke rek. foto KTP bkn jaminan. selalu gunakan rekber
- jgn pernah transfer duit ke org yg cuma kenal online walau kalian udh ""jadian""","1813848877281472888","","","in","","553","323","15125","https://x.com/intinyadeh/status/1813848877281472888","1525880650829467648","intinyadeh"
"1812785937736487163","2024-07-16T15:29:46.000Z","3","@dimstrds @sinuosity_ @cingreborn what kind of mindset is this?😭 namanya jasa hack, ku kira cerdas. akunnya centang biru pula. geli bgt sama tulisannya. kalo kita diperlakukan ga adil, ga penting buat viralin krna bkn selebgram gt? idih normalisasi yg punya uang yg berkuasa kah?","1813234578284482770","","","in","","0","0","0","https://x.com/rimaajuniar/status/1813234578284482770","1470313327607701505","rimaajuniar"
"1809196049837502801","2024-07-16T03:22:01.000Z","0","@xonbin Namanya juga anak kecil pasti banyak wishlistnya. ;) Coba kamu hack aja? Pakai jasa hack gitu?","1813051432909873243","","junkyyu","in","","0","1","0","https://x.com/Wosnyeong/status/1813051432909873243","986477090596732928","Wosnyeong"
"1812517424908075487","2024-07-14T16:00:03.000Z","1","guys ada yg punya info jasa hack ig yg trusted kah? info ya pls yg trusteeed","1812517424908075487","","","in","","0","5","0","https://x.com/debukantor/status/1812517424908075487","1286487385224515584","debukantor"
"1811909515937562759","2024-07-13T02:02:57.000Z","1","@jek___ wtb jasa hack ig, hapus ig permanen
#zonauang
#wtb","1811944374122758341","","jek___","sv","","0","4","0","https://x.com/nico_inoo/status/1811944374122758341","1344520800959795201","nico_inoo"
"1811781197238010255","2024-07-12T15:14:33.000Z","1","Info jasa hack akun ig dong, akun fan acc gua udah lama gabisa login #zonauang","1811781197238010255","","","in","","1","7","0","https://x.com/sanshiber117/status/1811781197238010255","1141723762431127554","sanshiber117"
"1806581982622601249","2024-06-28T06:54:43.000Z","1","Ada jasa hack akun instagram? Boleh sekalian spill harga ya","1806581982622601249","","","in","","0","9","0","https://x.com/galatianism/status/1806581982622601249","1374684950717292552","galatianism"
"1806540407167218162","2024-06-28T04:09:31.000Z","2","""Guys tolong bantuin temenku kena tipu..""
Netizen: wah apa ni
""Jadi temenku sewa jasa hack....""
Netizen: https://t.co/lC98PQNPHT","1806540407167218162","https://pbs.twimg.com/tweet_video_thumb/GRIe6libEAAuuz9.jpg","","in","","0","0","0","https://x.com/DiajengLrst/status/1806540407167218162","43035169","DiajengLrst"
"1806281094599467370","2024-06-27T10:59:06.000Z","0","jasa hack/login akun twt sendiri yg lupa pw, drop fee pls #zonauang","1806281094599467370","","","in","","0","6","0","https://x.com/maucewon/status/1806281094599467370","1294970597349318657","maucewon"
"1805980880575582641","2024-06-26T15:06:10.000Z","1","jasa hack akun ig murah #zonauang #zonajajan","1805980880575582641","","","in","","0","11","0","https://x.com/hadeuhhzzzz/status/1805980880575582641","1342377910011719682","hadeuhhzzzz"
"1805492590793662542","2024-06-25T06:45:52.000Z","0","Guys kalo ada yg transaksi ke qris berikut hati2 ya dia nipu. Kadang jualin akun ML, jasa hack/apus akun, dll. Biasanya dia likes twt kalian dan abis itu ngeDM. Akun awal @Farrstoree 

Gara2 x udh ga bisa cek likes jd gue gatau siapa aja korban lain dia duh #zonauang https://t.co/Lm5GkrQH4e","1805492590793662542","https://pbs.twimg.com/media/GQ5l68dbwAAb-fy.png","","in","","0","4","5","https://x.com/young_krush/status/1805492590793662542","1375482464987049986","young_krush"
"1805285405266227368","2024-06-24T17:02:35.000Z","20","Algum hacker online pra derrubar a rede celular do Tencati?","1805285405266227368","","","pt","","0","1","3","https://x.com/vamostigree/status/1805285405266227368","1535440008164917248","vamostigree"
"1805128021269008769","2024-06-24T06:37:12.000Z","0","Cari jasa hack akun Twitter kosongan yang nggak dipake lagi. #zonauang #zonajajan","1805128021269008769","","","in","","2","5","0","https://x.com/tuthorial/status/1805128021269008769","74841754","tuthorial"
"1804719145835258053","2024-06-23T03:32:29.000Z","1","ada jasa hack ig?
#zonauang #zonajajan","1804719145835258053","","","es","","0","6","0","https://x.com/___picheolin/status/1804719145835258053","1328535097151090693","___picheolin"
"1804548548199068119","2024-06-22T16:18:05.000Z","0","@HeeseungWork Ada rekomendasi jasa hack yang terpercaya? ^^","1804549430978519544","","namrabinar","in","","0","2","0","https://x.com/EscaperYEJI/status/1804549430978519544","1703645707155148800","EscaperYEJI"
"1804151240659734930","2024-06-21T13:55:49.000Z","0","ada jasa hack akun orang ga sih :) #zonauang #zonabu","1804151240659734930","","","in","","0","2","0","https://x.com/sweetiest97/status/1804151240659734930","1346869448485924865","sweetiest97"
"1803971442964664791","2024-06-21T02:01:22.000Z","1","jasa hack ig ada ga? #zonauang","1803971442964664791","","","es","","0","4","0","https://x.com/suoeur/status/1803971442964664791","715207922154737664","suoeur"
"1803366627175752124","2024-06-19T10:20:39.000Z","2","@mherlyn407 @yukimocilucky Sure. Kalo dia berani doxing gue. Mau itu orang tutup acc pun tetap bakal ketahuan kok dia siapa. Like he said dia bisa dapat semua data data gue kan, entah itu dia pake jasa hack dll. Tapi dia lupa divisi cyber di polri juga bisa lakuin itu. Apa lagi ada bukti2 kuatnya.","1803372314165379125","","oseng0407","in","","0","1","0","https://x.com/breezzeblue/status/1803372314165379125","1187515344753029120","breezzeblue"
"1803301103221817576","2024-06-19T05:37:41.000Z","1","ada yg tau ga jasa hack ig","1803301103221817576","","","in","","0","2","0","https://x.com/gudboyzx/status/1803301103221817576","1115568141944283136","gudboyzx"
"1803135624314323257","2024-06-18T18:40:08.000Z","0","jasa hack tiktok #zonauang","1803135624314323257","","","sv","","0","7","0","https://x.com/hiddenngemss/status/1803135624314323257","1696531091619004418","hiddenngemss"
"1802492425145082167","2024-06-17T00:04:17.000Z","3","Info jasa hack akun ig #wtb","1802492425145082167","","","in","","0","8","0","https://x.com/NZarel/status/1802492425145082167","1389375375159926785","NZarel"
"1802340821569618215","2024-06-16T14:01:52.000Z","0","Ada jasa hack akun tiktok ga yaa?atau hilangin akunnya #zonauang #Zonajajan","1802340821569618215","","","in","","0","6","0","https://x.com/BrownSuga993/status/1802340821569618215","1574685648560148480","BrownSuga993"
"1801825140076069196","2024-06-15T20:05:10.000Z","1","@renjunieeluvv Ada yang buka jasa hack ig?","1802069863105699951","","renjunieeluvv","in","","0","4","0","https://x.com/cipacapii/status/1802069863105699951","1132825981444452353","cipacapii"
"1801553917316370512","2024-06-14T09:54:59.000Z","0","Ada yang punya jasa hack IG?","1801553917316370512","","","in","","0","5","0","https://x.com/gulalikuh/status/1801553917316370512","294977665","gulalikuh"
"1801492664262553778","2024-06-14T05:51:35.000Z","0","Need jasa hack back akun IG yg nyangkut di a2f #ZonaBA #zonauang #Zonajajan","1801492664262553778","","","in","","0","2","0","https://x.com/lookwhtumademd/status/1801492664262553778","1794315777551761408","lookwhtumademd"
"1799948400596775364","2024-06-09T23:35:14.000Z","1","wtb jasa hack akun ig, lupa pw n gmail udh ga aktif

#zonauang","1799948400596775364","","","in","","1","5","1","https://x.com/streetg0fiee/status/1799948400596775364","1771511780315201536","streetg0fiee"
"1799597082074054856","2024-06-09T07:29:44.000Z","32","@DUzetten @rad_dude124 ""FOUND HACKER ONLINE"" sounds and looks a lot like a old youtube video","1799705421394948249","","","en","","0","0","0","https://x.com/Memeboi473/status/1799705421394948249","1631507908495065089","Memeboi473"
"1799650080066302386","2024-06-09T03:49:49.000Z","0","Ada jasa hack akun tiktok gak? Mau dong #zonauang","1799650080066302386","","","in","","0","4","0","https://x.com/krawwwtiez/status/1799650080066302386","1737143827939655680","krawwwtiez"
"1799633923967967705","2024-06-09T02:45:37.000Z","2","hii mau nanya dong, akun fb kalau di hack bisa di balikin lg ga ya? kalau bisa ada yg buka jasa hack akun nya ga? :] #zonauang","1799633923967967705","","","in","","0","12","0","https://x.com/muzzyspuffy/status/1799633923967967705","1498271693793488898","muzzyspuffy"
"1799043563462033777","2024-06-07T11:39:44.000Z","1","OPEN JASA HACK

&gt;&gt;&gt; SADAP (WHATSAPP)

&gt;&gt;&gt;&gt; HACK ( INSTAGRAM, FACEBOOK, TWITTER, GMAIL)

&gt;&gt;&gt;&gt;&gt;&gt;

Trending
😇
#jasahackig #jasasadapwa #jasahackfb #jasasadapwhatsapp #zonauang #sadapWA #ProvaDoLer #Oscars #Arlecchino #Emile #fcklive #PrimeroDios #NEDFIN #400Paar","1799043563462033777","","","en","","0","1","1","https://x.com/dinoosiee/status/1799043563462033777","1475457297576960003","dinoosiee"
"1798989845685268811","2024-06-07T08:06:17.000Z","3","SAYA KASIH TAHU JASA HACK DAN SADAP DI X TWITTER INI SEMUANYA PENIPU 🙏 SILAHKAN KALAU TIDAK PERCAYA YANG PENTING OM SUDAH BER WARNINGG","1798989845685268811","","","in","","0","0","0","https://x.com/omharicek/status/1798989845685268811","1343753594","omharicek"
"1798607405389140440","2024-06-06T06:50:21.000Z","2","@seoIeeive jasa hack tolong km diem yh, atau akun mu yang sy hackkkkk😭😭😭","1798608350114103367","","seoieeive","in","","0","1","0","https://x.com/typagirlls/status/1798608350114103367","1017801143919915008","typagirlls"
"1798239357679366343","2024-06-05T06:24:07.000Z","0","jasa hack gform buat lihat jawaban #zonauang #zonajajan #zonaba","1798239357679366343","","","in","","0","5","0","https://x.com/ssuckdonald/status/1798239357679366343","1584072008262111232","ssuckdonald"
"1797815886839271647","2024-06-04T02:21:23.000Z","5","TWITTER PLEASE DO YOUR MAGIC 

Jasa hack akun yg berujung ngancem karna gajadi pake jasa dia @.ksieiuejw 08988298707

Plss hati-hati kalau ada yang mau pakai jasa dari akun manapun🙏🏻

A thread
#zonauang #zonajajan https://t.co/cZEtUySCdJ","1797815886839271647","https://pbs.twimg.com/media/GPMgBOubIAECaHC.jpg","","in","","3","5","20","https://x.com/bubikookiee/status/1797815886839271647","1066566955748872193","bubikookiee"
"1794885812141920606","2024-05-27T01:48:38.000Z","15","@tanyarlfes ada yg buka jasa hack ig?","1794908539523305545","","tanyarlfes","in","","0","6","0","https://x.com/squirtwardbae/status/1794908539523305545","1133054092928937985","squirtwardbae"
"1794399119634825642","2024-05-25T16:04:23.000Z","0","ada yang punya jasa hack akun tiktok lama yang amanah gaa?? :((","1794399119634825642","","","in","","0","6","0","https://x.com/oiohyul/status/1794399119634825642","1725126865713811456","oiohyul"
"1793645289599082956","2024-05-23T14:48:07.000Z","0","@eeeeyyyaaaaa wtb jasa hack Instagram 😭😭😭😭😭😭😭","1793655154027458612","","eeeeyyyaaaaa","es","","1","3","0","https://x.com/peonydolite/status/1793655154027458612","1446501230952411141","peonydolite"
"1793423358056656936","2024-05-23T04:17:43.000Z","23","@tanyakanrl oot ada yang tau jasa hack / sadap wa ga, tq","1793496505107837434","","tanyakanrl","in","","0","7","0","https://x.com/Imasimp53378908/status/1793496505107837434","1350400134996058115","Imasimp53378908"
"1792679819819511886","2024-05-20T22:12:30.000Z","0","jasa hack akun instagram #zonauang","1792679819819511886","","","in","","0","7","0","https://x.com/USHOPalluneed_/status/1792679819819511886","1680876254390800385","USHOPalluneed_"
"1792520122563002379","2024-05-20T12:46:49.000Z","0","@yjunxchoi need jasa hack #zonauang #zonabu","1792537460871925882","","tyunxkang","en","","0","6","0","https://x.com/tinnityunie/status/1792537460871925882","1624277394805899265","tinnityunie"
"1792399722071929297","2024-05-20T03:39:29.000Z","1","Info jasa hack instagram","1792399722071929297","","","es","","0","7","0","https://x.com/pureslytherine_/status/1792399722071929297","1745627036268515329","pureslytherine_"
"1792228735414112626","2024-05-19T16:20:03.000Z","0","Ada yang tau jasa hack akun yang udah gak tau apa pass nya?? #zonauang","1792228735414112626","","","in","","0","7","0","https://x.com/treasureccake/status/1792228735414112626","1467331544603787265","treasureccake"
"1792218567200673832","2024-05-19T15:39:38.000Z","0","ada ga si jasa hack ig? mau ngecek siapa yang dulu ngatain gua pake akun fake, udah lama sih kejadiannya, cuman tu akun pas gua scroll dm masih sering gonta ganti username, dan pas gua chat di bacaa, berarti kan masi aktif trs gua makin kepo tp gabisa apa apa monyet","1792218567200673832","","","in","","0","6","0","https://x.com/eskrimwallss/status/1792218567200673832","945199285779361792","eskrimwallss"
"1789861225175580972","2024-05-13T03:32:24.000Z","0","jasa hack akun ig kira2 berapa ya??? 
#zonauangᅠᅠ #zonauang️ #zonajajan","1789861225175580972","","","in","","0","9","0","https://x.com/llaaluvv/status/1789861225175580972","1251318729004118016","llaaluvv"
"1789675821910933635","2024-05-12T15:15:41.000Z","0","ada yang buka jasa hack ig ga yaa????😭😭😭😭 perlu bgttt help (buat hack akun sndiri kok)","1789675821910933635","","","in","","0","9","0","https://x.com/hyucknado/status/1789675821910933635","1314448061288988672","hyucknado"
"1788756601798906189","2024-05-10T02:23:02.000Z","2","Jasa hack back ig ada yg butuh kah?","1788756601798906189","","","in","","0","4","0","https://x.com/SINYALREPAIR/status/1788756601798906189","426661228","SINYALREPAIR"
"1788518093263966249","2024-05-09T10:35:17.000Z","5","Jasa hack akun dana ada ga?
#zonauang","1788518093263966249","","","in","","0","14","0","https://x.com/stargzie/status/1788518093263966249","1418128837406126082","stargzie"
"1788424082444415395","2024-05-09T04:21:43.000Z","3","info jasa hack ig + fee #zonauang #zonajajan","1788424082444415395","","","tl","","0","10","0","https://x.com/baekrocket/status/1788424082444415395","1348550648929738755","baekrocket"
"1787487263733264544","2024-05-06T14:19:08.000Z","1","ada ga si jasa hack IG wkwk cc @densff_ 🤣","1787487263733264544","","","in","","0","7","0","https://x.com/BlueGabumon/status/1787487263733264544","254942715","BlueGabumon"
"1786827551479832738","2024-05-04T20:13:26.000Z","7","@hyooktrades West CT: 
here is Zack’s thread revealing how 60mm where stolen so we all can condemn hacker online for 12 hours and forget about it

Chinese CT: 
- hires hitman without elaborating
- sends to prison for bragging and sybilling few extra shekels","1786851653557092826","","hyooktrades","en","","0","0","0","https://x.com/0x_essence/status/1786851653557092826","837024697992761346","0x_essence"
"1785544919500849201","2024-05-01T05:40:57.000Z","0","tanyarl gais, jasa bobol akun biasanya bongkar identitas akun dan isi2nya apa gimana? makasih yg udah kasih tauu","1785544919500849201","","","in","","0","1","0","https://x.com/tanyarlfes/status/1785544919500849201","1371650588","tanyarlfes"
"1785397213063217573","2024-04-30T19:54:01.000Z","0","URGENT PLS BUTUH BGT JASA HACK/HAPUS AKUN TIKTOK😭😭😭 #zonauang","1785397213063217573","","","in","","0","15","0","https://x.com/jeoonngggg/status/1785397213063217573","1198955932656361472","jeoonngggg"
"1785236065449857340","2024-04-30T12:40:09.000Z","2","@tanyakanrl Tapi aku takutnya dia orang yg ga seneng sm keluarga km trs pake nomor fake gt loo. Itu kyknya maaf (amit”) dia mau nyantet keluarga km ga si??!!!😭😭 stay safe nder, laporin aja dlu ke polisi atau kamu bisa bayar hacker. Setauku di X ada jualan jasa hack gituu nder😥😥","1785288029218951546","","tanyakanrl","in","","0","0","0","https://x.com/rosescenic/status/1785288029218951546","1323260512969220098","rosescenic"
"1784980663437066463","2024-04-29T16:18:48.000Z","1","jasa hack ig jerome","1784980663437066463","","","es","","0","1","0","https://x.com/kaktuskiyoot/status/1784980663437066463","1725526862355636224","kaktuskiyoot"
"1784613745278546172","2024-04-28T16:23:41.000Z","0","@jellyblastt hack akun dia cpt jasa hack akun","1784619506238988598","","","in","","0","1","0","https://x.com/jencoforlyf/status/1784619506238988598","1749421559918583808","jencoforlyf"
"1784242143512707287","2024-04-27T15:24:11.000Z","0","btw si akun jasa hack kenapa gak bales dm ku lagi yaa💔💔","1784242143512707287","","","in","","0","4","0","https://x.com/inipacarjeno/status/1784242143512707287","1357856984477798400","inipacarjeno"
"1784228963537068280","2024-04-27T14:31:48.000Z","2","algum hacker online pra deletar esse post","1784228963537068280","","","pt","","0","1","0","https://x.com/gabriellarrc/status/1784228963537068280","64775102","gabriellarrc"
"1784158358351626593","2024-04-27T09:51:15.000Z","2","aaaaaaaa gue butuh jasa hack akun ff biar alin gabisa main ff lagi","1784158358351626593","","","in","","0","1","0","https://x.com/hamchimiwa/status/1784158358351626593","1613711999569113089","hamchimiwa"
"1784005892477944319","2024-04-26T23:45:24.000Z","0","ada jasa hack atau jasa hapus akun ga yah? #zonaabu #zonajajan #zonauang","1784005892477944319","","","in","","0","19","0","https://x.com/jaywonlifeline/status/1784005892477944319","1332998515820093440","jaywonlifeline"
"1783443851908456476","2024-04-25T17:56:39.000Z","2","@bloodymarrcy MEMANGGIL SELURUH JASA HACK X,GUA BAYAR BERAPA PUN ASAL AKUN GEMBOK SI VANDER BISA TBTB BUKA GEMBOKNYA,ALIAS BISA G SI LU PUJI ARSEN DI DEPAN ORANGNYA, CUPU AMAT LU GUA LIAT LIAT DER @revndrick","1783555738620817458","","bloodymarrcy","in","","0","1","0","https://x.com/ilymahaemwah/status/1783555738620817458","1647609075939831814","ilymahaemwah"
"1783546585236009069","2024-04-25T17:20:17.000Z","1","HATI-HATI JASA HACK PENIPU !!!!
#zonauang️ #jasahack https://t.co/01ITiOCCRs","1783546585236009069","https://pbs.twimg.com/media/GMBuKWSacAERuyJ.jpg","","in","","0","0","2","https://x.com/Toko_Alat_Bantu/status/1783546585236009069","1744607128021782528","Toko_Alat_Bantu"
"1783344905408184353","2024-04-25T03:58:53.000Z","0","Ada yg tau jasa hack second account ig gak sih? Lmk plssssss","1783344905408184353","","","in","","0","9","0","https://x.com/mango__soup/status/1783344905408184353","119644514","mango__soup"
"1782079519945531791","2024-04-21T16:10:41.000Z","1","Need jasa hack yang profesional, yang udah gencar untuk nge hack. kira kira ada ga ya? drop di bawah ya, tolong yang trusted🙏🏻🙏🏻 #zonauang #zonajajan #zonauang️","1782079519945531791","","","in","","0","9","0","https://x.com/apocalypseuw/status/1782079519945531791","1493971110572208128","apocalypseuw"
"1781894301590642993","2024-04-21T03:54:42.000Z","0","wtb jasa hack ig bodong

#zonauangᅠ","1781894301590642993","","","in","","0","4","0","https://x.com/kthyjunie/status/1781894301590642993","1112258777669988354","kthyjunie"
"1781853687675048186","2024-04-21T01:13:19.000Z","3","algum hacker online pra hackear renaissance film??????","1781853687675048186","","","pt","","0","1","0","https://x.com/samuel_jpeg/status/1781853687675048186","1333925716359057408","samuel_jpeg"
"1781677071934054411","2024-04-20T13:31:30.000Z","34","Algum hacker online?","1781677071934054411","","","en","","0","13","0","https://x.com/yascomment/status/1781677071934054411","1092984253606957056","yascomment"
"1780951471527526683","2024-04-18T13:28:13.000Z","2","Ada gak ya jasa hack Instagram untuk inactive unknown account, supaya usernamenya bisa dipake lagi?","1780951471527526683","","","in","","0","9","0","https://x.com/perilouscandy/status/1780951471527526683","1097158339404820482","perilouscandy"
"1780867167623467153","2024-04-18T07:53:14.000Z","17","TWITTER PLEASE DO YOUR MAGIC!!!

SUAMI SAYA SELINGKUH!! DIA BELUM TAU KALAU SAYA TAU DIA SELINGKUH. DIA PUNYA NO. WA DUA. SAYA TIDAK DIBERI AKSES UNTUK LIAT WA SATU LAGINYA. TOLONG SAYA MAU SADAP WA SATUNYA SUSAH BANGET. MALAH SUDAH 2X KETIPU PAKAI JASA HACK WA ..CONT..","1780867167623467153","","","in","","2","7","6","https://x.com/tigapuluh11111/status/1780867167623467153","1499885304622497794","tigapuluh11111"
"1780859963344375848","2024-04-18T07:24:36.000Z","1","ada gasi jasa hack ig 😭","1780859963344375848","","","in","","0","5","0","https://x.com/YJH2301/status/1780859963344375848","1223598623465693185","YJH2301"
"1780785543900779007","2024-04-18T02:30:54.000Z","0","jasa hack ig","1780786050191049033","","pumpkinbus","sv","","0","6","0","https://x.com/pumpkinbus/status/1780786050191049033","1228336812403216386","pumpkinbus"
"1780431114756370630","2024-04-17T21:14:56.000Z","2","@ji29kyuromy_ @cutiepawx Ga usah pake jasa hack² di twitter 👍🏽 just remember","1780706535540408782","","","in","","0","0","0","https://x.com/piypum/status/1780706535540408782","1431566886496468993","piypum"
"1780089481309364734","2024-04-16T04:28:33.000Z","26","@lolitanevercome imagine percaya jasa hack twitter tapi ga percaya cowo sendiri????? 😭😭😭","1780090883809091932","","lolitanevercome","in","","0","1","8","https://x.com/angewwie/status/1780090883809091932","560103367","angewwie"
"1780050342409056745","2024-04-16T03:21:56.000Z","71","@tanyarlfes gapercaya sama cowo sendiri,
tapi percaya sama jasa hack yg gaada testinya 🤏🏻
gws nderr, semogaa lekas nemuin jalan keluar","1780074116068049301","","tanyarlfes","in","","0","0","0","https://x.com/_mileacyk/status/1780074116068049301","1088697099053498368","_mileacyk"
"1779694714654232623","2024-04-15T02:14:19.000Z","166","TWITTER PLEASE DO YOUR MAGIC 

Jasa hack akun atau apalah ini berujung scam(?) dan ngancem gini.

Please hati-hati kalau ada yang mau pakai jasa dari akun ini

A thread
#zonauang #zonajajan https://t.co/yCkVf5VAHb","1779694714654232623","https://pbs.twimg.com/media/GLK-6SqaMAAZVCK.jpg","","in","","7","10","122","https://x.com/jaIjinesoyomodu/status/1779694714654232623","2496102402","jaIjinesoyomodu"
"1779463282514166162","2024-04-14T10:54:42.000Z","1","infokan jasa hack akun sih anjing aku stress banget taik😭😭😭😭😭😭😭😭😭😭 https://t.co/cWAt8nWKbN","1779463282514166162","https://pbs.twimg.com/media/GLHsbLFasAAwLXt.jpg","","in","","0","6","0","https://x.com/hvnwool/status/1779463282514166162","1453298669311102987","hvnwool"
"1779100914844156025","2024-04-13T10:54:46.000Z","1","Woy ada jasa hack/ngilangin akun Facebook orang gaksi, ini akun yg ngefakerin gua meresahkan
#zonauang","1779100914844156025","","","in","","1","14","0","https://x.com/ryuhmsp/status/1779100914844156025","1568241896446922754","ryuhmsp"
"1779084138857054280","2024-04-13T09:48:07.000Z","1","Woy ada jasa hack/ngilangin akun Facebook orang gaksi, ini akun yg ngefakerin gua meresahkan","1779084138857054280","","","in","","0","4","0","https://x.com/ryuhmsp/status/1779084138857054280","1568241896446922754","ryuhmsp"
"1778375881196753176","2024-04-11T10:53:45.000Z","1","need jasa hack intagram now #zonauang","1778375881196753176","","","en","","0","6","0","https://x.com/ffeuhh/status/1778375881196753176","1248983534888316929","ffeuhh"
"1778002272372609223","2024-04-10T10:47:27.000Z","1","@tanyarlfes ada yg bisa hack wa? atau ada yg tau jasa hack wa? urgent plis","1778011910564393050","","tanyarlfes","in","","0","5","0","https://x.com/aerii_0/status/1778011910564393050","1641070748218568705","aerii_0"
"1777913905471447052","2024-04-10T07:59:22.000Z","8","@tanyarlfes yang tau jasa hack wa? urgent bgt plis","1777969607896338675","","tanyarlfes","in","","0","6","0","https://x.com/aerii_0/status/1777969607896338675","1641070748218568705","aerii_0"
"1777672618260254909","2024-04-10T07:15:07.000Z","1","@tanyarlfes ada jasa hack wa ga? plis butuh bgt","1777958474175090805","","tanyarlfes","in","","0","9","0","https://x.com/aerii_0/status/1777958474175090805","1641070748218568705","aerii_0"
"1777739075077939206","2024-04-09T16:43:18.000Z","2","Ada yang open jasa hack IG yang dibajak? Kondisinya yang bajak udah aktifin 2FA #zonauangᅠᅠ","1777739075077939206","","","in","","0","8","0","https://x.com/suaka_rawa/status/1777739075077939206","946987661322887179","suaka_rawa"
"1777655243607544308","2024-04-09T11:10:11.000Z","8","jasa hack akun gcr dosen","1777655243607544308","","","tl","","0","5","0","https://x.com/barcalomeus/status/1777655243607544308","1091505012855828480","barcalomeus"
"1777192312625635749","2024-04-08T04:30:40.000Z","1","jasa hack email kena berapa ya? #zonauang #zonaba #zonaBU #zonajajan","1777192312625635749","","","in","","0","8","0","https://x.com/wonheecutie/status/1777192312625635749","1467635922195808256","wonheecutie"
"1776821555189907743","2024-04-07T03:57:25.000Z","1","Ada jasa hack email ga si?😞 #zonauang #zonajajan","1776821555189907743","","","eu","","0","4","0","https://x.com/junniegyuu/status/1776821555189907743","1420052998730895363","junniegyuu"
"1776820831798358390","2024-04-07T03:54:32.000Z","0","jasa hack akun atau ngilangin akun berapa sih, greget bgt liat tu akun sampah","1776820831798358390","","","in","","0","7","0","https://x.com/for_yellowaeri/status/1776820831798358390","1647433261101240320","for_yellowaeri"
"1776439769364578632","2024-04-06T02:40:20.000Z","2","Ada jasa hack email ga si?😞 #zonauang","1776439769364578632","","","eu","","0","8","1","https://x.com/Jun9mok0/status/1776439769364578632","1421306614850617347","Jun9mok0"
"1776225831742005512","2024-04-05T12:36:37.000Z","1","@tanyakanrl Jangan pake jasa hack yaa, mostly nipu","1776227441192878456","","tanyakanrl","in","","0","0","0","https://x.com/gabriellaaa_ag/status/1776227441192878456","1408065528434888712","gabriellaaa_ag"
"1776225831742005512","2024-04-05T12:35:14.000Z","24","@tanyakanrl Udh ga bisa deh. Kamu jangan coba-coba pkai jasa hack atau hapus akun ya. Soalnya temen ku pernah ketipu sampai jutaan. Gatau sih sebenarnya bisa balikin akun atau ga. Terlebih emailnya terganti. 

Coba aja kamu tebak tebak pw, siapa tau ketemu🥲🥲","1776227093900411206","","tanyakanrl","in","","0","1","0","https://x.com/skinikuy/status/1776227093900411206","1569753007960764417","skinikuy"
"1775226675367956764","2024-04-02T18:19:56.000Z","1","jasa hack akun dong kalo bisa hapus akun ini @intudpr","1775226675367956764","","","in","","0","10","0","https://x.com/kuetubi/status/1775226675367956764","1331293309495492615","kuetubi"
"1774887555592343995","2024-04-01T19:52:23.000Z","2","Hacker online!
I'm live on Twitch, come hang out! https://t.co/t4rRAk6Kbp","1774887555592343995","","","en","","0","0","0","https://x.com/balticmc/status/1774887555592343995","1716882328285556736","balticmc"
"1773761340378898614","2024-03-29T17:17:13.000Z","2","ada jasa hack ig ga sih? urgent banget. #zonauang #zonaba #zonajajan","1773761340378898614","","","in","","0","11","0","https://x.com/briarnation/status/1773761340378898614","1327678457719844864","briarnation"
"1773679477693837637","2024-03-29T11:51:55.000Z","1","#zonauang info jasa hack akun fb yg ke hack dong","1773679477693837637","","","in","","0","5","0","https://x.com/kukhlap/status/1773679477693837637","4731649537","kukhlap"
"1773384100235096122","2024-03-28T16:18:12.000Z","8","nenhum hacker online","1773384100235096122","","","de","","0","0","0","https://x.com/billionairehoe6/status/1773384100235096122","1693379075157495808","billionairehoe6"
"1773360464610611387","2024-03-28T14:44:16.000Z","3","Ada jasa hack akun instagram ga sih? 😞🙏🏻","1773360464610611387","","","in","","0","13","0","https://x.com/galatianism/status/1773360464610611387","1374684950717292552","galatianism"
"1773099588049666277","2024-03-27T21:27:39.000Z","0","Selamat pagi, mau ngingetin aja hati hati sama jasa hack scammer @vvanteu #PENIPU #SCAMMER 

#zonauang","1773099588049666277","","","in","","0","1","0","https://x.com/837Parkim/status/1773099588049666277","1602667682691620865","837Parkim"
"1773030529408868491","2024-03-27T16:53:14.000Z","0","WASPADA INI KATA” PENIPU 
INI AKUN PENIPU 
JASA SADAP DAN JASA HACK AKUN
 ✨WHATSAPP 
✨ INSTAGRAM 
✨ FACEBOOK 
✨ TWITTER 
✨ EMAIL 
✨ WEBSITE 
✨ GALERI HANDPHONE 
✨ AKUN GAME 
✨ NILAI KAMPUS
PRIVATE 💯
HUB WHATSAPP: https://t.co/ZvNJPRzFYe
#zonauang #jasahack https://t.co/hGJ38DJbns","1773030529408868491","https://pbs.twimg.com/media/GJsR2zlagAE-dFt.jpg","","in","","0","0","0","https://x.com/jasahackpen/status/1773030529408868491","1660721224182530049","jasahackpen"
"1773013292484571446","2024-03-27T15:44:44.000Z","2","@vvanteu #PENIPU #SCAMMER 

Hati hati yang dengan jasa hack #ZONAUANG","1773013292484571446","","holiganbasic","in","","1","1","4","https://x.com/837Parkim/status/1773013292484571446","1602667682691620865","837Parkim"
"1772926929844543493","2024-03-27T10:01:34.000Z","1","Need jasa hack alamat orang #zonauang","1772926929844543493","","","in","","0","8","0","https://x.com/Helokamu3/status/1772926929844543493","1311490842343829504","Helokamu3"
"1772826089616027779","2024-03-27T03:20:51.000Z","0","jasa hack situs #zonauang","1772826089616027779","","","es","","0","6","0","https://x.com/837Parkim/status/1772826089616027779","1602667682691620865","837Parkim"
"1772674030656520224","2024-03-26T17:16:38.000Z","0","ada jasa hack ig ga? #zonauang","1772674030656520224","","","eu","","0","10","0","https://x.com/call0734999999/status/1772674030656520224","1201877924628094976","call0734999999"
"1772288128927109206","2024-03-25T15:43:12.000Z","0","Disini ada yg tau jasa hack ig ga ya 🥹🥹🥹","1772288128927109206","","","in","","0","0","0","https://x.com/atblueeside/status/1772288128927109206","918087417558589440","atblueeside"
"1772285925319483652","2024-03-25T15:34:26.000Z","1","Ges ada rekomendasi jasa hack ig ga ya 😭😭","1772285925319483652","","","in","","0","0","0","https://x.com/nishinnoyaa/status/1772285925319483652","1325271682890797056","nishinnoyaa"
"1772205002565816376","2024-03-25T10:12:53.000Z","0","Jasa hack akun ig ada ga? #zonauangᅠ","1772205002565816376","","","in","","0","8","0","https://x.com/yyyimmie/status/1772205002565816376","1596375948164993029","yyyimmie"
"1772177880350343679","2024-03-25T08:25:06.000Z","0","butuh jasa hack yg trusted #zonauangᅠᅠ","1772177880350343679","","","in","","0","6","0","https://x.com/fullyzulle/status/1772177880350343679","1745981230104170496","fullyzulle"
"1772104377643532683","2024-03-25T03:33:02.000Z","2","mau jasa hack website kampus drop price","1772104377643532683","","","in","","0","8","0","https://x.com/tarishaisyellow/status/1772104377643532683","1449986976199831553","tarishaisyellow"
"1772091350420492664","2024-03-25T02:41:16.000Z","0","Ada jasa hack back akun email kah? Akun email temen ku di curi krang india😭😭 #zonauang","1772091350420492664","","","in","","0","10","0","https://x.com/eisaicexasa/status/1772091350420492664","781180434587594752","eisaicexasa"
"1771947224064229561","2024-03-24T17:08:34.000Z","0","ada jasa hack ig ga ya? buat ig ku yg udah lamaaaa bgt lupa pw 😭😭😭 #zonauang
lgsg tlg dm yap kl bisaa","1771947224064229561","","","in","","0","13","0","https://x.com/morinshua/status/1771947224064229561","1533071054540705792","morinshua"
"1771882268753314101","2024-03-24T13:09:13.000Z","2","@binararu @tanyakanrl Kalo sadap gatau ya. Tp jasa hack ada sih soalnya dulu itu usaha kakakku hahaha walau udh pensiun orgnya","1771886993330626665","","binararu","in","","1","2","0","https://x.com/karakcai/status/1771886993330626665","1133234492343083008","karakcai"
"1771882268753314101","2024-03-24T13:04:08.000Z","58","@tanyakanrl nih sekedar info utk kalian polos polos kimak

jasa hack atau sjenis tu PENIPUAN GBLOG bisa dipastikan smuanya itu 100% TIPU! jadi please jangan sumbu pendek &amp; percaya gt aj.

 jangan mau kalo disuruh tf tf karena ga ada ujungnya, KECUALI KLIAN GAMPANG DPT DUIT KEK si livyRenata https://t.co/xnnB5DtetN","1771885713837240681","https://pbs.twimg.com/media/GJcAnhxaAAAwqGt.jpg","tanyakanrl","in","","0","3","5","https://x.com/FronteraFamily/status/1771885713837240681","702919197353902081","FronteraFamily"
"1771882268753314101","2024-03-24T12:59:27.000Z","5","@tanyakanrl MAU AKUN INI ATAU AKUN JASA HACK YANG LAIN, ITU GA ADA YANG REAL! 

ayo mulai normalisasi buat STOP, jangan percaya lagi sama jasa jasa bodoh dan ga masuk akal kayak gini.","1771884533346148680","","binararu","in","","0","0","0","https://x.com/binararu/status/1771884533346148680","1337709840299266048","binararu"
"1771882268753314101","2024-03-24T12:56:24.000Z","350","@tanyakanrl for your information.

jasa hack atau sadap itu GA ADA ya. bisa dipastikan semuanya itu 100% SCAM! jadi please jangan sumbu pendek dan percaya gitu aja.

 jangan mau kalo disuruh tf tf karena ga ada ujungnya, duit kalian ga balik, dan apa yang kalian mau juga ga akan dapet.","1771883767835381826","","tanyakanrl","in","","0","11","50","https://x.com/binararu/status/1771883767835381826","1337709840299266048","binararu"
"1771542146241224942","2024-03-23T14:18:55.000Z","0","need jasa hack qris donggg #WTB #zonaBU","1771542146241224942","","","en","","0","3","0","https://x.com/daebyy1/status/1771542146241224942","1651033309198303234","daebyy1"
"1771097432861880549","2024-03-22T10:22:33.000Z","3","@infoXwor_ jasa hack itu biasanya penipu
hati hati ya 🤭","1771120271887667238","","CiervoKing","in","","0","0","0","https://x.com/fanononaf/status/1771120271887667238","54485242","fanononaf"
"1771007826078663102","2024-03-22T02:55:44.000Z","0","gue cuman pengen akun gue balik PEEE INGPO JASA HACK AKUN BUAT BALIKIN AKU GUE CEPATTTT 😭😭😭 #zonauang #zonajajan #zonaba","1771007826078663102","","","in","","0","11","0","https://x.com/zhaelloo/status/1771007826078663102","1394715094236352518","zhaelloo"
"1770697588565529046","2024-03-21T06:49:05.000Z","3","@infoXwor_ - Ditipu penggandaan uang
- Ditipu tiket konser
- Ditipu Jasa Hack sosmed mantan
- Ditipu donasi
- Ditipu investasi bocah smp

Kayaknya gampang bgt dikibulin ya orang orang ini.

Share ide nipu selain di atas dong","1770704163594494255","","CiervoKing","in","","0","4","0","https://x.com/kenapaROY/status/1770704163594494255","1248579817009639426","kenapaROY"
"1770358271196692988","2024-03-20T07:54:38.000Z","0","guys ada yang pernah make jasa hack atau apa gitu buat instagram ga? temenku habis kena p3l3c3han mau nyari nomer telepon sama emailnya","1770358271196692988","","","in","","0","3","0","https://x.com/giveuphoric/status/1770358271196692988","1265134562767548416","giveuphoric"
"1770059037327139246","2024-03-19T12:05:35.000Z","2","#zonauang jasa hack akun","1770059037327139246","","","in","","0","19","0","https://x.com/dokoniruto/status/1770059037327139246","1245994908369842176","dokoniruto"
"1769920779292930158","2024-03-19T02:56:11.000Z","5","Jd utk yg lg rame donasi itu mah kayanya dr dulu ada tim y? bahasa negatifnya sindikat lah.
Dsini itu apa aja laris.
Jasa hack akun aja 90 juta laku.","1769920779292930158","","","in","","0","5","1","https://x.com/Partono_ADjem/status/1769920779292930158","830258717341806592","Partono_ADjem"
"1769570291976700104","2024-03-18T03:43:29.000Z","8","Hari ini kalau ada yang rencana kena tipu lewat: investasi bodong, tiket konser, merchandise idol, dating apps, jasa hack akun medsos, jasa bikin skripsi/thesis; duitnya tolong ditransfer ke saya dulu aja. Trims 🙏","1769570291976700104","","","in","","0","0","1","https://x.com/askDika/status/1769570291976700104","1060006480714186752","askDika"
"1768661435754729588","2024-03-15T15:32:01.000Z","0","saudade do meu twitter antigo, algum hacker online?","1768661435754729588","","","pt","","0","0","0","https://x.com/lis_lara63496/status/1768661435754729588","1760683058498527232","lis_lara63496"
"1768644708744790293","2024-03-15T14:25:33.000Z","1","ngeliat berita mobil expander nabrak porsche, ada yg beli iphone 15 pro di tokped malah ilang, kemarin ada yg pake jasa hack akun mantan malah kena scam sampe 90jt baru mikir ternyata masalahku ga ada apa²nya dibanding mereka, mau ngeluh ga jadi 😭😭😭","1768644708744790293","","","in","","0","1","1","https://x.com/jicha__/status/1768644708744790293","1595367328237383680","jicha__"
"1768271702109343982","2024-03-14T13:43:21.000Z","0","info jasa hack ig plissss urgent","1768271702109343982","","","es","","0","10","0","https://x.com/Sildaarr_/status/1768271702109343982","1150245343486832641","Sildaarr_"
"1768230578619584610","2024-03-14T10:59:56.000Z","0","info jasa hack lewat no wa #zonaba #zonajajan","1768230578619584610","","","in","","0","3","0","https://x.com/arfndxloz/status/1768230578619584610","1496295741337518081","arfndxloz"
"1768110202476503486","2024-03-14T03:01:36.000Z","0","Akun fangirlku lupa password, please ada jasa hack twitter ga ya","1768110202476503486","","","tl","","0","4","0","https://x.com/ayesawesome/status/1768110202476503486","1749425778096496640","ayesawesome"
"1767968589527789908","2024-03-13T17:38:53.000Z","1","duit dia ada berapa ya sampe ada duit lebih buat bayar jasa hack akun doang yang sampe 90jt begitu?","1767968589527789908","","","in","","0","0","0","https://x.com/fifihadid__/status/1767968589527789908","2204814661","fifihadid__"
"1767920159195640233","2024-03-13T14:26:26.000Z","6","jasa hack akun twitter ada gak, gue mau hack akun nya bosong3k, skrg gue udah di tahap pengen ilangin tuh anak dari permukaan","1767920159195640233","","","in","","0","6","0","https://x.com/seoknyys/status/1767920159195640233","1737087289900310528","seoknyys"
"1767868844440482205","2024-03-13T11:02:32.000Z","0","Kok ada ya orang yang ketipu jasa hack akun sampe 90 juta? 😳","1767868844440482205","","","in","","2","0","0","https://x.com/KampusUpdate/status/1767868844440482205","607941256","KampusUpdate"
"1767850848384913589","2024-03-13T09:51:01.000Z","1","Need jasa hack akun dong #zonauang","1767850848384913589","","","in","","0","9","0","https://x.com/lovinghoonz/status/1767850848384913589","1517511877898559488","lovinghoonz"
"1767516463827653090","2024-03-13T06:52:15.000Z","1","@Einsteinium_0 Jangankan jasa hack , jasa benerin akun Ig suspend aja banyak korban  yg spill di peras sama mereka...","1767805858246009259","","Einsteinium_0","in","","0","0","0","https://x.com/biostkop/status/1767805858246009259","2480003215","biostkop"
"1767802717110432032","2024-03-13T06:39:46.000Z","817","1. Hack akun orang itu pelanggaran privasi
2. Jasa hack akun itu tolol. Kalopun ada, transaksinya gak kayak order netflix ke ava korea
3. Tf 90 juta ke orang gak jelas menandakan temen u absolut tolol
4. Rasain luwhh","1767802717110432032","","","in","","9","10","222","https://x.com/sethrash666/status/1767802717110432032","314611657","sethrash666"
"1767772873828249671","2024-03-13T05:41:50.000Z","2","@kegblgnunfaedh kmrn ketipu 90 juta buat jasa hack akun orang,
ini 70juta buat judol..
wong2 duit e kok akeh banget to yo","1767788138343383178","","kegblgnunfaedh","in","","0","2","0","https://x.com/goodveyfreeze/status/1767788138343383178","85354088","goodveyfreeze"
"1767777267676307853","2024-03-13T04:58:38.000Z","2","Kalau kamu merasa ga berguna dan tolol, ingat diluar sana ada yg ketipu jasa hack/sadap account di twitter ampe puluhan dan ada yg hampir ratusan juta","1767777267676307853","","","in","","0","0","0","https://x.com/monteslocke/status/1767777267676307853","1264170434","monteslocke"
"1767516463827653090","2024-03-13T04:47:30.000Z","2","@urbfable @Einsteinium_0 tp kadang ada yg pake jasa hack buat pulihin akun lama yg lupa password+email inactive. cm gatau jg kakaknya ini buat hack apa","1767774463544942782","","bladexxs","in","","0","0","0","https://x.com/CatsTaur/status/1767774463544942782","616877531","CatsTaur"
"1767750299605942769","2024-03-13T03:36:24.000Z","4","@ozarangkuti Gw gen z

Gw gak level ketipu krn dihipnotis2, standar gw adalah ketipu uang 90 juta sama jasa hack akun instagram 🙃","1767756568949608573","","ozarangkuti","in","","0","0","0","https://x.com/_beck_keith/status/1767756568949608573","1329237904778883076","_beck_keith"
"1767730888995917982","2024-03-13T01:54:21.000Z","14","tiap liat yang kena tipu jasa hack gue mikir orang orang kok banyak banget duitnya","1767730888995917982","","","in","","0","2","0","https://x.com/misaenscene/status/1767730888995917982","1723940807970009088","misaenscene"
"1767730767881535859","2024-03-13T01:53:52.000Z","61","Pagi ini doang, ngeliat 2 thread sama-sama ketipu jasa hack. Satu 90jt, satunya lagi 11 jutaan.

Terlepas niat dari yg mau pakai jasa, ini mungkin gak sih mereka jadi korban hipnotis jarak jauh?

Kaya gak masuk akal gitu minta ditransfer berkali-kali masih dituruti.","1767730767881535859","","","in","","9","11","9","https://x.com/andreqve/status/1767730767881535859","281953234","andreqve"
"1767516463827653090","2024-03-13T01:14:53.000Z","5","@Einsteinium_0 Ngeri banget, pesan jasa hack malah dipost. Jadi inget kasus orang lapor polisi karena ketipu saat mau beli narkotika https://t.co/BTI6YjdJne","1767720957668684223","https://pbs.twimg.com/media/GIg01tZbwAAG22D.jpg","Einsteinium_0","in","","0","1","0","https://x.com/PaxSanguina/status/1767720957668684223","76589839","PaxSanguina"
"1767711288191226226","2024-03-13T00:36:28.000Z","2","udah lewat 2 thread ketipu jasa hack… ada ya orang se gullible itu bikin emosi aja","1767711288191226226","","","in","","0","1","0","https://x.com/nidiuuuu/status/1767711288191226226","1492205390553292801","nidiuuuu"
"1767516463827653090","2024-03-12T23:25:01.000Z","15","@Einsteinium_0 yaampun ... mana banyak bgt, hati2 kak/semuanya, gaada yg bisa HACK akun. AKUN DIHACK itu bisa terjadi kalau korban KLIK LINK PHISING yang sudah dibuat oleh si oknum, jadi tanpa itu apalagi cuma pake usn atau ss akun, ya pasti tipuan.

DAN TDK ADA JASA YANG BUKA JASA HACK ACC","1767693309668139222","","Einsteinium_0","in","","0","0","1","https://x.com/gerimisn/status/1767693309668139222","1219997934512570374","gerimisn"
"1767440405069808127","2024-03-12T23:22:54.000Z","135","@fiflms @fakkuyeah Reaksi ku pas baca:
""Ketipu 90jt"" 😰
""Untuk sewa jasa hack akun"" 🤔
""Akunnya mantan"" 😐","1767692775360000316","","fiflms","in","","0","0","4","https://x.com/tetsurowifeeyy/status/1767692775360000316","1529854402814971905","tetsurowifeeyy"
"1767516463827653090","2024-03-12T23:07:12.000Z","7","@Einsteinium_0 Baru bgt td lewat kasus yg sama. Dia hampir 100jt jasa hack jg, sadap socmed mantannya kalo td.

Kak jasa2 beginian jangan dipercaya🥲","1767688824157511732","","Einsteinium_0","in","","0","3","0","https://x.com/nuyibabie/status/1767688824157511732","1393558497250271236","nuyibabie"
"1767516463827653090","2024-03-12T22:24:43.000Z","7","@Einsteinium_0 so sorry this happen to you but apa km ga curiga yaa jasa hack 11jt teh mau ngehack akun apaan? pliss pake logika, kalo jasa hack segitu mungkin temen gue yg IT uda kaya duluan😭","1767678132562313429","","Einsteinium_0","in","","0","0","0","https://x.com/angelullalune/status/1767678132562313429","1491798458386501635","angelullalune"
"1767674976768086149","2024-03-12T22:12:10.000Z","2","bisa bisanya tf sampe 90 jt ke jasa hack, buat sadap sosmed mantan😭😭😭😭😭

90 juta
90 j u t a
9 0 juta
😭😭😭😭😭😭😭😭😭😭😭😭😭😭😭😭","1767674976768086149","","","in","","0","6","0","https://x.com/mengbaong/status/1767674976768086149","1296790369649057792","mengbaong"
"1767516463827653090","2024-03-12T22:03:28.000Z","0","@beautysha00 @Einsteinium_0 Tp sebenrny jasa hack gtu tuh bisa real gasih?","1767672787458793728","","beautycha23","in","","0","2","0","https://x.com/chutaabae/status/1767672787458793728","773519347105103872","chutaabae"
"1767665670500872300","2024-03-12T21:35:12.000Z","38","Gurl.... Jasa hack/sadap itu 95% nipu pliz 🥲🥲 https://t.co/WJcL53zh4y","1767665670500872300","https://pbs.twimg.com/tweet_video_thumb/GIgCjYsaAAAaQpz.jpg","","in","","0","2","2","https://x.com/lovpr/status/1767665670500872300","1342298698772930561","lovpr"
"1767661989663592707","2024-03-12T21:20:34.000Z","3","Saatnya buka jasa hack akun mantan","1767661989663592707","","","in","","0","6","0","https://x.com/xafinan/status/1767661989663592707","1192641861782892545","xafinan"
"1767657401778639216","2024-03-12T21:02:20.000Z","1","masih terus bertebaran, aku cmn mau ngasih reminder, kalauuuuuu JASA HACK AKUN ITU GAADA YAAA temen-temen #zonauang https://t.co/NLI7NqgibJ","1767657401778639216","","","in","","0","1","0","https://x.com/campanoula/status/1767657401778639216","780624664934490112","campanoula"
"1767655469039132773","2024-03-12T20:54:39.000Z","1","Seharian ini udah baca empat kasus penipuan lewat aplikasi chat.
Dua dengan jasa hack akun sosmed, jastip tiket bioskop, sama ini.
Dan modusnya sama, nurut disuruh transfer berkali-kali.
Too many for a day.","1767655469039132773","","","in","","0","0","2","https://x.com/saintpooney/status/1767655469039132773","137548883","saintpooney"
"1767643013088760062","2024-03-12T20:05:10.000Z","1","Feel bad utk dia yg apes, tapi bingung juga jir itu tf udah kek tf patungan martabak 

Dan, lu masih percaya ada jasa hack sosmed??","1767643013088760062","","","in","","0","2","0","https://x.com/Brsy_/status/1767643013088760062","1056899930751557632","Brsy_"
"1767639542952296473","2024-03-12T19:51:22.000Z","4436","orang yg ketipu jasa hack akun sampe 90 juta boleh ga puasa","1767639542952296473","","","in","","89","268","400","https://x.com/unmagnetism/status/1767639542952296473","843269533930405888","unmagnetism"
"1767637167734755596","2024-03-12T19:41:56.000Z","1","lah barusan qrt kasus yg sama usn nya jg sama wkaksksks hdh lagian ngapain ya orng2 ini pake jasa hack hack","1767637167734755596","","","in","","0","0","0","https://x.com/herdelulu/status/1767637167734755596","1498266303441760259","herdelulu"
"1767516463827653090","2024-03-12T19:18:02.000Z","71","@Einsteinium_0 maaf kak, tapi kakak sendiri buat apa jasa hack nya😭🙏🏻 dilihat2 banyak juga yg ketipu nominal gede semua lagi. sebisa mungkin tanyain tnc dari awal, ada sistem deposit deposit atau kaga.. dari dulu yg ada sistem mirip kaya gini nipu semua ka😭","1767631154193244474","","Einsteinium_0","in","","0","1","0","https://x.com/kiruru404/status/1767631154193244474","1719372309029679104","kiruru404"
"1767625684418175218","2024-03-12T18:56:18.000Z","1","plisss laah jasa sadap, jasa hack akun tuh ga adaaaaa... kita yang jasa hapus akun/pulihkan akun jadi kena imbas trust issue cust wkwkwkwk.","1767625684418175218","","","in","","0","2","0","https://x.com/31_Nurfitriyani/status/1767625684418175218","823296203689324544","31_Nurfitriyani"
"1767516463827653090","2024-03-12T18:38:13.000Z","3","@Einsteinium_0 emang ada ya jasa hack ? ig presiden harusnya udah dihack sih wkwkk , pinter"" kita sebagai pembeli review / ulasan di google ga serta merta itu murni sekrang banyak jasa gituan pakai bot.","1767621130976633059","","Einsteinium_0","in","","0","0","0","https://x.com/gwprekkeju/status/1767621130976633059","2310024109","gwprekkeju"
"1767619430186717312","2024-03-12T18:31:27.000Z","3","Aturan pertama &amp; satu-satunya:
- jangan pernah sekalipun coba jasa hack di internet

Hacking itself is a crime, mau lapor kena tipu ke polisi juga kamu bakal dipermasalahin dulu soal percobaan ngelanggar privasi","1767619430186717312","","","in","","0","2","0","https://x.com/deedline_/status/1767619430186717312","921259965926350849","deedline_"
"1767516463827653090","2024-03-12T18:25:29.000Z","0","@Einsteinium_0 Eh gila. 

Sekelas kroco dari Indonesia memang ada yg bisa hack Twitter? Yg mana pemiliknya Elon Musk, salah satu manusia Genius, salah satu manusia paling Tajir di bumi, punya pabrik roket &amp; tesla. 

Mestinya mikirnya seperti diatas sebelum contact jasa hack medsos","1767617926788780354","","Einsteinium_0","in","","0","0","1","https://x.com/NurAlamSyhClcap/status/1767617926788780354","423112110","NurAlamSyhClcap"
"1767607563607314730","2024-03-12T17:44:18.000Z","0","Orang kok bisa enteng bgt ngeluarin uang jutaan buat jasa hack akun... td baca ada yg ketipu 11jt, ada lg yg 90jt. Woy lah 🫠🫠🫠","1767607563607314730","","","in","","0","0","0","https://x.com/noisette_douce/status/1767607563607314730","2483905332","noisette_douce"
"1767600703944663249","2024-03-12T17:17:02.000Z","9","""Jasa hack"" itu rata2 scam

just so you know","1767600703944663249","","","en","","0","1","5","https://x.com/SoundOfYogi/status/1767600703944663249","93882850","SoundOfYogi"
"1767516463827653090","2024-03-12T17:02:10.000Z","3","@Einsteinium_0 hari ini udh 2 kali tweet lewat kena tipu jasa hack akun 😂 mau kasian tapi buset duit kalian banyak bgt https://t.co/b5Fv7XOppN","1767596961853837720","https://pbs.twimg.com/media/GIfEECEbkAIjGB8.jpg","Einsteinium_0","in","","0","0","0","https://x.com/cintakmj/status/1767596961853837720","1063759753967325185","cintakmj"
"1767516463827653090","2024-03-12T16:58:58.000Z","2","@Einsteinium_0 Kena hipnotis kalo secara nggak sadar smpe abies uang 11 jt
Jasa hack akun berkedok penipuan +hipnotis","1767596156933345500","","Einsteinium_0","in","","0","0","0","https://x.com/Ramaputra262002/status/1767596156933345500","1736925121267499008","Ramaputra262002"
"1767592421926605198","2024-03-12T16:44:08.000Z","7","kok bisa ya ada orang enteng banget tf 24jt cuma buat jasa hack akun? kok bisa?????????? disuruh tf bolak balik nurut tuh gimana dah....","1767592421926605198","","","in","","0","0","0","https://x.com/cistem_aperio/status/1767592421926605198","1727142323010834432","cistem_aperio"
"1767516463827653090","2024-03-12T16:43:37.000Z","12","@Einsteinium_0 ini kasusnya keknya sama kek yg ketipu jasa hack hampir 90jt deh kak","1767592290707804442","","Einsteinium_0","in","","0","2","0","https://x.com/blessanctuary/status/1767592290707804442","1544575590568603649","blessanctuary"
"1767574608050614281","2024-03-12T16:14:13.000Z","2","@stvk__ ada jasa hack akun aja udh aneh😵‍💫","1767584895776546970","","stvk__","in","","0","1","0","https://x.com/maharsenal/status/1767584895776546970","447779665","maharsenal"
"1767566339814907949","2024-03-12T16:06:55.000Z","0","@unmagnetism kok bisa punya uang sebanyak itu tapi tolol banget..
11 juta cuma buat jasa hack akun yg entah tujuannya apa mnt tlg hack akun

11 juta cok..","1767583058788778149","","unmagnetism","in","","0","0","0","https://x.com/goodveyfreeze/status/1767583058788778149","85354088","goodveyfreeze"
"1767516463827653090","2024-03-12T16:01:54.000Z","1","@Einsteinium_0 ada biaya admin refund aja udh aneh.. tpi lebih aneh lgi ada yg nyari jasa hack akun","1767581792549372403","","Einsteinium_0","in","","0","0","0","https://x.com/susahcarinama_/status/1767581792549372403","572340343","susahcarinama_"
"1767566339814907949","2024-03-12T15:59:40.000Z","1","@unmagnetism tapi bersyukur sih tu orang2 kena tipu jasa hack, lagian punya niat jelek ngehack akun orang mampus aja ditipu orang🤣🤣🤣🤣","1767581232802726351","","unmagnetism","in","","0","0","0","https://x.com/fallingmonstar/status/1767581232802726351","1490361012062547968","fallingmonstar"
"1767576524084092934","2024-03-12T15:40:57.000Z","1","Ada yang bisa jasa hack IG?","1767576524084092934","","","in","","0","7","0","https://x.com/GhhopesHi/status/1767576524084092934","1569532447276290052","GhhopesHi"
"1767572756470894979","2024-03-12T15:26:00.000Z","6","3. Mana ada JASA HACK TWITTER promonya di TWITTER.
Plis ini kocak, sama halnya ada orang JUAL PERTAMAX di depan POM SPBU.
Aneh.

Plis gausah percaya. Kalo gasuka sama orang report aja. Kalo mau tau isi DM ya tanya aja. Kalo mau sadap ya bikin laporan ke cybercrime polisi aja.","1767572758953971975","","berlobangg","in","","1","1","0","https://x.com/berlobangg/status/1767572758953971975","1315912555815038976","berlobangg"
"1767572756470894979","2024-03-12T15:25:59.000Z","96","sekali lagi;

NDAK ADA APALAH ITU YG NAMANYA JASA SADAP, JASA HACK, JASA INTIP DM dsb.

1. Sosmed ngga akan diam aja biarin celah keamanan mrk terbuka begitu aja
2. Kalopun ada, jasa ginian gak sepatutnya dijual scr bebas di sosmed. Soalnya pasti melanggar hukum
--","1767572756470894979","","","in","","1","1","18","https://x.com/berlobangg/status/1767572756470894979","1315912555815038976","berlobangg"
"1767095381354266785","2024-03-11T07:49:04.000Z","1","ada jasa hack wa orang gak","1767095381354266785","","","in","","0","8","0","https://x.com/schatzwin/status/1767095381354266785","1411332301485576196","schatzwin"
"1766826277531762735","2024-03-10T13:59:45.000Z","0","jasa hack akun yutup and nge apus video di yutup, pls tolong bgt ini mah mana lupa pw #zonauang #zonauangᅠᅠ","1766826277531762735","","","in","","0","15","0","https://x.com/asyawhearts2u/status/1766826277531762735","1603054798131318784","asyawhearts2u"
"1766825463417372988","2024-03-10T13:56:31.000Z","0","ada jasa hack akun yutup ngga #zonauang #zonabu","1766825463417372988","","","in","","0","9","0","https://x.com/asyawhearts2u/status/1766825463417372988","1603054798131318784","asyawhearts2u"
"1766783221357060484","2024-03-10T11:08:39.000Z","0","info jasa hack ig no tipu tipu plisss😭😭🙏🏻🙏🏻 #zonauang","1766783221357060484","","","in","","0","8","0","https://x.com/pcryut4/status/1766783221357060484","1110749251590447104","pcryut4"
"1766782747274834018","2024-03-10T11:06:46.000Z","1","info jasa hack akun ig no tipu tipu😭😭","1766782747274834018","","","in","","0","14","0","https://x.com/pcryut4/status/1766782747274834018","1110749251590447104","pcryut4"
"1766773728036442230","2024-03-10T10:30:56.000Z","0","ada jasa hack akun + username? #zonauang","1766773728036442230","","","in","","0","17","0","https://x.com/jasacici/status/1766773728036442230","1083285558","jasacici"
"1766360429553680701","2024-03-09T07:08:38.000Z","4","Butuh jasa hack instagram yang paymentnya setelah pengerjaan berhasil.

Yang tipu-tipu minggir dulu.","1766360429553680701","","","in","","0","9","0","https://x.com/faranfla/status/1766360429553680701","1076659848987607041","faranfla"
"1766255411102109939","2024-03-09T00:11:20.000Z","0","Permisi gaes ada jasa hack gmail enggak ya? Temanku email utamanya dicomot orang😭
#zonauang","1766255411102109939","","","in","","0","7","0","https://x.com/starrailalaska/status/1766255411102109939","1584911018433871873","starrailalaska"
"1765995976341484007","2024-03-08T07:00:26.000Z","0","Anjg, ada jasa hack account ig kaga si yg trusted, pasangan gue selingkuh anjg.","1765995976341484007","","","in","","0","4","0","https://x.com/mieayambry/status/1765995976341484007","1529848111211810816","mieayambry"
"1765665946822385751","2024-03-07T09:09:00.000Z","0","ada jasa hack facebook ngga? #zonauang","1765665946822385751","","","in","","0","6","0","https://x.com/kittenpwety/status/1765665946822385751","1517073823673516032","kittenpwety"
"1761709354859077731","2024-02-25T11:06:55.000Z","0","Ada yang punya jasa hack Facebook? Fbnya adekku kebajak. 🥲","1761709354859077731","","","in","","0","9","1","https://x.com/queenbilqi50/status/1761709354859077731","1500762376538189826","queenbilqi50"
"1761520501833240838","2024-02-24T22:36:29.000Z","20","Fun game: find the hidden GD level in these sentences!
-The gods hiding in the clouds give way too few proofs of their existence.
-Not now, there’s a hacker online.
-I’m gonna start a rustic clothing brand.
-You can call it a “coin slot”, or how some people call it, “money hole”.","1761520501833240838","","","en","","0","9","0","https://x.com/nothombium/status/1761520501833240838","1155965182490763267","nothombium"
"1761408722243665966","2024-02-24T15:12:19.000Z","1","Ada gasie jasa hack akun lupa password 😖","1761408722243665966","","","in","","0","15","0","https://x.com/muanaroh/status/1761408722243665966","1432077037","muanaroh"
"1761363559978860594","2024-02-24T12:12:51.000Z","1","pls ig ku kena hack
ADA JASA HACK IG YG TERPECAYA GAAA YA?? PLS JGN NIPU BNR2 BUTUH BGT, tkt akun gue dipake buat aneh2","1761363559978860594","","","in","","0","11","0","https://x.com/skyysteist/status/1761363559978860594","1566030258901377024","skyysteist"
"1761352358767051234","2024-02-24T11:28:21.000Z","0","ada jasa hack tiktok ga? #zonauang butuh bgt tolong","1761352358767051234","","","in","","0","10","0","https://x.com/lunyebelincok/status/1761352358767051234","1645634401739603970","lunyebelincok"
"1760932384361586876","2024-02-23T07:39:31.000Z","0","Ada yang punya jasa hack?","1760932384361586876","","","in","","0","9","0","https://x.com/maylivgr/status/1760932384361586876","1299403093700829184","maylivgr"
"1760868090601218205","2024-02-23T03:24:02.000Z","1","Jasa hack ig dong, i need bgt 🥹
#zonaBU #selingkuh #zonajajan","1760868090601218205","","","en","","0","8","0","https://x.com/Yukangtaw/status/1760868090601218205","1441116788356366343","Yukangtaw"
"1760660339740606838","2024-02-22T13:38:31.000Z","2","akun gue ke hack terus di deactive masih bisa di hack balik gasih? cari jasa hack ig #zonauang","1760660339740606838","","","in","","0","11","0","https://x.com/kuwaii/status/1760660339740606838","943786378617167872","kuwaii"
"1760583316745678929","2024-02-22T08:32:27.000Z","0","Pengen banget sewa jasa hack buat ngehack balik akun kantor yang dihack orang. Berapa sih rate cardnya? Jadi penasaran.","1760583316745678929","","","in","","0","9","0","https://x.com/Titis_kun/status/1760583316745678929","1545848912","Titis_kun"
"1760558225659982100","2024-02-22T06:52:45.000Z","0","jasa hack acc ig yg udh lupa pw dong, drop v ya #zonaba #zonaBU #zonajajan #zonauangᅠ","1760558225659982100","","","in","","0","9","0","https://x.com/skyryhire75/status/1760558225659982100","1409485468312379394","skyryhire75"
"1760385331529228351","2024-02-21T19:25:44.000Z","3","Ya ampuuun mahal kali jasa hack akun gmail nii 😭","1760385331529228351","","","tl","","0","9","0","https://x.com/youwrbaby/status/1760385331529228351","882520106789593096","youwrbaby"
"1759091141855916143","2024-02-18T05:43:05.000Z","1","#zonauang ada yg punya jasa hack acc ig ga ya?","1759091141855916143","","","in","","0","8","0","https://x.com/lovingyouhard1/status/1759091141855916143","1581837444420280320","lovingyouhard1"
"1758892662411976970","2024-02-17T16:34:24.000Z","0","Jasa hack wa ada ga #zonauang","1758892662411976970","","","in","","0","10","0","https://x.com/bacotanunge/status/1758892662411976970","861886135009632256","bacotanunge"
"1758384800506003693","2024-02-16T06:56:20.000Z","2","pls ada jasa hack/recovery akun whatsapp yg nomornya ke recycle gasiii?? 😭😭","1758384800506003693","","","in","","0","17","0","https://x.com/xeeyoxe/status/1758384800506003693","1601462094893035520","xeeyoxe"
"1757322216235233421","2024-02-13T08:34:00.000Z","0","jasa hack ig please #zonauang","1757322216235233421","","","en","","0","9","0","https://x.com/suoeur/status/1757322216235233421","715207922154737664","suoeur"
"1755043695202914715","2024-02-12T12:27:10.000Z","0","@tetsurosuh @suhperboy Tau gaa jasa hack yg trusted dimanaa","1757018507123081413","","adeyzta","in","","0","5","0","https://x.com/SandhyaRaveena/status/1757018507123081413","1484669005","SandhyaRaveena"
"1757018070462394379","2024-02-12T12:25:26.000Z","1","JASA HACK SOUNDCLOUD TAESAN /JK","1757018070462394379","","","ht","","0","3","0","https://x.com/g6itarvillain/status/1757018070462394379","885868176377905152","g6itarvillain"
"1756915324207989223","2024-02-12T05:37:09.000Z","2","jasa hack akun tiktok #zonauang","1756915324207989223","","","in","","0","11","0","https://x.com/permencacahoy/status/1756915324207989223","1530963683471282176","permencacahoy"
"1756673553846407576","2024-02-11T13:36:27.000Z","50","Here's yalls feast eat up✨️💕
P.O.V you're arguing with Hacker online
Au by @weluv_XOx 
#WelcomeHomeAU #WallyDarlingAU #HackerWally #animatic #Silly https://t.co/KYMJnd277z","1756673553846407576","https://pbs.twimg.com/ext_tw_video_thumb/1756673538390405120/pu/img/PgiVoTQQrcj0iiHO.jpg","","en","","0","0","5","https://x.com/Spicy_Soo/status/1756673553846407576","1667234306715193344","Spicy_Soo"
"1756321366922739972","2024-02-10T14:16:59.000Z","2","wtb jasa hack akun tiktok #zonauang","1756321366922739972","","","in","","0","10","0","https://x.com/sugaringflavor/status/1756321366922739972","1599016746559492096","sugaringflavor"
"1756315083796561982","2024-02-10T13:52:01.000Z","1","jasa hack akun tiktok ada ga","1756315083796561982","","","in","","0","6","0","https://x.com/sugaringflavor/status/1756315083796561982","1599016746559492096","sugaringflavor"
"1756168819368935577","2024-02-10T04:10:49.000Z","1","Ada yg punya jasa hack Instagram? Mau recover account udah nggak bisa 😭 

#zonauang","1756168819368935577","","","in","","0","7","0","https://x.com/thea_maryllis/status/1756168819368935577","1627109585432776704","thea_maryllis"
"1755813564496130055","2024-02-09T04:39:09.000Z","0","mau jasa hack akun twitter ada gak ya? 

#zonauang #zonajajan","1755813564496130055","","","in","","0","7","0","https://x.com/secquiia/status/1755813564496130055","924925022","secquiia"
"1755809983512625261","2024-02-09T04:24:56.000Z","0","#wta serius jasa hack akun ig itu ada ga sih?","1755809983512625261","","","in","","0","11","0","https://x.com/r190909/status/1755809983512625261","1715906244010225664","r190909"
"1755783328043880651","2024-02-09T02:39:00.000Z","0","jasa hack akun twt tuh berapa sib annay kira kira","1755783328043880651","","","in","","0","8","0","https://x.com/thekrnio/status/1755783328043880651","1525499586131132417","thekrnio"
"1755709503188938891","2024-02-08T21:45:39.000Z","0","ada gasi jasa hack balik akun untuk akun yang ke hack🥲
#zonauang","1755709503188938891","","","in","","0","8","0","https://x.com/umightknowmeee/status/1755709503188938891","1601535566319079424","umightknowmeee"
"1755606311516131361","2024-02-08T14:55:36.000Z","0","jasa hack please urgent #zonauangᅠᅠ","1755606311516131361","","","es","","0","4","0","https://x.com/amethystbutfly/status/1755606311516131361","1563561870220722177","amethystbutfly"
"1754876247530668471","2024-02-07T16:49:04.000Z","0","@gerimisn @tubirfess Jasa hack bisa ga whwkwkwkw","1755272475095765352","","gerimisn","in","","0","5","0","https://x.com/__sunbeamssi/status/1755272475095765352","2757332188","__sunbeamssi"
"1755074687791726789","2024-02-07T03:43:07.000Z","0","jasa hack ig terpercaya #zonauang️","1755074687791726789","","","in","","0","6","0","https://x.com/wnmtawiin/status/1755074687791726789","1375978125813686279","wnmtawiin"
"1755043695202914715","2024-02-07T01:39:58.000Z","0","#Zonauang jasa hack instagram 

IG aku di hack orang pls 😭","1755043695202914715","","","tl","","0","12","1","https://x.com/chilteez/status/1755043695202914715","1718953577300000769","chilteez"
"1754872401853059236","2024-02-06T14:19:19.000Z","1","Ada jasa hack akun tiktok tidak? Kalau ada mau dong #zonauang","1754872401853059236","","","in","","0","1","0","https://x.com/hcenera/status/1754872401853059236","1374308677256052739","hcenera"
"1754687201559134366","2024-02-06T02:03:24.000Z","0","jasa hack ig trusted #wtb #zonauang","1754687201559134366","","","en","","0","8","0","https://x.com/dpffkdrk/status/1754687201559134366","1247960509636214785","dpffkdrk"
"1754348245587997179","2024-02-05T14:55:18.000Z","0","@SFT01KWINTER Ingfokan jasa hack sc untuk mengetahui sendernya","1754519071696249282","","SFT01KWINTER","in","","1","4","0","https://x.com/kkarinayuw/status/1754519071696249282","1431973844646961162","kkarinayuw"
"1754162891497030097","2024-02-04T15:19:58.000Z","2","OPEN JASA HACK DAN SADAP

&gt;&gt;&gt; SADAP (WHATSAPP)

&gt;&gt;&gt;&gt; HACK ( INSTAGRAM, FACEBOOK, TWITTER, GMAIL)

&gt;&gt;&gt;&gt;&gt;&gt;
#JutaanPengangguranKrn01 Majalah Bobo Jan Ethes Ganja  Pranowo #AniesFinalStage Kiky Ngonten #KementerianSemuaAgama #AForEvery1  Teddy Hari Minggu https://t.co/6Ld3ReXj4I","1754162891497030097","https://pbs.twimg.com/media/GFgJ2d_a8AA4wsf.jpg","","in","","0","0","2","https://x.com/jasasadapwa999/status/1754162891497030097","1717884218074644480","jasasadapwa999"
"1754110365041086733","2024-02-04T11:51:15.000Z","0","ada gak jasa hack wa #zonauanh #zonaba","1754110365041086733","","","in","","0","5","0","https://x.com/bainechic/status/1754110365041086733","877793909711163392","bainechic"
"1753752321928863821","2024-02-03T12:20:05.000Z","21","@samengo_ofc Algum hacker online caso o @CentralDoBrega vire? Só pra excluir um post antes das 14hrs.","1753755232998179122","","samengo_ofc","pt","","0","2","0","https://x.com/Pesgrau/status/1753755232998179122","956605806123933696","Pesgrau"
"1752715524147122357","2024-01-31T15:28:39.000Z","0","ada gaa jasa hack ig trusted??","1752715524147122357","","","tl","","0","8","0","https://x.com/deuussooo/status/1752715524147122357","1473935921170894848","deuussooo"
"1752283605991342241","2024-01-30T10:52:22.000Z","0","#zonauang jasa hack twitter yg lupa sandi + lupa email apa bisa? Prefer yg drop fee ya 🙏🏻","1752283605991342241","","","in","","0","9","0","https://x.com/jiwoongji/status/1752283605991342241","1463881496595296263","jiwoongji"
"1752281494482219497","2024-01-30T10:43:58.000Z","0","wta sebenernya jasa hack itu ada ga sih apa modus penipuan aja? #zonauang","1752281494482219497","","","in","","0","5","0","https://x.com/buttvery/status/1752281494482219497","1698390313419825152","buttvery"
"1751727127966404882","2024-01-28T22:01:07.000Z","0","ada jasa hack yg bisa lacak tempat tinggal dari nomer telp? #zona #zonauang","1751727127966404882","","","in","","2","9","0","https://x.com/purinlogy/status/1751727127966404882","1534889823676338177","purinlogy"
