"conversation_id_str","created_at","favorite_count","full_text","id_str","image_url","in_reply_to_screen_name","lang","location","quote_count","reply_count","retweet_count","tweet_url","user_id_str","username"
"2066358507218321783","2026-06-15T03:13:53.000Z","0","@WhatsApp Tolong buka kembali akun saya dengan nomor +6285771581239. Saya tidak merasa melakukan pelanggaran apapun, kemungkinan akun saya diretas oleh pihak yang tidak bertanggungjawab. Mohon lakukan tinjauan kembali dan pemulihan akun saya agar dapat digunakan seperti semula.","2066358507218321783","","WhatsApp","in","","0","0","0","https://x.com/volgemort/status/2066358507218321783","918793834787618817","volgemort"
"2054027512276254765","2026-05-12T02:34:55.000Z","2","baru di kasih tau temen itu akun dihack ajg gw kagak bisa login lgi","2054027512276254765","","","in","","0","2","0","https://x.com/nrlfy04/status/2054027512276254765","1751910669786689536","nrlfy04"
"2051873524147761204","2026-05-06T05:16:28.000Z","943","@bangherwin ya memang udah rusak.
lantas bisa apa? mau protes trus akun dihack keluarga diganggu muka disiram ajr keras?mau demo trus nanti digelandang ke penjara? keluarga makan apa nanti? ya ga bisa, udah ga bisa apa-apa kan kita","2051893840240652768","","bangherwin","in","","7","31","156","https://x.com/arddhe/status/2051893840240652768","132435339","arddhe"
"2048293222229909943","2026-04-26T06:48:54.000Z","80","Keinget yg anak SMA tes gaokao itu akunnya diobrak-abrik sama tukang joki, itu yg namanya rill dihack. 

Seumur2 main game cem PB, Lost Saga, Atlantica, dsb, ngedenger yg namanya akun dihack mah, itu akunnya dihancurin beli item2 gak guna atau dicuri kayak diganti pw ama","2048293222229909943","","","in","","0","1","7","https://x.com/canagraphics/status/2048293222229909943","1936344741316300801","canagraphics"
"2037562767432155633","2026-03-27T16:09:54.000Z","92","Day one akun dihack orang 🤬
awalnya kirain faker, ternyata emang akunku login di device yg berbeda tapi di waktu yg sama. Alias kok bisa sih 😑😑 
@idn_app TERBAIK EMANG 🥰 https://t.co/8leNwgYr57","2037562767432155633","https://pbs.twimg.com/media/HEbfZBUbMAEum1k.png","","in","","5","4","14","https://x.com/RASfunboy/status/2037562767432155633","1693677459991035906","RASfunboy"
"2030820880578662588","2026-03-09T01:40:03.000Z","5","babu! mau nanya dong, misal kita punya 3 gim hoyo di 1 akun. nah kalau mau contact cs akun dihack (contoh isi pengaduan yg genshin)

bakal balik semua gamenya kan? atau cuman genshinnya doang?:')","2030820880578662588","","","in","","0","2","0","https://x.com/babufess/status/2030820880578662588","1373592890916491266","babufess"
"2027707717188808721","2026-02-28T11:29:27.000Z","2","Halo Warga Twitter
Open Jasa Pemulihan Akun &amp; Hapus akun All Sosmed

|| Akun DiHack
Il Akun Lupa Password
Il Lacak Lokasi 
|| Terhalang Kode Login/A2F
(Gmail,Instagram,Twitter,FacebookTiktok, Line ,Telegram,DLL) 

Yuk Langsung Aja Hubungi Wa Yang ada Di Bio https://t.co/6xjdJTCmu6","2027707717188808721","https://pbs.twimg.com/media/HCPda14a0AAQ7nS.jpg","","in","","7","20","2","https://x.com/risdaresdaina/status/2027707717188808721","2006444158723174400","risdaresdaina"
"2027653196785877029","2026-02-28T07:52:48.000Z","2","Halo Warga Twitter
Open Jasa Pemulihan Akun &amp; Hapus akun All Sosmed

|| Akun DiHack
Il Akun Lupa Password
Il Lacak Lokasi 
|| Terhalang Kode Login/A2F
(Gmail,Instagram,Twitter,FacebookTiktok, Line ,Telegram,DLL) 

Yuk Langsung Aja Hubungi Wa Yang ada Di Bio https://t.co/akyUdORspK","2027653196785877029","https://pbs.twimg.com/media/HCOr1gBbkAAxYkQ.jpg","","in","","7","20","2","https://x.com/risdaresdaina/status/2027653196785877029","2006444158723174400","risdaresdaina"
"2027628997212000539","2026-02-28T06:16:39.000Z","2","Halo Warga Twitter
Open Jasa Pemulihan Akun &amp; Hapus akun All Sosmed

|| Akun DiHack
Il Akun Lupa Password
Il Lacak Lokasi 
|| Terhalang Kode Login/A2F
(Gmail,Instagram,Twitter,FacebookTiktok, Line ,Telegram,DLL) 

Yuk Langsung Aja Hubungi Wa Yang ada Di Bio https://t.co/vtAin0fHeI","2027628997212000539","https://pbs.twimg.com/media/HCOV0yLbEAYsudS.jpg","","in","","7","20","2","https://x.com/risdaresdaina/status/2027628997212000539","2006444158723174400","risdaresdaina"
"2027584148324683982","2026-02-28T03:18:26.000Z","2","Halo Warga Twitter
Open Jasa Pemulihan Akun &amp; Hapus akun All Sosmed

|| Akun DiHack
Il Akun Lupa Password
Il Lacak Lokasi 
|| Terhalang Kode Login/A2F
(Gmail,Instagram,Twitter,FacebookTiktok, Line ,Telegram,DLL) 

Yuk Langsung Aja Hubungi Wa Yang ada Di Bio https://t.co/9ltJ2FV0r1","2027584148324683982","https://pbs.twimg.com/media/HCNtCNfbEAI1YZU.jpg","","in","","7","20","2","https://x.com/risdaresdaina/status/2027584148324683982","2006444158723174400","risdaresdaina"
"2027501843241460073","2026-02-27T21:51:23.000Z","2","Halo Warga Twitter
Open Jasa Pemulihan Akun &amp; Hapus akun All Sosmed

|| Akun DiHack
Il Akun Lupa Password
Il Lacak Lokasi 
|| Terhalang Kode Login/A2F
(Gmail,Instagram,Twitter,FacebookTiktok, Line ,Telegram,DLL) 

Yuk Langsung Aja Hubungi Wa Yang ada Di Bio https://t.co/Nr1iAxDvc6","2027501843241460073","https://pbs.twimg.com/media/HCMiLZhbEAIXYdc.jpg","","in","","7","20","2","https://x.com/risdaresdaina/status/2027501843241460073","2006444158723174400","risdaresdaina"
"2027395259957948765","2026-02-27T14:47:51.000Z","3","Halo Warga Twitter
Open Jasa Pemulihan Akun &amp; Hapus akun All Sosmed

|| Akun DiHack
Il Akun Lupa Password
Il Lacak Lokasi 
|| Terhalang Kode Login/A2F
(Gmail,Instagram,Twitter,FacebookTiktok, Line ,Telegram,DLL) 

Yuk Langsung Aja Hubungi Wa Yang ada Di Bio https://t.co/zslJh8xCpN","2027395259957948765","https://pbs.twimg.com/media/HCLBPUKbYAEcvZe.jpg","","in","","7","20","2","https://x.com/risdaresdaina/status/2027395259957948765","2006444158723174400","risdaresdaina"
"2027352739991507356","2026-02-27T11:58:54.000Z","4","Halo Warga Twitter
Open Jasa Pemulihan Akun &amp; Hapus akun All Sosmed

|| Akun DiHack
Il Akun Lupa Password
Il Lacak Lokasi 
|| Terhalang Kode Login/A2F
(Gmail,Instagram,Twitter,FacebookTiktok, Line ,Telegram,DLL) 

Yuk Langsung Aja Hubungi Wa Yang ada Di Bio https://t.co/StdEmzM7oU","2027352739991507356","https://pbs.twimg.com/media/HCKakc0bwAEvz4y.jpg","","in","","7","20","2","https://x.com/risdaresdaina/status/2027352739991507356","2006444158723174400","risdaresdaina"
"2027318840124940728","2026-02-27T09:44:11.000Z","2","Halo Warga Twitter
Open Jasa Pemulihan Akun &amp; Hapus akun All Sosmed

|| Akun DiHack
Il Akun Lupa Password
Il Lacak Lokasi 
|| Terhalang Kode Login/A2F
(Gmail,Instagram,Twitter,FacebookTiktok, Line ,Telegram,DLL) 

Yuk Langsung Aja Hubungi Wa Yang ada Di Bio https://t.co/heWzLRpmWO","2027318840124940728","https://pbs.twimg.com/media/HCJ7vS5bgAAf0Q1.jpg","","in","","7","20","2","https://x.com/risdaresdaina/status/2027318840124940728","2006444158723174400","risdaresdaina"
"2027286886084178117","2026-02-27T07:37:13.000Z","2","Halo Warga Twitter
Open Jasa Pemulihan Akun &amp; Hapus akun All Sosmed

|| Akun DiHack
Il Akun Lupa Password
Il Lacak Lokasi 
|| Terhalang Kode Login/A2F
(Gmail,Instagram,Twitter,FacebookTiktok, Line ,Telegram,DLL) 

Yuk Langsung Aja Hubungi Wa Yang ada Di Bio https://t.co/J2JFCEcUUl","2027286886084178117","https://pbs.twimg.com/media/HCJerIZagAIACUr.jpg","","in","","7","20","2","https://x.com/risdaresdaina/status/2027286886084178117","2006444158723174400","risdaresdaina"
"2027240057011409170","2026-02-27T04:31:08.000Z","2","Halo Warga Twitter
Open Jasa Pemulihan Akun &amp; Hapus akun All Sosmed

|| Akun DiHack
Il Akun Lupa Password
Il Lacak Lokasi 
|| Terhalang Kode Login/A2F
(Gmail,Instagram,Twitter,FacebookTiktok, Line ,Telegram,DLL) 

Yuk Langsung Aja Hubungi Wa Yang ada Di Bio https://t.co/ElpsWJD0DQ","2027240057011409170","https://pbs.twimg.com/media/HCI0FfPakAAKWyC.jpg","","in","","7","20","2","https://x.com/risdaresdaina/status/2027240057011409170","2006444158723174400","risdaresdaina"
"2026531871560274396","2026-02-25T05:37:03.000Z","2","jangan beli paypal di akun @.jolosupreme gaes, itu akun dihack trus dia nipu dan dia masih mencari mangsa

wts wtb want to sell want to buy paypal cv convert jual beli pp saldo #zonauang️ #zonaBU","2026531871560274396","","","in","","0","3","4","https://x.com/jhjaemluv/status/2026531871560274396","1345266874083278848","jhjaemluv"
"2025462482265903110","2026-02-22T06:47:41.000Z","2","https://t.co/Uk5PuGKurZ","2025462482265903110","","","zxx","","1","0","0","https://x.com/cipzcapz/status/2025462482265903110","1298308671970013184","cipzcapz"
"2019267485535727698","2026-02-05T04:30:59.000Z","1","Bantu pulihkan akun lupa password,nomor ilang tidak aktif tidak ada akses login lupa semua akun dihack orang lain hapus ulasan gogle lacak lokasi dll.#bbvipks4 #zoomjakol #zonauang #zonajajan #ZeeNuNew","2019267485535727698","","","in","","0","0","0","https://x.com/twisticng/status/2019267485535727698","1712467401911259136","twisticng"
"2017927925295886835","2026-02-01T11:48:03.000Z","3","Jangan Asal Klik Link!

Bisa Jadi itu adalah Link Phising Asal Klik dan isi Link, Akun dihack,Rekening Dikuras!

#poldabalidharma 
#poldabali 
#fyp 
#fyppage 
#polripresisi https://t.co/gNtP4qcSau","2017927925295886835","https://pbs.twimg.com/media/HAEewQraYAA_IYi.jpg","","in","","0","1","0","https://x.com/ditressiberbali/status/2017927925295886835","1367659016780845058","ditressiberbali"
"2017259924196405317","2026-01-30T15:33:39.000Z","3","Hayy open🐣 Jasa Pemulihan Akun, Hapus Akun, Sadap, Akun dihack, terkunci, ditangguhkan💮

Atau Mau hapus akun tanpa email, sandi, no hp?

 Info more by wa☎
https://t.co/SRbxImwNiq https://t.co/xG734B1KVM","2017259924196405317","https://pbs.twimg.com/media/G_6_NbJbYAASxGM.jpg","","in","","4","0","2","https://x.com/vreddoll/status/2017259924196405317","2724299347","vreddoll"
"2017202810363006998","2026-01-30T11:46:42.000Z","3","Hayy open🐣 Jasa Pemulihan Akun, Hapus Akun, Sadap, Akun dihack, terkunci, ditangguhkan💮

Atau Mau hapus akun tanpa email, sandi, no hp?

 Info more by wa☎
https://t.co/SRbxImwNiq https://t.co/V4TEo6Sihs","2017202810363006998","https://pbs.twimg.com/media/G_6LQ_QawAEVUk-.jpg","","in","","4","0","2","https://x.com/vreddoll/status/2017202810363006998","2724299347","vreddoll"
"2017131613277343987","2026-01-30T07:03:47.000Z","2","Hayy open🐣 Jasa Pemulihan Akun, Hapus Akun, Sadap, Akun dihack, terkunci, ditangguhkan💮

Atau Mau hapus akun tanpa email, sandi, no hp?

 Info more by wa☎
https://t.co/SRbxImwNiq https://t.co/J6vqxylTcw","2017131613277343987","https://pbs.twimg.com/media/G_5KgoLakAAirS_.jpg","","in","","4","0","2","https://x.com/vreddoll/status/2017131613277343987","2724299347","vreddoll"
"2017015804160815526","2026-01-29T23:23:36.000Z","3","Hayy open🐣 Jasa Pemulihan Akun, Hapus Akun, Sadap, Akun dihack, terkunci, ditangguhkan💮

Atau Mau hapus akun tanpa email, sandi, no hp?

 Info more by wa☎
https://t.co/SRbxImwNiq https://t.co/ZAstbpv6Tu","2017015804160815526","https://pbs.twimg.com/media/G_3hLzPaAAAqIch.jpg","","in","","4","0","3","https://x.com/vreddoll/status/2017015804160815526","2724299347","vreddoll"
"2016847366473863656","2026-01-29T12:14:18.000Z","3","Hayy open🐣 Jasa Pemulihan Akun, Hapus Akun, Sadap, Akun dihack, terkunci, ditangguhkan💮

Atau Mau hapus akun tanpa email, sandi, no hp?

 Info more by wa☎
https://t.co/SRbxImwNiq https://t.co/UUYOuuCQWv","2016847366473863656","https://pbs.twimg.com/media/G_1H_DLbUAA5AhY.jpg","","in","","5","0","3","https://x.com/vreddoll/status/2016847366473863656","2724299347","vreddoll"
"2016772021527691583","2026-01-29T07:14:54.000Z","3","Hayy open🐣 Jasa Pemulihan Akun, Hapus Akun, Sadap, Akun dihack, terkunci, ditangguhkan💮

Atau Mau hapus akun tanpa email, sandi, no hp?

 Info more by wa☎
https://t.co/SRbxImwNiq https://t.co/YbpInWeXHc","2016772021527691583","https://pbs.twimg.com/media/G_0DdjgbUAA5WrA.jpg","","in","","5","0","3","https://x.com/vreddoll/status/2016772021527691583","2724299347","vreddoll"
"2014272308311966120","2026-01-22T15:31:13.000Z","16","@OscarDarmawan Halah tahun 2021 saya terkena phising email sudah laporan bolak balik kekantor indodex dibali dan kantor polisi hasilnya nihil dengan alasan yang klaim vocer setelah akun saya diretas tidak mau diajak diskusi kekeluargaan....indodx ini servernya payah percuma punya kantor gede","2014360208311808261","","OscarDarmawan","in","","0","12","4","https://x.com/wengker92/status/2014360208311808261","1171450073512734725","wengker92"
"2014243310395879599","2026-01-22T07:46:42.000Z","2","Hayy open🐣 Jasa Pemulihan Akun, Hapus Akun, Sadap, Akun dihack, terkunci, ditangguhkan💮

Atau Mau hapus akun tanpa email, sandi, no hp?

 Info more by wa☎
https://t.co/vq5Ix2oVr7 https://t.co/A80rHoDdWl","2014243310395879599","https://pbs.twimg.com/media/G_QHnKTWgAAb6MA.jpg","","in","","4","0","0","https://x.com/vreddoll/status/2014243310395879599","2724299347","vreddoll"
"2014186617339314543","2026-01-22T04:01:26.000Z","1","Hayy open🐣 Jasa Pemulihan Akun, Hapus Akun, Sadap, Akun dihack, terkunci, ditangguhkan💮

Atau Mau hapus akun tanpa email, sandi, no hp?

 Info more by wa☎
https://t.co/vq5Ix2oVr7 https://t.co/UWeYn89fNc","2014186617339314543","https://pbs.twimg.com/media/G_PUDQ5XgAAA8N6.jpg","","in","","9","9","4","https://x.com/vreddoll/status/2014186617339314543","2724299347","vreddoll"
"2014010945258012793","2026-01-21T16:23:22.000Z","1","Hayy open🐣 Jasa Pemulihan Akun, Hapus Akun, Sadap, Akun dihack, terkunci, ditangguhkan💮

Atau Mau hapus akun tanpa email, sandi, no hp?

 Info more by wa☎
https://t.co/vq5Ix2oVr7 https://t.co/3M3alXEOfM","2014010945258012793","https://pbs.twimg.com/media/G_M0RwYacAACKg5.jpg","","in","","5","10","1","https://x.com/vreddoll/status/2014010945258012793","2724299347","vreddoll"
"2013931388349612344","2026-01-21T11:07:14.000Z","1","Hayy open🐣 Jasa Pemulihan Akun, Hapus Akun, Sadap, Akun dihack, terkunci, ditangguhkan💮

Atau Mau hapus akun tanpa email, sandi, no hp?

 Info more by wa☎ https://t.co/ez4O5ffw6b","2013931388349612344","https://pbs.twimg.com/media/G_Lr7KpawAA1pg9.jpg","","in","","7","10","2","https://x.com/vreddoll/status/2013931388349612344","2724299347","vreddoll"
"2013868839524802722","2026-01-21T06:58:41.000Z","1","Hayy open🐣 Jasa Pemulihan Akun, Hapus Akun, Sadap, Akun dihack, terkunci, ditangguhkan💮

Atau Mau hapus akun tanpa email, sandi, no hp?

 Info more by wa☎ https://t.co/HXVjFjaCNG","2013868839524802722","https://pbs.twimg.com/media/G_KzCHsaoAAkKrl.jpg","","in","","6","0","3","https://x.com/vreddoll/status/2013868839524802722","2724299347","vreddoll"
"2013795891979919718","2026-01-21T02:08:49.000Z","0","Hayy open🐣 Jasa Pemulihan Akun, Hapus Akun, Sadap, Akun dihack, terkunci, ditangguhkan💮

Atau Mau hapus akun tanpa email, sandi, no hp?

 Info more by wa☎ https://t.co/BXjMVTiYGM","2013795891979919718","https://pbs.twimg.com/media/G_JwrHPaoAAK4gC.jpg","","in","","8","10","2","https://x.com/vreddoll/status/2013795891979919718","2724299347","vreddoll"
"2013668050675945626","2026-01-20T17:40:50.000Z","1","Hayy open🐣 Jasa Pemulihan Akun, Hapus Akun, Sadap, Akun dihack, terkunci, ditangguhkan💮

Atau Mau hapus akun tanpa email, sandi, no hp?

 Info more by wa☎ https://t.co/KafxlCUCNQ","2013668050675945626","https://pbs.twimg.com/media/G_H8a32XMAA6Rsy.jpg","","in","","6","10","2","https://x.com/vreddoll/status/2013668050675945626","2724299347","vreddoll"
"2013206952776470643","2026-01-20T12:39:41.000Z","56","@aurevoirmonpass @UnclePeci @miyonn44 bener, karna bagi gaben, cara ngilangin piracy bukan bikin antipiracy, tapi bikin org org nyaman  sama platformnya, org org beli di steam karna suka sama pelayanan nya, mudah, sering diskon, pelayanan customer steam bahkan sering dijadiin jokes kl kita lapor akun dihack","2013592266078855420","","aurevoirmonpass","in","","1","1","1","https://x.com/Athrn30/status/2013592266078855420","835874619810705409","Athrn30"
"2008228006402383918","2026-01-05T17:24:02.000Z","2","Akhirnya drama akun dihack selesai","2008228006402383918","","","in","","0","0","0","https://x.com/faizwtsqlum/status/2008228006402383918","529172135","faizwtsqlum"
"1990550262172561522","2025-11-18T00:34:31.000Z","5","@Belok_dong maaf mas, akun saya diretas","1990579336672653810","","Belok_dong","in","","0","1","0","https://x.com/aewin86/status/1990579336672653810","119691957","aewin86"
"1976989925158342919","2025-10-11T12:35:03.000Z","1","Babu! Cara bedain email kode buat verif login genshin biasa, sama verif ganti pass (akun dihack) itu gimana ya? Sender agak trust issue, tia!","1976989925158342919","","","in","","0","2","0","https://x.com/babufess/status/1976989925158342919","1373592890916491266","babufess"
"1971784289370141175","2025-09-27T03:49:43.000Z","36","ya gimna ga sakit hati anjir, akun nya dihack tp difitnah yg ngaa ngaa... dikira ngebangun akun sampe segede itu gampang. lg sedih akun dihack tbtb dituduh sengaja ngejelek²in fb lain dgn alibi dihack. harusnya jd adm fb tuh bisa bijak, jangan blunder terus. kebiasaan 🙂‍↕️","1971784289370141175","","","in","","0","2","3","https://x.com/acqelay/status/1971784289370141175","1923806037179760644","acqelay"
"1970791317832888660","2025-09-24T10:04:00.000Z","0","Kalau sayang orangtua, jangan segan untuk mengingatkan mereka agar berhati-hati mengklik sesuatu di WhatsApp. Ada modus baru yang bisa membuat akun WA dibajak.

https://t.co/bcr2sisYhI","1970791317832888660","","","in","","0","0","1","https://x.com/detikcom/status/1970791317832888660","69183155","detikcom"
"1970756723825877453","2025-09-24T07:46:32.000Z","0","Kalau sayang orangtua, jangan segan untuk mengingatkan mereka agar berhati-hati mengklik sesuatu di WhatsApp. Ada modus baru yang bisa membuat akun WA dibajak.

https://t.co/rWqAZlzgGA","1970756723825877453","","","in","","0","0","0","https://x.com/detikinet/status/1970756723825877453","135815019","detikinet"
"1954248268709577164","2025-08-09T18:27:50.000Z","0","@TeamYouTube butuh bantuan darurat. Akun saya diretas, info pemulihan diganti &amp; form https://t.co/BXYus92pOy gagal.
Saya punya bukti kuat: Saya ingat sandi pertama &amp; email akun memakai nama asli saya (siap verifikasi KTP). Tolong, beri saya kesempatan verifikasi manual.","1954248268709577164","","TeamYouTube","in","","1","3","0","https://x.com/SlappXD_/status/1954248268709577164","1627139665387225095","SlappXD_"
"1942167988737909024","2025-07-07T10:25:06.000Z","5","Kalian harus hati hati gusy kalo ada mutual yg tetiba nge dm ""please help me."" itu akunnya udah dihack, pasti ga lama akunnya kesuspend... demn baru merasakannya... apakah lg jaman akun dihack😭","1942167988737909024","","","in","","1","4","0","https://x.com/miawyukii/status/1942167988737909024","1227975365735284736","miawyukii"
"1925036192535589014","2025-05-21T04:50:44.000Z","4","@discevery @stillxxlxx Iya bener, dia juga smpe skrng gatau klo akun dihack noel krna disuruh raisa dan bikin dia diusir dr rumah juga.","1925051609836585454","","discevery","in","","0","0","0","https://x.com/goddesscill/status/1925051609836585454","1825722853939097600","goddesscill"
"1924022631470334035","2025-05-18T08:41:56.000Z","0","hai guys, Butuh Jasa Pemulihan Akun ? Facebook, Instagram, Twitter, Tiktok,Lindkedin, WhatsApp, Telegram,Akun dihack/terkunci/ditangguhkan Sadap wa,Ig,tele,dan lacak lokasi
https://t.co/CVbj4kVjxa

#zonauang️ #zonajajan https://t.co/92xuSIH7ke","1924022631470334035","https://pbs.twimg.com/media/GrOAYbVX0AAFUm9.jpg","","in","","2","0","0","https://x.com/heeprodace/status/1924022631470334035","2365770378","heeprodace"
"1923572890253013044","2025-05-17T02:54:49.000Z","0","hai guys, Butuh Jasa Pemulihan Akun ? Facebook, Instagram, Twitter, Tiktok,Lindkedin, WhatsApp, Telegram,Akun dihack/terkunci/ditangguhkan Sadap wa,Ig,tele,dan lacak lokasi
https://t.co/CVbj4kVjxa

#zonauang️ #zonajajan https://t.co/aLUTUmaIAW","1923572890253013044","https://pbs.twimg.com/media/GrHnWAxWQAAEH9_.jpg","","in","","3","1","0","https://x.com/heeprodace/status/1923572890253013044","2365770378","heeprodace"
"1923521761972453444","2025-05-16T23:31:40.000Z","1","hai guys, Butuh Jasa Pemulihan Akun ? Facebook, Instagram, Twitter, Tiktok,Lindkedin, WhatsApp, Telegram,Akun dihack/terkunci/ditangguhkan Sadap wa,Ig,tele,dan lacak lokasi
https://t.co/CVbj4kVjxa

#zonajajan️️ #zonauang️ https://t.co/YAPpiUDuEy","1923521761972453444","https://pbs.twimg.com/media/GrG41xmWAAAZo8c.jpg","","in","","3","0","0","https://x.com/heeprodace/status/1923521761972453444","2365770378","heeprodace"
"1923255250107929044","2025-05-16T05:52:38.000Z","0","hai guys, Butuh Jasa Pemulihan Akun ? Facebook, Instagram, Twitter, Tiktok,Lindkedin, WhatsApp, Telegram,Akun dihack/terkunci/ditangguhkan Sadap wa,Ig,tele,dan lacak lokasi
https://t.co/CVbj4kULHC

#zonauang️ #zonajajan️️ https://t.co/nIeN6D3wX5","1923255250107929044","https://pbs.twimg.com/media/GrDGdHSaAAEQSuO.jpg","","in","","3","0","0","https://x.com/heeprodace/status/1923255250107929044","2365770378","heeprodace"
"1922998791847760015","2025-05-15T12:53:34.000Z","1","hai guys, Butuh Jasa Pemulihan Akun ? Facebook, Instagram, Twitter, Tiktok,Lindkedin, WhatsApp, Telegram,Akun dihack/terkunci/ditangguhkan Sadap wa,Ig,tele,dan lacak lokasi
https://t.co/CVbj4kULHC

#zonauang #zonajajan https://t.co/2flxcEYmBQ","1922998791847760015","https://pbs.twimg.com/media/Gq_dM6haoAANexL.jpg","","in","","3","0","0","https://x.com/heeprodace/status/1922998791847760015","2365770378","heeprodace"
"1922598403789193250","2025-05-14T10:22:34.000Z","0","hai guys, Butuh Jasa Pemulihan Akun ? Facebook, Instagram, Twitter, Tiktok,Lindkedin, WhatsApp, Telegram,Akun dihack/terkunci/ditangguhkan Sadap wa,Ig,tele,dan lacak lokasi
https://t.co/CVbj4kULHC

#zonauang #zonajajan https://t.co/xuaTC1zR5o","1922598403789193250","https://pbs.twimg.com/media/Gq5xDbiWgAAuXKw.jpg","","in","","3","0","0","https://x.com/heeprodace/status/1922598403789193250","2365770378","heeprodace"
"1922191983990194501","2025-05-13T07:27:36.000Z","0","hai guys, Butuh Jasa Pemulihan Akun ? Facebook, Instagram, Twitter, Tiktok,Lindkedin, WhatsApp, Telegram,Akun dihack/terkunci/ditangguhkan Sadap wa,Ig,tele,dan lacak lokasi
https://t.co/CVbj4kULHC

#zonauang️ #zonajajan https://t.co/gpG5mof0Pi","1922191983990194501","https://pbs.twimg.com/media/Gqz_a2JWgAAbkrV.jpg","","in","","3","0","0","https://x.com/heeprodace/status/1922191983990194501","2365770378","heeprodace"
"1921986682548584470","2025-05-12T17:51:48.000Z","0","hai guys, Butuh Jasa Pemulihan Akun ? Facebook, Instagram, Twitter, Tiktok,Lindkedin, WhatsApp, Telegram,Akun dihack/terkunci/ditangguhkan Sadap wa,Ig,tele,dan lacak lokasi
https://t.co/CVbj4kULHC

#zonauang #zonajajan️️ https://t.co/LtS7op1J5j","1921986682548584470","https://pbs.twimg.com/media/GqxEsqZXwAA7mPP.jpg","","in","","3","0","0","https://x.com/heeprodace/status/1921986682548584470","2365770378","heeprodace"
"1921817310613955042","2025-05-12T06:38:47.000Z","0","hai guys, Butuh Jasa Pemulihan Akun ? Facebook, Instagram, Twitter, Tiktok,Lindkedin, WhatsApp, Telegram,Akun dihack/terkunci/ditangguhkan Sadap wa,Ig,tele,dan lacak lokasi
https://t.co/CVbj4kULHC

#zonauang #zonajajan https://t.co/igrGAaq7Jj","1921817310613955042","https://pbs.twimg.com/media/Gquqp5ka8AA-7yb.jpg","","in","","3","0","0","https://x.com/heeprodace/status/1921817310613955042","2365770378","heeprodace"
"1921581530381463803","2025-05-11T15:01:52.000Z","0","hai guys, Butuh Jasa Pemulihan Akun ? Facebook, Instagram, Twitter, Tiktok,Lindkedin, WhatsApp, Telegram,Akun dihack/terkunci/ditangguhkan Sadap wa,Ig,tele,dan lacak lokasi
https://t.co/CVbj4kULHC

#zonauang #zonajajan️️ https://t.co/ohBeF1xBUr","1921581530381463803","https://pbs.twimg.com/media/GqrUNhgWsAARp7F.jpg","","in","","3","0","0","https://x.com/heeprodace/status/1921581530381463803","2365770378","heeprodace"
"1921504216356385079","2025-05-11T09:54:39.000Z","0","hai guys, Butuh Jasa Pemulihan Akun ? Facebook, Instagram, Twitter, Tiktok,Lindkedin, WhatsApp, Telegram,Akun dihack/terkunci/ditangguhkan Sadap wa,Ig,tele,dan lacak lokasi
https://t.co/CVbj4kULHC

#zonauang #zonajajan https://t.co/lzylAQgigZ","1921504216356385079","https://pbs.twimg.com/media/GqqN5Zua4AAxlWh.jpg","","in","","3","0","0","https://x.com/heeprodace/status/1921504216356385079","2365770378","heeprodace"
"1921467438786310252","2025-05-11T07:28:31.000Z","0","hai guys, Butuh Jasa Pemulihan Akun ? Facebook, Instagram, Twitter, Tiktok,Lindkedin, WhatsApp, Telegram,Akun dihack/terkunci/ditangguhkan Sadap wa,Ig,tele,dan lacak lokasi
https://t.co/CVbj4kULHC

#zonauang️ #zonajajan https://t.co/eOZDmboq0i","1921467438786310252","https://pbs.twimg.com/media/GqpscxNaYAA5x70.jpg","","in","","3","0","0","https://x.com/heeprodace/status/1921467438786310252","2365770378","heeprodace"
"1920516199596585226","2025-05-08T16:28:38.000Z","0","hai guys, Butuh Jasa Pemulihan Akun ? Facebook, Instagram, Twitter, Tiktok,Lindkedin, WhatsApp, Telegram,Akun dihack/terkunci/ditangguhkan Sadap wa,Ig,tele,dan lacak lokasi 
https://t.co/CVbj4kULHC

#zonauang #zonajajan️️ https://t.co/Y31AkasUGB","1920516199596585226","https://pbs.twimg.com/media/GqcLTO_WcAYjabF.jpg","","in","","1","0","0","https://x.com/heeprodace/status/1920516199596585226","2365770378","heeprodace"
"1920516177710706991","2025-05-08T16:28:32.000Z","0","hai guys, Butuh Jasa Pemulihan Akun ? Facebook, Instagram, Twitter, Tiktok,Lindkedin, WhatsApp, Telegram,Akun dihack/terkunci/ditangguhkan Sadap wa,Ig,tele,dan lacak lokasi 
https://t.co/CVbj4kULHC

#zonauang #zonajajan️️ https://t.co/t1L0N7CQI4","1920516177710706991","https://pbs.twimg.com/media/GqcLR6gWcAA4eoZ.jpg","","in","","1","0","0","https://x.com/heeprodace/status/1920516177710706991","2365770378","heeprodace"
"1920491919370825873","2025-05-08T14:52:09.000Z","0","hai guys, Butuh Jasa Pemulihan Akun ? Facebook, Instagram, Twitter, Tiktok,Lindkedin, WhatsApp, Telegram,Akun dihack/terkunci/ditangguhkan Sadap wa,Ig,tele,dan lacak lokasi 
https://t.co/CVbj4kVjxa

#zonauang #zonajajan https://t.co/60ytT2KbkH","1920491919370825873","https://pbs.twimg.com/media/Gqb1N-yWAAAE076.jpg","","in","","1","0","0","https://x.com/heeprodace/status/1920491919370825873","2365770378","heeprodace"
"1920491847157223496","2025-05-08T14:51:52.000Z","0","hai guys, Butuh Jasa Pemulihan Akun ? Facebook, Instagram, Twitter, Tiktok,Lindkedin, WhatsApp, Telegram,Akun dihack/terkunci/ditangguhkan Sadap wa,Ig,tele,dan lacak lokasi 
https://t.co/CVbj4kULHC

#zonauang #zonajajan https://t.co/lbwRDXO9G8","1920491847157223496","https://pbs.twimg.com/media/Gqb1Jq2XsAAbLJi.jpg","","in","","1","0","0","https://x.com/heeprodace/status/1920491847157223496","2365770378","heeprodace"
"1917710444158218424","2025-04-30T22:39:33.000Z","5","Woy akun lu dihack ya?😭

2 kemungkinan

1. Lu beneran tp front end tuh web gembel bgt (dem anak sd apa yg buat😭)
2. Akun dihack &amp; mau nipu jd app sengaja dibikin gk jelas. Nyuruh masukin usn + pass tp gk bisa masuk2, jln akhir buat nipu ya minta usn

Ada yg didm kek gini?😭 https://t.co/EOyEDhC5aa","1917710444158218424","https://pbs.twimg.com/media/Gp0TdoSaYAMyatH.jpg","","in","","0","7","0","https://x.com/markcchiatto/status/1917710444158218424","1807396479713341440","markcchiatto"
"1912797681149460722","2025-04-17T11:58:27.000Z","6","@n4j2n Hubungan jangan R&amp;B nyimeng sama akun dihack aerishines apaan deh?
Justru karena protect melindungi fans akgae yg nyulut war dengan tweet harrass juga gak baik, dan harus dibasmi. Bukan cuma di aerishines aja, bisa jadi subfandom lain akan berang karena akun protect nyulut juga.","1912838061206937689","","n4j2n","in","","0","1","0","https://x.com/thelattenroyal/status/1912838061206937689","1618407768364552193","thelattenroyal"
"1912105921032953950","2025-04-15T13:12:26.000Z","164","@Y_D_Y_P @sugondese6666 Ya mana ada, orang dongeng doang 😂 akun dihack, rumah didatengin, dll., mungkin ulah si faker sendiri biar dapat engagement.","1912131906763735297","","Y_D_Y_P","in","","0","0","1","https://x.com/unterallersauuu/status/1912131906763735297","3292349923","unterallersauuu"
"1908457972470342147","2025-04-05T13:33:11.000Z","1","@BosPurwa Yang Mulia @grok, apakah panjenengan tidak takut akun dihack terus didoxxing sama parcok dan parjo?","1908513249525719292","","BosPurwa","in","","0","1","0","https://x.com/suklisius/status/1908513249525719292","82609186","suklisius"
"1907999099615588510","2025-04-04T15:31:43.000Z","3","@leony_be @tilehopper @BudiBukanIntel Maaf baru tau dr tweet sebelumnya kalau bpknya S ternyata interpol. 
🥲
Baru ngikutin kasusnya setelah akun dihack. 
Bnr2 idiot","1908180691000713240","","leony_be","in","","0","0","0","https://x.com/fine_w1ne/status/1908180691000713240","260608044","fine_w1ne"
"1907097597103489254","2025-04-01T15:50:25.000Z","1","@sugondese6666 Serius gon klo pun ini akun dihack gue masih ada 4 akun Twitter yang belum dikeluarkan,dengan gaya komentar yang berbeda-beda tergantung mood 😶","1907098233660494016","","sugondese6666","in","","0","1","0","https://x.com/Hamdiirawan17/status/1907098233660494016","1289830915657461760","Hamdiirawan17"
"1906917155104538795","2025-04-01T03:54:46.000Z","9","@raymondchins Akun dihack apa satire sih. Yg jelas dong.","1906918132155040110","","raymondchins","in","","0","14","0","https://x.com/ram_udeng/status/1906918132155040110","1603629987038343168","ram_udeng"
"1906253915231785225","2025-03-30T07:55:24.000Z","42","Oh gini rasanya akun dihack 🤣","1906253915231785225","","","in","","1","11","2","https://x.com/FORREVENGE/status/1906253915231785225","55424983","FORREVENGE"
"1906135602413842862","2025-03-30T00:05:16.000Z","2","Gue bukan seneng sih ni akun dihack, tapi bahan polisi denmarknya jadi makin valid buat ngurus gangguan ke warganya itu. Mudah2an nggak nyesel ya ngehacknya 🤩","1906135602413842862","","","in","","0","0","0","https://x.com/hedithp/status/1906135602413842862","71738913","hedithp"
"1906096462972457223","2025-03-29T21:29:44.000Z","3","serem banget sekarang mau self expression doang susah. dari kemaren lewat mulu akun dihack + doxxing… 58% beneran masuk neraka anjrit","1906096462972457223","","","in","","0","0","0","https://x.com/cabe2avvit/status/1906096462972457223","4772744112","cabe2avvit"
"1906045498886390022","2025-03-29T18:13:50.000Z","792","@zilverentinte BTW kalo doi beneran bule mana mungkin pake emoji 🙏 buat minta maaf. This is a freaking high five bruh. Fix ini akun dihack juga.","1906047160451555522","","","in","","1","1","45","https://x.com/N0odlees/status/1906047160451555522","1048074834700189701","N0odlees"
"1906013133552148613","2025-03-29T16:07:58.000Z","16","@WSTWMYKY bocil banget mainnya hack hackan, dikira serem gitu satu akun dihack gini? dikira serem uuu serem akun orang bisa dihack, polisi tolol gabecus kerja profesional","1906015484706992297","","","in","","0","0","1","https://x.com/rkila_/status/1906015484706992297","825624638071857152","rkila_"
"1905444219172651060","2025-03-28T13:33:02.000Z","176","@faramondfayy Nah ini bener, gw dulu nyesel bgt ig ga di pakein 2fa, followers udah banyak, gw cape bikin konten malah tu akun dihack, pw, email, no telp diganti, kalo klian udh ditahap itu, bisa dibilang udh gada harapan lagi, selagi masih ada waktu amankan sekaranggg","1905614107379745202","","faramondfayy","in","","0","1","5","https://x.com/Ayulestari_167/status/1905614107379745202","1777810273723981824","Ayulestari_167"
"1880796920878350367","2025-01-19T21:59:17.000Z","6","@Newbiekoo @deardia84418405 @xianwuwei @tita_titania_ @tanyakanrl Hubungannya sama akun dihack apa? Udah dibilang kalo pny anak omongan hrs dijaga. Jgn seenaknya sama org lain kalo gamau keluarga kena. Ngerti? Melenceng? Engga, ini masih bahas org yg sama melenceng tu kalo bahas kakeknya Pep Guardiola","1881099132758278297","","Newbiekoo","in","","0","0","0","https://x.com/rosemariie007/status/1881099132758278297","1207538814702342144","rosemariie007"
"1875757612542918754","2025-01-05T04:29:02.000Z","70","@id_fm Kita liat kalo ini ga bener ngelesnya bakal kek gimana ini. Apakah akun dihack?","1875761402365022530","","id_fm","in","","0","1","0","https://x.com/RevoNugroho/status/1875761402365022530","1062348831235264513","RevoNugroho"
"1864039628099170679","2024-12-03T20:10:54.000Z","0","akun dihack pas mau balikin ternyata dihapus permanen anjay","1864039628099170679","","","in","","0","4","0","https://x.com/shxxvaa/status/1864039628099170679","756438489697169408","shxxvaa"
"1852746115386646887","2024-11-02T16:14:30.000Z","0","cara balikin akun dihack gmn guys😭","1852746115386646887","","","in","","0","6","0","https://x.com/ayerawithsky/status/1852746115386646887","1660699100218789890","ayerawithsky"
"1839355329177637279","2024-09-27T05:02:46.000Z","515","@noissz2 @jjjooov @xylans @BudiBukanIntel @tekarok007 Sudah kuduga pembelaannya kalau ga ""akun belum terbukti"", ""akun dihack"", ""kenakalan anak muda"". Cuiih! 
Penjilat Gibran tolol.","1839531103222427673","","noissz2","in","","0","1","9","https://x.com/pearlonymous/status/1839531103222427673","1475450127233937411","pearlonymous"
"1834870807077761042","2024-09-14T08:24:25.000Z","5","Army ini sinting ya 😂 saking denialnya sampe suuzon itu akun dihack.","1834870807077761042","","","in","","0","1","0","https://x.com/YeojaFriendGF/status/1834870807077761042","949952146568458241","YeojaFriendGF"
"1833534266262917264","2024-09-10T15:53:29.000Z","2","gibran bukan Arhan tapi
gibran itu fufufafa yg nyamar tapi nuduh admin &amp; akun dihack
pembantu mulyono turun tangan tuk cuci tangan agar case pencucian uang tetap mulus jalannya..tuk tik tak tik tuk
#SkandalFufufafa https://t.co/5lIjxnUbLI","1833534266262917264","https://pbs.twimg.com/media/GXIFsonboAAmO-e.jpg","","in","","0","0","1","https://x.com/FitraYouse/status/1833534266262917264","1604019750874812417","FitraYouse"
"1833393931801042995","2024-09-10T11:10:50.000Z","11","@rasjawa @adarwis Kalau mau menyangkal, lebih baik bilang akun dihack. Ga perlu dibuktikan. Pokoknya bilang dihack aja, yang posting bukan saya. Kalau alibinya akun baru dibikin, malah keliatannya boong karena kan komen itu terhubung dg yg lain 🥴","1833463134448947365","","rasjawa","in","","0","2","0","https://x.com/budsan73/status/1833463134448947365","271475917","budsan73"
"1832916470004887795","2024-09-09T00:38:33.000Z","66","@RagilSemar Opsi 1. Minta maaf ke Prabowo atas semua kejulidan yg dilakukan, janji ga akan ngulangin lagi. Case close. 
Opsi 2. Menyangkal sbg pemilik akun. Akan jadi gorengan isu dan sasaran tembak. 
Opsi 3. Beralasan akun dihack. Netizen akan terus ngulik. Nunggu reda.
Opsi 4.  YNTKTS","1832941630074278308","","RagilSemar","in","","0","7","3","https://x.com/budsan73/status/1832941630074278308","271475917","budsan73"
"1819708754390315097","2024-08-03T13:30:05.000Z","2","@IDGoonerscom Ini akun dihack ya?","1819727442099290159","","IDGoonerscom","in","","1","1","1","https://x.com/goatzid/status/1819727442099290159","1687970209506922497","goatzid"
"1814605478925627462","2024-07-20T10:17:14.000Z","2","Facebook pelanggan lama 🤦 Akun saya diretas dan dikunci minggu ini. Tidak ada layanan pelanggan, @Instagram juga diblokir. Mengirim ID untuk verifikasi, namun akun dinonaktifkan. Untungnya, saya disarankan kepada @memvchael, jenius ini membantu pulihkan akun saya https://t.co/rkOZpM6e7u","1814605478925627462","https://pbs.twimg.com/media/GS7GBJoW8AAkECt.jpg","","in","","0","1","2","https://x.com/izaalejita8/status/1814605478925627462","338541642","izaalejita8"
"1811746284182618317","2024-07-12T12:55:49.000Z","5","Facebook pelanggan lama 🤦 Akun saya diretas dan dikunci minggu ini. Tidak ada layanan pelanggan, @Instagram juga diblokir. Mengirim ID untuk verifikasi, namun akun dinonaktifkan. Untungnya, saya disarankan kepada @memvchael, jenius ini membantu pulihkan akun saya https://t.co/64vJcDg0CF","1811746284182618317","https://pbs.twimg.com/media/GSSdoRsXsAA0V8v.jpg","","in","","0","0","3","https://x.com/bwo_stres/status/1811746284182618317","96771008","bwo_stres"
"1811364664867016999","2024-07-11T11:39:24.000Z","5","Facebook pelanggan lama 🤦 Akun saya diretas dan dikunci minggu ini. Tidak ada layanan pelanggan, @Instagram juga diblokir. Mengirim ID untuk verifikasi, namun akun dinonaktifkan. Untungnya, saya disarankan kepada @memvchael, jenius ini membantu pulihkan akun saya https://t.co/Ci0OrqCms8","1811364664867016999","https://pbs.twimg.com/media/GSNCg9wWwAARptJ.jpg","","in","","0","0","4","https://x.com/bwo_stres/status/1811364664867016999","96771008","bwo_stres"
"1808524065927499912","2024-07-03T15:31:52.000Z","4","Akunku 2x ke hack dan ini kejadian baru tadi pagi dan yang paling penting itu akun ditautkan ke email sama no hp aktif dan aku jg aktifin verif 2 langkah, mudah2an meminimalisir akun dihack 😭 dan ada yang tanya gimana aktifinnya aku bakal bikin thread tp mmf kalau berantakan https://t.co/jSpTmJOCDM","1808524065927499912","https://pbs.twimg.com/media/GRkrDGRbYAEuQma.jpg","","in","","0","2","1","https://x.com/h4_ne1_L/status/1808524065927499912","756503256","h4_ne1_L"
"1801134864189870484","2024-06-13T06:14:25.000Z","6","@BoBoiBoy Ini akun dihack ya sama TTM","1801136019003318738","","BoBoiBoy","in","","0","0","1","https://x.com/tiwiewww/status/1801136019003318738","1648956693144010753","tiwiewww"
"1801055029669015603","2024-06-13T01:07:07.000Z","48","@westenthu Gue malah takut itu akun dihack bjirrr","1801058686443430061","","westenthu","in","","0","0","0","https://x.com/zmrym_/status/1801058686443430061","1240643149610905600","zmrym_"
"1800450492021317775","2024-06-11T08:50:22.000Z","2","sekarang lagi jaman yang akun dihack terus ngedm minta top up gak sih..? sori agak suudzon soalnya ini ada temen seangkatan tiba2 dm minta tf","1800450492021317775","","","in","","0","2","0","https://x.com/itbjeonghan/status/1800450492021317775","1310977622810062850","itbjeonghan"
"1798519350321872935","2024-06-06T09:32:12.000Z","1","@Hwang_Bear3010 @gyeoulcouple Awal2 promonya villain padahal meledak banget loh itu banyak yg penasaran, apalagi pas pake gimmick semua akun dihack, eh pas mulai promosi di mushow langsung melempem itu tim marketingnya 🫠","1798649079385542906","","","in","","0","0","0","https://x.com/HanSerdadu/status/1798649079385542906","1750534320098594817","HanSerdadu"
"1798186249985073314","2024-06-05T03:55:24.000Z","0","@keyininut Hai kak, maaf atas ketidaknyamanannya. Terkait kendala indikasi akun dihack, pastikan km tdk menginformasikan data pribadi ke pihak lain ya. Agar dpt mimin bantu cek bs infoin detail kronologi dan username melalui DM twitter @ShopeeID . Sehat selalu 🙏^CG","1798201934526263712","","keyininut","in","","0","0","0","https://x.com/ShopeeID/status/1798201934526263712","2983890506","ShopeeID"
"1788487139451437452","2024-05-09T08:32:17.000Z","3","Ada yg bisa betulin akun dihack gak -rek?","1788487139451437452","","","in","","0","0","0","https://x.com/sbyfess/status/1788487139451437452","1152437175587241985","sbyfess"
"1782408060545519705","2024-04-22T14:07:51.000Z","6","@ezash Ngelesnya akun Linkedin sama WA dibajak 🤣","1782410993827786861","","ezash","in","","0","3","0","https://x.com/h_rhmnt/status/1782410993827786861","22472817","h_rhmnt"
"1767516463827653090","2024-03-12T23:25:01.000Z","15","@Einsteinium_0 yaampun ... mana banyak bgt, hati2 kak/semuanya, gaada yg bisa HACK akun. AKUN DIHACK itu bisa terjadi kalau korban KLIK LINK PHISING yang sudah dibuat oleh si oknum, jadi tanpa itu apalagi cuma pake usn atau ss akun, ya pasti tipuan.

DAN TDK ADA JASA YANG BUKA JASA HACK ACC","1767693309668139222","","Einsteinium_0","in","","0","0","1","https://x.com/gerimisn/status/1767693309668139222","1219997934512570374","gerimisn"
"1759020430319329698","2024-02-18T01:02:06.000Z","6","Cara Cek Akun WA Dibajak atau Tidak Pakai WhatsApp Web https://t.co/wpXkFe0UQ3","1759020430319329698","","","in","","0","0","0","https://x.com/CNNIndonesia/status/1759020430319329698","17128975","CNNIndonesia"
"1753298855154868244","2024-02-02T06:06:36.000Z","2","Template aktivis, WA dibajak 😂","1753298855154868244","","","in","","0","0","0","https://x.com/JSTrikukuh/status/1753298855154868244","80493203","JSTrikukuh"
"1752302078838612131","2024-01-30T12:06:26.000Z","8","Untuk akun dihack dari UID, setahu aku itu hoax ya. Paling sering ya lewat malware itu, makanya jarang ada yang tahu dan kirain pakai UID

Segitu dulu thread Alin, kurang lebihnya mohon maaf, semoga membantu dan semoga akun kalian aman selalu!","1752302247734853851","","lilinsukachilde","in","","0","1","1","https://x.com/lilinsukachilde/status/1752302247734853851","1195288023392407552","lilinsukachilde"
"1751564063946297798","2024-01-28T11:42:20.000Z","1","@berrysh0p_ @berrysh0p_ Hai kak, maaf udh buat km cemas. Terkait akun dihack, boleh infoin ke mimin detail kronologinya melalui dm ya. Stay safe kak 🙏^QB","1751571405760823646","","jenitsue","in","","0","0","0","https://x.com/ShopeeID/status/1751571405760823646","2983890506","ShopeeID"
"1748064258380705952","2024-01-20T11:18:26.000Z","2","@WhatsApp Halo WhatsApp akun syaa terblokir permanen karena diduga melakukan spam. Padahal akun saya diretas oleh seseorang dan melakukan pelanggaran. Saya memohon dengan sangat untuk dipulihkan kembali karena akun saya sangat penting untuk perkuliahan dan pekerjaan saya.terimakasih","1748666286870352356","","WhatsApp","in","","1","0","0","https://x.com/panggilajaliyaa/status/1748666286870352356","1416402624450994180","panggilajaliyaa"
"1747099196287795639","2024-01-16T03:52:50.000Z","11","@intinyadeh Lazada emang gitu, informasi akun ortu pernah bocor, ada yang login, pesen-pesen barang aneh semua COD nonstop. Hubungin CS ga ngaruh, nonaktifin akun ga bisa, akhirnya ganti nama alamat jadi 'akun dihack'

Sampe harus kerja sama sama kurir buat nolakin paket COD ini🤡","1747104596420649088","","intinyadeh","in","","0","1","1","https://x.com/chldksru/status/1747104596420649088","596564634","chldksru"
"1745828611717034092","2024-01-12T19:53:37.000Z","1","@herculep638 Nnti juga materai 10ribu bilang akun dihack","1745896836714660285","","herculep638","in","","0","0","0","https://x.com/Rah_kmadi/status/1745896836714660285","1694262568901378049","Rah_kmadi"
"1742116432543137949","2024-01-02T12:06:17.000Z","19","- bikin akun PB baru langsung dijual Rp2rb-5rb
- akun dihack karena PC dipasang keylogger
- disamperin dan dimarahin bapak/ibu ke warnet karena ijin mau kerja kelompok
- beli voucher game dikerok dulu baru masukin kode
- searching cheat GTA dicatet dikertas terus ke rental PS","1742155348126105885","","txtdrgame","in","","1","3","1","https://x.com/txtdrgame/status/1742155348126105885","1292095570979336192","txtdrgame"
"1737724425339109423","2023-12-21T06:47:50.000Z","5","@shitlicious Baru ngalami X down... aku kira akun dihack.","1737726555106009317","","shitlicious","in","","0","0","0","https://x.com/thenmustslamet/status/1737726555106009317","525510948","thenmustslamet"
"1726119638311088416","2023-11-19T06:32:06.000Z","1144","@tanyakanrl Pernah, tinggal ajuin banding aja.
Kirim text ""tolong kembalikan akun whatsapp ini, dikarenakan ada data penting. Kemungkinam akun saya diretas.""

6 jam paling lama, dah balik lg.","1726126181249155569","","tanyakanrl","in","","2","5","80","https://x.com/do_raem0n/status/1726126181249155569","1019931801463111687","do_raem0n"
"1722207837454274985","2023-11-08T11:02:00.000Z","114","Hy, karena aku lagi sedih brutal ditambah dmku ilang bjir karena akun dihack jd makin sedih brutal. Mw adain mini GA buat mutualku.

- 1 wdp
- 28 dm/10k 1 orang
- 5 charisma 20 dm

Repost, like sama komen apa aj bebas terserah suka-suka bapaknya. End klau ak ga sdih lg. Mksie.","1722207837454274985","","","in","","1","131","123","https://x.com/lovetaehyun_/status/1722207837454274985","1364375052431417348","lovetaehyun_"
"1709282190381424975","2023-10-29T20:35:54.000Z","0","@gmail gmail tolong bantu akun saya diretas seseorang, akun pemulihan serta nomor telfon yang disangkutkan semuanya diganti oleh hacker. Sehingga sampai saat ini saya tidak bisa mengaksesnya kembali. aku sedih karena itu akun utama dan akun lama aku, banyak kenanganku di akun tersebut.","1718728387995603379","","gmail","in","","2","1","0","https://x.com/NAUVALAQIL5/status/1718728387995603379","1210758045002657792","NAUVALAQIL5"
"1707312159225700699","2023-09-28T09:34:57.000Z","8","@Dennysiregar7 @cakimiNOW 2 hari malas buka Twitter gara-gara Kaesang jadi ketum @psi_id 
Akhirnya nongol juga, gak kuat liat Amin jadi tamu HRS di Petamburan😁😁
Langsung gatel tu jari mo ngetik radikal-radikul.
Alasan akun dihack dah balik lagi🤣🤣
Alasan yang konyol, centang biru dihack,  @elonmusk","1707328029826171054","","","in","","0","0","1","https://x.com/Rahmatmikhaela/status/1707328029826171054","905715304801513472","Rahmatmikhaela"
"1694311100941205635","2023-08-23T13:02:31.000Z","2","@ruangmodul Kebanyakan kalau akun dihack itu hilang atau bisa juga foto2 dihapus semua, username sama bio diganti sih. Kalau yg satu ini gak tau ya sengaja pura2 dihack atau apa","1694334300211331116","","wikipedidul","in","","0","1","0","https://x.com/Flowwie2/status/1694334300211331116","1235048388300693504","Flowwie2"
"1693172564804407378","2023-08-20T08:12:06.000Z","2","@flxwerangels Oren ini kalo perkara nagih kemanapun ditagih, tp giliran ada komplain akun dihack org sampe ada tagihan muterrr mulu gaada penyelesaian.","1693174051248971984","","flxwerangels","in","","0","0","0","https://x.com/dompetduadua/status/1693174051248971984","1554744378589327360","dompetduadua"
"1693076888112275590","2023-08-20T01:46:00.000Z","6","Ciri-ciri WA Dibajak, Dapat OTP Hingga Keluar Mendadak https://t.co/vlVgSvdV35","1693076888112275590","","","in","","0","1","3","https://x.com/CNNIndonesia/status/1693076888112275590","17128975","CNNIndonesia"
"1691685289084006836","2023-08-16T05:36:17.000Z","5","minta maaf kalian aja ogah-ogahan, malah batu bilang akun dihack, sekarang blink dituntut balik suruh minta maaf??? mau bgt heran, tp inget ni fandom grupnya msh satu label sm MOSTLY FANS grup yg suka playing victim","1691685289084006836","","","in","","0","2","0","https://x.com/sweejichuya/status/1691685289084006836","1504452375100080139","sweejichuya"
"1664482222303514625","2023-07-20T01:06:35.000Z","2","37. pemulihan akun instagram dihack + terhalang kode a2f ✅️

&gt;&gt; akun dihack, semua akses dihapus, dan dipasang kode authentikasi oleh hacker akhirnya berhasil pulih 😼💖 https://t.co/hJgi5rkXI9","1681832946272198656","https://pbs.twimg.com/media/F1cSJgNagAEpSky.jpg","ashxeren","in","","0","1","1","https://x.com/ashxeren/status/1681832946272198656","1292816890805415937","ashxeren"
"1664482222303514625","2023-07-06T11:41:51.000Z","2","20. pemulihan akun instagram dihack + terhalang kode a2f ✅️

from this ⬇️                        to this ⬇️

&gt;&gt; akun dihack dari bulan april, semua akses diganti + ditambah kode login, akhirnya berhasil pulih 😼❤️‍🔥 https://t.co/a3A1ESUMv7","1676919384336658432","https://pbs.twimg.com/media/F0WdSSfakAAd-Db.jpg","ashxeren","in","","0","2","1","https://x.com/ashxeren/status/1676919384336658432","1292816890805415937","ashxeren"
"1664482222303514625","2023-07-04T14:44:05.000Z","2","18. pemulihan akun instagram dihack ✅️

from this ⬇️                        to this ⬇️

&gt;&gt; akun dihack, sebelumnya memakai jasa hapus akun. tapi karena gagal, mencoba memakai jasa pemulihan, yang akhirnya berhasil pulih 😼💖 https://t.co/OTdkKnveqq","1676240468991180803","https://pbs.twimg.com/media/F0Mz0HdaYAIFxLh.jpg","ashxeren","in","","0","2","1","https://x.com/ashxeren/status/1676240468991180803","1292816890805415937","ashxeren"
"1675398901623590912","2023-07-02T12:01:30.000Z","0","@yourcl1ngyleo Hi kak, maaf ya udah bikin gak nyaman terkait kendala akun dihack. Biar bisa mimin bantu cek, infoin ke mimin detail kendalanya via DM ya kak. Ditunggu🙏^JH","1675474776343871488","","yourcl1ngyleo","in","","0","1","0","https://x.com/ShopeeID/status/1675474776343871488","2983890506","ShopeeID"
"1674987588741136391","2023-07-01T03:45:35.000Z","1","Awas Boncos! Ini 4 Tanda Akun WA Dibajak, Bisa Kuras Rekening https://t.co/zpmRjaMLIb","1674987588741136391","","","in","","0","0","1","https://x.com/cnbcindonesia/status/1674987588741136391","847372542830444544","cnbcindonesia"
"1664482222303514625","2023-06-27T05:23:20.000Z","3","13. pemulihan instagram dihack + terhalang kode a2f ✅️

from this ⬇️ to this ⬇️

&gt;&gt; akun dihack dan dipasangkan a2f akhirnya berhasil diambil alih ❤️‍🔥 https://t.co/RSanCjlO7S","1673562634745167873","https://pbs.twimg.com/media/FzmwUmOXsAUtDrP.jpg","ashxeren","in","","0","1","1","https://x.com/ashxeren/status/1673562634745167873","1292816890805415937","ashxeren"
"1664947763623362562","2023-06-03T10:50:54.000Z","2","Waspada! Ini Ciri Akun WA Dibajak, Bisa Rampok Rekening https://t.co/xsIwSfA3II","1664947763623362562","","","in","","1","0","1","https://x.com/cnbcindonesia/status/1664947763623362562","847372542830444544","cnbcindonesia"
"1661285138897199104","2023-05-24T08:17:08.000Z","7","buka link:
• saya perlu mendapatkan kembali akses ke akun twitter saya
• saya meyakini akun saya diretas atau disalahgunakan
• klik (tidak) https://t.co/aikKM3Gpu4","1661285186464612352","https://pbs.twimg.com/media/Fw4SC-6aQAEzg_1.jpg","JlHANC","in","","1","1","0","https://x.com/JlHANC/status/1661285186464612352","839869958863536128","JlHANC"
"1655469553273434112","2023-05-08T22:40:47.000Z","1","@m_fayzi @drpriono1 Iya mas, sejak akhir2 covid jadi berubah sudut pandangnya. Saya kira dlu akun dihack, ternyata asli. Yah, begitulah, bisa dikira2 penyebabnya lah. Otw unfoll","1655704324583067648","","m_fayzi","in","","0","0","0","https://x.com/bayu_rach/status/1655704324583067648","1041885404","bayu_rach"
"1625147989034663938","2023-05-08T09:05:56.000Z","0","@Auliasitorus4 Hi Kak Aulia, aku mengerti yang kamu rasakan. Untuk keluhan akun dihack yang kamu alami, silakan email di help@dana.id ya Kak. Thanks -RN-","1655499263210823682","","Auliasitorus4","in","","0","0","0","https://x.com/danawallet/status/1655499263210823682","965871936545816577","danawallet"
"1652435681409662976","2023-04-29T22:12:21.000Z","5","gua tuh kesel dah kalo ada yg bilang gini. dgn logika yg sama, bisa bilang gini dong: 'yaudah jgn taro identitas lu di linkedin, risiko dong diambil org dijadiin bahan nipu', 'siapa suruh main sosmed, risiko akun dihack' but yall not ready for this convo bcs what? -","1652435681409662976","","","in","","0","1","0","https://x.com/mi_tektek/status/1652435681409662976","1304068225349500928","mi_tektek"
"1650353418668765185","2023-04-24T07:37:38.000Z","4","@hc_poirot @just_mywin Nada2 nya menuju pernyataan akun dihack...

Trus nunjukin laporan polisi kalau HP nya hilang 🤔😁","1650403609836937218","","hc_poirot","in","","0","1","0","https://x.com/De_wwyyy/status/1650403609836937218","927296508","De_wwyyy"
"1648170802603515907","2023-04-18T05:28:05.000Z","7","@AnggaPutraF Bentar lagi ada yg mohon maaf krn akun dihack ? 😎😅","1648196682168041472","","AnggaPutraF","in","","0","0","0","https://x.com/PineksoRoyi1/status/1648196682168041472","986467168580616193","PineksoRoyi1"
"1641092370954616834","2023-03-30T16:09:50.000Z","3","@yhulaiboy @fajarnugros Lg stress krn ditinggal anak istri, odgj, akun dihack. Gt nanti kira² alasannya.","1641472812568449025","","yhulaiboy","in","","0","0","0","https://x.com/Ekstrem09/status/1641472812568449025","2890698888","Ekstrem09"
"1639248301349535747","2023-03-24T12:50:25.000Z","447","Mending pura2 akun dihack terus ilang semua tweet2 lama, Kang. 🤣🤣🤣🤣","1639248301349535747","","","in","","3","25","156","https://x.com/kozirama/status/1639248301349535747","53360203","kozirama"
"1635506478579843072","2023-03-14T05:01:45.000Z","26","Literasi privasi &amp; penjagaan data digital kita kurang, kombinasi dgn mental maling kita banyak.
Jangan panik ya, klo tau² WA ""dibajak"" dgn pasang foto muka smean yg di-share di segala medsos. Dibajak katanya, padalan scan QR sana sini lupa logout bisa jd penyebab.","1635506478579843072","","","in","","0","1","11","https://x.com/dokterparu/status/1635506478579843072","1335980312","dokterparu"
"1628558543698931712","2023-02-23T02:28:47.000Z","3","@HazHasibuan Ni nanti jangan drama akun dihack ya.. termehek2 lagi nanti..","1628582615430348800","","","in","","0","0","0","https://x.com/mmzaqii/status/1628582615430348800","1561153453824811009","mmzaqii"
"1613533559037513728","2023-01-12T21:25:12.000Z","0","@PutraBachtiar9 @Kanjeng2022 @loegie sebentar lagi, pasang klarifikasi : akun dihack","1613648313433350145","","Real_Elon74","in","","0","0","0","https://x.com/blankbanget/status/1613648313433350145","228935841","blankbanget"
"1597217621233258498","2023-01-09T15:42:46.000Z","16","[ 43 ] 

Akun saya diretas https://t.co/Dfg1tgQHvQ","1612474971703607297","https://pbs.twimg.com/media/FmCpaMjacAAHVyp.jpg","Rubeumdango","in","","1","1","1","https://x.com/Rubeumdango/status/1612474971703607297","1494589957201358849","Rubeumdango"
"1599893778038681600","2022-12-05T22:29:35.000Z","6","Ini gimana dong tindak lanjutnya @danawallet? fungsi nya cs dana apa si?akun saya diretas kok gk ada kerja sama sekali mending shoppe langsung ditindak lanjuti https://t.co/gJfnnr9SWU","1599893778038681600","https://pbs.twimg.com/media/FjP26LMaAAEc45_.jpg","","in","","1","18","0","https://x.com/hmdsahiyaaa/status/1599893778038681600","1455734862388678660","hmdsahiyaaa"
"1585331863026954240","2022-10-27T00:41:33.000Z","0","@jimplenk12 Pagi Mas Jim, kami dapat memahami betapa stres/frustasinya saat akun dihack. Yakinlah kami di sini untuk membantu kamu. Silakan balas pesan dan lanjutkan konsultasi dengan kami melalui DM.","1585431473229815815","","jimplenk12","in","","0","0","0","https://x.com/TeamYouTube/status/1585431473229815815","3031071234","TeamYouTube"
"1582345326119514112","2022-10-18T12:54:24.000Z","10","@Mahdavia1 @txtdrberseragam Kalo ketangkep pake aja alasan
""Akun saya diretas pak""
Banyak yang pake alasan itu tetap manjur bang","1582354410738327553","","Mahdavia1","in","","0","0","0","https://x.com/hayokamucariapa/status/1582354410738327553","1054249671596498944","hayokamucariapa"
"1580181088601001988","2022-10-12T12:58:24.000Z","17","Semoga STY ga bilang:

""Akun Saya diretas orang Turki""","1580181088601001988","","","in","","0","2","3","https://x.com/bonekcasuals/status/1580181088601001988","452792464","bonekcasuals"
"1579480237309849602","2022-10-10T14:57:02.000Z","0","@TheRightBoost maaf bg kirain ni akun dihack ternyata dijual 😭🙏","1579486167430725632","","jakenelayan","in","","0","0","0","https://x.com/jakenelayan/status/1579486167430725632","1504337719199031296","jakenelayan"
"1579150247523414017","2022-10-09T16:42:12.000Z","10","Soal Twit Ngaku Gay, Casillas: Akun Saya Diretas, Maaf untuk Komunitas LGBT https://t.co/yrskbsnrQK https://t.co/lAhg4B77ji","1579150247523414017","https://pbs.twimg.com/media/FepEyBEaAAE2OBu.jpg","","in","","2","3","2","https://x.com/KompasTV/status/1579150247523414017","71436318","KompasTV"
"1576151239125258241","2022-10-01T10:05:13.000Z","2","Tambah banyak kasus WA dibajak, yang tak lakukan:

1. Pasang 2FA bawaan WA nya
2. Encrypt backup. Chat WA ada enkripsi E2E, tapi backup nya, defaultnya ga ada enkripsi apa-apa. Jadi, sekalian aja biar aman.","1576151239125258241","","","in","","0","2","0","https://x.com/faupawrf/status/1576151239125258241","45145674","faupawrf"
"1570190350832271361","2022-09-14T23:19:53.000Z","16","@Tan_Mar3M Alibinya kalo ga akun dihack, becanda atau eksperimen. Auto aman dah","1570190630722351106","","Tan_Mar3M","in","","0","2","1","https://x.com/zomet13/status/1570190630722351106","1189195077836398592","zomet13"
"1569512440869822465","2022-09-13T03:49:27.000Z","3","@rifqilmoeslim @_ekokuntadhi @jagalkadrun1312 Monggo langsung laporkan mawon Gus. Mereka saat ini kalau gak lagi pura2 pingsan, atau lagi bingung mau ngeles seperti apa, kalau sudah mentok ga ada bekingan ya minta maaf nangis2 kalai perlu ngaku sakit syaraf, atau akun dihack sama Bjorka.","1569533693873750016","","rifqilmoeslim","in","","0","0","0","https://x.com/AnisahKFitri1/status/1569533693873750016","1106019859010224128","AnisahKFitri1"
"1567078017821982720","2022-09-06T09:11:29.000Z","2","nanti katanya ... akun saya diretas hehehehe😭🤣🙈","1567078017821982720","","","in","","0","1","0","https://x.com/SAMMONIN/status/1567078017821982720","204738041","SAMMONIN"
"1562679780008669185","2022-08-25T06:14:58.000Z","2","@kdrama_menfess Asli banyak banget tuh kmrn wara wiri. Dan aku sama sekali gak ketawa karena akun dihack itu bikin panik. Bener jg, takutnya kayak Haneul gak mau main sosmed lagi :(((","1562684941871091714","","kdrama_menfess","in","","0","0","0","https://x.com/imsansans/status/1562684941871091714","1721370871","imsansans"
"1539893789489102848","2022-06-23T08:51:03.000Z","2","ada ga sih yg bisa hack akun, pengen bener tu akun dihack biar ilang","1539893789489102848","","","in","","0","2","0","https://x.com/CHSOOBXN/status/1539893789489102848","1270501884474740736","CHSOOBXN"
"1538127603671789569","2022-06-18T11:52:52.000Z","24","Lagi musim akun dihack y? Hati2 teman2..aku jg cukup punya pengalman gontok2an dg hacker Februari th lalu. Sampe passwordku udah mereka ganti 2x. Sempet kudeaktifkan bbrp hari sampe bikin akun baru @eR_Kancana

Untungnya udah pake pengaman, gampang diambil lg...","1538127603671789569","","","in","","0","7","2","https://x.com/RaniKancana/status/1538127603671789569","1303615921550835712","RaniKancana"
"1525067957084180480","2022-05-13T12:43:43.000Z","4","@Lucknuut @CCICPolri @DivHumas_Polri @ListyoSigitP @freddyarjuna 
Awas lo kalo cuma ngaku akun dihack, minta maaf dan materai ceban..
Muke lo jauuuhhh... https://t.co/3h4b5bYGyJ","1525094436015079424","https://pbs.twimg.com/media/FSo5TX-aMAExZi_.jpg","P3N73L474H","in","","0","1","2","https://x.com/SahabatSaber/status/1525094436015079424","919616833002512385","SahabatSaber"
"1520296874695028737","2022-04-30T08:01:18.000Z","2","@AyamSegar3 @seroja_merah @RonnyYulianto7 @__K3raSakti__ @BatuKepla @SerigalaHorny @govindajaya4 @Cupidlucky2 Kan bisa aja dia jawab; Maaf, akun dihack.

🤣🤣🤣","1520312321872363521","","AyamSegar3","in","","0","1","0","https://x.com/sungganteng/status/1520312321872363521","79958394","sungganteng"
"1518575575136309248","2022-04-25T13:00:05.000Z","3204","Akun saya diretas dan tidak bisa diakses sejak semalam. Bahkan nama akun sempat berubah (direname) menjadi akun lain. 

Saat ini akun tidak bisa diakses sama sekali. Saya belum tahu siapa yang melancarkan serangan ini. Entah kerjaan orang iseng  atau ada maksud-maksud tertentu. https://t.co/ivUdWaQYlI","1518575575136309248","https://pbs.twimg.com/media/FRMQbr9VgAEWMRU.jpg","","in","","81","342","915","https://x.com/ganjarpranowo/status/1518575575136309248","109762193","ganjarpranowo"
"1515718726661771270","2022-04-17T15:47:59.000Z","1","1. Ada yang ngatain oplas terus gembok akun,
2. Ada yang bilang akun dihack setelah ngatain beberapa idol,
3. Ada yang nge-prank beberapa menit sebelum jadwal.

Memang lucu, ya? Tiga drama di waktu yang bersamaan 😊","1515718726661771270","","","in","","0","1","0","https://x.com/insfbi/status/1515718726661771270","1475655741075714049","insfbi"
"1514993653361647618","2022-04-15T19:26:00.000Z","6","@Dennysiregar7 @niwablezinky @UGMYogyakarta diapun menjawab: ""akun saya diretas ..""","1515048814045892608","","","in","","0","0","0","https://x.com/Mas_igi/status/1515048814045892608","1078856017880834050","Mas_igi"
"1514189389198692352","2022-04-13T15:04:04.000Z","2","@_ardi__r @_doncorleone78 @WantimpresRI Ntar klarifikasi, akun dihack. 🤭","1514258122378211330","","_ardi__r","in","","0","0","0","https://x.com/JuwetNutrisari/status/1514258122378211330","1514197408841752576","JuwetNutrisari"
"1512303771941965824","2022-04-08T11:30:54.000Z","2","@musyhad @BlueJeans_Hitam @siregar_najeges Alhamdulilah sehat, kenapa uda ? Akun dihack orang ? Apa sudah balik lagi ? 

Duh jahat banget orang kinilah, hati hati ya 🙏🏻","1512392536660226048","","musyhad","in","","0","1","0","https://x.com/DrEvaChaniago/status/1512392536660226048","1355632532","DrEvaChaniago"
"1510604097791037443","2022-04-03T15:50:15.000Z","2","@msaid_didu Giliran dia dilaporin pk segala macem drama kriminalisasi lah, persekusi lah, wa dibajak lah.

Ternyata kelakuannya sama jg, lgsg maen ancem.

Manusia merdeka yg sangat egois!","1510645866125983746","","msaid_didu","in","","0","0","0","https://x.com/masbhima/status/1510645866125983746","1197901038","masbhima"
"1507980658253066241","2022-03-27T07:19:40.000Z","79","Tolong report masal akun @DhasnidarH dan @2hasnidar 

Report klo akun dihack.","1507980658253066241","","","in","","1","43","20","https://x.com/RaniKancana/status/1507980658253066241","1303615921550835712","RaniKancana"
"1507910697908260865","2022-03-27T02:41:40.000Z","21","Yang namanya akun dihack atau dibajak berarti akunnya dipegang orang. Mau ngaku suaminya tau pacarnya, Itu namanya dibajak malih! 

Apalagi posting aib! Ada masalah baiknya selesaikan scr intern sj. Aku gk ikut campur urusan org. Tapi akun Itu bawa GMP, jd wajib aku klarifikasi.","1507910697908260865","","","in","","0","5","4","https://x.com/RaniKancana/status/1507910697908260865","1303615921550835712","RaniKancana"
"1504278370598629378","2022-03-17T02:08:06.000Z","0","Akun dihack part 2 🤭 dihack kok langganan","1504278370598629378","","","in","","0","1","0","https://x.com/upetis/status/1504278370598629378","715688234","upetis"
"1502123556372561925","2022-03-11T03:25:38.000Z","2","Bareskrim Ingatkan Jangan Nekat Lakukan Ini atau WA Dibajak https://t.co/gL17R3lszB","1502123556372561925","","","in","","0","0","0","https://x.com/cnbcindonesia/status/1502123556372561925","847372542830444544","cnbcindonesia"
"1497914288647720963","2022-02-27T12:39:30.000Z","310","Ntar Ngaku WA dibajak jugak.. https://t.co/se4NBCLR7L","1497914288647720963","https://pbs.twimg.com/media/FMmpGlFaIAQ75-G.jpg","","in","","7","38","62","https://x.com/WagimanDeep212_/status/1497914288647720963","55200751","WagimanDeep212_"
"1486332449609060354","2022-01-26T13:37:25.000Z","1","Akun dihack nih kayaknya.. 
😅","1486332449609060354","","","in","","0","0","0","https://x.com/Belok_dong/status/1486332449609060354","1172676209995657216","Belok_dong"
"1485165671483068416","2022-01-23T10:15:25.000Z","3","@ngurah_suta @Haikal_Hassan @tni_ad Paling ngelesnya @Haikal_Hassan akun dihack..😄😄","1485194451861794816","","ngurah_suta","in","","0","1","0","https://x.com/K7_m0en/status/1485194451861794816","3299145104","K7_m0en"
"1481444510437867523","2022-01-13T02:01:58.000Z","6","3. Sekarang walikota depok dari pekaes menyatakan bahwa akun dihack. Ini sangat tidak masuk logika , karena kalau sdh dihack harusnya admin tdk bisa lagi memposting informasi pemkot depok sesudah RT pencarian rumah polisi. Cc @CCICPolri @ListyoSigitP nama POLRI dipertaruhkan. https://t.co/pkTypeyVkb","1481446390975057920","https://pbs.twimg.com/media/FI8no-6aAAAqLF6.jpg","NyiMasRuminah","in","","0","1","4","https://x.com/NyiMasRuminah/status/1481446390975057920","62468709","NyiMasRuminah"
"1481221166245478400","2022-01-12T11:07:00.000Z","3","Alaah..paling nanti alasannya akun dihack","1481221166245478400","","","in","","0","0","0","https://x.com/samosir_au/status/1481221166245478400","1481161117485645825","samosir_au"
"1480194171751124993","2022-01-09T15:06:05.000Z","4","Dinas Kominfo @pemkotdepok yakin akun dihack. Krn si admin bilang gak ngerasa meritwit.

Agak susah dipercaya sih. Yg kek gini bener, biasanya lupa switch akun.","1480194171751124993","","","in","","0","2","3","https://x.com/muchlis_ar/status/1480194171751124993","33456112","muchlis_ar"
"1474752761774235650","2021-12-26T03:07:51.000Z","111","@sszharcakes Wah. Akun dihack. Sebagai programmer, aku sangat tertawa ngeliat ini. 1. Kamu emang siapa, akunnya kena hack. 2. Emang ngehack akun segampang itu? Ya tuhan, nangis kali jadi programmer IG dibilang sistem keamanannya rendah sampe sembarang akun bisa kena hack.","1474939991339925507","","itsdynd","in","","4","1","5","https://x.com/genshroom/status/1474939991339925507","2872463990","genshroom"
"1468504588055547904","2021-12-08T08:55:51.000Z","5","followers emang dikit, tapi insyaallah bisa amanat buat Ibu Puan dan gak pake ngaku-ngaku akun dihack.
bismillah dibayar rumah kayak selebtwit taun 2014 🙏","1468504588055547904","","","in","","0","0","3","https://x.com/rnjlrnst/status/1468504588055547904","113030287","rnjlrnst"
"1463341605193236481","2021-11-24T05:57:03.000Z","0","@rhrdjo_ Hai Mas! Kami memahami betapa frustasi/stresnya jika akun dihack/diretas. Silakan follow akun kami terlebih dahulu agar komunikasi dapat kita lanjutkan dari DM. Kabari kami ya jika sudah follow. Terima kasih!","1463386160856719360","","rtmasyan","in","","0","1","0","https://x.com/TeamYouTube/status/1463386160856719360","3031071234","TeamYouTube"
"1457000926703538178","2021-11-06T18:30:36.000Z","2","@mazzini_gsp @lampubardi padahal klo mengakui adminnya emang kepencet bakal lebih terjaga marwahnya ketimbang pake alibi akun dihack, lagian sekelas akun resmi gitu aneh klo ga pake 2FA","1457052815746994179","","mazzini_gsp","in","","0","0","0","https://x.com/jnessy_/status/1457052815746994179","122678369","jnessy_"
"1455366276914696195","2021-11-02T02:55:28.000Z","1","@altazmojokerto Halo! Kami mengerti bagaimana frustasi/stresnya jika akun dihack/diretas. Kami akan berusaha membantu kamu, maka dari itu silakan follow akun kami terlebih dahulu agar komunikasi dapat kita lanjutkan via DM. Kabari kami jika sudah follow ya.","1455367927536963587","","altazmojokerto","in","","0","1","0","https://x.com/TeamYouTube/status/1455367927536963587","3031071234","TeamYouTube"
"1451312434757582858","2021-10-25T02:15:23.000Z","1","@wakesandil Pagi! Kami dapat mengerti betapa frustasi/stresnya jika akun dihack atau diretas. Kami akan lanjutkan konsultasi perihal isu ini melalui DM. Mohon untuk membalas pesan kami dari DM ya.","1452458741098504204","","wakesandil","in","","0","1","0","https://x.com/TeamYouTube/status/1452458741098504204","3031071234","TeamYouTube"
"1451435569884528643","2021-10-24T14:22:42.000Z","3","@faizalassegaf Paling2 ntar bilang "" akun saya diretas..... bla bla... bla.... "", wes ngono wae.","1452279388804943878","","faizalassegaf","in","","0","0","1","https://x.com/gondesbuluk5/status/1452279388804943878","1342092966","gondesbuluk5"
"1451895654368702464","2021-10-23T13:44:54.000Z","3","@aprilianiapr1 @txtdaridgmbk @abiridwan2173 Sekelas El Diablo mah urusan akun palsu atau asli atau akun dihack itu soal kecil...😁","1451907485808279557","","aprilianiapr1","in","","0","1","0","https://x.com/samarchitect86/status/1451907485808279557","2783717701","samarchitect86"
"1443937213780148224","2021-10-01T14:07:50.000Z","10","@Dennysiregar7 Kalaupun bener paling ntar bilangnya akun dihack, itu bukan saya blablabla. 

Semoga kena sentil 🤲","1443940725037486084","","","in","","0","0","0","https://x.com/_Kapoet_/status/1443940725037486084","1316749370302234624","_Kapoet_"
"1443938016314019846","2021-10-01T14:00:54.000Z","2","@HmfaqihA @NataliusPigai2 @DivHumas_Polri @CCICPolri @jokowi @ganjarpranowo @mohmahfudmd Apa sebentar lagi akan ada admin yg dikambing hitamkan atau ada pengakuan akun dihack ... Kita tunggu saja😌","1443938980085387274","","HmfaqihA","in","","0","0","0","https://x.com/XPixelArt_NFT/status/1443938980085387274","1297532635837693953","XPixelArt_NFT"
"1443252040646291456","2021-09-29T16:31:15.000Z","1","Cuma bisa nebar fitnah di medsos  aja ini si setan Hambalang.. 
Nanti digugat buru"" teriak akun dihack. 

Pengecut tapi sok gaya 👎","1443252040646291456","","","in","","0","0","0","https://x.com/Franken_blues/status/1443252040646291456","1301242545888849921","Franken_blues"
"1443137257322389507","2021-09-29T09:18:29.000Z","2","@DavidWijaya82 Tunggu aja, ntar lagi muncul klarifikasi dengan wajah syahdu bak onta yg kejepit bijinya🥴.. trus ngomong, ""Netizen yg budiman sepertinya akun saya diretas mohon dimaklumi""..😁","1443143133265469447","","DavidWijaya82","in","","0","1","0","https://x.com/tanta_boki/status/1443143133265469447","1225254660946067456","tanta_boki"
"1432568534270365702","2021-08-31T04:58:49.000Z","4","Berhubung lagi musim akun dihack. Jadi sedia payung sebelum hujan🥲

Soalnya twitter ini pake email utama. Bahaya bgt kalau sampe dihack💔 https://t.co/HN0CD2troS","1432568534270365702","https://pbs.twimg.com/media/E-GBfTHVkAI2Hmv.jpg","","in","","0","3","0","https://x.com/AlwaysLHJ/status/1432568534270365702","2554579932","AlwaysLHJ"
"1429653540247511042","2021-08-23T16:49:22.000Z","22","@ltsmedita @jeongharuu mjb, aku masi bingung klo akun dihack buat apa sm yg ngehack? buat yg macem macem atau gmn? aku bru terjun twt kmrin msi ga paham😔","1429848249901326336","","ltsmedita","in","","0","4","0","https://x.com/almeynd/status/1429848249901326336","1376511662509809670","almeynd"
"1428277758593961987","2021-08-19T10:03:46.000Z","2","@Berlin220 @Putr1_Tungga1 Semua sama aja cemen,ga ada nyali
Cuitan busuk,giliran diviralkan bilangnya akun dihack,akun diretas,akun dirampok
Ga ada yg gentle","1428296623843536898","","Berlin220","in","","0","1","0","https://x.com/Syaiful51377477/status/1428296623843536898","1340690398692270082","Syaiful51377477"
"1427827821758451715","2021-08-18T03:24:55.000Z","1","@seroja_merah Klo akun dihack jg sama dikeluarin dulu sama twitter","1427833862474780675","","EasyRainseroja","in","","0","1","0","https://x.com/RaniKancana/status/1427833862474780675","1303615921550835712","RaniKancana"
"1426812671354044416","2021-08-15T07:47:04.000Z","5","Dengan banyaknya akun bank dibobol, WA dibajak, dan sosmed dipalsukan, lumayan kagum juga sih sama orang-orang yang berani cetak kartu vaksin di orang yang nggak dia kenal personal.","1426812671354044416","","","in","","1","0","5","https://x.com/__azza/status/1426812671354044416","43133378","__azza"
"1426039503857152002","2021-08-13T05:25:19.000Z","4","@DavidWijaya82 Oh ya, kemaren ada politisi partai mana gitu ya yg udah ngehina Presiden RI &amp; lambang negara trus pura2 bego bilang ""akun saya diretas"".  Dasar kampret gak kapok2 lu..","1426052224401113091","","DavidWijaya82","in","","0","0","0","https://x.com/OMDOnesia_/status/1426052224401113091","454018280","OMDOnesia_"
"1425970877762457601","2021-08-13T02:32:35.000Z","14","@PantunJ2P Bntr lagi ngakunya akun dihack.
🤦","1426008755708203010","","DR_0xjhon","in","","0","1","0","https://x.com/kenhans03/status/1426008755708203010","3270403033","kenhans03"
"1425878719583899651","2021-08-13T01:23:36.000Z","2","@Ayang_Utriza @rachlannashidik @SBYudhoyono Iki wis rame ngene nak nganti sesuk ngomong akun saya diretas aku meh giveaway pulsa @ 25rb buat 4 orang.","1425991392073969664","","Ayang_Utriza","in","","0","1","0","https://x.com/Carieko1/status/1425991392073969664","1109417233019596800","Carieko1"
"1425854763946713088","2021-08-12T18:24:21.000Z","20","@rachlannashidik @Ayang_Utriza @jokowi @DivHumas_Polri @SBYudhoyono Jangan2 setelah mengikuti twitwar ini trus ada yang bilang maaf akun saya diretas itu bukan tulisan saya kan Taek namanya","1425885886512652291","","rachlannashidik","in","","0","1","1","https://x.com/jfnikijuluw/status/1425885886512652291","86546760","jfnikijuluw"
"1425757583491616768","2021-08-12T16:31:14.000Z","9","@rachlannashidik @Ayang_Utriza @anaksolehdong Apa2 rezim..... Dasar buzzerKrat Luh.
Ngaku akun dihack lapornya di sosmed. PeA .","1425857418928427010","","rachlannashidik","in","","0","1","2","https://x.com/HardokoWisnu/status/1425857418928427010","868857340203720704","HardokoWisnu"
"1424522283150823425","2021-08-09T10:53:36.000Z","3","@RachlandNash Kenapa baru sekarang Klarifikasi tu bacot, sedang tweet serupa pernah dibuat beberapa waktu yg lalu...

Saat itu adem, hening, tidak viral dan Tidak Ada pernyataan ""AKUN SAYA DIRETAS""
🤦🤦

Saat buat tweet lg yg sama trus Viral eeh kelojotan bilang iNi iTu tAi kUciN6..
😂😂","1424685287821565953","","RachlandNash","in","","0","0","0","https://x.com/AbbsTrax/status/1424685287821565953","1218164952747266048","AbbsTrax"
"1424534625775353857","2021-08-09T00:54:56.000Z","382","Dalam “peperangan” di media sosial, beberapa hal yg biasa dilakukan untuk lari dari tgg jawab adalah:

- ganti username
- gembokan
- bilangnya akun dihack
- deactive akun

Sayangnya, akun yg dihack itu butuh waktu utk recovery, tidak secepat ganti username 2x.

Anda ketahuan.🤣","1424534625775353857","","","in","","16","40","149","https://x.com/kamto_adi/status/1424534625775353857","2600820740","kamto_adi"
"1424522283150823425","2021-08-09T00:13:51.000Z","76","Jadi, Netizen yang budiman, semalam, 8 Agustus 2021, akun saya diretas. Tiba tiba saja akun saya keluar (log out) sendiri, saat saya sedang akan mengirim tweet. Ada pesan SMS masuk ke no GSM saya dari Twitter. Isinya: kode reset password saya. Padahal, saya tidak pernah meminta.","1424524288460132352","","RachlandNash","in","","6","36","20","https://x.com/RachlandNash/status/1424524288460132352","1424518934557044737","RachlandNash"
"1424523029493600261","2021-08-09T00:08:51.000Z","8","Anak SD juga gak oon kl akun dihack mah
•
•
•
Kader biru oon 😅

Susi mana susi yang titelnya berderet²??? Jangan ikut²an rachlan  nasiuduk yah dek. Teruslah berjuang sampai njeblos

😴😴😴 https://t.co/3hNtj8B8Xg","1424523029493600261","https://pbs.twimg.com/media/E8TsJUTVEAAQre3.jpg","","in","","0","1","2","https://x.com/kutang_bolong/status/1424523029493600261","1362263032768864260","kutang_bolong"
"1424517807278936065","2021-08-08T23:48:06.000Z","2","Cepet banget sampai ke media akun dihack","1424517807278936065","","","in","","0","2","1","https://x.com/Vivittts/status/1424517807278936065","984071521399332864","Vivittts"
"1424516006567825408","2021-08-08T23:40:56.000Z","29","Jelaskan makna  gambar yg anda buat @rachlannashidik bukan video akun dihack pdhl dkunci sendiri. Ada gambar orang tanpa pakaian membawa bendera merah putih. Jika gambar tsb orang Papua, anda telah melukai orang Papua!
#TenggelamkanPartaiDemokrat #TenggelamkanBuzzerKadroenLAKNAT https://t.co/kSkBWmiakP","1424516006567825408","https://pbs.twimg.com/media/E8TlwPbVIAEal-V.jpg","","in","","2","3","12","https://x.com/olietamami/status/1424516006567825408","129429707","olietamami"
"1424408546402127873","2021-08-08T16:33:56.000Z","12","Apa yg akan anda lakukan jk anda kebablasan memposting penghinaan atas kepala negara, lambang negara, dasar negara, bendera negara, lagu kebangsaan negara

Buat drama AKUN DIHACK

Ingat....
Cara tsb tidak disarankan utk kalian ya, karna kalian bukan BANCI BIRU","1424408546402127873","","","in","","0","7","3","https://x.com/Agumovic/status/1424408546402127873","2293975748","Agumovic"
"1418932006017126400","2021-07-24T15:30:30.000Z","8","@SantorinisSun @mario_ono SOP
1. Akun dihack
2. Akun dibajak
3. Disusupi
4. Kriminalisasi
5. Siap Rp.10.000","1418956766398881796","","SantorinisSun","in","","0","1","0","https://x.com/SangGuru2471/status/1418956766398881796","728949641421553665","SangGuru2471"
"1416806870996590592","2021-07-18T17:10:15.000Z","3","lagian aneh banget, akun dihack tapi jadi thread","1416807540013207558","","unmagnetism","in","","1","0","0","https://x.com/unmagnetism/status/1416807540013207558","843269533930405888","unmagnetism"
"1416806870996590592","2021-07-18T17:07:35.000Z","93","blunder trus alesan akun dihack atau diretas adalah sehina-hinanya cara ngeles mending pura2 jadi orgil aja","1416806870996590592","","","in","","4","10","12","https://x.com/unmagnetism/status/1416806870996590592","843269533930405888","unmagnetism"
"1415280367787864069","2021-07-14T12:01:48.000Z","2","Gaes, kalo tetiba ada teman yg kirim pesan utk pinjem uang, apalagi agak mencurigakan jangan langsung dikasih ya. Kroscek dulu kebenarannya karena beberapa temanku WA dibajak dan digunakan utk menipu.
Duuhhhh, ada2 saja ya motif kejahatan jaman skrg
#KritisMenerimaPesan https://t.co/3BHNd01ePl","1415280367787864069","https://pbs.twimg.com/tweet_video_thumb/E6QV_KRUcAgdN3G.jpg","","in","","0","0","0","https://x.com/anis_khoir01/status/1415280367787864069","527644797","anis_khoir01"
"1410922350149738496","2021-07-02T13:26:00.000Z","2","@WagimanDeep212_ Ye alasan klasik pasti nongol.
Akun saya diretas biar cefat netas tas tas
Dah gitu aja","1410952902122696709","","WagimanDeep212_","in","","0","0","0","https://x.com/ZinnunS/status/1410952902122696709","1387723255511846914","ZinnunS"
"1409729230527602688","2021-06-29T05:17:31.000Z","1","@Dennysiregar7 Bang Denny, kalau kirim cermin kepada BEM UI alamat nya dimana? (lebih baik suruh Ngaca dulu... Belajar nya sdh bener belum? 
Ada konfirmasi wA dibajak, bari salah tgl.. 😂😂","1409742805283401728","","","in","","0","0","0","https://x.com/PolosOfficial/status/1409742805283401728","1378651707903680513","PolosOfficial"
"1409674187392749570","2021-06-29T01:43:42.000Z","2","@Aripinipin123 @maxhansens50 @adearmando1 template umum biar serem... akun dihack tp tidak berani lapor polisi utk membuktikan nya😊","1409688998952402950","","Aripinipin123","in","","0","0","1","https://x.com/panjianom102/status/1409688998952402950","2939656405","panjianom102"
"1409397920768483328","2021-06-28T07:00:53.000Z","1","@anthwf77 @seroja_merah Dengan release akun dihack, gak serta merta konten yg kelen bikin menjadi benar bemui.","1409406430180823040","","anthwf77","in","","0","1","0","https://x.com/fireworkID/status/1409406430180823040","991129903822127105","fireworkID"
"1408914553362993153","2021-06-27T05:22:41.000Z","2","@TRendusara @kemalarsjad @aniesbaswedan Maap, akun saya diretas org tidak bertanggung jawab.
-Acara preskon via zoom *ptuihh","1409019329060904969","","TRendusara","in","","0","0","0","https://x.com/BforBAM/status/1409019329060904969","26012425","BforBAM"
"1406224281680318468","2021-06-19T12:16:09.000Z","6","Kalau artis, seleb, yang biasa ON tiap jam, ya wajarlah, kena Kovid lantas pengumuman mau OFF dulu. Entar ngilang dikira mati atau akun dihack.
Si jurig ini sinting n pansos nuduh orang2 kena Kovid dibayar. https://t.co/p9IREA1tFl","1406224281680318468","https://pbs.twimg.com/media/E4Pph_bVUAYcvPT.jpg","","in","","0","0","1","https://x.com/Widyarenee/status/1406224281680318468","91103761","Widyarenee"
"1404802927890518028","2021-06-15T15:46:26.000Z","3","@Uki23 @Andiarief__ klo sudah tersudut gini, jurus akun dihack akan keluar (bukan ciri² pengecut kan?)","1404827650250575873","","Uki23","in","","0","0","0","https://x.com/hongkiy1/status/1404827650250575873","712801315022196737","hongkiy1"
"1401873597753266183","2021-06-07T15:21:07.000Z","1","@Namaku_Mei @AAnfaunnas Ntar jangan ngelès ""akun dihack"" 😂😂😂 https://t.co/EbWIGrsFes","1401922175720845313","https://pbs.twimg.com/media/E3SgyPYVUAUJReP.jpg","Namaku_Mei","ht","","0","0","0","https://x.com/aselisnack/status/1401922175720845313","705196111137353728","aselisnack"
"1398091292630945796","2021-05-28T01:38:34.000Z","1","Mungkin berguna, ciri2 WA dibajak","1398091292630945796","","","in","","0","0","0","https://x.com/Sapto__Nugroho/status/1398091292630945796","2318438563","Sapto__Nugroho"
"1395582884627369984","2021-05-21T12:31:25.000Z","2","@febridiansyah Takut ya ketahuan belangnya, buru-buru bilang akun dihack. 
#DasarSrigalaBerbuluDomba.","1395718874511806464","","febridiansyah","in","","0","0","0","https://x.com/Dinsamaza/status/1395718874511806464","953618614707343361","Dinsamaza"
"1395673632689377282","2021-05-21T09:31:39.000Z","388","Biar lebih “horor” biar lebih “sadis”
biar lebih “seru”
Biar dapat Framing terdzoliminya , berbarengan “mantan” @KPK_RI ngaku dibajak WA, dibajak Telegram, dan dibajak apalagi yaa..??😏 https://t.co/0CFosjsL4k","1395673632689377282","https://pbs.twimg.com/media/E15txGvVoAMev2X.jpg","","in","","18","74","80","https://x.com/__LOVE_AG4EVER/status/1395673632689377282","799023207294504960","__LOVE_AG4EVER"
"1394918754312589317","2021-05-19T07:32:02.000Z","1","WA Dibajak, Panggilan Robot, sampai Orderan Fiktif Gojek https://t.co/yEtCBKEWLG","1394918754312589317","","","in","","0","1","0","https://x.com/jawapos/status/1394918754312589317","2392460208","jawapos"
"1394842305882820613","2021-05-19T02:28:15.000Z","2","Tips mengamankan WA dibajak orang lain https://t.co/Y0JWw8VWsp","1394842305882820613","https://pbs.twimg.com/ext_tw_video_thumb/1394842254569734144/pu/img/0hul1PrT0kduGNJy.jpg","","in","","0","0","1","https://x.com/andi_chairil/status/1394842305882820613","136225754","andi_chairil"
"1394211965354930177","2021-05-17T09:21:36.000Z","2","@_AnakKolong @PDemokrat @Andiarief__ @AgusYudhoyono Akun dihack jadi solusi","1394221554880323591","","_AnakKolong","in","","0","0","0","https://x.com/cgtrisanjaya/status/1394221554880323591","1274945132","cgtrisanjaya"
"1393878526227402752","2021-05-17T00:32:41.000Z","1","@abu_waras Pemimpin nya cuman ngetwit, seandainya Israelist protes paling punya alasan ngeles akun saya diretas.","1394088449569816576","","abu_waras","in","","0","0","0","https://x.com/iman100017/status/1394088449569816576","964364028","iman100017"
"1393628367514050561","2021-05-15T18:04:29.000Z","455","Secara elegan, banyak presiden mengecam Israel melalui pidato resmi.

Presiden Wakanda, mengecam lewat cuitan di Twitter.
Mungkin kalau Israel protes, presiden Wakanda akan menjawab, “Maaf, akun saya diretas”.","1393628367514050561","","","in","","8","30","107","https://x.com/Jhonkosmik/status/1393628367514050561","2651176428","Jhonkosmik"
"1392273506612572161","2021-05-12T00:20:45.000Z","2","Pagi2 dapet notif ada yg mau login ig. Gatau siapa, model hp nya juga gaada yg punya. Capek banget ig dibobol terus. Pliss lah yg kurang kerjaan, bobol ig artis aja kek followers nya banyak. Jangan bobol punya we. Hayati lelah ganti2 password mulu😭","1392273506612572161","","","in","","0","0","0","https://x.com/nra___13/status/1392273506612572161","1309114569089060865","nra___13"
"1392039432031670276","2021-05-11T11:00:15.000Z","2","@DediSap76 @Namaku_Mei Katanya ngaku akun dihack 😂😂 https://t.co/ZpqPqIeyHp","1392072051771396097","https://pbs.twimg.com/media/E1GiI0cVcAM_V4h.jpg","DediSap76","in","","0","3","1","https://x.com/fayrusmann1/status/1392072051771396097","1391257180486004737","fayrusmann1"
"1392002792022151172","2021-05-11T06:33:50.000Z","4","Katanya akun dihack, dinonaktifkan sementara.
Tapi bisa balas komen.
🤣😄🤣😄🤣😄 https://t.co/f3IEIaV9Mk","1392005006501441539","https://pbs.twimg.com/media/E1FlLNkUUAU7xa1.jpg","Aan__CoverBOYkw","in","","0","2","1","https://x.com/Aan__CoverBOYkw/status/1392005006501441539","1173023441886146561","Aan__CoverBOYkw"
"1387981814522736647","2021-05-01T06:59:55.000Z","1","@MurtadhaOne1 @KatolikG Nanti dijawab gini sama @KatolikG 
Akun diHACK.
Terus argumenya ga mau ngalah. Karena terlalu kepinteran.","1388387692208017408","","MurtadhaOne1","in","","0","1","0","https://x.com/tony_kunc/status/1388387692208017408","97594492","tony_kunc"
"1387321055346262018","2021-04-28T13:53:28.000Z","2","@RoellyRosuli Hahahahaha...berasa penting banget kayaknya sampai2 akun dihack...
Situ siapa bambaaaaaanggg???","1387404601448570884","","RoellyRosuli","in","","0","0","0","https://x.com/mickeynasution/status/1387404601448570884","77601007","mickeynasution"
"1387281492879966209","2021-04-28T05:44:17.000Z","22","Kadrun kalau udah viral mau diciduk, buat klarifikasi akun dihack. Kebaca deh 😁

Kandangin orangnya ndan @DivHumas_Polri @CCICPolri @yanmas_reskrim @Puspen_TNI @_TNIAL_
 https://t.co/xaiWpnq2rs

Sandal mana sandalllll.... https://t.co/GV1YvxrzXc","1387281492879966209","https://pbs.twimg.com/media/E0CdKkZVkAEN_Hz.jpg","","in","","1","8","3","https://x.com/kutang_bolong/status/1387281492879966209","1362263032768864260","kutang_bolong"
"1386636146793279490","2021-04-26T11:48:51.000Z","3","@RestyCayaaah @DivHumas_Polri @_TNIAL_ @Puspen_TNI Buntutnya akun dihack","1386648463606128643","","RestyCayaaah","in","","0","1","0","https://x.com/27Tantri/status/1386648463606128643","1152518210677178370","27Tantri"
"1386358617952063490","2021-04-26T00:18:46.000Z","2","@P3nj3l4j4h_id @papersky8 Dikiranya mudah saja menghindar.
Mudah koq bagi para pakar it membuktikan akun dihack ato tidak.
Kasih tau dia apa itu IP
Dikiranya main hp ato gadget itu trus ga bakalan terlacak.
Kebencian yg dilakukan karena ketololan","1386474799350775808","","P3nj3l4j4h_id","in","","0","0","0","https://x.com/nurkholiswyd/status/1386474799350775808","85046491","nurkholiswyd"
"1385455081609318402","2021-04-23T04:46:46.000Z","2","Enteng amat bilang akun dihack..
Mon maap kalo dihack, kenapa kontennya muka anda semua, ya? Wkwkwk","1385455081609318402","","","in","","0","1","0","https://x.com/belindch/status/1385455081609318402","83841425","belindch"
"1383881981608398848","2021-04-18T23:43:28.000Z","7","@collegemenfess Kalian kalau ada akun dihack jangan komunikasi bahkan like atau komen.. Bisa saja hacker pengen ngehack akun kalian 🤧","1383929201342881797","","collegemenfess","in","","0","2","0","https://x.com/vtaeby_/status/1383929201342881797","1213759885860454401","vtaeby_"
"1383652539531292681","2021-04-18T05:24:07.000Z","23","Udah akun dihack, dituduh macem macem, data dicuri, spam di youtube dengan emoji dan kata kata kasar.  

Sabarlah wahai deobi dan deobo. Untuk jadi sukses, ga kaya jalan mulus kan.  Pasti ada ajaa rintangannya.  Cukup fokus ke deobo dan kencengin streaming dan vote ya. 
Peace😉","1383652539531292681","","","in","","0","0","7","https://x.com/lhjkswooljyeon/status/1383652539531292681","1363854562285654016","lhjkswooljyeon"
"1379934913147719680","2021-04-07T23:11:35.000Z","2","Mohon maaf akun saya diretas.
Bukan saya yg mengirim Dm link.
Mohon jangan diklik.","1379934913147719680","","","in","","0","0","0","https://x.com/bviokay/status/1379934913147719680","1116255415","bviokay"
"1378655620484624386","2021-04-06T10:03:40.000Z","6","@ArieKuntung Jadi lu mau bilang akun dihack? 
Kalau sampai urusan sama polisi, hp lu bakal diforensik dan ketahuan lu ngibul atak nggak.
Sdh baik² saja belajar agamanya. Jangan pilih ustad² sesat yg yakin masuk surga.","1379374237924921344","","ArieKuntung","in","","0","0","1","https://x.com/kangmirdja/status/1379374237924921344","72010193","kangmirdja"
"1376125519591186436","2021-03-28T15:13:51.000Z","1","@007koteka @ewin8923 @DivHumas_Polri @CCICPolri @kidungsenja17 Paling ntar ngelesnya akun dihack.","1376190805509951492","","007koteka","in","","0","0","0","https://x.com/monsafin/status/1376190805509951492","119075912","monsafin"
"1376083725239218180","2021-03-28T08:08:21.000Z","2","Pas terciduk alibinya akun dihack","1376083725239218180","","","in","","0","0","1","https://x.com/Vivittts/status/1376083725239218180","984071521399332864","Vivittts"
"1372198594661416960","2021-03-17T16:55:50.000Z","2","@naafi_al @SetanKali4 @supermansantai3 Kalo akun dr pagi salahpassword, simple....langsung request rubah password ke email

Kalo WA dibajak, simple....kenapa missedcall nya tertampil...

Mending hidup apa adanya, jangan andalkan bantuan orang lain sampe harus tipu2....

Setuju....?","1372230205826158601","","SIJHI23","in","","0","1","0","https://x.com/Vidi_AO5/status/1372230205826158601","1187234086185664515","Vidi_AO5"
"1371089163961831431","2021-03-15T01:46:34.000Z","1","@Dena_ajaa Halo! please find the unroll here: Gimana cara mengindari WA dibajak? sebuah UTAS *bukan gimana cara… https://t.co/OIeu7a6YcZ Enjoy :) 🤖","1371276606543650821","","Dennaaja_","in","","0","0","1","https://x.com/threadreaderapp/status/1371276606543650821","895814938995957760","threadreaderapp"
"1371089163961831431","2021-03-14T13:21:44.000Z","3677","Gimana cara mengindari WA dibajak?

sebuah UTAS

*bukan gimana cara agak ga disadap ya.. ini sih beda lagi 😬
**ini tips meminimalisir risiko aja. ga mutlak jg begitu klo yg mau bajak dah niat bgt atau punya akses ke alat canggih yg dimiliki oleh ******sensor****** 🤭","1371089163961831431","","","in","","28","50","997","https://x.com/febridiansyah/status/1371089163961831431","1038438863465664512","febridiansyah"
"1367698273662726144","2021-03-05T04:47:33.000Z","70","Wuihh..
Pertumpahan ""DARAH""

Mirip2 kayak thrump aja nih bahasanya..

Ini akun dihack lg ga ya ?","1367698273662726144","","","in","","3","28","25","https://x.com/PakarINTELek/status/1367698273662726144","194582998","PakarINTELek"
"1367472866376126467","2021-03-04T16:17:12.000Z","3","@SantorinisSun @__MV_llestari__ Masih percaya omongannya AA ? ....mulai gaya terzolimi dan terkasihani ditebar......persis deh sama junjungannya........”akun dihack”🤪🤪🤪🍾🍾🍾🍾","1367509439704494082","","SantorinisSun","in","","0","0","0","https://x.com/IgnBestari/status/1367509439704494082","134736493","IgnBestari"
"1367498454914719744","2021-03-04T15:33:33.000Z","5","Jangan suka drama2 akun dihack..nyawamu dihack malaikat maut kapok kon 🙄","1367498454914719744","","","in","","0","3","0","https://x.com/AstaClover83/status/1367498454914719744","1746494863","AstaClover83"
"1367493479501361155","2021-03-04T15:13:46.000Z","2","Tanggungjawab Bpk memang sdh selesai.Ketika ada yg ngaku hadiah blm diterima krn akun dihack,memberi atau tdk itu soal kebaikan hati saja.Memberi lagi,itu baik hati, tdk memberi tdk bisa dikatakan tdk baik hati.

Kebaikan hati itu punya resiko disalahgunakan oleh penerima.","1367493479501361155","","","in","","0","0","1","https://x.com/koko_dhoni/status/1367493479501361155","106365759","koko_dhoni"
"1367063307878735875","2021-03-03T10:44:26.000Z","26","🌱Open jasa hapus 40 jenis akun sosial media
🔸Tanpa email dan password
🔸Legal
🔸Privasi aman
🔸Bergaransi
🔸Bisa hapus akun yang pemiliknya sudah wafat
🔸Testi cek pinned

🌱Kriteria akun yang bisa dihapus
🔸Akun lama yang sudah tidak aktif/masih aktif
🔸Akun dihack
🔸Akun fake https://t.co/QCNiDLX2w4","1367063307878735875","https://pbs.twimg.com/media/EvjIy13VIAM8RmG.jpg","","in","","2","2","86","https://x.com/meyhwana/status/1367063307878735875","2496022315","meyhwana"
"1360937515750887428","2021-02-14T13:02:43.000Z","0","AWAS Pembajakan WhatsApp - Berikut 3 Langkah Mudah Cara Aktifkan Fitur Kode PIN Cegah WA Dibajak

https://t.co/92TQqysAc3","1360937515750887428","","","in","","0","0","0","https://x.com/tribunpontianak/status/1360937515750887428","115936810","tribunpontianak"
"1360937040674623488","2021-02-14T13:02:19.000Z","2","@SiPeNutur2nd @haikal_hassan @_andy_ch @SangLangit01 @MesinBebek klasik bgt kang abis berak ceboknya pake kata² ""akun dihack""","1360937415842570251","","SiPeNutur","in","","0","1","0","https://x.com/NobitaNewbie/status/1360937415842570251","1325600344785657856","NobitaNewbie"
"1359705327688581121","2021-02-11T11:08:02.000Z","0","@JeromePolin @ntsana_ Haiii Kak  🤗☺️

📍 OPEN JASA HAPUS AKUN SECARA PERMANEN📍

✅Bisa untuk akun lama, akun lupa sandi, akun dihack, akun orang meninggal, dll.. 
✅Proses Cepat 
✅Permanen dan Amanah 

Langsung DM yaa kak❤️🌻 https://t.co/fpHDuCu0DX","1359821490540056578","https://pbs.twimg.com/media/Et8OcGJVgAUtIPq.jpg","JeromePolin","in","","0","0","0","https://x.com/jokitugasajaaid/status/1359821490540056578","1255767208266850304","jokitugasajaaid"
"1353676441196482561","2021-01-25T14:52:48.000Z","2","@republikaonline Akun dihack.. dibajak.. tai asu","1353717460831068162","","republikaonline","in","","0","0","0","https://x.com/Lakkase7/status/1353717460831068162","1237027994377400321","Lakkase7"
"1353687661781737472","2021-01-25T14:13:11.000Z","2","@KRMTRoySuryo2 Akun dihack.... Here we go","1353707490962149377","","KRMTRoySuryo2","eu","","0","0","0","https://x.com/majapaheet/status/1353707490962149377","138767245","majapaheet"
"1353574653806014464","2021-01-25T05:25:20.000Z","2","Gila. Hari ini 3 orang nomer WA dibajak orang untuk dimintain uang. 

Makin ke sini kok makin banyak ya?","1353574653806014464","","","in","","1","2","0","https://x.com/mama_ciaa/status/1353574653806014464","203461546","mama_ciaa"
"1268394301307797504","2020-06-04T15:11:02.000Z","1","@yahiko____ Like dulu spy gak ilang jejak... Pengen tahu kelanjutannya... Ujung2nya bilang akun dihack dan siapin marerai","1268560901453443072","","","in","","0","0","0","https://x.com/agisubagio/status/1268560901453443072","3235224685","agisubagio"
"1263075566657273856","2020-05-21T02:30:17.000Z","3","@rizapurnarmdhn Segera ganti pasword akun aja , itu bisa berbahaya bagi akun dihack klo udah terlanjur terKlik.","1263296024493223936","","saya_riza","in","","0","1","1","https://x.com/muhfiqirofi/status/1263296024493223936","2868651782","muhfiqirofi"
"1263080585851011073","2020-05-20T14:57:41.000Z","1","@pinginsakti Ceritanya sedang dikarang sendiri. Seperti cerita akun dihack itu","1263121725996187648","","pinginsakti","in","","0","1","0","https://x.com/mulanbilqis/status/1263121725996187648","1138727688","mulanbilqis"
"1261462390501027840","2020-05-16T01:04:05.000Z","333","Cara mengetahui akun WA dibajak adalah Telp Chief Cyber Security WhatsApp seperti yg dilakukan @DamarJuniarto","1261462390501027840","","","in","","2","25","96","https://x.com/Suara_Bawah/status/1261462390501027840","420893082","Suara_Bawah"
"1259664466880327680","2020-05-11T02:23:17.000Z","2","@PakatDayak @na_dirs Gus sotoy itu memang nyinyir mulu, setelah gagal jd menag. Blunder ngetwit ujungnya ngaku akun dihack. Ga jauh beda lah skrg modelnya dari SJW, cuma berlindung pake nama besar NU aja.","1259670383805911040","","DayakGanteng","in","","1","2","0","https://x.com/wheezznu/status/1259670383805911040","1050909028396675072","wheezznu"
"1256896046195552256","2020-05-03T10:46:38.000Z","11","@AREAJULID Yg beli hate comment abis dispill berkilah akun dihack😍 https://t.co/xZ88tBahEu","1256897951219118083","https://pbs.twimg.com/media/EXFmAkFUYAAr3ik.jpg","AREAJULID","in","","0","2","1","https://x.com/blackswan218/status/1256897951219118083","1186376917160615936","blackswan218"
"1256013812597022720","2020-05-01T03:01:14.000Z","2","@WidhaWidharti @amanidelm Nggak bisa hanya ngaku-ngaku, bro, karena itu bisa dibuktikan akun dihack atau tidak dan itu bukanlah hal yang sulit bagi Kepolisian.","1256056054430892032","","WidhaWidharti","in","","0","1","1","https://x.com/ParSim19/status/1256056054430892032","1249988158239825920","ParSim19"
"1256013812597022720","2020-05-01T00:13:23.000Z","4","Garang bacotnya saat nyinyir, giliran mo diciduk ngaku akun dihack.
Nyali &amp; otaknya nyempil di sela2 Bra 38b sih..
Ayo opa, yg gentle dong!!! 

#CidukSaidDidu https://t.co/CIxuE2sDgx","1256013812597022720","https://pbs.twimg.com/media/EW5B5kVUYAAJm-A.jpg","","in","","1","1","2","https://x.com/WidhaWidharti/status/1256013812597022720","892256498641915905","WidhaWidharti"
"1253981628419866624","2020-04-25T13:36:57.000Z","6","@secgron 1. kasih contoh donk gimana caranya request History Active Session ke penyelenggara aplikasi, responsenya seperti apa, dan yg terpenting History Active Sessionnya Ravio seperti apa

2. Berapa lama sih waktu dari Ravio sadar akun dihack sampai recover?","1254041711258382337","","secgron","in","","0","1","1","https://x.com/devils4dvocate/status/1254041711258382337","21325278","devils4dvocate"
"1253482631485779968","2020-04-24T01:57:31.000Z","2","@jemmi99999 Jangan dikira cukup dengan mengaku2 akun dihack, lalu selesai urusan. Wajib ada pembuktian (oleh penegak hukum). Dikira aparat bodoh bin goblok nggak bisa melakukan pembuktian itu. Logika orang teknik yg faham sistem jaringan komunikasi pasti tahu nggak segampang itulah....","1253503302769106946","","jemmi99999","in","","0","1","0","https://x.com/DonyAjaaa/status/1253503302769106946","1214201573921787904","DonyAjaaa"
"1253351526782971906","2020-04-23T15:54:24.000Z","4","WA dibajak orang itu kayak gini yak? https://t.co/gvTYHXYXch","1253351526782971906","https://pbs.twimg.com/media/EWTMd8sU8AAdbsW.png","","in","","1","0","0","https://x.com/ayungp2/status/1253351526782971906","4808086890","ayungp2"
"1253161937094901760","2020-04-23T15:02:00.000Z","7","@m_musa13 @tunggalp Kl pesennya ngajak kerusuhan apalagi dijaman spt sekarang, ngga perlu jam'an bila perlu menit lsg jemput. Mau keulang spt thn 98?
masalah WA dibajak klarifikasi di kantor polisi/pengadilan...","1253338339421257729","","m_musa13","in","","0","1","1","https://x.com/boncusho/status/1253338339421257729","375922893","boncusho"
"1253282581254045696","2020-04-23T11:50:35.000Z","0","@phd_id Tolong kabarin min. Jangan2 akun saya diretas.","1253290167051280384","","phd_id","in","","0","1","0","https://x.com/T_Spurs82/status/1253290167051280384","69480909","T_Spurs82"
"1253261795935961088","2020-04-23T09:57:51.000Z","3","Prof. Arief Budiman, kakak Soe Hok Gie meninggal hari ini

Ravio ditangkap silup krn hapenya dibajak

Bbrpa kawan di UGM juga ad yg serupa WA dibajak dn harus verifikasi ulang dll

Pada akhirnya, di tengah kesedihan, manusia membuat ksedihan2 yg lain

Dasar makhluk menyedihkan","1253261795935961088","","","in","","0","0","0","https://x.com/radenmasdimas__/status/1253261795935961088","3049420736","radenmasdimas__"
"1252530671551012867","2020-04-21T10:14:51.000Z","0","@AriestaRiico @lukmanprananto @DivHumas_Polri @CCICPolri @aduankonten @Jatanraspoldamj akun dihack
materei mslh slesai","1252541300139683845","","AriestaRiico_","in","","0","0","0","https://x.com/firaunrebahan/status/1252541300139683845","1225222379313385472","firaunrebahan"
"1252035084992954368","2020-04-20T00:43:20.000Z","6","Banyak yg ngeluh akun dihack karena data mereka di zoom bocor. Aku gk pakai zoom, tp ada yg coba hack akun ku, orang USA. Ini yg kedua, sebelumnya akun google ku juga pernah di hack, untung masih sempat ku amankan. https://t.co/QDUvA6X8Sh","1252035084992954368","https://pbs.twimg.com/media/EWAfOhBVAAEujn1.jpg","","in","","0","4","0","https://x.com/riimaanrn/status/1252035084992954368","990236240","riimaanrn"
"1250046418309373953","2020-04-14T13:28:30.000Z","1","@favbooi @Guiliettaa_ Ga enaknya ketika akun dihack buat akun lagi bang. Kek gue 😢","1250053316404338688","","mekinglop","in","","0","1","0","https://x.com/kxinglion/status/1250053316404338688","1241940040017530882","kxinglion"
"1249907410266755072","2020-04-14T03:48:43.000Z","2","ASTAGFIRULLLAH GUE KIRA SIAPA KAGET ANJIR GUE KIRA INI AKUN DIHACK SIAPA. YA ALLAH TAEHYUNG MAH 😭😭😭😭😭","1249907410266755072","","","in","","0","0","0","https://x.com/yoonmeowbit/status/1249907410266755072","132903556","yoonmeowbit"
"1248406171326623745","2020-04-10T00:23:20.000Z","2","Ternyata akun dihack itu emang sengeselin itu bro, ibaratnya kayak lagi download 20GB pake IDM udah 99% tiba-tiba gagal. Males banget mulai lagi!! Wakakakakak","1248406171326623745","","","in","","0","1","0","https://x.com/mferdyas/status/1248406171326623745","215610970","mferdyas"
"1247754791402393603","2020-04-09T02:01:14.000Z","2","@yaelahhbima Dia pergi tanpa mengabari aja bisa
Kenapa wa dibajak tak bisa???","1248068422740496385","","yaelahhbima","in","","0","0","0","https://x.com/_estehgarbes_/status/1248068422740496385","1241282581926047744","_estehgarbes_"
"1205419166401880064","2019-12-13T10:05:05.000Z","1","@MT_Reborn @AlissaWahid kalau gw sih hapus atau minta maap, apalagi untuk kelas yg seolah ""Publik Figur""... Masa Twit Koplak dipanteng begitu.

trus mau ngecoh netizen dan buat TL bergemuruh kemudian diujungnya disiapkan kata ""akun saya diretas"".😂😂😂Koplak","1205428419023867904","","","in","","0","0","0","https://x.com/tijabar/status/1205428419023867904","2395238000","tijabar"
"1205285538216808449","2019-12-13T06:37:24.000Z","3","@yarachantique Ada 2 kesimpulan mbak @yarachantique itu orang...
1. Kepribadian ganda 😂
2. Akun dihack suaminya krn cembukur Follower bebeb nya mendadak ribuan 🤣","1205376153923383297","","yarachantique","in","","0","1","0","https://x.com/DavidWijaya82/status/1205376153923383297","1180541549643304960","DavidWijaya82"
"1196417072630124545","2019-11-18T13:17:13.000Z","3","Kalau anda adalah akun yg termaksud, maka jawab saja :

“Maaf dok, akun saya diretas”.","1196417072630124545","","","in","","0","1","0","https://x.com/Jhonkosmik/status/1196417072630124545","2651176428","Jhonkosmik"
"1193116881848168455","2019-11-13T04:01:55.000Z","0","@zarazettirazr @dharta_sid @Fauzin15 @LaskarIslam_FPI @mas__piyuuu @detikcom @ILCtv1 @kompascom @liputan6dotcom @CNNIndonesia @tribunnews @rmol_id @republikaonline @opposite6890 Hahahaha... jangan bilang akun dihack yaa ... @dharta_sid basi ...","1194465390077722625","","","tl","","0","0","0","https://x.com/alialghazi_D/status/1194465390077722625","122369362","alialghazi_D"
"1189756751542804481","2019-10-31T04:26:39.000Z","2","@R4jaPurwa Abis ini pura² akun dihack...haahaa dasar🐸🔨","1189760571136081921","","R4jaPurwa","in","","0","0","0","https://x.com/AnakSultan_____/status/1189760571136081921","1125400266998575104","AnakSultan_____"
"1189570565616439296","2019-10-30T16:30:22.000Z","2","@UyokBack @Restichayah @Transmart_IND Takut diboikot... Tweet dihapus... Mlipir... Alasan akun dihack *BASI","1189580311899729920","","","in","","0","0","0","https://x.com/zeezeezazaaa/status/1189580311899729920","1046584608781811712","zeezeezazaaa"
"1151362809529171969","2019-10-30T09:05:24.000Z","1","@PanganRepublik @murany16_ Kebiasaan bcd online hate speech pas keciduk nangis, minta maaf, bilang akun dihack 😂 semoga anda menyusul teman2 anda yg diciduk ya bro","1189468331184553984","","PanganRepublik","in","","0","0","0","https://x.com/yoyoyooyoorr/status/1189468331184553984","851761649790861313","yoyoyooyoorr"
"1188976173541416961","2019-10-29T02:36:30.000Z","12","@opposite6890 @Alamsyah010970 @uinradenintan @KemenristekBRIN @Kemenag_RI Alasannya sudah bisa ketebak nih : Akun saya diretas..!

Diretas Bijimu!!!🤣🤣","1189008076080156672","","opposite6890","in","","0","1","0","https://x.com/abu_waras/status/1189008076080156672","2905814730","abu_waras"
"1188447663185780737","2019-10-28T05:41:28.000Z","2","@abi_ranata @msaid_didu @mohmahfudmd Akun saya diretas","1188692235782459392","","abi_ranata","in","","0","1","0","https://x.com/koko_may/status/1188692235782459392","349160797","koko_may"
"1185378130665660418","2019-10-19T12:23:40.000Z","2","@Kaisar_Dusun @dpplif Basi... Giliran ketangkap,akun dihack. Halal darahnya.","1185531962858950662","","Kaisar_Dusun","in","","0","0","0","https://x.com/Deni27303775/status/1185531962858950662","1028123354350252032","Deni27303775"
"1185419261633654784","2019-10-19T09:20:41.000Z","1","@zarazettirazr ketika ada istri artis nyinyirin beliau, beliau hny diam n pulisi yg bantu klarifikasi akun dihack, tp ketika ibu dandim nyinggung seseorang yg gak disebut namanya eeh ada yg baper n gak ada tuh yg bilang akun bu dandim di hack","1185485913284988929","","","in","","0","0","0","https://x.com/Mareeya97516940/status/1185485913284988929","1028839796787953664","Mareeya97516940"
"1185364203189633025","2019-10-19T07:04:11.000Z","13","@eko_kuntadhi Tidak ada masalah dengan akun tweeter RG. Dia hanya malu sama dirinya sendiri karena harus bungkam mengkritik Prabowo. Drama akun dihack itu sengaja di desain utk menipu dirinya sendiri.","1185451560320397313","","_ekokuntadhi","in","","0","0","0","https://x.com/irfanbinmansyur/status/1185451560320397313","810089972850003968","irfanbinmansyur"
"1185056862468575233","2019-10-18T17:08:48.000Z","1","@MasJawul @Takviri @rockygerung @jokowi Mungkin hbs digampar di hambalang makanya skrg ngaku akun dihack 😁 #modus","1185241328247963648","","MasJawul","in","","0","0","0","https://x.com/mantanGL/status/1185241328247963648","222414673","mantanGL"
"1185056862468575233","2019-10-18T17:05:46.000Z","10","@Takviri @rockygerung @jokowi Pasca mengkritik langkah politik Prabowo sebagai sampah demokrasi, dia dipanggil &amp; diminta agar dpt memahami langkah politik. prabowo. Untk tidk menimbulkn kecurigaan publik kenapa tiba2 berhenti mengkritik pak Prabowo, mk dibuatlah skenario akun dihack.","1185240566264557569","","Takviri","in","","0","0","1","https://x.com/irfanbinmansyur/status/1185240566264557569","810089972850003968","irfanbinmansyur"
"1185136315991412736","2019-10-18T10:11:31.000Z","39","Bisa jadi loh ya...

Mumpung presiden @jokowi belum umumkan nama-nama menteri...

Untuk caper ke presiden di last minute, ngaku akun dihack agar presiden nengok jumlah followersnya dan terkejut...","1185136315991412736","","","in","","3","9","7","https://x.com/Takviri/status/1185136315991412736","2547595849","Takviri"
"1184977978440044544","2019-10-18T01:58:46.000Z","1","@sanjaya_lea @mas__piyuuu @Fahrihamzah @rokyg78853474 Kayaknya dari dulu yg hobby ngehack bani togog.. gak ada laporan buzzer plat merah kena hack... Seperti biasa jawabannya ‘Akun dihack sendiri nanti nyalahin Jkw.. ‘ itu sdh automatic dari dulu ya gitu😂😂😂","1185012314056974336","","sanjaya_lea","in","","0","1","0","https://x.com/budi54nt_/status/1185012314056974336","420900113","budi54nt_"
"1184422037466431491","2019-10-16T11:12:09.000Z","1","Ketemu lah gw dijaksel dihari itu juga, sebelum gw ketemu, gw udah melakukan langkah2 jikalau akun dihack, gw lakuin dari foto sampe semuanya lah, tapi gw masih bingung itu gw ngirim ke ig atau ngirim ke hacker? Temen gw bilang, selow bisa.","1184426801163956224","","AfifXavi","in","","0","1","0","https://x.com/AfifXavi/status/1184426801163956224","1122092726","AfifXavi"
"1184095242246426624","2019-10-15T13:49:37.000Z","1","@wostress @KelianBanjar_GK @BareskrimPolri @CCICPolri @DivHumas_Polri Akun dihack.... Wkwkwk","1184104042206654465","","tjingkrang","in","","0","0","0","https://x.com/herry_van123/status/1184104042206654465","2451456734","herry_van123"
"1175687089246986241","2019-09-22T22:46:53.000Z","0","@hendsymahatmha Hello, please find the unroll here: Thread by @Strategi_Bisnis: ""Kini makin banyak kasus no WA dibajak. Lalu setelah itu, yg bajak nyebar WA ke semua kontak yg ada minta ditransfer uang […]"" https://t.co/M6FpiXnTpU
See you soon. 🤖","1175904327149510662","","4nol2","in","","0","0","0","https://x.com/threadreaderapp/status/1175904327149510662","895814938995957760","threadreaderapp"
"1175687089246986241","2019-09-22T18:02:47.000Z","0","@salpromyuah Hello, the unroll you asked for: Thread by @Strategi_Bisnis: ""Kini makin banyak kasus no WA dibajak. Lalu setelah itu, yg bajak nyebar WA ke semua kontak yg ada minta ditransfer uang […]"" https://t.co/M6FpiXnTpU
See you soon. 🤖","1175832832041717761","","","in","","0","0","0","https://x.com/threadreaderapp/status/1175832832041717761","895814938995957760","threadreaderapp"
"1134102478402727936","2019-05-30T14:21:16.000Z","3","Lah, ente sudah balik ke Indonesia? Sudah ke Bareskrim belum?

Btw, ini akun dihack sedang tidak? Kok tumben bicara persatuan dan kedamaian","1134102478402727936","","","in","","0","0","3","https://x.com/CumaSiBudi/status/1134102478402727936","1078633394","CumaSiBudi"
"1133632024529461248","2019-05-29T07:11:51.000Z","5","Beberapa jawaban kalau ditangkap karena provokasi dan menyebarkan hoax di medsos:

""Maaf, saya khilaf ah.""

""Saya cuma becanda, kok.""

""Saya difitnah, akun saya diretas.""

""Tapi aku masih mau fokus kuliah""

""Kamu terlalu baik buat aku.""

""Aku udah anggap kamu kakak sendiri.""","1133632024529461248","","","in","","1","0","2","https://x.com/sigitwid/status/1133632024529461248","168082298","sigitwid"
"1133589706178945034","2019-05-29T04:23:41.000Z","5","Ternyata sudah ada yang mulai meninggalkan gagasan khilafah dan berpindah ke fitnahah.

Beberapa yang ditangkap masih konsisten dengan jawaban, ""Maaf, saya khilaf ah..""

Tapi sekarang muncul juga jawaban, ""Akun saya diretas. Saya difitnah, ah."" 😁","1133589706178945034","","","in","","0","0","2","https://x.com/sigitwid/status/1133589706178945034","168082298","sigitwid"
"1132950992629067776","2019-05-27T10:05:40.000Z","2","korputor dipanggil buat diperiksa atau mau ditangkap, berkelitnya pake alasan sakit.

selebtweet bikin masalah, berkelitnya pake alasan akun dihack.","1132950992629067776","","","in","","0","0","3","https://x.com/nugrahadi/status/1132950992629067776","52998369","nugrahadi"
"1132211913780338688","2019-05-25T11:31:30.000Z","1","@aewin86 @BadjaNuswantara @Junaedi77028286 @BareskrimPolri #menolaklupa setelah cuitan ini, kemudian ramai ditaimlen akun dihack. https://t.co/dB34i4kYu1","1132247817320198145","https://pbs.twimg.com/media/D7aNYb6UcAEX_X5.jpg","aewin86","in","","0","1","0","https://x.com/kanuhate/status/1132247817320198145","806548825506660352","kanuhate"
"1132211913780338688","2019-05-25T11:27:52.000Z","1","@aewin86 @BadjaNuswantara @Junaedi77028286 @BareskrimPolri tiba2 muncul statemen ""akun dihack"" 😂😂😂","1132246904543170563","","aewin86","in","","0","1","0","https://x.com/kanuhate/status/1132246904543170563","806548825506660352","kanuhate"
"1132130251482341376","2019-05-25T03:53:25.000Z","1","@wahhabicc_jabar @AkunTofa @DivHumas_Polri Penyidik jangan mau lagi dibegoin si Tofa bilang akun dihack kaya si kudanil #TangkapMustofaNahra","1132132537361289216","","wahhabicc_jabar","in","","0","0","1","https://x.com/Aadec/status/1132132537361289216","108739328","Aadec"
"1132004439047323648","2019-05-24T21:13:55.000Z","3","@Dahnilanzar @prabowo @sandiuno @sosmedbw Katanya akun dihack 😁","1132032000468983813","","Dahnilanzar","in","","0","2","0","https://x.com/wisanggeni_11/status/1132032000468983813","230059397","wisanggeni_11"
"1131907760142970886","2019-05-24T13:01:16.000Z","2","@PartaiSocmed Meniru divingnya Lemon ya Tum ? Akun dihack; WA dibajak

Sawah aja yang dibajak subur

#IndonesiaNotSyria","1131908021305528320","","PartaiSocmed","in","","0","0","2","https://x.com/Rahwana060810/status/1131908021305528320","81512224","Rahwana060810"
"1131887815552163840","2019-05-24T11:40:59.000Z","2","Eh soal akun dihack ini juga perlu ditelusuri siapa yang nge-hack. Jangan2 narasi playing victim lagi.","1131887815552163840","","","in","","1","0","1","https://x.com/tofiqridlo/status/1131887815552163840","372110218","tofiqridlo"
"1131885093138526208","2019-05-24T11:30:10.000Z","40","Enaknya kalau sdh ngaku akun dihack, isi twit-twitnya provokatif, pemilik akunnya bebas dari rasa bersalah. Netizen pun tidak mencurigai pemiliknya lagi.

#DahnilNgakuAkunDihack","1131885093138526208","","","in","","1","6","21","https://x.com/Takviri/status/1131885093138526208","2547595849","Takviri"
"1131883460769898496","2019-05-24T11:23:41.000Z","345","Ada drama akun dihack lagi nih..","1131883460769898496","","","in","","13","97","44","https://x.com/habibthink/status/1131883460769898496","333923119","habibthink"
"1131872530602418176","2019-05-24T10:42:23.000Z","9","@tubirfess Habis ini cuci tangan
""MaaF AkUn SaYa DiReTaS""","1131873069335601153","","tubirfess","in","","0","2","0","https://x.com/daramjwisungg/status/1131873069335601153","1079351108571607041","daramjwisungg"
"1125323721118326784","2019-05-06T08:57:37.000Z","36","twitter saya saling follow dgn Mba @TitiekSoeharto apakah akun saya diretas. Saya tegaskan akun ini tidak diretas.. 

Apakah @AkunTofa ""lebih penting"", jika di follow @AndiArief__

Strategi dan penggiringan opini apa lagi yg mau Anda buat @AkunTofa?","1125323721118326784","","","in","","2","12","13","https://x.com/lapianjack/status/1125323721118326784","232302233","lapianjack"
"1121372727019917312","2019-04-26T06:13:46.000Z","2","@mohmahfudmd Kok skg ngomongnya gitu? Buat pernyataan bahwa yg disampaikan sblmnya ditarik kembali atau tidak benar adanya. Paling aman bilang akun saya diretas. Hanya saran. Sehingga tidak timbul pertanyaan terus menerus.
#SaveOurDemocracy 
#SaveOurDemocracy","1121658611153825792","","mohmahfudmd","in","","0","0","0","https://x.com/jasusanto/status/1121658611153825792","250654459","jasusanto"
"1121352153090514944","2019-04-25T10:36:08.000Z","3","@fadlizon @prabowo dgn kata kunci ""akun dihack"" ampuh aman terkendali, apakah ada yg mau nyoba? :)","1121362246758592512","","fadlizon","in","","0","0","1","https://x.com/cipto_hp/status/1121362246758592512","1309533518","cipto_hp"
"1121339454801637376","2019-04-25T09:05:34.000Z","5","Logika saya ndak bisa menerima apa yg dibilang oleh polisi
1. Bagaimana mungkin akun yg dihack kok menghapus IG history
2.bagaimn bs akun dihack mematikan kolom coment ?
Polisi Sebut Erin Taulany Belum Tentu Lakukan Pencemaran Nama Baik - VIVA https://t.co/LUtseN515k","1121339454801637376","","","in","","3","6","2","https://x.com/arief_sakaey/status/1121339454801637376","701266925087813632","arief_sakaey"
"1120695019919142912","2019-04-23T14:24:48.000Z","33","Kalau ditangkap gegara postingan medsos, bilang aja sama petugas, akun saya  diretas pak!
#AuditForensikKPU https://t.co/VSifLuEzuD","1120695019919142912","https://pbs.twimg.com/media/D42CK9HU8AA_XZp.jpg","","in","","3","7","25","https://x.com/Zahra_02_/status/1120695019919142912","886245948141195264","Zahra_02_"
"1120256489661186048","2019-04-22T14:38:33.000Z","2","@IsmanTengku @nuanjar Jangan ikut dongo ah pak, kok bisa akun dihack tgl 19 april tapi msh sempat matikan kolom komentar....","1120336089204441088","","IsmanTengku","in","","0","0","0","https://x.com/hartono_tb/status/1120336089204441088","1143131544","hartono_tb"
"1120310554906644480","2019-04-22T14:31:01.000Z","2","@yunartowijaya Akun yg dilaporin tinggal niru istri Andre Taulany,  Akun saya diretas....  Selesai urusan...!  Kecuali aparat memihak, laporan 01 diproses,  laporan 02 didiemin...","1120334193408372736","","yunartowijaya","in","","0","0","0","https://x.com/AbbasNasiruddin/status/1120334193408372736","1041033858420957184","AbbasNasiruddin"
"1117228650540044289","2019-04-14T01:36:54.000Z","2","@rinu094 @mohmahfudmd @saididu twitter pake two factor authentication, semua platform sosmed juga menggunakan hal yg sama
tidak segampang itu akun dihack, kecuali sama hp nya yg dimaling

sy tidak pernah melihat akun twitter seleb hollywood kena hack, padahal papparazi disana tetkenal sadis dalam mencari isu","1117240277150781441","","rinu094","in","","0","0","2","https://x.com/HafizSP2/status/1117240277150781441","1052599208870432769","HafizSP2"
"1117215782801305600","2019-04-14T01:06:12.000Z","27","@HermanAlimin @mohmahfudmd @saididu Memberi tahu, neng.
Bukan lapor. Lagi pula, @saididu rekan @mohmahfudmd, wajar lah beri tahu ke temannya. Lagi pula beliau jg populèr, jadi jangkauannya luas termasuk ke followernya @saididu.
Kalau @saididu tweet sendiri bhw akun dihack kan lucu. Mengherankan cara pikir lu, neng","1117232552165527553","","HermanAlimin","in","","0","3","0","https://x.com/MinetaMHA/status/1117232552165527553","1404271507","MinetaMHA"
"1117101717026422785","2019-04-14T00:57:34.000Z","1","@saididu Ini mah pencurian akun dihack untuk memfitnah..segala cara dipakai !Apakah begitu untuk cari kemenangan ??
Memalukan !!!","1117230378492633088","","saididu","in","","0","0","0","https://x.com/GMartana/status/1117230378492633088","4772219736","GMartana"
"1117210961490792448","2019-04-14T00:44:14.000Z","13","@mohmahfudmd @saididu Ga heran pak. Akun dihack lagi musim kok di elit pendukung 02. Namanya juga perjuangan, kalo ga berat ga akan terasa manis endingnya. 
Kecurangan2 ini akan kami akhiri dlm tempo yg sesingkat2nya. 1 solusi unk bbg masalah, ganti presiden 17/4.","1117227026010689536","","mohmahfudmd","in","","0","2","2","https://x.com/KavindraOemar/status/1117227026010689536","1030025737577803776","KavindraOemar"
"1116982458904301570","2019-04-13T17:59:39.000Z","6","@angga17_angga @Cahyoyok1 @ambone73 @GunRomli Yaela seupil aja bangga. Koalisi hoax, penyusup, ngaku2 akun dihack mulu.. buseetttt ancur amat 😂","1117125209662689280","","tolong014ff","in","","0","1","2","https://x.com/wahyu85saputra/status/1117125209662689280","1106883523305066497","wahyu85saputra"
"1117101717026422785","2019-04-13T16:46:17.000Z","5","@achfirdauss @saididu Ga ada urusan akun dihack dgn ganti presiden. Besok2 nene lo mencret apa nyalahin presiden juga.
Somplak somplak 😂😂","1117106742989471744","","achfirdauss","in","","1","3","0","https://x.com/Lily_Raimun/status/1117106742989471744","181199161","Lily_Raimun"
"1116261522299334656","2019-04-11T08:47:40.000Z","1","Nomor WA Dibajak, Ini Klarifikasi Mantan Anggota DPR Ariady Achmad #KebeletNyoblos #6HariLagiLebaranAkalSehat #WisWayahePrabowoPresiden #17AprilPrabowoPresidenRI #2TahunKasusNovelJkwGagal https://t.co/EkdN5O8On0","1116261522299334656","","","in","","0","0","0","https://x.com/demokrasicoid/status/1116261522299334656","3189327655","demokrasicoid"
"1116147461888679936","2019-04-11T01:14:26.000Z","2","Nomor WA Dibajak, Ini Klarifikasi Mantan Anggota DPR Ariady Achmad
https://t.co/f2YlPU4oCY","1116147461888679936","","","in","","0","0","1","https://x.com/geloraco/status/1116147461888679936","3319260420","geloraco"
"1113441986118246401","2019-04-03T14:09:02.000Z","1","@BayoRambe6 Bikin lagi yang baru 😁 jangan takut akun dihack, selama kita menyuarakan kebenaran dan menuntut keadilan untuk negri tercinta 💪 semangat..!!!","1113443291595366400","","BayoRambe6","in","","0","0","0","https://x.com/untianak/status/1113443291595366400","1035487494190465024","untianak"
"1113268830690631680","2019-04-03T02:41:39.000Z","72","TREN CAPRES (26 MARET - 2 APRIL 2019)
DI SEMUA KANAL

Dari tgl 26-28 Maret, tren Jokowi masih tertinggi. 
Namun sejak 29 Maret mention Prabowo mulai menyalip. 
1 April ada shock di cluster 02, karena banyak akun dihack. 2 April mulai naik lagi.

Persentse:
Jokowi 47%
Prabowo 53% https://t.co/E4SjbkDgTv","1113270308729806848","https://pbs.twimg.com/media/D3MgKtiUcAAEb2n.jpg","ismailfahmi","in","","6","6","39","https://x.com/ismailfahmi/status/1113270308729806848","34075325","ismailfahmi"
"1111085385424076800","2019-03-28T09:51:19.000Z","5","@Ferdinand_Haean Mana ada akun dihack orang tapi bisa ngetwit","1111204107648294912","","Ferdinand_Haean","in","","0","3","1","https://x.com/mulanbilqis/status/1111204107648294912","1138727688","mulanbilqis"
"1111118742262448128","2019-03-28T04:12:06.000Z","3","Musim akun dihack !!!

Kenapa malah hati aku yg kamu Hack ?!","1111118742262448128","","","in","","1","8","2","https://x.com/Vivittts/status/1111118742262448128","984071521399332864","Vivittts"
"1110120142007140354","2019-03-26T06:44:49.000Z","0","@Kataindahku11 @Radhee08 @C_Cazenove @Babe03595243 @LawanIntolerans @GuritnaPramana @B1G_kaySae @HD52766966 @boemipertiwi45 @Piala96676876 @PaijoAryanto @jonathan_erwan @pak_pokir @anji_bayu @Biawak_Buas @AnakLolina @saya_AAL @YRadianto Dewi biasane posting yg semlohai2. Iki kok nggilani, nganeh2i. Ojo2 akun Dewi dihack Dewo Rengkong. Lagi musim akun dihack loh!","1110432399903678464","","Kataindahku11","in","","0","1","0","https://x.com/__MV_llestari__/status/1110432399903678464","2541716540","__MV_llestari__"
"1109827919000461313","2019-03-24T14:47:32.000Z","8","@SNovbria @haikal_hassan Bukan babeh tuh.
Akun dihack.","1109829101789966337","","Saulia2311","in","","0","0","1","https://x.com/NurlelySiregar/status/1109829101789966337","857579809534169092","NurlelySiregar"
"1103252249109716993","2019-03-06T11:13:28.000Z","1","Benci banget punya akun dihack sana sini, orang susah aja masih dibikin susah. Kan aso","1103252249109716993","","","in","","0","0","0","https://x.com/Farizsimob14/status/1103252249109716993","1095696520895094784","Farizsimob14"
"1097564381745885184","2019-02-18T18:31:55.000Z","10","Tim Klowor marah2 krn @jokowi dianggap serang pribadi. 

Mrk pikir gerombolannya  3-4 tahun terakhir ini ngapain aja? Sampai ibunda presiden yg tak tau apa2 disuruh tes DNA.

Msh beradab serang pribadi dlm debat resmi. Bkn ngetwit nyinyir lalu buru2 hapus dan ngaku akun dihack.","1097564381745885184","","","in","","2","1","9","https://x.com/AhlulQohwah/status/1097564381745885184","1618934034","AhlulQohwah"
"1093877174694666240","2019-02-09T00:15:18.000Z","0","@RestyCayah @MbahUyok @Dennysiregar7 @jokowi @prabowo Yakin lo itu status ttg Jokowi si Adi sendiri yg tulis ? Gimana bisa sik diwaktu bersamaan dia lagi ditangkep gak pegang hp dg nulis status ? Lama2 bakal ketahuan itu akun dihack, liat dong jejak2 lainnya jgn cuma 1 tulisan, mana baru dibuat pulak, tatakan iler lu ah!","1094026918821748736","","RestyCayah","in","","0","0","0","https://x.com/Twitkustik/status/1094026918821748736","1011081057087582208","Twitkustik"
"1092419088658231296","2019-02-04T13:46:21.000Z","1","🚫 JASA HAPUS AKUN SOSMED 🚫

Syarat :
✔Akun pribadi
✔Akun  saudara atau teman yang  meninggal agar tidak jadi DOSA JARIYAH bagi RahimahAllah.
✔Akun Fake/Palsu
✔Akun diHack/diretas
💰Pembayaran setelah akun terhapus.
🔐 PRIVACY IN SYAA ALLAH TERJAGA.
📲  DM/WA : 081564846343 https://t.co/vRbT20sKr8","1092419088658231296","https://pbs.twimg.com/media/DykNXm3VsAEFhB-.jpg","","in","","0","0","0","https://x.com/SHB_UkhtiFillah/status/1092419088658231296","1092388354996396034","SHB_UkhtiFillah"
"1061807144893333504","2018-11-12T09:41:03.000Z","14","@mpuanon @dey265 @psi_id Netizen disuruh percaya kalau akunnya dihack..dibajak..gitu?
No..no...nehi..nehi.
Kalian memang pembenci Islam, muslim dan tokoh2nya. Karena bukan hny sekali saja spt itu...itu sdh spt pola partai.
Kebusukan dan kebohongan kalian tdk bisa disembunyikan dgn alasan akun dihack dsb.","1061916777939054594","","mpuanon","in","","0","0","2","https://x.com/EmhadyZ/status/1061916777939054594","548162595","EmhadyZ"
"1053549656284651520","2018-10-20T10:03:26.000Z","9","@Dahnilanzar @chicohakim Loe udh ngeper....blm2 udh ngeles dg ""tafsir"". Loe klo Bego ga ush pura2 Bego. Blg aja kilaf..akun palsu...akun dihack atau apalah. Ayam sayur loe tong @Dahnilanzar","1053587488529215488","","Dahnilanzar","in","","0","0","0","https://x.com/bambangS1373/status/1053587488529215488","1027520155071344641","bambangS1373"
"1027215884006305792","2018-08-08T15:41:06.000Z","4","@habiburokhman Infonya akun dihack.
Semoga valid","1027218148867563520","","habiburokhman","in","","1","2","0","https://x.com/EriansyahHafidz/status/1027218148867563520","3306633343","EriansyahHafidz"
"1017946216854839296","2018-07-14T01:37:45.000Z","0","/ab/ @weareoneEXO eri ayok bantu suspend @ EXOPOLICE_ itu akun dihack sama antis udah hampir sebulan ga balik, jadi mari kita report bersama","1017946216854839296","","","in","","0","0","1","https://x.com/aeribase/status/1017946216854839296","839092116","aeribase"
"1016854366525911040","2018-07-11T01:19:07.000Z","3","Lagi chattingan..

👨: kamu mau ngga jadi pacar aku.?
👧: iya aku mau jadi pacar kamu..
👨: maaf ya, tadi wa dibajak temen..
👧: eh iya, #AkuGppKok","1016854366525911040","","","in","","0","0","0","https://x.com/anggotaanasa/status/1016854366525911040","948746358420156416","anggotaanasa"
"1001857674420436992","2018-05-31T01:27:11.000Z","5","@AdityaGalih_ Ketauan bilang ""akun dibobol maling lah, akun dihack lah, akun dijual lah...betar lagi bilang ""itu akun orang gila... atau akun lucu2an...","1001998493106438145","","","in","","1","0","0","https://x.com/abi_ranata/status/1001998493106438145","55502003","abi_ranata"
"988935499103399936","2018-04-25T00:19:31.000Z","13","Seperti biasa, twit palsu lah,akun dihack lah,admin masih baru lah .. https://t.co/szlVxbiCJX","988935499103399936","","","in","","1","1","6","https://x.com/just_v44n/status/988935499103399936","805968848763514880","just_v44n"
"988429740993200133","2018-04-24T03:50:13.000Z","1","@Bebeksaurus @ssirah @GunRomli Bbrp Opsi yg bisa dipilih:
1. Bilang aja akun dihack, trus bikin akun baru. 
2. Ngaku gila aja biar cepet selesai urusannya.. 😁😁😁","988626135863906304","","Bebeksaurus","in","","0","2","1","https://x.com/encees/status/988626135863906304","42818661","encees"
"986250469793124352","2018-04-17T15:30:22.000Z","19","@joxzin_jogja @NetizenTofa Ketebak mainnya..
Zonk protes..
Simus ngeles ngaku akun dihack..
Nyalahin cebong..
Koar2 semedsos monas...
Rezim bla bla bla...
Ampe mencret2 😃","986265618352455680","","joxzin_jogja","in","","0","4","9","https://x.com/eflLnIkcuFecIN/status/986265618352455680","2555304391","eflLnIkcuFecIN"
"974172690591428609","2018-03-15T07:50:51.000Z","0","@LusiHQ @MudasirRomini @ASUngibul7 Sdhlah, mending pake akun baru aja... Sy aja siap2 pake akun baru kalo akun dihack/RAS org kok... Ga ada yg permanent di dunia ini bro, belajarlah dari Hawking.. 😇😇","974191180631232512","","LusiHQ","in","","0","0","0","https://x.com/Mentimoen/status/974191180631232512","736384867181547520","Mentimoen"
"967334829330071552","2018-02-25T02:59:31.000Z","2","@triwul82 @JunizarT Strategi kecoa mirip2: posting/sebar dulu berita hoax, kalau terendus aparat: hapus, bilang akun dihack, tutup akun, atau kabur...
* kecoa2 ini harus dihukum berat karena sebabkan instabilitas negara! (Apalagi petinggi kecoa nya!!)
cc: @CCICPolri @kaesangp
https://t.co/zToThbOpAO","967594881077006337","","triwul82","in","","0","1","2","https://x.com/dedysteven80/status/967594881077006337","2598106963","dedysteven80"
"967294701471756288","2018-02-24T09:34:41.000Z","3","@MustofaNahra @cadarmerah @Nurmantyo_Gatot @PartaiSocmed @NetizenTofa @SBYudhoyono @zarazettirazr @Puspen_TNI @CNN @detikcom Membajak akun bg saya adl suatu yg nyaris tak masuk ajal, akun pakai bersama kemudian menyebar2 dr mulut ke mulut(seolah2) dibajak pdhal bukan.
Apalagi akun dihack setali3duit, karena pengaman sosmed sekelas twitter bisa berlapis2, kena 1 kena semua mk efeknya global,mungkinkah?","967331940188614656","","MustofaNahra","in","","0","0","2","https://x.com/4SinCong/status/967331940188614656","714718722712289281","4SinCong"
"944772204989788160","2017-12-24T04:50:58.000Z","0","@SparklingHecate @felixsiauw Akun dihack atau dibajak sepertinya bisa menimpa siapa saja tanpa pandang umur . Sepertinya pikiran andalah yg kekanak-kanakan.","944792492964241408","","","in","","0","0","0","https://x.com/All4wendyson/status/944792492964241408","935392892893450240","All4wendyson"
"937128838718353408","2017-12-03T01:31:39.000Z","0","@nankz_medy @Anprimoko bgzt akun wa dibajak","937132188633481216","","_SHANJUNISME_ID","in","","0","0","0","https://x.com/chocolatpurple/status/937132188633481216","970070695","chocolatpurple"
"927504139877195776","2017-11-06T12:14:56.000Z","2","@ndoro__putri @olla_rahmawati gw yakin bentar lg ada pernyataan akun dihack sambil terkaing2","927509602442211329","","","in","","0","0","1","https://x.com/sohen66/status/927509602442211329","825730267927105536","sohen66"
"926684051158605825","2017-11-04T07:21:45.000Z","1","@ichaariissa Oh iya lagi zaman akun dihack sih,masuk akal juga..hahah","926711045904769025","","ichaariissa","in","","0","0","0","https://x.com/fahmiical/status/926711045904769025","431268088","fahmiical"
"923598662411853824","2017-10-26T17:14:15.000Z","1","Anjir wa dibajak garagara kalah maen uno 😭😭😭😭","923598662411853824","","","in","","0","0","0","https://x.com/fiabundance/status/923598662411853824","281439072","fiabundance"
"920898441655361536","2017-10-19T06:24:32.000Z","4","Orang ini emang pinter ngebacot ya, ntar kalo ada masalah bilang akun dihack. Maksudnya yg udah disusun rapi bakal ancur tuh Alexis? 😌 https://t.co/DWGRVQd900","920898441655361536","https://pbs.twimg.com/media/DMewPMsUEAIaxXu.jpg","","in","","0","0","2","https://x.com/Arie_Ariana/status/920898441655361536","250157270","Arie_Ariana"
"869519034185732097","2017-10-12T17:17:15.000Z","0","@ANDRE____OCTA @Grand_Light88 @Nanaa_rosaa @HidupMuslimah21 @datuakmangkuto @agusboy_1973 @AnkerGear99 @LebahBorneo @Bangsa_FURYANS @masbudi111 @Namaku_Mei @hansjedi671 @hajingan671 @maulanatigor1 @Deonadesky @dewituti_ana @Nana_Rosa4 @filbertstw @timomanullang @nyuknyangnyok @hurry_boro @HabibNdeso @EAndesla @sayutiandy @asep_ibrahim201 @viana_vie36 @dabelyu97 @mijimi_jiji @dsyamil3 @DjanChoek @rayya_liyandra @SupermanCemonk @TemanJesus @RaineMbleketek @PlufDuck @Manroeunited @just_poney @FandiFhuh @bendadiwong @anth_bee @AnnaBee555 @ngoceh_n @Lounte1 @dind1nan4 @poney_doo @MCAOps @CCICPolri @michaeljag @AnantaRajasa @PartaiSocmed akun dihack..khilaf","918525986047537152","","ANDRE_OCTAPUTRA","in","","0","0","0","https://x.com/YosSpunky/status/918525986047537152","80360342","YosSpunky"
"916516601632976896","2017-10-07T04:12:40.000Z","1","Modus bong200..fitnah &amp; hina lbh dulu. Kl ketahuan ya bilang maaf, nangis, hp hilang, hp error, akun dihack dsb.
Bong200 perusak tatanan.","916516601632976896","","","in","","0","0","0","https://x.com/EmhadyZ/status/916516601632976896","548162595","EmhadyZ"
"915983433687457792","2017-10-06T14:17:33.000Z","1","@Agnesdalughu @AlvinoLulu @CCICPolri @DivHumasPolri @Aryprasetyo85 @ustadabujanda Jk bener akun dihack semoga segera bs diungkap,kasihan
Tp jk dia sendiri yg bikin status semoga segera diciduk","916306437046800386","","Agnesdalughu","in","","0","0","0","https://x.com/bamsratno13/status/916306437046800386","842049451749343232","bamsratno13"
"914002574813970432","2017-09-30T05:42:49.000Z","0","Akun dihack dan Sudah Kembali, Inilah Cara Yolla Yuliana Menyikapinya https://t.co/WkZcuZO0GS via @bolasportcom","914002574813970432","","","in","","0","0","0","https://x.com/BolaSportcom/status/914002574813970432","78239324","BolaSportcom"
"910463455978598400","2017-09-20T11:50:29.000Z","3","@Simpatisan_D @zarazettirazr @CondetWarrior Skarang lebih gilak lagi, dikit2 dituduh MAKAR, dikit2 diciduk Subuh2, dikit2 akun dihack, dikit2 difitnah SARACEN !Najooong!😏😏","910471221006843905","","","in","","1","0","1","https://x.com/yunsitroh2014/status/910471221006843905","939491568","yunsitroh2014"
"904912955577217025","2017-09-05T11:15:31.000Z","3","@Am0k4 @KotaBontangNet @infokaltim @Femimozamoka @AmbarwatiRexy @Aryprasetyo85 @kaysae76 @shinichikudo991 @cookiegig88 @yanurr262610 @dedisagala24 @jinn_gemblung smg roda khdpannya tidak balik puter ke bawah. Tp yah koq rasanya tar minta maaf bilang khilaf, akun dihack, atau ... &lt;isi sendiri dah&gt;...","905026604656508928","","","in","","0","0","0","https://x.com/bepewe01/status/905026604656508928","3364266740","bepewe01"
"895633895948926976","2017-08-10T13:12:15.000Z","0","Ini akun palsu..
Akun dihack beberapa waktu lalu..
@DivHumasPolri semoga bisa amankan pelaku.
Tenkyu https://t.co/UrFTHGl8Rs","895633895948926976","","","in","","1","0","0","https://x.com/oomdods/status/895633895948926976","58413243","oomdods"
"894574744556589061","2017-08-07T15:03:34.000Z","2","Akhirnya, modus akun dihack :) https://t.co/GhxE8uOVZf","894574744556589061","","","in","","2","4","8","https://x.com/PartaiSocmed/status/894574744556589061","869327120","PartaiSocmed"
"868328790899871744","2017-05-27T11:10:37.000Z","1","@Zaman_Akhirr @SiBonekaKayu Kbr nya dah di polres, ngakunya lagu lama lg, akun dihack","868424195591385089","","apriduff63","in","","0","0","0","https://x.com/r15_one/status/868424195591385089","774636741269479425","r15_one"
"867720832562233345","2017-05-25T12:35:42.000Z","0","Akun Mie Adek Kakak Friendzone dah tutup?

Ternyata tdk segalak itu

Bentar lagi akan ada klarifikasi prmintaan maaf, ato ngaku akun dihack😒 https://t.co/A7WTgSAZNA","867720832562233345","","","in","","0","0","1","https://x.com/CumaSiBudi/status/867720832562233345","1078633394","CumaSiBudi"
"865069685837975552","2017-05-18T05:24:43.000Z","11","@Muslim_Bersatu1 Palingan nanti alasannya hp hilang atau akun dihack ..sudah jd SOP!","865075657478348801","","Muslim_Bersatu1","in","","0","0","7","https://x.com/safwansyar/status/865075657478348801","86469779","safwansyar"
"863280665097154560","2017-05-13T06:32:04.000Z","87","OA LINE SUGABASE IS BACK!!
Mksh atas dkgn klian slma akun dihack &amp; kita udh mutusin buat akun baru. Tlg di add ya❤

🆔 : @lkg4012s https://t.co/aicqfO0A0a","863280665097154560","https://pbs.twimg.com/media/C_r9KrzUMAEBXHk.jpg","","in","","1","7","50","https://x.com/BTS___Indonesia/status/863280665097154560","753171231927472128","BTS___Indonesia"
"822419685660499969","2017-01-20T12:25:07.000Z","2","HP lepas..
Akun dihack.. https://t.co/nK7zSsaUDR","822419685660499969","","","in","","0","0","1","https://x.com/aryoko_st/status/822419685660499969","192143613","aryoko_st"
"821765377956794368","2017-01-18T17:05:08.000Z","1","Gak ngikutin soal hoax akun dihack. Hack dan hoax bisa sekaligus ya? Intinya gmn sik?","821765377956794368","","","in","","0","0","0","https://x.com/dahliacitra/status/821765377956794368","114662632","dahliacitra"
"821575544026243073","2017-01-18T04:30:48.000Z","1","""@Takviri: atau kita dorong si @ZaraZettiraZZ dan @TofaLemon laporin kasus akun dihack ke aparat saja, biar ... https://t.co/8nuj6oadP8","821575544026243073","","","in","","0","1","1","https://x.com/ZaraZettiraZZ/status/821575544026243073","719472330540322816","ZaraZettiraZZ"
"821574967850434560","2017-01-18T04:28:31.000Z","2","""@Takviri: atau kita dorong si @ZaraZettiraZZ dan @TofaLemon laporin kasus akun dihack ke aparat saja, biar ... https://t.co/Hz8ixW4VVP","821574967850434560","","","in","","0","2","2","https://x.com/ZaraZettiraZZ/status/821574967850434560","719472330540322816","ZaraZettiraZZ"
"821366925036949505","2017-01-18T04:20:30.000Z","1","@Muslim_Bersatu1 @neriupi @UusRsd @officialDPP_FPI @Umnia77 akun dsuspend... akun dihack... akun bodong...sungguh dahsyat upaya musuh Allah","821572949920477184","","Muslim_Bersatu1","in","","1","0","1","https://x.com/debbipso/status/821572949920477184","744686568758075393","debbipso"
"821535284198154241","2017-01-18T01:54:34.000Z","3","@ZaraZettiraZZ iya bisa jadi bukan. Walau kesal lihat bbrp akun dihack, jd ketawa jg lihat akun Tofa sm Umar pake ava Ahok. LOL","821536228092715008","","ZaraZettiraZZ","in","","2","0","1","https://x.com/panca66/status/821536228092715008","82042655","panca66"
"821515240831467522","2017-01-18T00:36:25.000Z","1","@qitmr @pirrdot udh modus. Akun dihack la, hape dipegang org lain, hape dicuri, pas kalo situasi udh terlalu panas.","821516559646474240","","qitmr","in","","1","0","0","https://x.com/nimidnec/status/821516559646474240","233736071","nimidnec"
"821505880977870848","2017-01-17T23:53:59.000Z","15","@Takviri Jadi Zara Zettira takut diciduk karena menyebar hoax? Nggak bisa menghindar karena akun verified. Berpura-pura akun dihack? Pinter.","821505880977870848","","Takviri","in","","6","7","51","https://x.com/hotradero/status/821505880977870848","19759844","hotradero"
"811492066853199873","2016-12-21T08:51:16.000Z","4","@TNasionalis Akun dihack ama salah mesin twitter😂😂😂😂","811494232263229440","","TNasionalis","in","","0","0","2","https://x.com/natalsetio/status/811494232263229440","445488825","natalsetio"
"807101867394154497","2016-12-09T05:57:35.000Z","1","#BloggerRewind2016 : Grup WortelShare ditutup karena ada anak alay tiba-tiba masuk dan akun dihack. 😢","807101867394154497","","","in","","2","2","2","https://x.com/heruaryaa/status/807101867394154497","982245973","heruaryaa"
"807078550599651328","2016-12-09T04:24:55.000Z","0","AKUN DIHACK, FOTO TOPLESS MAISIE WILLIAMS TERSEBAR https://t.co/yxECFD5Y66","807078550599651328","","","in","","0","0","0","https://x.com/breakbeatindo/status/807078550599651328","92010659","breakbeatindo"
"798424393089224705","2016-11-15T07:16:23.000Z","1","jahhhh kocak juga
katanya nga tahan emosi
eh habis suasana kacau dibilang akun dihack
beberapa saat kemudian tutup akun
buset 
wqwqwqwq","798424393089224705","","","in","","1","0","0","https://x.com/FadilNightKids/status/798424393089224705","1034050932","FadilNightKids"
