"conversation_id_str","created_at","favorite_count","full_text","id_str","image_url","in_reply_to_screen_name","lang","location","quote_count","reply_count","retweet_count","tweet_url","user_id_str","username"
"2067494152313700545","2026-06-18T06:26:32.000Z","0","Waspada Qris Palsu https://t.co/suI7fTo3Wm","2067494152313700545","https://pbs.twimg.com/media/HLE2-B-a8AAoFfi.jpg","","in","","0","0","0","https://x.com/roy27881781/status/2067494152313700545","1565904245815386112","roy27881781"
"2066477598029525283","2026-06-15T13:26:02.000Z","1","@danawallet awas qris palsu gais, thanks min infonya mantul","2066512558945935635","","danawallet","in","","0","0","0","https://x.com/nentiroweti/status/2066512558945935635","1834300253098704900","nentiroweti"
"2066477598029525283","2026-06-15T12:30:46.000Z","1","@danawallet qris palsu dimana mana, lebih hati2 lur biar gakena tipu 👍","2066498652005372018","","danawallet","in","","0","0","0","https://x.com/Garangan_bewok/status/2066498652005372018","1834306289306140675","Garangan_bewok"
"2055121020835561647","2026-05-15T13:21:43.000Z","5","@danawallet udah beres deh urusan qris palsu berkat dana","2055277447189577987","","danawallet","in","","0","0","0","https://x.com/dadansenoo/status/2055277447189577987","1996254274444230656","dadansenoo"
"2055257545363890463","2026-05-15T12:02:38.000Z","2","Anjir lah. Keknya emg qris ini perlu disosialisasi biar
1. Penjual nakal yg ngasi admin g jelas
2. Pembeli nakal yg bikin qris palsu
Kek akshhaaj dia emg praktis tp banyak celahnya juga yh jir","2055257545363890463","","","in","","0","0","0","https://x.com/U_dangkeju/status/2055257545363890463","1747981560861872129","U_dangkeju"
"2054471710976430343","2026-05-13T08:00:00.000Z","0","Waspada Modus Baru Penipuan Daftar Nikah Gunakan Logo Kemenag dan QRIS Palsu

https://t.co/RkydB1tkq5","2054471710976430343","","","in","","0","0","0","https://x.com/KompasTV/status/2054471710976430343","71436318","KompasTV"
"2054413421144375506","2026-05-13T05:46:14.000Z","126","@gadinglyfe jahat banget asli yang nempelin qris palsu nya, emang dari pihak bank nya gak bisa di track ya?

jujur aku awam banget sih.

apalagi kan jual makanan perputaran uang dan modal nya kan gede banget tuh, kalau 3hari pasti kerasa banget juga sih, gak tau recovery nya berapa lama.","2054438048029663563","","gadinglyfe","in","","0","0","1","https://x.com/iyaasintaa/status/2054438048029663563","1588774882627956736","iyaasintaa"
"2054397566020968586","2026-05-13T03:05:23.000Z","1254","🚨 [PSA] 🚨

Karena Comifuro tinggal menghitung hari, kan udah banyak guide yah buat pemula atau pengunjung yang ingin ke Comifuro dari memperhatikan pakaian, bau badan dan sebagainya

Nah, nggak cuma pengunjung nih yang perlu diingatkan, tetapi para circle yang berjualan, apakah","2054397566020968586","","","in","","26","5","582","https://x.com/Oshika_Yokugi/status/2054397566020968586","1326437627130642432","Oshika_Yokugi"
"2050891636885033297","2026-05-03T10:54:04.000Z","5","Yg gw temuin biasanya yg ad adminnya kyk gini tuh yg pke qris ad suara notifnya suara kenceng itu. Tp yg qris tempel biasa gk ad admin","2050891636885033297","","","in","","0","0","0","https://x.com/theshhflower/status/2050891636885033297","1300468552521015296","theshhflower"
"2048391313066991662","2026-04-27T07:06:06.000Z","13","@mhuseinali QRIS bukan inovasi. Ini cuma standar QR code China yang dibungkus logo BI.
2025-2026, penipuan QRIS palsu meledak 160%.
Stiker palsu ditempel di mana-mana: SPBU, masjid, terminal, warung, bahkan posko mudik Lebaran.
Korban scan, uang langsung lenyap ke rekening penipu.
Data Polda","2048659941045719078","","mhuseinali","in","","1","6","0","https://x.com/bulja27/status/2048659941045719078","1722142763079311360","bulja27"
"2041789378381611185","2026-04-08T08:04:57.000Z","4","Mau bayar pakai QRIS? Jangan sampai ketipu ya! 🤚🏻

Sekarang bayar apa-apa makin gampang tinggal scan, langsung beres. Tapi hati-hati, sebelum bayar, pastikan dulu nama merchant yang muncul sudah benar. Soalnya, QRIS palsu bisa kelihatan mirip banget sama yang asli  👀 https://t.co/iW1TSEZ34Z","2041789378381611185","https://pbs.twimg.com/media/HFXknW7aQAAJdxL.jpg","","in","","0","1","0","https://x.com/kbbank_id/status/2041789378381611185","268599801","kbbank_id"
"2035089904406024213","2026-03-21T04:16:40.000Z","49","@rahmatindahood Membagikan kode QRIS pribadi berisiko jika disalahgunakan penipu untuk modus Quishing (QR Phishing), seperti menempelkan stiker QRIS palsu di atas QRIS asli merchant. Bahayanya bukan pada sistem QRIS, melainkan pada pemalsuan identitas merchantatau tautan palsu yang mengarahkan","2035208947242844215","","rahmatindahood","in","","0","2","3","https://x.com/KasanBaret/status/2035208947242844215","892015585231380480","KasanBaret"
"2019967283720818871","2026-02-07T02:51:44.000Z","2","Bayar bill satset setelah nongkrong cantik, bisa banget pake metode pembayaran QRIS D-Bank PRO🤩

Tapi wajib hati-hati dan #JanganKasihCelah sama modus scan kode QRIS palsu yang bikin pusing tujuh keliling 😵💫 https://t.co/rOrYjSllIx","2019967283720818871","https://pbs.twimg.com/amplify_video_thumb/2019967257175007232/img/PrdGb9i2rO23drJ9.jpg","","in","","0","1","0","https://x.com/danamon/status/2019967283720818871","166880064","danamon"
"2018148747612754208","2026-02-02T02:25:31.000Z","7","TOKO DI BANGIL PASURUAN JADI KORBAN PENIPUAN DIDUGA MODUS QRIS PALSU👀‼ 

Sebuah toko di wilayah Bangil, Kabupaten Pasuruan, Jawa Timur, menjadi korban penipuan diduga dengan modus pembayaran QRIS palsu. Peristiwa tersebut menyebabkan kerugian hingga Rp7,5 juta.

Kejadian https://t.co/a2mLVNymJH","2018148747612754208","https://pbs.twimg.com/amplify_video_thumb/2018148283634548736/img/m2KAFAwvyOvF7MML.jpg","","in","","0","0","4","https://x.com/RadioElshinta/status/2018148747612754208","121640063","RadioElshinta"
"1999782842507903308","2025-12-13T10:05:58.000Z","0","Waspada modus phishing QRIS palsu yang mengintai! Kenali ciri-ciri QRIS palsu, pelajari tips aman bertransaksi, dan lindungi dana Anda.
https://t.co/fRxuelQuxh","1999782842507903308","","","in","","0","0","0","https://x.com/indozonemedia/status/1999782842507903308","350668803","indozonemedia"
"1995385698502004802","2025-12-01T06:53:17.000Z","16","Assalamu’alaikum, Sahabat Syariah!

Awas Modus Penipuan Paket Tertukar, jangan Sampai Saldo Raib Karena Klik Link atau Scan QRIS Palsu!

Penipu kini makin lihai! Mereka mengaku dari ekspedisi/e-commerce dan mengirimkan QRIS dengan dalih verifikasi refund atau pertukaran paket. https://t.co/VXDUFYGBE0","1995385698502004802","https://pbs.twimg.com/media/G7EItPyaEAAF8Jw.jpg","","in","","0","4","2","https://x.com/bankbsi_id/status/1995385698502004802","141500996","bankbsi_id"
"1994605014686240966","2025-11-29T03:11:08.000Z","0","Modus QRIS Palsu Marak di Pandeglang, Warga Diimbau Jangan Asal Scan
https://t.co/3LSq91Y3Yr","1994605014686240966","","","in","","0","0","0","https://x.com/Beritasatu/status/1994605014686240966","154102750","Beritasatu"
"1985157510391865678","2025-11-03T01:30:07.000Z","1","Waspadai Penipuan Lewat QRIS Palsu https://t.co/fPWuSAC6KD","1985157510391865678","","","in","","0","0","0","https://x.com/rmol_id/status/1985157510391865678","990237626","rmol_id"
"1984582604868501860","2025-11-01T11:25:39.000Z","0","Awas Pencuri Masuk Lewat QRIS Palsu, Jangan Bayar Jika Muncul Ciri Ini https://t.co/ySudJUt61Z","1984582604868501860","","","in","","0","0","0","https://x.com/cnbcindonesia/status/1984582604868501860","847372542830444544","cnbcindonesia"
"1979766348034056422","2025-10-19T04:27:34.000Z","0","BI DIY Sebut Sampai Saat Ini Belum Ada Laporan QRIS Palsu https://t.co/4yxAi3Xqsy https://t.co/h6UaPytTRr","1979766348034056422","https://pbs.twimg.com/media/G3mLAJNX0AAYYHE.jpg","","in","","0","0","0","https://x.com/Harian_Jogja/status/1979766348034056422","118371948","Harian_Jogja"
"1979176165807132830","2025-10-17T13:22:23.000Z","233","Belasan pedagang di kawasan Pujasera Telkom University, Kabupaten Bandung, menjadi korban pemalsuan kode QRIS. Modusnya, pelaku menempelkan stiker QRIS palsu di atas stiker asli milik pedagang, sehingga uang hasil transaksi justru masuk ke akun lain.

Ridwan (18), anak penjual es https://t.co/2N4uyk6euy","1979176165807132830","https://pbs.twimg.com/amplify_video_thumb/1979176057317052416/img/Vtw0OqXUyZrrVyUo.jpg","","in","","18","15","91","https://x.com/kumparan/status/1979176165807132830","759692754985242625","kumparan"
"1978119462684352667","2025-10-14T15:23:26.000Z","4","VIDEO: Penipuan Qris Palsu, Pedagang Pujasera Rugi Jutaan Rupiah https://t.co/A4EgOcD0ae","1978119462684352667","","","in","","0","1","0","https://x.com/CNNIndonesia/status/1978119462684352667","17128975","CNNIndonesia"
"1978098468527706341","2025-10-14T14:00:00.000Z","384","Pedagang di kawasan Pujasera depan Telkom University (Tel-U), Jalan Sukabirus, Kabupaten Bandung, menjadi korban kode QRIS palsu. QRIS palsu ditempel di atas QRIS asli di warung mereka oleh orang tak dikenal.

#detikcom https://t.co/5ySrrjexyS","1978098468527706341","https://pbs.twimg.com/amplify_video_thumb/1978004975268851712/img/dedZSx1KoLLtvagA.jpg","","in","","22","37","127","https://x.com/detikcom/status/1978098468527706341","69183155","detikcom"
"1978047226053329093","2025-10-14T10:36:23.000Z","14","Buat para sahabat dan penghuni X lainnya yang berdagang pake QRIS agar lebih berhati-hati..
Bukan saja Trump yg gerah dgn Qris tapi para penjahat juga mengintai...

Pedagang sekitar kampus Tel-U jadi korban Penipuan QRIS Palsu https://t.co/d5SmM45hSl","1978047226053329093","https://pbs.twimg.com/ext_tw_video_thumb/1978046922570301440/pu/img/ZDht0jMlZm1WgOGA.jpg","","in","","2","3","9","https://x.com/is_pelssy/status/1978047226053329093","2412572689","is_pelssy"
"1977673557523181729","2025-10-13T09:51:34.000Z","4","AHAT PISAN IEU MAH!!😢

Sejumlah pedagang di kawasan Pujasera depan Tel-U, Jalan Sukabirus, Desa Sukapura, Kec. Dayeuhkolot, Kab. Bandung, mengalami kerugian setelah kode QRIS palsu ditempel di warung mereka oleh orang tak dikenal.

FULL : https://t.co/PVEKC0xcVn https://t.co/cdvsPnX7Ud","1977673557523181729","https://pbs.twimg.com/amplify_video_thumb/1977673277511528448/img/z78HoEivmWT_vaSB.jpg","","in","","0","0","1","https://x.com/detikjabar_/status/1977673557523181729","1668145168468541441","detikjabar_"
"1977643216141697238","2025-10-13T07:51:00.000Z","1","Pedagang di Bandung mengalami kerugian akibat penipuan QRIS palsu. Mereka berharap keamanan sistem pembayaran diperketat untuk mencegah kejadian serupa. Berikut ulasannya!

Via @detikjabar_ 
https://t.co/WDxODlu9wj","1977643216141697238","","","in","","0","0","1","https://x.com/detikcom/status/1977643216141697238","69183155","detikcom"
"1977321214239752432","2025-10-12T10:31:28.000Z","11","Dikatakan keterlaluan ya memang terlalu wong orang jahat, kenapa mereka jahat karena ada yang ditiru.
Dengan cara ini, uang pembayaran digital yang dilakukan oleh pembeli justru masuk ke rekening pelaku kejahatan, alih-alih ke rekening pedagang yang berhak.
QRIS palsu dilaporkan https://t.co/wf5omfGVNl","1977321214239752432","https://pbs.twimg.com/amplify_video_thumb/1977320668351057921/img/7JmhCvvkln67VXPi.jpg","","in","","0","0","0","https://x.com/CakD3pp/status/1977321214239752432","3797534720","CakD3pp"
"1975508449216942229","2025-10-07T10:28:12.000Z","24","Buat teman-teman pelaku UMKM berhati-hati yah semua.. banyak oknum yang dengan sengaja menempelkan kode QRIS palsu.

Ya Tuhan kenapa ada orang setega gini yah.. 

👓berita update indonesia https://t.co/FMQarRUOeZ","1975508449216942229","https://pbs.twimg.com/media/G2pqdwHbIAACJEW.jpg","","in","","0","12","10","https://x.com/mrtweepsID/status/1975508449216942229","155157511","mrtweepsID"
"1970079406430343598","2025-09-22T10:55:07.000Z","8","Jasa bom nomer iku dimana ya -rek. Aku ditipu pembeli pulsa pake skrinsutan pembayaran qris palsu :( bati sehari 100, nipune 300 😭","1970079406430343598","","","in","","0","4","0","https://x.com/sbyfess/status/1970079406430343598","1152437175587241985","sbyfess"
"1968487279166636075","2025-09-18T01:28:34.000Z","0","Heboh QRIS Palsu Bikin Was-was, Simak Penjelasan BI! https://t.co/Pq0P6NYrqu","1968487279166636075","","","in","","0","0","0","https://x.com/cnbcindonesia/status/1968487279166636075","847372542830444544","cnbcindonesia"
"1968279354078806472","2025-09-17T11:42:21.000Z","3","Ramai Rumor QRIS Palsu, BI Ungkap Modus Penipu Curangi Korban https://t.co/RbVpRHuxvT","1968279354078806472","","","in","","0","0","0","https://x.com/CNNIndonesia/status/1968279354078806472","17128975","CNNIndonesia"
"1950119267070025783","2025-07-29T09:00:39.000Z","0","Pakai GoPay Spiker, Bukti Transaksi QRIS Palsu Dijamin Terdeteksi

https://t.co/oKZrrWImOp","1950119267070025783","","","in","","0","0","0","https://x.com/cnbcindonesia/status/1950119267070025783","847372542830444544","cnbcindonesia"
"1947190106575831491","2025-07-21T07:01:13.000Z","28","Kasus penipuan anggota polisi dari satuan Brimob Polda Jabar yang melakukan penipuan pembayaran QRIS Palsu dinyatakan masuk ke Daftar Pencarian Orang ( DPO ).

Koq bisa... bukannya pelaku atas nama Cecep Ridwan telah ditahan di Mako Brimob Polda Jabar.

https://t.co/WiyBZgPEVY https://t.co/CPV6lVVa0C","1947190106575831491","https://pbs.twimg.com/media/GwXOf1wbUAABI8J.jpg","","in","","2","6","22","https://x.com/tijabar/status/1947190106575831491","2395238000","tijabar"
"1945125776191578127","2025-07-15T14:18:18.000Z","138","Oknum Brimob Polda Jabar di PTDH karena Terbukti Lakukan Penipuan (15/7/2025)

Kasus ini mencuat ke publik usai pemilik Distro Helmetz di Cileunyi Bandung, memviralkan rekaman CCTV pelaku saat melakukan transaksi fiktif menggunakan QRIS palsu di tokonya (8/6/2025) https://t.co/WRQomb4iJP","1945125776191578127","https://pbs.twimg.com/ext_tw_video_thumb/1945125692930449408/pu/img/kx7tA8WgZQfoqgu5.jpg","","in","","2","17","52","https://x.com/Heraloebss/status/1945125776191578127","1251824880967774208","Heraloebss"
"1944360059347321114","2025-07-13T11:35:37.000Z","1","Hati-hati Marak Penipuan QRIS Palsu, Jangan Sampai Terjebak! https://t.co/EyS5x7u6tg","1944360059347321114","","","in","","0","0","0","https://x.com/detikfinance/status/1944360059347321114","135795460","detikfinance"
"1943536178625482992","2025-07-11T05:01:48.000Z","2","Pasutri di Depok ditangkap usai lakukan penipuan 26 kali dengan bukti QRIS palsu. Modusnya, mereka edit bukti pembayaran untuk ambil uang tunai dari konter. Kerugian korban capai Rp15 juta!

#QRIS #PenipuanOnline #Depok #CyberCrime #WaspadaPenipuan #PolsekCimanggis #BeritaHarian https://t.co/E64Cqr6PbD","1943536178625482992","https://pbs.twimg.com/media/GvjT1l7XcAARGMH.jpg","","in","","0","0","0","https://x.com/liputan6dotcom/status/1943536178625482992","47596019","liputan6dotcom"
"1939602516531974507","2025-06-30T08:30:50.000Z","70","Seorang pria terekam kamera CCTV menipu toko helm di Cileunyi, Bandung, dengan modus QRIS palsu.
#newsupdate #update #news #videonews https://t.co/4qFNJkofkU https://t.co/aG91lK8nSs","1939602516531974507","https://pbs.twimg.com/ext_tw_video_thumb/1939602321509384192/pu/img/v25MdK2eKVG7nAst.jpg","","in","","1","4","23","https://x.com/kumparan/status/1939602516531974507","759692754985242625","kumparan"
"1939096531078127878","2025-06-28T23:00:14.000Z","96","MODUS QRIS PALSU

Sobat SeaBank, pakai QRIS memang lebih praktis, tapi kamu harus hati-hati juga ya karena sekarang banyak mdous penipuan yang menggunakan QRIS dengan mengganti kode QRISnya, pastikan lagi bahwa nama merchant yang akan kamu bayar sesuai ya, jadilah Konsumen https://t.co/xcdTI31AWv","1939096531078127878","https://pbs.twimg.com/ext_tw_video_thumb/1939096484940767232/pu/img/0658UVg-PnQ6q1Vz.jpg","","in","","0","25","24","https://x.com/SeaBankID/status/1939096531078127878","1384327718242701315","SeaBankID"
"1937470158819459135","2025-06-24T11:17:36.000Z","3150","Polisi di Bandung beli helm pakai screenshot QRIS palsu dilaporkan ke Propam..

Oknum lagi? https://t.co/GO1ycepUv8","1937470158819459135","https://pbs.twimg.com/ext_tw_video_thumb/1937470105388220420/pu/img/FxR-jVVid5qL2MEx.jpg","","in","","38","195","1131","https://x.com/Mdy_Asmara1701/status/1937470158819459135","1334853481019056128","Mdy_Asmara1701"
"1936028846979268652","2025-06-20T11:50:21.000Z","25","Assalamu'alaikum, Sahabat Syariah!

Hati-hati QRIS palsu semakin marak!

Jangan sampai tertipu, selalu pastikan nama merchant sesuai sebelum transaksi.

Keamanan dompetmu, tanggung jawabmu juga✨

#BankSyariahIndonesia #beyondsyariahbanking https://t.co/if7gLcFVwQ","1936028846979268652","https://pbs.twimg.com/amplify_video_thumb/1936028179539382272/img/rmXWjqmWXgj_Ns2t.jpg","","in","","0","2","2","https://x.com/bankbsi_id/status/1936028846979268652","141500996","bankbsi_id"
"1932377204819902560","2025-06-10T10:00:02.000Z","14","Transaksi digital tentu mempermudah kehidupan kita, tapi harus diimbangi dengan kewaspadaan ya, jangan sampai kamu tertipu dengan QRIS asli yang ditempeli dengan QRIS palsu.

Pastikan QRIS yang akan di-scan sesuai dengan nama penerima dan selalu cek ulang sebelum menyelesaikan https://t.co/toonXR41vj","1932377204819902560","https://pbs.twimg.com/amplify_video_thumb/1932359929312194560/img/MftmHarNPEEMvKy-.jpg","","in","","0","0","1","https://x.com/BankSinarmas/status/1932377204819902560","1850568085","BankSinarmas"
"1929764441207296317","2025-06-03T04:57:50.000Z","4","Makin mudah bayar pakai QRIS? Iya! Tapi waspada juga, ya!

Penipu bisa tempel QRIS palsu di atas yang asli. Hasilnya? Uangmu masuk ke rekening mereka.
💡 Tips aman:
✅ Cek nama penerima
✅ Scan hanya dari sumber terpercaya

Jangan sampai niat belanja, malah jadi korban penipuan https://t.co/m99L3K5Nhc","1929764441207296317","https://pbs.twimg.com/amplify_video_thumb/1929764299473670145/img/RB8Zeqi0ajtdDd-b.jpg","","in","","0","0","1","https://x.com/bidhumas_jatim/status/1929764441207296317","1444824442954137603","bidhumas_jatim"
"1926990825554079764","2025-05-26T13:16:29.000Z","0","Ditreskrimum Polda Sulawesi Barat menangkap seorang pelaku penipuan yang menggunakan Quick Response Code Indonesian Standard (QRIS) palsu. https://t.co/S8Ra9Khoxk","1926990825554079764","","","in","","0","0","0","https://x.com/antaranews/status/1926990825554079764","18071520","antaranews"
"1922284104999133429","2025-05-13T13:33:39.000Z","27","Hallo min 
Izin share dan agar semua bisa waspada terutama toko yg menjual rokok 🤗

Mohon nama dan ig saya di keep ya min

Kejadianny tadi sekitar habis maghrib ; Hallo mas berbadan besar bermotor vario pink 110cc seri lama sy tidak mau menyebut no platny takutny itu motor https://t.co/oUZp9lg91m","1922284104999133429","https://pbs.twimg.com/media/Gq1TNLMWIAA2UlX.jpg","","in","","0","3","2","https://x.com/merapi_uncover/status/1922284104999133429","1279804428724211712","merapi_uncover"
"1917480726855086341","2025-04-30T07:26:45.000Z","52","Sekarang kami jadi tahuuuu~

Diminta scan QRIS pake kamera HP? Jangan mau! Inget kalo Don't Know, Kasih No!

Lawan modus penipuan yang semakin agak laen. Waspada QRIS palsu yang tidak bisa di-scan oleh aplikasi pembayaran.

Selengkapnya di: https://t.co/3DobGlxbsy https://t.co/DvY056FGIf","1917480726855086341","https://pbs.twimg.com/ext_tw_video_thumb/1917480642130108419/pu/img/uSC3Rh4zQopdHr45.jpg","","in","","0","0","10","https://x.com/GoodLifeBCA/status/1917480726855086341","17824435","GoodLifeBCA"
"1902828745641369600","2025-03-20T21:05:00.000Z","20","KENA TIPU QRIS PALSU?! 😤📱

Niatnya kasih sumbangan, ehh malah ketipu 🫨 Tetap waspada ya! Sini MinSea SPILL tips menghindari PENIPUAN QRIS PALSU 😉 

Yuk geser konten di bawah dan REPLY ""AMAN"" biar kamu bisa terhindar dari upaya penipuan! 👮🏻✨ https://t.co/ytCHjUmkYM","1902828745641369600","https://pbs.twimg.com/media/GmeCbBHa8AIxDgU.jpg","","in","","0","14","5","https://x.com/SeaBankID/status/1902828745641369600","1384327718242701315","SeaBankID"
"1898589263614345298","2025-03-09T04:18:49.000Z","2","Siapa yang tim pake QRIS buat bayar-bayar? 🙋🏻‍♀️​

Hati-hati ya! Banyak QRIS palsu beredar di mana-mana. Jangan sampe uang kamu masuk ke rekening penipu ya 😱​
​
Selalu double check nama merchant setiap kamu scan QRIS saat membayar. Jangan kasih celah buat penipu. Geser buat kenali https://t.co/CYvpDAbIfx","1898589263614345298","https://pbs.twimg.com/media/Glkk3VyaUAAboIO.jpg","","in","","0","4","0","https://x.com/BNI/status/1898589263614345298","62455266","BNI"
"1892794485794619522","2025-02-21T04:32:26.000Z","44","Hati-hati dengan modus kejahatan pakai QRIS tempel yang mengganti QRIS asli dengan yang palsu. Pastikan nama penerima sesuai dengan merchant, dan cek kembali QR code yang akan dituju. 

Selalu waspada dan lindungi uangmu di manapun itu!

#BankSinarmas #FinansialLebihBaik #GeberPK https://t.co/F4ZpXDxc7A","1892794485794619522","https://pbs.twimg.com/ext_tw_video_thumb/1892793172893237248/pu/img/EqVRYY8drC2H15nF.jpg","","in","","0","1","2","https://x.com/BankSinarmas/status/1892794485794619522","1850568085","BankSinarmas"
"1887293206964150597","2025-02-06T00:12:19.000Z","0","Awas Modus Penipuan Terbaru Pakai QRIS Palsu, Kenali Tandanya https://t.co/iQtiRHEfRg","1887293206964150597","","","in","","0","0","0","https://x.com/cnbcindonesia/status/1887293206964150597","847372542830444544","cnbcindonesia"
"1884061205175898551","2025-01-28T02:09:30.000Z","119","Trik Menghindari Penipuan QRIS Palsu‼️ https://t.co/a2OgOig5bv","1884061205175898551","https://pbs.twimg.com/media/GiWHrqAaYAEbVj5.jpg","","in","","0","215","1","https://x.com/miqnies/status/1884061205175898551","769472660736647169","miqnies"
"1871669681217810919","2024-12-24T21:30:00.000Z","85","TAKUT KETIPU QRIS PALSU? 🫣🚫

Buat kamu yang sering transaksi pakai QRIS, HATI - HATI dengan QRIS PALSU ya! Sini MinSea kasih beberapa ciri-ciri QRIS yang aman ✅

REPLY “AMAN"" supaya terhindar dari upaya penipuan! 👮🏻✨ https://t.co/e1xyFnedWI","1871669681217810919","https://pbs.twimg.com/ext_tw_video_thumb/1871393813346033664/pu/img/CracqDO0JLjLZOmh.jpg","","in","","0","116","32","https://x.com/SeaBankID/status/1871669681217810919","1384327718242701315","SeaBankID"
"1864509973260325270","2024-12-05T03:19:53.000Z","117","Mau bayar pakai QRIS jangan sampai jadi miris karena kena tipu! #AwasJebakanBADMAN penipuan dari logo QRIS Palsu ⚠️ https://t.co/5F597lltYG","1864509973260325270","https://pbs.twimg.com/media/GeAR717a8AAjA4v.jpg","","in","","0","227","0","https://x.com/danawallet/status/1864509973260325270","965871936545816577","danawallet"
"1864312957502673217","2024-12-04T14:17:00.000Z","29","Waspada! Penipuan dengan QRIS palsu kini makin marak 😱 Selalu berhati-hati dan pelajari cara pencegahannya berikut ini:
✅ Selalu gunakan aplikasi resmi dan terpercaya seperti BRImo yang mudah dan serba bisa ✨
✅ Jika terjadi error saat scan, jangan gunakan aplikasi kamera https://t.co/z3QdzBEbZC","1864312957502673217","https://pbs.twimg.com/ext_tw_video_thumb/1864312862090686464/pu/img/CWmeJNFjczG2-wIN.jpg","","in","","0","1","0","https://x.com/promo_BRI/status/1864312957502673217","1398703135","promo_BRI"
"1864258690758697404","2024-12-04T10:41:22.000Z","1","6 Ciri-Ciri QRIS Palsu yang Harus Diwaspadai

https://t.co/cSXeGV4T7g","1864258690758697404","","","in","","0","0","0","https://x.com/VIVAcoid/status/1864258690758697404","41730943","VIVAcoid"
"1834892662232719560","2024-09-15T08:36:48.000Z","2","@sandhasjoined @KuroNekoBanser Penggelapan first travel, terus pemasangan kode QRIS palsu di masjid di Masjid Nurul Iman Blok M Square tahun lalu","1835236313844580759","","sandhasjoined","in","","0","0","0","https://x.com/macroandmicros/status/1835236313844580759","1321058895003963392","macroandmicros"
"1826227890062811383","2024-08-21T12:18:57.000Z","3","@humaniesproject Bang, hati hati akun akun gadungan mengatasnamakan Humanies juga dan Qris palsu. Tp gw percaya ini sih.
 Stay safe...🙏👍","1826232520482132162","","humaniesproject","in","","0","0","0","https://x.com/jajatplus/status/1826232520482132162","859416461009330177","jajatplus"
"1819524504483459532","2024-08-03T00:03:41.000Z","2","BI Ungkap Modus Penipuan Baru Pakai QRIS Palsu, Ini Tandanya https://t.co/N3kRrj8xX0","1819524504483459532","","","in","","0","0","1","https://x.com/cnbcindonesia/status/1819524504483459532","847372542830444544","cnbcindonesia"
"1808790761804345767","2024-07-04T09:11:37.000Z","0","Direktur Retail Funding and Distribution BRI, Andrijanto mengimbau masyarakat untuk mewaspadai QRIS palsu dan bertransaksi lewat BRImerchant. https://t.co/SZCsZTUFZG","1808790761804345767","","","in","","0","1","0","https://x.com/kumparan/status/1808790761804345767","759692754985242625","kumparan"
"1807617626652520779","2024-07-01T03:30:00.000Z","1","Waspada QRIS Palsu, BRI Imbau Masyarakat Jaga Keamanan Transaksi Lewat BRImerchant
https://t.co/OF4KCnakKX","1807617626652520779","","","in","","0","0","0","https://x.com/okezonenews/status/1807617626652520779","47274731","okezonenews"
"1807569831270686930","2024-07-01T00:20:05.000Z","0","Berbagai modus penipuan baru di industri keuangan terus muncul mengelabui para korban. Terbaru marak penipuan QRIS palsu dalam metode pembayaran. https://t.co/7fjunGLV8e","1807569831270686930","","","in","","0","2","1","https://x.com/kompascom/status/1807569831270686930","23343960","kompascom"
"1712952252087058689","2023-10-13T22:03:36.000Z","0","Berita populer Jabodetabek dimulai dari bos gelato bongkar siasat karyawan yang tilap uang pakai QRIS palsu sampai COO Miss Universe ditahan. https://t.co/7uPPWWhYC9","1712952252087058689","","","in","","0","2","0","https://x.com/kompascom/status/1712952252087058689","23343960","kompascom"
"1712709144934072650","2023-10-13T05:57:35.000Z","0","Seorang karyawan Gelato menilap uang perusahaan Rp 45 juta menggunakan QRIS palsu. Begini aturan hukum melakukan penipuan dengan QRIS palsu.&amp;nbsp; https://t.co/CaTLpIYohN","1712709144934072650","","","in","","0","2","0","https://x.com/Beritasatu/status/1712709144934072650","154102750","Beritasatu"
"1712442266558906688","2023-10-12T12:17:06.000Z","0","Karyawan Toko Gelato Curi Uang Penjualan Puluhan Juta Pakai QRIS Palsu https://t.co/1y9DThgA9R","1712442266558906688","","","in","","0","0","0","https://x.com/VIVAcoid/status/1712442266558906688","41730943","VIVAcoid"
"1711352074217373973","2023-10-09T12:05:04.000Z","7777","💚 Orang lagi pada susah cari kerjaan dia malah nipu pake qris palsu punya dia sendiri😢😭 https://t.co/jGgFXaErbJ","1711352074217373973","https://pbs.twimg.com/media/F7_sxJZbQAAsw0I.jpg","","in","","228","427","786","https://x.com/tanyakanrl/status/1711352074217373973","1331650559518990336","tanyakanrl"
"1684438465470160896","2023-07-27T05:40:00.000Z","0","Kasus penyebaran QRIS palsu di Jakarta dan Tangsel memasuki babak baru. Tersangka Iman Mahlil akan segera diadili. https://t.co/HqT2GFcNX2","1684438465470160896","","","in","","0","0","0","https://x.com/detikcom/status/1684438465470160896","69183155","detikcom"
"1684341868589621249","2023-07-26T23:16:09.000Z","3","Iman Lubis Pembuat QRIS Palsu Kotak Amal di Masjid Segera Disidang
https://t.co/Ul5p9g4z8s","1684341868589621249","","","in","","0","0","3","https://x.com/CNNIndonesia/status/1684341868589621249","17128975","CNNIndonesia"
"1684214489862881280","2023-07-26T14:50:00.000Z","4","Iman Malil Lubis, penyebar QRIS palsu di masjid-masjid Jakarta hingga Tangsel segera diadili. Kasusnya dinyatakan telah lengkap. https://t.co/iL4RbyvRNy","1684214489862881280","","","in","","0","3","1","https://x.com/detikcom/status/1684214489862881280","69183155","detikcom"
"1684185448598614017","2023-07-26T12:54:36.000Z","0","Berkas Kasus QRIS Palsu Dinyatakan Lengkap, Pelaku Segera Jalani Sidang #TempoMetro https://t.co/YJgu1Z0k17","1684185448598614017","","","in","","0","0","0","https://x.com/tempodotco/status/1684185448598614017","18129942","tempodotco"
"1684109603724984323","2023-07-26T07:53:13.000Z","1","Dirkrimsus Polda Metro Jaya Kombes Ade Safri Simanjuntak mengungkapkan, berkas perkara kasus QRIS palsu kotak amal masjid di Jakarta telah lengkap. https://t.co/e8z1AUfPNH","1684109603724984323","","","in","","0","0","3","https://x.com/Beritasatu/status/1684109603724984323","154102750","Beritasatu"
"1657206743666163712","2023-05-13T02:10:51.000Z","48","😱KASUS QRIS PALSU BIKIN GEGERRR!😱

WASPADA!! Jangan sampai Sobat SeaBank terkena kasus penipuan QRIS palsu! Yuk simak baik-baik tips dari mimin, LIKE, REPLY “AMAN” dan RETWEET video ini supaya kalian bisa terus aman!🤩 https://t.co/HH9BaWQpl3","1657206743666163712","https://pbs.twimg.com/ext_tw_video_thumb/1657206623558049792/pu/img/OF8ZfnGm9T366B7P.jpg","","in","","1","20","19","https://x.com/SeaBankID/status/1657206743666163712","1384327718242701315","SeaBankID"
"1653965171558105088","2023-05-04T03:30:00.000Z","38","🚨 WASPADA! 🚨

Sobat SeaBank! Hati-hati terhadap penipuan QRIS palsu! 😱 Yuk geser sebelah kiri untuk info selengkapnya, jangan lupa cek juga hal-hal yang harus kamu lakukan jika kamu merasa menjadi korban penipuan! LIKE &amp; REPLY ""AMAN"" agar kita terhindar dari tindak kejahatan! https://t.co/tPr7ut5V92","1653965171558105088","https://pbs.twimg.com/media/FvMnvqOaQAAqdz9.jpg","","in","","0","20","8","https://x.com/SeaBankID/status/1653965171558105088","1384327718242701315","SeaBankID"
"1650788216507883520","2023-04-25T15:51:56.000Z","2","@Midjan_La_2 Model modelnya kok mirip si Yudo Andreawan psikopat atau yg pasang Qris palsu di Mesjid dan Mall.","1650890394991984646","","Midjan_La_2","in","","0","1","0","https://x.com/antaz345/status/1650890394991984646","518191393","antaz345"
"1649984101682917382","2023-04-23T13:24:38.000Z","26","@kegblgnunfaedh Jarang ke masjid, sekalinya ke masjid pengen sandal baru

Jarang ke masjid, sekalinya ke masjid pengen nyolong kotak amal.

Jarang ke masjid, sekalinya ke masjid nempelin qris palsu.

Dari kpn hari kok “ancamannya” cm mati/keranda, sekalian ky di atas gt lho klo mau roasting 🤣🤣","1650128548525654016","","kegblgnunfaedh","in","","0","0","0","https://x.com/bobomboi/status/1650128548525654016","758867695622238209","bobomboi"
"1650079430780530688","2023-04-23T10:09:44.000Z","10","Intinya jangan terkecoh dengan QRIS palsu ya. Selalu pastikan QRIS yang kamu scan berasal dari sumber resmi yang terpercaya.

#BankSyariahIndonesia #HindariModusPenipuan #TransaksiAmanBarengBSI","1650079500171108352","","bankbsi_id","in","","0","0","2","https://x.com/bankbsi_id/status/1650079500171108352","141500996","bankbsi_id"
"1650079430780530688","2023-04-23T10:09:27.000Z","19","Assalamualaikum, Sahabat Syariah! 

Belakangan ini sempat ramai mengenai modus QRIS palsu yang sangat meresahkan. Minsy mau kasih kalian tips agar terhindar dari modus ini. https://t.co/7obGngDyrA","1650079430780530688","https://pbs.twimg.com/media/FuZCfeUagAEejG_.jpg","","in","","0","2","8","https://x.com/bankbsi_id/status/1650079430780530688","141500996","bankbsi_id"
"1649746884372869121","2023-04-22T14:44:05.000Z","3","@txtdarigajelas Sholawat dan cetak stiker infaq versi Qris tempel di rumah makan dan tempat ibadah","1649786153275625473","","alessaoncrypto","in","","0","0","0","https://x.com/HeyOm_Oky/status/1649786153275625473","1394988880110133251","HeyOm_Oky"
"1648362020406988802","2023-04-18T16:25:05.000Z","2","Tipu-Tipu Qris Palsu | NI LUH FULL https://t.co/tcV1zJLROw","1648362020406988802","","","in","","0","0","0","https://x.com/KompasTV/status/1648362020406988802","71436318","KompasTV"
"1648269104867078145","2023-04-18T10:15:52.000Z","2","Penipuan QRIS Palsu di Masjid, Fintech Ambil Tindakan Tegas! https://t.co/c4lSjxVy5M","1648269104867078145","","","in","","0","0","0","https://x.com/cnbcindonesia/status/1648269104867078145","847372542830444544","cnbcindonesia"
"1647921597452537858","2023-04-17T11:15:00.000Z","0","Sejumlah jamaah masjid menjadi korban penipuan dengan modus menempelkan “QRIS palsu” di sejumlah masjid besar di Jakarta.

Bagaimana modusnya dan kiat menghindari penipuan QRIS? Tonton #NILUH malam ini pkl 20.30 WIB, di @KompasTV

Streaming: https://t.co/rUTSoY8ekA https://t.co/USdz1UaHzP","1647921597452537858","https://pbs.twimg.com/media/Ft4VN_eaYAQHsKv.jpg","","in","","0","0","0","https://x.com/KompasTV/status/1647921597452537858","71436318","KompasTV"
"1647916563549548545","2023-04-17T10:55:00.000Z","0","Penyebar QRIS Palsu, Ini Jerat Hukumnya - https://t.co/MN5YQ1VECe #KlinikSepekan","1647916563549548545","","","in","","0","0","0","https://x.com/klinikhukum/status/1647916563549548545","81066525","klinikhukum"
"1647864567798841344","2023-04-17T07:28:23.000Z","0","Sejumlah jamaah masjid menjadi korban penipuan dengan modus menempelkan “QRIS palsu” di sejumlah masjid besar di Jakarta.

Bagaimana modusnya dan kiat menghindari penipuan QRIS? Tonton #NILUH malam ini pkl 20.30 WIB, di @KompasTV

Streaming: https://t.co/rUTSoY8ekA https://t.co/8NWDok25UB","1647864567798841344","https://pbs.twimg.com/media/Ft4VN_eaYAQHsKv.jpg","","in","","0","0","0","https://x.com/KompasTV/status/1647864567798841344","71436318","KompasTV"
"1647835676619182080","2023-04-17T05:33:35.000Z","2","Qris Palsu | NI LUH https://t.co/mFomJGlfBS","1647835676619182080","","","in","","0","0","1","https://x.com/KompasTV/status/1647835676619182080","71436318","KompasTV"
"1647801411374284800","2023-04-17T03:17:25.000Z","0","Transaksi pembayaran dengan metode QRIS kini tak asing lagi. Namun, di tengah akseptansi masyarakat yang tinggi, muncul kasus QRIS palsu. Apa yang harus dilakukan masyarakat dan pedagang?

https://t.co/pzf8RUu0bu

 #kajiandata #AdadiKompas","1647801411374284800","","","in","","0","0","0","https://x.com/hariankompas/status/1647801411374284800","255866913","hariankompas"
"1647778490799001600","2023-04-17T01:46:31.000Z","1","Saksikan #NILUH episode “TIPU-TIPU QRIS PALSU”, malam ini pkl 20.30 WIB, hanya di @KompasTV  

Streaming: https://t.co/rUTSoY8ekA https://t.co/axPJUuZXSk","1647778533127913472","https://pbs.twimg.com/media/Ft4WJfKakAAMYvy.jpg","KompasTV","in","","0","0","0","https://x.com/KompasTV/status/1647778533127913472","71436318","KompasTV"
"1647778490799001600","2023-04-17T01:46:21.000Z","3","Sejumlah jamaah masjid menjadi korban penipuan dengan modus menempelkan “QRIS palsu” berkedok restorasi masjid di kotak amal, di sejumlah masjid besar di Jakarta. Tak hanya masjid, sejumlah fasilitas umum lain seperti ATM, SPBU, hingga pasar menjadi sasaran. #NILUH","1647778490799001600","","","in","","0","1","0","https://x.com/KompasTV/status/1647778490799001600","71436318","KompasTV"
"1647769636522565632","2023-04-17T01:11:10.000Z","2","Metro Sepekan: Riwayat Iman Mahlil Lubis Tersangka QRIS Palsu di Kotak Amal Masjid Bukan Orang Sembarangan https://t.co/K1ruRL1HMF","1647769636522565632","","","in","","0","0","1","https://x.com/liputan6dotcom/status/1647769636522565632","47596019","liputan6dotcom"
"1647685679885983744","2023-04-16T19:37:33.000Z","9","Fakta Penangkapan Pelaku Pemasang 'QRIS' Palsu di Kotak Amal Masjid yang Tersebar di Jakarta https://t.co/3OPc5Yejl8","1647685679885983744","","","in","","0","2","0","https://x.com/KompasTV/status/1647685679885983744","71436318","KompasTV"
"1647526451628089345","2023-04-16T09:04:50.000Z","6","Ermen enak banget ya buat QRIS palsu di kotak amal Masjid #SalamVesona https://t.co/EGDBodjxPs","1647526451628089345","https://pbs.twimg.com/ext_tw_video_thumb/1647526327405404160/pu/img/1_KkQ9HArbZ4VJX-.jpg","","in","","0","0","0","https://x.com/ArmanVesona/status/1647526451628089345","53902954","ArmanVesona"
"1647434642503663616","2023-04-16T03:00:01.000Z","1","Dilansir dari Detikcom, Direktur Eksekutif Departemen Komunikasi BI, Erwin Haryono mengatakan saat ini sudah dilakukan pemblokiran terhadap QRIS palsu tersebut https://t.co/Lsc00sZiTz","1647434642503663616","","","in","","0","0","0","https://x.com/Insertlivettv/status/1647434642503663616","48890883","Insertlivettv"
"1647432013811679232","2023-04-16T02:49:34.000Z","2","Lebaran sudah dekat..! 38 Masjid di Jakarta menjadi tempat project penipuan QRIS palsu. 

#AtiqueAhmed #amici22 #DSDS #fearwomen https://t.co/DC3fiJGoLA","1647432013811679232","https://pbs.twimg.com/media/Ftzar5EaUAE0e3x.jpg","","in","","0","0","1","https://x.com/PMI_Millenial/status/1647432013811679232","1339522236772859904","PMI_Millenial"
"1647416028488687616","2023-04-16T01:46:03.000Z","0","Badan Kesejahteraan Masjid Kota Medan Pastikan Tak Ada 'QRIS' Palsu! https://t.co/575dKnyEOD","1647416028488687616","","","in","","0","0","0","https://x.com/KompasTV/status/1647416028488687616","71436318","KompasTV"
"1647162338301345792","2023-04-15T08:57:58.000Z","7","#DetikNetwork
Polisi menetapkan M Iman Mahlil Lubis (39) sebagai tersangka dalam kasus penempelan QRIS 'palsu' pada kotak amal di sejumlah masjid di kawasan Jakarta.
https://t.co/qMtaz67SA1","1647162338301345792","","","in","","1","1","1","https://x.com/CNNIndonesia/status/1647162338301345792","17128975","CNNIndonesia"
"1647125285438095364","2023-04-15T06:30:44.000Z","1","Profil Iman Lubis, Mantan Pegawai BUMN yang Tempel QRIS Palsu di Masjid https://t.co/ppM4IPhQqB","1647125285438095364","","","in","","1","1","4","https://x.com/detikfinance/status/1647125285438095364","135795460","detikfinance"
"1646986792602845194","2023-04-14T21:20:25.000Z","0","Rekam Jejak Pekerjaan Iman Mahlil Tersangka Penyebar QRIS Palsu di Masjid https://t.co/PMbsOGdU5H","1646986792602845194","","","in","","0","0","0","https://x.com/detikfinance/status/1646986792602845194","135795460","detikfinance"
"1646883140303212547","2023-04-14T14:28:32.000Z","1","Heboh QRIS Palsu di Masjid, Wamenag: Pengurus Masjid Perlu Lebih Melek Digital https://t.co/Fwqs47YX3X #TempoRamadan","1646883140303212547","","","in","","1","0","1","https://x.com/tempodotco/status/1646883140303212547","18129942","tempodotco"
"1646819710070304768","2023-04-14T10:16:29.000Z","4","Waspadai QRIS Palsu, Ini Panduan dari Bank Indonesia untuk Keamanan Transaksi Digital - Riau Makmur https://t.co/ICH6EX7d7Z","1646819710070304768","","","in","","0","0","4","https://x.com/Riaumakmurcom/status/1646819710070304768","1636218484408344577","Riaumakmurcom"
"1646764209513050112","2023-04-14T06:35:57.000Z","0","Penyalahgunaan QRIS palsu di kotak amal masjid baru-baru ini telah ditindaklanjuti oleh penegak hukum.

Masyarakat diminta untuk waspada agar terbebas dari penyalahgunaan QRIS.

Simak tips berikut ini ya, Sobat Harjo. https://t.co/IsC1aGqrLY","1646764209513050112","https://pbs.twimg.com/media/Ftp7UlTaIAAFXgW.jpg","","in","","0","0","1","https://x.com/Harian_Jogja/status/1646764209513050112","118371948","Harian_Jogja"
"1646714958833680384","2023-04-14T03:20:15.000Z","0","Kasus QRIS Palsu, Kominfo Ingatkan Hati-hati Kalau Mau Bersedekah https://t.co/uFf2YhUirh","1646714958833680384","","","in","","0","0","0","https://x.com/detikinet/status/1646714958833680384","135815019","detikinet"
"1646704873248026624","2023-04-14T02:40:10.000Z","4","Waspadai QRIS Palsu, Ini Panduan dari Bank Indonesia untuk Keamanan Transaksi Digital
https://t.co/ICH6EX7d7Z","1646704873248026624","","","in","","0","0","4","https://x.com/Riaumakmurcom/status/1646704873248026624","1636218484408344577","Riaumakmurcom"
"1646694923402625024","2023-04-14T02:00:38.000Z","17","Masjid Istiqlal Sudah Lapor ke Polisi soal QRIS ""Palsu"" Sejak 8 April, tapi Tak Diproses
 https://t.co/g6kjrjffJr","1646694923402625024","","","in","","0","0","15","https://x.com/KamandanunGaPak/status/1646694923402625024","1418773481764790275","KamandanunGaPak"
"1646675919036375040","2023-04-14T00:45:07.000Z","2","Masjid terbesar Asia Tenggara lho ini... sering digunakan Presiden lho ini... masih gak langsung bertindak jugaaa? Terrr.. la.. lluuu... 

Masjid Istiqlal Sudah Lapor ke Polisi soal QRIS ""Palsu"" Sejak 8 April, tapi Tak Diproses

Klik untuk baca: https://t.co/E2LoIhCxS0","1646675919036375040","","","in","","1","1","1","https://x.com/bne_w/status/1646675919036375040","57901434","bne_w"
"1646547955804155905","2023-04-13T16:16:38.000Z","1","Warganet dihebohkan dengan tindakan pemasangan Qris palsu di beberapa masjid. https://t.co/AaSqRHJeML","1646547955804155905","","","in","","0","0","0","https://x.com/republikaonline/status/1646547955804155905","22126902","republikaonline"
"1646512401096015874","2023-04-13T13:55:21.000Z","1","Info -rek ben gak kegocek qris palsu","1646512401096015874","","","in","","0","0","0","https://x.com/sbyfess/status/1646512401096015874","1152437175587241985","sbyfess"
"1646501316854947845","2023-04-13T13:11:19.000Z","9","Kominfo Soal Kasus QRIS Palsu Kotak Masjid: Sedekah Harus Hati-Hati https://t.co/11JqbhqoKJ","1646501316854947845","","","in","","0","1","1","https://x.com/CNNIndonesia/status/1646501316854947845","17128975","CNNIndonesia"
"1646500877778448387","2023-04-13T13:09:34.000Z","5","Ssst, hati-hati QRIS palsu! 🤫

Biar nggak gampang kegocek kayak Bang Messi, yuk cari tahu gimana cara bedain QRIS asli dan palsu 🫣

Langsung aja cek postingan berikut ini 💁🏼‍♂️ https://t.co/Jm5rHj2WPY","1646500877778448387","https://pbs.twimg.com/media/FtmL0cDakAAfTK8.jpg","","in","","0","1","1","https://x.com/SapawargaSby/status/1646500877778448387","288692148","SapawargaSby"
"1646494551908175872","2023-04-13T12:44:26.000Z","21","Ssst, hati-hati QRIS palsu! 🤫

Biar nggak gampang kegocek kayak Bang Messi, yuk cari tahu gimana cara bedain QRIS asli dan palsu 🫣

Langsung aja cek postingan ini yuuk!

#BanggaSurabaya #Sapawargasby https://t.co/YH4TpQE06z","1646494551908175872","https://pbs.twimg.com/media/FtmGEMAaUAIR8KD.jpg","","in","","2","2","15","https://x.com/BanggaSurabaya/status/1646494551908175872","3178160455","BanggaSurabaya"
"1646486669414252547","2023-04-13T12:13:06.000Z","0","Fakta Baru: Uang QRIS Palsu di Masjid Blok M Masuk Rekening Penipu https://t.co/WhEWuMATsw #beritajogja #jogja #jogjaistimewa https://t.co/YSHjuH27mC","1646486669414252547","https://pbs.twimg.com/media/Ftl-5qSaMAAyG3Z.jpg","","in","","0","0","0","https://x.com/Harian_Jogja/status/1646486669414252547","118371948","Harian_Jogja"
"1646483388193447940","2023-04-13T12:00:04.000Z","0","QRIS palsu, JK harap pengurus masjid waspada
https://t.co/xu3Egp4xLl https://t.co/a7RcE4MdFT","1646483388193447940","https://pbs.twimg.com/media/Ftl76mkaQAAHCWn.jpg","","in","","0","0","0","https://x.com/alineadotid/status/1646483388193447940","354168059","alineadotid"
"1646480554144198657","2023-04-13T11:48:48.000Z","1","Kasus QRIS Palsu, Waka Komisi XI: Butuh Penguatan Regulasi dari BI https://t.co/dr2uYt9JIM","1646480554144198657","","","in","","0","0","1","https://x.com/detikfinance/status/1646480554144198657","135795460","detikfinance"
"1646476406233391104","2023-04-13T11:32:19.000Z","2","@cakimiNOW   prihatin buntut heboh kasus penipuan melalui barcode QRIS palsu di sejumlah masjid di Jakarta

https://t.co/xAhSP7zalf","1646476406233391104","","cakimiNOW","in","","0","0","0","https://x.com/DPWPKBJAKARTA/status/1646476406233391104","553657002","DPWPKBJAKARTA"
"1646463748683735041","2023-04-13T10:42:02.000Z","0","Modus Penipuan QRIS Palsu, Pengamat Usulkan Peningkatan Standar Keamanan Perbankan https://t.co/iEqdJlH4It","1646463748683735041","","","in","","0","0","0","https://x.com/KompasTekno/status/1646463748683735041","74501380","KompasTekno"
"1646461168725426176","2023-04-13T10:31:47.000Z","0","M. Iman Mahlil menempel QRIS palsu di 38 lokasi hingga raup Rp 13 juta. Penipuan ini dilakukan seorang diri. Iman berhasil ditangkap di Kebayoran Lama, Selasa (11/4/2023). 
Berikut 38 lokasi penempelannya: https://t.co/FJ2dVL2w0P","1646461168725426176","https://pbs.twimg.com/media/FtlntBMakAAdEml.jpg","","in","","0","1","1","https://x.com/Metro_TV/status/1646461168725426176","57261519","Metro_TV"
"1646442097967505408","2023-04-13T09:16:00.000Z","16","Mohammad Iman Mahlil Lubis telah ditetapkan polisi sebagai tersangka penyebar kode QRIS palsu di sejumlah Masjid. Siapa dia? https://t.co/dgL0P8nJVi","1646442097967505408","","","in","","0","5","4","https://x.com/detikcom/status/1646442097967505408","69183155","detikcom"
"1646432436589580288","2023-04-13T08:37:36.000Z","6","Jusuf Kalla Imbau Pengurus Masjid Waspadai Modus QRIS Palsu: Teknologi Selalu Ada Celah Negatif https://t.co/V6ZtVgBjQx","1646432436589580288","","","in","","0","0","2","https://x.com/KompasTV/status/1646432436589580288","71436318","KompasTV"
"1646426998414143491","2023-04-13T08:16:00.000Z","1","Pelaku aksi penipuan bermodus QRIS palsu untuk kotak amal di beberapa masjid di Jakarta dan Tangerang Selatan sudah ditangkap polisi. Berapa sih gajinya? https://t.co/m1m4uGVxJa","1646426998414143491","","","in","","0","0","0","https://x.com/detikcom/status/1646426998414143491","69183155","detikcom"
"1646426806067789824","2023-04-13T08:15:14.000Z","4","#SahabatSetwapres
Baru-baru ini masyarakat dihebohkan dengan aksi pencurian uang kotak amal gaya baru dengan modus menempel kode QR atau QRIS palsu, sebagaimana yang terjadi di beberapa masjid di Jakarta. https://t.co/fZpSxl4wcS","1646426806067789824","https://pbs.twimg.com/ext_tw_video_thumb/1646426703957487617/pu/img/uPIJLOhWM6XwUa-F.jpg","","in","","0","2","0","https://x.com/SetwapresRI/status/1646426806067789824","2706153410","SetwapresRI"
"1646425760427831296","2023-04-13T08:11:05.000Z","0","VIDEO: Diskusi : Penipuan dengan Modus QRIS Palsu Diungkap Polisi https://t.co/tLhXF0ren2","1646425760427831296","","","in","","0","0","0","https://x.com/liputan6dotcom/status/1646425760427831296","47596019","liputan6dotcom"
"1646423219820437504","2023-04-13T08:00:59.000Z","0","Marak QRIS Palsu, Ingat Hal Ini Agar Tak Tertipu https://t.co/pGNzRL0JXF","1646423219820437504","","","in","","0","0","0","https://x.com/Beritasatu/status/1646423219820437504","154102750","Beritasatu"
"1646417830932533253","2023-04-13T07:39:34.000Z","0","Iman mencetak QRIS palsu itu pada 23 Maret 2023. Ia mulai memasangnya di sejumlah masjid di Jakarta sejak 1 April 2023.#newsupdate #update #news #text https://t.co/lnvBtganMH","1646417830932533253","","","in","","0","0","1","https://x.com/kumparan/status/1646417830932533253","759692754985242625","kumparan"
"1646416580534755329","2023-04-13T07:34:36.000Z","2","Imbau pengelola dan jamaah waspada
Setelah beredar Qris palsu di tempel di kotak amal di sejumlah masjid
   #GanjarBawaNKRIMajuKuat https://t.co/AdWoYkCTTZ","1646416580534755329","https://pbs.twimg.com/media/Ftk_J2laYAAXlHD.jpg","","in","","0","0","0","https://x.com/Nien1708/status/1646416580534755329","1433294367486136322","Nien1708"
"1646408918695026688","2023-04-13T07:04:09.000Z","0","JK juga mengapresiasi polisi yang bergerak cepat mengusut kasus stiker QRIS palsu di sejumlah masjid di Jakarta. #newsupdate #update #news #text https://t.co/2WN526vH6d","1646408918695026688","","","in","","0","0","0","https://x.com/kumparan/status/1646408918695026688","759692754985242625","kumparan"
"1646406111820648452","2023-04-13T06:53:02.000Z","1","Berikut daftar lokasi yang ditempeli stiker barcode QRIS palsu oleh Iman. https://t.co/d66whjVVpz #CNNIndonesia https://t.co/0jCDt1gyCa","1646406119735312384","https://pbs.twimg.com/media/Ftk05qKaAAE4768.jpg","CNNIndonesia","in","","0","1","0","https://x.com/CNNIndonesia/status/1646406119735312384","17128975","CNNIndonesia"
"1646405140201738241","2023-04-13T06:49:08.000Z","0","Agar terhindar menjadi korban dalam kasus QRIS palsu, silakan simak langkah antisipasi dari Kepala Perwakilan BI Kalbar ini. #publisherstory #hipontianak https://t.co/XTnwrm4eIV","1646405140201738241","","","in","","0","0","0","https://x.com/kumparan/status/1646405140201738241","759692754985242625","kumparan"
"1646385223922335745","2023-04-13T05:30:00.000Z","1","Awas Tertipu QRIS Palsu 

Saksikan beritanya di Apa Kabar Indonesia Siang bersama Ken Anne &amp; Venna kintan pukul 13.00 WIB hanya di tvOne &amp; live streaming di https://t.co/pkGSggKssA 
#AKISiangOne #CariBeritaditvOne https://t.co/7b4jd2wfkV","1646385223922335745","https://pbs.twimg.com/media/FtkaitQaAAISHou.jpg","","in","","0","0","0","https://x.com/tvOneNews/status/1646385223922335745","55507370","tvOneNews"
"1646384330485403649","2023-04-13T05:26:27.000Z","0","Mohammad Iman Mahlil Lubis telah ditetapkan polisi sebagai tersangka penyebar kode QRIS palsu di sejumlah Masjid. Siapa dia? https://t.co/YDB9Ef9qxI","1646384330485403649","","","in","","0","0","0","https://x.com/detikfinance/status/1646384330485403649","135795460","detikfinance"
"1646380742648410112","2023-04-13T05:12:11.000Z","0","Pelaku aksi penipuan bermodus QRIS palsu untuk kotak amal di beberapa masjid di Jakarta dan Tangerang Selatan sudah ditangkap polisi. Berapa sih gajinya? https://t.co/sMrHFmzVbz","1646380742648410112","","","in","","0","0","0","https://x.com/detikfinance/status/1646380742648410112","135795460","detikfinance"
"1646366111406108672","2023-04-13T04:14:03.000Z","5","Belum lama ini beredar QRIS palsu yang sengaja ditempel di kotak amal di sejumlah masjid di Jakarta. Merespons hal itu Gubernur Jawa Tengah @ganjarpranowo  mengimbau pengelola dan jemaah lebih waspada.
#GanjarBawaKemajuan
#sahabatganjar #ganjarpranowo #ganjar https://t.co/AqwDtsDXEu","1646366111406108672","https://pbs.twimg.com/media/FtkRP8YaAAQtkpK.jpg","","in","","0","1","2","https://x.com/octajo__/status/1646366111406108672","1316243860280889345","octajo__"
"1646360574144675840","2023-04-13T03:52:03.000Z","0","LinkAja berkomitmen menjalin kerja sama dengan pihak terkait untuk menelusuri proses dan transaksi yang dilancarkan pelaku penyalahgunaan QRIS palsu. https://t.co/iicR6auPW9","1646360574144675840","","","in","","0","0","0","https://x.com/Bisniscom/status/1646360574144675840","118646322","Bisniscom"
"1646358196121145344","2023-04-13T03:42:36.000Z","5","Beredar Qris palsu di temoel di kotak amal di sejumlah mesjid
Ganjar Pranowo imbau pengelola dan jemaah waspada
.
.
#GanjarBawaNKRIMajuKuat https://t.co/4VtznpyEmc","1646358196121145344","https://pbs.twimg.com/ext_tw_video_thumb/1646358119088549888/pu/img/VZYITa--4Moo7lkU.jpg","","in","","1","0","0","https://x.com/mimakhayla/status/1646358196121145344","1495530034022387717","mimakhayla"
"1646357582712545281","2023-04-13T03:40:10.000Z","3","Bukan Sosok Sembarangan, Mahlil Lubis Penempel Stiker QRIS Palsu di Masjid Pernah Bertemu Jokowi
https://t.co/ruePerK9lR","1646357582712545281","","","in","","0","0","2","https://x.com/anggunsafitriz/status/1646357582712545281","1229518084773277698","anggunsafitriz"
"1646355025558638592","2023-04-13T03:30:00.000Z","5","Iman Mahlil menempelkan stiker QRIS palsu seorang diri di 38 masjid dan bank di Jakarta hingga Tangsel dan raup belasan juta dalam sepekan. Kini, ia pun ditangkap. https://t.co/uSn8PIAFv1","1646355025558638592","","","in","","0","1","1","https://x.com/detikcom/status/1646355025558638592","69183155","detikcom"
"1646335787632586754","2023-04-13T02:13:33.000Z","0","Temuan stiker QRIS ""palsu"" di 38 masjid di Jakarta menunjukkan bahwa ""ada yang bolong"" dan ""perlu disempurnakan"" dalam sistem pendaftaran dan verifikasi layanan pembayaran. #publisherstory https://t.co/w7HVdUyMZZ","1646335787632586754","","","in","","0","0","0","https://x.com/kumparan/status/1646335787632586754","759692754985242625","kumparan"
"1646332655984844800","2023-04-13T02:01:07.000Z","5","Respons Bank Nobu dan LinkAja Soal Kasus QRIS Palsu Kotak Amal Masjid https://t.co/uPC7Sbd3uu","1646332655984844800","","","in","","1","0","1","https://x.com/CNNIndonesia/status/1646332655984844800","17128975","CNNIndonesia"
"1646331138808463360","2023-04-13T01:55:05.000Z","3","QRIS 'palsu' di 38 masjid, bagaimana memastikan transaksi aman? https://t.co/0dzdqjz98i","1646331138808463360","","","in","","1","1","1","https://x.com/BBCIndonesia/status/1646331138808463360","23772644","BBCIndonesia"
"1646317560349220865","2023-04-13T01:01:08.000Z","2","Top 3 News: Riwayat Hidup Iman Mahlil Lubis Tersangka QRIS Palsu di Kotak Amal Masjid https://t.co/4UGrBLNstC","1646317560349220865","","","in","","0","0","0","https://x.com/liputan6dotcom/status/1646317560349220865","47596019","liputan6dotcom"
"1646308117976862720","2023-04-13T00:23:36.000Z","1","Cara Menghindari QRIS Palsu, Cegah Penipuan hingga Phising https://t.co/wPxBCc51Rt","1646308117976862720","","","in","","0","0","1","https://x.com/IDNTimes/status/1646308117976862720","388190238","IDNTimes"
"1646302208940724224","2023-04-13T00:00:08.000Z","0","Update Kasus QRIS Palsu, Pelaku Ternyata Sudah Beraksi di 38 Masjid Sampai Mal! https://t.co/RsKI7hyiNb","1646302208940724224","","","in","","0","0","0","https://x.com/DreamersRadioID/status/1646302208940724224","337529500","DreamersRadioID"
"1646288237797974016","2023-04-12T23:04:37.000Z","30","JK Apresiasi Gerak Cepat Polisi Tangkap Pelaku QRIS Palsu di Masjid, https://t.co/GNPhZqFBp9","1646288237797974016","","","in","","0","1","2","https://x.com/tvOneNews/status/1646288237797974016","55507370","tvOneNews"
"1646281934115569664","2023-04-12T22:39:34.000Z","2","Berita populer di Jabodetabek didominasi soal modus Imam Mahlil Lubis saat ganti stiker QRIS, penyangkalan Wali Kota Depok, dan laporan QRIS palsu. https://t.co/WUCL1aMPUL","1646281934115569664","","","in","","0","0","0","https://x.com/kompascom/status/1646281934115569664","23343960","kompascom"
"1646236019841462272","2023-04-12T19:37:07.000Z","1","Waspada QRIS Palsu, Berikut Hal yang Perlu Dilakukan agar Terhindar dari Penipuan #headline
https://t.co/V1ujQs5AtN","1646236019841462272","","","in","","0","0","0","https://x.com/kompasiana/status/1646236019841462272","23786106","kompasiana"
"1646232748716339200","2023-04-12T19:24:07.000Z","4","Polda Metro Jaya soal Kode 'QRIS' Palsu: Bulan Penuh Berkah, Jadi Kesempatan Pelaku https://t.co/cmLymp0Tae","1646232748716339200","","","in","","0","0","1","https://x.com/KompasTV/status/1646232748716339200","71436318","KompasTV"
"1646230846679154688","2023-04-12T19:16:33.000Z","2","Total Ada 38 Lokasi, Pelaku Pemasang Kode 'QRIS' Palsu Sasar Fasilitas Umum yang Ramai! https://t.co/ciHNBfuuUx","1646230846679154688","","","in","","0","0","1","https://x.com/KompasTV/status/1646230846679154688","71436318","KompasTV"
"1646189897915719681","2023-04-12T16:33:51.000Z","31","Antisipasi Modus Penipuan QRIS Palsu, Aleg PKS Dorong Kemenag Terbitkan Maklumat‼️

#fraksipksdprri
#BersamaMelayaniRakyat
#PKSPelayanRakyat https://t.co/rTS14MQzws","1646189897915719681","https://pbs.twimg.com/ext_tw_video_thumb/1646189767560925185/pu/img/N7or616vtgAujSaw.jpg","","in","","0","3","5","https://x.com/FPKSDPRRI/status/1646189897915719681","91255162","FPKSDPRRI"
"1646178008070496256","2023-04-12T15:46:36.000Z","0","Buntut QRIS Palsu Kotak Amal, DKM Diminta Perketat Pengawasan Masjid

 #Sindonews #BukanBeritaBiasa .https://t.co/EVNoSEavA4","1646178008070496256","","","in","","0","0","0","https://x.com/SINDOnews/status/1646178008070496256","231355136","SINDOnews"
"1646154668513406976","2023-04-12T14:13:51.000Z","19","Melihat lagi detik-detik penangkapan penipu bermodus QRIS 'palsu' di puluhan Masjid di Wilayah Jabodetabek. Iman Mahlil Lubis Diamankan di sebuah kosan di Jakarta. https://t.co/boYQJRYcs6","1646154668513406976","https://pbs.twimg.com/ext_tw_video_thumb/1646154437633753092/pu/img/XwVov-0cJBQqLrJv.jpg","","in","","0","0","8","https://x.com/detikcom/status/1646154668513406976","69183155","detikcom"
"1646153120802586627","2023-04-12T14:07:42.000Z","95","Ketua Umum DPP PKB Gus Muhaimin @cakimiNOW prihatin terhadap kasus penipuan melalui barcode QRIS palsu di sejumlah masjid di Jakarta. 

https://t.co/I9GR4lgB8n","1646153120802586627","","","in","","1","2","35","https://x.com/DPP_PKB/status/1646153120802586627","748953283","DPP_PKB"
"1646136086555492354","2023-04-12T13:00:01.000Z","1","Iman Mahlil memiliki jabatan mentereng di tengah kasusnya sebagai pelaku penyebar QRIS palsu di masjid. https://t.co/LeDrYhxgl4","1646136086555492354","","","in","","0","0","0","https://x.com/Insertlivettv/status/1646136086555492354","48890883","Insertlivettv"
"1646126841122672646","2023-04-12T12:24:12.000Z","36","kita harus lebih melek teknologi.

Digitalisasi keuangan masjid, dengan menggunakan QRIS yg berfungsi utk transparasi keuangan masjid perlu terus diupayakan

Dan utk pengurus DKM masjid jangan berhenti memberi himbauan kpd para jemaahnya agar tidak terkecoh dgn barcode QRiS palsu https://t.co/DYcQM2QQNb","1646127074061725701","https://pbs.twimg.com/media/Ftg32ZLacAEP25i.jpg","s3mut1reng","in","","0","1","31","https://x.com/s3mut1reng/status/1646127074061725701","1291943988304330757","s3mut1reng"
"1646126841122672646","2023-04-12T12:24:10.000Z","34","tersangka MIML telah menempelkan stiker barcode QRIS palsu tsb di 38 lokasi Masjid..😠

Dengan terungkapnya kasus ini, diharapkan jemaah masjid hrs lebih cermat lagi ketika hendak berinfaq melalui QRIS, bukan malah dijadikan alasan utk tidak berinfaq 😊

Pelajaran dari kasus ini, https://t.co/cXEzb9IS4a","1646127065647960064","https://pbs.twimg.com/media/Ftg312IaEAErKtt.jpg","s3mut1reng","in","","0","1","31","https://x.com/s3mut1reng/status/1646127065647960064","1291943988304330757","s3mut1reng"
"1646124350876315651","2023-04-12T12:13:23.000Z","2","Heboh QRIS Palsu, Gus Muhaimin, @cakimiNOW  Imbau Warga Lebih Teliti Berinfak https://t.co/uOBtIYWJ3Z","1646124350876315651","","","in","","0","0","1","https://x.com/idhamarsyadNow/status/1646124350876315651","760368651471990784","idhamarsyadNow"
"1646123515094118401","2023-04-12T12:10:04.000Z","0","QRIS Palsu Kotak Amal, Cak Imin: Hati-hati dalam Berinfak https://t.co/CeGnYfuaoS","1646123515094118401","","","in","","0","0","0","https://x.com/IDNTimes/status/1646123515094118401","388190238","IDNTimes"
"1646122508465360897","2023-04-12T12:06:04.000Z","0","Berkaca dari Penipuan QRIS Palsu, Masyarakat Diimbau Jeli Sebelum Bertransaksi Melalui Barcode: Kepala Kantor Perwakilan Bank Indonesia Jember, Yukon Afrinaldo mengimbau masyarakat untuk selalu waspada terhadap penipuan melalui QRIS. https://t.co/qALiaZ41r6","1646122508465360897","","","in","","0","0","0","https://x.com/pikiran_rakyat/status/1646122508465360897","58880688","pikiran_rakyat"
"1646120494851330048","2023-04-12T11:58:04.000Z","0","Qris Palsu di Kotak Amal, Kemenag: Hati-Hati, Mudah-mudahan Tak Buat Masyarakat Takut https://t.co/JvyNmxo3Xv","1646120494851330048","","","in","","0","0","0","https://x.com/merdekadotcom/status/1646120494851330048","456426648","merdekadotcom"
"1646119375399796738","2023-04-12T11:53:37.000Z","7","Heboh QRIS Palsu, Gus Muhaimin, @cakimiNOW  Imbau Warga Lebih Teliti Berinfak https://t.co/uOBtIYWber","1646119375399796738","","","in","","0","0","3","https://x.com/idhamarsyadNow/status/1646119375399796738","760368651471990784","idhamarsyadNow"
"1646114078509907969","2023-04-12T11:32:36.000Z","9","Direktur Reserse Kriminal Khusus Polda Metro Jaya Kombes Auliansyah Lubis menyebut, pelaku telah menempelkan QRIS palsu di 38 tempat, di wilayah Jakarta dan sekitarnya.","1646114087015964672","","txtfromkeuangan","in","","0","1","1","https://x.com/txtfromkeuangan/status/1646114087015964672","1590845630037229569","txtfromkeuangan"
"1646111553983479812","2023-04-12T11:22:32.000Z","2","Bank Nobu akan menginvestigasi kasus penipuan QRIS palsu di kotak amal masjid yang dilakukan seorang pemuda. https://t.co/BxnR8URTwK","1646111553983479812","","","in","","0","0","3","https://x.com/Bisniscom/status/1646111553983479812","118646322","Bisniscom"
"1646109657402949632","2023-04-12T11:15:00.000Z","0","Mohammad Iman Mahlil Lubis, pemasang Qris palsu di kotak amal sejumlah masjid besar di Jakarta, ditangkap polisi. Ia menukar stiker Qris yang merujuk ke rekening “Restorasi Masjid” ke lebih dari 30 masjid sejak awal April 2023.

https://t.co/4VyctEjH5Z

#VideoBerita #AdadiKompas","1646109657402949632","","","in","","0","0","2","https://x.com/hariankompas/status/1646109657402949632","255866913","hariankompas"
"1646105706343563265","2023-04-12T10:59:18.000Z","0","Detik-detik penangkapan penempel QRIS Palsu https://t.co/tc6nwWxFhY","1646105706343563265","https://pbs.twimg.com/ext_tw_video_thumb/1646105599065862144/pu/img/zhpGoFws6nm6sLWy.jpg","","in","","0","1","0","https://x.com/indozonemedia/status/1646105706343563265","350668803","indozonemedia"
"1646099888118304769","2023-04-12T10:36:11.000Z","19","Baru-baru ini, media sosial dihebohkan oleh kabar soal QR Indonesian Standard (QRIS) palsu di masjid. https://t.co/RDVevhEH1O","1646099888118304769","","","in","","0","0","2","https://x.com/nu_online/status/1646099888118304769","214818815","nu_online"
"1646099134406070273","2023-04-12T10:33:11.000Z","2","Pelaku Qris palsu di masjid tersebut terlihat bukan seperti orang kurang mampu.  https://t.co/mHsJ6KtubU","1646099134406070273","","","in","","0","0","0","https://x.com/republikaonline/status/1646099134406070273","22126902","republikaonline"
"1646094584785797125","2023-04-12T10:15:06.000Z","0","Tips Agar Terhindar dari QRIS Palsu, Simak Caranya https://t.co/nGsIVg2AAE #beritajogja #jogja #jogjaistimewa https://t.co/fXGpxGZxNZ","1646094584785797125","https://pbs.twimg.com/media/FtgaTRjakAAkroB.jpg","","in","","0","0","0","https://x.com/Harian_Jogja/status/1646094584785797125","118371948","Harian_Jogja"
"1646092394914533377","2023-04-12T10:06:24.000Z","0","Sebar QRIS Palsu di Masjid, Ternyata Ini Pekerjaan Iman Mahlil Lubis https://t.co/GTU4sKzxMT","1646092394914533377","","","in","","0","2","0","https://x.com/detikfinance/status/1646092394914533377","135795460","detikfinance"
"1646087092097921024","2023-04-12T09:45:20.000Z","2","Pelaku Sebar QRIS Palsu di 38 Titik Masjid untuk Rekening Pribadi, Terkumpul Rp13 Juta https://t.co/Xu78E7mLgT","1646087092097921024","","","in","","3","1","0","https://x.com/PRFMnews/status/1646087092097921024","150589950","PRFMnews"
"1646085383598510080","2023-04-12T09:38:32.000Z","50","Bukan Sosok Sembarangan, Mahlil Lubis Penempel Stiker QRIS Palsu di Masjid Pernah Bertemu Jokowi - https://t.co/hf1FOY9DIn","1646085383598510080","","","in","","2","14","16","https://x.com/PutraErlangga95/status/1646085383598510080","1492070271800414210","PutraErlangga95"
"1646085021416165376","2023-04-12T09:37:06.000Z","0","QRIS Palsu di Kotak Amal, BI Telusuri Potensi Adanya Modus Serupa https://t.co/IAcCt0MUDN #beritajogja #jogja #jogjaistimewa https://t.co/PssaWmmirY","1646085021416165376","https://pbs.twimg.com/media/FtgRmq7agAA-vdl.jpg","","in","","0","0","0","https://x.com/Harian_Jogja/status/1646085021416165376","118371948","Harian_Jogja"
"1646070545610575872","2023-04-12T08:39:35.000Z","0","Iman Mahlil Raup Rp13 Juta Sepekan dari Aksi Tempel QRIS Palsu Kotak Amal https://t.co/b8eEXB9zj8","1646070545610575872","","","in","","0","0","0","https://x.com/VIVAcoid/status/1646070545610575872","41730943","VIVAcoid"
"1646069239772749825","2023-04-12T08:34:23.000Z","0","Waspada QRIS Palsu, Ini Tips Bank Indonesia Biar Masyarakat Tidak Tertipu

https://t.co/Yz18wJVruH

#QRIS #pemalsuan #waspada #tips #BankIndonesia #barcodepalsu #jangantertipu #pembayarandigital https://t.co/BvCRK1BOGt","1646069239772749825","https://pbs.twimg.com/media/FtgDF24aEAAKWM7.jpg","","in","","0","0","0","https://x.com/suaramerdeka/status/1646069239772749825","219527452","suaramerdeka"
"1646067650173501441","2023-04-12T08:28:04.000Z","0","Jebakan QRIS Palsu di Masjid-masjid, Bagaimana Bisa Terjadi? https://t.co/M3xyJp30Wb","1646067650173501441","","","in","","0","0","0","https://x.com/inilahdotcom/status/1646067650173501441","46693036","inilahdotcom"
"1646066147362738177","2023-04-12T08:22:06.000Z","0","Empat Lembaga Paling Bertanggung Jawab soal QRIS Palsu Kotak Amal https://t.co/CxY9WdF3yo","1646066147362738177","","","in","","0","0","0","https://x.com/inilahdotcom/status/1646066147362738177","46693036","inilahdotcom"
"1646065130734747650","2023-04-12T08:18:04.000Z","0","QRIS Palsu di Masjid, Jusuf Kalla Minta Pengurus Tingkatkan Kewaspadaan https://t.co/ZDBmUcRyjA","1646065130734747650","","","in","","0","0","0","https://x.com/liputan6dotcom/status/1646065130734747650","47596019","liputan6dotcom"
"1646063641312251904","2023-04-12T08:12:09.000Z","4","Kejahatan pake QRIS palsu di kotak amal masjid ini masuk ke kategori evil-genius sih menurut w.

Bisa-bisanya kepikiran lho dia.","1646063641312251904","","","in","","0","4","3","https://x.com/miss7sins/status/1646063641312251904","38133622","miss7sins"
"1646061934297616384","2023-04-12T08:05:22.000Z","0","Tiga QRIS palsu ditemukan di dalam Masjid Darul Jannah yang berada di area Kantor Wali Kota Jakarta Selatan, telah diamankan petugas keamanan setempat.

#BacadiBJ
#Beritajakarta
#dkijakarta
#JAKI
#WeLoveJakarta

https://t.co/vYI6IIcmWR","1646061934297616384","","","in","","1","0","0","https://x.com/BeritaJakarta/status/1646061934297616384","213204035","BeritaJakarta"
"1646060591801593856","2023-04-12T08:00:02.000Z","6","Dewan Masjid Indonesia mengapresiasi polisi yang cepat menangkap penyebar QRIS palsu. Diharapkan kepercayaan berdonasi via QRIS dapat tetap terjaga. https://t.co/vg4XJNmFZY","1646060591801593856","","","in","","0","0","1","https://x.com/detikcom/status/1646060591801593856","69183155","detikcom"
"1646060226385432576","2023-04-12T07:58:34.000Z","1523","Pengurus Masjid Istiqlal pernah melaporkan ke Polsek Gambir soal pemalsuan QRIS palsu tapi gak diproses dengan alasan pihak Polsek ingin tahu berapa jumlah kerugian yg ditimbulkan.

Mau nunggu viral dulu baru mau bergerak😁
https://t.co/8QZwFF9E1P https://t.co/9kenpoyZWJ","1646060226385432576","https://pbs.twimg.com/media/Ftf7CNHagAA34OY.jpg","","in","","52","222","658","https://x.com/Adi_8002/status/1646060226385432576","1249028224887054339","Adi_8002"
"1646058590904664069","2023-04-12T07:52:05.000Z","0","Ini Cara Kenali QRIS Palsu biar Tak Tertipu https://t.co/vhJY0Myk1I","1646058590904664069","","","in","","0","0","0","https://x.com/detikfinance/status/1646058590904664069","135795460","detikfinance"
"1646058477960286208","2023-04-12T07:51:38.000Z","1","Pelaku QRIS Palsu Akhirnya Dibekuk Polisi, Berhasil Kantongi Rp 13 Juta dalam 10 Hari. https://t.co/knZT7HY6Na","1646058477960286208","https://pbs.twimg.com/media/Ftf5cs4agAIL2DO.jpg","","in","","0","0","1","https://x.com/liputan6dotcom/status/1646058477960286208","47596019","liputan6dotcom"
"1646057383914012672","2023-04-12T07:47:17.000Z","1","Dirut BSI buka suara soal heboh QRIS palsu yang ditempel di kotak amal sejumlah masjid. #bisnisupdate #update #bisnis #text https://t.co/i0mNBRdT16","1646057383914012672","","","in","","0","0","0","https://x.com/kumparan/status/1646057383914012672","759692754985242625","kumparan"
"1646057262107230208","2023-04-12T07:46:48.000Z","3","M Iman Mahlil Lubis (39) ditangkap setelah menempelkan QRIS 'palsu' pada kotak amal di 38 masjid di Jakarta hingga Tangsel. Selama sepekan, eks karyawan bank itu telah menghimpun dana Rp 13 juta.

Berikut kronologi Imam Mahlil Lubis sebar QRIS palsu. https://t.co/qeW1uyBeVO https://t.co/qqK7otQlOc","1646057262107230208","https://pbs.twimg.com/media/Ftf2-oaaUAEDJ9S.jpg","","in","","0","1","1","https://x.com/detikcom/status/1646057262107230208","69183155","detikcom"
"1646056700116611073","2023-04-12T07:44:34.000Z","0","Sosok Iman Mahlil Lubis, Pelaku Penempel QRIS Palsu di Kotak Amal, Mantan Karyawan Bank BUMN https://t.co/azfIq3mFz8","1646056700116611073","","","in","","0","0","0","https://x.com/tribunnews/status/1646056700116611073","124171593","tribunnews"
"1646055565293133824","2023-04-12T07:40:03.000Z","0","MUI Minta Kasus Penipuan QRIS Palsu Diusut Tuntas, Penegak Hukum Perlu Selidiki Komplotan Pelaku: MUI turut menanggapi kasus penipuan dengan QRIS palsu yang menyasar sejumlah masjid wilayah DKI Jakarta. https://t.co/v8islk4Cy2","1646055565293133824","","","in","","0","0","0","https://x.com/pikiran_rakyat/status/1646055565293133824","58880688","pikiran_rakyat"
"1645969316758818816","2023-04-12T01:57:20.000Z","26","Sosok tersangka penempel barcode quick response code Indonesian standard (QRIS) palsu itu pun dipamerkan ke publik.Mantan pegawai bank BUMN . https://t.co/yXkXdsynMS","1645969316758818816","https://pbs.twimg.com/ext_tw_video_thumb/1645969212551348230/pu/img/cKfo1F6i4NdgsV-b.jpg","","in","","3","10","15","https://x.com/Kopipait__78/status/1645969316758818816","1236229061552140288","Kopipait__78"
"1645966411741937665","2023-04-12T01:45:47.000Z","31","Tanpa menunggu LAMA...
Pelaku Penempelan Stiker QRIS Palsu Masjid Ditangkap, Dan langsung ditetapkan Tersangka Penipuan

Dia ditangkap petugas gabungan Polres Metro Jakarta Selatan dan Polda Metro Jaya.

Ternyata ada 38 masjid yang ditempeli stiker QRIS palsu di wilayah Jakarta https://t.co/11IEYmdh27","1645966411741937665","https://pbs.twimg.com/ext_tw_video_thumb/1645966201187880960/pu/img/k7Mq66qDOjMHVd2a.jpg","","in","","11","16","24","https://x.com/DS_yantie/status/1645966411741937665","1374686160748830724","DS_yantie"
"1645964712012820481","2023-04-12T01:39:02.000Z","1","Ramai QRIS Palsu di Masjid: Ini Definisi, Jenis, hingga Cara Kerja QRIS https://t.co/6if8z2Q3I5 #TempoBisnis","1645964712012820481","","","in","","0","0","0","https://x.com/tempodotco/status/1645964712012820481","18129942","tempodotco"
"1645962455150112769","2023-04-12T01:30:04.000Z","6","Pemasang QRIS palsu di masjid-masjid di Jakarta tertangkap. #newsupdate #update #news #text #focus #qris https://t.co/Pm5Oe7hr2A","1645962455150112769","","","in","","2","0","0","https://x.com/kumparan/status/1645962455150112769","759692754985242625","kumparan"
"1645961193595731968","2023-04-12T01:25:03.000Z","0","Fakta Terbaru QRIS Palsu: Ada di Tempat Lain Selain Masjid dan Terkumpul Rp 13 Juta https://t.co/hWbcmiV0Rc #TempoMetro","1645961193595731968","","","in","","0","0","1","https://x.com/tempodotco/status/1645961193595731968","18129942","tempodotco"
"1645960332614189056","2023-04-12T01:21:38.000Z","2","Top 3 News: Tersangka Mohammad Iman Mahlil Lubis, Penempel QRIS Palsu di Kotak Amal Masjid Berhasil Ditangkap https://t.co/Uvshs6k0gv","1645960332614189056","","","in","","0","1","2","https://x.com/liputan6dotcom/status/1645960332614189056","47596019","liputan6dotcom"
"1645959558358249472","2023-04-12T01:18:33.000Z","3","Kronologi Aksi Penempelan Stiker QRIS Palsu di Kotak Amal Masjid Blok M: Terekam CCTV, Viral di Media Sosial https://t.co/wTtC3IeObY #TempoMetro","1645959558358249472","","","in","","1","0","1","https://x.com/tempodotco/status/1645959558358249472","18129942","tempodotco"
"1645957919333318657","2023-04-12T01:12:03.000Z","2","7 Fakta Penempelan Stiker QRIS Palsu Masjid setelah Pelaku Tertangkap, dari Kronologi hingga Ancaman Hukuman https://t.co/34OFYy9P14 #TempoMetro","1645957919333318657","","","in","","0","0","0","https://x.com/tempodotco/status/1645957919333318657","18129942","tempodotco"
"1645955179672670209","2023-04-12T01:01:09.000Z","0","Polda Metro Jaya menangkap Mohammad Iman Mahlil sebagai tersangka kasus stiker qris palsu kotak amal masjid. Tersangka merupakan mantan auditor BUMN yang telah beraksi di 38 masjid. KPJ

#iNews #Pemalsuan #StikerQris #Penipuan #KotakAmal #Ditangkap #Polisi https://t.co/kCpxtgcpaU","1645955179672670209","https://pbs.twimg.com/media/FtebfN7aYAEZWNE.jpg","","in","","0","0","0","https://x.com/officialinews_/status/1645955179672670209","132078023","officialinews_"
"1645952137619443712","2023-04-12T00:49:04.000Z","19","Terkuak! Tersangka QRIS Palsu di Masjid Mantan Pegawai BUMN, Terancam Lebih dari 5 Tahun Penjara https://t.co/5Tga4NILdg","1645952137619443712","","","in","","0","4","2","https://x.com/KompasTV/status/1645952137619443712","71436318","KompasTV"
"1645948889172955136","2023-04-12T00:36:10.000Z","2","Bukan Orang Sembarangan, Ini Riwayat Iman Mahlil Lubis Tersangka QRIS Palsu di Kotak Amal Masjid https://t.co/tuAun7r6VR","1645948889172955136","","","in","","0","0","0","https://x.com/liputan6dotcom/status/1645948889172955136","47596019","liputan6dotcom"
"1645945611970289664","2023-04-12T00:23:08.000Z","823","Bukan Sosok Sembarangan, Mahlil Lubis Penempel Stiker QRIS Palsu di Masjid Pernah Bertemu Jokowi
https://t.co/vARdqJH9eN","1645945611970289664","","","in","","35","148","313","https://x.com/geloraco/status/1645945611970289664","3319260420","geloraco"
"1645941306903121920","2023-04-12T00:06:02.000Z","0","[POPULER TEKNO] Cara Menghindari QRIS Palsu | Ben-Z di TikTok Tersadar, Kamera DSLR Lebih Bagus ketimbang iPhone https://t.co/Rgcci35Gbi","1645941306903121920","","","in","","0","0","0","https://x.com/KompasTekno/status/1645941306903121920","74501380","KompasTekno"
"1645935674980458496","2023-04-11T23:43:39.000Z","1","Detik Detik Penangkapan Iman Mahlil Lubis, Tersangka Penempel QRIS Palsu di Kotak Amal Masjid https://t.co/gyicYB3kin","1645935674980458496","","","in","","0","0","0","https://x.com/liputan6dotcom/status/1645935674980458496","47596019","liputan6dotcom"
"1645931435214393344","2023-04-11T23:26:48.000Z","3","Gaduh QRIS Palsu, Kemenag Imbau Masyarakat Tetap Berinfak di Masjid https://t.co/OlP4eDNjCX","1645931435214393344","","","in","","0","0","0","https://x.com/CNNIndonesia/status/1645931435214393344","17128975","CNNIndonesia"
"1645926014181314560","2023-04-11T23:05:16.000Z","1","Mohammad Iman Mahlil Tempel QRIS Palsu Tak Hanya di Masjid, Tapi Juga di Tembok Tempat Umum https://t.co/2b6MOsFQpp #TempoMetro","1645926014181314560","","","in","","0","0","1","https://x.com/tempodotco/status/1645926014181314560","18129942","tempodotco"
"1645926007277522944","2023-04-11T23:05:14.000Z","1","Selain Istiqlal, Masjid Bandara Soekarno-Hatta juga Jadi Sasaran Penempelan Stiker QRIS Palsu https://t.co/YbnOLJXjzP #TempoMetro","1645926007277522944","","","in","","0","0","0","https://x.com/tempodotco/status/1645926007277522944","18129942","tempodotco"
"1645924938002624512","2023-04-11T23:00:59.000Z","37","Pelaku penempelan stiker QRIS palsu di Masjid ditangkap, pelaku meraup 13 jt dlm sepekan.
Pria bernama Iman Mahlil Lubis adalah mantan kary Bank BUMN. https://t.co/TTTEEb8Kfi","1645924938002624512","https://pbs.twimg.com/ext_tw_video_thumb/1645924836085202945/pu/img/SFJMbaiMsWysPhu1.jpg","","in","","6","16","19","https://x.com/yaniarsim/status/1645924938002624512","929287558281830400","yaniarsim"
"1645895911565062145","2023-04-11T21:05:39.000Z","21","Hati-Hati! Ini Jejak Iman Mahlil di 38 Lokasi QRIS Palsu Mulai di Kotak Amal Masjid Hingga di Mal https://t.co/f56QUINrV3","1645895911565062145","","","in","","0","0","4","https://x.com/tvOneNews/status/1645895911565062145","55507370","tvOneNews"
"1645894983810191362","2023-04-11T21:01:58.000Z","9","Polda identifikasi Mahlil pasang QRIS palsu di 38 lokasi dan meraup Rp 13 juta. https://t.co/WADelOYqhg","1645894983810191362","","","in","","0","1","3","https://x.com/republikaonline/status/1645894983810191362","22126902","republikaonline"
"1645891734914887680","2023-04-11T20:49:03.000Z","1","Wapres Menyayangkan Adanya Pemasangan QRIS Palsu di Masjid https://t.co/pDXceD8wX3 #beritajogja #jogja #jogjaistimewa https://t.co/CKcmmVZLt3","1645891734914887680","https://pbs.twimg.com/media/Ftdhz63aQAIX86j.jpg","","in","","0","0","0","https://x.com/Harian_Jogja/status/1645891734914887680","118371948","Harian_Jogja"
"1645871840290635778","2023-04-11T19:30:00.000Z","1","Aming memberikan responsnya terkait keviralan QRIS palsu di kotak amal masjid. https://t.co/V7pTaGhspD","1645871840290635778","","","in","","0","0","0","https://x.com/Insertlivettv/status/1645871840290635778","48890883","Insertlivettv"
"1645787493751754752","2023-04-11T19:12:18.000Z","2","@kompascom lah kocak, qris palsu cenah.
Ini QRIS asli, cuman bukan punya mesjidnya. yg paling betul cuman no 5, cocokan nama dengan penerima. lebih baik uang cash!","1645867388443967489","","kompascom","in","","0","0","0","https://x.com/bulaokayas/status/1645867388443967489","976830569358217216","bulaokayas"
"1645854132157452288","2023-04-11T18:19:38.000Z","3","QRIS Palsu Kotak Amal, Iman Mahlil Lubis Diduga Pakai 3 Rekening Penampung https://t.co/QLgrCozI8d","1645854132157452288","","","in","","0","2","0","https://x.com/liputan6dotcom/status/1645854132157452288","47596019","liputan6dotcom"
"1645843618836660225","2023-04-11T17:37:51.000Z","1","Heboh QRIS Palsu di Kotak Amal Masjid, Kemenag: Jangan Jadi Alasan Enggan Berinfak

 #Sindonews #BukanBeritaBiasa .https://t.co/a6S6iqRWW5","1645843618836660225","","","in","","0","0","0","https://x.com/SINDOnews/status/1645843618836660225","231355136","SINDOnews"
"1645840701882789888","2023-04-11T17:26:16.000Z","1","QRIS Palsu di Masjid Ternyata Ditempel Eks Karyawan Bank BUMN https://t.co/WIGAABWhfZ #beritajogja #jogja #jogjaistimewa https://t.co/Vx2JOBDyfE","1645840701882789888","https://pbs.twimg.com/media/FtczZZqakAA0A9v.jpg","","in","","1","0","0","https://x.com/Harian_Jogja/status/1645840701882789888","118371948","Harian_Jogja"
"1645836500645580804","2023-04-11T17:09:34.000Z","1","Terkuak, Cara Iman Mahlil Buat QRIS Palsu Kotak Amal https://t.co/hdWAKHFhT2","1645836500645580804","","","in","","0","0","1","https://x.com/VIVAcoid/status/1645836500645580804","41730943","VIVAcoid"
"1645834659899785217","2023-04-11T17:02:15.000Z","5","Tegas! Bank Indonesia Sudah Blokir Barcode QRIS Palsu Milik Imam Mahlil untuk Infaq Masjid https://t.co/F7awbqFyuN","1645834659899785217","","","in","","0","2","2","https://x.com/tvOneNews/status/1645834659899785217","55507370","tvOneNews"
"1645834639976837120","2023-04-11T17:02:10.000Z","1","Marak QRIS Palsu Tersebar di Masjid, Polri Imbau Masyarakat Donasi ke Lembaga Resmi https://t.co/M8I6cnFSg5","1645834639976837120","","","in","","0","0","0","https://x.com/VIVAcoid/status/1645834639976837120","41730943","VIVAcoid"
"1645803330646712320","2023-04-11T14:57:46.000Z","0","Kata Aming soal Viral QRIS Palsu di Kotak Amal Masjid https://t.co/fNjnjDSIFE","1645803330646712320","","","in","","0","0","0","https://x.com/Insertlivettv/status/1645803330646712320","48890883","Insertlivettv"
"1645802274898444291","2023-04-11T14:53:34.000Z","8","M​ Iman Mahlil Lubis (39) ditetapkan sebagai tersangka kasus penempelan QRIS 'palsu' pada kotak amal di 38 masjid. Lantas bagaimana cara Iman peroleh QRIS itu? https://t.co/SAUuw6MDft","1645802274898444291","","","in","","1","3","2","https://x.com/detikcom/status/1645802274898444291","69183155","detikcom"
"1645801783703523330","2023-04-11T14:51:37.000Z","0","Pelaku QRIS Palsu: Eks Pegawai BUMN yang Kantongi 2 Lisensi Internasional https://t.co/6kHx2ZV4Yg","1645801783703523330","","","in","","0","0","0","https://x.com/inilahdotcom/status/1645801783703523330","46693036","inilahdotcom"
"1645801154608267274","2023-04-11T14:49:07.000Z","29","Pelaku pemasang Qris palsu di kotak amal masjid ditangkap.
Pelaku mengaku telah memasang QRIS palsu di 38 titik.

Makin canggih cara maling https://t.co/6KbzM9eycd","1645801154608267274","https://pbs.twimg.com/ext_tw_video_thumb/1645800915566493696/pu/img/LXFo8x9PMI9INRU9.jpg","","in","","0","2","5","https://x.com/Cintada16/status/1645801154608267274","1279643013455605760","Cintada16"
"1645800779255812098","2023-04-11T14:47:37.000Z","7","Polisi Beber Cara Kerja Penipu Modus QRIS Palsu di Kotak Amal Masjid https://t.co/FQhZzF6VWc","1645800779255812098","","","in","","0","0","2","https://x.com/CNNIndonesia/status/1645800779255812098","17128975","CNNIndonesia"
"1645800513123016708","2023-04-11T14:46:34.000Z","10","Pelaku Ngaku Tempel Qris Palsu di 38 Titik Masjid dan Mall, Berikut Daftar Lokasinya... https://t.co/bjefhWwzVW","1645800513123016708","","","in","","0","0","0","https://x.com/KompasTV/status/1645800513123016708","71436318","KompasTV"
"1645798284433448960","2023-04-11T14:37:43.000Z","1","Terkait QRIS Palsu di Kotak Amal Masjid, Begini Tanggapan BI https://t.co/0JZxHylL2w #beritajogja #jogja #jogjaistimewa https://t.co/09ktTlpGm0","1645798284433448960","https://pbs.twimg.com/media/FtcM0YhaUAcHtBW.jpg","","in","","0","0","0","https://x.com/Harian_Jogja/status/1645798284433448960","118371948","Harian_Jogja"
"1645797153011535880","2023-04-11T14:33:13.000Z","13","Uang Hasil QRIS Palsu di Masjid Ditampung di Tiga Rekening Berbeda https://t.co/LowHzgg7JS","1645797153011535880","","","in","","0","0","5","https://x.com/inilahdotcom/status/1645797153011535880","46693036","inilahdotcom"
"1645793707923484672","2023-04-11T14:19:31.000Z","3","Detik-detik Pelaku QRIS Palsu Ditangkap di Rumah Kos Mewah https://t.co/MsiMgTrYaQ","1645793707923484672","","","in","","0","0","1","https://x.com/Beritasatu/status/1645793707923484672","154102750","Beritasatu"
"1645793383234027523","2023-04-11T14:18:14.000Z","5","Iman Lubis, pemasang QRIS palsu di beberapa masjid di Jakarta jadi tersangka. #focus #qris #news #newsflash https://t.co/lJizFbvEKG","1645793383234027523","","","in","","3","1","2","https://x.com/kumparan/status/1645793383234027523","759692754985242625","kumparan"
"1645793085316812800","2023-04-11T14:17:03.000Z","2","Waspada! QRIS Palsu Berkedok Amal Sasar Masjid Istiqlal, Ditemukan 50 Stiker.....
#QRIS 
#Amal 
#Istiqlal

https://t.co/BjswNRssnG","1645793085316812800","","","in","","0","0","1","https://x.com/IdChannel9/status/1645793085316812800","1154685827206635522","IdChannel9"
"1645741675321643010","2023-04-11T10:52:46.000Z","0","Duit Korban QRIS Palsu Bakal Dikembalikan? Ini Kata BI https://t.co/VCY7TCeOaS","1645741675321643010","","","in","","0","0","0","https://x.com/cnbcindonesia/status/1645741675321643010","847372542830444544","cnbcindonesia"
"1645740823609487360","2023-04-11T10:49:23.000Z","1","QRIS Palsu Kotak Amal, BI Imbau Masyarakat Lebih Teliti https://t.co/J2KPtBVkLL","1645740823609487360","","","in","","0","0","0","https://x.com/Beritasatu/status/1645740823609487360","154102750","Beritasatu"
"1645739366239830016","2023-04-11T10:43:35.000Z","1","Iman Mahlil Tempel QRIS Palsu Bukan Cuma di Kotak Amal Masjid, tapi di Mal hingga Bank https://t.co/nwaYsVMozc","1645739366239830016","","","in","","0","0","0","https://x.com/VIVAcoid/status/1645739366239830016","41730943","VIVAcoid"
"1645738478301515776","2023-04-11T10:40:04.000Z","0","Kronologi Terbongkarnya Modus Penipuan QRIS Palsu di Masjid https://t.co/p8DMqqpWbI","1645738478301515776","","","in","","0","0","0","https://x.com/liputan6dotcom/status/1645738478301515776","47596019","liputan6dotcom"
"1645738244217389056","2023-04-11T10:39:08.000Z","2","Polisi Akhirnya Menangkap Pelaku QRIS Palsu Kotak Amal Masjid!
https://t.co/DaUDrpkHY5 #Penipuan #QRIS #Polisi #News #EksplisitKreatifMedia #EksplisitOfficial","1645738244217389056","","","in","","0","0","0","https://x.com/EksplisitO/status/1645738244217389056","1568106713890570240","EksplisitO"
"1645737629613453312","2023-04-11T10:36:41.000Z","0","Segini Cuan Diraup Penempel QRIS Palsu Kotak Amal 38 Masjid, Sepuluh Hari Rp13 Juta https://t.co/j2V1SvKqBz","1645737629613453312","","","in","","0","0","0","https://x.com/merdekadotcom/status/1645737629613453312","456426648","merdekadotcom"
"1645735977904902144","2023-04-11T10:30:08.000Z","7","Penjelasan BI Soal QRIS Palsu di Kotak Amal Masjid https://t.co/d65U0a9HxT","1645735977904902144","","","in","","0","0","0","https://x.com/tvOneNews/status/1645735977904902144","55507370","tvOneNews"
"1645733428334141443","2023-04-11T10:20:00.000Z","1","Dari total masjid yang dipasang QRIS palsu tersebut sebagian ialah masjid besar

https://t.co/7twhQLlLqv","1645733428334141443","","","in","","0","0","0","https://x.com/okezonenews/status/1645733428334141443","47274731","okezonenews"
"1645732761272213504","2023-04-11T10:17:21.000Z","2","Polisi menangkap pelaku penempel stiker kode batang QRIS palsu di sejumlah masjid, tadi subuh di Kebayoran Lama. https://t.co/043DkEH7LD","1645732761272213504","","","in","","0","1","0","https://x.com/tempodotco/status/1645732761272213504","18129942","tempodotco"
"1645732170407854081","2023-04-11T10:15:00.000Z","1","Polisi tangkap terduga pelaku penyebar QRIS palsu di kotak amal masjid. https://t.co/uUdhd3EV6l","1645732170407854081","","","in","","0","0","0","https://x.com/Insertlivettv/status/1645732170407854081","48890883","Insertlivettv"
"1645731454981398529","2023-04-11T10:12:09.000Z","0","Polisi Sebut Pelaku Sebar QRIS Palsu di 38 Lokasi, Ini Daftarnya! https://t.co/Zkp63dAgPX","1645731454981398529","","","in","","0","0","0","https://x.com/IDNTimes/status/1645731454981398529","388190238","IDNTimes"
"1645730723746418688","2023-04-11T10:09:15.000Z","1","Aksi Tipu-tipu QRIS 'Palsu': Pentingnya Pengetahuan Transaksi yang Aman https://t.co/Z7EpUO1ZZb","1645730723746418688","","","in","","0","0","0","https://x.com/kompasiana/status/1645730723746418688","23786106","kompasiana"
"1645730172413566977","2023-04-11T10:07:03.000Z","1","Kronologi Terungkapnya Kasus QRIS Palsu di Kotak Amal Masjid https://t.co/eaPPBODaLY","1645730172413566977","","","in","","0","0","0","https://x.com/Beritasatu/status/1645730172413566977","154102750","Beritasatu"
"1645725523455389696","2023-04-11T10:04:45.000Z","10","@mazzini_gsp Coba aja tanya yg sering jajan di foodcourt informal atau di Bazar, pasti pas scan gk peduli nama penerima, cuma kasih tunjuk ke kasir, kalau logo Qris itu diganti kasir nakal, pasti byk yg gk sadar, Mgkn baru ketauan setelah di audit.Misal kasir nyelipin Qris palsu 1-3 transaksi","1645729591972237313","","Tanto19","in","","0","3","0","https://x.com/Tanto19/status/1645729591972237313","77764779","Tanto19"
"1645729463811076096","2023-04-11T10:04:15.000Z","7","🚨🕌Pengurus Masjid Istiqlal menemukan sedikitnya 50 stiker kode batang (barcode) QRIS palsu yang ditempelkan di sejumlah titik area masjid.

“Ada 50-an (QRIS palsu),” kata kata Wakil Ketua Bidang Penyelenggara Peribadatan Masjid Istiqlal Jakarta Abu Hurairah saat dihubungi dari https://t.co/tt5W30RpM9","1645729463811076096","https://pbs.twimg.com/media/FtbOOGfaUAAJ92g.jpg","","in","","1","2","0","https://x.com/inilahdotcom/status/1645729463811076096","46693036","inilahdotcom"
"1645729070150483968","2023-04-11T10:02:41.000Z","18","Penyebar QRIS 'palsu' sudah beraksi di 38 lokasi di Jakarta. Pelaku menghimpun Rp 13 juta dalam sepekan dari aksi mengganti QRIS di kotak amal masjid ini. https://t.co/Od05aWj548","1645729070150483968","","","in","","3","10","3","https://x.com/detikcom/status/1645729070150483968","69183155","detikcom"
"1645728552334295045","2023-04-11T10:00:37.000Z","0","Bank Indonesia sebut pelaku QRIS palsu ternyata terdaftar sebagai merchant reguler, bukan organisasi sosial seperti rumah ibadah. #focus #qris #bisnis #text https://t.co/X6dXXkGO19","1645728552334295045","","","in","","0","0","1","https://x.com/kumparan/status/1645728552334295045","759692754985242625","kumparan"
"1645726887904432128","2023-04-11T09:54:00.000Z","104","Bajindul iki bocahe😡
Polisi menangkap pria yang memasang QRIS palsu di Masjid Nurul Iman Blok M Square. Pelaku bernama Muhammad Iman Mahlil Lubis (38). Ia ditangkap pada Selasa (11/4) pagi. https://t.co/PU2Mm0EJeY","1645726887904432128","https://pbs.twimg.com/media/FtbL2yrakAEFGlU.jpg","","in","","5","34","35","https://x.com/CakD3pp/status/1645726887904432128","3797534720","CakD3pp"
"1645726874331643904","2023-04-11T09:53:57.000Z","3","Polisi menampilkan tersangka penipuan barcode QRIS palsu di kotak amal Masjid. Seperti apa tampangnya?

https://t.co/zkyPM83QrX","1645726874331643904","","","in","","0","0","1","https://x.com/liputan6dotcom/status/1645726874331643904","47596019","liputan6dotcom"
"1645725893464297472","2023-04-11T09:50:03.000Z","0","Polisi: Pelaku tempel QRIS palsu raup untung Rp13 juta
https://t.co/0XI1QkbpfH https://t.co/pNTXz5WmIz","1645725893464297472","https://pbs.twimg.com/media/FtbK-mGaYAYJiT_.jpg","","in","","0","0","0","https://x.com/alineadotid/status/1645725893464297472","354168059","alineadotid"
"1645713612991000582","2023-04-11T09:01:15.000Z","1","Polisi Ungkap Lokasi-Lokasi yang Ditempelkan QRIS Palsu ""Restorasi Masjid"" https://t.co/xpfZrWXF14","1645713612991000582","","","in","","0","0","0","https://x.com/Beritasatu/status/1645713612991000582","154102750","Beritasatu"
"1645712163498233857","2023-04-11T08:55:30.000Z","5","Polisi menangkap penyebar QRIS 'palsu' pada kotak amal di Masjid Istiqlal hingga masjid di Jaksel. Pelaku berinisial MIM (49) ditampilkan memakai baju tahanan.  https://t.co/tMNXRY3sAe","1645712163498233857","","","in","","0","1","0","https://x.com/detikcom/status/1645712163498233857","69183155","detikcom"
"1645712066991505409","2023-04-11T08:55:07.000Z","2","Tersangka Penempel QRIS Palsu di Masjid Ternyata Pegawai BUMN https://t.co/90EvAwvNwx","1645712066991505409","","","in","","0","1","2","https://x.com/Beritasatu/status/1645712066991505409","154102750","Beritasatu"
"1645707611243974658","2023-04-11T08:37:24.000Z","32","Polisi tangkap pelaku yang menempel QRIS 'palsu' pada kotak amal di masjid kawasan Jaksel hingga Istiqlal. Pria ini diduga sudah beraksi di 38 lokasi di Jakarta. https://t.co/SV6IZbm39I","1645707611243974658","","","in","","1","3","5","https://x.com/detikcom/status/1645707611243974658","69183155","detikcom"
"1645706639729893377","2023-04-11T08:33:33.000Z","12","Ia memasang QRIS palsu itu di sejumlah masjid dan musala. #newsupdate #update #news #text https://t.co/DcDyIzcvoE","1645706639729893377","","","in","","1","4","2","https://x.com/kumparan/status/1645706639729893377","759692754985242625","kumparan"
"1645705747458670595","2023-04-11T08:30:00.000Z","6","Stiker QRIS palsu yang mengatasnamakan ‘Restorasi Masjid’ terlihat di Masjid Nurul Iman Blok M Square, Jakarta. Polisi telah menetapkan satu orang tersangka bernama Mohammad Iman Mahlil Lubis (MIML) dalam kasus ini. https://t.co/hxu0vjYaPK #CNNIndonesia https://t.co/ibScdiHMQk","1645705747458670595","https://pbs.twimg.com/media/Fta3a2OaYAcDw1n.jpg","","in","","1","0","5","https://x.com/CNNIndonesia/status/1645705747458670595","17128975","CNNIndonesia"
"1645703967396229126","2023-04-11T08:22:56.000Z","9","Jadi Tersangka, Pemasang QRIS Palsu di Kotak Amal Masjid Terancam 5 Tahun Penjara https://t.co/GfjoExKQ3N","1645703967396229126","","","in","","1","0","1","https://x.com/Beritasatu/status/1645703967396229126","154102750","Beritasatu"
"1645702515558879232","2023-04-11T08:17:10.000Z","6","Waspada dengan adanya modus penipuan menggunakan barcode QRIS palsu yang ada di kotak infaq masjid. 

Bagaimana ya cara agar kita tidak tertipu saat ingin bersedekah melalui QRIS? Adakah perbedaan QRIS palsu dan QRIS asli? Cari tahu jawabannya berikut ini ya 😉🤩 https://t.co/Z6CYa28VN2","1645702515558879232","https://pbs.twimg.com/media/Fta1s0-agAI1EF1.jpg","","in","","0","0","5","https://x.com/komdigi_jateng/status/1645702515558879232","819065767463292928","komdigi_jateng"
"1645701467876253697","2023-04-11T08:13:00.000Z","3","BREAKING NEWS - PENJELASAN BI SOAL QRIS PALSU https://t.co/rWixHo0PIc","1645701467876253697","","","in","","0","0","2","https://x.com/Metro_TV/status/1645701467876253697","57261519","Metro_TV"
"1645698391962451968","2023-04-11T08:00:46.000Z","0","20 Kotak Amal Masjid Istiqlal Teridentifikasi Ditempelkan QRIS Palsu https://t.co/plIggojjF1","1645698391962451968","","","in","","0","0","0","https://x.com/Beritasatu/status/1645698391962451968","154102750","Beritasatu"
"1645698134964842496","2023-04-11T07:59:45.000Z","29","Pelaku Penipuan Modus QRIS Palsu Kotak Amal Masjid Ditangkap di Kebayoran Lama https://t.co/IzkO8nnYI5","1645698134964842496","","","in","","0","2","7","https://x.com/OposisiCerdas/status/1645698134964842496","887743587579944960","OposisiCerdas"
"1645697828575154177","2023-04-11T07:58:32.000Z","0","Duh, Pengurus Masjid Istiqlal Temukan 50 Stiker QRIS Palsu https://t.co/UwRTUn54dK #beritajogja #jogja #jogjaistimewa https://t.co/AoLakvy3k5","1645697828575154177","https://pbs.twimg.com/media/FtaxdFtacAQsfzI.jpg","","in","","0","0","0","https://x.com/Harian_Jogja/status/1645697828575154177","118371948","Harian_Jogja"
"1645695679971426304","2023-04-11T07:50:00.000Z","0","Kasus penipuan dengan modus menempel QRIS 'palsu' di kotak amal sejumlah Masjid di Jaksel dan Istiqlal terbongkar. DMI menilai pelaku itu tak bermoral. https://t.co/wO9bNM7JkH","1645695679971426304","","","in","","1","0","0","https://x.com/detikcom/status/1645695679971426304","69183155","detikcom"
"1645694431864168449","2023-04-11T07:45:02.000Z","1","Klarifikasi Pemasang QRIS Palsu di Kotak Amal Masjid: Ada Project
 
#PramborsNews 
https://t.co/1o7RIJZMvV","1645694431864168449","","","in","","0","1","3","https://x.com/Prambors/status/1645694431864168449","34149837","Prambors"
"1645693322751782912","2023-04-11T07:40:38.000Z","4","Selamat siang menjelang sore, para pembaca setia Netralnews👋🏼

Kali ini ada berita mengenai pelaku penipuan QRIS palsu di masjid nih. Polisi sudah mengamankan pelaku loh, namun belum mau membeberkan identitas pelaku⬇️
https://t.co/uplSrBlO9m
https://t.co/nPbTg0TVl6","1645693322751782912","","","in","","0","0","0","https://x.com/netralnews/status/1645693322751782912","4897217173","netralnews"
"1645692496322908160","2023-04-11T07:37:21.000Z","0","Penyebar QRIS Palsu Ditangkap, Istiqlal-Bintaro Satu Pelaku https://t.co/5MRkaLoBnS","1645692496322908160","","","in","","0","0","1","https://x.com/cnbcindonesia/status/1645692496322908160","847372542830444544","cnbcindonesia"
"1645692144185921537","2023-04-11T07:35:57.000Z","0","Kode batang (barcode) QRIS palsu yang ditempelkan juga ditemukan di Masjid Istiqlal, Jakarta. QRIS palsu itu tersebar di beberapa titik. 

Simak berita selengkapnya di https://t.co/qxRUgSj8sk
#HardNews_Kriminal #NewsOne #CariBeritaditvOne #QRISPalsu https://t.co/6hgayZpxCc","1645692144185921537","https://pbs.twimg.com/media/FtasR2yagAAhc96.jpg","","in","","0","0","0","https://x.com/tvOneNews/status/1645692144185921537","55507370","tvOneNews"
"1645691170901884929","2023-04-11T07:32:05.000Z","8","BREAKING NEWS - KASUS PENIPUAN QRIS PALSU DI KOTAK AMAL MASJID https://t.co/q94VH0lC44","1645691170901884929","","","in","","0","1","3","https://x.com/Metro_TV/status/1645691170901884929","57261519","Metro_TV"
"1645690861542318080","2023-04-11T07:30:51.000Z","7","Aksi penempelan QRIS palsu untuk mengumpulkan sedekah/infak juga menyasar Masjid Istiqlal, Jakarta Pusat. Pengurus Istiqlal bagian Peribadatan, Abu Hurairah, mengungkap peristiwa penempelan diduga terjadi 2 hari lalu. #focus #qris #news #videonews https://t.co/zcQzOGzC6M https://t.co/B1OFgY9OKC","1645690861542318080","https://pbs.twimg.com/ext_tw_video_thumb/1645690687805964288/pu/img/uFkCUPHPX5jJewcy.jpg","","in","","1","0","2","https://x.com/kumparan/status/1645690861542318080","759692754985242625","kumparan"
"1645689566727405568","2023-04-11T07:25:42.000Z","8","50 Barcode QRIS Palsu Ditemukan Pengurus Masjid Istiqlal 
https://t.co/BxMhTHrjDm","1645689566727405568","","","in","","0","0","0","https://x.com/e100ss/status/1645689566727405568","848614550","e100ss"
"1645689267186982914","2023-04-11T07:24:31.000Z","3","Di Istiqlal, Ada 50 Lebih Stiker QRIS Palsu https://t.co/QXhByLkdAZ","1645689267186982914","","","in","","0","0","2","https://x.com/inilahdotcom/status/1645689267186982914","46693036","inilahdotcom"
"1645688299753988096","2023-04-11T07:20:44.000Z","0","Bikin geger seorang pria tempelkan QRIS palsu di Masjid dengan nama ""Restorasi Masjid,"" uangnya ngalir ke rekening pribadi","1645688316107571202","","okezonenews","in","","0","1","0","https://x.com/okezonenews/status/1645688316107571202","47274731","okezonenews"
"1645688082811998208","2023-04-11T07:19:49.000Z","34","Pelaku penyebar QRIS palsu di masjid udah ketangkep gaesss! https://t.co/MPb7Dwzhhb","1645688082811998208","https://pbs.twimg.com/ext_tw_video_thumb/1645687986636599296/pu/img/KtfK3GfvZ2g2Ko1Q.jpg","","in","","0","3","28","https://x.com/eradotid/status/1645688082811998208","903229236051247104","eradotid"
"1645686129583349761","2023-04-11T07:12:03.000Z","0","Polisi sebut aksi tempel stiker QRIS palsu di sejumlah masjid sebagai modus penipuan. #focus #QRISmasjid #news #newsflash https://t.co/diW8O6Q3iZ","1645686129583349761","","","in","","0","0","0","https://x.com/kumparan/status/1645686129583349761","759692754985242625","kumparan"
"1645685717572665344","2023-04-11T07:10:25.000Z","13","Ditangkap di Kebayoran Lama, Ini Tampang Pelaku Penipuan Modus QRIS Palsu Kotak Amal Masjid
https://t.co/A4J9SrDXol","1645685717572665344","","","in","","0","1","2","https://x.com/geloraco/status/1645685717572665344","3319260420","geloraco"
"1645684520476364800","2023-04-11T07:05:39.000Z","0","50 Barcode QRIS Palsu Ditemukan di Kompleks Masjid Istiqlal https://t.co/hCAbyj5gb1","1645684520476364800","","","in","","0","1","1","https://x.com/tvOneNews/status/1645684520476364800","55507370","tvOneNews"
"1645683853774983169","2023-04-11T07:03:00.000Z","1","Pengurus Masjid Istiqlal menemukan sedikitnya 50 stiker kode batang (barcode) QRIS palsu yang ditempelkan di beberapa titik lokasi. https://t.co/P6mdPIMZkU","1645683853774983169","","","in","","0","0","0","https://x.com/tempodotco/status/1645683853774983169","18129942","tempodotco"
"1645683648157581313","2023-04-11T07:02:11.000Z","3","Pria yang diduga menempelkan QRIS palsu pada kotak amal di masjid di kawasan Jaksel hingga Istiqlal ditangkap. Berikut barang bukti ponsel hingga QRIS palsu yang diamankan. https://t.co/HZ11QFcAs6","1645683648157581313","","","in","","0","0","0","https://x.com/detikcom/status/1645683648157581313","69183155","detikcom"
"1645683509447753729","2023-04-11T07:01:38.000Z","0","Waspada banyak beredar QRIS ""palsu"". https://t.co/Yw8MEFt1uH","1645683509447753729","","","in","","0","0","2","https://x.com/kompascom/status/1645683509447753729","23343960","kompascom"
"1645682176925798401","2023-04-11T06:56:20.000Z","1","#KaumMuda, seseorang tertangkap CCTV tengah memasang QRIS palsu di beberapa masjid di Jakarta. Menurut kabar yang beredar, selain Masjid Nurul Iman di Blok M Square, pelaku ternyata juga memasang stiker QRIS palsu di Masjid Nurullah, Kalibata.
https://t.co/XrGT1rKA1G https://t.co/oaNhKnepUn","1645682176925798401","https://pbs.twimg.com/media/FtajN_uaYAAU8ZA.jpg","","in","","0","0","0","https://x.com/SuaraPembaruan/status/1645682176925798401","185571391","SuaraPembaruan"
"1645681412614553600","2023-04-11T06:53:18.000Z","3","🚨Polisi akhirnya menangkap pelaku yang menempelkan QRIS palsu di kotak amal sejumlah masjid di DKI Jakarta.

Pelaku yang teridentifikasi bernama Imam Mahlil Lubis (IML) ditangkap di kawasan Kebayoran Lama dan saat ini masih menjalani pemeriksaan intensif. https://t.co/t5CcBCuqmo","1645681412614553600","https://pbs.twimg.com/media/FtaihN_aIAA6Y7N.jpg","","in","","0","1","2","https://x.com/inilahdotcom/status/1645681412614553600","46693036","inilahdotcom"
"1645276911491489792","2023-04-11T06:51:19.000Z","2","@AB_008_ Sudah ditangkap polres JaXel.

https://t.co/6QABOXm52o

Polisi menangkap pria yang diduga menempelkan QRIS palsu pada kotak amal di masjid di kawasan Jakarta Selatan hingga Masjid Istiqlal. Pria itu sedang diperiksa.","1645680914259939328","","AB_008_","in","","0","0","1","https://x.com/wanderer040774/status/1645680914259939328","1266401064","wanderer040774"
"1645680093434630145","2023-04-11T06:48:04.000Z","0","Pria Pemasang QRIS Palsu di Masjid Jakarta Ditangkap! https://t.co/1qwkjv6skn","1645680093434630145","","","in","","0","0","0","https://x.com/inilahdotcom/status/1645680093434630145","46693036","inilahdotcom"
"1645679994239328257","2023-04-11T06:47:40.000Z","5","Sedikitnya 50 stiker barcode QRIS palsu yang ditempelkan di beberapa titik  https://t.co/HkdsByOpsC","1645679994239328257","","","in","","1","0","2","https://x.com/republikaonline/status/1645679994239328257","22126902","republikaonline"
"1645678695422791681","2023-04-11T06:42:30.000Z","0","Kabar baru! Pengurus Masjid Istiqlal menemukan sedikitnya 50 stiker kode batang (barcode) QRIS palsu yang ditempelkan di beberapa titik. 

https://t.co/ft6U3fs3RF","1645678695422791681","","","in","","0","0","1","https://x.com/antaranews/status/1645678695422791681","18071520","antaranews"
"1645674834683396096","2023-04-11T06:27:10.000Z","0","Kementerian Agama (Kemenag) telah menyebarkan informasi waspada stiker QRIS palsu untuk infak ke seluruh pengurus masjid. #newsupdate #update #news https://t.co/BzNT5FOSp0","1645674834683396096","","","in","","0","0","0","https://x.com/kumparan/status/1645674834683396096","759692754985242625","kumparan"
"1645674048427552768","2023-04-11T06:24:02.000Z","1","Polda Metro Jaya Tangkap Pria Pengganti QRIS Palsu di Kotak Amal Masjid https://t.co/9EghIgevGg","1645674048427552768","","","in","","0","0","1","https://x.com/Beritasatu/status/1645674048427552768","154102750","Beritasatu"
"1645673194647437314","2023-04-11T06:20:39.000Z","13","Polisi telah menangkap pelaku penempelan stiker QRIS palsu di sejumlah masjid di kawasan Jakarta. Penangkapan ini dilakukan tim gabungan Polres Metro Jakarta Selatan dan Polda Metro Jaya. #focus #qris #news #oneliner https://t.co/fklUMEEtkI https://t.co/HGu8xCIbnz","1645673194647437314","https://pbs.twimg.com/media/Ftaa7N_XsAE0ypm.jpg","","in","","1","0","7","https://x.com/kumparan/status/1645673194647437314","759692754985242625","kumparan"
"1645665133082054658","2023-04-11T05:48:37.000Z","9","Polisi menangkap pria yang diduga menempelkan QRIS palsu pada kotak amal di masjid di kawasan Jakarta Selatan hingga Masjid Istiqlal. Pria itu sedang diperiksa. https://t.co/xo9IzpN1Uu","1645665133082054658","","","in","","2","3","9","https://x.com/detikcom/status/1645665133082054658","69183155","detikcom"
"1645661964755156992","2023-04-11T05:36:01.000Z","0","Marak QRIS Palsu di Kotak Amal Masjid, Ini 5 Cara Menghindarinya https://t.co/UXhLaldmGH","1645661964755156992","","","in","","0","0","0","https://x.com/KompasTekno/status/1645661964755156992","74501380","KompasTekno"
"1645661721686872066","2023-04-11T05:35:04.000Z","0","Belakangan, marak modus penipuan QRIS palsu yang ditempelkan di beberapa masjid. Salah satu cara menghindari QRIS palsu adalah mengecek fisiknya. https://t.co/p3QspT8cFy","1645661721686872066","","","in","","0","0","1","https://x.com/kompascom/status/1645661721686872066","23343960","kompascom"
"1645657834548494339","2023-04-11T05:19:37.000Z","1","Stiker QRIS Palsu Ramai di Masjid Jakarta, Kejahatan Digital di Tempat Ibadah https://t.co/dngYlxebiX","1645657834548494339","","","in","","0","0","0","https://x.com/inilahdotcom/status/1645657834548494339","46693036","inilahdotcom"
"1645654923235975168","2023-04-11T05:08:03.000Z","0","Polisi Berhasil Identifikasi Pelaku Penipuan QRIS Palsu di Masjid: Polisi berhasil mengidentifikasi pelaku penipuan yang tempel stiker QRIS palsu di kotak amal di sejumlah masjid di wilayah Jakarta. https://t.co/Wv1gNve4Rl","1645654923235975168","","","in","","0","0","0","https://x.com/pikiran_rakyat/status/1645654923235975168","58880688","pikiran_rakyat"
"1645654104381992965","2023-04-11T05:04:47.000Z","1","Hindari Penipuan Modus QRIS Palsu, Polisi Wanti-wanti Warga Konfirmasi Ulang Usai Beramal https://t.co/VcF2uo6Wff","1645654104381992965","","","in","","0","0","0","https://x.com/jawapos/status/1645654104381992965","2392460208","jawapos"
"1645653378494783488","2023-04-11T05:01:54.000Z","1","Pengurus Masjid Istiqlal, Jakarta Pusat kembali menjadi korban atas pelaku penipuan barcode QRIS palsu kotak amal masjid.
https://t.co/zO6qFewRpT","1645653378494783488","","","in","","0","0","0","https://x.com/liputan6dotcom/status/1645653378494783488","47596019","liputan6dotcom"
"1645653166833438720","2023-04-11T05:01:04.000Z","7","Hal itu diketahui usai https://t.co/4VOOkFAPN4 meminta dua sampel QRIS palsu kepada DKM Masjid Nurul Iman yang terletak di lantai 7 Blok M Square. https://t.co/KxqIGPYFA6","1645653166833438720","","","in","","0","0","1","https://x.com/kompascom/status/1645653166833438720","23343960","kompascom"
"1645651929824133120","2023-04-11T04:56:09.000Z","16","Viral Pria Tempelkan Barcode QRIS Palsu di Kotak Amal Masjid https://t.co/qfAA6kkm5n","1645651929824133120","","","in","","0","1","0","https://x.com/tvOneNews/status/1645651929824133120","55507370","tvOneNews"
"1645650761744023553","2023-04-11T04:51:30.000Z","38","Teridentifikasi! Penipu QRIS Palsu di Kotak Amal Masjid Blok M dan Istiqlal Ternyata Orang yang Sama
https://t.co/XZhg0WYfGD","1645650761744023553","","","in","","1","0","19","https://x.com/geloraco/status/1645650761744023553","3319260420","geloraco"
"1645647065744289792","2023-04-11T04:36:49.000Z","0","Sosok Pria yang Tempelkan QRIS Palsu di 20 Kotak Amal Masjid dengan Modus Restorasi Masjid!
 
https://t.co/lSOg60sEwJ","1645647065744289792","","","in","","0","0","0","https://x.com/tribunmedan/status/1645647065744289792","142305302","tribunmedan"
"1645646007626252289","2023-04-11T04:32:37.000Z","4","Seorang pria misterius menempelkan QRIS palsu pada kotak amal di masjid di kawasan Jakarta Selatan. Polisi menyebut sudah mengantongi identitas pelaku. https://t.co/k5jFZ5XOct","1645646007626252289","","","in","","0","0","0","https://x.com/detikcom/status/1645646007626252289","69183155","detikcom"
"1645644089621372929","2023-04-11T04:25:00.000Z","2","Hati-hati, detikers! Kini marak aksi tipu-tipu dengan cara menempelkan QRIS palsu pada kotak amal di masjid. Polisi menyebut ini adalah modus operandi baru penipuan. https://t.co/dPnim2fcyH","1645644089621372929","","","in","","1","1","0","https://x.com/detikcom/status/1645644089621372929","69183155","detikcom"
"1645642840251453441","2023-04-11T04:20:02.000Z","0","Penipuan QRIS Palsu di Masjid: Polisi Minta Masyarakat Konfirmasi Usai Beramal Online: Polisi meminta masyarakat yang hendak beramal secara online atau dari di masjid untuk mengkonfirmasi kembali ke DKM. https://t.co/znF2WlAiC9","1645642840251453441","","","in","","0","0","0","https://x.com/pikiran_rakyat/status/1645642840251453441","58880688","pikiran_rakyat"
"1645642076388749314","2023-04-11T04:17:00.000Z","4","Polisi sudah mengantongi identitas pelaku yang tempel QRIS 'palsu' pada kotak amal di masjid di kawasan Jaksel hingga Masjid Istiqlal. Pelaku diduga sama. https://t.co/2Jrl1bgEsQ","1645642076388749314","","","in","","0","1","0","https://x.com/detikcom/status/1645642076388749314","69183155","detikcom"
"1645641321384689666","2023-04-11T04:14:00.000Z","5","Masjid Istiqlal turut menjadi sasaran penempelan stiker QRIS palsu pada kotak amal. Terduga pelaku sempat diamankan petugas masjid, namun ia berhasil kabur. https://t.co/8ntPrNrrz8","1645641321384689666","","","in","","1","3","1","https://x.com/detikcom/status/1645641321384689666","69183155","detikcom"
"1645639212321083392","2023-04-11T04:05:37.000Z","2","liat kasus qris palsu di masjid gini baru ketauan celahnya orang bisa asal ganti ganti aja pake qris rek pribadi, anjing juga 😂

then the question starts to arise, can this be solved? 🤨 biar authenticated barcode yang udah di print sama rek yg dituju","1645639212321083392","","","in","","0","0","0","https://x.com/wildanziq/status/1645639212321083392","286111085","wildanziq"
"1645638327109025792","2023-04-11T04:02:06.000Z","0","Polisi berujar, pelaku yang menempel stiker QRIS ""palsu"" di beberapa masjid merupakan orang yang sama. https://t.co/zZ2VNimzwn","1645638327109025792","","","in","","0","0","0","https://x.com/kompascom/status/1645638327109025792","23343960","kompascom"
"1645637906734927872","2023-04-11T04:00:26.000Z","1","Polda Metro Jaya Kantongi Identitas Penyebar QRIS Palsu di Masjid-masjid https://t.co/ISpAMKGOTG","1645637906734927872","","","in","","0","0","1","https://x.com/Beritasatu/status/1645637906734927872","154102750","Beritasatu"
"1645635040498565120","2023-04-11T03:49:02.000Z","0","Polisi Kantongi Identitas Pria Gempal Penempel Barcode QRIS Palsu di Kotak Amal Masjid https://t.co/PCrZuUarfw","1645635040498565120","","","in","","0","0","0","https://x.com/liputan6dotcom/status/1645635040498565120","47596019","liputan6dotcom"
"1645633293495447553","2023-04-11T03:42:07.000Z","202","Seluruh stiker QRIS palsu tersebut sudah dicopot oleh pihak Masjid Istiqlal. Saat ini pihak Masjid Istiqlal telah berkoordinasi dengan pihak bank dan kepolisian untuk mengusut hal tersebut.","1645633298474074113","","asumsico","in","","1","1","6","https://x.com/asumsico/status/1645633298474074113","829366551446818816","asumsico"
"1645633293495447553","2023-04-11T03:42:06.000Z","5228","Modus penipuan dengan barcode QRIS palsu juga ditemukan di Masjid Istiqlal. Ditemukan sekitar 50 stiker barcode QRIS palsu bertuliskan 'restorasi masjid' di Masjid Istiqlal. Stiker ini serupa dengan stiker yang juga ditemukan di Masjid Nurul Iman Blok M Square. https://t.co/EXD03WnB8f","1645633293495447553","https://pbs.twimg.com/media/FtZ2JKyaEAAOmh1.jpg","","in","","425","243","1295","https://x.com/asumsico/status/1645633293495447553","829366551446818816","asumsico"
"1645631542360961024","2023-04-11T03:35:08.000Z","1","Viral Pria Tempel Stiker QRIS Palsu di Masjid, Polisi Selidiki dan Buru Pelaku https://t.co/WVI8hWAWfl","1645631542360961024","","","in","","0","2","1","https://x.com/PRFMnews/status/1645631542360961024","150589950","PRFMnews"
"1645631155537055745","2023-04-11T03:33:36.000Z","0","Hal ini dilakukan setelah pihaknya mendapat informasi bahwa Masjid Istiqlal juga menjadi sasaran penempelan QRIS palsu.#focus #qris #news #text https://t.co/6B1Rd2e4QV","1645631155537055745","","","in","","0","0","0","https://x.com/kumparan/status/1645631155537055745","759692754985242625","kumparan"
"1645629540730011648","2023-04-11T03:27:11.000Z","3","Aksi pemasangan stiker QRIS palsu ini mulanya terbongkar di Masjid Nurul Iman Blok M Square, Jaksel. #focus #qris #news #text https://t.co/ROdSY0DO2Q","1645629540730011648","","","in","","0","0","1","https://x.com/kumparan/status/1645629540730011648","759692754985242625","kumparan"
"1645628006638190592","2023-04-11T03:21:05.000Z","0","Polisi Periksa CCTV Buru Penempel QRIS Palsu di Masjid Istiqlal https://t.co/KYxFGQj2Rk","1645628006638190592","","","in","","0","0","0","https://x.com/VIVAcoid/status/1645628006638190592","41730943","VIVAcoid"
"1645534620816117767","2023-04-11T03:16:40.000Z","10","@tanyarlfes 50 Stiker QRIS Palsu Bertebaran di Masjid Istiqlal
https://t.co/UobTAPzwMm","1645626892597497857","","tanyarlfes","in","","0","0","3","https://x.com/SINDOnews/status/1645626892597497857","231355136","SINDOnews"
"1645626404820905984","2023-04-11T03:14:43.000Z","2","Pengurus Masjid Istiqlal, Jakarta Pusat mengaku menjadi korban barcode QRIS palsu kotak amal masjid.

Pihaknya mengungkap, barcode QRIS yang dicurigai petugas terpasang sekitar 50 titik di Masjid Istiqlal #MostUpdate1058 https://t.co/NhwR9gYoTf","1645626404820905984","https://pbs.twimg.com/media/FtZwe4UaAAA7qhn.jpg","","in","","0","0","0","https://x.com/most1058/status/1645626404820905984","85805755","most1058"
"1645618319389757440","2023-04-11T02:42:36.000Z","1","Kasus Penempelan QRIS Palsu di Masjid Istiqlal Diselidiki Polisi #BacaRMOL https://t.co/ef1lbL702D","1645618319389757440","","","in","","0","0","0","https://x.com/rmol_id/status/1645618319389757440","990237626","rmol_id"
"1645618144449540097","2023-04-11T02:41:54.000Z","524","50 stiker QRIS palsu ditemukan di lingkungan Masjid Istiqlal.

Setan be like:
""kagak ikut-ikutan ye👿""

https://t.co/Xhb45dEqAD","1645618144449540097","","","in","","69","28","156","https://x.com/TirtoID/status/1645618144449540097","4187275698","TirtoID"
"1645615149527765004","2023-04-11T02:30:00.000Z","2","Gubernur Jabar Ridwan Kamil mewanti-wanti agar pengurus masjid mewaspadai QRIS palsu yang ditempel di kotak amal masjid.

Via @detik_jabar 
https://t.co/93uC0w8iyn","1645615149527765004","","","in","","0","0","0","https://x.com/detikcom/status/1645615149527765004","69183155","detikcom"
"1645614154181640192","2023-04-11T02:26:03.000Z","4","Waspada Stiker QRIS Palsu di Kotak Amal Masjid, Ini Cara Mengenali dan Menghindarinya https://t.co/06jAUYERPN","1645614154181640192","","","in","","0","0","3","https://x.com/inilahdotcom/status/1645614154181640192","46693036","inilahdotcom"
"1645613075628969984","2023-04-11T02:21:45.000Z","3","Polisi Sisir Masjid di Jakpus Antisipasi Barcode QRIS Palsu Kotak Amal https://t.co/HE7VIn6wZk","1645613075628969984","","","in","","0","0","0","https://x.com/CNNIndonesia/status/1645613075628969984","17128975","CNNIndonesia"
"1645608840577302531","2023-04-11T02:04:56.000Z","1","Sekretaris DKM Masjid Nurul Iman Blok M Square, Habibi Katin, mengungkap bahwa penempelan QRIS palsu tak hanya dilakukan di satu titik. Menurut laporan jemaah, ternyata praktik ini juga terjadi di masjid-masjid lain. #focus #qris #news #oneliner https://t.co/Mx9F0qgzpy https://t.co/eDClJbTVAr","1645608840577302531","https://pbs.twimg.com/media/FtZgf1SaEAA-JdL.jpg","","in","","1","1","2","https://x.com/kumparan/status/1645608840577302531","759692754985242625","kumparan"
"1645607113782337536","2023-04-11T01:58:04.000Z","2","Ini rekening Bank apa ya yang pasang Qris palsu di berbagai mesjid? Kenapa nama pemilik rekening bukan orang/lembaga/organisasi kok diperbolehkan. BI wajib blokir Qris ini yg meresahkan jamaah.mesjid. https://t.co/Cx2YDkusF6","1645607113782337536","https://pbs.twimg.com/media/FtZe8uOaYAEQgKa.jpg","","in","","0","1","1","https://x.com/DjokoRetnadi/status/1645607113782337536","1005756635451539456","DjokoRetnadi"
"1645598188706095111","2023-04-11T01:22:36.000Z","1","Cara Hacker Phising Kode QR, QRIS Palsu di Kotak Amal Masjid https://t.co/rwS5opwl4f #TempoBisnis","1645598188706095111","","","in","","0","0","0","https://x.com/tempodotco/status/1645598188706095111","18129942","tempodotco"
"1645576795566256128","2023-04-10T23:57:36.000Z","1","Selain di Jaksel, 50 Barcode QRIS Palsu Juga Tertempel di Masjid Istiqlal https://t.co/Hus3tWBLdQ","1645576795566256128","","","in","","0","4","2","https://x.com/VIVAcoid/status/1645576795566256128","41730943","VIVAcoid"
"1645573236124696576","2023-04-10T23:43:27.000Z","96","Masjid Istiqlal, Masjid Raya Pondok Indah dan Masjid Nurul Iman, Block M Square jadi target QRIS Palsu...
Hati-hati guys 🙏 https://t.co/GKzvDxKBIG","1645573236124696576","https://pbs.twimg.com/ext_tw_video_thumb/1645573147557781504/pu/img/_AoD-gL2Rlw26p79.jpg","","in","","7","23","51","https://x.com/yaniarsim/status/1645573236124696576","929287558281830400","yaniarsim"
"1645569889170759680","2023-04-10T23:30:09.000Z","1","Ramai QRIS Palsu di Kotak Amal Masjid, Kaspersky Beberkan Risiko Penggunaan Kode QR jadi Celah Phishing https://t.co/ntw7VJtK3G #TempoBisnis","1645569889170759680","","","in","","0","0","1","https://x.com/tempodotco/status/1645569889170759680","18129942","tempodotco"
"1645563230859972609","2023-04-10T23:03:41.000Z","2","Tanggapan Lengkap Ditjen Pajak soal Keluhan Soimah hingga BI Blokir QRIS Palsu 12 Kotak Amal Masjid Al Azhar jadi artikel populer Money Senin. https://t.co/N1nfnu6SKi","1645563230859972609","","","in","","0","0","0","https://x.com/kompascom/status/1645563230859972609","23343960","kompascom"
"1645547850066202627","2023-04-10T22:02:34.000Z","0","Kasus Penipuan Stiker QRIS Palsu di Masjid, Warga: Curiga Sindikat https://t.co/uXBeG7eGt0","1645547850066202627","","","in","","0","0","0","https://x.com/IDNTimes/status/1645547850066202627","388190238","IDNTimes"
"1645533663994712073","2023-04-10T21:06:12.000Z","30","Aksi pelaku menempelkan QRIS palsu di Masjid Nurul Iman tertangkap kamera CCTV di sekitar lokasi. https://t.co/OglcGME2hy","1645533663994712073","","","in","","3","2","22","https://x.com/kompascom/status/1645533663994712073","23343960","kompascom"
"1645533590263066624","2023-04-10T21:05:55.000Z","0","Viral Modus Baru Colong Kotak Amal, Tempel QRIS Palsu di Masjid https://t.co/NsaEurZtOl","1645533590263066624","","","in","","0","0","0","https://x.com/detikfinance/status/1645533590263066624","135795460","detikfinance"
"1645523259147059200","2023-04-10T20:24:51.000Z","0","4 Fakta Penting Soal QR Code, Jangan Tertipu QRIS Palsu https://t.co/7xDvTJUL9A","1645523259147059200","","","in","","0","0","0","https://x.com/detikinet/status/1645523259147059200","135815019","detikinet"
"1645517448622350338","2023-04-10T20:01:46.000Z","0","Rekening QRIS Palsu yang Ditempel Seorang Pria di Masjid Sudah Diblokir https://t.co/MPf0yVcQax","1645517448622350338","","","in","","0","0","0","https://x.com/Insertlivettv/status/1645517448622350338","48890883","Insertlivettv"
"1645502091224391699","2023-04-10T19:00:45.000Z","0","Viral Modus Penipuan Amal Pakai QRIS Palsu di Masjid Jaksel https://t.co/TN1U5oGCCN","1645502091224391699","","","in","","0","0","0","https://x.com/Insertlivettv/status/1645502091224391699","48890883","Insertlivettv"
"1645474867846971392","2023-04-10T17:12:34.000Z","2","Polisi Selidiki Dugaan Barcode QRIS Palsu di Masjid Bintaro https://t.co/et4yHRbbdn","1645474867846971392","","","in","","0","0","1","https://x.com/CNNIndonesia/status/1645474867846971392","17128975","CNNIndonesia"
"1645463809782583297","2023-04-10T16:28:38.000Z","5","QRIS palsu vs QRIS asli??
Ingin menanggapi kasus penipuan QRIS masjid tp dari segi produk (kebetulan kerjaan berhub. dgn sistem ini).
Setelah dicek, QRIS ""palsu"" tnyt asli &amp; diterbitkan resmi o/pihak yang berlisensi dari BI. Kok bisa asli tapi tipu? Siapa yg bisa punya QRIS?
A🧵","1645463809782583297","","","in","","0","1","4","https://x.com/Yuliayen/status/1645463809782583297","59045056","Yuliayen"
"1645456188971302913","2023-04-10T15:58:21.000Z","8","Mau donasi pun sekarang dibikinin QRIS palsu. Emang ye.","1645456188971302913","","","in","","0","3","2","https://x.com/dr_koko28/status/1645456188971302913","1052703629528854530","dr_koko28"
"1645451637807525891","2023-04-10T15:40:16.000Z","1","Viral di sosial media, seorang pria sengaja menempelkan barcode QRIS palsu pada kotak amal masjid. 
#derasdotid #beritaterkini #beritaviral #viral #info #penipu #masjid #qris #kriminal #hukum https://t.co/0qiXoNZQ7J","1645451637807525891","https://pbs.twimg.com/ext_tw_video_thumb/1645451553023864832/pu/img/2y13e8NZwxtXuc9E.jpg","","in","","0","0","0","https://x.com/derasdotid/status/1645451637807525891","1573254990885310464","derasdotid"
"1645444875335397382","2023-04-10T15:13:23.000Z","41","Masjid Istiqlal Juga Ditempeli QRIS Palsu: 50 Stiker, Imam Besar Lapor Bank, sdh tersebar foto pelakunya, bentar lg paling jg akan ketangkep. https://t.co/dAe99D05or","1645444875335397382","https://pbs.twimg.com/ext_tw_video_thumb/1645444789117276160/pu/img/ql_7yP1876WG43No.jpg","","in","","0","4","19","https://x.com/CakD3pp/status/1645444875335397382","3797534720","CakD3pp"
"1645433957117497344","2023-04-10T14:30:00.000Z","1155","Masjid Istiqlal turut ditempeli 50 stiker QRIS palsu. Pengelola masjid langsung mencopot QRIS palsu itu dan melaporkan ke pihak bank. https://t.co/Mmb5RHj21Y","1645433957117497344","","","in","","70","69","336","https://x.com/detikcom/status/1645433957117497344","69183155","detikcom"
"1645430683475791872","2023-04-10T14:17:00.000Z","37","Sejumlah korban QRIS palsu di kotak amal sebuah masjid telah melapor ke polisi. Polisi saat ini masih mengejar pelaku tersebut. https://t.co/YDeggFyBfR","1645430683475791872","","","in","","3","3","5","https://x.com/detikcom/status/1645430683475791872","69183155","detikcom"
"1645391173266329600","2023-04-10T11:40:00.000Z","1","Viral Stiker QRIS Palsu, DKM Nurul Iman Blok M Square Bakal Lapor Polisi

https://t.co/tK2gBNSRlA","1645391173266329600","","","in","","0","0","0","https://x.com/okezonenews/status/1645391173266329600","47274731","okezonenews"
"1645388089513381892","2023-04-10T11:27:45.000Z","27","Kotak amal /donasi/sumbangan/...
Menjadi lahan basah buat para oknum tertentu .. untuk mendapatkan uang...  
Hati2 jangan asal berdonasi..  
Dlm video... Seseorang menempelkan barcode scan (Qris) palsu di sebuah masjid. Yg di duga akan mengalir ke rekening oknum itu sendiri. https://t.co/narEMASv6L","1645388089513381892","https://pbs.twimg.com/ext_tw_video_thumb/1645387882956464135/pu/img/zHkpcQRt2gPaJRqD.jpg","","in","","0","6","11","https://x.com/langitan99/status/1645388089513381892","1387440868211118084","langitan99"
"1645374863799115776","2023-04-10T10:35:11.000Z","2","[VIDEO] Pria Misterius Terekam CCTV Tempel QRIS Palsu di Kotak Amal https://t.co/MnVVIIg8bE #vlix","1645374863799115776","","","in","","0","0","2","https://x.com/VIVAcoid/status/1645374863799115776","41730943","VIVAcoid"
"1645374639315771396","2023-04-10T10:34:18.000Z","0","Modus Pelaku Tempel QRIS Palsu: Ngaku Panitia Restorasi Masjid https://t.co/pb009A7XG4","1645374639315771396","","","in","","0","0","0","https://x.com/detikfinance/status/1645374639315771396","135795460","detikfinance"
"1645373436779454464","2023-04-10T10:29:31.000Z","22","Pasang Stiker QRIS Palsu di Kotak Amal Masjid Nurul Iman, Ini Inisial Pelaku Bertubuh Tambun https://t.co/kb0tFeoagO","1645373436779454464","","","in","","0","0","8","https://x.com/OposisiCerdas/status/1645373436779454464","887743587579944960","OposisiCerdas"
"1645371193837621250","2023-04-10T10:20:36.000Z","1","Sebuah klarifikasi dari seseorang bernama Iman beredar di media sosial, dipercaya sebagai pria yang mengganti QRIS palsu di Masjid Nurul Iman Blok M Square. https://t.co/V4IDo90S8L","1645371193837621250","","","in","","0","1","0","https://x.com/Bisniscom/status/1645371193837621250","118646322","Bisniscom"
"1645371039202037760","2023-04-10T10:19:59.000Z","4","Pasang Stiker QRIS Palsu di Kotak Amal Masjid Nurul Iman, Ini Inisial Pelaku Bertubuh Tambun
https://t.co/yQpclcR1SY","1645371039202037760","","","in","","0","0","3","https://x.com/BeritakanID_com/status/1645371039202037760","1512483442600341505","BeritakanID_com"
"1645367908774875136","2023-04-10T10:07:33.000Z","2","Pria Misterius Ketangkap CCTV Tempel QRIS Palsu di Kotak Amal Masjid https://t.co/mUHLJ7q6eM https://t.co/1kY07tUImn","1645367908774875136","https://pbs.twimg.com/media/FtWFZM3acAALnp1.jpg","","in","","0","0","0","https://x.com/VIVAcoid/status/1645367908774875136","41730943","VIVAcoid"
"1645355048816504833","2023-04-10T09:41:36.000Z","2","@nuicemedia Usus tuntat! Penipuan dg penggunaan QRIS palsu apkh sdh diantisipasi oleh @bank_indonesia ? Adakah sanksi utk pelakunya? Ironisnya, sasarannya rumah ibadah dan pd bulan mulia. Seperti ada upaya jahat dan masif ini. Apakah suatu sindikat? 🤔","1645361377597616128","","nuicemedia","in","","0","1","0","https://x.com/ephdee/status/1645361377597616128","58999482","ephdee"
"1645359509479759874","2023-04-10T09:34:11.000Z","2","Rekening Pria yang Tempel QRIS Palsu di Kotak Amal Masjid Jaksel Diblokir! https://t.co/Ai4Ia0NcPu","1645359509479759874","","","in","","0","2","0","https://x.com/detikfinance/status/1645359509479759874","135795460","detikfinance"
"1645354934219739142","2023-04-10T09:16:00.000Z","23","Pria penempel QRIS palsu pada kotak amal di masjid Jaksel terlihat menggunakan kacamata dengan rambut klimis dan tertata rapi. Belum diketahui identitas pria itu. https://t.co/5XWrUrFZyC","1645354934219739142","","","in","","0","4","5","https://x.com/detikcom/status/1645354934219739142","69183155","detikcom"
"1645349146235379712","2023-04-10T08:53:00.000Z","10","Tak hanya di kotak amal, pria misterius ini menempelkan QRIS 'palsu' alias nomor rekening pribadi pada dinding masjid. Total ada 20 stiker QRIS palsu yang ditempel. https://t.co/7c0jYswURh","1645349146235379712","","","in","","0","2","3","https://x.com/detikcom/status/1645349146235379712","69183155","detikcom"
"1645347922832416768","2023-04-10T08:48:08.000Z","0","Beredar rekaman CCTV seorang pria menempelkan QRIS palsu di Masjid Nurul Iman Blok M Square Jakarta Selatan pada Kamis (6/4/2023). https://t.co/6alDyH0A4h","1645347922832416768","","","in","","0","0","0","https://x.com/Bisniscom/status/1645347922832416768","118646322","Bisniscom"
"1645341874557960193","2023-04-10T08:24:06.000Z","20","QRIS palsu ditempelkan di kotak amal yang tersebar di penjuru masjid. Tak tanggung-tanggung, sudah ada 50 stiker QRIS palsu yang ditempel. #newsupdate #update #news #text https://t.co/nMZXeequuG","1645341874557960193","","","in","","4","5","24","https://x.com/kumparan/status/1645341874557960193","759692754985242625","kumparan"
"1645331142047047681","2023-04-10T07:41:27.000Z","34","Pasang Stiker QRIS Palsu di Kotak Amal Masjid Nurul Iman, Ini Inisial Pelaku Bertubuh Tambun
https://t.co/MaMtx2dFE1","1645331142047047681","","","in","","0","7","14","https://x.com/geloraco/status/1645331142047047681","3319260420","geloraco"
"1645247458732044290","2023-04-10T07:36:03.000Z","84","@SeputarTetangga Tau kan sekarang kenapa kalo berbuat baik itu sekarang susah? Kemarin ada kasus barcode QRIS palsu di kotak amal masjid, sekarang kasus pencurian motor &amp; penculikan anak dibawah umur (sebenernya butuh motornya aja sih).

Apapun itu, saran gue pikir 10x sebelum nolongin orang.","1645329783893671936","","SeputarTetangga","in","","0","0","6","https://x.com/creamfie/status/1645329783893671936","1298656880470839296","creamfie"
"1645328006737690624","2023-04-10T07:29:00.000Z","11","Pria misterius menempelkan QRIS dengan nomor rekening pribadinya pada kotak amal di sebuah masjid di Jaksel. Begini penampakan barcode QRIS palsu itu. https://t.co/nuEDymw4iC","1645328006737690624","","","in","","0","1","0","https://x.com/detikcom/status/1645328006737690624","69183155","detikcom"
"1645324180546813953","2023-04-10T07:13:47.000Z","4","20 stiker QRIS palsu terpasang di Masjid Nurul Iman Blok M Square https://t.co/JUcuShZJA8","1645324180546813953","","","in","","0","1","0","https://x.com/republikaonline/status/1645324180546813953","22126902","republikaonline"
"1645323728639729664","2023-04-10T07:12:00.000Z","40","Pria misterius menempelkaan QRIS palsu pada kotak amal Masjid Nurul Iman Blok M Square. QRIS yang banyak ditempel itu ditujukan untuk 'Restorasi Masjid' di Medan. https://t.co/HH2Tt0cyJd","1645323728639729664","","","in","","1","4","25","https://x.com/detikcom/status/1645323728639729664","69183155","detikcom"
"1645321464021753856","2023-04-10T07:03:00.000Z","1","Pria misterius menempelkan QRIS pribadinya pada kotak amal di sebuah masjid di Jaksel. Seorang jemaah diketahui telah mengirimkan dana ke QRIS palsu tersebut. https://t.co/6OunL8oQor","1645321464021753856","","","in","","0","0","1","https://x.com/detikcom/status/1645321464021753856","69183155","detikcom"
"1645317030827159553","2023-04-10T06:45:23.000Z","190","""Mohon waktu sedang kami cek,"" kata Kompol Panji Ali Kapolsek Pancoran menanggapi viralnya maling kotak amal dengan cara ganti QRIS palsu. Polisi akan mengecek dulu terkait kebenaran video tersebut. https://t.co/NfvNhQYW84","1645317030827159553","","","in","","1","13","33","https://x.com/mazzini_gsp/status/1645317030827159553","1226038913707282433","mazzini_gsp"
"1645316863554121728","2023-04-10T06:44:43.000Z","0","Kronologi Viral Qris Palsu di Kotak Amal Masjid di Jaksel https://t.co/A934NfTUsW","1645316863554121728","","","in","","0","0","0","https://x.com/merdekadotcom/status/1645316863554121728","456426648","merdekadotcom"
"1645092967399718912","2023-04-10T06:43:15.000Z","11","@tanyarlfes Tanggapan Kapolsek Pancoran, Kompol Panji Ali  terkait viralnya maling kotak amal dengan cara ganti QRIS palsu. Polisi akan mengecek dulu terkait kebenaran video tersebut.
""Mohon waktu sedang kami cek,"" kata https://t.co/NfvNhQYW84","1645316493071245314","","tanyarlfes","in","","0","0","0","https://x.com/mazzini_gsp/status/1645316493071245314","1226038913707282433","mazzini_gsp"
"1645315821974200321","2023-04-10T06:40:35.000Z","2","Penipuan Baru, Barcode QRIS Palsu Di Masjid 
#Penipuan #QRIS #Masjid 
https://t.co/U6yxlNKNuq lewat @selularid","1645315821974200321","","","in","","0","1","0","https://x.com/SelularID/status/1645315821974200321","57223495","SelularID"
"1645315734040346633","2023-04-10T06:40:14.000Z","2","Tak Hanya Masjid Nurul Iman, Pelaku Diduga Pasang QRIS Palsu di Sejumlah Masjid https://t.co/c4xV5l5eWB","1645315734040346633","","","in","","0","1","0","https://x.com/Beritasatu/status/1645315734040346633","154102750","Beritasatu"
"1645314944072810499","2023-04-10T06:37:05.000Z","2","Aksi penggantian atau penempelan kode QRIS palsu oleh terduga pelaku sempat terekam. https://t.co/8cMHRZaofF","1645314944072810499","","","in","","0","0","2","https://x.com/republikaonline/status/1645314944072810499","22126902","republikaonline"
"1645306921585635329","2023-04-10T06:05:13.000Z","0","Habibi Katin selaku Sekretaris DKM Masjid Nurul Iman mengungkap QRIS ditempel sejak 6 April 2023. Jemaah ada yang tertipu infak melalui QRIS palsu itu. #newsupdate #update #news #text https://t.co/7IZjHRWYGC","1645306921585635329","","","in","","0","0","0","https://x.com/kumparan/status/1645306921585635329","759692754985242625","kumparan"
"1645305424554635264","2023-04-10T05:59:16.000Z","50","Kode batang (barcode) QRIS yang terintegrasi dengan 12 kotak amal di Masjid Agung Al-Azhar, Jakarta Selatan, diganti dengan barcode palsu oleh seorang pria.

Setidaknya ada 2 rekening QRIS palsu yang ditempel oleh terduga pelaku. &lt; #Megapolitan #QRIS
https://t.co/GdBNkypJzk","1645305424554635264","","","in","","26","6","22","https://x.com/kompascom/status/1645305424554635264","23343960","kompascom"
"1645257448121573377","2023-04-10T05:34:01.000Z","2","@WagimanDeep212_ @DivHumas_Polri Ini Tampang Pelaku yang Tempelkan Barcode QRIS Palsu di Kotak Amal Masjid!
https://t.co/uSEMUSJjvr","1645299070477688833","","WagimanDeep212_","in","","0","1","2","https://x.com/okezonenews/status/1645299070477688833","47274731","okezonenews"
"1645298685918740480","2023-04-10T05:32:29.000Z","1","Viral Pria Pasang QRIS Palsu Kotak Amal Masjid Blok M, Polisi Selidiki Pelaku https://t.co/Wkgrb9f1Wp","1645298685918740480","","","in","","0","0","0","https://x.com/Beritasatu/status/1645298685918740480","154102750","Beritasatu"
"1645071096528666630","2023-04-10T05:31:43.000Z","3","@TechmenID Ini tampang pelaku yang tempelkan barcode QRIS palsu di kotak amal masjid..
https://t.co/uSEMUSJjvr","1645298494230663168","","TechmenID","in","","0","2","3","https://x.com/okezonenews/status/1645298494230663168","47274731","okezonenews"
"1645269640275456000","2023-04-10T05:31:06.000Z","7","@BangEdiii Ini tampang pelaku yang tempelkan barcode QRIS palsu di kotak amal masjid..
https://t.co/uSEMUSJjvr","1645298338148012032","","BangEdiii","in","","1","1","3","https://x.com/okezonenews/status/1645298338148012032","47274731","okezonenews"
"1645291131067064320","2023-04-10T05:02:28.000Z","15","Warganet dihebohkan dengan ulah seseorang yang memasang QRIS palsu.  Selain di Masjid Nurul Iman di Blok M Square, pelaku ternyata juga memasang QRIS palsu di Masjid Nurullah, Kalibata, Jakarta Selatan. #ModusPenipuan #KotakAmal 

https://t.co/eRFB3ZERLO https://t.co/Vzb8MBdMBc","1645291131067064320","https://pbs.twimg.com/media/FtU_kHEaQAAcBwJ.jpg","","in","","1","6","14","https://x.com/republikaonline/status/1645291131067064320","22126902","republikaonline"
"1645092967399718912","2023-04-10T03:14:04.000Z","61","@mhabibieih @suryabi @tanyarlfes Udah bang. Emang tukang nipu, dia kabur dari medan. Sebelum ke jakarta, abis dari bandung. Skg pake mobil plat bodong. 

Bahkan di istiqlal juga ditempelin qris palsu","1645263853121585156","","mhabibieih","in","","0","1","0","https://x.com/loghanaja/status/1645263853121585156","867087736687042561","loghanaja"
"1645092967399718912","2023-04-10T01:55:35.000Z","9","@suryabi @tanyarlfes kalo ngga ""se educated"" ini, ngga kepikiran buat bikin qris palsu","1645244100067885056","","suryabi","in","","0","1","2","https://x.com/kumooro/status/1645244100067885056","358057418","kumooro"
"1645081138300604433","2023-04-09T15:08:02.000Z","266","Hati hati .. terutama para DKM Masjid .. telah terjadi modus penipuan mengganti barcode qris kotak amal masjid Nurul Iman Blok M Square Jakarta Selatan Lt 7

slide 2 Qris Palsu ,slide 3 qris asli https://t.co/NmdOg3ma99","1645081138300604433","https://pbs.twimg.com/ext_tw_video_thumb/1645081066234056705/pu/img/sRTt06Ruv2b0fAFH.jpg","","in","","53","31","167","https://x.com/goodreligion_id/status/1645081138300604433","1367484337256554499","goodreligion_id"
