id,replyCount,likeCount,publishedAt,authorName,text,isReply,isReplyTo,isReplyToName
UgxwhYXVrGaQwQkZon94AaABAg,38,1953,"2025-06-16 15:12:48",@NessieJudge,"HAHHAA SIAPA YANG KAGET TENTANG PAPA JUDGE?!",0,,
UgxwhYXVrGaQwQkZon94AaABAg.AJRLi-3BKsaAJRLpfsEObR,,48,"2025-06-16 15:13:51",@tiaranovianr3632,☝🏻☝🏻☝🏻,1,UgxwhYXVrGaQwQkZon94AaABAg,@NessieJudge
UgxwhYXVrGaQwQkZon94AaABAg.AJRLi-3BKsaAJRLrFLQWJ9,,82,"2025-06-16 15:14:04",@dianas_,"lucu bgt papa judge❤😂",1,UgxwhYXVrGaQwQkZon94AaABAg,@NessieJudge
UgxwhYXVrGaQwQkZon94AaABAg.AJRLi-3BKsaAJRMp_wplwm,,49,"2025-06-16 15:22:35",@mamasupi-e6n,"Aku udah ga punya papa tapi kalo melihat sekilas papa km imut ness, ceria, bertenaga dan masih bersemangat. Doa terbaik bagi papa dan keluargamu dan setiap orang yang baca ini ❤",1,UgxwhYXVrGaQwQkZon94AaABAg,@NessieJudge
UgxwhYXVrGaQwQkZon94AaABAg.AJRLi-3BKsaAJRQzqy11i1,,26,"2025-06-16 15:58:56",@tresnamuslim,"Kaget bgt lg dandan langsung ""lah itu papanya nessie"" wkwkw",1,UgxwhYXVrGaQwQkZon94AaABAg,@NessieJudge
UgxwhYXVrGaQwQkZon94AaABAg.AJRLi-3BKsaAJRVXjt-gQ2,,4,"2025-06-16 16:38:39",@sleeptzzyy,"Oalaah ternyata",1,UgxwhYXVrGaQwQkZon94AaABAg,@NessieJudge
UgxwhYXVrGaQwQkZon94AaABAg.AJRLi-3BKsaAJRVzRUbOeT,,2,"2025-06-16 16:42:34",@nadyafadhilah1665,Sayaaa,1,UgxwhYXVrGaQwQkZon94AaABAg,@NessieJudge
UgxwhYXVrGaQwQkZon94AaABAg.AJRLi-3BKsaAJRZ-G998R2,,4,"2025-06-16 17:08:54",@firmansyahgmnf,"Salfok ma thumbnailnya😅",1,UgxwhYXVrGaQwQkZon94AaABAg,@NessieJudge
UgxwhYXVrGaQwQkZon94AaABAg.AJRLi-3BKsaAJRZd5rbR1b,,3,"2025-06-16 17:14:28",@annisapumpe6377,"NGAKAK DAN KAGET🤣",1,UgxwhYXVrGaQwQkZon94AaABAg,@NessieJudge
UgxwhYXVrGaQwQkZon94AaABAg.AJRLi-3BKsaAJRfa7j7kvw,,28,"2025-06-16 18:15:14",@mbabro1416,"Khas bapak kalau Gedeg sama orang Btw ka koleb sama Nadia omara dong",1,UgxwhYXVrGaQwQkZon94AaABAg,@NessieJudge
UgxwhYXVrGaQwQkZon94AaABAg.AJRLi-3BKsaAJS80gqhvOP,,8,"2025-06-16 22:32:24",@Ummu_Dhiita,"Q g punya tiktok... jadi g tau ada video papanya nessie",1,UgxwhYXVrGaQwQkZon94AaABAg,@NessieJudge
UgxwhYXVrGaQwQkZon94AaABAg.AJRLi-3BKsaAJSAl2KoO2r,,11,"2025-06-16 22:56:21",@iffahdr,"Saran Nessie, Next jangan pernah ngangkat telpon dari nomor yang tidak dikenal. Bahaya, mereka bisa merekam suara kita dan mengolah suara kita untuk menipu orang-orang di kontak atau orang terdekat kita. Sudah ada kejadian seperti ini dialami almarhum ayahku dua kali dan beberapa teman ibuku. Alhamulillah, waktu itu kami sebagai anak sadar alau yg nelpon ayah waktu itu bukan teman ayah. Aku tidak pernah angkat telp dari nomor yg tak dikenal, kalau itu emang teman atau saudara pasti mereka bakal kirim text.",1,UgxwhYXVrGaQwQkZon94AaABAg,@NessieJudge
UgxwhYXVrGaQwQkZon94AaABAg.AJRLi-3BKsaAJSEoXH_OVZ,,0,"2025-06-16 23:31:47",@umma_salsabilla,"Tenang kak ​@Ummu_Dhiita😅kamu GK sendirian koq😂😂",1,UgxwhYXVrGaQwQkZon94AaABAg,@NessieJudge
UgxwhYXVrGaQwQkZon94AaABAg.AJRLi-3BKsaAJSFMYsgh9s,,15,"2025-06-16 23:36:33",@joaninhadasilva8433,"Kak Nadia Omara itu Nerrorist yg jadi YouTuber.. Semoga bisa kolab sama kak Nessie",1,UgxwhYXVrGaQwQkZon94AaABAg,@NessieJudge
UgxwhYXVrGaQwQkZon94AaABAg.AJRLi-3BKsaAJSGU0Eb1bX,,4,"2025-06-16 23:46:19",@Funny_Fannie,"aku😂 pantes kok kayak familiar, kayak mirip siapaaa gitu😅",1,UgxwhYXVrGaQwQkZon94AaABAg,@NessieJudge
UgxwhYXVrGaQwQkZon94AaABAg.AJRLi-3BKsaAJSKbUaW0jD,,0,"2025-06-17 00:22:25",@nekonanimo7084,"go papa! wkwkwkwk",1,UgxwhYXVrGaQwQkZon94AaABAg,@NessieJudge
UgxwhYXVrGaQwQkZon94AaABAg.AJRLi-3BKsaAJSNDsRpKE0,,2,"2025-06-17 00:45:17",@helmysurachman6749,"di Tiktok msh ada nih penipuan begini, cuma admin tiktok selalu bilang ga ada penipuan.",1,UgxwhYXVrGaQwQkZon94AaABAg,@NessieJudge
UgxwhYXVrGaQwQkZon94AaABAg.AJRLi-3BKsaAJSO8pF85yf,,1,"2025-06-17 00:53:19",@edogawaconan3975,"lucu bet",1,UgxwhYXVrGaQwQkZon94AaABAg,@NessieJudge
UgxwhYXVrGaQwQkZon94AaABAg.AJRLi-3BKsaAJSRkbSId_z,,3,"2025-06-17 01:24:50",@twlghtzn,"rasanya langka banget ngelihat parents yg ngerti scamming, good job papa judge",1,UgxwhYXVrGaQwQkZon94AaABAg,@NessieJudge
UgxwhYXVrGaQwQkZon94AaABAg.AJRLi-3BKsaAJSZS-WtGJy,,0,"2025-06-17 02:32:04",@awleadniven,aku😂😂😂,1,UgxwhYXVrGaQwQkZon94AaABAg,@NessieJudge
UgxwhYXVrGaQwQkZon94AaABAg.AJRLi-3BKsaAJSaamzb-2N,,1,"2025-06-17 02:50:52",@panda_bear8315,"Trnyata Papa nya lucu jga😂",1,UgxwhYXVrGaQwQkZon94AaABAg,@NessieJudge
UgxwhYXVrGaQwQkZon94AaABAg.AJRLi-3BKsaAJSgwcvCglN,,0,"2025-06-17 03:46:17",@ekakurniawan1602,"Papa kamu keren kak ness 😂",1,UgxwhYXVrGaQwQkZon94AaABAg,@NessieJudge
UgxwhYXVrGaQwQkZon94AaABAg.AJRLi-3BKsaAJSmPfhLGf8,,0,"2025-06-17 04:34:05",@furrcattss,SPEECHLESS,1,UgxwhYXVrGaQwQkZon94AaABAg,@NessieJudge
UgxwhYXVrGaQwQkZon94AaABAg.AJRLi-3BKsaAJSzjuIqLf1,,0,"2025-06-17 06:30:34",@ekaeka1475,"Kak Nessi.. Tolongin saya kena penipuan uang dari luar negeri.. Mau lapor polisi, mesti pake uang lagi..🙏",1,UgxwhYXVrGaQwQkZon94AaABAg,@NessieJudge
UgxwhYXVrGaQwQkZon94AaABAg.AJRLi-3BKsaAJT1LDAlb_7,,0,"2025-06-17 06:53:17",@dndazhn,"pantesan kaya mirip siapa gitu",1,UgxwhYXVrGaQwQkZon94AaABAg,@NessieJudge
UgxwhYXVrGaQwQkZon94AaABAg.AJRLi-3BKsaAJT7PXKSqjt,,0,"2025-06-17 07:46:18",@ramonakdewi7005,Ohhhh,1,UgxwhYXVrGaQwQkZon94AaABAg,@NessieJudge
UgxwhYXVrGaQwQkZon94AaABAg.AJRLi-3BKsaAJTP0aUbZ7V,,0,"2025-06-17 10:20:11",@Laksana4758,"Galak papanya😮",1,UgxwhYXVrGaQwQkZon94AaABAg,@NessieJudge
UgxwhYXVrGaQwQkZon94AaABAg.AJRLi-3BKsaAJTVABiCm6g,,0,"2025-06-17 11:13:55",@princesbiru9818,"Siapa sangka haha",1,UgxwhYXVrGaQwQkZon94AaABAg,@NessieJudge
UgxwhYXVrGaQwQkZon94AaABAg.AJRLi-3BKsaAJTfCJoLEkY,,0,"2025-06-17 12:50:20",@giverkamponang,☝️,1,UgxwhYXVrGaQwQkZon94AaABAg,@NessieJudge
UgxwhYXVrGaQwQkZon94AaABAg.AJRLi-3BKsaAJTvX9qnHGc,,0,"2025-06-17 15:12:59",@a3kidsfamily373,"Pernah nonton video ini, dan ga engeuh samsek kalo itu papanya nessi3😂",1,UgxwhYXVrGaQwQkZon94AaABAg,@NessieJudge
UgxwhYXVrGaQwQkZon94AaABAg.AJRLi-3BKsaAJXuiS5pjj_,,0,"2025-06-19 04:22:53",@librarysdhmakassar4715,"dah liat duluan dan ngakak banget pas bilang cabut gigi tapi ga tau itu siapa. ternyata eh ternyata. hahaha ga nyangka aja tiba tiba dikasih tau papa siapa. dunia memang sempit ya ges ya.",1,UgxwhYXVrGaQwQkZon94AaABAg,@NessieJudge
UgxwhYXVrGaQwQkZon94AaABAg.AJRLi-3BKsaAJ_yjjcSUJS,,0,"2025-06-20 08:55:44",@RestuSrirahayu-d3l,☝️☝️,1,UgxwhYXVrGaQwQkZon94AaABAg,@NessieJudge
UgxwhYXVrGaQwQkZon94AaABAg.AJRLi-3BKsaAJeQKwnq1pb,,0,"2025-06-22 02:22:35",@Edotriono-l7x,"Papa nya lagi buka puasa. Mantab",1,UgxwhYXVrGaQwQkZon94AaABAg,@NessieJudge
UgxwhYXVrGaQwQkZon94AaABAg.AJRLi-3BKsaAJiM1GcxaYG,,0,"2025-06-23 15:01:55",@indahDiamond,"PAPA yg sangat JUDGE 😲",1,UgxwhYXVrGaQwQkZon94AaABAg,@NessieJudge
UgxwhYXVrGaQwQkZon94AaABAg.AJRLi-3BKsaAKkJzDJ7SZB,,0,"2025-07-19 05:53:53",@PutriLibra-m3q,"Di Indonesia ada yang pakai video pak prabowo buat jualan seprei tempat tidur",1,UgxwhYXVrGaQwQkZon94AaABAg,@NessieJudge
UgxwhYXVrGaQwQkZon94AaABAg.AJRLi-3BKsaAM-4vTRfI7W,,0,"2025-08-19 05:21:33",@MAMAKNYAPANDA,"Kak nessie maaf bertanya,kak nessie beragama apa? Kok itu bapak kaka berbuka puasa,soalnya aku ngiranya kak nessie itu nonis",1,UgxwhYXVrGaQwQkZon94AaABAg,@NessieJudge
UgxwhYXVrGaQwQkZon94AaABAg.AJRLi-3BKsaAO-ubeFoe2I,,0,"2025-10-08 06:04:45",@hhllwa,"Kak aku punya cerita.. lucu dan drama bgt wkwkwkw... Soal scam.. dan aku berhasil tau kalau dia scam itu kurang dri seminggu... Wkwkwk",1,UgxwhYXVrGaQwQkZon94AaABAg,@NessieJudge
UgxwhYXVrGaQwQkZon94AaABAg.AJRLi-3BKsaAV_ww-Q7Li0,,1,"2026-04-14 14:56:40",@Thanos-x7s,"​@mbabro1416 gak suka beda kelas bagusan Nessie",1,UgxwhYXVrGaQwQkZon94AaABAg,@NessieJudge
UgxwhYXVrGaQwQkZon94AaABAg.AJRLi-3BKsaAW85izFXx_I,,0,"2026-04-28 06:35:41",@HURUQU,"😂 bapanya serem juga ya, itu bagai mana ya pas pertama kali suaminya ketemu pertama kali",1,UgxwhYXVrGaQwQkZon94AaABAg,@NessieJudge
UgyPzvVU1f86tPcN4xp4AaABAg,0,1,"2026-05-02 05:58:40",@khayanmansur,"Ternyata orang luar negeri ada juga yg lugu gini ya, kirain cuma orang kita aja yg masih banyak yg polos.😂",0,,
UgxT23YEvmaizlh-FyN4AaABAg,0,0,"2026-04-01 03:49:19",@CahyaAp-q3d,"sering banget kak liat rafi ahmad sma kdm promo judol dewi 11🤭🤣🤣",0,,
UgyLcI4J_7_QCtgYiTJ4AaABAg,0,0,"2026-03-26 17:12:00",@Bang-Brutus,"0:59 asalamualaikum om.... sehat om...?",0,,
UgxuxPl3bln3WoeCaxB4AaABAg,0,0,"2026-03-23 23:26:52",@frosedhiana192,"25:50 duh SERING BANGET KA IKLAN SCAM BANYAK BANGET HAMPIR SEMUA ARTIS SULTAN POKOKNYA..",0,,
UgwpcJA7oCdaMiVHtQ14AaABAg,0,1,"2026-03-23 22:59:04",@frosedhiana192,"KAK NONTON BEEKEEPER GAK? INI FILM TENTANG PARA PENIPU SCAM.",0,,
UgxFcPlpdtXx5ldX8BN4AaABAg,0,0,"2026-03-22 16:37:37",@sayourmayour,"Aku nerorist dari 2017, aku mau kasih masukan kak, maaf bgt sebelumnya, dr dulu aku gemes bgt sama hair style kk. Kyknya ga usah di aneh2in deh kak. lebih baik kalo styling biasa aja kyknya, soalnya jadi salfok nontonnya. Maaf ya kak 😭🙏",0,,
UgwdMmtndcKPTvdRWcJ4AaABAg,1,0,"2026-03-20 02:40:22",@Fans.pagent,"Pengalaman aku di telpon orang mengaku polisi😂 katanya temen aku tabrakan padahal temen aku sendiri bareng aku lagi ngopi, alhasil biasa minta duit😂 gue pura2 bilang aja hubungi keluarga nya jangan saya blabla, eh yg nelpon malah emosi ngatain anj 😂",0,,
UgwdMmtndcKPTvdRWcJ4AaABAg.AUZFnIYyOuVAUZKY_5r_g2,,0,"2026-03-20 03:21:54",@ginagraeny183,"Ya kadang ngaku anak kita ditangkep gak bawa SIM, heleh ngadi ngadi..",1,UgwdMmtndcKPTvdRWcJ4AaABAg,@Fans.pagent
Ugzo6iaT3xYvlW0y92J4AaABAg,0,0,"2026-03-10 10:46:39",@chris-q4v8j,"Waduh relate bgt lagi 🤣🤣🤣",0,,
UgzFYE3TEbp1SiX4uDx4AaABAg,0,0,"2026-02-14 16:45:27",@kenz-b5p7l,"Sy org itu guys.cam mane marah tak🤭😁😝💕",0,,
UgzfVeekANLeFZCL0cB4AaABAg,0,1,"2026-02-13 03:21:06",@NurvitaSari-gh8xr,"Aku setuju Ai dihilangkan😅",0,,
UgwKpqmw1YRwHbegqe54AaABAg,0,1,"2026-02-13 03:19:24",@NurvitaSari-gh8xr,"Jadi ingat tanteku yg bilng KLO dia berteman dgn Nikita Wily di group FB 😢 udah aku jelasin itu nipu tapi tetep aja kekeh percaya",0,,
Ugyj7qcL2Deq1X56Nrp4AaABAg,0,2,"2026-02-08 04:50:26",@koperhitam-v9t,"hampir aja papaku jadi korbannya, fyi papaku ini baru"" ini punya whatsapp nah tiba"" ada yang chat nomornya dia dan bilang bahwasannya papa aku dapat bantuan tapi persyaratannya itu harus foto nunjukin ktp, nah karena papaku ini masih kurang paham jadilah dia minta tolong sama babysitter kakak saya. Waktu itu si mba bingung dong terus ditanya buat apaan terus ditunjukin sama ppa aku chat nya dan disitu si mba langsung bilang kalo itu penipuan tapi karena ppa aku ini orangnya keras kepala dia tetap ngotot kalo itu beneran sampe akhirnya si mba nelpon kka saya dan akhirnya kka saya sendiri yang jelasin kalo itu penipuan🤦‍♀️🤦‍♀️. Papa aku juga pernah mengira kalau video prabowo bagi"" sembako itu beneran, tapi waktu itu aku kasih tau kalo itu cuma AI😭",0,,
UgwAPUEvKM3aWDYLUHp4AaABAg,0,0,"2026-01-30 06:59:11",@anakmamah65,"Itu yang di Indonesia kok dendanya gede yaa padahal dapetnya cuman 65 juta yang 271 T kecil amat dendanya kok bedaa yaa? Ayolahh kak nes bahas hukum di Indonesia ini",0,,
UgxsY68EgMdOx_kaFSl4AaABAg,0,0,"2026-01-26 22:04:51",@niniksukatini94,"jgn percaya media 1000% apalagi saat pemilihan presiden kita harus cerdas apa arti kata wayahe. apa gak gila ini.",0,,
Ugwvjpzcmhb6EdMljAF4AaABAg,0,0,"2026-01-25 22:58:11",@bxbsmalalwi,"Jir gw juga nemu itu yg panci tp chef renata sama juna",0,,
UgxIksLkgquBjQ0CNhN4AaABAg,0,1,"2026-01-22 18:28:24",@uneducatedvano,"halo mok",0,,
Ugzz36v-6EBs5e2p-Jp4AaABAg,0,0,"2026-01-16 01:43:09",@zzzet99,"kasihan bgt",0,,
UgwqTiZRCk2vVbgcR-l4AaABAg,0,0,"2026-01-13 16:54:48",@boejes3355,"Sudah tentu AI itu berbahaya dan harusnya pemerintah melakukan pelarangan dan pemblokiran terhadap aplikasi AI di republik ini sebelum akibat negatifnya makin besar dan kemana mana ! karna saya pun sekarang sedang berfikir untuk menggunakan aplikasi ini ke hal negatif🙏jadi tolong pemerintah untuk mengambil langkah tegas dalam hal ini🙏",0,,
Ugxfu3aZPD2OqRcoTB94AaABAg,0,0,"2026-01-12 12:28:44",@melonteacat3492,"Yang bantuan pemerintah ma ga heran banyak yang ketipu 😂 dibego""in ""habib"" Aja percaya 100%",0,,
UgxDNNsRV81rzBoRd454AaABAg,0,1,"2026-01-11 18:52:04",@mikochanart6798,"Jaman ai, jaman paling menjijikkan dan najis dalam hidupku, dulu sebelum ada ai ga separah kasusnya, penipu merajalela, dan ai juga digunakan untuk hal yang tidak senonoh, aku benci bangettt sama ai!!!!!!!!",0,,
UgzhuNB2Az4wQD5oLAN4AaABAg,0,0,"2026-01-09 11:48:12",@SiennaPutrie,"kaget bgt pas kk blg ""itu papa ku"". dan aku baruu tauuu. so crazy",0,,
UgyikIUZUhc0vCjz2rN4AaABAg,0,0,"2026-01-09 06:37:56",@mohammadichsan3371,"SIAPA AJA KORBAN NOAH ?? YG DITIPU SAMA NITG/NOAH DAN NIS (NOAH INDONESIA SEJAHTERA), DINDIN DAN KAWANAN RAMPOK LAINNYA.... SILAHKAN BALAS DISINI !!!",0,,
UgwsQtsQjZvTEr0KN-J4AaABAg,0,0,"2026-01-08 21:51:53",@Araymusic3,"Mohon bantuannya bapak /ibu,kk,abang, saudara/saudari semuanya para conten creator. saya adalah salah 1 dr sekian banyak ribuan korban penipuan investasi NOAH(dulunya bernama NITG). Kontrak kami disuruh menunggu 135 hari, sampai sekarang belum dibayarkan.Kerugian saya hingga puluhan juta rupiah bahkan ada mitra lainnya hingga seperempat milyar rupiah.Tolong dibantu viralkan kasus ini,agar pelaku segera tertangkap dan tidak ada korban lagi. #Trendingtopic #penipuanNOAH #OJKtindakNOAH #DindinSaepudinPenipuNOAH #DindinSaepudinExTukangLelePenipu #JajaranTerlibatPengurusNOAH #NOAHadalahNITG #scamNOAHinvestasiBodongOJK #NoViralNoJusticeOJK #OJKkamiKorbanNOAH #KomdigiStopBisnisPonzi #BekukanMoneyGameOJK #PakPrabowoTindakNOAHpak #noahgagalbayar135 #satgaspasti",0,,
UgyUKJ1O8CbfuJEew3V4AaABAg,0,0,"2026-01-08 07:39:51",@MilaFransisca-q7p,"Apa cuma gw yg gak tertarik sama giveaway",0,,
UgxwJGWh-yy-7PXbJ_Z4AaABAg,0,0,"2026-01-07 14:33:14",@fadhilajunaidi1686,"Aku pernah kena yg mirip sama kasus yg wajan tadi itu. Bedanya produknya korset. Iklannya korset yg emg bagus banget, emg harga 100++. Pas banget juga cuman disediain pembayaran COD juga. Pas paketnya sampai, yg dtg malah semacam tanktop munafie, yg pas di cek harganya gak sampai 30k malah bahkan ada yg jual cuma harga belasan",0,,
Ugw1RbIP3C3kqDePKsl4AaABAg,0,0,"2026-01-06 04:50:43",@meandmygreen-7,"13:28 mana sprei gratisnya wok💔",0,,
UgxHDfXjNXK-xfYgInd4AaABAg,0,0,"2026-01-02 10:37:01",@Soul-Seasons,:-D,0,,
UgzazgWqLsdwdjnDRMJ4AaABAg,0,0,"2025-12-31 12:01:47",@rigaldinyk,"pernah liat ai raffi ahmad & baim wong seliweran di fb, yg mna isinya mak2 semua😩",0,,
UgxRC1M0ESKbgZ-tkfp4AaABAg,0,1,"2025-12-22 10:53:11",@matthewwang51,"I once won a car giveaway but they asked me to transfer 700 million.",0,,
UgxE_h3a0l8nwNebGP94AaABAg,0,1,"2025-12-22 10:43:27",@matthewwang51,"Cybercrime AI",0,,
UgwuZ7yTlidVA7bJnBR4AaABAg,0,0,"2025-12-17 10:14:07",@mi_iitaa,"10:20 aku pernah menang give away album NCT Dream Beatbox hihi",0,,
UgyazWQ3pwpI0ymtYX14AaABAg,0,0,"2025-12-15 14:40:22",@sivvale,"papa ku dulu sering banget kena penipuan lewat telepon,yaallah kalo inget kasian bgt tapi alhamdulillah ga kena tipu dalam jumlah yang banyak,tapi tetep aja kasian namanya orangtua tu kurang melek teknologi jadi gampang banget ketipu😭",0,,
Ugy4pT4qHP-tHT9RKxB4AaABAg,0,0,"2025-12-15 06:32:25",@sampurno1316,"AI adalah DAJJAL.",0,,
UgyPWp5GRrm_QhO5_vZ4AaABAg,0,0,"2025-12-09 14:24:51",@lamtualumbanraja7610,"Sangat mengedukasi👍👍",0,,
Ugx27qi0FztOlPIXUxB4AaABAg,0,0,"2025-12-06 02:01:36",@andiyulianto7645,"ya dari transfer biaya admin ya bisa dilacak",0,,
UgzfLJWLBNQo8ln2idl4AaABAg,0,0,"2025-12-06 01:56:07",@andiyulianto7645,"dulu sebelum ada internet lewat surat lho para penipu ini mau modal",0,,
Ugx8K3z2TSlQT8Zzk-V4AaABAg,0,0,"2025-12-06 01:55:00",@andiyulianto7645,"give away aktor baim wong yg sering dulu",0,,
UgyF_AqUH2w2WyxtBYx4AaABAg,0,0,"2025-12-06 01:54:06",@andiyulianto7645,"yg ketipungini kebabyakan cewek,cz cowok jarang mah,cz gak.mungkin artis wanita DM orang biasa",0,,
UgxMJ37Sgj9fySLrhn54AaABAg,0,0,"2025-12-06 01:53:01",@andiyulianto7645,"lha transferannya masak gak ada nama ?",0,,
UgwgOXX2ZSi_vFMxOEx4AaABAg,0,0,"2025-12-05 01:19:53",@EpiEpi-b5v,"Bahaya bgt ibu² kalo main sosmed tuh 😢",0,,
UgyO6nI4R1lqDkLQhbh4AaABAg,0,1,"2025-12-03 04:59:16",@Biji_Kembar,"Spam judolpun pakai AI. Sekali dihapus semakin banyak yg muncul... Menjengkelkan banget... 🙄🙄🤔🤔🤔",0,,
UgydmzHHnz1ZmpNhsQp4AaABAg,0,0,"2025-11-19 08:20:52",@Zean_Alghean,😨,0,,
UgwnRF5-tfHE1sECPPJ4AaABAg,0,0,"2025-11-06 12:38:10",@ordinaryrandomshitguy,"kalo pada sering main facebook, banyak banget deepfake dari public figure, untuk promosi judol, dan yap, pelakunya ditangkap kah ?, i dont think so",0,,
UgzVCBpIT-NJ_Bx2c294AaABAg,0,0,"2025-11-02 15:32:17",@Juwita2326,"Aku pernah dapet dari baim wong😂",0,,
UgxhbTEI4_DLkfGn6EN4AaABAg,0,1,"2025-10-31 07:38:48",@Oscrr_jrry,"Aku prnah lihat papa kakak pas di telfon penipu",0,,
UgzlznS5CWLKLEdM-zh4AaABAg,0,0,"2025-10-28 03:48:35",@Erikayuliana-j7v4t,"aku juga korban penipuan online jugaa kerugian 11 juta kasus nya give away",0,,
UgyAezkn_8bSM9Bx8Np4AaABAg,0,0,"2025-10-27 12:43:30",@ninottuilan9572,"almarhum mami dulu hampir ketipu, untung Tuhan masih melindungi, ATM waktu itu tiba2 berubah jadi 6 number pinnya, dan dia 3x pencet pin yang masih 4 number, alhasil kartu ketelen dan si penipu pas balik nelpon rumah denger atm ketelen lagsung matiin telponnya pas pulang diceritain, pantes aja aku seharian mikirin mami di kantor, dulu mami belum ada HP makanya nelponin kerumah kok gak diangkat2 sy pikir beliau tidur taunya lagi geger di atm kartunya ketelan bete juga padahal udah diinfoin kasus2 penipuan beliau masih kena boong juga sekaligus ngakak sih, untung ada pas perubahan pin dari bank yng bikin kartu ketelen",0,,
UgxEjmQKsQuE9ImxFbB4AaABAg,0,0,"2025-10-23 11:40:59",@AmirAmir-g3p3o,"Mudus itu Kya gmna yah",0,,
Ugxbm9QxbXnbuFljVq54AaABAg,0,0,"2025-10-11 05:47:10",@CallmeR3i,"Penipu di mana2. Penipuan identitas dan penipuan investasi. Joshua Endy Hamonangan salah satunya. Google aja sesuai namanya. Dia penipu yang masih berkeliaran.",0,,
UgymEcmzuxYp7d1o5V54AaABAg,0,1,"2025-10-09 19:14:38",@kaumrevisi1860,"Invest pke uang dingin",0,,
UgzoCm2ogmT-3BTqXTZ4AaABAg,0,0,"2025-10-08 11:25:23",@panpanpan...........1,"yang iklan chef renata itu sempat keluar di fyp short ku beberapa kali tapi anehnya lagi media youtube tidak menyunting iklan yang akan ditampilkan kepada penonton jadi mempermudah para penipu",0,,
Ugx9vtf6lfWhq08m1fR4AaABAg,0,0,"2025-10-07 20:42:33",@hiddenechoes26,"Pernah banget kena modus beginian 😭 semenjak itu langsung gua pake Norton Mobile Security, aman deh sekarang.",0,,
UgwWIt3p5DgN69-f2nB4AaABAg,0,0,"2025-10-04 19:43:48",@dwikgani9819,"pernah menang giveaway voucher 2 jt erajaya 😅 hoky seumur hidup",0,,
UgzvUvgGA9gkp324WRJ4AaABAg,0,0,"2025-10-02 06:30:27",@bunhee6755,"Aku pernah jadi korban penipuan AI juga, padahal dari awal udah curiga, tapi entah kenapa bisa percaya aja. Dan si penipu ini effort banget buat meyakinkan sampai vidcall juga. Asli waktu itu belum tahu kalau AI bisa deep fake wajah pas vidcallan. Sampai sekarang tetap ga bisa ikhlas. Tapi mau dilaporin aja percuma, cuma dapat ceramah doang dari isilop.",0,,
UgwLNxyyj9fHwQsj9Lh4AaABAg,0,0,"2025-10-02 06:30:16",@Atte-q3j,"Paling banyak penipuan vc baim wong dan rafi ahmad",0,,
UgxckRxn_yvsCQBafKd4AaABAg,0,0,"2025-09-28 00:07:44",@tiarabdg9426,"bene ngeriiiiii......😢😢😢",0,,
UgzQHNrN1y5XInRb2514AaABAg,0,0,"2025-09-27 15:22:43",@kitkatenak,"10:27 tbtb keinget giveaway baim wong, akun fb mama ku sampe ke hack 😭",0,,
Ugzt6AkRnVm-vYVkxI54AaABAg,0,0,"2025-09-26 14:29:19",@rosieposie_11.26,.,0,,
UgwI0i8_VCv_MkPMrHd4AaABAg,0,0,"2025-09-17 19:35:47",@andratomy,"temanku hampir pernah kena tipu, berkedok dpat thr 10jt dri Baim wong😂 bermodalkan vc lngsung dgn bng baim,diapun lngsung prcaya bgtusaja, sy coba mnjlaskan klw itu adlah penipuan tp dianya tdk percaya,malah dia blng temannya prnah dpt lima jt😅 sy coba tnya sm dia, apa syratnya biar dpat 10jt, dianya bilng disuru kirim biaya admin 300rb utk uang kompensasi.",0,,
Ugxi768ErsFcriPMj-x4AaABAg,0,0,"2025-09-17 04:14:39",@samudgaming969,"Sampe sekarang pun iklan ai ini masih ada 😂. Kasusnya chef Renata SM chef Juna . Kemarin baru aja liat iklannya di yt",0,,
UgwHrVIxfkFvShXuNI94AaABAg,0,0,"2025-09-16 13:54:55",@yanayeni9049,"ih jadi sedih liat tanggapan orang orang tentang cerita anne, dan juga kita yg ngerti teknologi ini harus ngawasi org org terdekat kitaaa, soalnya ayahku aja nanya ke aku bener ngga ada kuda bersayap yg jatuh di indonesia yang pastinya hasil AI ituuu",0,,
UgxVYwVFqyJs66CAzP94AaABAg,0,0,"2025-09-13 10:42:50",@DesiPadang-c8p,"Sama ada satu Tante"" yg di lingkunganku percaya bangat sama iklan"" obat""an di tiktok kayak pupuk dan sebagainya..kami udah sampai bilang itu editan tapi dia tetap kekeh ya udalah 😅",0,,
UgxouhiKa5zLMFbUPaF4AaABAg,0,0,"2025-09-09 16:32:02",@amljlta290,"Pernah dapat giveaway dari kak jenny Fransisca (iPhone x dan 1 juta) ❤",0,,
UgyspsYPL-6EBGhbkdp4AaABAg,0,0,"2025-09-06 01:05:31",@mesa8615,"Dapet 65 milyar, denda 12 milyar. Bagaimana dengan korban ? Apakah uang nya balik ?",0,,
UgxsHTNWLOmE8F-pPzx4AaABAg,0,0,"2025-09-03 03:08:58",@bagusardeansyah9642,"9:16 love you juga mbak Nessie..btw bulan ini kaosmu tak beli ya",0,,
Ugyqv0JEeR9MiOhfrwt4AaABAg,0,0,"2025-09-02 13:55:32",@YohaniaChr,"Aku pernah juga kena scam, dan yapp aku lawan krna hampir di scam 1000 dollar Singapura..ya kalii mau",0,,
UgwF73zl4DhG7AxXdbt4AaABAg,0,0,"2025-08-31 06:18:37",@anisanderz,"Di tiktok lg viral fitler muka syahrini.. Ywla nenek2 aja bisa kefilter 😅😅😅",0,,
Ugw19x1r5jM1wzL0swx4AaABAg,0,0,"2025-08-28 11:58:25",@AlshaNurfatmelia,"Asliiii akhir² ini di Fac3b**k banyak banget iklan judol pake muka artis & influencer, udh di report berkali-kali muncul terus dengan akun beda², gila emang",0,,
UgzEm-TxlIvQPIo070B4AaABAg,0,0,"2025-08-28 11:47:49",@flowertulip245,"sering banget dapat spam call dari nomor tidak dikenal, waktu kita chat dan tanya ""INI DENGAN SIAPA?"" dia malah read doang. terus berberapa hari kemudian nomor itu spam call lagi. Jadi sekarang sudah pakai fitur untuk menonaktifkan panggilan dari nomor tidak dikenal.",0,,
Ugw2ugDMfmQIYUDqFGR4AaABAg,0,0,"2025-08-28 00:31:43",@SahlWidi,"Duli sering lihat video tiktok penipuan yang palai wajah tokoh"" Terkenal",0,,
Ugx8A8tNv3aOtp1ICP54AaABAg,0,0,"2025-08-26 15:02:59",@zaynmalik4727,"Mertuaku jug kena scam. Jokowi bagi bagi mukena😢 tp disuruh depo dulu 100k",0,,
UgxEkkU6P7oFE8Uv-y14AaABAg,0,0,"2025-08-25 16:48:42",@aico-von,"di ig sekarang banyak kak, lebih hati hati aja, dengan investasi di situs/kerja remote di rumah di suruh top up, tapi ga bisa di tarik disaat udah besar hasilnya",0,,
Ugz1kAcxShut_tTAAlR4AaABAg,0,0,"2025-08-25 14:36:36",@aprianadewi72,"Saya bisa ditelp pinjol sehari bisa lebih dari 10 kali...",0,,
UgwiwoagDwhCj_iP78p4AaABAg,0,0,"2025-08-25 10:49:38",@anakgoogle271,"MIRIP vokalis EVANESCENCE wajah kamu",0,,
UgwYrISCRtBjaXLX3ZN4AaABAg,0,0,"2025-08-22 15:56:40",@BonCabe-r5z,"Ahh mana ada rumusnya ibu mentri kita malah mau bantu rakyat? Kalo bisa mah rakyat d peres semua keringat darah sama roh²nya sekalian buat memakmurkan pejabat😂😂😂",0,,
UgyZsnmE-EkRDqE6Ik54AaABAg,0,0,"2025-08-20 13:18:34",@miyumicii,"Kesel banget ngasih tau mama ku kalo ini tuh penipuan,masih aja ngeyel untung dia ga paham pake WA jadi ga bisa ngirim no rekening 😂",0,,
UgwxHFVv1icNelVPtU14AaABAg,0,0,"2025-08-20 10:50:53",@yumebe3rry,"pas mau nnton iklan, nah iklan ny cici dong 😭 pas aj gitu sm"" AI wkkkk ttp smngt yaw ka",0,,
UgysBv0UFgrMY6E8FdB4AaABAg,0,0,"2025-08-20 04:58:26",@kimdanivlog1404,"Di indo iklan2 pinjol pake ai orang luar",0,,
Ugy9-uc3jrTh06UHJmB4AaABAg,0,0,"2025-08-19 05:20:39",@MAMAKNYAPANDA,"Kak nessie,,maaf bertanya, kak nessie itu agama nya apa kak?? Kok bapak nya kaka berbuka puasa, slma ini aku ngiranya kak nessie itu nonis",0,,
UgxAX3Km5EeOCYwSDIh4AaABAg,0,0,"2025-08-18 15:16:04",@Lughhh,"Jaman dimana banyak fitnah bertebaran, mudah buat adu domba orang, salah satu platform yang banyak ngasih berita hoax tuh Tiktok, mana isinya tiktok tuh orang"" yang emang langsung percaya tanpa cari info yang bener lagi",0,,
Ugw0Z3CCnqMXRH5v3EZ4AaABAg,0,0,"2025-08-18 03:30:02",@teooaswaraa,"Yg pak prabowo, gibran sama bu mul tu berasa kaya iklan pinjol",0,,
UgzzMhp2xdceN7CtNbh4AaABAg,0,0,"2025-08-14 23:54:40",@fardarahmani5578,"Sama modusnya kak sama apa yang dialami nenek saya yng gaptek. Udah hampir 300jt ludes dan love scamming dan dari bahasa nya jg agak kaku sepertinya ini sindikat sih kak.. Meresahkan banget karena pelaku nya masih berkeliaran di luar sana",0,,
Ugw9CWkf2_XEmWmHKSt4AaABAg,0,0,"2025-08-13 09:55:16",@SeptianiSanti-jw2qn,"Sudah nonton",0,,
UgxarQ1uH_mcWJ10jHh4AaABAg,0,0,"2025-08-11 08:06:39",@noclue687,"Sekarang nipu lewat telegram juga ada , malahan dia nantang EMG bisa ngelaporin ke polisi?",0,,
UgzdVaI_zFh5n3K1XS94AaABAg,0,0,"2025-08-11 07:25:35",@DietDazzle8,"ingat karena nyari duit di indonesia sulit belom lagi cueknya pemerintah pada banyaknya lamaran pekerjaan 19 juta yang masih nganggur , apa lagi pemimpin suka semena mena pada rakyat kecil menjadi seorang penipu adalah pekerjaan sah karena tuntutan hidup",0,,
UgxvbcocFSbaC-tzwvh4AaABAg,0,0,"2025-08-10 21:41:00",@fahrezzii_02,"0:44 Kamu nama nya siapa. wkwk asli ngakak",0,,
UgyxbaEH1wagE8_GlLV4AaABAg,0,0,"2025-08-09 14:46:09",@louisvillebahalwan9132,"Oh iyaaa itu yg chef Devina juga barusan beberapa hari deh kayaknya chef Renata juga kena, dengan metode yang sama yaitu gudangnya rusak kena banjir😭😭",0,,
UgxBlkZF9Jp-_GF7yaF4AaABAg,0,0,"2025-08-07 11:14:46",@angeldewi85,"Dimasa depan kita ga akan tau mana yg asli mana yg palsu lalgi di dunia maya. Semua akan terlihat asli dan palsu.",0,,
UgxJ3ffRO07Jy0D_OCJ4AaABAg,0,0,"2025-08-07 02:34:14",@fidywidjaya,"Ayah mertuaku udah umur 71th kan. Suka main Facebook, terus ada iklan sepeda listrik harga cuma 250k. Kayak gak masuk akal kan. Trs syaratnya suruh tf uang biaya kirim dulu 90rb. Ayah tanya aku mau beli lah, aku bilang ""yah itu penipuan"" tapi beliau gak percaya. Aku udah bilang 3x dan tetep kekeuh. Sama suami dibiarin aja karena emang beliau nih agak ngeyel (dulu pernah ketipu 70jt Tapi gak kapok). Tapi untungnya gak jadi. Nah terus kapan hari beliau nih beli batik di Facebook kan. Cod eh malah di kirim kaos kayak saringan tahu 😂 aku udah bilang kalau mau belanja bilang aku nanti aku yang cariin di shopee tapi ya kekeuh kan yaudah ketipu lagi dong. Aku bilang mbak ipar, akhirnya sama m ak ipar fcbook ayah di hapus 😂",0,,
Ugz0SnhhBXedzz-_6Rh4AaABAg,0,0,"2025-08-06 11:27:26",@candrabuoy,"yg baru, chef juna renatta arnold jualan alat masak karna pabriknya kena banjir, narasinya sama, beda wajah doang, yup foto yg d jadiin ai video se akan""2 jualan",0,,
Ugw-NzQkHpu9_aJiqXt4AaABAg,0,0,"2025-08-06 10:26:46",@Black_botak1,"HadEuh aku juga pernah di chat katanya ini nagita slavina asli dan ""selamat anda mendapatkan hadiah uang segera mengirimkan nomer bank"" tapi gue be like ""apaandah gue masih bocil dan gak mungkin aku main bank 😂",0,,
UgzYKHnQOkEJQ9tmjrt4AaABAg,0,0,"2025-08-05 11:15:54",@zhizhi6,"10:57 prabowo givaway sprei gratis 😂",0,,
UgzqDP9X6maBRwhgRXN4AaABAg,0,0,"2025-08-05 08:38:28",@JULIETGACOR,"konten sangat kreatif dan pembawaan nya sangat detail , fitur aktif pasti menang J U L I E T 4 D ^^",0,,
Ugzm55jxSl-yLYYU22t4AaABAg,0,0,"2025-08-05 05:44:06",@etimargaretha3685,"Aku udah beberapa kali mau di tipu kk sempat 2 kali ketipu belanja online dan beberapa kali sempat mau di tipu lewat telp tapi untung nya aku ingat sama kejadian 2 kali ketipu itu jadi aku abaikan",0,,
UgyTdwoQb6qxApXAmxN4AaABAg,0,1,"2025-08-04 03:46:15",@devaastri3413,"Yg chef renata baru kemarin liat promonya di fb,untuk g ikut pesen",0,,
UgxFXg5EyNAWKVCLWId4AaABAg,0,0,"2025-08-02 05:04:54",@bergema03,"adanya kaget kalo ada bantuan sebanyak ituu😅 16:14",0,,
Ugx_dL326M1qe2GL80Z4AaABAg,0,1,"2025-08-01 05:47:26",@yuuriai3210,"Aq juga pernah ketipu sama ekspedisi ninja ekspres, katanya paket ku tertukar dengan orang lain, awalnya aq bingung kok bisa, tapi jga gua g percaya awalnya. Tapi setelah gua balas dia kirim resi paket yang gua beli dan gua cocokin sama persis bahkan barang nya juga sama. Makanya gua percaya kalau itu paket gua yang tertukar, trs gua di minta pengembalian uang lwt dana tpi dia ngirim link. Gua udh curiga tapi malah gua percaya dia juga arahin gua pakai pay later di shoope sama tik tok tpi gua bilang ga bisa. Yah dana gua di ambil 50k untung cumaa 50k soalnya gua jarang pakai apk dana juga. Trs ku ganti sandi dan pin nya. Bahkan dia jga bisa pakek akun email gua trs gua gnti juga deh",0,,
UgyRWKNagYu0aCVZBXB4AaABAg,0,0,"2025-07-31 11:17:31",@fivxyyass,"MAKA NYA BANYAK NYA PENIPUAN ONLINE GA SALAH DAN GA MEMBENARKAN JUGA TAPI INI JUGA TERMASUK KARENA MINIM NYA LOWONGAN PEKERJAAN SAMPE MARAK NYA BERBAGAI PENIPUAN MAKA DARI ITU PEMERINTAH HARUS LIHAT JUGA APA YANG TERJADI DI SOSIAL MEDIA BANYAK DAN MARAK PENIPUAN MAAF YA NGETIK NYA CAPSLOCK BIAR DI BACA SAMA PETINGGI DI NEGRI INI TAPI... GA YAKIN AKAN DI GUBRIS MAKA NYA NI NEGARA GA MAJU MAJU",0,,
Ugx4cTVm9AaKXHhk_Fx4AaABAg,0,0,"2025-07-30 10:17:24",@aliceinwonderland6830,"pernah ga sih kalian berantem sama ibu karna video prabowo dan pejabat di pemerintahan karna deep fake? aku pernah, berkali2 bilang itu bohong tapi mamaku maksa kalo itu beneran bahkan berniat tf sendiri ke penipu sejumlah uang kalo aku ga mau ngirim ke mereka. jujur capek berantem karna video ini ga cuma lewat di yt, tapi juga di TikTok mamaku. pdhl sengaja install TikTok buat mamaku yg tinggal menikmati masa tuanya biar ga kesepian karna aku dan kakakku yg jauh dari beliau. tapi kalo kyk gini, takutnya data mamaku bakal di salah gunakan penipu saat aku ga ada di dekatnya 😢",0,,
Ugxg95ks7Et2HOZ8-2R4AaABAg,0,0,"2025-07-28 13:19:37",@kisahhororbersamatehrini4041,"Aku pernah ketipu ka 700 ribu, sama 100 ribu",0,,
UgysdODGxrk_JbCfxa94AaABAg,0,0,"2025-07-28 09:27:15",@edwardshandy7449,"@sulis putri pratiwi I love you ❤❤❤❤❤❤",0,,
Ugz1ENaPRsYG_SaG8CZ4AaABAg,0,0,"2025-07-27 06:37:53",@vanryu18,"Aku juga pernah/hampir tertipu soal investasi bitcoin/kripto Ceritanya aku lagi liat story di ig dan disitu ada iklan suatu pekerjaan Dan akhirnya aku coba chat melalui wa,,,dan kita akhirnya ngobrol bagaimana kalau investasi di sini bisa berlipat ganda contoh inves 80k kembaliannya 150k Beruntungnya aku cuma sekali investasi dan memang kembaliannya tetap 150k Tapi kedepannya untung saya lagi ngak ada uang,,,si penipu selalu membujuk saya untuk lanjut investasinya,,,bahkan kita para investasi di seluruh Indonesia dibuat grup wa untuk saling berkomunikasi setiap hari. Tapi setelah beberapa bulan kemudian grup wa sudah tidak aktif dan ternyata itu adalah penipuan investasi",0,,
Ugzsb7oGG7RYDjlZmO14AaABAg,0,0,"2025-07-26 20:35:21",@dindasuwenita8792,"pecah bgt ktwa gue giginya mau di cabutin😭😭",0,,
UgwLokjLC3TxUccbSUV4AaABAg,0,0,"2025-07-25 18:06:11",@hamsterimutciuts,"Skrng Di komen utub jga bnyak yg promo judol",0,,
UgzibmPsK--ou_PtFtJ4AaABAg,0,0,"2025-07-25 16:46:16",@ShuciDamaiYanti,"Mertuagw +suami gw ketipu sama org yg jualan motor di tiktok 😅 karna mau kasih aku surprise beliin motor trus dapet tawaran dari salah satu akun di tiktok karna DP nya murah dll .. untung aku sering cek hp suami ku.. aku ngeh bgt klo itu nipu .. tapi mereka malah udh TF DP .. sampe skrng tu motor gak dateng² 🤣 trus pernah suami aku hampir kena tipu yang give away Rafi Ahmad yang vidio call itu loh .. aku liat vidio call nya aja udh tau pasti nipu .. pokoknya suami sama mertua gak aku biarin punya m banking .. rawan bgt kena tipu 😭😭😭",0,,
UgxtS9MTkaHbyytQvI54AaABAg,0,0,"2025-07-25 03:03:42",@indahpermata6402,"Dan bpk G word mengajak kita buat pake AI lah gimna.. wkwwk",0,,
UgzATGd4XUcMqfqSnA94AaABAg,0,0,"2025-07-23 04:10:31",@shamilmansor4160,"“That’s what happened to me — with just one click, all my crypto assets disappeared, nearly 100,000 USD… Don’t trust modern technology blindly; always be cautious before it’s too late.” Stay safe guys❤",0,,
UgxT5_D4QWIy39cUXuR4AaABAg,0,0,"2025-07-22 02:40:47",@ilyyyyycuyy,"mertuaku juga gmpang banget ketipu sma AI 😭😭 tba² bnget nunjukin anak kecil yg brbah jdi babi trus blngnya anak itu gk dengar²an mknya dia brbah. ku blng itu AI mlah gk percaya dan ttp kekeuh klo itu asli 😂😂",0,,
UgzCGcic6j95BoXanpB4AaABAg,0,0,"2025-07-21 08:30:00",@mulkasadyautara1522,"Yg bantuan dari Bpk Prabowo dan Raffi Ahmad itu Bapak saya kena. Katanya dia divideo call sama Raffi Ahmad dan Soimah dan akan dikasih transferan dana sosial puluhan juta. Bapak diminta telp dua nomor trus foto ktp dan nomor rekening. Untungnya bapak gak punya no rekening jd dia hubungin saya buat telp ke nomor2 tsb tp saya bilang ke bapak klo itu penipuan😢.",0,,
UgxbizhEHZdPayhM97d4AaABAg,0,0,"2025-07-21 03:42:05",@parlindungansitompul9625,"Celakanya, bhkn yut*b sendiri pun menjadi lahan utk iklan2 scam berbasis AI tsb. Dari si dokter tentara yg terkenal itu, hingga presiden. Sdh prnh lapor yut*b, tp nggak ada respon. Dan iklannya trs ada. Pdhl mnrtku itu udh masuk kategori menghina pejabat negara. Thus..., sy pasif ajalah. I've done my part, by reporting. Mau bgm lg?",0,,
Ugz_kSu98akrW7DeovB4AaABAg,0,0,"2025-07-20 03:45:06",@akhdanazizan7824,"Sama kaya Kakaku sama persis sama ane kisahnya....",0,,
Ugyh6uAsNuLgWvPUYQV4AaABAg,0,0,"2025-07-20 02:56:05",@realmekun1729,"Gw lagi ngupil denger ka Ness bilang itu papah nya langsung kaget sambil jari masih masuk lobang hidung",0,,
UgyejYEmlG0q6RBvKI54AaABAg,0,1,"2025-07-20 02:52:27",@SpackZ99,"14:49 aku nak sprei gratis😂😂",0,,
UgxV4gsyTHKPcy-HPsx4AaABAg,0,0,"2025-07-19 02:44:49",@zrinaOfc,"penipuann..sekarang banyak bngtt",0,,
UgxDStAmzYhfFOEmZiZ4AaABAg,0,0,"2025-07-18 17:05:37",@Rayken-j8z2n,"Guys tak nak buat laporan ke.itu sy?",0,,
UgxYzya4PuqnKcQ1XEd4AaABAg,0,0,"2025-07-18 04:51:44",@panik_kau_dek,"nomer gw juga gitu sering di telpon para anjing². sekarang gw seting gak bisa menerima telfon sama sekali. dari pada terganggu telfon dari para scammer mending gak bisa menerima telfon samasekali",0,,
Ugygmikj4dHHcnJ1-Oh4AaABAg,0,0,"2025-07-18 01:34:26",@vaniaangelica5512,"Semangat ka nessieeeeee❤❤❤❤",0,,
Ugz0tj5bp2tDljZnY0J4AaABAg,0,0,"2025-07-17 11:03:52",@frdih_,"Ngeri sama yang pertama.. kasihan banget udah berumur tapi kena scam sama orang ga beradab",0,,
Ugy6ZR45he8NHsyZsfJ4AaABAg,0,0,"2025-07-16 14:22:33",@Arieljeremia230,"Adek nya nenek gw juga pernah kena😭 Untung nya gk berhasil Transfer... Modus nya sama, kirim hadiah tapi harus transfer biaya antar nya... Trus Katanya daru baim wong😭😭",0,,
UgxjHVLTJH8AZxaLMgF4AaABAg,0,0,"2025-07-16 01:00:45",@ninditasalas5197,"Jujur yang masih muda juga kadang suka ketipu sama video settingan/AI dll.. Tapi sebenernya masih ada bedanya lho.. Skrg jangan gampang percaya",0,,
Ugz18bt5nNXH2qu-DLp4AaABAg,0,0,"2025-07-15 08:59:05",@cintyap,"gw juga pernah kena love scam, but itu bener"" gila, every minute tlp terus, nanyain kabar terus, but when dia minta uang, ihhh ogak ngasih ngapain, walaupun bilangnya cuma 100 ribu. hahahhaa. minta petunjuk Allah, langsung di kasih info sama Allah ""kebohongan"", pas buka Al-Qu'ran . MasyaAllah, sebegitu sayangnya Allah sama gw, ya walaupun akhirnya sekarang terus""an banyak tlp masuk asing, untung pakai get contact kan jadi keliatan. terimakasih buat orang"" yang mau block atau report nomor"" scammer di get contact...",0,,
UgyvBW-A88AAi0gNx6N4AaABAg,0,0,"2025-07-14 06:41:38",@ulviherdika1298,"Yg lebih serem itu foto orang diedit buat konten p0rn.. Hati-hati Kak Nessie dan teman-teman semua 😢",0,,
Ugx9j8llgoZvqBFDv454AaABAg,0,0,"2025-07-13 15:33:59",@rizkylazuardi1464,"Gak usah AI salah satu member boyband ""cilik"" aja pernah ngelakuin scam XD",0,,
Ugy8qevLGMDIZsDTcyd4AaABAg,0,0,"2025-07-13 11:11:21",@AmbarWati-b2x,"Yang terbaru dan lg rame nih kak kasus scam apk OMC...up kasusnya dong kak",0,,
Ugz-8mtotE6L3E8YfRR4AaABAg,0,0,"2025-07-13 08:40:51",@Beaboo23,"Aku gk sanggup nonton sampe akhir soalnya gedek kasihan liat orang orang di tipu 😢",0,,
UgyVTKu6LXL8NsagyGV4AaABAg,0,0,"2025-07-13 03:20:50",@bintang-xf3je,"""untungnya"" ortuku penggemar cerita mafia dan teori konspirasi, pas tau ada AI, langsung percaya dengan kegilaan teknologi AI, gak denial, gak merasa mustahil 🙃",0,,
Ugz1GhqaeL5vqNCbWQd4AaABAg,0,0,"2025-07-12 10:13:48",@muhammadzackypratama3258,"dan ketakutan Kak Nessie kejadian soal penipuan menggunakan AI yang mengenerate wajah dan suara content creator yang dijadiin promosi Judol.",0,,
UgziTxFx7dTPB_Y_Jwt4AaABAg,0,0,"2025-07-11 10:45:03",@mulkifirdani6174,"emak gue hampir aja kena penipuan yg prabowo itu, kekeh minta aku untuk daftarin bantuan prabowo itu, untung gk aku gubris",0,,
Ugww0lhETvCge-MDjHl4AaABAg,0,0,"2025-07-11 04:04:26",@melisa1414,"""KAMU NAMANYA SIAPA!?"" 🤣🤣😭😭😭😭😭",0,,
UgxSGzllp020HD-ndLF4AaABAg,0,0,"2025-07-11 02:49:48",@rohmidiana7487,"Aq jga pernah, dn sekarang ku aktifin blokir nomor yg gk ku simpan, kalo emang kenal pasti datang kerumah 😅",0,,
UgwBb-x1o2Q8FLLmU9l4AaABAg,0,0,"2025-07-10 11:51:45",@fabiolaprasetyo630,"scammers lokal itu... entah nyadar gak...mereka punya aksen / intonasi bicara tersendiri... gausa nangkap kata-katanya apa - karena ngomongnya juga lancar banget - cukup dengar aksen bicaranya udah tau. Auto cut.",0,,
UgyBWHyjmUegSbFRrid4AaABAg,0,0,"2025-07-10 11:27:36",@kayrolz,"Makanya jangan selingkuh,mamam tu",0,,
Ugzk6Md2PpjAGx0GRZR4AaABAg,0,0,"2025-07-09 11:43:06",@ayuoktaviani5865,"mamak ku hampir kenak 90jt dri pacarnya orang mesir katanya ngirim emas perhiasan tp g kluar cukai ..untung ketauan waktu mau tf uang 😭😭",0,,
UgzHruHKoUkECN7fa-N4AaABAg,0,0,"2025-07-09 07:56:08",@arifanggraini4896,"Ibu q pernah di vc baim wong 😂 mau percaya aja tuh ibu q, langsung ku bilang udah blokir itu bohongan, itu AI",0,,
UgzLZ1VeSDAXWAD8Ic54AaABAg,0,1,"2025-07-09 05:04:18",@captainuky,"1:18 kalo aku gampang Kak Ness, aku cowo suaranya cempreng… Kalo dia emang dari Bank/ Kantor/ RS pasti dia tau kalo aku cowo mao suaraku kek mana aku akan selalu dipanggil Mas/Bapak… Tapi kalo dia manggil aku Mbak/Ibu, aku bisa tau itu penipu dan aku langsung matiin… 🤣🤣🧔🏻‍♂️🧔🏻‍♂️",0,,
UgzIVb_OjoQt27mt3_54AaABAg,0,0,"2025-07-07 01:25:53",@Doodlebae,"Yg kasus kak nadia, itu banyak banget. Bahkan waktu kak nad live streaming pun banyak yg promosiin situs judol, sampe akhirnya kolom komennya di private ama kak nad. Hanya member yg bisa komen.",0,,
Ugz213oA8hfHa6QGifl4AaABAg,0,0,"2025-07-06 05:02:16",@Afgan_artbby,"Papa aku "" plot twist bgt 😭",0,,
UgwA_jq3RsH5IlaOXTx4AaABAg,0,1,"2025-07-06 04:48:06",@renoirone3802,"lahhhhh wkwkwkwk plot twist ternyata papanya kak nessie",0,,
UgyDfv0st-gnT4pmC_x4AaABAg,0,0,"2025-07-06 01:52:48",@agusthyar183,"kapan ya kak nessie collab sm nadia omara😢",0,,
Ugyrqlz3V0leW41ZVW94AaABAg,0,1,"2025-07-05 22:30:06",@dwijohan5696,"Iklan channel ini jg AI sptnya? Sering menggunakan jg org2 terkenal... ada jg iklan di channel lain... sampai dai trrkenal pun di gunakan....adakah tindakan polisi u iklan2 palsu ini?",0,,
Ugwdl6TvUyZwCPC8TnB4AaABAg,0,0,"2025-07-05 11:55:23",@marshazanuzahra9555,KAKK😭😭😭😭😭🙏,0,,
UgxyPGLqD4LLVErbH8h4AaABAg,0,0,"2025-07-05 08:12:52",@johankrs_id,"Video promosi judol juga buanyakkk banget, pakenya ustad ustad dan artis (Ai)",0,,
Ugxm-tXe76UOQ_i_D014AaABAg,0,0,"2025-07-05 04:16:19",@ermy_riana,"Apa karena aku jarang main medsos ya jadi nggak pernah tahu ada video2 penipuan kayak gitu, cuma pernah dapat telfon penipuan sebelum zaman AI menyerang. Tapi emang rata2 semua orang pernah dapat telfon penipuan sih.",0,,
UgwTj4K3H2I-f4No5et4AaABAg,0,0,"2025-07-04 10:42:14",@BellachuuID,"ai sebahaya ini masih ada yang bilang menolak AI berarti menolak kemjuan..",0,,
UgyqhozcCk8f8XJUCJx4AaABAg,0,0,"2025-07-04 01:40:27",@hanambolik2949,"Benar banget kak, ku juga pernah gitu. Sampai ganti nomor",0,,
UgyIo2srxvFk4L-gRFx4AaABAg,0,0,"2025-07-04 00:14:04",@nettadorothy,"Yg kasus brad pitt menurut gua, anne nya kelewat b*go sih",0,,
Ugw4n6Pm15NJ0swp_UV4AaABAg,0,0,"2025-07-02 17:24:44",@fiandheandra,"Kwkwkwk lampung HAMA😂",0,,
UgwjiE9egfXF-lCB9d54AaABAg,0,0,"2025-07-02 13:06:34",@auriga12,"Ternyata orang bule juga ada varian emak"" 😅",0,,
UgxInOMfRqy6KNOcoKF4AaABAg,0,0,"2025-07-02 07:24:09",@shino-r8j,"Dalam game pun banyak penipuan",0,,
Ugy2Ev3ZQqBtPtv3YH14AaABAg,0,0,"2025-07-02 03:50:02",@Liayuuuul,"Mungkin terkhusus untuk negara Indonesia yaa, yang notabene ekonominya bener bener lagi kacau, trs penipuan tersebut pakai Al para pejabat apalagi pemimpin negara Pasti kan orang yang gaptek sama sosial media bakal menyangka itu beneran. Mamaku juga gitu kok, tp mamaku selalu menanyakan ke anak anaknya berita tersebut bener atau bohongan.",0,,
UgxiHvQTnGDsqRcmVqZ4AaABAg,0,0,"2025-07-01 23:27:26",@irarupaida6758,"Yang give away, disini banyak penipuan Baim wong",0,,
UgyxXEi1vKPy44I3Ai94AaABAg,0,0,"2025-07-01 16:38:05",@elisabethclaudia7794,"ibuku pernah ketipu ditelpon baim kena 3 juta kak penipunya pake AI suara baim",0,,
Ugzi48f3kjQcfIe63h54AaABAg,0,0,"2025-06-30 13:24:26",@pajariyahyaya6705,"Puasa setahun kemaren mlh profil baim wong vidio call..bolak balik..gak mungkin bngt😅😅😅..ini yg prabowo pd percaya kak.. palagi tg sudah sepuh di daerah cileungsi jonggol dan sekitar nya..tp saya yakin kan bahwa itu penipuan br gak jd allhamdulillah aman",0,,
UgyYUUp2Jt_oB60Jgah4AaABAg,0,0,"2025-06-30 13:21:23",@pajariyahyaya6705,"Saya juga kak kl percaya pasti udh ketipu bnyk tp kayak give away trs tangkap gambar aja kena trs tiap tangkap gambar di fb 300 juta an dpt 6 tangkap udh brp gampngn bng5 nyari uang nya pdhl pengangguran di indonesia buanyak bngt bngt bngt jd gak percaya gt"" palg lwt tlpn sk di angkat blngn gak punya no rek ini hp juga punya pk kades nebeng saya tinggal di gunung..kdng blng ambil aja uang ny buat kamu saya sudah kaya ngapain kamu kasih..malu penipu ny sk di matiin sepihak..barusan di youtube tngkap gambar 30 jt😊😊😊 pinter"" bngt ya para penipu cari uang🥴🥴",0,,
UgzeSqf91oaC9XXrUgB4AaABAg,0,0,"2025-06-30 09:23:35",@hichie30,"Jadi inget bagi2 sprei gratis 😂",0,,
Ugw6_Nuiz2vYVWE2ieJ4AaABAg,0,0,"2025-06-30 08:13:08",@svt_ennkim,"bahkan link pun membahayakan, banyak link yg berbahaya beredar. para orang yg gaptek pasti banyak yg gak tau sebahaya apa padahal karena klik link. data diri dicuri dijadikan sebagai data pinjol, serem",0,,
UgxcH2RdEJ7eIvDcbBp4AaABAg,0,1,"2025-06-30 02:09:52",@sebutsajapocong1722,"Masalah ai aja istriku percaya klo Indonesia bantu iran dengan mengirimkan nuklir wkwkwkw",0,,
UgwRjgSJPzclscEXUqB4AaABAg,0,0,"2025-06-29 20:39:02",@aliyah-g5l,"Ami anis😂😂😂😂😂😂",0,,
UgwXzi12GnEutgkxqTV4AaABAg,0,0,"2025-06-29 17:14:41",@tempemungil7302,"Kok ada nadia omara jg ya😅",0,,
Ugz7a4G8KbuoXr7I3et4AaABAg,0,0,"2025-06-29 15:47:59",@yunaansori2412,"kemaren di TT lagi rame give away dari Putri Tanjung juga mau kasih dana bantuan buat usaha gt dan harus follow bbrp akun lain kalo mau dapet GA nya. motifnya sama, isi data dan nomor HP. duh serem bgt!",0,,
UgygPR6WhxfBe7pMF6l4AaABAg,0,0,"2025-06-29 14:16:30",@chintyaekanurmalasari4731,"Saya pernah 😂 saat itu saya pengangguran dan nyari loker sana sini. Sembarang apply posisi admin. Dan ketemu lah loker tersebut. seperti biasa saya mengirim CV saya. Dan 2 hari kemudian dia chat saya untuk interview dari wa. Saya disuruh kenalkan diri. Dan bodohnya kenapa saya ga curiga karena dia cuman minta saya buat perkenalan doang. Seperti terburu2 untuk ngejar sesuatu. Terus dia jelasin kerjanya, hanya memberikan rating untuk penjualan. Kemudian saya dialihkan ke web. Sebelumnya dia nyuruh saya tidak memakai akun biasanya sh*pee saya. Dan disana saya buat akun baru. Awalnya saya dapat saldo 50rb. Saya checkout menggunakan saldo tersebut. Sampai akhirnya saya disuruh untuk topup saldo. Saya sudah merasa aneh dan sudah tidak ingin melanjutkan. Tapi dia terus mengiming imingi saya. Saya masih keukeuh ga mau lanjutin. Tapi dia mulai maksa dan bilang kalau saya tidak bisa mundur lagi karena sudah terdata. Karena saya pengecut, saya pun topup sampai uang saya habis 500rb. Katanya uangnya akan cair saat saya menyelesaikan tugas ke 15. Tapi uang 500rb itu baru nyampe di barang checkout ke 9. Saya sudah merasa cukup, tidak bisa lanjut lagi. Kemudian dia bilang kalau dia akan kasih kemudahan untuk saya cuman checkout hanya 12 barang lagi. Tapi saya bilang saya ga bisa lanjut. Bahkan dia memaksa saya untuk pinjol 😅. Saya ga mau. Tapi dia terus maksa dan langsung kirim SK. Saya mulai anehh disini, karena biasanya SK itu di tunjukin dari awal. Terus dia ngancem saya kalau bakal kirim barang COD ke rumah saya karena dia tau alamat saya dari cv saya. Saya panik dan ketakutan. Sampai saya telponin temen dan abang (sepupu) saya. Mereka marahin saya dan bilang "" ya kalau dia ancem cod, yaudah kirim aja. Toh cod kalau ga dibuka tuh paket, dan kamu bilang saya ga mesen sambil kasih lihat buktinya. Pasti g disuruh bayar"" DANNN DARI SITU SAYA SADAR 😂😂. SAYA BERASA PEN JEDOTIN KEPALA SAYA SENDIRI KARENA TERLALU BODOH",0,,
UgzkdQcAVQyyYyc4oVx4AaABAg,0,0,"2025-06-29 08:17:11",@aliamo1990,"Hmmm pernah terjadi sm temenku begitu,suruh tf 15 juta...tp gk tergoda,ahirnya bisa lepas dr penipu itu.",0,,
UgzOSlYB2Ui-umykPGp4AaABAg,0,0,"2025-06-29 08:12:49",@aliamo1990,"Ada wak nadia omara",0,,
UgzE1owMEDXL_dKRumN4AaABAg,0,0,"2025-06-28 12:09:33",@andyandy8559,"Pantes penipuan tetap marak krn di dunia ini msh bnyk org bodoh.",0,,
UgzDmki00TDc2Xu2CYl4AaABAg,0,0,"2025-06-28 09:59:35",@WidowerJatim,"Aku juga dulu pnya knln lwat ig eh pas aku mulai sayang² e,pas mau niat kasih hadiah ke aku dan minta uang untuk bea cukai, langsung ku block ignya",0,,
UgxSMmW-5nsYwTF7Buh4AaABAg,0,0,"2025-06-28 08:51:39",@robbyndcdc,"Mana sprei gratis yang kau janjikan itu 😭",0,,
UgyyqjUhyUa7BEHc8PZ4AaABAg,0,0,"2025-06-28 07:51:29",@kageyamatobio4749,"yang korupsi cuma 6 tahun wkwk",0,,
Ugy6Ba_xzJs63_QIWwB4AaABAg,0,0,"2025-06-28 07:03:07",@sihanatana,"Dulu sering banget nemu di toktok, kek mukena gitu gitu pake muka nagita. Mana pas buka komen banyak bgt yg percaya sampe aku komenin satu satu itu video boongan karna kasiann pasti mereka gak tauuu😭😭😭",0,,
Ugw-DSGVdPCxUUvSv-J4AaABAg,0,0,"2025-06-28 05:13:46",@rukiah8929,"eh tetanggaku malah jadi pelaku, kayak cerita yang pertama itu, pelakunya cewe, terbongkarnya sicowonya datengin kerumahnya",0,,
Ugzp6jXRX8P5p3oYyvR4AaABAg,0,0,"2025-06-28 05:09:53",@rukiah8929,"sering bgt di telepon2..sehari bisa sampe 3x anjir ih kesel",0,,
UgxGiMwS_87BOPzxQx14AaABAg,0,0,"2025-06-28 04:38:53",@sitisitii788,"Aku kepikiran, gimana pas pemilu selanjutnya di Indonesia. Sudah pasti AI dipake bukan untuk hal baik pada masa kampanye. 🤔",0,,
UgztMl8GnTzWPafN1fd4AaABAg,0,0,"2025-06-28 04:24:10",@kayesadrial5057,"1:33 scammers itu kerjaan nya kadang oke lo. Contoh kalau nipu pajak ya kebanyakan orang kantor pajak sendiri. Penipu dari bank jg kadang kerjanya ya di bank itu. Trus penipu2 yg gak tau dapet nomer kita darimana? Ya dari providerlah, orang2 yg kerja di provider nambah cuan. Yaudahlah namanya jg indonesah😂",0,,
Ugw4jLGlmWVJ2dus4lx4AaABAg,0,0,"2025-06-28 03:31:09",@raskalina,"Si Anne ini dulu alumni skola mana sih😂😂😂",0,,
UgzFGCELv-xFm1uGPex4AaABAg,0,1,"2025-06-27 15:16:32",@ChintyarannyVanZaitan,"Scammer lagu lama tu, mau kirim hadiah usd $ 200.000,- uang cash 1 koper, suruh aku bayar pajak usd $ 2000,- lalu aku jawab, ambil aza dari kopermu usd $ 2000,- lalu bayar tu petugas pajak. Sisanya usd $ 180.000,- kirim ke aku. Itu kejadian di Jakarta dari aplikasi tagged. Klo ga salah nama penipunya Mr. Smith. Thn 2010an klo ga salah. 😅",0,,
UgzsPCk7Js8TdQ-9-ZZ4AaABAg,0,1,"2025-06-27 15:13:12",@adedarwiyah3212,"Aku kemarin jg mau ada cwo yg nipu,aku ajak vc dadakan dan betapa kagetnya aku dy pke AI😂 keliatan bgt ko gerakan mulut dan suara itu beda bgt,trus kn dy ngaku kerja di pengeboran minyak,pas vc masa ditengah laut ada sinyal, trus masa ga kedengeran suara angin ma ombak😂 biasanya aku ladenin karna gabut, berhubung kemarin lg ga mood jd ku blokir aja😂eh ngamuk dy ganti pke no lain,ya lanjut ku blokir lagi😂",0,,
Ugxi82XIJ8usq7BDO954AaABAg,0,0,"2025-06-27 08:30:14",@wayanyunita484,"Ya ampun kk nessie .. lusa aku kena tipu juga dong😭😭",0,,
Ugyqz37fg1qCTWO6HDR4AaABAg,0,0,"2025-06-27 05:43:31",@RegisterSrimuliati,"Kalau di Indonesia sekarang marak penipuan giveaway baim wong dan Raffi ahmad kk Ness, di daerahku itu banyak yang kena",0,,
Ugyz_x-LA9AkHymly094AaABAg,0,0,"2025-06-26 14:18:54",@NurHalimah-og9js,"Seumur hidup gk pernah giveaway",0,,
UgzUcXFqsgO-BFV-Gc54AaABAg,0,0,"2025-06-26 10:13:12",@creatorunique5566,"Di yutube jg bsnyak iklan jualan yg makai dr terawan, najwa sihab dll untuk jualan produk....ini penipuan... Tp kok mereka2 ini ndak komplain ya",0,,
UgzKroN1HLU5KXhdhW54AaABAg,0,0,"2025-06-26 09:02:54",@Retro27001,"Kalau aku sih pernah ketemu video ai yang mempromosikan situs judol, yang promosikan Raffi Ahmad. Itu kalau gk salah di IG",0,,
UgxZLJeRVcUt5wgeDQN4AaABAg,0,0,"2025-06-26 07:38:37",@wiwiedhandayani2215,"apa sepolos itu ya orang"" itu, jelas bgt itu video presiden dan mentri sri mulyani cara ngomongnya template di iklan pinjol🥴🥴",0,,
UgzkGiSSRC6lXbf6SuV4AaABAg,0,0,"2025-06-26 07:29:07",@KimIn-TanDamia,"Yang gudang banjir itu di Malaysia jugak ada kasus penipuan seperti itu mereka guna Khairul Aming dan artis Malaysia dan influenza Malaysia",0,,
UgyaToFFrjzrbqsaPAJ4AaABAg,0,0,"2025-06-26 05:11:10",@ibufitrimustika,"Apa cuma aku yang nggak pernah di ganggu nomor nggak jelas, apa karena aku pake kartu xl, biasanya kalo pake kartu Telk*ms*l banyak kena scam",0,,
Ugy2xJHBqDsDTEieT4Z4AaABAg,0,0,"2025-06-26 02:55:54",@salwanaura5175,"Ternyata ada gunanya aku punya trust issues:"")",0,,
UgxpLbrf_gLGs8l9EFZ4AaABAg,0,0,"2025-06-25 09:44:08",@evietltihan,"Gak usah jauh2 ortu saya aja dulu pas awal2 punya medsos,dapat pemberitahuan give away, percaya aja...susah ngebilanginnya tp untungnya gak sampe ketipu",0,,
UgwtNziXYXRIR_5zJ614AaABAg,1,0,"2025-06-25 08:55:51",@rosasekarwening6971,"AI bisa ga ya membantu nyetrika baju 😢",0,,
UgwtNziXYXRIR_5zJ614AaABAg.AJmqivv6T5-AJmwGsModbc,,0,"2025-06-25 09:44:19",@Lily.Floweerl,"nitippp ka 😥",1,UgwtNziXYXRIR_5zJ614AaABAg,@rosasekarwening6971
UgwnuG7Kcm0P82GMik54AaABAg,0,0,"2025-06-25 08:02:37",@elieli6221,"Yg video Prabowo, Sri Mulyani dan Gibran itu sy pernah liat di FB tapi sy sdh curiga itu penipuan jd gak percaya",0,,
UgwE4nqpatsWSrw-vuF4AaABAg,0,0,"2025-06-25 03:36:45",@nailulula,"Aku pernah juga tuh mau ditipu orang yg ngaku-ngaku jadi Kun NCT. Aku ladenin soalnya buat main-main, tpi lama-lama aku blokir soalnya dia scammer magang, akting dia beneran jelek bgt. 😑",0,,
UgxYa7KMK65Cq_0fbPx4AaABAg,0,0,"2025-06-25 01:05:01",@Itzz_anugrah,"Aku pernah di scam di WhatsApp bilang katanya aku dapat giveaway dari Willy Salim katanya kalau aku subscribe dia aku bakal dapat uang tapi kan dari lama aku udah subscribe dia aku masih bimbang antara itu nyata atau tidak 😅",0,,
UgwW3BFS0U4pH1QgZ-t4AaABAg,0,0,"2025-06-24 21:21:56",@Rynbieee,"2 KATA LUCU = BRAD PITT HUTANG",0,,
UgxUQLo8RQb7015qsfh4AaABAg,0,0,"2025-06-24 18:00:04",@RiskiBkll-v6t,"Aku juga punya cerita guys, dan ini adalah kisah nyata dari Ibu kosku sendiri. Beliau adalah wanita paruh baya dan kisahnya plek ketiplek sama kaya Ibu Ann ini. Tapi beliau tetep ngeyel pas dikasih tau sama anak-anaknya dan kita sebagai anak kosnya. Alhasil beliau ketipu hampir 50 jutaan., disclaimer beliau ini adalah janda",0,,
Ugx8BB4k2E7UTdRTzeN4AaABAg,0,0,"2025-06-24 11:36:00",@divaamaliashahab1864,"Ini hampir kejadian di mama aku. Jadi mama liat 1 video promosi semacam obat gajelas gitu, tulisannya cina dan aku yakin psti itu ga ada bpomnya. Mama bilang ke aku suruh beliin krn tergiur yg jual ustadz Somad. Aku liat videonya dan Yap fix buatan AI. Langsung aku bilang ke mama ini AI, jangan percaya. Bayangin kalo mama main beli aja itu obat tanpa bilang ke aku? Bahaya bgt deh. Target empuk penipuan AI itu orang tua krn gapaham dan gampang percaya.",0,,
UgzMlfl6Fodi13oie_N4AaABAg,0,0,"2025-06-24 11:06:56",@qinana1008,"Dan wapres kalian malah embrace AI",0,,
Ugy12jQQHIncYk_YZhp4AaABAg,0,0,"2025-06-24 06:49:53",@rissal-mamun7325,"Iya... Ibu saya juga hampir kena, untungnya dia langsung nanya ke saya dulu",0,,
UgxtQYf_qs09TeW0aid4AaABAg,0,0,"2025-06-24 04:50:08",@wana8542,"untung saya pelit, mau secinta apapun sama manusia, uang diatas segalanya, nyarinya aja susah eh dia seenaknya minta, ya putus, masih banyak ikan dilautan",0,,
UgwZyOt4BHYL_qUTs0F4AaABAg,0,0,"2025-06-23 15:41:36",@ashilaashrafannisaAAA,"👏👏👏 Ngeri hukum indo, penipu ttg bansos 65jt dan hukumannya 12thn atau denda 12M.. Korup triliunan hukumannya 2thn dan denda 100jt🤣🤣🤣🤣 lucunya negriku..",0,,
UgxXNRuH55bFXT9BXRV4AaABAg,0,2,"2025-06-23 15:30:37",@Rizmadwim,"Sumpah Ai lama2 meresahkan apalagi kl korban nya org tua yang gaptek dan kurang paham sm media sosial, ngeri bgt bahkan di iklan youtube kadang ada website jualan yg pake suara AI😭😭😭",0,,
UgwwJzjkAcrD3RPj7nF4AaABAg,0,0,"2025-06-23 14:16:28",@lannybudiman4032,"Jaman skrg bener2 jd krisis kepercayaan...liat foto ato video org cantik curiga, org ganteng curiga, ampe hewan pun dicurigain..asli ato cm AI? Hadeuuuhhh..",0,,
UgyA6sunLhybL2Ir4n54AaABAg,0,0,"2025-06-23 12:20:39",@Valeriavynn,"dan sekarang AI makin canggih, ada gw liat di tt/ig ada org yg bawa berita tentang bohonglah pas di wawancarai, dan itu seperti asli, gila sih",0,,
UgwXDGbFqheXn2kDS2p4AaABAg,0,0,"2025-06-23 12:04:36",@GuanYu-h8t,"Saya pernah lihat video mirip banget sama Pak Menteri Kebudayaan Fadli Zon sedang menyanyikan lagu potong Bebek angsa sambil joget-joget tapi kata-katanya diubah menjelekkan pemimpin bangsa dan mengidentifikasinya sebagai PKI. Rasanya gak masuk akal seorang Menteri Kebudayaan mengubah-ubah lagu tanpa izin penciptanya dan menjelekkan pemerintahan dimana dia bagian dari pemerintahan itu sendiri kan? Kalau dibuat sebelum jadi Menteri pun aneh aja soalnya Pak Prabowo saat itu menjadi Menteri dan bagian dari pemerintahan juga. Kalau dibuat sebelumnya lagi, masa dipilih jadi Menteri Kebudayaan orang yang tidak menghargai hak cipta dari sebuah lagu yang sudah menjadi budaya Bangsa Indonesia. Pasti deepfake menyasar Pak Fadli Zon untuk menjatuhkan citranya yang sedang berusaha memperbaiki penulisan sejarah Bangsa Indonesia.",0,,
UgwOH9evSEH_k70hFfx4AaABAg,0,0,"2025-06-23 11:21:21",@deaputri2833,"Disini siapa yg sehari bisa sampai 5 kali di telfon ada kami dll? Sumpah ganggu bgt !! Pdhal ga pernah pinjol lho",0,,
UgwVv9aPOjB1_9MNQb94AaABAg,0,1,"2025-06-23 10:47:56",@orangyangimufft,"jelas jelas AI ituuu",0,,
Ugw3L7SEfA4Wtu-2_oN4AaABAg,0,0,"2025-06-23 09:30:25",@pedesign5686,"Aku pernah neh ketipu iklan di youtube yang iklannya keren, spt kain yang mahal tapi harganya murah krn cuci gudang, tetapi pas cod barangnya ga jelas, aku ordernya 3 lagi...hahaha...",0,,
UgwJE4RPaL3hL-ooUD14AaABAg,0,0,"2025-06-23 09:29:57",@iRanaraaaa,"ka nadia omara juga masuk loh ... mirisss banget,mana iklan judol😭",0,,
Ugxr_3PZrbUy7Kt9vGB4AaABAg,0,0,"2025-06-23 08:29:46",@sagaraxzyeditzz,"aku juga pernah hampir ke tipu , kejadian ini pas aku masih SD kelas 6 , terus aku angkat telpon nya setelah itu temen temen ku ngata ngatain penipu itu , terus penipu itu mematikan telpon nya , temen temen ku semua pada ketawa karena penipu itu kapok",0,,
UgxXQoqNrRgdVFe9IBF4AaABAg,0,1,"2025-06-23 07:14:08",@xielinayuliana6231,"Tetangga aku pernah ni kena tipu kayak gini. Aku berusaha kasih tau seperti saran kak Nessie dan yg terjadi tetangga aku marah sama aku dibilang aku iri😢",0,,
UgxC3ZanSnTdQrp7bEl4AaABAg,0,0,"2025-06-23 05:19:34",@dheliaramadhani8827,"Sumpah padahal video AI nya tuh bener"" keliatan bgt itu AI yg videonya patah"" tapi ada yg percaya 😭😭 nangis bgt",0,,
UgxDoYIcSa2xoohfQmx4AaABAg,0,0,"2025-06-23 04:18:28",@traveler0009,"lagi di fase ini. capek bgt ngasih tau tetangga yg lagi kena love scam..udah abis 20jt lebih.. tp ga sadar2. bandel bgt dibilanginnya، ga percaya bjir lah.. 😞😣 scammer mengatasnamakan Dato Ray Imran. seorang Duda kaya raya dari Malaysia yg dgn bujuk rayunya,bilang mau menikahi tetanggaku itu dan malangnya tetanggaku percaya aja. padahal wa ga bisa divideo call..berkali Kali minta di tf dengan alasan mau ngirim hadiahlah, surprise lah, apalah..ketahan di bea cukailah.. aduh cape bgt ngadepin emak emak yg gaptek tapi sok merasa paling benar & paling ngerti semuanya. mulut sampai berbusa sudah keluarga & saudara menasehatinya. nyerah",0,,
UgwaEW6SyxcV3lmmQAh4AaABAg,0,0,"2025-06-23 03:46:42",@dianbhakti1005,"Bener bgt..papa saya korbannya, g crta ke anak2nya awalnya krna mgk malu, kok bs ketipu? Padahal sdh sering diingatkan kalau ditelp no aneh g dikenal g usah diangkat 🥺🤦‍♀️ itulah namanya org sudah berumur..",0,,
UgwQ6WDLOe0FilpbcNh4AaABAg,0,0,"2025-06-23 03:35:56",@mariannabhakti8785,"Serem, astagaa 😢😢",0,,
UgxYP6EdmPCrGwZ1dtR4AaABAg,0,0,"2025-06-23 03:27:48",@faisalhanafi7745,"Ciri ciri dari suara A.I itu tempo bicara nya yg cepat..",0,,
Ugyc7m48bHTUR2TzmoR4AaABAg,0,0,"2025-06-23 03:08:16",@Dipasyalla,"Bapakku juga hampir jadi korban giveaway di FB ternyata setelah aku telusurin di FB bnyk bgt giveaway2 bodong yang menargetkan orangtua2 mengatasnamakan artis terkenal kaya Willie Salim , Rafi Ahmad, baim wong dll hanya disuruh coment diposting nanti diinbox pribadi dengan kata kata selamat anda mendapatkan 100jt terus suruh kirim no rek dan dimintain uang admin ngeri bgt pas aku cek ternyata yang komen ibu2 bapak2 banyak bgt woii kasiannnn",0,,
Ugyl0oIRW3n7vMdDWV94AaABAg,0,0,"2025-06-23 01:37:44",@everylittlecrapshedoesismagic,"Wong Solo detected : menggunakan kata ""kampleng"" 😂",0,,
UgyddIXI9aFJKO6au514AaABAg,0,0,"2025-06-23 00:36:20",@casper_fmly,"Iyaa kak bener aku pernah sampe di teror telfon berkali"" sampe akhirnya aku diemin itu kartu sampe masa tenggang dan habis, dan akhirnya ga ada lagi yg ganggu, sepengalamanku sih karna sering buka link di google chrome",0,,
UgxDw1H9sya-68XVCtx4AaABAg,0,0,"2025-06-22 21:13:39",@princexandar5768,"Awas: Ai =salah satu fitnah dajjal",0,,
UgykcUDTO7G16-X7GN14AaABAg,0,0,"2025-06-22 17:43:10",@artizulkarnain6449,"Pada th 2011 aku dan suami tertipu undian bodong,,ceritanya aku dapat undian didalam kemasan kopi sacet,diundian tertera no tlp untuk dihubungi,saat itu kami percaya karna itu merek kopi terkenal,setelah ditelpon kami dimintain syarat harus punya rekening dibank ungu dan hijau,sedang saya punya rekening dibank warna biru tua dan kuning,sedangkan suami dibank warna merah dan abu²,alasannya untuk memudahkan saat mentransfer hadiah undian sebesar 75 juta agar tidak dikenai biaya pajak katanya,ya sdh aku percaya aja,karna aku ga punya rekening dibank yg diminta akhirnya aku buka rekening baru dibank itu dengan uang sebesar 500rb,,setelah rekening jadi aku disuruh ke ATM untuk mengecek saldo yg katanya uangnya akan ditransfer,saat mengecek saldo..bukannya saldo bertambah malah isi saldonya hilang,padahal kami ga ada transfer,cuma disuruh masukin ATM dan disuruh lihat uangnya sudah ada apa belum..dan ternyata saldonya malah hilang. Waktu itu suami langsung mendatangi alamat yg tertera diundian,lokasinya ada dijakarta(lupa jakarta mana),ketemu gedungnya,tanya sama satpamnya katanya digedung itu ga ada kantor yg dicari,,dan ternyata,disitu ada satu bapak² yg juga korban penipuan kupon undian palsu yg sama dengan nominal 10 juta ,dan bodohnya kami ga coba tanyakan/konfirmasi ke bank yg bersangkutan kenapa saldo rekening bisa hilang dari tabungan padahal kami tidak melakukan transaksi apapun,aku dan suami cuma berfikir..ya sudah..berarti kami sudah kena tipu,itu saja. Karna ternyata kata satpamnya sdh ada beberapa korban yg datang kesitu,ga tau yg lain lapor apa enggak,saat itu kami ga ada pikiran untuk lapor.soalnya setelah itu ga ada berita atau denger cerita apapun. Belum lama tetangga dikampung kena tipu give away mengatas namakan baim wong,dan untuk mendapat give away sejumlah uang dia harus bayar biaya adminnya sebesar 700rb,setelah uangnya ditransfer nomor yg mengaku baim wong sdh ga aktif lagi.",0,,
UgwSGAbOdBpel_t-7Rh4AaABAg,0,0,"2025-06-22 13:26:14",@MenufaChannel,"Mamaku hampir percaya sama video pak Prabowo itu..",0,,
Ugzo55TxBMbjj9T91jB4AaABAg,0,0,"2025-06-22 12:57:21",@liam_lalieur,"di Facebook banyak bgt yg promosi judol pake deepfake ai influencer indo",0,,
UgzS87iJPew327AthYZ4AaABAg,0,0,"2025-06-22 12:38:03",@mneumoengine,"short attention behavior gw pas video ini iklan be like: 📈⏫⬆️⬆️⬆️⬆️⬆️",0,,
UgyTF8C9_v42cOgvkNl4AaABAg,0,0,"2025-06-22 11:44:57",@fel_tnjy,"Pernah dapat Taylor Swift minta kirimin uang utk pesan taksi gegara ban mobilnya bocor 😭😭😭",0,,
UgzNnNHqcuagXzqYDq94AaABAg,0,0,"2025-06-22 10:53:27",@dHeaven42,"Yang terakhir mirip neneknya jaka",0,,
UgysqVa258UlcRocAl94AaABAg,0,1,"2025-06-22 09:26:26",@xyzatikaa,"mamahku sering ga percaya kalo video yang dia lihat itu AI, padahal gw udah bilangin kalo itu ga nyata, tapi dia ngeyel, cuma ibuku percayanya tuh sama video bencana-bencana gitu, terus dia taruh di sw",0,,
UgxgfL_mzV0ZIMcwA3R4AaABAg,0,0,"2025-06-22 09:18:30",@SherrylXD001,"Di IG emang sarangnya scammer kyk gitu, gua juga dulu pernah kena chat2 ama org yg ngaku2 seleb pas gua balas lu org nigeria atau india kan?, langsung di blokir ama dia 😂😂 Kebanyakan scammer yg ngaku2 bule atau oppa2 itu sebenarnya scammer nigeria atau india, hati2, mereka ada dimana mana bkn hanya apk kek IG",0,,
UgxzAs_r7tvZ4on0qAV4AaABAg,0,0,"2025-06-22 09:05:52",@Frederica-d3b,"pphnya ka nes muka2 semanggi solo😆",0,,
Ugy4dmVAs5oWCBxYkqJ4AaABAg,0,0,"2025-06-22 08:04:16",@jungseo-hyeon9414,"Ini salah satu alasan gw gak ngebiarin ibu gw punya tiktok,FB,sama gak ngajarin ibu gw co di online shop karena emak"" tuh gampang tergiur nya sama hal hal menarik dan murah cukup bapak gw yg jadi bapak"" FB aja dan itupun kalau ada apa apa masih tanya gw gimana caranya cukup you tube sama WhatsApp aja 😂",0,,
Ugzg2zDqyyVHCMXKvch4AaABAg,0,0,"2025-06-22 04:26:35",@Deti-g6r,"Suami ku pernh kena tipu give away dari Baim wong pakai Ai vc lewat link smpe k no wa suami ku bilang Baim wong vc dia data akun dana hbis d ambil uang nya hilang 400rb disuruh top up",0,,
Ugxrq-6aNAxnC7mCW9J4AaABAg,0,0,"2025-06-22 03:50:57",@TiaraMayong,"Selain penipuan, sering juga orang terkenal dibuat promosiin barang atau bahkan judol. Pernah nemu Pak Prabowo lagi promosiin susu kambing buat kesehatan. Jelas ga percaya, presiden promosiin begituan, tempatnya kaya pas lagi kampanye lagi😂 Nyesel banget dulu ga sempet ss iklannya.",0,,
UgxufrQrr_66uRCRn6F4AaABAg,0,1,"2025-06-22 02:22:20",@Xleoooo,"Taylor jualan panci😭😭",0,,
UgwaUnmvUcpwzrwUyqZ4AaABAg,0,0,"2025-06-22 01:47:46",@reeeezaaaa4,"ngomongin soal Scam, kaka gue abis ketipu ratusan juta ikut grup telegram jalanin tugas gajelas, depo duit dan bisa balikin duit ternyta zonk, cuma dikasih 1 atau 2x doang sisanya abis duitnya di minta transfer2 karena duit ke 3x nya ketahan jadi dimintain transfer lagi kalo mau duitnya balik, kocak, kaka gue percaya aja gituan ck",0,,
UgzrrobjiwYz8g9KHs94AaABAg,0,0,"2025-06-22 00:49:50",@SahabatKocheng,"Ada staf kepresidenan jadi korban love scam",0,,
UgwunbYO4KlXfvJDxnd4AaABAg,0,0,"2025-06-22 00:32:26",@amaninindonesia,"give away emblem ninja saga... h-1 pembagian akun sy keblokir gara2 direport orang iri dengki j... anj",0,,
Ugxh8r9WP9gs0E2gFs14AaABAg,0,0,"2025-06-21 23:34:20",@PrasZz,"Kemarin juga sempet viral video ai lipsync nya Reizuka Ari promosi judol",0,,
UgxTS1-c24PZasVyx554AaABAg,0,0,"2025-06-21 18:18:22",@letisherlin2100,"Scamer bikin rugi,payah banget orang yg bikin account itu.",0,,
Ugylm6aQ4YDdNDYQViZ4AaABAg,0,0,"2025-06-21 17:54:50",@kakaamla,"Siapa yg pernah menang give away? Aku³, dapet give away THE NIGHMARE BEFORE CHRISMAS FUNKO POCKET POP VALENTINE CHOCOLATE BOX💜 dari kak Nessie 🫰",0,,
UgwKQho10H83DvaXf5B4AaABAg,0,0,"2025-06-21 16:21:26",@emperorNB,"Nessie. AI itu alat. Kamu mau memengaruhi org2 bilang kalau AI itu ide buruk, bakal ditertawakan orang2 20 tahun mendatang. Bersahabatlah dengan masa depan, bukan malah memusuhi. Pelajari cara kerjanya, bukan disinisin",0,,
UgxcMc2w49pQ0OEjuRx4AaABAg,0,0,"2025-06-21 14:50:27",@meriastuti8940,"Dan ibu saya percaya itu yg bapak prabowo mau bagi2 50 jt Heboh banget disuruhnya saya nonton dan ikutin rules nya lah pkoknya😢 saya bilang itu komputeer mak komputerr Ah masak sih kata ibuku hmmm",0,,
UgzMB1NSz49RFEcZv9x4AaABAg,0,0,"2025-06-21 14:45:11",@sugaaaer,"bapak gua ketipu giveaway. bayar 300rb😢 saking pengennya dapet uang lebih, dia percaya.😢 padahal bapakku tukang bangunan. 😢",0,,
UgwhREuwKuCFgMm6sjx4AaABAg,0,0,"2025-06-21 13:24:21",@DiahSChan,"aku pernah dapet hadiah giveaway album straykids dari shopee, sumpah happy bngt sampe mama heran aku teriak2 di kamar pas albumnya datang 3 bulan kemudian setelah tgl giveaway diumumkan di akun instagram shopee dan tag aku",0,,
Ugz1dT54VtSIQGpINkZ4AaABAg,0,0,"2025-06-21 12:30:08",@adindaevelyn4132,"aku pernah dapet giveawayy skincare 1 set full size nya skin 1004🥹 beneran dikirim dari official acc nya seneng bgtt🥰",0,,
UgydvKShwKROalhbn6V4AaABAg,0,0,"2025-06-21 10:12:11",@kucinggembrot2459,"Serem bgt.. kadang2 org tuh dibilangin ini hoax,, malah ngeyel",0,,
UgybjbaINgpZs1r5p4l4AaABAg,0,0,"2025-06-21 09:35:26",@linaliana8443,"Assalamualaikum izin download yea kak Nessie",0,,
UgymsYmpMg564uVUUyR4AaABAg,0,0,"2025-06-21 06:53:27",@patrefkorwa9371,"kalo kak nessie sendiri, pengalaman yg sangat dekat dengan maut? apa?",0,,
UgwxYFDIFdww2Pzolih4AaABAg,0,0,"2025-06-21 06:19:48",@hyunas_pet,"SALFOKK 3:38 ADA CICI AMA MAS BULEE",0,,
UgwwjtI8t0E8V26_sol4AaABAg,0,0,"2025-06-21 05:23:00",@lielie-w9d,"giveaway dari nagita dan raffi ahmad",0,,
Ugz5h-D4jAmDH3a6G-N4AaABAg,0,0,"2025-06-21 05:22:33",@belajarbaik_nov16,"Di FB tuh byk bgt versi AI, akun org pun dimanfaatkan.",0,,
Ugxa-zc9-hRUvEBmoYV4AaABAg,0,0,"2025-06-21 04:43:21",@bulkisahynr9865,"mamaku sekitar 3 tahunan ini pake medsos kecuali wa , jadi tiap kali dia liat berita atau apapun itu sering nanya aku beneran atau enggak , karena namanya org tua kan kadang mudah percaya sama yang kaya gitu apalagi masalah yg bantuan2 gitu mamaku gercep banget rusuh nanya beneran atau enggak nya . jadi harus bener2 dijelasin secara detail biar ngerti",0,,
UgwAaJKqFDxvw_himWB4AaABAg,0,0,"2025-06-21 04:35:44",@stevannyester1125,"Iya banget lagi, oma gw 1000% percaya omongannya vidio AI dari pada omongan cucunya sendiri 😭",0,,
UgxROTcVFpp2Ul2XITJ4AaABAg,0,0,"2025-06-21 03:41:54",@CCCewekCantik,"Intinya gak ada yg gratis di dunia ini... 😅kalao suati hub. Sudah bicara soal uang.. jgn di percaya iti Scammer",0,,
Ugx4nm30MAFA3730sOt4AaABAg,0,1,"2025-06-21 03:29:48",@dietjourney2283,"Salah satu dari perbedaan AI sama manusia pas ngmg AI ngmg kaya ga ada jedanya sampe ke koma ke titiknya",0,,
Ugy0WJIQ70XysI4W0hB4AaABAg,0,0,"2025-06-21 02:52:33",@Cun-c2s,"Tahun 2023 kemaren mamaku juga hampir ditipu. Mamaku dihubungi Baim Wong palsu yang bilang kalau mamaku menang giveaway. Mamaku di vc sama Baim Wong palsu ini, tapi untungnya Mamaku curiga karna suaranya nggak sinkron sama video di vcnya",0,,
UgwRzwypUV0ID_J9k2Z4AaABAg,0,0,"2025-06-21 02:21:30",@raraalostyou,"Jadi inget video ai pak Prabowo mau gift sprei + pak Anies jualan kacamata 😭",0,,
Ugwk73SkkUAfwfK707Z4AaABAg,0,0,"2025-06-21 01:42:29",@zednayastore,"TOLONG😢 .... sumpah....demi apa..k...aku kmrn di VIDCALL ama RAFFI AHMAD .beneran ...tp aku ragu .krn videonya kyk burikkkkk gtu .... dia bilang aku menang hadiah 50 jt....😢😢😢 g nyampe 3 mnt ehh keputus..terus ada nomor lain bilang katanya dia admin raffi terus bilang kalau aku harus MENGISI data pribadi norek no. ktp dll....buat kirim Uangnya...krn sy ragu ..y aku diam sj .terus orgnya nanya.... kk meragukan kami? ....Saya jawab IYA...pdhl sebenrnya antara iya dan enggak ..tp lebih percaya klo ini penipuan....TOLONG...ada yg pernh kyk gini nggak????😢😢😢🙏",0,,
Ugy2o2DGnMIXHiM_hcF4AaABAg,0,0,"2025-06-21 01:32:23",@YuiiiRiz,"Sekarang nambah di toktok tuh banyak. Yang bikin video dengan klaim akan melunasi hutang dan mamaku udah di ingatkan berapa kali itu scam gak mau percaya,aku pasrah sekarang.cuman berharap pemerintah gercep yang kayak gini ilang di semua sosmed,kasian yang beneran lagi hopeless sama utang yang belum kebayar.",0,,
UgxOrBCsTmsDs64rXgd4AaABAg,0,0,"2025-06-21 01:22:07",@ladadida_didudu4414,"24:20 Gerald Vincent juga kak 😢",0,,
UgwmeQBYBNEL1mT6N3J4AaABAg,0,0,"2025-06-21 00:53:38",@rifqaliya,"OHHH ITU PAPA JUDGE 😭😭😭",0,,
Ugz-3jn7nTfBJ3o7gEN4AaABAg,0,0,"2025-06-21 00:32:55",@danangaudityaramadhani1652,"Zaman sekarang AI sama realita udah susah dibedain kak, soalnya makin kesini AI makin canggih...",0,,
UgwP00JhOaDm4_FKYXp4AaABAg,0,0,"2025-06-20 21:45:08",@jenengjoe4840,"Right A lot scammers out there may br India peoples",0,,
UgxP5LgjxYwTkHiCHNl4AaABAg,0,0,"2025-06-20 21:15:41",@SukmaRifani,"Bener banget hrus hati hati sekarang mama aku umur 53tahun jg jandaa hampir saja kena scam di FB 🥺untungnya aku sebagai anak sllu memantau ibu aku klo main sosial media sllu ngasitau ini hoax ini penipu palsuu 🥹 Alhamdulillah msih dilindungi kami sekeluarga",0,,
UgwWJsAz8tdHuMKRfRt4AaABAg,0,0,"2025-06-20 20:21:19",@Pakmupink,"65jt denda 12m Yg si timah denda brp??? 🤣🤣",0,,
Ugy_teJlyKNntowhint4AaABAg,0,1,"2025-06-20 17:17:50",@blablubliblu,"7:05 ini si pembawa acara televisi nya, kerasa banget AI nya padahal.. harus ada rasa curiga gasi si Anne (?) but misal nginget lagi maybe Anne ini newbie buat masalah ig kemarin, ga heran juga bisa ketipu sama AI 😢😢 ngerii",0,,
UgznZw9NgsF-cExQgnB4AaABAg,0,0,"2025-06-20 15:34:52",@dytea.s,"mama ku baru kemarin kena tipu 50jt ka nes, type nya di kasi uang 100rb lewat pulsa invite grup pencet link buat instal apps ilegal, di suru tf seperti di gandakan nantinya bisa berupa uang atau barang hadiahnya tp mama ku ga megang jd di talangin awal nya sm pelaku 10jt tp mama ku mlh di suru balikin n di ancam lapor polisi krn pelaku salah tf ke no rek (aslinya pelaku tf palsu bukti tf nya ngarah ke pelaku lain) tapi krn mamaku ga ngerti n terlanjur kena hipnotis lewat call dia tf tanpa tanya ke keluarga n ngejauh selama penipuan berjalan 4 hari an dan hari ke 4 semua di tf n baru ketawan sore ke malam tp mama ku blm sadar ms terbawa tp akhirnya sidang keluarga mama ku baru sadar tapi skrg mama ku mental nya ga aman bgt ☹️☹️ pls guys be aware buat orang tua kalian yang ga ngerti medsos temenin mrk krn mrk kaya gt mungkin lg ad masalah pribadi n ga mau anak’ nya ikut mikirin. btw nama pt penipuan yg nipu mama ku ( VERTEX ) aku ms punya no owner nya n pengikut bayaran nya n lg proses pelaporan ke polsek",0,,
UgzZtGaciEBD2K8jt_d4AaABAg,0,0,"2025-06-20 15:22:01",@ghinanursabrina5141,"Nomor ku tiap hari bisa 5 nomor baru hubungi bener2 mengganggu dan setiap hari 🙃",0,,
Ugwb4-8ppG2xKHVyoNN4AaABAg,0,0,"2025-06-20 12:55:34",@vinseyyp,"Pengen liat ka nessie colab breng ka nadia omara gasiii",0,,
Ugw7WYOplJY63YBC94x4AaABAg,0,0,"2025-06-20 12:36:55",@hananleon,"astaga papa mertua ga jadi hehe",0,,
Ugzj_igVtRFryaJHUEp4AaABAg,0,1,"2025-06-20 11:31:24",@zahafaa,"di tiktok ortuku sering banget seliweran video ai baim wong bagi² uang untungnya ortuku nanya dulu ini beneran apa engga",0,,
UgxYklt5q5dmWHXoMjJ4AaABAg,0,1,"2025-06-20 11:30:34",@in_themoonlight-l2b,"Ibu ku aja sama tanteku liat editan AI di fb dikira bneran anjiir udah berkali kubilang itu editan ttep aja percaya 😭 Btw promosi judi online AI itu banyak juga yg pakek video raffi ahmad dan banyak youtuber lainnya",0,,
Ugx4s1vO4S4tHqsQW7B4AaABAg,0,0,"2025-06-20 11:06:31",@zionfanani6609,"John smith ? Kaya karakter dari anime eminence shadow garden",0,,
UgwRNZxxCpBfsxVmrYZ4AaABAg,0,1,"2025-06-20 11:02:58",@prasetiotriadi2012,"Ada 2 tetangga gw yg kena tipu, yg satu ngaku kalo dia temen sekolah pas kecil terus mau bagi"" baju ke anak yatim cuma barangnya nyangkut di bea cukai jadi harus bayar 30jt, nah yg satu lagi kena tipu kalo dia berasa di vidio call sama Rafi Ahmad terus disuruh bikin vidio terimakasih ke Rafi Ahmad ehh abis bikin vidio langsung di hack Facebook nya dan vidio yg tadi dibikin di upload sama si penipu",0,,
UgxjQduOsJDGdffj4454AaABAg,0,1,"2025-06-20 11:00:45",@prasetiotriadi2012,"16:45 di Amerika GK ada serangan fajar emang?😂",0,,
UgzX95z4RbXb1p4MBy54AaABAg,0,0,"2025-06-20 10:35:07",@1heeji,"ini sebabnya aku gak suka sama teknologi AI",0,,
UgyCu6gM5xlU-ft2J_J4AaABAg,0,0,"2025-06-20 09:33:51",@nataliadwiyanti1657,"dulu aku gak terlalu anggap klw kasus penipuan AI akan semenakutkan ini, sampai charlotte austin jd korban. parahnya harus tetap vidio call sama pelaku yg pakek seragam polisi selama berjam2. dan dia gak boleh hubungi siapapun krna polisinya gak bolehin dia ngasih tau ke siapapun. kehilangan 1,8 milyar. yang miris lagi banyak org yg hujad dia dgn kata2 ""kamu bodoh bisa kenak tipu""... omg. setelah di usut penipuan ini melibatnya segerombolan org antar negara. ckckckck serem banget manusia2 ini ya",0,,
UgxuPtfm1pelcmamYQR4AaABAg,0,0,"2025-06-20 09:25:21",@RusdiRuhiat,"Gua mlh pernah mimpi pacaran sama mino suzume🗿",0,,
UgxSRSIF70jzoxWmd1l4AaABAg,0,0,"2025-06-20 09:22:49",@LauraOktaviaSiahaan,"Temenku baru kejadian ditipu sama AI foto temenku diedit sama AI dan fotonya dibuat kalau temenku lagi berhubungan suami istri 😢 pdhl temenku ini orang gak ngelakuin hal seperti itu tp AI ini jahat banget 😢 dan aku juga pernah ditipu sama orang lain😢",0,,
Ugz_903VhwDB-fHOmLl4AaABAg,0,0,"2025-06-20 08:34:21",@katefast6756,"Im from malaysia.Ya aku ada melihat video pak presiden.aku hairan juga cara bagi bantuan begitu.rasa pelik tidak patut bantuan di salur dengan cara begitu mustahil harus di salur secara rasmi kan.",0,,
UgxduQI0CPAIVrSUNh94AaABAg,0,0,"2025-06-20 08:00:07",@katefast6756,"Dunia sudah begitu adek.berhati-hati saja yang penting jangan tamak dan berhalakan wang.scamer hanya mahukan wang kita saja.",0,,
UgzFRu2Cebt48uyodm54AaABAg,0,1,"2025-06-20 07:39:48",@trinitasimangunsong6632,"Udah setengah tahun belakangan ini sering kali ditelfonin nomor tidak dikenal, syukurnya aku tim malas angkat telfon dan setelah aku lihat digetcontakct ternyata nomor penipuan 😢",0,,
UgwhLEwdWqbdOV3emxl4AaABAg,0,0,"2025-06-20 06:55:18",@rahonobagusputro,"Tanteku pernah kena deep fake AI give away artis, transfer berkali-kali total 54 juta😢",0,,
UgywBXL3t-BtCcy-jc94AaABAg,0,0,"2025-06-20 06:24:19",@IyusYusuf-bk3qr,"Aku jg pernah ngalamin nya",0,,
UgzgZOAU7sj7a66Z0Ix4AaABAg,0,0,"2025-06-20 05:52:01",@user-Alin557,"Whatsapp pun ngeri..no Whatsapp saya pernah di gunakan orang lain untuk menipu",0,,
UgzD_MXYFos37jFReVl4AaABAg,0,0,"2025-06-20 05:44:44",@chupliez17,"Hahaha... Gue juga kena kak. WA gue bisa dpt sama admin judol. Gue di suruh deposit suruh main 😂",0,,
UgzOpfx_4Je2uRsck-x4AaABAg,0,0,"2025-06-20 05:15:10",@talithaazalia3542,"Klo di indonesia udah dari dulu ada ya scamer gini..biasanya ambil foto polisi,tentara,pilot,pelaut,bahkan foto orang asing..sasarannya ibu2 dan para tkw/tki..sampe di fb ada grup yg mewanti2 soal ini,tapi masih banyak aja yg kena bahkan sampe skarang..",0,,
Ugz558sU1_sODztVSPJ4AaABAg,0,0,"2025-06-20 05:10:10",@Torangdengicad,"emak pacar gue bener” gampang bgt di tipu anjir, liat tiktok berita apapun yg pake AI pasti percata udah dibilangin malah ngegas",0,,
UgyE3CH8Oi1oWf6m_OR4AaABAg,0,1,"2025-06-20 04:34:13",@luckiewidawati9414,"Jahat bangettt! Namanya jg penipu",0,,
UgxPvgnmbYxPYEh2ipN4AaABAg,2,1,"2025-06-20 04:23:09",@abcdefu6969.,"Sumpah saya jugaa Akhir akhir ini bnyk banget nlpn masuk sama wa yng gitu gitu",0,,
UgxPvgnmbYxPYEh2ipN4AaABAg.AJ_UYChdqD0AJ_mEjwkbMq,,0,"2025-06-20 07:06:31",@trinitasimangunsong6632,"Aku juga sering juga ditelfonin hampir setiap sumpah mengganggu sekali 😢",1,UgxPvgnmbYxPYEh2ipN4AaABAg,@abcdefu6969.
UgxPvgnmbYxPYEh2ipN4AaABAg.AJ_UYChdqD0AJeQHiSIe33,,0,"2025-06-22 02:22:08",@abcdefu6969.,"​@trinitasimangunsong6632 Asliii, Jadii Risi banget,Di wa juga banyak banget yang chat penipuan gitu",1,UgxPvgnmbYxPYEh2ipN4AaABAg,@abcdefu6969.
UgxsvxLST-51hXGrfHd4AaABAg,0,1,"2025-06-20 04:12:01",@zeddbe,"Lagi nonton video ini, eh ditlfn penipu, setidak ada harga diri itukah data pribadi kita😭",0,,
UgzCB-lCR_YoSAPqFsh4AaABAg,0,1,"2025-06-20 03:54:42",@bainurahmad6255,"AI sekarang jdi salah gunakan",0,,
Ugx4u5edhoZkT6sFBDN4AaABAg,0,1,"2025-06-20 03:42:52",@NinoSyaqilla,"Udah byk bgt kasus spt ini....love scam.",0,,
UgyKGgnuAiOGeGLS54N4AaABAg,0,1,"2025-06-20 03:35:31",@marleyGenk24,"BANYAK AI IKLAN DI UTUBE . BAPAK AKU SELALU TEREKNA BELI . UDAH SAMPAI BARANG NYA LAIN",0,,
Ugx-klXAS3m-mwOj5vl4AaABAg,0,1,"2025-06-20 03:30:18",@torajasoccer6181,"Masuk, masuk ni, dari pada bahas KI (koplak intelegence) Mulyono🤣",0,,
Ugyy8UAEllRFAwWiRNV4AaABAg,0,1,"2025-06-20 03:06:20",@BREAKELLE,"Pernah menang giveaway diamond dari bang leokoce thanks juga lumos diamond 😂",0,,
Ugx7AoCLZ2iXjh2GlYV4AaABAg,0,1,"2025-06-20 02:47:54",@Sepal_sepil,"Bisanya Iklan iklan ia penipuan yang ada publik figurnya selalu muncul di hp mama mama sedangkan di hp anaknya gak ada tuh muncul, apa mereka bisa tau orang yang pakai hp itu umur berapa",0,,
Ugxcsv4br7OVjm253NV4AaABAg,0,1,"2025-06-20 01:47:38",@Deeba0220,"Kak bahas Porta Potty Party dong kak",0,,
Ugy5zVypymq8ahMrM8h4AaABAg,0,1,"2025-06-20 01:33:47",@gmailk.com22,"Jangan mudah percaya walaupun itu keliatan asli tapi ujung 2 ditipu dan kuras uangnya",0,,
Ugwafsz8LqeL7qRVPGd4AaABAg,0,1,"2025-06-20 00:55:48",@srimaghfiroh1994,"Temenku kena dari yg mengaku raffi ahmad dan baim wong dan itu banyak",0,,
Ugyo31hhBLtDNVtQSqJ4AaABAg,0,1,"2025-06-20 00:51:26",@kucingimut-s4n,"Di fb aku sering liat rafi ahmad promosi judol kk. Parah bngt emg AI skrg",0,,
UgzZDppTiaMC2uhW6rB4AaABAg,0,2,"2025-06-20 00:14:47",@jeongjaehyun-g3v,"Assalamualaikum warahmatullahi wabarakatu",0,,
UgwT61sh5ohqeNQuiyp4AaABAg,0,1,"2025-06-20 00:06:08",@maniezagitsiti_masruroh7094,"Mending konten kreator, Kemarin aq lihat ustadz di buat gitu 24:36",0,,
UgxAw94Wy5adrTujC4F4AaABAg,0,1,"2025-06-19 23:55:51",@iccaaa5849,"rekan kerja ku juga ada yg kena kak, jdi ibuk ini berumur 55 tahun dan bru juga kenal sama sosmed, sama kisahnya sama brad pitt ini, ibuk ni pacaran lah sama artis Hollywood gitu, dan dia cerai juga sama suaminy, dan gongnya lagi dia mntak tlong sama aku buat bantuin beli baju pengantin guys 😭😭 ujung2 nya dia kena tipu beberapa juti dan yaaa dia nyesal",0,,
UgzU4Wtqyvvg6POG_hN4AaABAg,0,1,"2025-06-19 23:29:03",@IyongNurjanah,"Suami aku jg pernah jir , vcall sama baim wong ,,, pokoknya hati2 guys",0,,
Ugy_pDI1Fopnz53zFg14AaABAg,0,1,"2025-06-19 17:03:51",@NingrumPadila,"Yang pakai foto pak prabowo mama ku pernah ikutin sama artis-artis juga, padahal udah aku bilang dari awal itu penipuan tapi mama ku gak percaya 🥲 katanya coba-coba aja mana tau dapat. Dari kapan tu orang nipu mau kasih uang secara cuma-cuma 😅",0,,
Ugwk4EDCgcy6QYvSmdZ4AaABAg,0,2,"2025-06-19 16:17:04",@Gummybear_0w0_,"Noxxa be like : Ide itu mahal boss",0,,
UgxM-RaTYG-oqoD4b2N4AaABAg,0,1,"2025-06-19 13:27:38",@batursasak3262,"paling kesel sama netijen2 sdm rendah yg gampang banget percaya sama begituan. gua udah capek ngingetin tapi mereka seolah olah bodo amat",0,,
UgwJ2cJKVsJKTX1Mg7F4AaABAg,0,1,"2025-06-19 13:23:14",@APRILMART346,"Alhamdulillah nya kak aku kurang excited dengan semua gift atau hadiah kaget atau apa pun itu yg menyangkut soal hadiah bonus uang... Aku sih lebih percaya hasil kerja keras ku, aku kerja keras aku punya sesuatu sudah gitu z",0,,
Ugx8f69pYBiTEwTVIqB4AaABAg,0,1,"2025-06-19 12:45:59",@olliehuck_ch,"65 Juta, 12 Tahun Penjara 300 Triliun lebih, 6,5 Tahun Penjara🎉🫢",0,,
Ugwp4MFkpqAlK2zyKCZ4AaABAg,0,2,"2025-06-19 12:39:43",@rrbro05,"Udah paling bener tu AI nya tung tung sahur",0,,
UgzyHQr6jbqigS1Nv_t4AaABAg,0,1,"2025-06-19 12:27:01",@sevianadr,"Di indo paling parah kayaknya penipuan giveaway baim wong ga sih? Soalnya aku aja sampe jadi saksi mata gmn mereka si scammer nipu calon atau bahkan para korban ya. Ngga cuma sekedar tulisan, mereka pake AI buat foto, bukti transfer, video, suara, bahkan VIDEO CALL PAKE AI! jadi seolah Baim wong itu beneran asli mau kasih giveaway buat masyarakat dg syarat pajak ditanggung pemenang. Mereka sampe bisa meretas akun wa, fb, ig, tiktok dan sosmed lain buat sekedar promosi kalau si pemilik akun berhasil dapat giveaway dari baim wong. Guyss, kita yang lebih khatam dalam bersosmed tolong jangan cape dan jangan abai sama orang orang tua disekitar kita yang pegang hp yaa, karena mereka ngga cuma nyerang orang bersosmed, kadang gak pake sosmed pun masih ditelfonin pake suara hasil AI. Kasian banget orang orang tua disekitar kita kalau kita ngga perhatian. Harus lebih sabar mengedukasi orang tua kita kalau di sosmed banyak model penipuan salah satunya giveaway palsu pakai AI, biar seenggaknya mereka punya rasa waspada kalau2 dihadapkan beneran sama situasi kaya gitu tuh langsung keinget omongan anak, tanya dulu ke anak. Jangan cape cape mengedukasi bersosial media ke orang tua ya guys, gimanapun juga dunia memang terus berjalan, wajar sekarang banyak orang tua tersentuh sosial media, kita yang ngerti yang harus lebih banyak sabarnya dalam mengedukasi yang belum paham",0,,
Ugx6pThY_3Y41sdK_ml4AaABAg,0,1,"2025-06-19 12:12:13",@bbdarling,"that's why i controlled my parents phone",0,,
UgwnAk06kF1R_q4CAjd4AaABAg,0,1,"2025-06-19 11:08:44",@xcoxco5605,"bahkan ada yang promosiin judol pake vid ustadz ternama 😞🥀",0,,
UgyaNjNw2Ab1xhZvCKR4AaABAg,0,1,"2025-06-19 10:45:22",@peaceplease2652,"Bahkan ortuku aja sampe sekarang masih sering ketipu sama video2 AI dan phishing. Di FB tuh banyak banget yang gitu, jadi kadang kita harus bantu cek buat ortu kalo itu info benar atau gak. Sampe kalo liat ortu gerak-geriknya lagi nyari data personal tuh jadi was2 takut mereka input ke link yang sembarangan. Serem jujur, ortu berhasil diselamatkan tapi ngeliat teman2 mereka yang ngeshare udah kena duluan 😢",0,,
UgxOlz7mIfK9wL01y-N4AaABAg,0,0,"2025-06-19 10:18:00",@nimaafiyah2104,"Baru tau itu papanya ka nessi 😂, dulu liat video itu brulang2 candu bgt maki2 penipunya😂",0,,
UgzG0T_ZSmB--3V9TjF4AaABAg,0,0,"2025-06-19 10:11:17",@karimacan8069,"2/3 tahun lalu, aku sempet kena love scam yang menjanjikan aku dapet uang 3.400.000,00 usd dari orang Korea yang ngaku kerja di luar korea, aku lupa dimananya karena itu udah 2/3 tahun lalu Akhirnya aku yang bodoh ini main chat aja ke e-mail yang di share oleh si penipu dengan alasan akan berbicara dengan pihak bea cukai, dari pihak tersebut meminta uang tebusan 15 juta, lalu aku bilang ke dia kok ada pembayaran segala? Katanya alasan uangnya itu ditahan Bodohnya aku lagi aku tuh udah tau gak punya duit, malah ajuin pinjaman online waktu itu adakami😭, 4,2 juta aku tf ke dia, dan besoknya aku baru cari tau karena dia bener” maksa harus tf sesuai 15,2 juta… hampir aku mau minjem di bank😭 lalu iseng” nyari modus penipuan bea cukai, dan sumpah ini jangan kalian ladenin ya, untung aku gak sampe kasih ktp maupun no rek, alhamdulillaah udah terbayar pinjol ku di tahun berikutnya Terserah kalian mau katain aku bodoh, tapi kalo kalian ada di posisiku yang gak tau teknologi yang kaya gini Tolong hati” ya guys😢",0,,
Ugyjhph9nF4FEODJ3Ah4AaABAg,0,0,"2025-06-19 09:58:48",@yuliislamiyah8354,"Ada video nya Raffi Ahmad bagi bagi give away berseliweran",0,,
Ugwh01QsuFWT1Ysik6J4AaABAg,0,0,"2025-06-19 09:40:27",@AmmarNurie,"Boleh bercinta atau membantu pacar nya tetapi supaya tidak tertipu harus ketemuan secara langsung dan pastikan pacar MU itu benar2 single jgn jadi orang ketiga itu bahaya kamu bisa dijadikan kambing hitam",0,,
UgxLJEEAEJLmhg6X3dR4AaABAg,0,0,"2025-06-19 09:39:50",@frogatthemoons,"Mana ada presiden bantu langsung warganya 😂 kalau manfaatin sih iya emang sering",0,,
UgxSNSYh1sCBCj3Dim14AaABAg,0,0,"2025-06-19 09:15:17",@najlaazzahraofficial1812,"Wehhh mama aku sering liat yg giveaway² uang gitu, udh sering diblgin kalo itu boong tapi masih aja diliat dan difollow akunnya😢",0,,
UgzEuLhyrclgla_JwG54AaABAg,0,0,"2025-06-19 08:47:52",@husnulreza9394,"Mama ku TF pulsa 300 RB 😢",0,,
Ugw0JS8Qf74ja19-guV4AaABAg,0,0,"2025-06-19 08:43:02",@KangJagungBakar,"baru tahu aku T_T",0,,
Ugz1BC5UnTR5KuEqgp54AaABAg,0,0,"2025-06-19 08:40:05",@jackrivai,"Di youtube juga ada nih, kalo ga salah iklan susu untuk tulang CMIIW! Pake foto org lain terus dipakein AI biar seolah² ngomongin manfaat dari susu tersebut. Tolong buat siapapun yg jago soal IT, manfaatkan skill kalian untuk membasmi scammer² sampah kek begini!",0,,
UgyfcPB9JbIxP0Ie2Gh4AaABAg,0,0,"2025-06-19 07:44:56",@SJ89138,"Hadehh kalo yg soal tf tf ma org ga dikenal,bahkan sodara aja kita musti hati hati, jgn terbuhai kenalan di sosmed lah, sosmed itu kaya mmbeli kucing dlm karung bro, ga ada yg real,yg real itu kalo luh bisa sentuh lihat kasat mata itu lah real😊",0,,
UgyskQNAtkA23qF0Axx4AaABAg,0,0,"2025-06-19 07:06:48",@user-notmyname,"ai ai",0,,
UgwFa18Zr-fsBtb4O894AaABAg,0,1,"2025-06-19 06:59:03",@Jhuuunim,"Aku sgt berharap kak nessie ama kak nadia omara bisa collab. Sekalinya kak nadia masuk konten kak nessie malah perkara penipuan AI 😭😭😭 F U SCAMMER!",0,,
UgwgINYWbbBufQXurRB4AaABAg,0,0,"2025-06-19 06:58:04",@kyleiwy,"jadi keinget meme Taylor yang dm ig skskksksksksk",0,,
UgxwEYQ2PUENs2GYsj14AaABAg,0,1,"2025-06-19 06:23:21",@lucyramadani1472,"ka tetangga aku juga kena tipu dengan iming iming investasi mereka di suruh download aplikasi dan menyelesaikan misi misi dan awal awal memang mereka di bayar namun setelah orang orang percaya dan menambah modalnya sampe puluhan juta sekarang aplikasinya terhapus dan uang itu hangus tolong sebarkan jangan sampai ada yang tertipu lagi",0,,
Ugx04EiDpBtQkJMKmWB4AaABAg,0,0,"2025-06-19 06:13:12",@NOY_GAMING_NOOB,"Thanks kak nessie sudah membaagikan ini 🙏 untuk orang tua masih banyak yang belum tahu, bahkan saya sebagai gen z belum ada pemikiran sampai ke arah penipuan scam ai semacam ini. Menurut saya kak nessie melakukan kebaikan yang tidak semua orang bisa lakukan. Sekali lagi terima kasih ❤",0,,
UgxkKy-cdsSnD8JTtS14AaABAg,0,0,"2025-06-19 05:41:22",@Diane_Lily,"Beberapa menit lalu sebelum nonton video ini, ada puluhan telepon spam & penipuan masuk di hp-ku. Be careful guys.",0,,
Ugwh4xL8z2tPqxhwGWB4AaABAg,0,0,"2025-06-19 05:37:34",@AceeellMarcell-bq8gz,"Iya bener..pulici gak bs berbuat apa2 dgn penipuan online..ak pernah kena..d@n mrka malah suruh aku menyerah..krna waktu dan uang yg aku keluarin akan lebih banyak utk prosesnya daripada uang yg udh aku keluarin utk penipu..",0,,
Ugw8pcRT6M8MncbDdCt4AaABAg,0,1,"2025-06-19 05:22:39",@risnaalfiah1596,"Di indo juga ada kk, bapakku pernah di chat baim wong 🤣🤣🤣🤣",0,,
UgxDJpAjL1XganEMpS14AaABAg,0,0,"2025-06-19 05:19:59",@WanwanMm-n2h,"Pake iphone lebih aman tanpa gangguan teror ngeblock otomatis😂",0,,
UgyuZHwSgHxglkca_nF4AaABAg,5,23,"2025-06-19 04:28:09",@Lalaoai.run37,"THIS HAPPENED TO ME! Annoying bgt sehari bisa di telponin 10x lebih dan setiap kali mereka telpon tuh pake nomor yang beda! Gila! RIP privacy",0,,
UgyuZHwSgHxglkca_nF4AaABAg.AJXvJyYH424AK-GMzOVMly,,0,"2025-06-30 13:58:46",@sajakkhadijah7591,"Sama kak. Baru aja 2 hari lalu. Aku ditelfon 15 no baru. Gila. Annoying bgt.",1,UgyuZHwSgHxglkca_nF4AaABAg,@Lalaoai.run37
UgyuZHwSgHxglkca_nF4AaABAg.AJXvJyYH424AK-N1o9aMUv,,0,"2025-06-30 14:57:03",@Lalaoai.run37,"​@sajakkhadijah7591 yakaannn aku males angkat klo kek gtu. Tpi ganggu bgt, semua org literally tau nomor kita kesel bgt 😭",1,UgyuZHwSgHxglkca_nF4AaABAg,@Lalaoai.run37
UgyuZHwSgHxglkca_nF4AaABAg.AJXvJyYH424AKaLeaLnWvJ,,0,"2025-07-15 08:56:09",@SabrinaAyuw,"Aku sampe aktifin mode pesawat terus untungnya di rumah dan tempat kerja pake wifi",1,UgyuZHwSgHxglkca_nF4AaABAg,@Lalaoai.run37
UgyuZHwSgHxglkca_nF4AaABAg.AJXvJyYH424AKbIzTlAUeA,,0,"2025-07-15 17:52:01",@Lalaoai.run37,"​@SabrinaAyuw resek banget kaannn ya walaupun ga pernah ku angkat tlp nya tp tep aja annoying lagi pake HP tetiba di interupsi",1,UgyuZHwSgHxglkca_nF4AaABAg,@Lalaoai.run37
UgyuZHwSgHxglkca_nF4AaABAg.AJXvJyYH424AKbJ2pz6JVT,,0,"2025-07-15 17:52:37",@Lalaoai.run37,"​@sajakkhadijah7591 emang ngeri banget. Kayak data pribadi kita uda di obral abis2 an",1,UgyuZHwSgHxglkca_nF4AaABAg,@Lalaoai.run37
Ugw0e79T02gGSVGPwTx4AaABAg,0,1,"2025-06-19 04:21:44",@rasu2947,"Aku sampe ngeblokir telpon nomor ga tersimpan... Aku takutnya kalo oebting jd keblokir, tapi dapet telpon tawaran pinjol 2-3x sehari tuh capek bgt....",0,,
UgwmHwHExvqrJf3lwn54AaABAg,0,0,"2025-06-19 04:20:27",@RADENCATAR81,"Kok ada gambar nadia omara 😂",0,,
UgwTA3cr7TbJOZn2Qtt4AaABAg,0,0,"2025-06-19 04:18:27",@afia1480,"tiap harii aku di telponin tawaran pinjool suara robot nomornya udah di blokir tapi masuk teruus dengan no berdeba tiap hari ganggu banget, gak di angkat takut cutomer.... no yang niat mo nipu mah dah sering juga aku sering jawab ""salah orang lu bang gw mah orang pinter gak gampang di tipu"" jawaban kang tipu nya ""lonte lu, perempuan muranhan lu""",0,,
UgzkI0ngmO1UMMyM5tV4AaABAg,0,0,"2025-06-19 04:08:39",@huahhhngntuk4771,"Situs judi ada yang dibuat AI yang meng-atas namakan Artis seperti Sule , Andre taulany , Raffy ahmad dll",0,,
UgyfLnGgKiBsNhtXS-14AaABAg,1,1,"2025-06-19 04:00:27",@annikurniati5816,"pengalaman ku juga kena tipu tahun 2023, kena tipunya di jepang😂 karena liat harga murah krna ada diskon diweb. awalnya aku liat iklan dinstagram yang ada carseat,gendongan bayi, sma stroller untuk anak bayi. murah banget. jauh dari harga aslinya. harga asli carseatnya 5,5 juta tapi diweb itu hanya 650 ribu. kubeli pake kartu kredit ku. ku tunggu seminggu, krna katanya waktu pengiriman hnya seminggu. waktu lewat waktu seminggu, saya email ke mereka, dan hebatnya penipu itu balasin juga. disuruh tunggu lagi seminggu, terus seminggu kutunggu lagi, barang nya tidak sampai. ku email lagi, dan mereka bilang ada kendala. wah, mulai tidak beres ini. saya cari di google ""barang yang dipesan, tapi tidak sampai"" pake bahasa jepang. dan beneran ada. banyak yang bilang itu penipuan. banyak orang jepang juga tertipu. Ada himbauan juga dri pemerintah sini untuk berhati-hati. Dan sekarang beras di jepang mahal-mahal. Nah, mereka buat lagi webnya ""beras murah"" trus kalau kita cari google "" MAU BELI BERAS MURAH"" nah web penipu itu muncul pertama. KACAU...",0,,
UgyfLnGgKiBsNhtXS-14AaABAg.AJXs99JGD15AJXt5izKeO8,,1,"2025-06-19 04:08:43",@annikurniati5816,"Oh iya mau ku tambahin. pembayaran di web itu hanya pake kartu kredit atau debit. Tapi biasanya kalau belanja online resmi itu pilihannya cara pembayarannya bnyak. Ada konbini, pay pay, amazon pay atau pay pal dan cash. Dan setelah pembayaran pake kartu kredit ku itu, ternyata mereka pake dollar singapura.",1,UgyfLnGgKiBsNhtXS-14AaABAg,@annikurniati5816
Ugy53kE9fs4yYJySbZ14AaABAg,0,0,"2025-06-19 03:57:11",@hennychaii,"Bibi aku sudah kena sama cwo profesi Dokter yang dia kenal di FB Sama persis seperti yg di ceritakan kak nessie Bibi aku pacaran sama dokter asal Australia ganteng putih Dan dia setiap hari chat bibi aku, dab mengatakan mengirin hadiah buat bibi tapu biaya bea cukai mahal jadi bibi aku disruh bayar dulu nanti si cwo ini ganti setelah hadiah diterima bibi aku Terlena akan ketampanan sang Dokter akhir nya bibi aku tf bertahap tuh selama beberapa hari Misalnya hari ini blm dtg, bibi aku tny kok hadiah nya blm sampai kan sudah di tf? Dokter nya blg hadiah masih ditahab krna biaya bea cukai nya kurang Akhir tf lagi lah sang bibi aku Mungkin semua total ada 4jtan kali Ga lama kami sadar bibi di tipu(karna beliau juga pacaran diam2 sama ini dokter ibarat dia takut kami pikir dia selingkuh) Baru lah kami minta kirim foto dokter nya, buset astaga itu foto dokter2 yg di googlee😭😭😭😭😭 Lengkap dengan nama si dokter😭 Terakhir dokter chat lagi dengan ancaman bahwa jika hadiah yg ditahan tidak segera diambil bibi aku di Bea Cukai,,polisi akan datang ke rumah tangkap bibi aku Kami yg sudah naik pitam,,langsung gw DM itu dokter palsu sialan ""Heh, kalau mau kerja tuh yang bener, jangan nipu2 orang yang sudah miskin kau tipu2 begini,,kasih anak bini mu duit halal"" Auto kami nya kena block sama si dokter😂 Dan baru lah bibi aku tersadar dan menyesal😢 Kejadian sekitar tahun 2022 gitu kalau ga salah Apakah sudah ada AI tahun 2022 kemarin kak?",0,,
UgwRa5pg-dnkKc8AeVF4AaABAg,0,0,"2025-06-19 03:53:55",@idalee2604,"Ya kali dpt duit hanya modal share,like,klik...halahh halaahhh koq ya gampang men pda percaya.😂",0,,
Ugw8MILMS9eXBeSt9Lt4AaABAg,0,0,"2025-06-19 03:33:28",@aninditachoirunisa2942,"saya juga hampir kena scam kak nessie… dulu waktu jaman hp saya masih esia 😂 scam nya kena pas banget sehari setelah saya putus… kebetulan banget saya udah lulus SMP dan lagi libur nunggu masuk SMA, jadinya pas lagi di rumah dan ada orang tua… dia ngaku2 sebagai mantan pacar saya. Dia bilang dia mau ke rumah. terus saya sms “kita sudah putus. Kenapa masih mau kesini?” terus scammer nya bilang “aku minta maaf, kita balikan lagi ya” terus dia cerita mau ke rumah naik motor sendiri. Padahal dulu dia selalu dilarang orang tuanya kalau mau naik motor krn usianya blm 17 tahun. Disitu saya agak skeptis. Tapi entah kenapa seneng juga karena akhirnya gak jadi putus… Oh iya kenapa saya percaya itu mantan saya, karena mantan saya cerita hpnya tenggelem di laut pas main di anyer. jadi saya maklum kalo dia ganti nomor… Saya tunggu scammer itu dateng, tapi sampai 1 jam kok belum sampe2… Padahal rumahnya dia gak jauh, kalau naik motor cuma butuh 20 menit. Pas saya sms lagi, gak lama dia bales kalau dia lagi di kantor polisi. Dia ditilang karena naik motor gak pakai helm. Terus motornya disita, dia gak bawa stnk juga. Dia bilang polisinya mau ngelepasin kalau saya isi pulsa sebesar 300 ribu… saya bilang “telpon ayahmu lah. Gila aja saya gak punya uang segitu” dia bilang takut dimarahin bapaknya kalo minta ke sana. Dari situ saya mulai sanksi. Karena dia manggil bapaknya dengan Papah, padahal dia manggil bapaknya itu Abah. Saya bales lagi “emang kamu gak bawa duit?” dia jawab “bawa, tapi cuma 150 ribu” saya bilang “sini deh aku nego ke polisinya.” nah yaudah tuh suaranya berubah jadi scammer yang berpura2 jadi polisi. Terus saya nego saya masih anak SMP, cuma ada uang bulanan 150 ribu. Terus dia oke kalo saya isi pulsa 150 ribu… Nah terus suara telponnya langsung dialihin sama scammer yang ngaku mantan saya… dia nanya “gimana say? jadi isi pulsa 300 ribu ke aku?” aku bilang “polisinya mau tuh 150 ribu. Kamu kan punya 150 ribu.” nah karena saya gak mau isiin pulsa, dia marah banget. Mulai bilang saya egois, ngancem mau putus lagi, dll terus saya bales “ya kita jg udah putus kok. Mending putus aja daripada jadi cowok pengeretan” yap endingnya saya dikatain “4nj*ng lu! B4bl lu!!” then dia menghilang, nomor hpnya jg langsung gak aktif. Pas saya ngehubungin ibunya, ya bener itu bukan nomor mantan saya. Mantan saya udah di pesantren dan nggak mgkn bawa hp…",0,,
UgwE74EMKacUcPxG9QR4AaABAg,0,0,"2025-06-19 03:15:43",@kimkimmy_aja,"kak ness, ortu ku suka kemakan berita2 di tiktok yang udah aku yakini itu pake AI. udah aku kasih pham tapi mereka malah marahi aku. ktanya aku anak gak paham apa2 sok2 an nyeramahi orang tua. bingung kak gimna carany ngasih tau ortu klo di tiktok banyak scam AI😔",0,,
UgxLV7s-gyqSfsJ5vV54AaABAg,0,1,"2025-06-19 01:49:54",@adimasda,"Sisi Gelap Internet Yg Kalian Gak sadari 😢",0,,
UgxoeYcC-Fald14mF3F4AaABAg,0,1,"2025-06-19 01:37:24",@evalery7169,"Baru tau itu bokapnua nessie karena konten ini😂✋",0,,
UgwXLk2ZILrw5F_Zg494AaABAg,0,2,"2025-06-19 01:37:12",@riastadewi9800,"ih pernah ayahku di telp no tidak dikenal dengan pp Bank BRI trus bilang ada pengeluaran beberapa jt untuk pembelian pulsa, cuman lucu aja siapa yang beli pulsa puluhan juta😂😂, trus dikerjain sama ayahku eh dia malah bilang ayahku miskin makanya gak punya uang trus dimatiin telpnya kita ketawa dengernya. cuma mau mengingatkan guys buat tetep hati hati penipuan jaman sekarang itu udah pada jago jago banget, jangan mudah percaya informasi yang belum pasti klo bisa cek dulu kebenaran dari informasi tersebut",0,,
Ugwr0y6UBYuL3yN-dkp4AaABAg,0,0,"2025-06-19 01:23:15",@ilhmali,"Ga kebayang si kalo AI udah sempurna mungkin kita manusia udh susah banget bedain mana real mana palsu. Entah berapa tahun lagi itu berkembang sampe era fitnah itu terjadi😢",0,,
UgySangd5iDS38zUv354AaABAg,0,0,"2025-06-19 01:17:29",@komentator-b5g,"Wajah pembawa beritanya aja lain gak simetris",0,,
UgwJlMIzVPEnZQOt-jl4AaABAg,0,0,"2025-06-19 00:51:44",@tanianabilla8356,"Ka nesss sedih bgt baru 1 menit play video langsung ads nya pinjol 😢",0,,
Ugz8sfaTX9ZtjZtJWah4AaABAg,0,0,"2025-06-19 00:35:52",@argee._,"mantap makan noh ai ai yang lu dukung lu sembah....udah tau rakyat indo rata rata bodo eh...malah kehantam ai...",0,,
UgyRrxuQWnbM5gmNKbp4AaABAg,0,0,"2025-06-19 00:26:40",@febfebriy,"Tapi yg Gibran itu kelihatan gak asli sih..ya tapi kembali lagi kalo orang tua"" yg gak terlalu paham sosmed ya bahaya sih..",0,,
UgxW-PafJs0IZMdXPiF4AaABAg,0,0,"2025-06-19 00:15:48",@rudaaditya4004,"Video kak Nessie yg ini, langsung saya share ke ibu saya Karena beberapa kali ibu saya kena tipu lewat medsos 🤦‍♀️ Dan emang kebanyakan korban² yg berhasil ditipu adalah ibu² yg umurnya kisaran diatas 40 tahun'an",0,,
UgzK2TIeREF_HIz_PP54AaABAg,0,0,"2025-06-18 23:23:19",@NSR-Blitar,"konon yg salah TF bisa di lacak tp.klo dalam kasus penipuan itu tidak mungkin bisa cair kembali.",0,,
UgwmjICLB2O9wPTF2-N4AaABAg,0,0,"2025-06-18 20:55:30",@hi_ddeulgi3646,"Pernah menang giveaway dapet dana 100rb dari base di twitter 😅",0,,
UgwF9LrnjCiMwVN62yt4AaABAg,0,0,"2025-06-18 18:35:00",@AdjieKarunia,Next15scam,0,,
UgyUjZQSiZ3M-DJ5T414AaABAg,0,0,"2025-06-18 16:55:45",@impb6606,"Sounds so unbelievable stupid.",0,,
UgzTqbQL4V2t2IKXb5d4AaABAg,0,0,"2025-06-18 16:46:25",@Ailurophile357,"Guys... jangan² cuplikan klip² konspirasi yg beberapa tahun lalu tentang orang² penting dunia yg tiba² matanya berubah sekilas seperti mata reptil itu AI juga 😱🤯🫢 And btw, soal crypto atau bitcoin itu kalo bagi kita² yg orang awam & gk begitu ngerti cara mainnya, hukumnya haram kata pak ustad... tapii kalo ada orang² yg sangat mahir & mengerti cara kerja nya itu bisa jadi hukumnya mubah alias boleh Jadi intinya hati² aja buat semuanya, ini akhir zaman, ada yg bilang juga AI ini adalah salah 1 dari fitnah dajjal yg berusaha merusak manusia & menjauhkan kita dari sang pencipta dan melupakan akhirat",0,,
UgwfRMdrCH1OjRgp6IZ4AaABAg,0,0,"2025-06-18 16:32:42",@84ndrew,"Subricb cwe nadia omara ama nessie judge doank gua mah",0,,
UgyA-aTwRskqMmEvHMZ4AaABAg,0,0,"2025-06-18 15:56:32",@tirahma858,"Pernah main 1game yang ada iklan nya, di klik iklan ternyata situs judol yang promosinya Komika Indra Jegel + Jhon LBF Gila jahat banget AI sekarang😭 Sempet ku SS yang Indra Jegel, tapi yang Jhon lupa ku SS.",0,,
UgwhniDiTWQ4xaVtpTB4AaABAg,0,0,"2025-06-18 15:54:36",@jasukegoda-cz3tn,"jelek bgt editan AI nya 😂 wong mereka asli ngomong aja gak bisa dipercaya, apalagi video jelek gitu",0,,
UgzniCNksNNeQP1I4W94AaABAg,0,0,"2025-06-18 15:07:07",@watermelon8273,anjay,0,,
UgxG2uPd7tcJEBpBlDJ4AaABAg,0,0,"2025-06-18 14:59:44",@anntoinetteryth9718,"pernah kena tipu Jastip aja sih hahaha... jadi OOT",0,,
Ugxn_JTbRr6HELiJgGl4AaABAg,0,0,"2025-06-18 14:54:01",@satufakta_sehariid,"baru kejadian minggu kemarin, ada orang ngaku nemu ktp teman saya di satu daerah padahal ktp asli ada di dompet teman saya. bahkan orang yang nemu punya bukti ktp teman saya, difoto diatas meja. identitas nya benar-benar mirip. hanya berbeda di tangga penerbitan ktp. teman saya mau ketemu dgn orang yg ""nemuin ktp"" , tapi dicegah sama org lain karna pernah ada kasus serupa dan ujung-ujungnya korban dibegal. ngeri banget jaman sekarang. kerjaan makin sulit, harga kebutuhan makin tinggi, orang akan putar otak untuk bisa dapet uang apapun caranya.",0,,
Ugyn3P9lrBcIDeDt0IB4AaABAg,0,0,"2025-06-18 14:51:17",@nurmalasari05,"Semoga penipu² ini segera bertaubat",0,,
UgydDDHrOlT4RW2__up4AaABAg,0,0,"2025-06-18 14:46:27",@irmasianturi1554,"Kak nes, aku pernah menang giveaway kaos nerorist dari live preloved nya nilover wkwkwkwk 🤣🤣🤣",0,,
UgxvdCPjACwKA_PYtCt4AaABAg,0,0,"2025-06-18 14:45:50",@sekarfransiska6954,"Btw ibuku pernah kena scam jg, dulu habis ayahku meninggal, ibuku baru kenal aplikasi facebook diajarin oleh teman kerja, dia merasa seneng bisa terhubung dgn temen2nya di fb buat ngisi kesepiannya, tp stelah itu mulai ada cowok2 yg deketin ibuku, komen2 di foto ibuku dan inbox, ada 1 org dgn pp kyknya orang thailand ganteng parah ngaku kerja di perminyakan janjiin ibuku mau nikahin dan beri apapun, bahkan sempet ngirimin ktpnya tp bener2 kliatan klo itu ktp editan, tp ibuku gabisa lihat itu.. terus org itu bilang mau dateng ke rumahku tp dia ga ada biaya buat ambil gajinya di kantor (kantornya di Riau) tapi dia kerja di kalimantan. Logikanya org perminyakan laut ga ada uang kan aneh, trs ku tanya udh pernah vc blum, kata ibuku gapernah vc karna di laut ga ada sinyal.. trs itu org minya di tf buat biaya helikopter ke riau dan cairin gajinya.. ibuku udh tanya ke ak lalu ku jwb kalo itu penipu, tp ibuku ga percaya. Trs habis ak pulang kuliah, ku tanya ibuku dr mana katanya habis transfer itu total 19 jt, trs ak marah.. tp ibuku ttp denial karna org tau masih chatan sm ibuku mesra, trs ibuku masih brusaha buat tf karna katanya cairin gajinya perlu uang admin 5jt dan ibuku rencana mau jual motorku.. wah ini ga masuk akal sih.. trs stelah itu habis si org itu di wa sm cowokku takutlah dia, tiba2 wa nya ceklist 1 seharian, dan akhirnya ibuku percaya klo nipu dan nangis minta maaf ke ak 😭",0,,
Ugz8KHw0atSOTh5ggYt4AaABAg,0,0,"2025-06-18 13:59:38",@raihanaja3210,"Gw dulu pernah kena tipu dari giveaway frontal gaming, pas zaman² give away Jess no limit dan naisa Alifa yuriza. Gw di DM penipunya kalau gw menang give away IP biasanya kan kalau nipu minta uang yak ini nggak dia malah minta kartu keluarga, dan gw kirim untung sampe sekarang aman",0,,
UgytpI8mWQtJxZUkM494AaABAg,0,0,"2025-06-18 13:59:23",@Bunda_Dbee79,"Kyk emak gw, sampe heboh seneng banget katanya Pak Presiden duet nyanyi dangdut bareng idola pujaan dia si Lalerrr 😂 dibilang bohong, malah gw di bilang sirik 😭 ya gmn ga sirik itu idola pujaan yg dibangga2in seolah dia emak kandung nya 🤬",0,,
Ugx8aPS-iPKZGtD4HNx4AaABAg,0,0,"2025-06-18 13:55:57",@agustinaendah8180,😂,0,,
UgxBJW91Qi2Y-X7wQ-p4AaABAg,0,1,"2025-06-18 13:54:17",@Doel125,"Pacaran dgn bradpit🤣kedunguan hakiki",0,,
UgyAdwtduQs3thksTI94AaABAg,0,0,"2025-06-18 13:48:54",@rnmriaa,"wkwkwk hari ini aku udah di tlp 6x dari pagi sampe td sebelum maghrib, habis maghrib tiba-tiba udah ada grup wa ga dikenal",0,,
Ugwm--M1sBnPsAz780V4AaABAg,0,0,"2025-06-18 13:37:47",@hamidasaid5784,😬,0,,
UgxbrW_LN-yU0NAJV3t4AaABAg,0,1,"2025-06-18 13:27:41",@novanafisahzulfa7409,"15:35: ""YANG GA AKAN AKU SHARE SAMA KALIAN!!"" Mantap ka nessieee!! jgn sampe ada org bodoh yg membodoh2i masyarakat lagiii, plisss ga semua org faham mana AI mana asliiii, yakin banget si korban pasti sdg kepepet butuh uangg🥺🥺",0,,
UgxCGyeM9bldkSk88YJ4AaABAg,0,1,"2025-06-18 13:08:44",@nisabastrian,"KALIAN PERNAH LIAT NGGAK AI NYA USTADZ ABDUL SOMAD PROMOSI JUDOL😭",0,,
Ugwzl5x91kB2KZd0HA14AaABAg,0,0,"2025-06-18 12:55:17",@HumairahAnbarwatiYusri,"Astagaaaa.. papanya tohhh 😂😂😂😂",0,,
UgwyZrL6JfRZHDDKI_R4AaABAg,0,0,"2025-06-18 12:27:10",@MelissaMeyer-l1c,"⭐ALEXIS⭐1.7⭐ bikin lo jadi sultan!",0,,
UgwLfIlhP3wafK2o7cx4AaABAg,0,1,"2025-06-18 12:18:27",@Soacer,"0:15 mahal 🙄 turunin sikit gw langsung beli",0,,
Ugwq56zNE6WLrkoZ8hN4AaABAg,0,0,"2025-06-18 12:18:20",@barangantiq,"Di FB Nessie jadi admin judol😂😂😂 Ngakak bgt",0,,
UgyxhvA8FSbBd8pPNvN4AaABAg,0,0,"2025-06-18 12:04:34",@ufigiy2990,"Sambil makan malah keselek karena ngakak 🤣, scroll ALEXIS17 sambil nonton ini, next upload harus lebih lucu dari ini ya! 😄",0,,
UgzBZhijQibwNDs7lEh4AaABAg,0,0,"2025-06-18 12:04:26",@hiralalgupta8879,"Sambil makan malah keselek karena ngakak 🤣, pas nemu ini di ALEXIS17, yang nonton pasti ngakak juga 😂",0,,
UgyIFIgZNzCa13-IxjV4AaABAg,0,0,"2025-06-18 11:55:32",@CurtisGiles-l2l,"⭐ALEXIS⭐1.7⭐ emang paling gacor!",0,,
UgxsSqtSAu5d6cl6iBh4AaABAg,0,0,"2025-06-18 11:52:13",@DevVyas-od2yo,"Ga kuat anjir ketawa mulu 🤣, pas buka ALEXIS17 juga, yang setuju like! 🔥",0,,
Ugy84W2OKRxXA4iqMWJ4AaABAg,0,0,"2025-06-18 11:10:31",@WilliamTapia-r7b,"⭐ALEXIS⭐1.7⭐ bikin hidup lo makin berwarna!",0,,
UgxNwWvnCxLSeLZJRKV4AaABAg,0,0,"2025-06-18 11:04:57",@pardipbhaimedaMeda,"Tolong ini udah di level dewa lucunya 🤣, pas nemu ini di ALEXIS17, makasih udah upload konten ginian 😆",0,,
Ugxiwda4XyAXlIn1Okh4AaABAg,0,1,"2025-06-18 11:02:13",@DilaaaNadila,"Customer aku di alfa banyak yg sering kena scam penipuan vidio dari artis nanti dpt hadiah , sering banget ku bilangi kalo penipuan tapi malah ngeyel 😭",0,,
UgyYTDb6JFUJtSkUeT94AaABAg,0,0,"2025-06-18 10:36:36",@dharmrajkeer4511,"Ga kuat anjir ketawa mulu 🤣, sambil scroll ALEXIS17, yang nonton pasti ngakak juga 😂",0,,
UgyZ2nlLtouc8Rt-UHh4AaABAg,0,0,"2025-06-18 10:36:32",@beenathapa8528,"Ngakak parah liat ini 😭, sambil scroll ALEXIS17, next upload harus lebih lucu dari ini ya! 😄",0,,
UgwVdzKgumtPgj6MDXR4AaABAg,0,0,"2025-06-18 10:34:09",@SusanWhite-l2n9z,"Dijamin ketagihan cuan di ⭐ALEXIS⭐1.7⭐!",0,,
Ugx-G_E38dwOQ4fA3TR4AaABAg,0,0,"2025-06-18 10:31:18",@Kiwii72,"Aku mau sprei gratis",0,,
Ugw3w0_XzqgEAa7zp5x4AaABAg,0,0,"2025-06-18 10:23:53",@SitiNurhasanah-b7y,"ɴᴇssɪᴇ ᴄᴀɴᴛɪᴋ ʙᴀɴɢᴇᴛ",0,,
UgzSPHC6y2yLT6jdDEV4AaABAg,0,0,"2025-06-18 10:17:03",@nenknur2206,"Gue pernah ketipu beli hp di fb.... Percayanya tuh karna banyak ulasan dikomennya kalo barang dikirim, ribuan yg komen, bodohnya gue gak cek satu satu akunnya, ehh udah dikirim 1,8 diblok lha no gue baru sadar kelo kena tipu",0,,
UgyVjGpzJEmqYco3azV4AaABAg,0,0,"2025-06-18 09:42:00",@nolaamalia6810,"aku doorprize umrom, beneraan udah berangkat",0,,
UgxJxRF-tcj4OEL2Qx14AaABAg,0,0,"2025-06-18 08:52:18",@ChristopherHorn-y9j,"⭐ALEXIS⭐1.7⭐ selalu kasih kejutan spesial!",0,,
UgwXtIBhO5aXQLSPgul4AaABAg,0,0,"2025-06-18 08:46:45",@W_Oxygen,"ini nih gw tiap hari banyak banget telepon dari nomer ga di kenal. klo di angkat mulai dari yg nawarin kredit pinjaman, lazada, dll. kayaknya gw percuma guntingin alamat sebelum buang box paket klo DATA kita nya bocor dari pemerintah wkwkw.",0,,
UgyI_QrSr0gNNVsNMnV4AaABAg,0,0,"2025-06-18 08:41:33",@amaliadebora-yz3ur,"Ai kalo sampe ke generasi nini2 di desa pelosok, parah banget pasti biki naik darah buat nyadarinnya",0,,
UgzuB5FFV2VjLyk22EZ4AaABAg,1,3,"2025-06-18 08:34:39",@Ebcha708,"Kangen ka ness jaman dulu, bahas kasus kriminal or misterius dr LN yg banyak org ga tau, kalo skrg pembahasan nya yg viral2 doang 😢",0,,
UgzuB5FFV2VjLyk22EZ4AaABAg.AJVmjVXLPWWAK8R3exPGew,,0,"2025-07-04 03:25:25",@dailymusik9159,"iya bner.. aku dlu rajin bgt nonton, skrg udh jarang😢",1,UgzuB5FFV2VjLyk22EZ4AaABAg,@Ebcha708
Ugx9SU6pPKhYZaDaSSd4AaABAg,0,1,"2025-06-18 07:51:27",@SomeOne-vv1zq,"Sering nemuin kaya gini, cuma buat aku ya memang keliatan kalau itu hasil AI. Lain hal buat ibuku, waktu itu ibuku lihat iklan obat diabetes berupa video yang dimana subjek dalam video tersebut merupakan ustadz atau kyai terkenal (maaf aku gatau nama beliau), beruntung kalau mau belanja apa apa ibuku selalu bilang ke aku jd bisa mencegah penipuan seperti ini, cuma rasanya sedih aja karena waktu itu ibuku ngerasa seneng ketemu obat diabetes yg menurutnya bagus. Apalagi saat itu kesehatan ibuku lagi ga bagus, padahal aku cek merk tersebut sudah bpom dan halal, kemungkinan kelakuan resellernya, tega bgtt💔",0,,
UgwB3TvFEu47NAce7IF4AaABAg,0,3,"2025-06-18 07:41:22",@sellamanda-m7s,"skrng jd paham kenapa wajah rasulullah ga boleh diperlihatkan",0,,
Ugwh_3GjDjzBE1V5bs94AaABAg,0,1,"2025-06-18 07:12:23",@Hanggar-tp5wv,"ya Allah merinding liat Vidio ini dari awal sampai akhir 🥺🥺",0,,
UgyVitOEBHMDSpgukNZ4AaABAg,0,0,"2025-06-18 07:00:52",@mistinam3788,"kalau iklan jud0l yang diiklankan sama artis nusantara yang kadang backgroundnya ga masuk akal buat mengiklankan jud0l udah banyak banget dengan berkedok bagi"" rejeki lewat salah satu app jud0l",0,,
UgzYus4NNA85lIroFil4AaABAg,0,0,"2025-06-18 06:57:17",@hanacchi66,"Gak sekali 2x bilangin ke Mama ttg penipuan2 kyk gini, tp tetep aja dia suka percaya kalo diming2i hadiah uang. Pernah sampe ngeyel datengin tempatnya krn diming2i 30jt (dulu kebetulan lg BU bgt), udah dibilangin jangan2 tetep aja ngeyel. Pas datengin gedungnya (dulu si penipu bilangnya ketemuan di gedung XL daerah Mega Kuningan), security lgsg laporan ke atasannya. Sumpah buang2 waktu & tenaga bgt. Kadang kalo udah kesel bgt mau gak mau kudu ngereog dulu biar berhenti percaya sama hal2 penipuan kyk gitu 🗿",0,,
Ugwy-8lhoT47YCHlI4F4AaABAg,0,1,"2025-06-18 06:19:12",@qielaLalapop,"Makin canggih peradaban, makin canggih juga penipuannya.",0,,
Ugwr_fiRd_E2MqHNtZV4AaABAg,0,2,"2025-06-18 05:58:45",@RetnoAlicia,"aku mau sharing, bos ku memang ada kudet, trs dia beli alat klmin palsu di FB yang iklannya pakai ai Agnes Monica, dan pas Dateng langsung dimarahin istrinya 😂",0,,
Ugw5pf30-xPwqPpOjPN4AaABAg,0,0,"2025-06-18 05:45:32",@Ainayy2026,"Iya lagi, pernah scrol sosmed ada vidio kayak tausiah gitu yg mirip ustad dan habib masa isinya promo judol kan GK mungkin 😂😂 Uda jelas2 itu AI",0,,
Ugw5ZaVxrg-KdJIh11R4AaABAg,0,0,"2025-06-18 05:43:58",@akhmadnurhadi4991,"yg nipu gampang carinya, yg korup susah banget walaupun ngumpetnya dirumah...😂",0,,
UgyFLarDR0WKCMXNaEB4AaABAg,0,0,"2025-06-18 05:37:46",@marcellaalexandria3964,"your lipstick look sooooo freakin' gorgeous nes😍😍",0,,
UgzkIARXUD021r-FaMV4AaABAg,0,0,"2025-06-18 05:25:06",@imassuryani2823,"Bapak gua sering bgt dpt SMS ataupun wa penipuan. Tergiur bgt bgt 50jt lah 100jt lah. Alhamdulillah bapak gapunya atm. Tp gua empet bgt nasehatin kalo itu penipuan abaikan saja jgn dibales atau dibaca. Tp kekeuh bgt ini lohhh 100jt dpt cuma2. Yailaaahhh Zaman sekarang yee aduh",0,,
UgznSCnoyTQSbaS6eVN4AaABAg,0,0,"2025-06-18 05:19:15",@D_Ardzp,"Beli nomber dari perbankan",0,,
UgzFcSKsc52CIBAnbdh4AaABAg,0,0,"2025-06-18 05:12:44",@FerdianPratama-sy6jz,"Mending korupsi ratusan triliun, penjara dan dendanya jauh lbh ringan drpd nipu AI yg cm dapet 65jt😂",0,,
UgxDXHhpOoLjY4bsMbt4AaABAg,0,0,"2025-06-18 04:52:03",@eksplorfamily,"iya bnr, bibi aku di kampung pernah mau ditipu mau dikirim barang alasan byar pajak, trus ada yg ngaku bea cukai, untung nya dia nanya aku, lgsg aku kasi tau dia penipu",0,,
Ugx5EiNSrGynmIweg9l4AaABAg,0,0,"2025-06-18 04:31:24",@LifeAsEvaa,"salfok thumbnail nya ad nadia omara😭",0,,
Ugw65g1STngddY94BLR4AaABAg,0,0,"2025-06-18 04:28:11",@jaya3046,"Betapa berbahayanya AI apabila digunakan orng yg jahat 😢",0,,
UgxcZZLjTq8ZrH_qzJF4AaABAg,0,0,"2025-06-18 04:25:24",@sheillamegapuspa6202,"1:00 trauma karena pernah ketipu 6juta dan bagiku itu uang yang bnyak",0,,
UgzoyCkXuOC8NQug8ap4AaABAg,2,81,"2025-06-18 04:23:06",@alifianur6210,"Agak ngakak brad pitt minta uang beacukai😭",0,,
UgzoyCkXuOC8NQug8ap4AaABAg.AJVKx5uu1UAAU5lMWVhWRG,,2,"2026-03-08 15:47:43",@widihastina4312,"Modus mau kirim hadiah istimewa. Haaahahahaaa 😄😄👻👻👻",1,UgzoyCkXuOC8NQug8ap4AaABAg,@alifianur6210
UgzoyCkXuOC8NQug8ap4AaABAg.AJVKx5uu1UAAU5mFjyWaR2,,3,"2026-03-08 15:55:32",@widihastina4312,"Ibu itu baper banget dimodusin Brad Pitt. 😅😅😅",1,UgzoyCkXuOC8NQug8ap4AaABAg,@alifianur6210
UgxVb28hxIOlVC9i91J4AaABAg,0,0,"2025-06-18 04:03:13",@nada-gt9dj,"Hal lucu sih, brad pit alesan gamampu bayar bea cukai wkw",0,,
UgzutRgxnuJUhWGGBj54AaABAg,0,0,"2025-06-18 03:59:50",@novrianwardhana5710,"Tak suka vc dan telpon terlalu lama, mendinh ketemu lgsg ternyata tak seburuk itu.",0,,
UgwofDB38VRFmmjpHH14AaABAg,0,0,"2025-06-18 03:56:19",@RuhamaUlin,"Aku pernah dapet giveaway dari kk nessie ❤❤❤❤",0,,
UgxELlGHLwe60SDQE2h4AaABAg,0,0,"2025-06-18 03:55:41",@bahraynisfamily6645,"Saya akhir tahun 2024 kena penipuan mengatas namakan staf bank BRI. Dan saya tertipu dan data saya berhasil mereka dapat. Akhirnya pas saya mau mengajukan pinjaman ke bank, baru ketahuan kalau data saya di pakai orang tidak bertanggung jawab untuk pinjol. Dan sekarang saya tidak bisa mengajukan pinjaman ke bank selama kasus pinjol ini blm selesai.. tolong kak nessie Carikan cara penyelesaian dari kasus seperti ini, karena mau di selesaikan dan di telusuri pun susah, gak tau orang nya pakai pinjol yg mana",0,,
UgziNNDRiLSnmgHrAXl4AaABAg,0,0,"2025-06-18 03:54:11",@r1nshikawa,"koq ada juga ya yg percaya....brad pitt gitu lho",0,,
UgyuU3bLMXYH1Z-riaN4AaABAg,0,0,"2025-06-18 03:52:54",@ayusaricempaka5158,"maap aku kira yang prabowo bakal bahas yang kasi sprei gratis 😭",0,,
UgyfqEw9YWRfF1SYJtJ4AaABAg,0,0,"2025-06-18 03:37:55",@anitayln4188,"Kaya kasus tanteku yg kena scam sampe keluar uang 12 juta. Tergoda sama laki-laki mapan pekerja tambang batu bara, dijanjiin bakal dinikahi. Tanteku iya iya aja disuruh transfer uang berkali-kali, padahal beliau ni udah punya suami dan anak. Sampe sempet mau nekat nyamperin si laki-laki, tapi bapak dan om ku udah ngasih tau kalo itu penipuan. Mana udah bilang ke suaminya minta cerai lagi. Malu banget ternyata di tipu Jadi pelajarannya, jangan gampang percaya sama siapapun. Apalagi sama orang yg dengan mudahnya iming iming uang. Hati-hati untuk semuanya!",0,,
UgwRBgXKz_hn_SuQCNp4AaABAg,0,0,"2025-06-18 02:33:57",@ThisIbnu,"Giveaway Baim Wong awikawok😅",0,,
UgzWgqq2yQFCIoZ_0Ed4AaABAg,0,0,"2025-06-18 02:19:30",@fbntdwnd,"Kak ness sumpah aku slalu ngakak kalo liat video papamu marah2 😂",0,,
UgwPr_2Cq0RkjLILBux4AaABAg,0,0,"2025-06-18 02:19:17",@mangtrii,"Ya terlihat bahwa rakyat kita itu kurang dari segi ekonomi dan edukasi",0,,
UgwDVbCzbG_Xewv9Z6B4AaABAg,0,0,"2025-06-18 02:12:27",@Einji-hb5xw,"Yg kena beginian biasa tipe-tipe manusia tua bangka kolot kuper dan keras kepala Emang udah hukum alam, yg ga bs adaptasi akan punah Ga ngerti AI dikasi nasihat ngeyel 😂😂😂",0,,
Ugwzk1UiwEo0PXkVacV4AaABAg,0,4,"2025-06-18 02:04:31",@UmiNurulHasanahUmi,"di fb ada iklan judol yang memakai wajah rafi ahmad kak, sumpah kayak reall banget tapi pas liat mulutnya emang ngak singkron sama yang di ucapkan ternyata memang vidio ai bukan rafi ahmad",0,,
Ugw7Bz2xd7TMOtEYCgp4AaABAg,0,0,"2025-06-18 02:02:01",@sumarnitan-tr2ke,"Kalau ada nomor handpon masuk gak kamu kenal ,saya sendiri terus blokir",0,,
Ugxp3KAtSHjBf8S2suB4AaABAg,0,0,"2025-06-18 01:51:37",@DavidPangaribuan-y1k,"Sama kaya mamaku dia bilang ""gk nyangka raffi ahmad sama baim ternyata yg punya judol "" mana ngomongnya sama tetangga2nya lagi, trus ibu2 yg lain yg pernah liat jg sama percayanya 😂😂",0,,
Ugy5ekDR5LRszjMty7B4AaABAg,0,0,"2025-06-18 01:36:00",@nasywaaiskasalsabila7769,"Sumpah yang video AI elon musk itu pun aku ngerasain walau ngga ditipu! Tbtb akun instagram second aku mengupload video AI krypto elon musk! Meski udh aku hapus ttp aja video itu di posting berulang kali dan tbtb besoknya aku ngga bisa login lagi ke akun itu huhu sedih bgt padahal akun itu byk kenangannyaaaa...",0,,
Ugx4dts-uGWgyOCKcml4AaABAg,0,0,"2025-06-18 00:37:41",@frizzr.i.p7458,"Skrg aja banyak bgt yg nelfon ke no w. Padahal no w ga pernah dikasi ke siapa2. Ga pernah w jawab tlfon kecuali ke WA.",0,,
Ugx3E6t9AWokHddrAEd4AaABAg,0,0,"2025-06-18 00:23:06",@na8161,"AI itu seperti E = mc² Albert Einstein awalnya tidak meciptakan untuk membuat senjata. Jadi, semua hal yang tercipta itu pada dasarnya mempunyai nilai baik, tetapi akan menjadi buruk bila di salah gunakan oleh individu yang hatinya dan pikirannya seperti iblis.",0,,
UgyX7nj2XhA8Sj991hp4AaABAg,0,0,"2025-06-18 00:02:54",@lavenia4037,"di facebook banyak juga fake scam … waspada guys",0,,
Ugy9PUsyk4Ik8JsmV5x4AaABAg,0,0,"2025-06-17 23:46:02",@arumkusuma5644,"Case ke 2 kayanya sering gasi tp yg ditargetim fans nagita slavina",0,,
UgwgnYCWwWLHCM8-kNB4AaABAg,0,0,"2025-06-17 23:36:45",@lyzpages,"yuk bisa yuk Nessie judge x Nadia omara",0,,
Ugxk8oa4I3Tw4nKqKDx4AaABAg,0,0,"2025-06-17 23:02:53",@fajarperwitasari10,"Pengalaman pas lebaran kemarin. Scam AI VC dg wajah teman yg saya kenal. Si penipu sepertinya sudah tau latar belakang teman saya ini krn setelah di lacak nomer itu sudah masuk grup organisasi cukup lama. Intinya kena kejadian tersebut dg kerugian 5jt. Setelah di lacak ternyata saya bukan korban satu² ya ada korban lain. Kerugian seluruhnya ada sekitar 20jt",0,,
UgxghvdSuY_jp9aRgi14AaABAg,0,0,"2025-06-17 21:43:22",@beccarravelou,"Nessie, Kalau kamu Mau membahas tentang Jatuh nya AI171, Kamu harus tau Bahwa insiden itu bukan suatu kebetulan,kabar nya Pesawat Itu telah membawa Virus Mematikan Level-D di atas Sars19 da, ada banyak Yang akan di Ceritakan, aku akan kirim ke email mu untuk kamu baca secara detail dan lengkap",0,,
UgwNA2ajRU0DlBsajb14AaABAg,0,0,"2025-06-17 20:52:32",@adriansyahfadillah1493,"Bapakku kan memang lagi sakit2 terus, mungkin karna faktor usia juga. Nah beberapa bulan lalu, pas scroll2 YouTube short, bapakku ketemu iklan yang menawarkan obat yang mujarab untuk penyakit bapakku. Dan saking pengen sembuh total, bapakku langsung menghubungi nomer yang tertera dan melakukan pemesanan. Keluarga baru tahu saat kumpul pas makan malam, karna tiba2 bapak minta disediakan uang jutaan untuk pembayaran COD paket yang dia pesan. Karna merasa curiga, kami sekeluarga menggali info dari bapak, paket apa, kenapa mahal, beli dari mana, dll. Bapak tergiur untuk beli, karna di video yang menawarkan itu adalah dokter yg cukup terkenal yaitu dokter terawan. Akhirnya kami sekeluarga langsung cari2 tahu, lewat google, lewat getcontact, dll. Dan bener aja, bapakku kena tipu, padahal kalau diperhatikan video iklan tersebut, terlihat jelas kalau suara dan gerakan bibirnya berbeda. Nah karna waktu itu belum lama dari bapak memesan produk tsb, aku langsung coba hubungi untuk melakukan cancel. Namun di telpon tidak ada yang jawab, di chat tidak ada yang balas. Beberapa hari kemudian, paketnya tetap datang ke depan rumah, untungnya menggunakan jasa pengiriman, jadi saya langsung saja berpura2 kesal di depan kurir paket, ""Loh kok masih dikirim juga sih sama tokonya, padahal saya sudah cancel pembeliannya."" Melihat saya yang kesal begitu, kurir paket konfirmasi ke saya, ""trus ini dibalikin aja ka?"", dgn cepat saya langsung jawab ""iya balikin aja ke tokonya, orang saya sudah cancel malah masih dikirim juga"" Alhamdulillah nya setelah kejadian itu, tidak ada yang aneh2 datang ke rumah, dan tidak ada terror ke hp bapak karna tidak membayar.",0,,
UgyhzZqWwzzN4eII16F4AaABAg,0,0,"2025-06-17 19:50:47",@SleepyBeachHammock-so5hx,"Kalo yg masalah pertama tuh brad pitt banyak tau kejadianny ak temuin dan ak prnh juga hampir smpe kaya gt, kenalan wa’an blgny org London, very very rich katany mau dtg ke Indonesia buat nemuin ak, yah ak sih nanggepin kek biasa ak, krn wkt itu ak tnggal bali , dan ak jg smpet mention klo klgku di jkt, ehh pas hr H dia tiba katany di tahan sm beacukai, krn bawa uang cash trlalu banyak😅😂😅trus hr itu hectic banged sumpah WA gua di teror sm bnyk nmr wa ad yg blgny org cukai ad yg blgny polisi kementrian hbgn Indonesia dan London lah, masa katany klo mau bebasin dia harus bayar dlu 5jt rupiah, biar dia bisa bebas, lah logika aj kn katany dia bawa uang mata asing kebnyakan knp gk diambil dr situ aj, udh gt ad yg wa ngancem2 udh didpn rmh ortuku lahh😅😂lucu bgd deh pkok’ny cuma yh pujiTuhan nya ak gk kluar ap2 sih",0,,
UgwMXwWnBH9_oj6pGGJ4AaABAg,0,1,"2025-06-17 19:45:40",@Hahahihi1899-pcs,"15:35 😂",0,,
UgxRaHArW05xPqkLztR4AaABAg,0,0,"2025-06-17 19:29:41",@rakaajimuhammadramdani2056,"Pernah lewat di youtube deepfake tntang najwa shihab jualan obat kurus . Ga masuk akal aja masa iya mba najwa jualan itu. Malah dari mulut ga singkron",0,,
UgwFVBNuBlmdf5T-ItV4AaABAg,0,0,"2025-06-17 19:25:10",@MiraHarun-x7s,"Akhirrrnyaaa bagus konten abang !! luar biasa coba main di ⭐𝗪𝗘𝗧𝗢𝗡-𝟴𝟴",0,,
UgwTLSnGZWK9S5I3WwZ4AaABAg,0,0,"2025-06-17 19:25:06",@RamayanaZara-d7d,"menurut gw sih situs adil yah di 🚩𝗪𝗘𝗧𝗢𝗡-𝟴𝟴🚩 soalnya menang w di bayar cash gak pakek lama",0,,
UgwE6kmL-UVNaRv-VOp4AaABAg,0,0,"2025-06-17 19:25:04",@NadiaUci-m8b,"Akhirnya yg di tunggu2😁 𝗪𝗘𝗧𝗢𝗡-𝟴𝟴",0,,
UgySDTnS3mNK21Nj0I14AaABAg,0,0,"2025-06-17 19:00:06",@AdiFani-b7q,"𝗪𝗘𝗧𝗢𝗡🚩𝟴𝟴🚩 unik juga namanya",0,,
UgwQjcIeKkRhAOA69Ct4AaABAg,0,0,"2025-06-17 17:43:33",@sintia-o4j,"Inilah 🤖𝐏𝐑𝐎𝐁𝐄𝐓𝟖𝟓𝟓🤖selalu jadi obrolan seru sama temen-temen",0,,
UgwbKieFqOmExNMcMK54AaABAg,0,0,"2025-06-17 17:43:32",@jamila-v3j,"ASLI 👑𝐏𝐑𝐎𝐁𝐄𝐓𝟖𝟓𝟓👑 emang juara, rezeki gak ada abisnya!",0,,
UgxahXFnyK5wFReKZn94AaABAg,0,0,"2025-06-17 17:43:32",@jema-m9v,"Semoga rezeki dari 🥇𝐏𝐑𝐎𝐁𝐄𝐓𝟖𝟓𝟓🏆 membawa kebaikan bagi semua!",0,,
UgwXmFFjG4X65YPuWs94AaABAg,0,0,"2025-06-17 17:43:13",@jesica-h3f,"Jakpot besar yang bikin hari makin seru, cuma di 👑𝐏𝐑𝐎𝐁𝐄𝐓𝟖𝟓𝟓👑",0,,
Ugyh9_zWOSu3_O0FfCl4AaABAg,0,0,"2025-06-17 17:41:48",@StanleyMassey-u5u,"Aura maghrib 혼홇홀홓홄홎 1.7 bikin adem.",0,,
Ugz4dCLqOR-92IlLznZ4AaABAg,0,0,"2025-06-17 16:36:22",@AliahDiana15,"Aku juga pernah ketipu kyk gitu ditelegram aku udah rugi 2jt😢",0,,
UgzP6AHN2ccLd-AEiwB4AaABAg,0,0,"2025-06-17 16:08:16",@MuhammadAriLaw,"saya ngalamin juga ini ayo kita suarakan soal kebocoran data dan penggunaan akun palsu kompak",0,,
UgzN0FHf84Yt01ifEdB4AaABAg,0,0,"2025-06-17 16:07:26",@AtikahSaja-v9i,"Scam kaya gini tuh bnyk juga yg mengatas namakan artis2 besar kaya rafi ahmad, di suruh klik link yg tersedia buat klaim hadiah",0,,
UgyLAV0rB563ZnGROZ94AaABAg,0,0,"2025-06-17 16:06:20",@YutaNakamoto-g8b,"Bikin deep fake di denda 12M korupsi kemarin denda cuma 100jt😌",0,,
UgwhGDKzJvXeWBzhZWp4AaABAg,0,0,"2025-06-17 16:00:45",@yusnitapurba-np1zu,"Scammer pake ilmu hipnotis ..dia selalu blng targetnya jgn blng siapa siapa ya cukup kamu & saya..fokus sama saya..jadi target tdk mau cerita ke org lain pdhal penting bamgets share ke org lain apalagi scammer sdh minta transfer dgn alasan bla bla..Target mereka wanita yg lagi sendiri galau ,berduit..ini pernah trjadi pd teman saya ..40jt melayang pas dihubungi telp sdh di luar jangkauan,so kita berhati hati ya kita para wanita",0,,
UgyiISyjEixCHpymwl54AaABAg,0,0,"2025-06-17 15:54:03",@pbs2214,"Salfok kok ada nadia omara ❤",0,,
UgyegXya79-VvJCCdMl4AaABAg,0,0,"2025-06-17 15:35:32",@Kian_Nichol,"Para pengguna Telkomnyet jadi korban bgt nih. SMS penipu masuk semua, data disebar ke database pinjol & judol. Mana korup pula, paket belum abis tapi kalo lewat masa berlaku langsung angus gitu aja & nyebabin kerugian triliunan. Telkomnyet lebih a n j i n g... Wow!",0,,
Ugz8iVMZ7FWdMkUB5b94AaABAg,0,0,"2025-06-17 15:34:38",@Shxx31715,"BODOHNYA AKU, pernah kena scam dari yang ngaku teman lama bapakku, 4,5juta lenyap😂 Malah waktunya pas banget aku baru putus, dikibulin cowok diselingkuhin dan di porotin jutaan, plus alesannya ortunya ga setuju karena AKU BUKAN PNS Mantu idaman ortu mantan adalah cewe PNS😂 mana baru resign kerja. Kek hidup rasanya What The F*k. “Hidup gini amat ya” 😂😂 Dalam satu waktu kek udah bodo, diinjak-injak, 😂 Hati-hati ya ges!",0,,
Ugxq8dTDiujRgvaieYR4AaABAg,0,0,"2025-06-17 15:19:58",@dwlvinq,"Kemarin nemuin di tiktok maxim tapi versi AI sumpah banyak banget yg komen kasihan yg ketipu dan gk tau apa2😢",0,,
Ugy3NrEH38D72eH7ykN4AaABAg,0,0,"2025-06-17 15:10:27",@selaiberibiru,"siapa di sini yang sering nonton iklan judol pake wajah artis di Snack Video?? sumpah banyak banget seliweran mulai dari pake muka Ricis, Raffi Nagita, Densu, sampe yang paling parahnya pake muka Ustadz Felix, Ustadz Dennis Lim & dr. Richard Lee dengan iming² kegacoran yang fantastis 😯",0,,
UgyTLtHc6J5xW2Vs3P94AaABAg,0,0,"2025-06-17 15:09:39",@indirabloomist,"Kak ini aku mau berbagi cerita, siapa tau ada yang dalam kondisi sama, nanti dinilai sendiri apakah ini penipuan atau bukan. Jadi beberapa waktu lalu nomorku gabung ke sebuah group telegram, nah di group itu pas aku cek isinya memang kebanyakan ibu-ibu, setidaknya begitu dri yg aku lihat, karena aku gk cek satu"" jga nomornya, cuman kelihatan dari yg lgi kebetulan ngirim pesan. Nah, tujuan dari group telegram ini adalah untuk memberikan pekerjaan agar kita bisa dapat komisi (mereka nyebutnya Tugas, kita kerjakan Tugasnya dan setelah itu dapat Komisi), jdi nanti mereka akan bagikan link produk gitu dan kita diminta untuk klik link tersebut, kemudian kita screenshot produk yang ada pada link tersebut dan kirimkan hasil screenshotnya ke admin group, agar diberikan komisi. Waktu itu sebenarnya aku gak mau klik linknya, krena takut jangan sampai setelah linknya di klik malah data kita yg ketarik, atau uang di Mobile Banking kita yg malah ketarik, karena pernah denger seperti ini yg biasanya link itu dikirim di WhatsApp, dan saat aku tanya ""ini group apa"" gk ada yg respon, malah kebanyakan respon dari orang"" di group itu adalah ngirimin testimoni"" mereka yg sudah dapat komisi, jdi mereka ngirimin screenshot akun DANA, akun Mobile Banking mereka, bukti kalau mereka sudah dapat komisi. Nah saat itu aku lihat ada satu akun gitu yg bilang udah lakukan Tugas (klik link dan ambil screenshot), tapi kok komisinya belum masuk, dan ada akun lain yg langsung nge tag satu nomor gitu (mungkin adminnya), dan si yg belum dapat komisi tadi diminta hubungi nomor itu, aku jadi mikir mungkin link ini beneran link produk, aku klik masing"" linknya (jadi tugas 1 itu ada 3 link) dan beneran aja yg muncul detail produk gitu beserta harga produknya, aku screenshot produk dari masing-masing link tadi dan langsung hubungi nomor yg tadi di tag. Setelah menghubungi nomor itu, aku diminta ngirimin screenshot yg aku ambil, dan si Admin ini langsung konfirmasi kalau aku sudah selesai mengerjakan tugas, dia lalu bilang akan memberikan komisinya tpi sebelum itu aku harus ngisi beberapa data dulu, jdi data yg diisi itu ada nama lengkap, no. Handphone, nomor rekening, nama Bank, dn beberapa yg aku udah lupa. Jdi memang gk minta NIK, tpi pas aku cek data yg diminta itu bisa untuk buat akun pinjol, aku gk kirim dataku tentunya dan langsung balik ke group telegramnya coba infokan yg lain, kalau data yg diminta itu bisa buat akun pinjol, dan orang"" yg ngirimin screenshot kalau mereka dapat komisi bisa jadi memang buzzer, krena bukti transaksi seperti itu bsa d edit, dn bisa jadi jga akan tetap diberi komisi supaya menarik pelanggan tetap berada di group itu menyelesaikan Tugas"" berikutnya (krena pas aku lihat ada yg ngirimin bukti Transferan dri Tugas 2, Tugas 3). Tapi setelah aku kirim pesan di group telegram itu, cuman sekitar beberapa detik aku langsung tiba"" keluar dri group itu, dan group itu juga langsung menghilang dari Telegramku. Jadi cuman ingin berbagi info saja, siapa tau ada keluarga kita yg tiba"" nomornya di masukkan ke group"" seperti ini, dan mereka percaya. Harus lebih waspada saja di zaman sekarang ini🙏🏻",0,,
UgzTnRDnwykgQkBiSTF4AaABAg,0,0,"2025-06-17 15:05:00",@shintiarikaandini9900,"Ai tu kalo mau bedain matanya gak fokus bicaranya cepat, terlalu jelas, tak ada emosi dinada bicara nya gerakan mulut okelah sama tapi kalo diperhatiin lagi kayak gagu gitu. kalo foto pasti ada bagian"" yg gak nyatu. intinya jangan mudah percaya lah.",0,,
UgxVMLl_VqYon_K6Lxl4AaABAg,0,0,"2025-06-17 14:57:10",@anandafee,"waktu itu jg pernah liat video di reels fb raffi ahmad masa promosiin judol😂",0,,
Ugzra_7DWqwdWEmwNHt4AaABAg,0,0,"2025-06-17 14:43:45",@LeviLutviah,"jadi inget yang bagi bagi sprei gratiss",0,,
Ugy1ghHXLMlQkDX9tQB4AaABAg,0,0,"2025-06-17 14:21:37",@harjuna_mawardi,"Di yutub juga sering bgt iklan susu yg katanya utk tulang, Saya gak percaya produk ini krn kenapa mesti menipu dgn memakai AI tokoh2 terkenal spt doktr Terawan palsu dll. Kasian konsumennya org2 tua.",0,,
UgwCnmqzO9agvSCqt814AaABAg,0,0,"2025-06-17 14:20:01",@sarilahiya8694,"Di efbi banyak banget vdio AI para artis bahkan ustadz yg mempromosikan situs judol.",0,,
UgzePC6uWUHSZgHSHWV4AaABAg,0,0,"2025-06-17 14:13:55",@almerbosbagusalmerbosbagus8581,"Ha ha ha.... Kalau ada yang masih percaya sih yah kheterlaluan... Banyak tuh ada yg dpr juga jualan obat ... Aku bersyukur ga oernah kena tepu sejak 2008 penipuan dari perusahaan apa dapat hadia mobil mobil yang harus bayar pajak atau biaya kirim .. prett, trus penipuan kecelakaan anak adik , trus penipuan paket luar negri, buanyak lah yah.. jadikan otak kita hati waras pasti akan tau.",0,,
Ugy0hXXOtSX1XzSWGpN4AaABAg,0,0,"2025-06-17 13:50:07",@laelifajrin5555,"Aku pernah di tlp2in banyak nomer random, sehari bisa 2-3nomer baru yang call. Cuma ga pernah aku angkat, ko di chat whatsapp spam langsung aku block.. Apalago nomer dr luar indonesia 🥲 auto block sm aku, alhamdulillah sekarang udh mulai berkurang nomerw baru yang call masuk 🙈🙈",0,,
UgzaySwG9-PdPkFdsQV4AaABAg,0,0,"2025-06-17 13:46:37",@Dance_474,"Dijamin aman dan terpercaya, cuma di ⭐ALEXIS⭐1.7⭐!",0,,
Ugw8wYNMrY3ZpHiyQJp4AaABAg,0,0,"2025-06-17 13:38:05",@indirabloomist,"Hari ini aku udah 2 kali yg nawarin pinjol -_- Ini udah mending, sekitar beberapa bulan lalu sehari bisa sampai 3 - 4 kali, atau mngkin lebih atau kurang aku udah lupa tpi ada aja hampir tiap hari, krena aku sampai emosi banget, nomornya udah aku blokir ada terus, kadang kalau lgi sabar aku nunggu mbanya habis bicara, setelah selesai aku bilang kayak ""tolong bsa gak stop hubungi nomor sya, sya gk mau pinjol sama sekali"", krena nomor bru aku pikir temen atau sodara jdi d angkat, trnyata yg nawarin pinjol",0,,
UgxW5iLnqMXOg3rynqZ4AaABAg,0,0,"2025-06-17 13:37:47",@baeklala8,"Ketika masuk di menit yang kejadian di negara kita.. Lah.. tapi.. wapres kita kan..",0,,
UgzUQTvtnoKXWnsEb6R4AaABAg,0,0,"2025-06-17 13:23:55",@RidhoAlifah,"Kasus ini sama persis sama teman saya, dan sampai sekarang masih tergila"" dan sering mengirim uang dengan penipu itu samapi dikejar renternir dan mobilnya pun sampai dijual Mau ditegur gimanapun susah sadar 😭",0,,
UgzIbN6gEN7D_c5aC8B4AaABAg,0,0,"2025-06-17 13:22:36",@antondanovanmc1734,"Boro2 bantuan , discount listrik 50% aja gagal , dialihkn kebantuan yg lain ... Kocak yg msh ketipu segampang itu pmerintah kasi duit wkwk😂",0,,
Ugw22iA2g4R9CCGL7W94AaABAg,0,0,"2025-06-17 13:01:24",@Ber.anak.warteg,"Semoga kita semua ga kena tipu ya, sedih banget kalo sampe ortu kita yg gaptek kena tipu, ngerasa gagal ngelindunginnya gtuu..😢",0,,
UgzpKtnW2OTI0_ZLx2R4AaABAg,0,0,"2025-06-17 12:51:58",@ani4151,"Yang diindo ..psti sdah jdi bhan hinaan dan bulian para netizen yang bnci sama presden dan wapres",0,,
UgwiaVmqUEuE-e4FKAZ4AaABAg,0,0,"2025-06-17 12:49:12",@nathaniasantanigels,"Mamaku juga kena, kesel banget pas pulang tau tau mamaku cemas gegara aku bilang ini tuh lenipuan",0,,
UgwuFdPjxdcwUeTO5Yl4AaABAg,0,0,"2025-06-17 12:48:03",@Elza903,"Oalah ini papamu ness,aku liat loh vt nya",0,,
Ugz_mMqQL6Cbsfi82Z14AaABAg,0,0,"2025-06-17 12:43:26",@GagaDovia,"Benar banyak bgt ai bahkan orang tua ku suka tdk bisa bedakan ia sama yg asli",0,,
UgzCpNUpquJI4ItFAU54AaABAg,0,0,"2025-06-17 12:42:22",@javanesence,"Silahkan getcontact dan kawan2nya, waktu dan tempat dipersilahkan",0,,
UgzkjcONK3r-sIlENbt4AaABAg,2,64,"2025-06-17 12:41:33",@rauframdana6272,"Banyak banget yang percaya sama penipuan AI gini, rata rata gen X, sama boomer, tapi di sisi lain kalo kita ngasih tau kalo itu tuh palsu atau penipuan, gak ada statment resmi dari orang yang bersangkutan nya, kita malah kena semprot dan mereka bebal banget dibilangin, kalo udah kena tipu baru nyesel wkwk, gw juga sering ngasih tau ke ortu, kalo ada yang tiba tiba ngasih hadiah, bantuan, promosi, apalagi pake link, suruh bayar, atau isi data diri pribadi, mending bilang dulu ke gw",0,,
UgzkjcONK3r-sIlENbt4AaABAg.AJTeC3ry5cfAJTst4DYCjD,,1,"2025-06-17 14:49:54",@nirmalasarinurkhasanah,"Sama lebih ke ibuku sih yg sering kena aku oun bilang kalo ada giveaway apapun kasi tau aku dulu jangan ngisi apa'",1,UgzkjcONK3r-sIlENbt4AaABAg,@rauframdana6272
UgzkjcONK3r-sIlENbt4AaABAg.AJTeC3ry5cfAUZJydyp0mL,,1,"2026-03-20 03:16:52",@ginagraeny183,"Jaman sms, mak gw ketipung pulsa ratusan rebu, sgtu baeknya blio",1,UgzkjcONK3r-sIlENbt4AaABAg,@rauframdana6272
UgzZv_2p9F9x05TzfYZ4AaABAg,0,1,"2025-06-17 12:40:08",@nirmalasarinurkhasanah,"Ibu aku sering kena tipu undian/giveaway kejadian pertama pas aku masih belom ngerti penipuan tahun 2013/2014 lah ibu aku kena tipu yg nipu nyuruh ngisiin pulsa ke no nya sampe orang toko temoat ibu aku beli pulsa khawatir sampe ayah aku panik kesel juga iya soalnya ibu aku ngisiin pulsanya tu sampe ngutang ke orang pulsanya🥲 Terus kejadian belom lama ini ibu aku kena tipu lagi giveaway baim wong(sebelum dia cerai yak)kali ini ibuku ngasi tau aku,jadi aku bilang ga usah percaya sma chat gitu eh di kirimjn vn suaranya baim wong(udah ku jelasin panjang lebar kalo sekarang ada ai tepai tetap aja namanya juga ibu'😊😊) Ibuku percaya+di dukung adek' ku jadi lah ketipu lagi ga sebanyak sebelumnya sih tapi tetap aja🙂🙏🏻 Ibuku tuh tipe yg keras kepala kalo belom kena batu ya belom diam tapi kalo dah kena batu kita yg kena imbas👍🏻 Selain ibu aku ayahnya temenku juga ketipu 10jt gara' mau beli tanah murah🥲 Sebenernya ada sih kejadian lain yg aku di alamin keluarga/temenku tapi yaaah ini sih yg parah 🥲👍🏻 TOLONG YAK JAGA ORTU KALIAN KALO BISA SERING' NGASI TAU MODUS PENIPUAN PAKE AI",0,,
UgzsiXHvILYCi6gFYR14AaABAg,0,1,"2025-06-17 12:35:30",@turanggalazuardi5886,"Bener yah kalo dipikir. Heran kenapa banyak org yg ketika punya pekerjaan yang benar tapi kerja nya justru kurang semangat kurang berjuang dll. Dan giliran pekerjaan yang kotor dan jahat kenapa malah jadi kayak bener-bener berupaya keras...",0,,
UgzTl0DuKammJ0zSlsV4AaABAg,0,0,"2025-06-17 12:31:56",@ThomasMoore-v8r,"Setelah makan malam mereka menerima ✌헔헟험헫헜헦17✌ tantangan besar saat sendirian.",0,,
UgwnQfTOXpj0qqU51Hp4AaABAg,0,0,"2025-06-17 12:27:51",@sudaisyhafidzamrullahmoesa5367,"Jelas banget curang",0,,
UgxHBd1Z_dvJx40qHCV4AaABAg,0,0,"2025-06-17 12:21:09",@Zeinnn28,"Di fb banyak itu iklan promosi judol oleh AI pakek muka Baim wong sma rafi ahmad",0,,
UgwZJD7k3IuIz0dVMqd4AaABAg,0,0,"2025-06-17 12:20:03",@wellasiagian2207,"Penipuan a/n Baim wong kayaknya yg paling banyak . FB sampe diretas loh .",0,,
UgyLTak1NYua3AhMuhV4AaABAg,0,0,"2025-06-17 12:17:06",@cyndytriananda6994,"Sebenarnya bisa di lihat bedanya antara asli atau palsu. Krn yg palsu bicaranya formal dan nadanya tetap. Klo asli akan ada mimik wajah dan nada yg berubah setiap katanya. Seperti cara bicara Ka Nessie ini, selalu ekspresif dan bernada beda",0,,
UgziyDc5-_G4uySClx14AaABAg,0,0,"2025-06-17 12:07:08",@manusaproject,"Mau banget Nessie collab Nadia seru bgt pasti",0,,
UgxAuUyZTevA5Hx--ol4AaABAg,0,0,"2025-06-17 12:05:44",@NoMercy69-aam,"Akun medsos yg di miliki orang kolot atau sepuh itu isinya lebih banyak konten hoax.nya daripada akun medsos anak remaja, makanya saya selalu mengawasi dan kasih paham ciri² akan hal video Ai ataupun berita hoax dan saya kasih tahu kalo akun medsos yg di punyai orangtua itu rawan hoax jadi jangan terlalu di bawa suasana dan cukup di anggap hiburan saja, dan ortu juga saya ajarin gimana mereport video yg mengandung sara dan hoax.",0,,
Ugwty4YJqCNEj0nDwXF4AaABAg,0,0,"2025-06-17 12:03:56",@oomkomalasari9999,"Aku punya 2 nomor 1 nomor umurnya udh 15 tahun nomor yg aku jadiin halo. Satu lagi by.u umurnya baru 3 tahun. Nomor halo berisik banget selalu dapet nomor potential fraud. Sementara yg by.u sangat adem bener bener gaada yg nelpon no yg gadikemal",0,,
UgzKjpdTTF5eGjbFJV14AaABAg,0,0,"2025-06-17 12:00:08",@KucingPutih-pk2kh,"Kak nes.. tapi wapres kakak yg gencar banget tuh masyarakat menggunakan AI tanpa tau sebab akibatnya 😂🙏🏻",0,,
UgxSgWmX1dParRpr0754AaABAg,0,0,"2025-06-17 11:58:48",@ariefhidayat942,"Ustadz² aja di pake buat iklan judol, terutama Ko Denis😢...",0,,
UgzE1bobTtoeI-AWhz54AaABAg,0,1,"2025-06-17 11:52:44",@Denihendriann,"sehat sehat kak ness dan calon anak nya.",0,,
UgyQ2v_bwEcK-7RqNrd4AaABAg,0,0,"2025-06-17 11:47:12",@AyushKumar-sl9qm,"01:12 P͓̽U͓̽L͓̽A͓̽U͓̽W͓̽I͓̽N͓̽tempat kabur dari kenyataan",0,,
UgwM2f15HR-tIS1Iyox4AaABAg,0,0,"2025-06-17 11:47:06",@RekhaDevi-e8r9o,"Kalo hidup mulai bosen, gue keP͟͟U͟͟L͟͟A͟͟U͟͟W͟͟I͟͟N͟͟?",0,,
Ugz7KgSZE5kcM3NXbgR4AaABAg,0,0,"2025-06-17 11:43:58",@vithreebasalamah6034,"Biasanya mengaku pilot dan berstatus duda...kasih hadiah dan hrs byr bea masuk...",0,,
UgzNRbQL-aQc7kFUG994AaABAg,0,0,"2025-06-17 11:43:41",@Rokasari,"16:01 bapakku suka betul bagikan kek gitu di facebook🙂",0,,
Ugwc7hdcvVTbvae19yx4AaABAg,2,0,"2025-06-17 11:36:01",@a3kidsfamily373,"Tahun 2022 aku hampir kena tipu, ceritanya temen fb ku itu ngeshare menang giveaway raffi ahmad 50jt, ada foto uangnya, foto struck transfer nya, aku tergiur karena yg upload pun temen sekolah ku dulu, setelah aku ikutin rules nya dan lolos, bener2 kaya beneran bahkan sampe vc sama rayyanza. Tp pas vc aku notice kalo itu video lama . Dan aku coba sengaja salah jawabnya. Ternyata bener dong aku tbtb menang dan disuruh tranfer biaya admin dll 1jt 😂 Sampe skrg pun tuh orang masih sering ngeshare di fb 😢",0,,
Ugwc7hdcvVTbvae19yx4AaABAg.AJTXh-L0JNVAJTuqnQ7Y3e,,0,"2025-06-17 15:07:04",@nirmalasarinurkhasanah,"Akun nya di bajak itu kk/tu orang emang di gaji buat narik korban Ibuku pernah kena gara' akun ""temenya""",1,Ugwc7hdcvVTbvae19yx4AaABAg,@a3kidsfamily373
Ugwc7hdcvVTbvae19yx4AaABAg.AJTXh-L0JNVAJTvQqX9iE0,,0,"2025-06-17 15:12:07",@a3kidsfamily373,"​Iya ka, kayanya dia digaji/emang komplotannya , soalnya pada banyak bgt yg komen dan dibalesin sama dia , akunnya masih sering post foto2 dia juga@nirmalasarinurkhasanah",1,Ugwc7hdcvVTbvae19yx4AaABAg,@a3kidsfamily373
Ugw6xHF9Dp6PLn5PI5h4AaABAg,0,0,"2025-06-17 11:35:04",@zanidinda,"Collabs sama papa dong kaa. Seru deh kek nya papa nya",0,,
Ugw3yWRDGaVR92yBnbF4AaABAg,0,0,"2025-06-17 11:29:44",@ashoksankpal4082,"lagi pengen sendiri tapi gak sendiri? buka PULAUWIN",0,,
Ugy4NHgNTrBDX7p9jyR4AaABAg,0,0,"2025-06-17 11:28:39",@ayshahidayatulfitri7042,"Ibu aku nih sering dapat kiriman video di FB, video Raffi Ahmad dan Baim wong mau bagi2 duit 😌",0,,
UgxEYCJimhlPGu9Wv9p4AaABAg,1,2,"2025-06-17 11:26:41",@jongappleho8911,"Penipuan interview kerja juga parah sih. Baru-baru dpt penipuan lulus interview kerja dri salah satu perusahaan BUMN. Katanya tmpt wawancaranya di Jakarta sedangkan itu jauh bgt dri sni. Kita disuruh bayar tiket pesawatnya mandiri trus nanti diganti saat tiba di sna. Benar-benar dikasih surat informasi kek resmi gitu dari email, bahkan ada ttd-nya. Di dlm juga ad nama-nama peserta yg lulus dri tiap daerahnya. Serem sih. Untung dicek dulu trnyata nomornya udah teridentifikasi penipu. Bahkan di semua perusahaan BUMN nama dia ada. Ngga habis pikir tuh. Klo smpe ad yg ketipu gmna. Cari uang gitu amat.",0,,
UgxEYCJimhlPGu9Wv9p4AaABAg.AJTWcdKCXnJAMUkY72yBLh,,0,"2025-08-31 12:30:25",@nurhalifah1426,"aku pernah jga kak, bedanya aku interview online gitu tpi harus download apk dan berbayar skitar 300rban gitu. Sama persis jga surat informasinya kyak resmi didalamnya ada informasi orang"" yg lulus dari berbagai daerah. Dia itu mengatasnamakan PLN wee😢 padahal aku udah senang dapat notif dari perusahaan impian ehh pas buka malahh zonkk mengsedihh. Aku emang gak prnah percaya sama proses rekrut yg ada bayar""nyaa gituu",1,UgxEYCJimhlPGu9Wv9p4AaABAg,@jongappleho8911
Ugws8nvOlN6v4RFOvJh4AaABAg,0,0,"2025-06-17 11:25:46",@nbiljrah4070,"wah ini harus aku kirim ke mamahku ini ka nes, mmku terlalu percaya sm penipuan begini udh sering di bilangin itu boongan tapi bliau ngeyel, bahkan ada akun tiktok yg pura' jadi baim wong, buat dapet sepeda listrik harus like, komen, share sama wa ke nomer tsb mma ku lakuin ka nes, bingung kasi taunya, nanti yg rafi ahmad trus irfan hakim dll banyak ka nes mm ku terlalu percaya...",0,,
UgxwprCaIxwfaFjSQFB4AaABAg,0,0,"2025-06-17 11:25:09",@pendekar6505,"Pnasaran krn ada nadya omara",0,,
UgyFn4sMk-3_CKRRaRB4AaABAg,0,0,"2025-06-17 11:22:53",@alyamunira8295,"Pernah nemu ustadz Felix ama koh Dennis lim promosi Judol. KOCAK dah, gimana susah payahnya koh Dennis lepas dari judi, masa promosi judol lgi??",0,,
Ugz24ji6Clr2ANwh3Hp4AaABAg,0,0,"2025-06-17 11:21:37",@chathcollege,"yg ngeri sebenernya tuh orang yg butuh uang, menghalalkan segala cara buat dapet uang :(",0,,
UgwS2xM5quRNfMbonKh4AaABAg,0,0,"2025-06-17 11:12:38",@MusafaBinti,"Wah kak nes jadi takut kli sampe AI menguasai jaringan dunia bgaimana sprti di film *gtu apakah mungkin 😮😮😮 hmmm in teori konspirasi yg asyik untuk dbhas 😂😂",0,,
UgyLbJtzWbHTkaYz6oB4AaABAg,0,0,"2025-06-17 11:10:20",@MusafaBinti,"Q tu suka dngerin konten apa aj dri kak nes maka dari itu plis kak nes aplod setiap hari trus yg pnjang durasinya 😂😂😂😂😂",0,,
Ugy_AUqdZo35sYxErrl4AaABAg,0,0,"2025-06-17 11:09:54",@PrimeAim-y8n,"Bukan ngebet, tapi nyaman di P͟͟U͟͟L͟͟A͟͟U͟͟W͟͟I͟͟N͟͟?",0,,
UgyXXX7wl2IpBjjymo94AaABAg,0,0,"2025-06-17 11:07:22",@ekamasriah5375,"Temen ku kena scam ip kak, katanya ip cmn 200rb ,dia beli. byr ongkir katanya krna dr luar kota jd ongkirnya agak mahal,awalnya suruh tf 200,trs gope, trs 700 lama2 abis ludes uangnya 5jt,temenku tuh di spam chat terus suruh tf tf terus,smpe di telponin lg kerja,temenku kaya kesirep gtu tf tf aja,tau2 udh 5jt melayang 😢",0,,
UgwXjwI3SGh_5Ez2s5J4AaABAg,0,0,"2025-06-17 10:59:58",@dihanrini4255,"Kak nadiaOmara ,curhat kemana dong, kan kita biasanya curhat ke kak nadia😊",0,,
UgzHEPMko2FvCCSDePV4AaABAg,0,0,"2025-06-17 10:47:05",@pratiwipermatasari8661,"Pernah lihat juga, yang parah itu pakai ai Habib Jafar untuk promosi judol. Parah....",0,,
Ugw6rVCJiwGaparY22R4AaABAg,0,0,"2025-06-17 10:44:55",@cello55,"Ga pernah ikutan give away karna selalu berfikir kalo belum bisa beli sendiri yauda usaha nabung.sampe bisa kebeli sendiri.",0,,
Ugzn5vff7R1TwFIBfsd4AaABAg,0,0,"2025-06-17 10:41:42",@arumi9929,"Bnyk juga iklan judol pake ai dimana muka ampe suaranya para artis terkenal dijadiin promo, biar seolah didukung padahal mah ai. Ga mungkin mereka ngiklan judol aneh2. Ai makin serem setelah google veo3 rilis",0,,
UgzY3HRxZgvvLyKOeE54AaABAg,0,0,"2025-06-17 10:39:08",@EllenaDanisa,"Klo aku liat di medsos sering bgt give away yg dri rafi ahmad dan baim wong sampe akun tmn ku di hack wkwkwkw",0,,
UgxROa3ve4Qu6fwnYUl4AaABAg,0,0,"2025-06-17 10:38:34",@ashokrendale72,"Gak banyak drama, yang penting ada ＰＵＬＡＵＷＩＮ.",0,,
UgxVuWpH8EuyFIaYt014AaABAg,0,0,"2025-06-17 10:33:27",@RajaMalas,gila,0,,
UgwGKLwGl_1ywEnpLyF4AaABAg,0,0,"2025-06-17 10:32:59",@marybellgallery,"MAKASIH UDAH NGANGKAT SOAL AI, KAK Tolong bahas ini lagi untuk ke depannya, soalnya udah bahaya banget. Aku sempet percaya diri bisa ngebedain mana AI dan bukan, sekarang udah ga bisa lagi. Sekarang mau apresiasi sesuatu aja bawaan curiga mulu. Trus ngawasin media apa yang dikonsumsi orang tuaku sendiri tuh jadi PR tersendiri juga 😭😭😭😭",0,,
Ugy8G2tf-3by5QkNspp4AaABAg,0,0,"2025-06-17 10:30:46",@cahyadidwi1171,"Anjir baru liat video nya baru dpt tlfon juga dri nomor gak kenal tdi pagi iming iming dpt hadia",0,,
Ugx8Sa6c5wP63CKCQfd4AaABAg,0,0,"2025-06-17 10:29:59",@ahlamradhiyya9651,"selalu ikut nyesek klaw ngedenger oarang yg ketipu apalagi dgn jumlah uang yg banyak..betapa sulitnya mendapatkan uang malah dgn mudahnya di rampas org ...",0,,
UgwQqJGgYOoovC4h0zx4AaABAg,0,0,"2025-06-17 10:29:28",@idottriazmara1201,"Di fb banyak bgt itu iklan obat mata yg pake muka dokter tirta,gatau itu asli apa ai, tp klo di pikir gamungkin dokter tirta ngmng bgitu",0,,
Ugx3BH0OO9a6ulKfrp94AaABAg,0,0,"2025-06-17 10:29:25",@WarungWedangan,"Tp beneer bgt mamaku aja percaya ada gorengan bentuk sendal pdhl jelas itu AI",0,,
UgzfpjT18HUVluD6YfF4AaABAg,0,0,"2025-06-17 10:27:09",@UsagiSan_su,"24:40 Nggak kak Nadia Omara doang yang kena. Bang Gerald Vincent juga kena 😢",0,,
UgyXnZ4J72HeuvBgoZF4AaABAg,0,0,"2025-06-17 10:21:28",@AnandaHermana-b4x,"Gw suka liat korban scamer diakun Waspada Scamer Cinta. Gw Kira cuma ibu2 Dan tkw2 Indonesia saja korbannya eh ternyata orang luar yg katanya sudah majupun ada pula yg jadi korban 😂",0,,
Ugx3cer2WTTPco9tXg14AaABAg,0,0,"2025-06-17 10:19:18",@jokoprastiyo4157,"Awas ada yang promosi judol, waspada waspadalah",0,,
Ugxl4vCyfNEH6eY51yx4AaABAg,0,0,"2025-06-17 10:18:34",@dumido8060,"ada iklan juga tentang garam membuka aura di toktok😭😭😭, sampe ibu ku nyuruh beli biar bisa cepet nikah cenah 😭😭",0,,
UgyJLTa11VQ1wYM8cgR4AaABAg,0,0,"2025-06-17 10:14:36",@gfndy,"Kak nessie bahas ttg berita perang dunia ke III dong",0,,
UgzfQrk3EvELdXtBh814AaABAg,0,0,"2025-06-17 10:12:24",@cahsemarang89,"baru kemarin temen kerja suami dapat 50 juta dari RA, bener2 ada bukti transfer di norek dan bank yg benar. karena bank suami dan temannya adalah bank swasta rekanan. editan prefect. kita ikut bahagia. soalnya teman suami lagi kena musibah. end then itu tipuan 😢 kita nga akan tertipu kalau tidak sangat real banget bukti2nya.",0,,
UgybQVrE9ig9LAE3Y_B4AaABAg,0,0,"2025-06-17 10:04:13",@Prince36944,"07:18 P U L A U W I N udah kayak tempat ngadem",0,,
UgxH01wIc0hQuISzk0l4AaABAg,0,0,"2025-06-17 10:01:55",@parthathokdar9602,"P͓̽U͓̽L͓̽A͓̽U͓̽W͓̽I͓̽N͓̽ tuh tempat mager yang produktif",0,,
Ugw8XkB9ucQA5fUGdC14AaABAg,0,0,"2025-06-17 09:57:05",@BrittanyHampton-k9t,"Fanum tax buat 혼홇홀홓홄홎 1.7, saking berharganya!",0,,
Ugztq6qu0GY1u3tx5r14AaABAg,0,0,"2025-06-17 09:55:47",@kaharnasya1257,"Pernah menang giveaway dari brand Mayra Syari & dpt gamis gratis senilai 600 rbu,,happy bgt donk.. Love Mayra Syari ❤",0,,
UgwqsmcmKQCaCUx0j754AaABAg,0,0,"2025-06-17 09:52:48",@tassarvaiya321,"𝗣𝗨𝗟𝗔𝗨𝗪𝗜𝗡 tempat paling masuk akal buat sekarang",0,,
UgxbY4CWxTV8Gg7Q3Pl4AaABAg,0,0,"2025-06-17 09:44:56",@HolleSangma,"Dibilang mager, padahal lagi buka 𝓟𝓤𝓛𝓐𝓤𝓦𝓘𝓝.",0,,
Ugzblvkfci4ZjpXNCmB4AaABAg,0,0,"2025-06-17 09:44:53",@ShubhamYadav-vi9fd,"Sekali buka 🄿🅄🄻🄰🅄🅆🄸🄽, lupa waktu.",0,,
UgwzoGbnwuf-XRNuvER4AaABAg,0,0,"2025-06-17 09:44:48",@aldahiromi8679,"Kk Nessie buat video tentang Save Raja Ampat",0,,
UgwFlUGm_Q5LtJqxGiN4AaABAg,0,0,"2025-06-17 09:44:14",@hikabanteng6215,"Pacar atau teman arisan aja menipu apalagi AI yang terlihat seperti sangat mengertimu. Chattgpt aja se pengertian itu. Tekhnologi memang bisa jadi mengerikan di tangan yang salah. Indonesia hati-hati krn bnyk konten AI di Tiktok yang masyarakat Indonesia percya kalau itu real dan ramai-ramai komentar kasihan dll pada vidio tersebut😂",0,,
UgwriAtFJ0RHfOYAlH14AaABAg,0,0,"2025-06-17 09:44:13",@xiaolie4703,"Udh 6 tahun ini aku g prnah upload fto2 diri di sosmed. Smua fto di sosmed aku hapus, krna ngerasa insecure. Tpi ternyata skrng ada manfaatnya, krna ai ini ko horor bgt, bsa comot muka org trus di edit sedemikian rupa, horor bgt😢",0,,
UgwWWw3CvUKMxz7iyMF4AaABAg,0,0,"2025-06-17 09:40:53",@PcM143,"𝗣𝗨𝗟𝗔𝗨𝗪𝗜𝗡 bukan pelarian, ini tujuan",0,,
Ugwwd5EotTyXzCQry8N4AaABAg,0,0,"2025-06-17 09:34:44",@lovekillabb,"no offense tapi wapresnya aja pro AI, bakalan susah ini mah 😭",0,,
Ugy0WAiWhogrq2KYXe94AaABAg,0,0,"2025-06-17 09:33:58",@Ashren-Pr,"SEDERHANA AJA DEH ingat sms dari burger king, sms sms sejenis lain? itu udah jadi tanda kalau nomer lu udah diperjual belikan ke pihak ketiga dan operator gak akan mau tanggung jawab, kenapa? sejak awal udah setuju dengan term and condition dari operator kan? nah ini termasuk. licik? iya banget",0,,
UgzayGo6YZ3y_4VMgQl4AaABAg,0,0,"2025-06-17 09:28:47",@Catheryne15,"24:27 memperlihatkan iq warga indonesia yang kebanyakan dibawah rata rata, miris. Padahal kebanyakan ibu ibu masih muda kok pada bdoh ya main prcaya aja. Maap",0,,
UgzjkwibG8H_2n6z6gt4AaABAg,0,0,"2025-06-17 09:27:58",@laviniatiara3702,"pernah menang give away buku wangsit jaman lagi persiapan utbk 2021. mayaan banget dapet wangsit gratis kak ness",0,,
Ugx4HLwQklKIj6wMhEh4AaABAg,0,0,"2025-06-17 09:25:18",@beringinhitam7480,"Ih. Mas Gibran terlalu lancar ngomongnya 😅😅😅😅😅😅😅 beda sama yg asli😅😅😅😅😅",0,,
UgzwMEkK1TgSR_b02pV4AaABAg,0,0,"2025-06-17 09:24:45",@MicoHehehe,"ini perlu di bahas jangan sampai kena scam sama AI",0,,
UgzXZcxPwRmdD4bclBh4AaABAg,0,0,"2025-06-17 09:19:59",@kashinathmathpati2509,"Gue main slot bola di MAMAJITU, langsung dikasih scatter dan dapet 1,7 juta. Goks!",0,,
Ugwa65otBfVYfrc42_V4AaABAg,0,0,"2025-06-17 09:19:52",@SuhailKhan-sl5jw,"Seru banget video ini! Btw, gue pernah menang 1 juta di MAMAJITU cuma modal 20rb",0,,
UgyR8R3BxvGVR9Kwn1N4AaABAg,0,0,"2025-06-17 09:19:37",@t.hidayat5271,"Kebodohan kluarga kami: 1. Tahun 2000 jamannya telpon rumah, punya nomor rumah akhiran 008 ditelp sama org katanya dapat undian dari telkom. Hadianya honda tiger, saya saat itu usia SMP seneng banget, tapi harus bayar pajak hadiahnya dulu 500 rb. Karena jaman itu belum faham harus transfer dibolehin pke voucher pulsa mentari yg digosok senilai 500 rb. Dijanjiin seminggu ga datang dua minggu ga datang sebulan akhirnya baru sadar klo ditipu. 2. Kejadian 2021 kmrn ada orang ngaku dari PT X dapat hibah dari dana luar negeri untuk program desa terang, proposalnya sangat meyakinkan katanya ini proyek dr kementrian ESDM. Per titik 2.7 jt, 1 desa ada 500 titik lampu, cuma sayaratnya harus ada uang partisipasinya 1 titik 100 rb. Kasih lah 50 jt pertama, karena tergiur keuntungan yg besar ortu memutuskan untuk ambil di 9 desa, 9x50 jt...sampe skrg proyeknya gada, orangnya ada udh lapor polda tapi gada kelanjutan kasusnya. Semoga jadi pelajaran buat yang lain.",0,,
Ugw3ebgP1_EYP5qMMXh4AaABAg,0,0,"2025-06-17 09:14:20",@rinaldyrizky7810,"Melati sesalia juga ada...... di twitter banyak",0,,
Ugwc0Xz24exTJ4mf20d4AaABAg,0,0,"2025-06-17 09:06:29",@herliesroom141,"LAHIRNYA sistem canggih untuk mempercepat penghancuran sistem dunia 🗿",0,,
UgwgsfUcvzaLvdsDfyR4AaABAg,0,0,"2025-06-17 09:02:48",@Mannu-Army-Gaming,"Dibilang random, padahal rutin ke P͟͟U͟͟L͟͟A͟͟U͟͟W͟͟I͟͟N͟͟?",0,,
UgyGQmVutu1_GzclGl94AaABAg,0,0,"2025-06-17 09:02:43",@udayveersomal1324,"PULAUWIN gak banyak janji, tapi lo bakal balik",0,,
Ugwp1mCPYJrFu2SEd2B4AaABAg,0,0,"2025-06-17 08:58:12",@goravsharma3729,"Isi waktu kosong? Paling enak ya di P͟͟U͟͟L͟͟A͟͟U͟͟W͟͟I͟͟N͟͟?",0,,
UgwQZg5I0x5IcUET3gx4AaABAg,0,0,"2025-06-17 08:58:06",@BhaliyaMagan,"04:30 P U L A U W I N andalan tiap stuck hidup",0,,
Ugzcf7q6l_auYpkx0hZ4AaABAg,0,0,"2025-06-17 08:54:32",@TinaSmith-i9x,"Buruan gabung ⭐ALEXIS⭐1.7⭐, biar gak ketinggalan promo!",0,,
Ugw8PcwOBmpJvSOKY1B4AaABAg,0,0,"2025-06-17 08:49:33",@coklatmesesmanis,"Jangankan kak Nadia omara, para ustadzpun sering:"")",0,,
UgySjyhlPL0YG3LpMzp4AaABAg,0,0,"2025-06-17 08:45:31",@rizkaarrahma7056,"give away baim wong, raffi ahmad 😂😂😂",0,,
UgwcG8nyTAee_KESG2V4AaABAg,0,0,"2025-06-17 08:44:30",@WulanRahayu-x6s,"Kebeneran banget aku baru aja tadi pagi ada yang vc di whatsap ngaku baimwong😂 selamat katanya dapat give away😂",0,,
UgwHMHb0UA2BFBjnSwJ4AaABAg,0,0,"2025-06-17 08:42:26",@mazseno_rich,"Apakah ini spoiler collabs with nadia omara???",0,,
UgzYrE7L5rXiGHVjUuh4AaABAg,0,0,"2025-06-17 08:40:54",@iramajalanan125,"AI scam Ini kyk yg terjadi video tiktok mengatasnamakan gubernur khofifah jual spd motor seharga 500rb an 😂😂😂😂",0,,
Ugzl9i712-3yBVFVTv94AaABAg,1,0,"2025-06-17 08:39:08",@ayu-g4z,"Wey buset, itu serius foto yg dikirim BP ke ann 😂😂😂😂😂😂😂😂😂😂😂😂😂😂😂😂😂😂😂😂😂😂😂 jujur, malah keliatan ky foto meme",0,,
Ugzl9i712-3yBVFVTv94AaABAg.AJTDSV1oWGhAJTxjoqDozH,,0,"2025-06-17 15:32:20",@nirmalasarinurkhasanah,"I love anne ""😊""",1,Ugzl9i712-3yBVFVTv94AaABAg,@ayu-g4z
Ugxfd2ME9ce325umaO94AaABAg,0,0,"2025-06-17 08:35:36",@Mozt_art,"Saya support orang2 yang ngegas untuk orang yg layak digas!!!! 😂😂😂 sehat selalu buat Bapaknya ya",0,,
Ugzcd7_la4O-dQEKTVV4AaABAg,0,0,"2025-06-17 08:35:32",@ogaxapaunky.official,"Dengan kasus-kasus ini jadi ingat kata Elon musk bahwa hati"" dengan ai",0,,
UgygoDh8zMDhEgw30gV4AaABAg,0,0,"2025-06-17 08:33:47",@kaptungenjek7620,"Kalau orang lihat IA telanjang, apakah dia berdosa",0,,
UgwgJmRagnKWjyIfcKt4AaABAg,0,0,"2025-06-17 08:32:16",@ahmadsaifuddin5361,"Mana sprei yang kau janjikan",0,,
Ugxwy7uUGCmQ2kdHEs94AaABAg,0,1,"2025-06-17 08:29:44",@streetrebel1693,"Kak nessie bahas agama jawa kuno kapitayan dong",0,,
UgxtctngiaYASFF6gyJ4AaABAg,0,0,"2025-06-17 08:26:10",@Lilis-w9m,"Kayanya ka nessie anakya cewe dh krna lgi hamil tambah cakep bngt ❤",0,,
Ugw0jLDG1oWERaqpF1t4AaABAg,0,0,"2025-06-17 08:23:56",@Appus-o2x,"MAMAJITU tuh tempat gue healing sekaligus cari untung. Kombinasi yang mantap!",0,,
UgzCaYk6GVKdzOaZLll4AaABAg,0,0,"2025-06-17 08:23:52",@Raistar7-x8y,"Dulu gak percaya, sekarang malah langganan WD mingguan dari MAMAJITU",0,,
UgzEYd6RCDqKqThZS-t4AaABAg,0,0,"2025-06-17 08:23:44",@GuddurajGudduraj-ue9zq,"Sering banget dapet kemenangan di MAMAJITU, proses WD-nya juga cepet banget.",0,,
Ugw7tv9VJhj6tZoaESJ4AaABAg,0,0,"2025-06-17 08:18:00",@rianaaaa-j2v,"Masih enakan koruptor dong korup triliunan, denda cmn brp milyar😅😅",0,,
UgxJbPqHWQ6YsFXCdV54AaABAg,0,0,"2025-06-17 08:16:05",@yurikepransiska3540,"Aku tadi baru aja ditelpon katanya dapet hadiah",0,,
UgyzYNcjF4A8HxDQYOl4AaABAg,0,1,"2025-06-17 08:07:34",@ruhal_996,"𝘽𝙞𝙖𝙨𝙖𝙣𝙮𝙖 𝙥𝙖𝙧𝙖 𝙥𝙚𝙣𝙞𝙥𝙪 𝙩𝙖𝙪 𝙉𝙊 𝙝𝙥 𝙠𝙖𝙧𝙣𝙖 𝙢𝙚𝙧𝙚𝙠𝙖 𝙣𝙜𝙚 𝙎𝙎 𝙨𝙚𝙢𝙪𝙖 𝙣𝙤 𝙝𝙥 𝙤𝙧𝙜 𝙗𝙪𝙠𝙪 𝙮𝙜 𝙖𝙙𝙖 𝙙𝙞 𝙘𝙤𝙪𝙣𝙩𝙚𝙧 𝙝𝙥 𝙟𝙖𝙡𝙖𝙣𝙖𝙣",0,,
UgwZz4Nk-tG7ATxy-Lp4AaABAg,0,0,"2025-06-17 08:05:23",@Prince.Zukooo,"PERNAH DAPET GIVE AWAY YELLOW FIT KITCHEN WAKTU MEREKA AWAL2 LAUNCH! Dari Instagram ofc mereka langsung! Bilang aku dapet paket maksi selama 1 minggu, smpe minta alamat dll. Pas aku tanya nih hari H nya, mereka bilang kalau alamat aku ga masuk range pengiriman mereka dn mnta aku hubungin ke no pengaduan, PADAHAL MEREKA CLAIM BISA ANTER KE JABODETABEK dan aku tinggal di Kab.Tangerang, sedih bgt Kabtang ga diaku di Jabodetabek?. Pas aku kontak nomer pengaduannya eh ga ada jawaban. Trus aku cht org2 yg pernh dpet give away dan mereka bilang itu beneran dn mereka bneran dikirimin ke rumah langsung. Trus aku cht adminnya lg dn bilnag klo ongkir aku yg nanggung aja jdi makanannya kan tetep dapet yah? MEREKA KAN MEMPERMASALAHKAN DI PENGIRIMAN KAN? Taunya tetep di php in guys wkwk ngakak. Ini gatau ya scam atau gmna tapi itu bneran dr official Instagramnya!!!!!!!!!!!",0,,
Ugy-yvDGjJ--FBNurIF4AaABAg,0,0,"2025-06-17 08:02:06",@GenAI77,"Bapak nya sikopat😅😅",0,,
UgwoaLxX2739CHn6hGp4AaABAg,0,0,"2025-06-17 08:00:55",@ProtapBiswas-zo4re,"Asli sih MAMAJITU gacor parah, minggu lalu gue WD 1,2 juta cuma dari main slot bola.",0,,
UgyFREUKQuPG3Z9KnOx4AaABAg,0,0,"2025-06-17 08:00:52",@Aadi_24336,"MAMAJITU udah kayak mesin uang gue tiap kali iseng main.",0,,
UgzMKrin-2cFq7jSXjh4AaABAg,0,0,"2025-06-17 07:59:28",@ShazwanOmar,"911 emergency mana",0,,
UgzQ_x7EdtcknXL3lWl4AaABAg,0,0,"2025-06-17 07:55:20",@VinnayaKaif,"AI d real dajal.. dajal itu bukan bermata satu, gampang bgt dong bedainnya.. ini dajal di masa kini, gak bisa bedain mana bener atau salah.. ini fitnah yg nyata..serem bgt y dunia 🙈🙈🙈",0,,
UgxQB7T9a2YJF2VCM094AaABAg,0,0,"2025-06-17 07:51:06",@KeithMiller-l9u,"Setelah makan malam mereka menerima ✌헔헟험헫헜헦17✌ tantangan besar saat sendirian.",0,,
Ugwg7dA2AH-sdvpuasl4AaABAg,0,0,"2025-06-17 07:47:36",@kei........,"Kata2 AI Pak Prabowo template kata2 penipuan 😅😅😅😂😂😂",0,,
Ugzp7jUDVgqUY9j1kot4AaABAg,0,0,"2025-06-17 07:42:02",@GoldDigger-o9g,"Di iklan youtube banyaaaakkkkkkk",0,,
Ugzfizc8T21byjEuTDR4AaABAg,0,0,"2025-06-17 07:38:46",@aingsaha-12,"Coba kak colab sama ka nadia omara",0,,
UgyTSUw-lv9D7xmTqyd4AaABAg,0,0,"2025-06-17 07:36:55",@liyafauziyah681,"Aku sering nemu iklan judol deepfake nya Raffi Ahmad 😅😅",0,,
Ugz0WSee0y-UgY03cJh4AaABAg,0,0,"2025-06-17 07:34:06",@TravisRodriguez-t9k,"Selama perjalanan kita menunggu ✌헔헟험헫헜헦17✌ tantangan besar bersama keluarga.",0,,
UgyPmVIH2sfGFePRkL14AaABAg,0,0,"2025-06-17 07:33:26",@KhaDija-c9g6r,"bahas kasus yanti ci anjur ka",0,,
UgzMmvVPbMsc7ArPCEd4AaABAg,0,0,"2025-06-17 07:31:23",@phonixvionix3535,"Di tik tok byk bgt, video orang 2 penting kek pejabat d bikin seolah2 bru main tik tok mau biay giveaway... Yg komen ribuan pda minta giveaway.. Pas gw liat itu videonya lg wawancara ma wartawan d edit dah dkasih tau scam2 malah d maki2 gw😅",0,,
Ugz2b8nfWKeTh7h4JG94AaABAg,0,0,"2025-06-17 07:29:27",@Faddlyy,"wakil kita aja malah mendukung ai",0,,
Ugy_4nrJADB9uh1mnit4AaABAg,0,0,"2025-06-17 07:23:31",@nusaindah9461,"Di iklan youtube atau chanel lain saat jeda pasti ada iklan yg pakai public figure seperti menteri, dokter, profesor dll yg bikin kita bingung benar tidaknya produk yg ditawarkan",0,,
UgxrIQhOYRFxBOsA8Yt4AaABAg,0,0,"2025-06-17 07:23:29",@AlejandroAvila-b7e,"Dari modal kecil, bisa jadi jutaan di ⭐ALEXIS⭐1.7⭐!",0,,
UgzAolcGopkKSbnOMTh4AaABAg,0,0,"2025-06-17 07:18:02",@berlianaoktavianiputri7553,"Aku juga semalam dapat pesan dari bank bri katanya seperti verifikasi dan lain nya pakai link, aku gaa klik cuma balas aja penipuu ohh penipuu auto langsung kena blok aku😅😂😂😂",0,,
Ugx8wWOS5-LeZWN0YZ54AaABAg,0,0,"2025-06-17 07:14:02",@PasirPutiih,"aku pernah menang hadiah dari Cornetto buat nonton konser Taylor Swift 2014, dan itu beneran😍😍😍😍 adik iparku pernah kena scam pacaran gitu, pelaku ngaku pilot, kenal di ig dan udah menjalin hubungan pacaran 1 bulan , si pelaku bilang mau kirim gift buat adikku, minta tolong barang ke tahan di bea cukai, minta uang 7,5jt pas adikku minta tolong buat tf ke aku, aku langsung curiga, krna dari cerita detailnya terlalu ganggu wkwkwk alhasil aku di tlp pihak “bea cukai” kalau ngga tf nanti dijemput polisi ke rumah, yaaa aku jawab “iya gpp, ke rumah aja, kalaupun adik saya salah, saya tanggung jawab” setelah itu adikku nangis dan lngsung blokir semuanya, dan damai gak ada tuh yang ke rumah 🤣🤣🤣",0,,
UgzO0AuZQICj72nNcil4AaABAg,0,0,"2025-06-17 07:06:05",@NaylaNoviyulianti29,"Kak nadia😭😭😭kasian banget ya😢",0,,
UgwJw83DoYORb_oet6F4AaABAg,0,1,"2025-06-17 07:01:38",@AGUNG-TKR,"Saya mau cerita saya pernah ketipu😢😢",0,,
Ugwv06wwIDTFnxJaVeZ4AaABAg,0,0,"2025-06-17 07:01:02",@RendiSanjaya-y8n3z,"Bapak nya nessie keturunan Arab jawa ternyata. Hahahahaha "" tak kamplengi """,0,,
UgzOLYVCUeLawfLEgfh4AaABAg,0,0,"2025-06-17 06:58:45",@Fatma_Unyil28,"Kak nes aku udah 7x ditelpon penipu 😅 alhamdulilah gk pernah ketipu . Tapi nomor aku jadi gk privasi lg 😌 Anaknya uwa aku ketipu 5jt gara² giveaway hp iphone 11 . Dia ditelpon sama s penipu (anaknya uwa aku lagi kerja jadi TKW di arab saudi ) , bilangnya anda mendapatkan hp tapi harus bayar adm dulu 5jt . Karna tergiur jadinya uang 5jt melayang 😌 itu sebulan gaji dia . Kejadiannya november 2024",0,,
UgxfcmWxnio2xHPedxR4AaABAg,0,0,"2025-06-17 06:53:27",@gedejuliadi1061,"Pernah dapet giveaway dari msbreewc 😂",0,,
UgyLPso0n3eUVXMLriB4AaABAg,0,0,"2025-06-17 06:51:29",@NaylaNoviyulianti29,"Gak ada, tipu2 semuanya.",0,,
UgwMxah2C-j0tXrpCeV4AaABAg,0,0,"2025-06-17 06:49:07",@NaylaNoviyulianti29,"Halah akal2an tukang tipu😂😂",0,,
Ugxhh9fb__F69BnGf7x4AaABAg,0,0,"2025-06-17 06:48:38",@NaylaNoviyulianti29,"Gila banget ide nya penipu yg berkedok misalnya idola kita yg mengaku2 mas bondan padahal bukan, misal.",0,,
Ugx-L-l0eApplT8AiaJ4AaABAg,0,0,"2025-06-17 06:47:13",@NaylaNoviyulianti29,"Jahat banget AI yg digunakan org2 yg jahat",0,,
Ugzp8xuggSp3u9d2YD54AaABAg,0,0,"2025-06-17 06:46:42",@zs-or2rx,"lebih aware lagi guys sama orangtua kalian .. aku juga pernah liat mama aku sempet percaya sama AI untung aku liat dan langsung kasih pengertian kalo itu fake ga nyata",0,,
UgxwI-PrBHLr7rNdfSN4AaABAg,0,0,"2025-06-17 06:46:30",@NaylaNoviyulianti29,"Jangan ketipu sama era2 sekarang yg suka nyari2 celah untuk menipu karna kita suka terhipnotis sama sosial media yg mengnipu beda sama aslinya.",0,,
UgwNZwFwrqaMjDLzs7Z4AaABAg,0,0,"2025-06-17 06:46:05",@dL_rls,"Gue pernah dpt Voucher perawatan kulit di klinik Zap, photo facial glow cuma 81rb, tp krn masih nganggur dan uang jajan gak cukup, jd hangus aja gak kepake 😭 Mau di kasih ke saudara buat gantiin tapi katanya gak bisa, hrs dipake sendiri gak boleh dikasih orang lain",0,,
UgyQytLS2y6nGhtEof14AaABAg,0,0,"2025-06-17 06:44:59",@NaylaNoviyulianti29,"Kayak kasus seorang pria dari Jakarta ngaku2 mas Kawer, nge chat cewek Medan, dan sampai endingnya pria tersebut didatangi langsung oleh mas Kawer dan kawan2 nya, dan disitulah ia mengakui niatnya mau menipu korban.",0,,
UgyXR8K_LjROxviLZEx4AaABAg,0,0,"2025-06-17 06:39:48",@distanew239,"Ko org² bisa ketipu,dari vidionya aja udh keliatan editan",0,,
UgyzzBHHzkjjXOBaH9d4AaABAg,0,0,"2025-06-17 06:39:25",@therealthifarm,"Kenapa sekarang pepsoden bisa kirim pesan promosi ke saya yaa nomor kita di jadikan sadaran iklan gk sama provider jaringan belum lagi pesa pesan dari pinjol gk jelas🙃",0,,
UgzotQpVF5snQmPLft54AaABAg,0,4,"2025-06-17 06:36:11",@Kristen.protestanku,"Dunia sekarang semakin jahat kita harus berhati² 😢",0,,
Ugw_PgpzWLd5WYNJfyZ4AaABAg,0,0,"2025-06-17 06:34:13",@virgacheeks9267,"Tetanggaku ada yg gitu nomor tlp ngaku2 jdi saudaranya bilang kalau anaknya yg kos kclkaaan koma kplanya hncr , tetanggaku nanggis2 waktu itu dan anehnya nmr si anakx gk bisa d tlpn berkali2 pdhl orgnya lagi pada d rmh anaknya dan jua yg mengaku saudaranya , katanya minta kiriman uang 10jt buat perawatan d rs krna panik tnpa pkr panjang d krm habis di krm nmrnya tdk aktif smua ,dan nmr anaknya baru bisa d hubungi begitu jua nmr saudaranya yg asli bukan yg tlpn tadi , dan tau merkaa pda di rmh langsng lemes krna tau kena tipu ,tp tetanggaku engk terlalu sedih karena ankx baik2 saja uang bisa d cari katanya , jaman 2008.an uang 10jt mgkn kalau sekarang engk seberapa tapi jaman dlu banyak bngt segitu ..",0,,
UgzL0PPKJhiVX7N39bN4AaABAg,0,0,"2025-06-17 06:33:06",@tribaguspanuntun9474,"""i love you mas bagus"" asli ngakak 😂",0,,
UgyDal5l_ttpVPKW_3d4AaABAg,0,1,"2025-06-17 06:28:41",@Duan-Xiau,"Ampun..... AI lama lama udh bisa nguasain dunia ini , padahal dari semua video atau foto AI itu JELAS bngt klw itu di edit pake AI 😒😮‍💨",0,,
UgxM8U2XKZsTR9kroW94AaABAg,0,0,"2025-06-17 06:22:09",@Prem-i1z,"Baru-baru ini ada temen yang dapat chat w.a dari pegawai pajak gtu, buat konfirmasi datanya, dan data yg dikirim ke tmnku ini beneran data dia lengkap sampe ke email² kerjannya 😭 krna kantor pajak dekat, jd tmnku konfirmasi langsung ke kantor,pdhl dia udh smpt video call sm penipunya krna diarahkan buat ini itu",0,,
UgyYq3WfqfsSLv4z6UR4AaABAg,0,0,"2025-06-17 06:16:09",@wulandarisurbakti2138,"Di fb banyak kak. Giveaway Raffi Ahmad gtu,. Trus nanti akunnya diambil alih, sama si penipu, jadi mereka bikin postingan udah nerima uang give away gtu.. dan komennyaa kayak bener bener ada yg juga udah dapat uangnyaa. Tapi, Raffi ahmad ga pernah bikin postingan kalo itu bukan dia.",0,,
Ugw11NnvEVkOJMlfuod4AaABAg,0,0,"2025-06-17 06:15:43",@syazsyakiraazz,"Scam iklan Meisya Runjan lucu banget. Sangat bersih sampai ga bisa bedain itu asli atau enggak😂",0,,
UgxxHu28LlnNn4Ik0Tl4AaABAg,0,0,"2025-06-17 06:14:21",@jamalalbadri8920,"Wkwkwk 19 juta lapangan pekerjaan aja ga ada, ini malah mau bagi2 65 juta 😂😂",0,,
UgwkJM4ljbw6EOqwebl4AaABAg,0,1,"2025-06-17 06:09:34",@DarmanSyah-u8i,"Kak Nessie bahas kasus yang terjadi di Singkawang yang anak hilang selama 3 hari dan ditemukan dalam keadaan meninggal di mesjid",0,,
UgwFLyp5WtZ37U_JP_14AaABAg,0,0,"2025-06-17 06:05:30",@MonicaWagner-h1q,"혼홇홀홓홄홎 1.7 bikin semua jadi soft spoken, s speechless!",0,,
UgyK0qco7Gdo7rWWWLt4AaABAg,0,0,"2025-06-17 06:05:29",@AndrewHuerta-m5o,"혼홇홀홓홄홎 1.7 bikin otakku brain rot, saking kerennya!",0,,
Ugz89lvInR3ZMjEJ_i54AaABAg,0,0,"2025-06-17 06:03:13",@blessyscodarius877,"Awal tahun 2025 juga ortu gua kena tipu dari app FB yg berkedok bagi2 uang 30jt dari Aisar, singkat cerita jalan menipunya mirip2 sama ka'nessie jelasin di atas, di minta data2 pribadi kayak KTP, sampai minta uang administrasi 950k, untung aja gua grecep krna tingkah laku ortu gua kayak mencurigakan, penipunya juga minta lagi sebesar 2.5jt agar hadiah atau duitnya bisa masuk ke rek ortu gua, alasanya harus trf dlu 2.5jt krna udah sistem dari bank. Untung aja gua grecep bgni 3.4jt+ ludes atau mungkin lebih klo gua gak ngeh. Gua belajar dri dlu msih pke BBM iming2 cuci gudang iphone 😂, sama di thun 2018 juga ortu gua kena tipu 70jt dari akun fb dimna ortu gua percaya akunya karna pelaku mengaku sbg org penting dan dia pasang pp berfoto dengan presiden barak obama😭, ketipu krna tahun2 itu emang ortu gua baru belajar megang smartphone, jdi msih belum tau mana penipu mana asli.",0,,
Ugw3DsUJcZEshmVLpVB4AaABAg,0,0,"2025-06-17 06:03:12",@ArsyadJamaluddin,"Sering bngt nemu video promosiin judol di fb kebanyakan pake wajah nadia omara, rafi ahmad,dan baim wong",0,,
UgwnapJQdTuE8Hv2ATR4AaABAg,0,0,"2025-06-17 05:58:20",@Anrinobelibrahim,"BANSOS YANG BIKIN KAGET !!!!! 😅 , KALO SAMPE SEBANYAK ITU YANG KENA , KOCAK BERARTI 😅",0,,
UgyRvhDA8bmLr8CmHXV4AaABAg,0,0,"2025-06-17 05:56:18",@jhondimdim5509,Baimwong,0,,
UgxIRyk4tmjuVEIk39F4AaABAg,0,0,"2025-06-17 05:54:32",@akirahimuroputri4.5,"Tolong bahas tentang perebutan 4 pulau antara Sumut dan Aceh dong.Kalau sampai Aceh merdeka sendiri dan lepas dari Indonesia bisa anjlok devisa negara.",0,,
UgznhuGqvuFAO01RsiV4AaABAg,0,0,"2025-06-17 05:51:10",@ayundari5044,"Aku pernah kena scam 3jt😭😭😭😭",0,,
Ugw8UA_7tx3k85Ov0F94AaABAg,0,0,"2025-06-17 05:50:57",@anty3465,"Setiap hari ada aja yang nelp no ga jelassss ganggu banget asli",0,,
Ugz6atdyhpks1o21mKx4AaABAg,1,13,"2025-06-17 05:50:29",@RulGaming,"Sedikit cerita bapak aku tuh sering nontonin video video Dedi mulyadi di tiktok. Terus ngelewat video 'dedi mulyadi' bilang motor murah cuma 5 juta masih bagus langsung wa Saya. Bapak tuh percaya dan keukeuh banget itu Dedi mulyadi. Aku bilang, pak itu pake AI emang bisa ngerubah suara dan muka kaya aslinya. Untungnya ketahuan kalo engga, ga tau nantinya gimana. Bener bener khawatir banget karena orang tua tuh gabisa cek dan ngebedain video yang lewat lewat di fypnya tuh asli apa engga. Kalo yang muda-muda bisa ngebedainnya ah ini mah AI. Makanya sekarang sering wanti wanti bapak kalo ada berita apapun yang lewat di fyp tiktok atau dimana pun jangan langsung percaya dulu dicari dulu kebenarannya.",0,,
Ugz6atdyhpks1o21mKx4AaABAg.AJSv9JIKWLHAJToIfvV7Z0,,1,"2025-06-17 14:09:50",@anwnt,"Iya kak kalau udah ortu itu susah mending kalau langsung paham lah kalau ngeyel dan marah "" itu bikin kesel 😅",1,Ugz6atdyhpks1o21mKx4AaABAg,@RulGaming
UgxilNM9GiMqmf92MWN4AaABAg,0,34,"2025-06-17 05:48:24",@jeonulcooky8304,"skarang tau kan knpa wajah Rasulullah SAW tidak di perlihatkan. semengerikan ini ternyata teknologi AI",0,,
Ugx52vDnvGLKzuAwplx4AaABAg,0,0,"2025-06-17 05:46:53",@SrimulyaniWulandari,"Iya orang tua soalnya tidak mengerti ai..",0,,
UgyVKPKnZBfKxITSU-t4AaABAg,0,0,"2025-06-17 05:44:06",@CitraAnjani,"papahnya kak nessi ganteng huahahhahahaha",0,,
UgxDWT2yzIAyEYLbfEV4AaABAg,0,0,"2025-06-17 05:42:23",@nzkningratan8173,"John Smith itu nama yg sering bet dipake scammer yah 😂",0,,
UgzC3CSsQ9ZQHxrDsup4AaABAg,0,1,"2025-06-17 05:41:03",@AdindaNurAnwar,"I really love this kind of video kak😮",0,,
Ugx9dec89-XYuIHfoaV4AaABAg,0,0,"2025-06-17 05:40:33",@vitamalore5689,"Suamiku jg tahun kmarin kena tipu pdhl keuangan lagi susah2nya,wktu itu rasany kek cape bgt,udahlah lgi susah mamaku wktu itu divonis dokter umurnya sisa 2 bulan lagi keknya mau nyerah aja hidup ini,Tapi Tuhan emg baik bgt aku dksi kekuatan biar mampu menjalani hidup smpe skrng walaupun mama udah pergi 2 bulan setelah vonis dri dokter,bersyukur bgt jiwa ini masih bisa waras😇",0,,
UgwabV3xOY5qa7OobZ14AaABAg,0,1,"2025-06-17 05:40:08",@astriedaliston2011,"Jadi inget papaku yg seorang driver gocar sempat kena juga scam. Beliau sudah gaptek, biasanya kalau ada info² apapun kirim ke aku atau tanya aku dulu. Cuma krna aku udah nikah dan udah gak serumah, papaku yg waktu itu dpt wa dari yg ngaku sebagai tim dari Gojek dan infonya harus segera agar aplikasinya tidak di suspend maka papaku klik link jahanam dari penipu itu.. orgnya lgsg bisa ambil alih kendali hp papaku.. kirim link² scam ke grup² dan semua akses aplikasi di hp bisa dibuka org itu dan uang di gopay serta saldo dsri hasil habis disedot sama penipu.. Alhamdulillah papaku gak punya m-banking, tapi hari dimana harusnya bisa kerja malah jadi panik dan keluarga ku panik semua apalagi ibuku yg vertigonya kumat dan nangis².. Alhamdulillah aku bisa izin off dari kantor dlu buat bantu urus hp papaku dan Alhamdulillah akhirnya bisa digunakan lagi dan dah aman.. cuma setelah itu aku ingatkan ke papa atau mamaku, Kalau ada kirim wa atau sms tapi gak paham, jgn asal klik tapi tanya ke aku atau adikku dlu biar gak kenapa²..",0,,
Ugwc164gMvdoKjzUOTV4AaABAg,0,0,"2025-06-17 05:36:34",@kimbambang4582,"Mamaku percaya bayi 3 bulan berdiri sambil joget joget dangdut🗿",0,,
UgxwHpi3pxrZMQatK1x4AaABAg,0,0,"2025-06-17 05:36:21",@KhusnulKhotimah-wh2kj,"Emak gue harus nonton ini nih",0,,
UgzyOo0ApKdIvKVTIwZ4AaABAg,0,2,"2025-06-17 05:34:45",@alfinurcahyanti3718,"Pernah dapet air fryer dari merk han river 😂",0,,
UgxXXaSHWST3v9JcDQF4AaABAg,0,0,"2025-06-17 05:27:25",@im__uyuQ,"Kak nes di kampung ku terkenal pusat tempat penipu itu menjamur, aliasan PASSOBIS kitapun disini sudah muak tapi ketangkap 1 paling cuma anak buahnya bukan otak dan yg memberi fasilitas (bos) mereka😢😢",0,,
Ugxp1_Wc_yQKFqi5odp4AaABAg,0,2,"2025-06-17 05:27:07",@febyramadhani-rs6io,"Aku ada pengalaman dari ayah, karena ayah baru pengguna baru facebook dan waktu lagi scroll FB muncul iklan Dr. Terawan yg nawarin obat diabetes dg video penjelasan lengkap. Ayah sempat minta tolong beliin obat tersebut, waktu aku tanyain obatnya dari mana dg polos ayah jawab FB dan aku lansung cari tau apa memang benar Dr. tersebut ngeluarin obat diabetes. Ternyata benar itu penipuan, Dr dibuat AI seolah menjelaskan penemuan obat terbarunya. Dari video dia menjelaskan sangat nyata itu AI tapi karena orangtua belum paham apa itu AI jadi aku sbg anak takut nanti jadi korban pembohongan AI. Aku selalu pesan kalau ketemu iklan jangan tergiur dan lansung percaya dan setelah itu ayah selalu bertanya ke aku ini bener apa engga nya.",0,,
UgwA0WhuplN6awctRNZ4AaABAg,0,0,"2025-06-17 05:26:51",@Sannylevana,"Aku mikirnya Ya Nessie...mereka tahu no kita dr app yg salah satunya dr peduli lindungi yg sekarang sdh berubah jd app lain....hadeuh...😢😢😢",0,,
UgyTgvcqgRjmJDixUlR4AaABAg,0,1,"2025-06-17 05:26:21",@azisyahrizky1553,"Nonton ini baru bgt 10 menit yg lalu dpt tlp dari bank katanya ada transaksi mencurigakan pembelian pulsa sampe 1jt. Krn lagi nonton juga, jdnya males nanggepin. Aku blg aja “gak pake bank itu, dan saldo saya gak sebanyak itu” 🤣 lgsg ditutup. Mana nlpnya pakai WA lagiii.. gak modal bgt penipunya hahahaha",0,,
Ugynux8ea6AHFuByveh4AaABAg,0,0,"2025-06-17 05:25:33",@rahayukasih,"banyak bgt memang vidio ia kyk gitu di youtobe juga ada,tapi kalau teliti pasti tau itu gak ia /asli",0,,
UgwEHqWEAAFdEimkvod4AaABAg,0,0,"2025-06-17 05:24:18",@byyadab,"Gue masih nunggu pembagian sprei gratis dari pak Prabowo",0,,
UgzuIXKp2HcQllwc6dl4AaABAg,0,0,"2025-06-17 05:22:35",@callmetata5508,"Nessie udah pernah bikin kasus penipuan online ? Jadi aku punya temen dia kena tipu ratusan juta rupiah, karena kenal sama stranger di game online. Di ajak join bisnis gitu, online juga sistemnya top up top up tapi pake uang gede bgt. Websitenya itu hampir sama kaya toko oren. Disitu dia terus terusan top up karena kaya dibuat seolah olah banyak yang belanja ke toko online nya temenku. Yg sampe akhirnya abis ratusan juta rupiah yg harusnya jadi uang kuliah di luar negeri. Dan ternyata pas ku nyari tau udah banyak korbannya, mereka buat komunitas di facebook. Karena si penipu ini memakai foto profile cewe cantik gitu, dan nama web nya itu Exit shop. Dan penipunya ini sesama org indo juga.",0,,
Ugyd_yctliF27kPkJ8d4AaABAg,0,0,"2025-06-17 05:21:02",@Mochiondeonde,"Mana 3 video itu masuk ke hp keluargaku lagi, sampek aku capek ngasih tahu kalau itu penipuan tapi ngeyel karena itu pak presiden, wakil presiden, dan menteri. Untung, mereka akhirnya percaya.",0,,
Ugz81hy2-rfy6sKriHF4AaABAg,0,0,"2025-06-17 05:20:08",@WindaAslami,"Iklan judol bnyk bgt yg pakai muka dan suara influncer",0,,
Ugw9zPj22JAgv53CtHB4AaABAg,0,0,"2025-06-17 05:20:06",@PujiRahayu-mu4yp,"Sodaraku ada yg ketipu gtu. Udh sampe bbrpa bukan menjalin hubungan 'goib'. Modusnya sama minta uang buat beacukai. ngakunya orang luar tp bisa indo. Pdhl ketikannya dr google translate, bahasanya pake kbbi bgt wkwk Untungnya cerita ke aku. Aku yakinin klo itu penipuan. Wlpun dia patah hati. Dan gajadi ketipu. Dan akhir akhir ini lg banyak modus penipuan kurir. Tmnku jg ngalamin itu. Lebih hati2 lagi dijaman skrg apa2nya mh.",0,,
Ugzq8L_DT37kYmHy8Rh4AaABAg,0,0,"2025-06-17 05:18:11",@ydhchest7740,"Sya sdh 4 hari terakhir di hub no tertentu sdh di blokir malah muncul no lain..menawarin paylater tapi mereka yg akan uruskan... akhirnya aktifin fitur untuk menolak panggilan dari no yg tdk diketahui..😅",0,,
UgwDsQZ0COo-5NysiJJ4AaABAg,0,0,"2025-06-17 05:17:51",@indriraras1781,"Kak Ness aku sering bgt di love scam haha sama orng indo dan orng luar negri.tapi aku ga pernah keluarin duit sama sklli untk mrka apapun rayuan nya.stlh mrka merayu2 aku jdi paham oh love scam gini,yg suruh TF,suruh bayar bea cukai apalh itu lah aku ga prnh keluarin uang meskipun dia udh Bkin love boombing ke aku.Smpe tiap ada orng luar negeri dktin aku,aku slalu dluan yg test dia untk TF uang..Kalo dia lngsung kabur ngilang ga angkt telpon dan ga balas berarti niat dia emng mau nipu aku.beda lagi kalo ak yg minta TF dan mereka mengiyakan aku nya malah takut haha sampe aku bilng ini cuma prank,aku cuma bercanda tentang hal ini untuk test kmu..so guys be smart girl..",0,,
Ugw76sWIyK_0iqc46DN4AaABAg,0,0,"2025-06-17 05:16:26",@j.m1398,"Cara penipuannya yang sering di lakukan ke para TKI tentang pengiriman barang di tahan bea cukai minta uang untuk nebus dan sasarannya ibu2 umur 35 - 50 an yang puber ke 2 dan kalau di nasehatin ngeyel nya naudzubillah Astagfirullah",0,,
Ugx0z1r9t9PnK1L1Mm54AaABAg,0,0,"2025-06-17 05:11:45",@YtRofiq-q3f,"10:47 jd keinget sprei gratis 😭😭😂😂",0,,
UgzzwefJmTPDMQZVtnV4AaABAg,1,0,"2025-06-17 05:10:02",@gitarisdagarnisya1471,"Saya pernah nih nasehatin rekan kerja. Beliau sudah sepuh dan single parents. Sering banget curhat kalo punya temen bule. Lama lama ceritanya agak lain jadi cerita kasmaran. Pernah juga saya di kasih liat chat chatannya dan bahasanya ala google translate banget (ini bule darimanaaa) udah jelas beliau kena tipu. Tapi ya begimana nasehatin nya, masa saya bilang ""Yang bener aja bu ada bule tiba tiba naksir sama ibu,inget umur"" 😂 Lama lama bener tuh si bule bilang ""mau kasih si ibu emas berlian"" katanya dia punya harta di Indo tapi ga bisa ke sana karna ga punya uang rupiah jadi dia minta di tf sejumlah uang. Ya Allah...aslii cape banget nasehatinnya. Ya difikir aja pake logika, dia punya harta di sini tapi di sana gapunya duit terus tiba tiba minta tf buat beli tiket pesawat. 😭😭😭",0,,
UgzzwefJmTPDMQZVtnV4AaABAg.AJSqX0f8covAJgyLfo_EPm,,0,"2025-06-23 02:07:00",@fen_fen4871,"makmer gw juga gini",1,UgzzwefJmTPDMQZVtnV4AaABAg,@gitarisdagarnisya1471
Ugwf7DG9XHPrgk_UvD14AaABAg,0,0,"2025-06-17 05:08:29",@pamayshadega4157,"Pernah liat pas mau pemilu prabowo bagi bagi sprei gratis..",0,,
UgwPy5OOrZtW4fZ0bwZ4AaABAg,0,0,"2025-06-17 05:08:21",@adekbuluw,"sumpeh sering liat beginian di tiktok tuh dan mirisnya orang-orang yg tua tuh mudah percaya 😢",0,,
UgzTErgFUBHMkOqZ3uB4AaABAg,0,0,"2025-06-17 05:07:08",@putjel999,"Jangan percaya penuh sama influencer guys. Bisa jadi influencer itu beneran nipu. Kita mikirnya ah mana mungkin influencer nipu kan duitnya udah banyak. Jangan ya guys ya...",0,,
UgyFZNPN7iM8md0AP194AaABAg,0,1,"2025-06-17 05:05:27",@maharanidyahputri3304,"Terimakasih banyak Nessie sudah membuat video ini….saya percaya ini membantu banyak orang untuk membangun awareness tentang penipuan2 yang menggunakan AI, yang mungkin untuk banyak orang belum cukup familiar untuk mengidentifikasi bahwa ini adalah modus2 penipuan baru. May love & kindness returns to you 🙏🏼",0,,
Ugy810yxM5PWE_UtKKJ4AaABAg,0,0,"2025-06-17 05:03:35",@elkabeverly2993,"Susah banget jelasin ke mama akuuuu 😭",0,,
UgysEqDfKKK8qAFLOAN4AaABAg,0,4,"2025-06-17 05:02:17",@labalerrina,"Teman-teman harus waspada dengan teknologi AI ini, coba awasi keluarga kalian seperti ibu atau ayah, tante paman kalian, nenek kakek kalian, atau saudara-saudari lain yang tidak terlalu mengerti dengan perkembangan teknologi zaman sekarang. Scammers seperti ini banyak sekali bisa ditemukan, jika kita tidak waspada, kita akan menjadi sasaran tepat untuk pelaku. Intinya, jangan terlalu percaya dengan apa yang berseliweran di media sosial, kita harus bijak dan teliti. Hati-hati ya, teman-teman!",0,,
UgxsXzvhyAkMF8IiuXl4AaABAg,0,0,"2025-06-17 05:02:12",@BurjoNusantara,"Dari suaranya aja udah beda, dari gerakan bibirnya juga ga singkron banget, kan keliatan penipuan banget",0,,
UgyE9vd7FR4DwMLAtwR4AaABAg,0,0,"2025-06-17 05:01:52",@elitadwigustina1537,"kak dapet 65jt penjara12thn, dan denda milyaran. itu yg dapetnya milyaran kok penjaranya gak sampai 12 bahkan gaktau yaa ada dendanya apa enggak😅😅 padahal kan sama aja judulnya nipu.",0,,
Ugytw6CCZBEqQeeEsI14AaABAg,0,0,"2025-06-17 04:59:32",@urblossome_,"baru kejadian nih bbrp hari lalu aku sama bbrp orng kena rip total 100jt sama store jualan skin di game ML😢",0,,
UgzqS62MGrC688Q8vk54AaABAg,0,0,"2025-06-17 04:58:03",@dentsusi2021,"telkomsel nih parah tiap hari w di telponin pinjol",0,,
Ugz5i0YECxLL2mCF0394AaABAg,0,0,"2025-06-17 04:57:17",@BrittanyHampton-k9t,"⭐ALEXIS⭐1.7⭐ selalu kasih yang terbaik buat membernya!",0,,
UgxJusx-andTZ80-wYN4AaABAg,0,0,"2025-06-17 04:56:49",@SarahParker-q3s,"Apotik tutup kalau 혼홇홀홓홄홎 1.7 udah beraksi!",0,,
UgyAcEpvK6ZgG5K3zAd4AaABAg,0,0,"2025-06-17 04:56:26",@RobertLewis-q4r,"⭐ALEXIS⭐1.7⭐ tempat ternyaman yang pernah ada, wajib coba!",0,,
UgxQ7UvjodNjdAjvMiR4AaABAg,0,0,"2025-06-17 04:53:45",@HeraLengoh,"Maaf kak sebelum nya, ini cerita sama banget yang di alami sama kka sepupu ku, cuma beda nya in Artis, sedang sepupu ku orang biasa, ngakuh2 kerja di Bank, sampai minta uang setiap bulan 15 juta, sampai rela jual motor dan harta yg ada di rumah nya, ngak urus anak dan suami, banyak utang sma teman nya kerja nya.",0,,
Ugxxwv_kbPNQC4Bo7iR4AaABAg,0,0,"2025-06-17 04:53:25",@ENAA_JEJD,"serem nya 🤭",0,,
UgwrEBX-P_LLJt1ZJCl4AaABAg,0,0,"2025-06-17 04:52:48",@ViviTriandani,"sumpah baru kemarin liat di fb lewat ada video deepfake AI nya raffi ahmad lagi promosiin situs judol juga sumpah serem sekali",0,,
Ugz3e7kVr2fDcdBJZD54AaABAg,0,1,"2025-06-17 04:51:54",@BlueSky-c6b,"Kak bahas tentang Marilyn Monroe dong",0,,
UgwPe5XWPYcy9nd0G314AaABAg,1,0,"2025-06-17 04:48:29",@vitaaairawati_276,"aku mau nyeritain kisah pribadi aku yg ninggalin trauma tentang AI yang ngebuat aku smpe skrmg trauma dn takut bgt sm AI, bahkan trend trend tiktok pake ai apapun itu aku ga ikutan buat, awal mula itu tahun 2023 an dmna disni AI blm terlalu tenar, posisi itu aku inget bgt ada cowo yang selalu dm tiktok aku, aku tipe org yang jarang bgt respon org di tiktok bahkan medsos lain, tp aku gatau sm cowo ini aku mikir cm mau temenan smpe akhirnya lanjut ke wa, tp aku lama lama risih karna dia dengan terang terangan selalu kasi liat kalo dia nge sv semua video ku di tiktok di ig, bahkan setiap aku bikin sw dia bisa punya videoku nth bisa nge sv drmn pdhl dia ga minta, dia bikin album pribadi isinya foto sm videoku, smpe akhirnya dia minta buat aku jadi pacarnya, aku gamau krn emg ngrasa gaberes ajaa, awalnya dia ga gimana gimana, tp lama lama dia ngancem ngancem, dia ngedit sebagian foto aku jd foto bugil, yg bawahnya bkn badan aku tp muka nya muka aku, walaupun anak muda kalo ngeliat pasti bisa tau itu editan, tapi hellow? aku dr keluarga yang broken home, dmn aku selalu dpt perlakuan gabaik dr nene, dia org tua, gimana mulut dia kalo tau ft itu, sedangkan si cowo ini bisa tau medsos ibu aku kandung dan bapa kamdung ku, kaka ku, dia ngancem bakaln ngirim ft ft itu ke medsos ibu bapa dan kakaku, yg disini hubunganku sm bapaku jg ga baik, aku bnrbnr takut smp akhirnya aku ngikut buat jd pacarnya, smpe pas lebaran 2023 sodara aku dr Banten dateng, dia seumuran aku dn aku bru aja bisa cerita ke sodaraku ini, dia kaget krn sekilas dia liat ft nya pun dia kira it aku, pas lebaran aku di temenin sodaraku ini buat aku harus lepas dr cowo itu, aku putus in lagi pas malam takbiran, dia ngancem lagi,dn dia jg ngirim vdeo kemaluan cewe yg dia bilang itu bakal dibuat crita klo fto diatas adalah ft aku dn video dibawah adalah fot aku, walaupun video kemaluan gaada muka ku tp dia bilang org baklan percaya kalao it aku, dengan kalimat kalimat manipulasi yg ngebuat aku smpttakut, tapi sodara aky dengan pikiran yg ga se kacau aku langsung bilang ss pesan itu, itu buat bukti kamu nyangkal omongan dia fitnah dia, dn disitu aku bodoh in diri aku knapa ga mikir smpe situ? aku kacau takut, bahkan itu adalah tahun akhir aku sekolah, dmna aku takut skolah, aku selalu nanya ke temen ada berita tntg aku ga, sking takutnya aku di viralin, dn diakhir aku abis ss aku mulai mau crita ke tmn dn temen aku smpt marah knp ga crita dr awal, mreka bakal bantu, dan ya stlh itu aku lepas aku blok smua medsos cowo itu, alhamdulilah aman d bisa lepas, ntah dia edit pake ai ataupun apa, itu cukup ngebuat aku takut dn trauma sm teknologi ai",0,,
UgwPe5XWPYcy9nd0G314AaABAg.AJSo38kEnAJAJSoD7EIPqA,,0,"2025-06-17 04:49:50",@vitaaairawati_276,"ini sempet ngebuat aku off medsos cukup lama, ganti wa, kosong in ig smpe skrng wkwk",1,UgwPe5XWPYcy9nd0G314AaABAg,@vitaaairawati_276
UgxCiBmi1BKy3hFFJNl4AaABAg,0,0,"2025-06-17 04:47:19",@beginner8394,"Kmrn2 baru aja dichat WA di nomor yg jarang dipake, g pernah dipake malah WAnya, cuma buat internetan dan member toko bayi, eh tiba2 dichat, ""Kalo dapet hadiah uang 4 jt mau diapain?"" Random amat langsung blok",0,,
UgxhIYdgrsxPpTxO4Zp4AaABAg,0,0,"2025-06-17 04:46:47",@DimasSanjaya-lo7rf,"Mana Sprei Gratis yang kau janjikan itu wok?",0,,
UgzZlhNECtw5ZA8NQZt4AaABAg,0,0,"2025-06-17 04:46:00",@BerkasBohil,"mau berbagi pengalaman aja, kalo misalkan kalian beli barang di platform biru (F*) terus si penjualnya gada ditempat dan ngakuin kalo yang ada ditempat itu kakak/saudaranya mending cancel aja. Nanti sipenipu minta kalian untuk jangan tanya harga barang tersebut kepada orang yang ada ditempat. Si penipu pasti meminta payment lewat transfer karena dia tidak ada ditempat. Itu aja si semoga kalian diselamatkan dari orang"" penipu seperti itu dan lebih waspada kalo beli sesuatu via (F*)",0,,
Ugw92dHp4qs56IG2zm54AaABAg,1,0,"2025-06-17 04:44:49",@Skin.Squeeze,"9:02 Ada tetanggaku, dia bilang dpt hadiah dr acara RCTI.. Disuruh tf, minta tolong aku tf krn dia gk ada rekening. Aku bilang ""itu penipuan, km prnh ikut kuis2 di RCTI nggak?"" ""Enggk."" Ya brrt nipu.. Dia malah ngiranya aku iri dan gk rela dia dpt hadiag uang jutaan. 😂😂😂 Trus mau minta tolong tf ke org lain. Yaudah tak biarin.",0,,
Ugw92dHp4qs56IG2zm54AaABAg.AJSndK8FFl7AJTvLU7TEvH,,0,"2025-06-17 15:11:23",@nirmalasarinurkhasanah,"Gimana kk kabar tetangganya?udah punya tanah hasil uang nya kah?ati uang nya di beliin sapi buat di ternak?😂",1,Ugw92dHp4qs56IG2zm54AaABAg,@Skin.Squeeze
Ugz9Hu5T1S0C-V0EG014AaABAg,0,0,"2025-06-17 04:42:27",@SheylaSya,"Salfok nadia omara di thumbnail",0,,
UgzFzdif_jtT4XVfg7x4AaABAg,0,0,"2025-06-17 04:36:31",@ratnaerlinda5462,"Aku ngga tau gimana awal ny tapi udah kurang lebih mau 1th ini selalu ada tlp scam ke nomor ku dan itu dia tlp PASTI sehari 3x di jam yang sama antara 9 pagi 12 siang sama 3 sore, aku ngga pernah angkat karena memang di hp ku ada tulisan ""Dugaan Scam"", dan beruntung nya aku ini orang yg anti tlp, kalo ada perlu silahkan lewat chat aja kalau ternyata itu hal penting bgt baru aku yg tlp 😅",0,,
Ugwy41A5MAE5oCBABal4AaABAg,0,0,"2025-06-17 04:34:37",@LaristaHouseware,"Memang tidak semua orang mengerti dan bahan teknologi AI tapi logika aja dipakai. Sekelas artis minta duit pengobatan? Minta ditransferin duit bea cukai? dia artis loch:><?""@#$% Alamak..... ga abis fikri.",0,,
UgyOz6RbA8KpxSIUm1d4AaABAg,0,0,"2025-06-17 04:34:12",@DeniseRoss-t4c,"⭐ALEXIS⭐1.7⭐ emang jagonya bikin member happy!",0,,
UgxpgdfKaPCzXAn1HgV4AaABAg,0,0,"2025-06-17 04:33:18",@vitaaverss,"Aku emng ga paham-paham bngt sma teknologi jaman sekarang, emng Skrang udah canggih semua.. cma mnrutku untuk video/gambar/menyangkut pautkan dengan Ai , itu seharusnya ada tulisan tertera , jadi kita bisa membedakan mana vt asli / editan Ai ...",0,,
UgwdAy1a-jCLcKI8QS14AaABAg,0,0,"2025-06-17 04:28:02",@chamcaiiocha,"aku pernah lagi mau di tipu sama orang luar yg katanya mau kirim hadiah buat aku tapi kenda beacukai😂 nah aku tipu balik sama2 ngeh saling tipu jafi langsung berakhir 😂 orang luar lebih pinter asli kalau mau tipu orang",0,,
Ugwg65odOa5VjeWH8up4AaABAg,0,0,"2025-06-17 04:27:59",@SonyAgustian-b8o,"Ka nessie ada juga yang penipuan bersindikat undangan pernikahan, dikirim lewat whatsap dan kalo di pencet itu data pribadi sama rekening kelacak dan teman saya kena juga banyak, itu ternyata banyak korban juga",0,,
UgyJoihPk8W4z86u9Ch4AaABAg,0,0,"2025-06-17 04:20:32",@abelabil20,"24:50 di fb banyak banget video koh denis lim promoin akun judol yg jelas bgt itu AI",0,,
UgyFhLzymlqnbpCU9214AaABAg,0,0,"2025-06-17 04:20:05",@status_hari_ini,"15:35 malah sudah tertera di video deepfake sebelum nessie bilang ini 😂😂😂",0,,
Ugy88naYGWNHmLbUpFF4AaABAg,0,0,"2025-06-17 04:17:32",@stevenlai9005,"Adik' tolong zaman semakin berkembang, jangan salah jalan menggunakan AI untuk keperluan yang tidak baik ya...",0,,
UgwbA2YW9eviTuzqLYt4AaABAg,0,0,"2025-06-17 04:12:24",@NazrilIlham-u9x,"Kata tmnku kalo main disini dijamin gcr parah gass ＴＨＯＲ３１１ mampir ❤",0,,
UgwiVnD6Bo4fmcFGgcN4AaABAg,0,0,"2025-06-17 04:11:46",@treykaaryanthi5606,"Kk nessi plisss post kasus nia anak penjual gorengan",0,,
Ugxsr2fRDGD0ZTpS3Y54AaABAg,0,0,"2025-06-17 04:10:36",@snackvideowfh3299,"Almarhum ibu ku jg dulu pernah hampir ditipu sama org yg ngakunya org luar negeri, tiap hari nge chat ibu Q dgn rayuan dan blg mw krm hadiah, tapi kesandung bea cukai. Tapi alhamdulillah, ga sampe kena krn kami jagain bnr trus blokir tuh no",0,,
Ugzj9E6EaQNFFbJqCiN4AaABAg,0,0,"2025-06-17 04:09:08",@yenisuhepi5573,"Percayalah, nasehatin generasi X dari scaming tuh susah bgt. Pernah punya kenalan diperantaun . Kena penipuan di fb. Dikasih tau klo itu penipuan malah dia bilang aku iri sama dia . Wtf Habis puluhan juta nangis2 ,😅",0,,
UgzOnFCS2gPtstyW37F4AaABAg,0,0,"2025-06-17 04:08:57",@iraays21,"Ngeriii foto aja bnyk yg mke ai ngeri apalagi vidio",0,,
UgwYYSKNitE8mvMvXTh4AaABAg,0,0,"2025-06-17 04:08:44",@rezonvarian.,"Kolab dengan mbak nadia dong kak 😂",0,,
UgyB1B79RHQ4cBeZfdd4AaABAg,0,1,"2025-06-17 04:08:38",@masjagal,"mana sprei gratis nya 😡😡😡",0,,
UgwF2HRP_-acTZxXsAt4AaABAg,0,0,"2025-06-17 04:08:36",@Geniez.Chanel,"Seperti ibuk aku .. Ngotot dpt bantuan dri pemerintah lewat media T**T*k dan maksa aku buat ngechek ke kelurahan.. namun tak aku gubris, mesti beliau marah"" smpai dikatain anak pembangkang, tetap tak aku gubris , ortu ku gaptek jadi gampang banget percaya berita dan info yang menipu😅",0,,
UgzGro5X3ubThi-MBs94AaABAg,0,0,"2025-06-17 04:06:03",@LiminhoalexGanteng,"Diisni enak   ＴＨＯＲ３１１ mampir ❤",0,,
Ugz7XsmWXleaPWh1WXV4AaABAg,0,0,"2025-06-17 04:03:52",@AyuHandayani-iz5rh,"Gua aja hampir di tipu ngaku oknum shoppe sama susu pediasure",0,,
UgxodmIls9Rbcu7M-tB4AaABAg,0,0,"2025-06-17 04:03:47",@ApniVivo,"Masalah scam, saya baru saja kenak scam di bulan ini, seperti terhipnotis saya mengikutinya apa pun kata mereka, padahal diriku slalu mengingatkan org sekitar awas itu scam tapi diri ku yg kenak scam dan uang hilang 1.500.000 , semoga gak pernah kejadian lagi kesemua org",0,,
UgzS6XBRcdOAXK6n3kR4AaABAg,0,0,"2025-06-17 04:03:11",@Nnkhrsf8860,"Mahasiswi ITB yg ditangkap gara2 memberikan contoh terkecil bahayanya AI yg tidak diregulasi segera: sudah diberi isyarat tidak mau mengerti BUKAN ISYARAT LAGI BAHKAN. MENUMBALKAN DIRI SENDIRI SUDAH",0,,
UgzZwOmHk31jvb_3DCp4AaABAg,0,0,"2025-06-17 03:58:52",@selfitrianiindahlestari,"Bulan Desember 2024 aku ke tipu giveaway atas nama Raffi Ahmad😅",0,,
Ugy7jGHMickMxhxeZ614AaABAg,0,0,"2025-06-17 03:55:21",@VirgoTaurus-uk1ny,"Q sempet berantem sama bapak gra2 tiktok yg bnyak beli koin lama sampe hrga puluhan sampe ratusan juta,,lah otak sya yg logis mikir emang segampng itu dapet uang,,mga alamat GK jelas kontak GK jelas,,udah q bilng ke BPK itu penipuan Mlah q d tuduh GK mau bantu kalau dapet uang juga q bkal mintain,,wuih emosi balik tak lawan,kalau ada apa2 sama bpak d tipu atau apa pasti bkal nma q yg keseret sambil teriak saking keselnya",0,,
UgxCRUcZ5fewOPJ0x6B4AaABAg,0,0,"2025-06-17 03:53:41",@lupyharyani6445,"Aku sering liat di FB muka nya Raffi ahmad di iklan judol pake AI",0,,
UgzWCmzd-q38-l0AdUV4AaABAg,0,0,"2025-06-17 03:47:31",@tamiiiandh,"Udah gtu tamplate lg klo nipu di jam2 sibuk dan kira2 konsentrasi lg lemah. Jam 12-2 siang,jam plang kntor,magrib smpe yg pling mlem jam 10 mlem ad loh 😂😂",0,,
UgxRecOBPn5tE_YUiGh4AaABAg,0,0,"2025-06-17 03:46:48",@widyaningsih8738,"Kak, bahas soal Manfred Fritz Bajorat dong",0,,
UgyhXMaxB8BXWoABlL54AaABAg,0,0,"2025-06-17 03:46:47",@AmandaLtrari,"nomorku sering ditelpon sama apk pinjol, gegara temen deket cantumin nomorku di nomor kluarga yang dihubungin",0,,
Ugx8932T2O-PE_WUCHh4AaABAg,0,0,"2025-06-17 03:43:30",@umikadir66,"Brad Pitt kok miskin",0,,
Ugzb5NbqZnhXk8xkHSt4AaABAg,0,0,"2025-06-17 03:40:37",@husnulhotimah-ty7qu,"Bener bgt berhati2 saya perna hampir mau bantu tetangga saya mau cairin giveowey dari baim wong 30jt di BRILINK untung langsung engeh kalo itu penipuan di vc beneran baim wong tapi dgn gambar putus2 serem bgt",0,,
UgxmCs9S4Pv6O-xm03B4AaABAg,0,0,"2025-06-17 03:39:46",@oloygaming2289,"Lah bapak gw pernah hampir ketipu sama yang ngaku* menteri sri mulyani sama artis soimah , beliau ini percaya* aja , untung ketauan sma gw",0,,
Ugx8-u5lshtpNzJ74ud4AaABAg,0,0,"2025-06-17 03:39:29",@AI_3RUT,"Banyak pula link"" soal lowongan kerja di media sosial...",0,,
UgwnDxn-uxGrG3eUYcB4AaABAg,0,0,"2025-06-17 03:38:28",@Casbanet,"Sengol Rupiah Cepat dong... nelpon tiap hari",0,,
UgwFr5_LRWXylH-KsPV4AaABAg,0,0,"2025-06-17 03:36:08",@panggil_bayu,"Bahkan tokoh agama pun tak luput dari penipuan yang wajahnya dibuat AI promosiin judol 😢",0,,
UgwXYo9Y1Pk1EoTnM614AaABAg,0,0,"2025-06-17 03:35:53",@0094-R,"Hp gua setting supaya scam dan spam nggak bisa nelpon atau sms dan itu berhasil kalau nomor tak di kenal , tapi kalau operator nelpon masuk dan sms bersertifikasi masuk dan kebanyakan itu yang nelpon scam, soalnya baru semalam dapat telpon dari 188 nggak tau mau apa ,soalnya diangkat doang nggak di tanggepin merekanya . Jujur aku merasa terusik dengan itu",0,,
Ugy_Ex2MqxnqaDnmQ3F4AaABAg,0,1,"2025-06-17 03:35:10",@noodlemie1,"What annoyed me the most is, when some people tried to scam by offering some drawing commissions for their children's birthday. And they said they have paid through online payment but in the end the email is fake/scam which in the end told me to pay for something. So don't ever think of getting something free, cheap, too good to be true, great prize, great payment as something real once they asked for payment and ID details in advance. AI is scary in the wrong hands.",0,,
UgxohA3K7I7FFiMPhjd4AaABAg,0,1,"2025-06-17 03:34:36",@mellbiansiska4770,"Di fb ada video ustad adi hidayat sama ustad abdul somad yang mengHALALKAN JUDOL!! SUMPAH HARUS HATI2 BGT, JAGA ORTU KALEAN BAIK2 BIAR GA TERJERUMUSSS!!😢 Aku lupa nama apk judolnya, pkoknya disitu UAS sama UAH ngiklanin aplikasi judol itu",0,,
UgwRfUnEs91p9RYjFnt4AaABAg,0,0,"2025-06-17 03:30:55",@fatimahzahrotulhayati1163,"Mamak ku di hack fb nya grgr chat sama orang yg ngaku Willie salim. Mamak ku kira itu Willie salim beneran🙃",0,,
UgxiuulNP1ZWi8MW5PN4AaABAg,0,0,"2025-06-17 03:29:57",@Gsd.Ofc13,"Kartu keluarga kalian kan sudah di jual 😂",0,,
UgwmEIl0qSL8cVuhjC94AaABAg,0,186,"2025-06-17 03:28:48",@payumi-j6f,"Video ini sangat informatif dan bermanfaat! Saya suka cara penyampaian informasinya yang santai namun tetap profesional! 𝐊𝐚𝐧𝐚𝐥𝟒𝐃",0,,
UgzASm5qMK7amq7y3tJ4AaABAg,3,1,"2025-06-17 03:26:36",@tyaradwita6543,"Iklan judol gak di kolom komen, video palsu kaya AI hama banget sumpah. Udh di kolom komen nyampah, video promosi rugiin artis/konten kreator gegara pake AI. Makanya sekarang aku gak gampang percaya, ayahku hampir ketipu ngaku dari taspen, padahal bukan. Cari uang susah iya tau tp kalo rugiin orang lain sampah banget kalian penipu. Kalo love scam kayanya dari dulu udh ada, cuman jaman sekarang makin canggih. Sekali lg ayahku kena dan kirim ke penipu 27 juta, sampe kapanpun gak akan ikhlas sih moga aja yg udh makan tu uang ayahku hidupnya lebih sengsara. Hati-hati kalo ortu pegang gadget trs main facebook atau tiktok, gampang banget kena scamnya.",0,,
UgzASm5qMK7amq7y3tJ4AaABAg.AJSegOxT10-AJTrnbqAOtR,,0,"2025-06-17 14:40:25",@nirmalasarinurkhasanah,"Duh 27jt di janjiin apa itu smaa si penipu kk?",1,UgzASm5qMK7amq7y3tJ4AaABAg,@tyaradwita6543
UgzASm5qMK7amq7y3tJ4AaABAg.AJSegOxT10-AJTvQFfExvi,,0,"2025-06-17 15:12:02",@tyaradwita6543,"Dia bilangnya sakit kena kanker darah alias leukimia, lagi berobat di singapura. Ayahku percaya aja kirim deh tuh uang, aku jga baru tau sekarang karena kejadiannya udh lama banget pas aku masih SMP, bahkan ayahku hampir nyusul ke singapura eh katanya bilang dia kabur karena abangnya ringan tangan. Mana ayahku percaya aja.​@nirmalasarinurkhasanah",1,UgzASm5qMK7amq7y3tJ4AaABAg,@tyaradwita6543
UgzASm5qMK7amq7y3tJ4AaABAg.AJSegOxT10-AJTvfYr0S-Q,,0,"2025-06-17 15:14:16",@tyaradwita6543,"Katanya sakit kena leukimia lagi berobat di singapura. Ayahku percaya aja, mana hampir nyusul ke singapura demi cewek yg wujudnya aja entah kaya gimana. Aku baru tau sekarang karena udh lama kejadiannya​@nirmalasarinurkhasanah",1,UgzASm5qMK7amq7y3tJ4AaABAg,@tyaradwita6543
UgyfAAF-GxYrELfoEMp4AaABAg,0,3,"2025-06-17 03:26:33",@AI_3RUT,"Assalamualaikum....Era fitnah besar akan dimulai karena AI ini,dan era ini adalah salah satu tanda dari hari akhir...mohon hati-hati ya semua",0,,
Ugwe6SUc5tUCP2X_YUl4AaABAg,0,293,"2025-06-17 03:25:52",@WijiFatimahxxx,"Saya sangat menyukai video ini! Penjelasan yang detail dan contoh yang relevan membuat saya lebih paham tentang scam AI! 𝐊𝐚𝐧𝐚𝐥𝟒𝐃",0,,
Ugydtxyk6RZ1Px9NI494AaABAg,0,1,"2025-06-17 03:24:27",@rommeo_boy,"A.I. = dajjal modern saat ini",0,,
UgyBRBhRzC94Nr65sZZ4AaABAg,0,1,"2025-06-17 03:23:40",@nadyanper,"jangan pernah tergoda beli camera digital di IG dengan harga getok rata 300ribu yaaa guys! beneran deh mereka SCAM. walopun reviewnya banyak tapi mereka SCAM. modusnya mereka bakal minta bayar pakai QRIS. terus nggak lama 1-2 hari kalian bakal diminta uang asurasi untuk pihak jasa pengiriman. setelah kalian transfer, mereka bakal minta tf lagi pakai kode angka yang dimasukin ke kolom nominal. mereka SCAM semua guys, jadi jangan sampe ketipu.",0,,
UgzqNJabLvBJbuws8-94AaABAg,0,1,"2025-06-17 03:23:29",@miriokun2296,"temen gw baru banget kmrn minggu kena scam kyk ini mobile banking nya ludes 3juta ,,nelpon via wa pake vidcall mungkin hipnotis sih kyk nya",0,,
Ugwc3wwYdRIsBpSfhYx4AaABAg,0,0,"2025-06-17 03:21:54",@Link_Bahantoto_Bahangaming_Xyz,"Konten yang sangat berkualitas! Saya suka cara penyampaian informasinya yang mudah dipahami dan menarik! 𝐊𝐚𝐧𝐚𝐥𝟒𝐝",0,,
UgzTR2UbzkJa9pwue6R4AaABAg,0,1,"2025-06-17 03:21:37",@tinaatun8086,"jadi keingat sprei gratis",0,,
UgzBNI8i00Hui8CLT5h4AaABAg,0,1,"2025-06-17 03:19:31",@dianadee2308,"Temenku kena tipu giveaway baim wong. Dia percaya kalo itu baim wong karna bisa videocall😅😅",0,,
Ugz1tuvi2SHr6ledgVl4AaABAg,0,3,"2025-06-17 03:18:26",@nochu5563,"Ku tunggu collab kak Nessie x kak Nadia hehe...",0,,
UgyzDzSJKHT2dieU9z94AaABAg,0,1,"2025-06-17 03:15:44",@taynewwife,"Aku dua bulan lalu jugaa dapet Whatsapp yang ngaku ngaku karyawan taspen pusat minta perbaikan data bapakku untungnyaa aku cermati baik baik pesannya dan ngawur bngt datanya jadinya aku dm akun taspen pusat ternyata emang beneran penipuan untungnyaa ga langsung aku kirim data data bapakku kaliann hatii hatii yaaa🫶",0,,
UgykZEM4mL5fcMLgf5t4AaABAg,2,42,"2025-06-17 03:13:11",@andikaandika158,"aku kerja di konter hp sekaligus agen brilink, banyak bgt ibu ibu yang mau transfer katanya dapet duit dari baim wong, tapi harus tf dulu, akhirnya aku jelasin kalo hal hal begini penipuan, soalnya udah banyak banget orang ke sini mau tf katanya dapet uang dari baim wong dan yap rata rata target nya orang orang tua, pernah juga dengerin pelanggan yang katanya ketipu begituan sampe 70 juta😢",0,,
UgykZEM4mL5fcMLgf5t4AaABAg.AJSd9FQPHFPAJTibCSijIy,,5,"2025-06-17 13:20:05",@nirmalasarinurkhasanah,"Nah ini ibuku juga hampir kejerumjus coba aja kalo ga aku ketawain mulut sama kata' Baim ga singkron pasti bakal lanjut Btw makasih bang udah mau nyadarin orang' yg hampir kena tipu pasti susah banget kan ngasi pengertian ke mereka",1,UgykZEM4mL5fcMLgf5t4AaABAg,@andikaandika158
UgykZEM4mL5fcMLgf5t4AaABAg.AJSd9FQPHFPAL6sjOy5Znb,,1,"2025-07-28 09:28:50",@twinnie9059,"mamaku juga pernah kena scamnya lagi, bukan kasihan malah ku ketawain , habisnya ga nanya dlu langsung aja tf smpe 2x krna vc sama baim wong katanya asli katanya, mmg dasar ibu ibu ya",1,UgykZEM4mL5fcMLgf5t4AaABAg,@andikaandika158
Ugxzc6wUJD9i6IMgS1N4AaABAg,0,1,"2025-06-17 03:13:04",@nuristi231,"14:57 saya lebih mending vid AI Pak Prabowo bagi2 sprei gratis",0,,
UgwVqodvJoFm27N_6Wh4AaABAg,0,1,"2025-06-17 03:09:52",@ceinda1475,"Aku udh kena tipu begini poto ku d pakai lewat fb..",0,,
Ugy1sXj_Ll4ttpIC9u14AaABAg,0,2,"2025-06-17 03:09:50",@BangNano-o1g,"Kak @Nessie... tolong bahas kota ghaib WENTIRA kebon kopi Palu, sulawesi tengah....",0,,
UgxGGcmTND_W_lBZZMl4AaABAg,0,3,"2025-06-17 03:08:54",@BangNano-o1g,"Knp sih slalu INDONESIA yg banyak bgt org berbuat jahat.. ada tekhnologi canggih, disalahgunakan... apa penyebabnya...? Ya benar... faktor ekonomi, dan faktor UMR & UMP... sangat kecil ... yg bisa membuat org mencari cuan lebih halal dan haram dilakukan...",0,,
UgyZpMs_1ubA27V1Tpx4AaABAg,2,1,"2025-06-17 03:08:47",@ulcntkbgt,"Waktu lalu papaku ngomong ke om tetangga yg lagi main kerumah, katanya raffi ahmad mau buka kasino, trus aku cari faktanya ternyata emang ada videonya tapi pake AI, yaampung orang tua percayaan aja dalam hati aku teh",0,,
UgyZpMs_1ubA27V1Tpx4AaABAg.AJScdykSrieAJTo4PvVTEx,,0,"2025-06-17 14:07:54",@anwnt,"Iya malah yg kyk gitu seringnya nyasar ke orang tua kak",1,UgyZpMs_1ubA27V1Tpx4AaABAg,@ulcntkbgt
UgyZpMs_1ubA27V1Tpx4AaABAg.AJScdykSrieAJTuBnkkjym,,0,"2025-06-17 15:01:20",@ulcntkbgt,"​@anwnt nah iya, karna mereka gampang percaya",1,UgyZpMs_1ubA27V1Tpx4AaABAg,@ulcntkbgt
UgydjxiuvoT0fkmFaTR4AaABAg,0,1,"2025-06-17 03:05:27",@indanamage1041,"Kesel bgt emang suka ditlponin. Begitu diangkat ditawarin pinjol hadeehh...",0,,
Ugw5oUPILeGdCuHCYyt4AaABAg,0,2,"2025-06-17 03:03:56",@AnnisaRamadhanti-hb6nu,"Aku pernah sehari ada 2 kali yang telepon dengan nomor ga di kenal satu nya aku angkat dia pura² memberikan hadiah dan yang satu nya aku ga angkat. Dan sejak saat itu aku ga mau angkat telepon dari nomor yang ga di kenal.",0,,
Ugx_SZrO1pCXDU6N6Bh4AaABAg,0,2,"2025-06-17 03:00:55",@Bankai-a16,"Aku mau seprei gratis wok",0,,
Ugw74oZYGs9BQ0oD6W94AaABAg,1,1,"2025-06-17 02:55:16",@brrrlo_17,"Cara paling gampang tau video ai itu. Kulitnya terlalu mulus kayak animasi. Tatapan kosong",0,,
Ugw74oZYGs9BQ0oD6W94AaABAg.AJSb5vJ-En_AJSbub9QzXE,,0,"2025-06-17 03:02:19",@shaffiranuurfauziah6222,"Tapi semalem aku liat weh foto dari ai beneran gak keliatan kyk animasi. Tapi foto sih belum video 😮",1,Ugw74oZYGs9BQ0oD6W94AaABAg,@brrrlo_17
UgzXD0YYV7ocgSlMflh4AaABAg,0,2,"2025-06-17 02:54:59",@DindaPutri-c1p,"Polos banget tante . Yaa kali ga bayar customs clearance bc",0,,
UgzeY-D5Dtg8uHfzw2l4AaABAg,8,604,"2025-06-17 02:53:14",@nurnadhirahsaing6169,"Kalau didengar dari suara, nada bicara, dan gaya percakapannya, bisa ketauan kalau itu AI. Cuma seperti apa yang kak Nessie bilang, gak semua orang itu tau dan peka akan masalah ini. Jadi bisa aja ditipu. Mana AI makin lama makin canggih lagi. Hadeuh, zemoga kita semua dijauhkan dan dilindungi dari orang² yang berniat jahat. Aamiin...",0,,
UgzeY-D5Dtg8uHfzw2l4AaABAg.AJSas-lXIeiAJTml7L3ine,,21,"2025-06-17 13:56:23",@anwnt,"Iya apalagi yg bahaya itu kalau nyasarnya udah ke generasi "" tua wahhh itu sasaran nya",1,UgzeY-D5Dtg8uHfzw2l4AaABAg,@nurnadhirahsaing6169
UgzeY-D5Dtg8uHfzw2l4AaABAg.AJSas-lXIeiAJmnMqylqcN,,5,"2025-06-25 08:26:29",@reinq011,"betul dan ga mungkin jga artis atau aktor kaya minta duit njir, itu lah mengapa harus hati-hati dan sblm di tipu mending cri tau dlu tentang artis atau aktor gtu (klo di tipu nya pke foto artis/aktor ya)",1,UgzeY-D5Dtg8uHfzw2l4AaABAg,@nurnadhirahsaing6169
UgzeY-D5Dtg8uHfzw2l4AaABAg.AJSas-lXIeiAJw5yqRA5s4,,4,"2025-06-28 23:11:00",@RevalinaAssyfa,"Iya benar apalagi bagi orang awam yang tidak paham dan tidak bisa membedakan itu AI atau asli. Inilah salah satunya akhir zaman dajal berada di mana mana. Kuatkan iman semoga kita tidak bisa terpedaya oleh nya.",1,UgzeY-D5Dtg8uHfzw2l4AaABAg,@nurnadhirahsaing6169
UgzeY-D5Dtg8uHfzw2l4AaABAg.AJSas-lXIeiAJw69ie6p9v,,3,"2025-06-28 23:12:37",@RevalinaAssyfa,"​@anwntiya mereka enggak tahu , seperti kakak ipar ku kejadian tapi untunglah kita kasih tau kalau itu hoax dan penipuan.",1,UgzeY-D5Dtg8uHfzw2l4AaABAg,@nurnadhirahsaing6169
UgzeY-D5Dtg8uHfzw2l4AaABAg.AJSas-lXIeiAKhnZdoUQ2C,,0,"2025-07-18 06:23:25",@yogapurnamika,"Klo yg paham teknologiaman bisa gercep tau tp yg awam ni yg bahaya emg kk perlu di ingatkan jg deh 💪🏻",1,UgzeY-D5Dtg8uHfzw2l4AaABAg,@nurnadhirahsaing6169
UgzeY-D5Dtg8uHfzw2l4AaABAg.AJSas-lXIeiAKrumQgAvSQ,,1,"2025-07-22 04:38:52",@LithaSwarty,Aminn,1,UgzeY-D5Dtg8uHfzw2l4AaABAg,@nurnadhirahsaing6169
UgzeY-D5Dtg8uHfzw2l4AaABAg.AJSas-lXIeiAMMBG-hlOTL,,0,"2025-08-28 04:39:27",@AmorJonovan,"Indonesia tipu dgn AI....awal awal..iseng utk lucu lucu. Tp lama lama untuk fitnah kabar bohong..sampai istrisaya ketipu berita itu sampik suka berdebat sama saya....kebanyakan ibu ibu....sok gaul..ada juga BPK yg kurang jauh mainnya ..sehingga tak heran timbul polemik dimedsis dan dalam masyarakat...SDH dianggap berita AI itu benar...",1,UgzeY-D5Dtg8uHfzw2l4AaABAg,@nurnadhirahsaing6169
UgzeY-D5Dtg8uHfzw2l4AaABAg.AJSas-lXIeiAQznTaf5OjO,,0,"2025-12-21 09:17:17",@dariside,"Dan gua ngalamin itu istri gua d fitnah, WA istri di sadap. Terus ada no asing ng chata ngirim foto"" Istri gua selingkuh, video, mana mirip lagi😢",1,UgzeY-D5Dtg8uHfzw2l4AaABAg,@nurnadhirahsaing6169
UgwSlS_UHCbAi2fjzbZ4AaABAg,0,2,"2025-06-17 02:49:33",@muhammadfajaralfianoor4405,"voice ai italian brain wot : ih seremnya",0,,
Ugz2JDDoo41NugxcJk94AaABAg,3,34,"2025-06-17 02:49:02",@yoon124,"AI tuh bahaya banget lo, makanya aku anti banget. paling pake chatGPT buat developing ide doang, bukan jadiin itu rujukan asli. yang paling bahaya dari AI di Indonesia itu apa? deepfake. aku udah banyak kali lo lihat promo judol pake wajah Nagita, Fadil, Igun. terus selain itu apa? wajah kita nih (khususnya para cewe) bisa diedit di foto telenji, temanku yang berhijab sudah perna kena sampai dia depresi",0,,
Ugz2JDDoo41NugxcJk94AaABAg.AJSaOGAyHxmAJSc5oc3rIJ,,0,"2025-06-17 03:03:59",@shaffiranuurfauziah6222,"ya Allah 😭 temennya sekarang gimana kak?",1,Ugz2JDDoo41NugxcJk94AaABAg,@yoon124
Ugz2JDDoo41NugxcJk94AaABAg.AJSaOGAyHxmAJSzRpr_Jyy,,2,"2025-06-17 06:27:58",@Prem-i1z,"Huhu sedih, makanya guys kalo upload foto jgn yg mukanya jelas, kalo bisa sosmed kita diprivate 😩",1,Ugz2JDDoo41NugxcJk94AaABAg,@yoon124
Ugz2JDDoo41NugxcJk94AaABAg.AJSaOGAyHxmANX5RexZE2f,,0,"2025-09-26 06:51:39",@dianacitra8595,"Mau tanya, AI bisa ya ngedetek ke tubuh kita sama persis ky misal kemaluan ? Misal terima vc dari nomor gak jelas trs kamaluan kita bisa dipake ajang pengancaman ? Kalo gak TF disebarin.",1,Ugz2JDDoo41NugxcJk94AaABAg,@yoon124
UgxeumvLgzxCidXRh0x4AaABAg,0,1,"2025-06-17 02:48:44",@zulfikar8405,"Itu karena DOT Jodi online di komentar YouTube. Yang punya bot judol. Malah kesel makanya yang punya bot bikin video promosi judol pakai ai dengan wajah yang punya akun YouTube.",0,,
UgxERvhK8ki4x6QnZQR4AaABAg,0,1,"2025-06-17 02:47:18",@PutriYania,"Wkwkwkwk kalo dari pemerintah Indonesia jelas hoax laa ….. bagi” 😂 bansos 😂 50jt wkwkwkw",0,,
UgwulSjidgGw-1v8ehZ4AaABAg,0,7,"2025-06-17 02:46:08",@niluhutami914,"Aku pernah liat iklan di wattpad yg ngasih info tentang game yg bisa ngasilin duit (ngasih saldo dana) dan yg meranin itu raffi ahmad. Aku sih mikirnya ya kali sekelas raffi ahmad mainin ginian anjir. Tapi untuk beberapa orang mungkin percaya ya, terutama anak sekolahan yg gampang bgt percaya informasi.",0,,
UgzDYBLYWdg-JMIlhjB4AaABAg,0,1,"2025-06-17 02:45:27",@ikachandra4395,"Setelah pakai Get Contact dan TrueCaller. List Telepon masuk-ku rata-rata Scam, Penipuan, Tiktok Nipu, dan sebangsanya. Dan ga ada satupun yang aku angkat. Gara2 Ai aku capek banget ngejelasih ke mertuaku kalau iklan-iklan obat yang dia tonton itu hoax, dan video bencana alam yang bersliweran itu buatan Ai, ga nyata. Aku bisa bedain sekali lihat, tapi mertua pikir itu nyata sampe terus dan terus di ulang dan di bahas.",0,,
UgzFiKB0dpT9hmVgUGV4AaABAg,0,1,"2025-06-17 02:45:04",@cjpark617,"Yang dari Indonesia mah pemakaian kata2nya kelihatan orang tidak pintar, tidak seperti prabowo, gibran, apalagi ibu Sri",0,,
Ugy2_7HxsnVEMLihpJx4AaABAg,0,1,"2025-06-17 02:44:26",@weny_widianti,"Padahal keliatan banget kalo dibuat AI ya... Memang kalo sdh kesirep sm penipu Ga bisa disalahkan, kok bs begini dan begitu.. Aku jg pernah ngrasain kena scammer gais",0,,
UgzH06ur7GZDLpgrYuV4AaABAg,0,1,"2025-06-17 02:41:10",@ekanugraha9351,"Gimana ga tambah banyak scam yg telp atau WA, soalny data pusat negri odni pernah di bobol di jaman budi ari, ya budi ari pas jabat di kominfo dan skrg jd mentri koprasi",0,,
UgyOL-oKaleY9k3QFWd4AaABAg,0,2,"2025-06-17 02:39:56",@PutriYania,"Duhhhhh pokonya apapun kalo udah berhubungan sama uang, dahhh fix tinggal ajaa, ghosting..",0,,
UgwvYxaLwghYzy4pqxl4AaABAg,0,2,"2025-06-17 02:35:34",@Novitazulka,"Wkwkw aku baru tau kalo bapak² itu bpaak kak nessie 😂, wktu pertma kali liat ngakak banget aplg pas ngomong ""gigi kamu saya cabuti""😂😂",0,,
UgwqWrHeVznbCISFJ754AaABAg,0,1,"2025-06-17 02:33:08",@sudarno2421,"Kapan hari juga ada kok polwan pacaran dengan polri palsu 😅",0,,
UgzP85Hu6o3PrieHq054AaABAg,0,2,"2025-06-17 02:31:15",@intannasution7450,"saya pernah hampir senasib sama anne, untungnya saya beranikan cerita ke mama, yg akhirnya saya sadar ada yang aneh, dan saya cari tau di internet ttg penipuan sprti ini, dan saya aman",0,,
UgwTjiON3V2NFg4g82d4AaABAg,0,1,"2025-06-17 02:29:31",@farahfahira9231,"KAA NESSIE MAKINN CANTIKK😭❤️",0,,
UgwcxVlDjcqaAkW9D7x4AaABAg,0,1,"2025-06-17 02:27:09",@Leka2324,"ternyata orang us msh bnyak yg gblok yaa😆",0,,
UgyP6CVJeDXUe3kQHj94AaABAg,0,1,"2025-06-17 02:27:07",@parmini3458,"Krna bobrok nya negri ini. Gada yg aman 😂😂😂😂",0,,
UgxtFNgKDqSvqoc9NWx4AaABAg,1,2,"2025-06-17 02:26:32",@airerere,"mamaku percaya penipuan gini, udah di bilangin beberapa kali kalau itu penipuan tapi nggak percaya akhirnya aku play video ini di depan dia biar akhirnya eling wkwk",0,,
UgxtFNgKDqSvqoc9NWx4AaABAg.AJSYoSnO1VjAJTv07dqJJz,,0,"2025-06-17 15:08:28",@nirmalasarinurkhasanah,"Ibu kita sama kk gampang ketipu😂",1,UgxtFNgKDqSvqoc9NWx4AaABAg,@airerere
UgzUH2zeJdTxGj3Ojf94AaABAg,0,1,"2025-06-17 02:25:19",@IkaNaulinaH,"Iyaaa di indo banyak kayak gitu juga dan masih byk org yg percaya karna dikira beneren. Pengen untung malah jd buntung😢",0,,
UgwqkvcXT5Fso-h8ofV4AaABAg,0,4,"2025-06-17 02:24:21",@cinderlalla_infj,"sedih bgt ih orang tua dana pensiun loh kejam bgt yg nipu",0,,
Ugxl_SFUK-T-0DEUQLF4AaABAg,0,1,"2025-06-17 02:23:12",@AzWa-mc3lm,💙💙💙💙,0,,
Ugzw760Sd688irJzx9h4AaABAg,0,5,"2025-06-17 02:22:59",@NayCnl,"Parahh, siapapun yang coptainn AI hrusss di adilii atas kejahatan ini😭",0,,
Ugzd4MZwhlw3f-wsEz14AaABAg,0,2,"2025-06-17 02:21:12",@airerere,"Sementara itu di sini ada oknum yang marah-marah karena ""karya"" AInya nggak bisa dimonetasi",0,,
UgwjYQuTsDo_fvPUrCJ4AaABAg,0,1,"2025-06-17 02:18:44",@April-lw1rk,"Thumbnail nya ada kak nadia😊",0,,
UgzJnf2QYVv3iQiETT54AaABAg,1,5,"2025-06-17 02:18:39",@RatihMayasa,"Baru banget aku kak aku dapet pesan dari penipu meng atas namakan e-commerce orange,sampe tau alamat rumahku lengkap,,,,sampai ngancam mau kirim orang ke rumah kak,,,sebel banget sumpah",0,,
UgzJnf2QYVv3iQiETT54AaABAg.AJSXuk_0bxFAKYWxhJIBMT,,0,"2025-07-14 06:37:09",@ulviherdika1298,"Kalo udah tau itu penipu, jangan direspon, langsung blok aja. Sekarang kalo mau ""ngerjain penipu"" udah ga seaman dulu",1,UgzJnf2QYVv3iQiETT54AaABAg,@RatihMayasa
UgyNSyAsHdsD9lCIA314AaABAg,0,0,"2025-06-17 02:18:04",@poororoo,"Yuk gabung jadi Member SUKAJP tempat untuk mencari CUAN dengan game - game yang Asyik dan beneran PECAH, rasakan sensasi kemenangannya, hanya 👉 👉 👉 SUKAJP",0,,
UgxqM_wOwQ42b6P-Ec14AaABAg,0,1,"2025-06-17 02:17:39",@AlphaThuban-k6i,"mana sprei gratis yang kau janjikan",0,,
UgxGIafMohaN6WRWAN94AaABAg,0,3,"2025-06-17 02:16:42",@bumbukacang7180,"Sekarang sudah banyak fitnah fitnah yang pakai AI, apalagi dengan update google veo 3, makin realistis videonya, tanpa disadari banyak yang pakai ini untuk menipu bahkan memecah belah bangsa, bayangin aja klo yg bikin bukan perorang tapi organisasi atau negara, bisa makin ngeri perang fitnah ini.",0,,
UgxEKe7KGJP4WLdktfR4AaABAg,2,1,"2025-06-17 02:16:14",@arzee6220,"yah bener , ibu saya aja percaya kim Jong Un masuk islam, gara gara liat tiktok 😂😂😂😂",0,,
UgxEKe7KGJP4WLdktfR4AaABAg.AJSXd487Jz2AJTnznqGzRu,,0,"2025-06-17 14:07:08",@anwnt,"Woyy kak 😭🤣",1,UgxEKe7KGJP4WLdktfR4AaABAg,@arzee6220
UgxEKe7KGJP4WLdktfR4AaABAg.AJSXd487Jz2AJTsjeqefPO,,0,"2025-06-17 14:48:37",@nirmalasarinurkhasanah,"Udah lah ketawa aja ga bakal ketemj juga🤣🤣🤣",1,UgxEKe7KGJP4WLdktfR4AaABAg,@arzee6220
UgwuWpIQqsOrvVdJ10x4AaABAg,1,5,"2025-06-17 02:15:19",@JU5TM3-pv7fg,"dulu di FB saya berkali² ngingetin orang² yang lagi kena scammer cinta, tapi saya nyerah sendiri. Susah nyadarin orang yg lagi bucin. dan sangat disayangkan kebanyakan yg kena itu para TKW 😞. uang gaji habis, dan mereka ketakutan seumur hidup karena video/foto vulgarnya sewaktu² bisa di sebar sama penipu. pleas girl, jangan VCS atau kirim foto vulgar ke orang. 😭",0,,
UgwuWpIQqsOrvVdJ10x4AaABAg.AJSXXOp9TvVAJTNI9LO9R8,,0,"2025-06-17 10:05:06",@hikabanteng6215,"Memang benar para TKW sering banget VCS, selingkuh sma Bangla maupun jadi bisexual dan ujungya sering di peras. kasihan kalau sudah putus😢",1,UgwuWpIQqsOrvVdJ10x4AaABAg,@JU5TM3-pv7fg
UgxBSV7BJPi6ssfwb3R4AaABAg,0,5,"2025-06-17 02:13:52",@itss.cheryy,"Orang tua kalau men hp harus pengawasan anak muda ya soalnya mudah percaya ai😂",0,,
Ugx-s1dfzBTHTDaF9JF4AaABAg,0,2,"2025-06-17 02:12:09",@baguswinarsih9670,"sedih bngt ya kak klo ortu gapaham sosmed. Ibu ku kena MLM masuknya bayar, tiap seminar bayar😂 dan kekeh klo ith bukan scam LOL 😂😂😂",0,,
UgyTdarxSz0JLjKmTdB4AaABAg,0,3,"2025-06-17 02:10:58",@dwiyanuar20,"Bbrp bulan kmren terjadi sama ortu, kok bisa data t*spen kok tersebar sampe rugi puluhan juta gara2 ketarik semua saldo nya. Negara ga bisa melindungi data warga negara!!!",0,,
UgzB1Q6UYFNI3mPqe2R4AaABAg,0,1,"2025-06-17 02:10:29",@QuennEudora,"Kak nes aku mau bagiin cerita ku buat para nerrorist,,pengalaman penuh plotwis di rumah sakit,,,karena aku tadi baru liat konten KK 3 Minggu yg lalu buat pengalaman di RS,,jadi aku mau ikut juga,,plis bikin gitu lgi😢",0,,
UgwixyyQ1c3DC-9pvZR4AaABAg,2,11,"2025-06-17 02:08:16",@cintanabilla9582,"anjir tante aku pernah pacaran sama Herjunot Ali 😭😭 katanya dia bangkrut tris jadi kuli angkut galon 😭😭😭😭😭😭😭😭😭😭 dan dia percaya ampe cerai ama suaminya gara2 herjunot 😭😭😭😭",0,,
UgwixyyQ1c3DC-9pvZR4AaABAg.AJSWihkGyQmAJToX7O_X2c,,0,"2025-06-17 14:11:49",@anwnt,"Woy yg bener kak 😭",1,UgwixyyQ1c3DC-9pvZR4AaABAg,@cintanabilla9582
UgwixyyQ1c3DC-9pvZR4AaABAg.AJSWihkGyQmAK8Qc4Hovvq,,0,"2025-07-04 03:21:31",@dailymusik9159,"Klo aku org terdekatku sndiri kak, smpe 2 motor digadein, uang buat lahiranku dipinjam.. eh gataunya cwonya itu dipenjara tp ngaku kerja di tambang papua😭",1,UgwixyyQ1c3DC-9pvZR4AaABAg,@cintanabilla9582
Ugwarte1gAal46KraN14AaABAg,1,2,"2025-06-17 02:07:53",@destiamalia3389,"pak prabowo kesian banget dia diem aja masih di hujat apa lagi di tambah penipuan begini pake AI makin2 dah pasukan sakit hati anak abah dan anak banteng makin menjadi menghina pak prabowo😔",0,,
Ugwarte1gAal46KraN14AaABAg.AJSWfrHSw-gAKTJexlF6O2,,0,"2025-07-12 06:04:47",@qinana1008,"Iya ""diam diam"" bikin kebijakan yg merugikan rakyat 😂 poor prabs",1,Ugwarte1gAal46KraN14AaABAg,@destiamalia3389
Ugxk_Eohc5inZnoKCUh4AaABAg,0,1,"2025-06-17 02:04:24",@GirlCeres,"Nomor gua udah di SPAM banyak banget nomor nggak dikenal 😭",0,,
Ugw3rompu-F_T5EBmQh4AaABAg,0,2,"2025-06-17 02:04:05",@MarkHunson,"Penipuan bea cukai aku pernah 😭😭",0,,
Ugwh4qOnKOToPAl8ixx4AaABAg,0,6,"2025-06-17 02:00:57",@hellenhellen2678,"Hukumannya lebih berat dari koruptor 😂",0,,
UgzzuXu2NNx90b1KNtp4AaABAg,0,1,"2025-06-17 02:00:43",@ElementariaUnivers,"Org pinter banyak tp yg punya akhlaq mulia jarang😂",0,,
UgxJ4BZnh7VSylHl3BZ4AaABAg,0,1,"2025-06-17 01:57:15",@alexandraangelina9872,"Aku sm cowokku pernah kena kak.. Bukan cm orgtua aja yg gampang kena, yg muda jg bisa kena. Karna waktu itu cowokku ditelpon ama sepupunya, bilang suruh save nomernya yg baru karna hp lama hilang. Yauda disave lah sama cowokku tanpa ada rasa curiga. Singkat cerita mereka chat2an dan si sepupu bilang kalo skrg posisi lagi di cilacap tugas kerjaan dan ngajakin bisnis pulsa buat penambang batubara. Dia harus tf modal dulu sekian juta nanti diganti alasannya kalo di daerah terpencil atm jauh, dia gabisa trf. Nanti bagi hasil berdua. Cowokku ga curiga sama sekali. Dia cerita ke aku. Aku uda curiga banget aku suruh lah dia tanya sedetil2nya ke si ""sepupu"" ini. Apalagi bilangnya udh perusahaan batubara. Sampe kita bertengkar debat karna dia udh percaya, yakin bgt kalo ini beneran sepupunya. Akhirnya kita sepakat make tabungan bersama, bahkan mamanya smp gadaiin kalung. Eh setelah di tf duitnya, bener dia tf balik lg cuma sebagian kecil. Dia minta tf lg trs ilang dong orangnya. Disitu auto panik. Geger lah. Trs dia kepikiran buat nelpon nomer lama si sepupu. Pura2 tanya kabar. Ternyata si sepupu posisinya gak di cilacap dan gapernah ada hubungan apa2 sm org di perusahaan batubara dong. Auto lemes. Duit ilang sekian juta. Disitu kita tau, AI bisa niruin suara org terdekat kita sekalipun",0,,
UgzwkVlMAlhlMslUCsp4AaABAg,0,1,"2025-06-17 01:56:56",@yantiridjan6520,"Sering banget dapet telpon masuk alasannya dari toko oren. Dan sehari bisa ad 4 sampai 5 nomer telpon panggilan. 6 nomer awalnya selalu sama, nomer akhirnya ajah yg beda beda",0,,
UgxNkQLInKbth9FBEo14AaABAg,1,1,"2025-06-17 01:55:54",@drnovario1514,"ga hanya public figure deh kayanya, akupun pernah ditelfon oleh dosen menggunakan whatsapp yang ternyata beliau merupakan hasil deepfake, untungnya tahu banget kalo fake dan aku sebar ke angkatan bahwa ada penipuan semacam itu",0,,
UgxNkQLInKbth9FBEo14AaABAg.AJSVJCCWoVPAJTr8xjhn1j,,0,"2025-06-17 14:34:44",@akunformalitas,"Parah bener ini kalau deepfake bisa real-time buat vid call WA",1,UgxNkQLInKbth9FBEo14AaABAg,@drnovario1514
UgwhiKKIgNHj9DVIfn14AaABAg,0,2,"2025-06-17 01:53:52",@gogopedia,mantabs..,0,,
UgzI0yy40vR_UQ9KhbJ4AaABAg,0,1,"2025-06-17 01:52:58",@DhifanetTV,"betul sekali hampir setiap hari kadang tiga kali sehari di telpon nomer tak di kenal....terutama greater jakarta dan yang lainnya",0,,
UgzJJzpi6x1JeDs8yIl4AaABAg,0,2,"2025-06-17 01:52:40",@niakurniawati2750,"Aku gak pernahh ketipu AI tapi aku korban' penipuan Tanah kavling...sama arisan on-line...",0,,
UgwsdPW08pURpp37qMR4AaABAg,0,2,"2025-06-17 01:51:03",@ShinraHanazono,"Agak beda ya ama yang diceritakan oleh ray tiktok",0,,
Ugzo8xKvVCO694maeQx4AaABAg,0,1,"2025-06-17 01:50:23",@ElementariaUnivers,"Banyak org yg msih blm phm ap itu AI sampe itu org ny percaya bnget sm itu video ngeri bnget😢",0,,
UgwQyYobl1w7BpZBnUN4AaABAg,7,736,"2025-06-17 01:49:21",@RamadhaniSari,"Kok jadi mikir agak jauh ya, baru sadar ada hikmahnya knp Allah dan RasulNya gaboleh di gambar atau ada ilustrasi mukanya karena fitnah AI di akhir zaman salah satunya 🥺",0,,
UgwQyYobl1w7BpZBnUN4AaABAg.AJSUZAUi_4hAJTAW34E24K,,76,"2025-06-17 08:13:24",@FeniPebriasari,"ya kan 😭 lebih maju pemikiran baginda berjuta juta tahun dari jaman itu",1,UgwQyYobl1w7BpZBnUN4AaABAg,@RamadhaniSari
UgwQyYobl1w7BpZBnUN4AaABAg.AJSUZAUi_4hAJTmVxy3CtS,,18,"2025-06-17 13:54:11",@anwnt,"Setuju ini masuk akal sih",1,UgwQyYobl1w7BpZBnUN4AaABAg,@RamadhaniSari
UgwQyYobl1w7BpZBnUN4AaABAg.AJSUZAUi_4hAJqEhrKWr4q,,3,"2025-06-26 16:31:53",@indriajayanti3412,"Betul sekali ka, setujuuu..",1,UgwQyYobl1w7BpZBnUN4AaABAg,@RamadhaniSari
UgwQyYobl1w7BpZBnUN4AaABAg.AJSUZAUi_4hAJqItkxNYy6,,3,"2025-06-26 17:08:27",@muhammadafriadi3972,"Pintar y nabi Muhammad Saw ❤",1,UgwQyYobl1w7BpZBnUN4AaABAg,@RamadhaniSari
UgwQyYobl1w7BpZBnUN4AaABAg.AJSUZAUi_4hAK_8QQBd_6g,,2,"2025-07-14 21:41:14",@HiRico,"Malaikat² juga gadigambar",1,UgwQyYobl1w7BpZBnUN4AaABAg,@RamadhaniSari
UgwQyYobl1w7BpZBnUN4AaABAg.AJSUZAUi_4hALy_I5wyiG6,,0,"2025-08-18 15:17:10",@Lughhh,"dan dikasih tau fitnah dajjal, sekarang bnyk bngt fitnah"" bertebaran",1,UgwQyYobl1w7BpZBnUN4AaABAg,@RamadhaniSari
UgwQyYobl1w7BpZBnUN4AaABAg.AJSUZAUi_4hAOOP05vENej,,2,"2025-10-17 18:20:53",@mysid3545,"@FeniPebriasari ga sampe berjuta2 jg kak 😭 jaman Rasulullah sampe kita sekarang -+ 1500 tahun aja",1,UgwQyYobl1w7BpZBnUN4AaABAg,@RamadhaniSari
UgxXcdb88mBZYpf5yS54AaABAg,0,8,"2025-06-17 01:47:13",@scrtadmirrx,"OALAH ITU BAPAAA NYA KAK NESSIEEEE😭😭😭 KAK BNYK YG KOMEN AURA NYA MAFIA BANGET😭",0,,
UgwFiULcHi6UtsEW-Vd4AaABAg,0,1,"2025-06-17 01:46:12",@tsy2512,"2:19 aku pernah, mimpi beneran pacaran sama idol kpop yang kusuka😂",0,,
Ugy2F0ZOY95dXbDvqF94AaABAg,0,1,"2025-06-17 01:43:49",@dunianyarama,"Semakin canggihnya AI semakin nyata fitnah dajj*l",0,,
UgwpSWYcY_x6FQIT58F4AaABAg,0,1,"2025-06-17 01:43:39",@ferdinandhaposan,"Bread pot 😂",0,,
UgzAOEIDYCVQVhJSmbd4AaABAg,0,1,"2025-06-17 01:43:15",@blueskyy_01,"papaku juga hampir kena penipuan give away atas nama ""RA"" dan beliau percaya, untung saat itu aku lihat trus bilang kalau akun RA yg asli ada centang biru akhirnya papaku tau kalau beliau hampir kena penipuan sangat menyeramkan penipuan jaman sekarang",0,,
UgyVu9kfUt64Jdel6ph4AaABAg,0,1,"2025-06-17 01:42:33",@deviwahyunizakaria1723,sereem,0,,
Ugz_Q1Q_V2qFYonZqT14AaABAg,3,5,"2025-06-17 01:41:21",@AzamChannel-vm9kj,"Baru aja tadi malem ayahku tanya tanya perihal konten live hantu-hantuan😂kubilang itu cuma konten hiburan yah, mana ada hantu bisa ketangkep kamera secara sengaja.😂",0,,
Ugz_Q1Q_V2qFYonZqT14AaABAg.AJSTdbAkbgmAJTsYloDtPy,,0,"2025-06-17 14:46:59",@nirmalasarinurkhasanah,"Hush diam aku juga suka nonton soalnya bosen kk🤣🤣",1,Ugz_Q1Q_V2qFYonZqT14AaABAg,@AzamChannel-vm9kj
Ugz_Q1Q_V2qFYonZqT14AaABAg.AJSTdbAkbgmAJeVNEijPNn,,0,"2025-06-22 03:06:35",@Lalaliceland,"papaku juga percaya gituan heran, sampe ngotot itu hantu asli 😭",1,Ugz_Q1Q_V2qFYonZqT14AaABAg,@AzamChannel-vm9kj
Ugz_Q1Q_V2qFYonZqT14AaABAg.AJSTdbAkbgmAJeVP5JdLXC,,0,"2025-06-22 03:06:50",@Lalaliceland,"papaku juga percaya gituan heran, sampe ngotot itu hantu asli 😭",1,Ugz_Q1Q_V2qFYonZqT14AaABAg,@AzamChannel-vm9kj
UgytFO89lhFsuXiPqe14AaABAg,0,1,"2025-06-17 01:40:14",@yunitaalkatiry7388,"10:25 AQ yg g prnah dapet giveaway 😢",0,,
UgwWJSOY4HSyQWXI4tZ4AaABAg,1,4,"2025-06-17 01:36:19",@Skylovers21,"2:21 ya , dan remahan rengginang ini pernah bertekat untuk jadi pacarnya justin bieber dulu , gila emng",0,,
UgwWJSOY4HSyQWXI4tZ4AaABAg.AJST3lYYmv8AUZKJAGvTPi,,1,"2026-03-20 03:19:48",@ginagraeny183,"Aku pun pernah dulu di email bule tajir, ganteng. Widih adada aja",1,UgwWJSOY4HSyQWXI4tZ4AaABAg,@Skylovers21
Ugzb1m8JVolPXUjtcHZ4AaABAg,5,13,"2025-06-17 01:36:18",@YuniAse,"Sekali seumur hidup aku prnah dpat telpon begitu katanya bapak aku kena tilang karna gk bawa sim, 😢😅 mau ketawa tp gimanaa padahal aku lagi persiapan pengajian 40harinya alm bapak. Kutanya ""emangnya perjalnan kesitu harus bawa sim ya Pak, aku baru tau soalnya setauku cuma jawab pertanyaan malaikat aja. Trus bapak sudah sampai mana sih ini Pak surga masih jauh kah?"" ""Maksudnya giman?"" ""Bapak saya sudah meninggal, ini dirumah lagi persiapan pengajian 40harinya, antar pulang lagi aja pak bapak saya"" 🫥eh malah diputus telponnya",0,,
Ugzb1m8JVolPXUjtcHZ4AaABAg.AJST3Y-6ID8AJTlw7qsXJ0,,2,"2025-06-17 13:49:09",@anwnt,"Kak maaf ini antara mau sedih atau ketawa saya jadi bingung 😅😢lagian kurang kerjaan amat sih mereka "" itu",1,Ugzb1m8JVolPXUjtcHZ4AaABAg,@YuniAse
Ugzb1m8JVolPXUjtcHZ4AaABAg.AJST3Y-6ID8AJTn7MJhM7h,,0,"2025-06-17 13:59:33",@YuniAse,"​@anwnt lah yaa itu pas ditelpon yang lain pada anteng dengerin orangnya ngomong panjangxlebar. Waktu dimatiin telpnnya pada ngakak semua jga sih😅🫥😅 Ngebayangin ada yaa malaikat tugasnya oprasi zebra",1,Ugzb1m8JVolPXUjtcHZ4AaABAg,@YuniAse
Ugzb1m8JVolPXUjtcHZ4AaABAg.AJST3Y-6ID8AJTogRj4n0Z,,1,"2025-06-17 14:13:13",@kennyraya8631,"Aq baru tadi siang kena beginian, tbtb ada yg telp nomor baru di nomor jualan ku, tiba2 bilang ""dek.. Mas kecelakaan sambil nangis2"" Nah ya gk mngkin bnget dia telp di nomor jualan ku, aq jawab hah hah gimana mas? Dia udah menyerah dan tutup telpnya 🤣",1,Ugzb1m8JVolPXUjtcHZ4AaABAg,@YuniAse
Ugzb1m8JVolPXUjtcHZ4AaABAg.AJST3Y-6ID8ALIH0Vos53a,,1,"2025-08-01 19:41:24",@bloe_doll,"​@YuniAsewkwkwk maaf ya, ngakak banget aku bacanya malaikat patroli di alam kubur🤣. Turut berbela sungkawa untuk almarhum bapaknya, semoga tenang di alam sana dan di tempatkan di tempat terbaik",1,Ugzb1m8JVolPXUjtcHZ4AaABAg,@YuniAse
Ugzb1m8JVolPXUjtcHZ4AaABAg.AJST3Y-6ID8ALJ-MivEA2e,,0,"2025-08-02 02:26:24",@YuniAse,"​@bloe_doll 😅gpp sayang, Akupun kalo lagi kumpul sanak saudara trus keingetan jadi ngakak bareng",1,Ugzb1m8JVolPXUjtcHZ4AaABAg,@YuniAse
UgyM6JBCqvMOYKmsoKV4AaABAg,0,2,"2025-06-17 01:33:48",@adasd4321,"aku lebih takut puncak era AI, banyak pengangguran karena apapun sudah bisa melayani manusia. ga ada lagi celah adaptasi.",0,,
UgwWuVe3-pTvgRYPv1h4AaABAg,1,2,"2025-06-17 01:33:04",@agungwidd,"Temen ku pnya temen, bapaknya divideo call Whatsapp soimah katanya dapet hadiah, tapi harus tebus bayar 3 juta, habis ditransfer soimahnya ngilang xixixi",0,,
UgwWuVe3-pTvgRYPv1h4AaABAg.AJSSgx0bpptAJSTE_Xwz2z,,1,"2025-06-17 01:37:48",@agungwidd,"Ternyata si bapak ini rada gaptek baru aja make smartphone dan install wa, rejekinya si bapak malah kena scam",1,UgwWuVe3-pTvgRYPv1h4AaABAg,@agungwidd
UgxBNY5YeNW0-fnhtwt4AaABAg,0,1,"2025-06-17 01:32:31",@mazaya_lh,"Kak Vincent gerald jg",0,,
UgzzwWu-m8UoNdd6B7p4AaABAg,5,128,"2025-06-17 01:31:48",@sabiyakids1103,"Temenku kerja di taiwan ,sampai 140 juta melayang, dr awal aku udah peringatin kalau itu scam ntah apa yg di fikiran nya dia tetep percaya katanya real padahal itu AI 😭 katanya mau di nikahin lah ini itu lah, ngakunya bos minyak kerja di eropa. sampe2 udah bilang keluarga di rumah. Padahal ketemu orang nya aja belum pernah Dia di janjiin mau di nikahi+ di beliin rumah,sampe aku kesel bilang gini "" heh setidaknya kita sadar diri kita ini siapa di pikir kek di drakor2 gt bos macarin kek kaum kita2 gini, oke kadang mau muka2 kek kita tp kan setidaknya pasti org nya smart atau punya privilege lain, kamu janda anak 3 sekolah aja sampe smp kok berharap nya muluk2 amat"" Eh aku di katain katanya aku iri 😭 Ya allah kayak udah kecuci otak nya Terakhir sampe dia minta kirim uang dr indo 20 jt itu juga di kirim ke cowok itu 😭 Padahal di rumah dia punya anak 3 bisa2 nya ya allah kesel bgt aku jadinya",0,,
UgzzwWu-m8UoNdd6B7p4AaABAg.AJSSY_5ntpHAJTmEM2QsPE,,8,"2025-06-17 13:51:46",@anwnt,"Kalau udah gitu gk bisa di kasih tau lagi kak ortu ku juga sempat mau jadi korban penipuan buseett ngeyel nya minta ampun saya malah di bentak "" akhirnya dgn sabar dan legowo saya jelasin sampek mereka paham untung saya sabar dan untung bgt gk jadi korban tipu 😅",1,UgzzwWu-m8UoNdd6B7p4AaABAg,@sabiyakids1103
UgzzwWu-m8UoNdd6B7p4AaABAg.AJSSY_5ntpHAJcSnae4VSQ,,2,"2025-06-21 08:05:38",@Azizam_tv,"Susah kak klw org udh cinta😂 D nasehatin smpe mulut berbusa jg gk bkal D dgr",1,UgzzwWu-m8UoNdd6B7p4AaABAg,@sabiyakids1103
UgzzwWu-m8UoNdd6B7p4AaABAg.AJSSY_5ntpHAJepuQJisqP,,0,"2025-06-22 06:14:45",@1789NYSA,"Ikut sedih untuk teman Anda 😢😢😢 Orang mabuk cinta memang sulit dinasehati. Saya pernah discam lewat IG. Awalnya, cuma sekedar kenalan lalu basa-basi. Lalu, ternyata berubah jd money talk. Dia bilang ke saya, mau kirim something buat saya. Lalu, saya diWA, tempat pengiriman barangnya, minta uang supaya barangnya bisa sampai. Waktu itu, saya bodoh, dia ingin tahu isi WAnya, saya copy paste ke dia. Ternyata stlh, dia desak terus saya, supaya kirim uangnya, baru saya sadar, dia scammer. IG profilenya dia, ternyata milik teman saya. Akhirnya, dia saya blog.",1,UgzzwWu-m8UoNdd6B7p4AaABAg,@sabiyakids1103
UgzzwWu-m8UoNdd6B7p4AaABAg.AJSSY_5ntpHAJflLCHpZDy,,0,"2025-06-22 14:54:06",@yundars5676,"Aku pernah kena scam, dia pura² jadi sodara aku yang kerja di taiwan, katanya temen akrab dia ngelahirin dan harus oprasi, dia gajian masih seminggu lagi, jadi dia minjem duit ke aku, eh tau²nya besoknya sodara aku VC dan dia ga tau apa²😢",1,UgzzwWu-m8UoNdd6B7p4AaABAg,@sabiyakids1103
UgzzwWu-m8UoNdd6B7p4AaABAg.AJSSY_5ntpHAJhCuDyoZCX,,0,"2025-06-23 04:22:55",@traveler0009,"gedeug sendiri kan kak kita udah care malah dikira iri.. ujung2nya ntar yg report keluarga & saudara & tetangga dia kalau dia akhirnya stress depresi gila",1,UgzzwWu-m8UoNdd6B7p4AaABAg,@sabiyakids1103
Ugz_vU6eIny8j_6sIDx4AaABAg,1,69,"2025-06-17 01:30:03",@dijesrikandi4334,"Kk ipar temen ku kena total 29 jt , awal nya bisa di hubungin grgr mau kerja sama usaha dia eh lama2 nawarin nanam saham di treding nya, awal minta 4jt bener bulan depan di kasih 4jt 300rb . Minta lagi 10 jt ga di kasih tp dengan anceman usaha nya mau di bangkrutin takut akhir nya di kasih 10 jt, eh gong nya minta duit lagi ntah berapa ga di kasih ngamuk2 nyebar fitnah di google map usaha nya, di teror istri nya, di ig2 usaha nya di komen2 fitnah. Sampe istri nya udh kena mental nya tiap hari nangis ketakutan ngancem soal anak juga. Bilang deh tuh mereka ke tetangga nya yg polisi dan tetangga nya bilang “itu mah ga bisa di urus org nya jauh di kamboja” dan pasangan itu berantem2 hampir cerai guys ya allah aku yg di ceritain sm temen aku aja mau nangis kasian anaknya grgr penipu itu sampe harus cerai , tp gua rasa byk org2 yg kena tipu gitu sampe bangkrut dan cerai sm istri nya dan korban nya adalah anak. Jadi kalian yg baca harus hati2 ya guys",0,,
Ugz_vU6eIny8j_6sIDx4AaABAg.AJSSLrwmqP3AKgESc8_1yS,,1,"2025-07-17 15:48:39",@egaschumacher,"Rmh kakak ipar kamu dmn seperti nya cerita ini sama seperti cerita suami tmn saya yg jadi scammer di Kamboja yg telah menipu istri orang yg punya usaha apa lupa aq apa itu punya usaha KK ipar kamu y",1,Ugz_vU6eIny8j_6sIDx4AaABAg,@dijesrikandi4334
UgwQbMo6hmujZ9Oqg6x4AaABAg,0,0,"2025-06-17 01:29:42",@adheeraputera1801,"Sy pernah chatingan sama ""Faza pangeran Dubai"". Sy bertemu dia lewat dating app. Kita tukeran nomer telpon. Sejak itu kita mulai chatingan. Sy gak percaya kalo dia benar Faza. Sy cek nomer telpon dia di Google. Eh betul muncul nama dia. Jadi sy lanjut chattingan. Kebetulan sy TKI di Saudi Arabia. Dia bilang akan membantu sy agar bisa masuk ke lingkungan kerajaan dan akan dikenalin ke MBS dgn membuat kartu khusus dan sy harus membayar sejumlah dollar ntuk membuat kartu tersebut. Lalu sy katakan padanya ""kenapa bukan km sja yg buatin kartunya karna km kan pangeran dubai kerabat MBS?"" Setelah itu hingga sekarang dia tidak pernah chat sy lagi. Setelah di cek nomer telpon dia di Google, muncul nama dia. Apakah dia benar Faza ??",0,,
UgzK8sEvpH6UugFxG_x4AaABAg,0,0,"2025-06-17 01:28:14",@putrial-habsyi,"sumpah sering banget aku liat di fb iklan judol pake wajah ustadz Abdul Somad, Rafi Ahmad, Nagita Slavina di edit pake AI dan banyak banget yang tergiur sm iklan penipuan itu.",0,,
Ugx2zFJTxFpLCU2pCJF4AaABAg,0,0,"2025-06-17 01:26:56",@leestarelle,"Saya di teror 3bulan ini, nomor baru muncul turus, pernah sekali saya angkat kerena saking gedek nya, ternyata penipu itu mengaku dari spinjam, dan suaranya seperti rekaman bukan bicara secara langsung",0,,
Ugy1EaSFeGbiKYAcrzZ4AaABAg,0,0,"2025-06-17 01:24:00",@tyuhgtggg3509,"Parah bgt yg Indonesia😭😭😭",0,,
Ugw07GscHvsrGn9L5yJ4AaABAg,0,0,"2025-06-17 01:23:54",@jerukkupas,"Guys, kalian pernah dapet dm dr klinik kecantikan ga buat treatment free? Trs pas dtg diminta NIK tgl lahir dll?",0,,
UgwXLhGE1M_X8Dha9zp4AaABAg,0,0,"2025-06-17 01:22:33",@pustiwinaryo2106,"Ada banyak cara bagaimana nomer kita bisa tersebar. 1. Pinjol bermasalah, orang yang memiliki kontak kita jika terjadi masalah pinjol, maka kontak peminjam biasanya akan diteror. 2. Pengisian pulsa, konter pulsa tempat biasanya mengisi pulsa bisa menjual nomer kita ke penadah nomer, makanya jangan mau tulis nomer HP di buku. Dulu sempat dapet kabar katanya 1 buku full dengan nomer HP bisa dijual minimal 100k. 3. Aplikasi Ilegal, tanpa sepengetahuan kita banyak sekali aplikasi MOD yang secara tidak langsung mengambil data pribadi kita. Lebih berbahayanya lagi, ada beberapa aplikasi yang jika diinstal tidak dapat dihapus dan akan meninggalkan Malware. Smartphone bisa dibilang demikian jika penggunaannya smart. Think twice before doing something with your phone.",0,,
UgwN5JmA0a22Fjo1_Ap4AaABAg,0,0,"2025-06-17 01:22:22",@damarabinaya9896,"Wehhh ini seminggu bisa 3-5 kali loh dapet telpon kaya gini sekarang",0,,
UgyXWnqtfrW1EItAkVd4AaABAg,0,1,"2025-06-17 01:20:52",@xiaoxionggu,"10:17 aku pernah menang GA lighstick kpop yg udah jadi wishlist ak dari lama",0,,
UgzoNrQFUuUTf0Gek294AaABAg,0,0,"2025-06-17 01:20:41",@Bee.Sel0,"Hah itu papa ny ka nesie aku dh ngakak banget",0,,
UgxHgPbiDZk9RBlZ4SB4AaABAg,0,0,"2025-06-17 01:19:19",@yeptadiansari,"Elon musk, suamiku pernah tetiba akun ig nya dihack trus posting tulisan kalo dia baru aja dapet 3 bitcoin 😅 2x, padahal suami uda ganti password tiap kali dihack yang ngaku2 dikasih bitcoin sama elon musk 🥲",0,,
UgwfoOKWWLQLbqc0KzB4AaABAg,0,0,"2025-06-17 01:15:17",@mitsukiorochimaru7878,"joe biden👹",0,,
UgzscBDPbVVPYuqpYBd4AaABAg,0,1,"2025-06-17 01:14:49",@bocil_patimuraaa,"Kak ada satu lagi iklan judol yang bilang klo itu milik dennis lim di iklan jodul, dennis lim bilang klo situs jodul itu adalah situs pertama yang masuk indonesia dan iya suara nya mirip kayak dennis tapi aku yakin itu AI karna dari vidio itu gerak geriknya aneh kayak editan",0,,
Ugwe8rPueOKnJJ5gIeJ4AaABAg,0,0,"2025-06-17 01:13:42",@showmee11,"Bapak ku pernah ketipu investasi bodong sebuat aja smart wallet padahal dari awal udah aku larang syang bgt dalam waktu kurang dari satu bulan akun nya di blok dan gak bisa login untung belum gede",0,,
UgxTr5rWrSTowHGHTSB4AaABAg,0,0,"2025-06-17 01:13:25",@rianapriyani7773,"Di snac*k video bnyk bgt artis,bahkan ustadz iklanin game judol.tau itu palsu tp masih bnyk yg percaya.",0,,
UgyC9eOH4YNlzI-IAlZ4AaABAg,0,0,"2025-06-17 01:12:38",@mamaabyan,"Yang meresahkan tuh GA Baim Wong sama Raffi di apk sebelah Ada yang percaya lg NB : itu oknum ya gess yaa",0,,
UgxX1gcxZUnx332Cfz94AaABAg,0,0,"2025-06-17 01:11:20",@mandadwiadinda4052,"Pliss nenek gw ketipu bbrp kali kasusnya gini",0,,
UgxE5Kl_nwoR1ICDWx14AaABAg,0,0,"2025-06-17 01:10:57",@Yashiro-pw9dx,"top up game apalagi, banyak banget scam , dan aku salah satu korban nya🗿 untung cuma kena 200k, tapi yg lain Ampe jutaan",0,,
UgxcR8h9Ok_UaRjs3pB4AaABAg,0,0,"2025-06-17 01:10:22",@putriberlian5620,"4tahun lalu ada aplikasi yg suka ngajak ngajak org trs dapat duit trs kalau masukin saldo bisa berlipat ganda gitu. Temen temenku byk yg masukin 4jtan per org awal emang dapat bonus tapi beberapa Minggu kemudian aplikasi nya ga bisa dibuka lagi, padahal uang temen temenku masih byk disitu. Pas itu aku memang pengen ikutan juga tapi lagi nda punya duit, jadi aku bersyukur pas itu ga punya duit.😢",0,,
Ugz7SzqJQfpkcvIjggp4AaABAg,0,0,"2025-06-17 01:09:29",@aiiyantiinababan2433,"sebenernya keliatan bgt klo itu AI ya tp balik lg tiap org beda penglihatan dan pemikiran, kadang ada jga yg keliatan kaya asli bgt, smpe harus ulang2 buat mastiin, lebih hati-hati lg ya temen2 awasi anak dan org tua kalian",0,,
Ugy90gjuVAQeGXoOuYV4AaABAg,0,0,"2025-06-17 01:06:37",@Sastra_Ys,"Aku pernah di tipu di tiktok 200 dari situ aku gak percaya lagi. Di tipu karena pake foto temanku yang jadi pemenang give away 😢😢😢😢.",0,,
UgwVP2j0jHzgUJ1y3XV4AaABAg,0,0,"2025-06-17 01:05:43",@ChibiNofikachan,"Penipuan Ai banyak banget berseliweran di YouTube terutama iklan, yg menggunakan publik figur untuk mengiklankan produk kesehatan bahkan judi online",0,,
UgwpsfjFRJ37RYxo8Il4AaABAg,0,0,"2025-06-17 01:02:03",@AmiraSyaka-h7n,"Di fb banyak banget ih penipuan kaya gini",0,,
UgyiQxDmIQtZgGXxlfJ4AaABAg,0,0,"2025-06-17 01:01:42",@ranyranya,"Kupikir emak2 FB konoha aja yg gmpng prcaya sm hal2 yg kek gtu thunya emak2 bule jg bs ketipu 😢 Sprtinya ini permasalahn internasional 😁",0,,
UgwQ0XbKtEoqhZFDhvJ4AaABAg,0,0,"2025-06-17 01:01:03",@rafly-ali-syahputra,"pada akhirnya manusia lah yang akan membuat dunia hancur",0,,
UgzTp78BB6BaOHqLi394AaABAg,0,0,"2025-06-17 00:58:05",@raylichannel8898,"Kan emang gen boomer goblk bgt 🤣🤣",0,,
Ugyskopr0aEI0WFju0N4AaABAg,0,0,"2025-06-17 00:55:33",@restularasati3564,"Kemana aja aku baru tau kalo oom2 SWAG itu adalah papa Judge 😂😎🤘🏻",0,,
UgwUGZOpjdWN6I-dKpV4AaABAg,0,0,"2025-06-17 00:54:01",@putriberlian5620,"Ngerik bgt bahkan jaman skrg penipu berani pasang iklan sponsor 😢",0,,
Ugwcp5YlBhMEZrYyC2B4AaABAg,0,1,"2025-06-17 00:52:14",@newbie174,"tk kaploki🤣",0,,
UgxXDg6dQ7OW7RrZsBx4AaABAg,0,0,"2025-06-17 00:52:06",@Ishanaaas,"Jd inget prabowo jualan sprei",0,,
UgyWiFjAEj4PkaWaIYB4AaABAg,0,0,"2025-06-17 00:50:52",@_ahmadzakiramadhani,"Koruptor mah gak segitunya",0,,
UgwScpoeiomqOJkSh9V4AaABAg,0,0,"2025-06-17 00:44:28",@NurAini-vl1pt,"Aku pernah menang giveawayy 1. Dari shopee : hp Huawei nova 2 lite 2. Dari tokopedia : hp samsung galaxy a01 3. Dari bukalapak : powerbank soul 4. Dari tokopedia lagi : russel hobs slow cooker Alhamdulillah gaada yg scam, mungkin karena penyelenggaranya cukup jelas yaaa..",0,,
UgziZ27wIMR46JxK3vd4AaABAg,0,0,"2025-06-17 00:41:37",@nevaindri3550,"Bahaya si aplikasi ini, siapa si yang bikin aplikasi ini, ini harus di hilangkan di blokir si",0,,
UgwKkbWZWj0TQVXlTnR4AaABAg,0,1,"2025-06-17 00:41:18",@faktamenarik1011,"Kalo kaya di akun aku aman kan ya😅",0,,
UgxtkFEWrpce_3qevZ14AaABAg,0,1,"2025-06-17 00:40:56",@annarika5989,"Gak tau kenapa sekarang banyak banget penipuan, teror telfon sehari bisa sampai puluhan kali, di toko hitam pun juga begitu, banyak yang mengatasnamakan toko ketika live bilang admin ternyata bukan, soalnya kemarin habis ketipu dari toko hitam, gak seberapa uangnya, cuma caranya cari duit itu loh kok sampai segitunya",0,,
UgwK0i248C5AIGpWJVl4AaABAg,0,0,"2025-06-17 00:39:40",@crushu3313,"SUMPAA, AKU JUGA KEMARIN ABIS KENA TIPU DAN DI PERES🤣🤣🤣 TAPI ENGGAK GENTAR SAMA SEKALII WKWKWKWKWKK",0,,
UgyMZIeLHHtUtOOu3VN4AaABAg,0,0,"2025-06-17 00:39:38",@aisiti3772,"pernah dapet giveaway. tapi kan yang asli itu jelas menangnya kenapa dan dari platform mana. dan gak tiba tiba dapet giveaway tanpa alasan.",0,,
UgykpQV1w1I7wtfvC9Z4AaABAg,0,0,"2025-06-17 00:37:38",@doffy-v8d,"14:48 padahal jelas banget itu video hoax, fix pasti yg ketipu orang² kolot",0,,
UgxG0q8FUQ9PM77HYYV4AaABAg,0,0,"2025-06-17 00:36:01",@Kasuya_Ors,"bayangin ketipu fitnah AI Prabowo, dan lu masih yakin lu bakal aman dari fitnah Dajjal?",0,,
UgyfA3tlrFlSHgQDkLF4AaABAg,0,0,"2025-06-17 00:35:40",@yayaaa43,"Yupsss kmrn2 sempett liat camer posting video pak prabowo tentang bansos2..kita sebagai generasi skrng tu bisa liat jelas klo itu AI, sayangnnya orang tua tuh bisa gampang kemakan video2 seperti itu",0,,
Ugyr4Cd7uGNKYTefO314AaABAg,0,0,"2025-06-17 00:35:23",@MaroviaAnnisa,"Aq gak prnh nemu kaya ginian",0,,
UgwHRAExKZtAfcYdWhF4AaABAg,0,0,"2025-06-17 00:35:09",@Kio0310,"hp.ku ak set nomor tak dikenal langsung ke tolak 😔",0,,
UgxpVJSO2lcf3jCfOXx4AaABAg,0,0,"2025-06-17 00:32:37",@nimatulhanif,"Buset nomor gw udah di tlpnin ma pinjol, gw kek hah? Download apknya aja enggak sumpah 😌",0,,
UgzA7oG7MnVDUjDfbtB4AaABAg,0,0,"2025-06-17 00:29:42",@Juy1414,"Kalo di Indonesia sih pura pura jadi Baim wong 😭😭😭",0,,
UgzBemMqy9KC8edGzZd4AaABAg,0,0,"2025-06-17 00:27:55",@YanaPoi-kl9og,"Hi kak nessie aku pernah menang giveway tapi kena minta bayar rm500 untuk tebus giveway HAHAH lawak scammer nii 😂 tapi apa²pun semoga kita d jauhkan dari segala hal² yg tidak baik aminn🙏 sihat selalu kak nessie sekeluarga ❤",0,,
UgzyNcs5EcMBG1BT-254AaABAg,0,0,"2025-06-17 00:27:38",@JovanPororo,"Pengalaman nomer wa pribadi ku juga sekarang tersebar padahal aku gak pernah klik link apapun ....tetapi didalam postingan itu seperti ""membagikan rejeki lewat no dana"" sedangkan no dana itu adalah Whatsapp ku jadi banyak yang chat dan telpon Whatsapp aku buat minta duit hadeh Shari bisa block 10 orang soalnya mau ganti nomer juga sayang itu nomer lama dah ku pakai 3 tahun",0,,
UgxB1jjzR1zRe_hDAiR4AaABAg,0,0,"2025-06-17 00:27:24",@hildamaulida8725,"Tuh lah kek gt malah ai di dukung wapres 😅",0,,
UgyCp1udGRUGx0O50w14AaABAg,0,0,"2025-06-17 00:27:18",@eiji_neko12,"Baru kemaren aku di telpon 2x sama nomor ga di kenal, aku suka ngisnengin sih, ku putar suara kunti, suara org teriak, ku pukul2 panci 😂😂😂",0,,
UgyKQgOnY2wDlCyhl0p4AaABAg,0,0,"2025-06-17 00:27:05",@hana4226,"Pokoknya sesuatu yg too good to be true harus diwaspadai",0,,
Ugz2qLS30usrPVWvVzp4AaABAg,0,0,"2025-06-17 00:26:44",@desiwulandari896,"Bahas yang lucu2 dong 😂",0,,
Ugx0hRxEr4qa-9CFvwB4AaABAg,0,0,"2025-06-17 00:22:57",@yusufasmc3964,"bantuan, kenapa kata kata itu familiar banget sama kita ..",0,,
UgyUrhp7ln3BhjR42MZ4AaABAg,0,0,"2025-06-17 00:21:48",@mellythemonth1611,"Aku berapa hari ini bnyk bgt kak d tlpin no yg dk d kenal siang malam ganggu waktu kerja . Pernah d angkat 1 kli TPI GK ada yg ngomong dan d tlp brikut nya aku GK brani angkat karna ada kejadian temen ku asal angkat . Hp nya langsung d hack d sadap. Smpe aku blokirin no nya masih ada juga tlp dengan no lain Hati2 ya guys untuk kalian semua ❤",0,,
Ugzb2lEcpsv_3zLk4JF4AaABAg,0,0,"2025-06-17 00:20:10",@mutawakkilalmadani8784,"Banyak Tante dan perawan tua kena tipu online sama orang yang ngaku brondong TNI POLISI bule dan lain lain. Intinya cinta itu perlu bukti nyata bukan online",0,,
UgwYlF1gEogCN1_2DYB4AaABAg,0,0,"2025-06-17 00:18:58",@BocilKehidupan.,"Papa nya Nessie bule coyyy 😯😯",0,,
Ugw8WxlYqhKJWVHo9lx4AaABAg,0,0,"2025-06-17 00:18:06",@buttermilk4562,"Aku dapet giveaway dari somethinc, innisfree, skin1004 real kak 😍😍😍😍",0,,
UgzM7WOVo8EnKqXNI2p4AaABAg,0,0,"2025-06-17 00:16:30",@naningsriwulan82,"Pernah suami gw dideketin cewek dari australia ngaku mau jadi investor, mau datang ke lombok, udah di bandara soeta dia bilang oleh2 barang mewah yang dia bawa tuh kena beacukai dan dia ga bisa nebus karena CC nya error. Ah langsung curiga ini mah penipu, langsung ditolak dan seketika kata kata makian keluar dari mulutnya😂",0,,
UgwoPaC9soGXwxJ71v54AaABAg,0,0,"2025-06-17 00:15:55",@ipamagung96,"Cuma pengen nambahin aja nih, aku video editor yang sering banget memanfaatkan fitur ini. Kalau dari yang aku lihat, mereka pakai AI avatar, jadi kamu cuma butuh video beberapa detik dari orang yang pengen kamu buat AI Avatar-nya, kamu udah bisa generate video baru dengan audio yang sesuai kebutuhan kamu. Untuk audionya gimana? Kan mirip banget tuh sama suara asli tokohnya? Again, kamu cuma butuh sample audio beberapa detik, pakai ElevenLabs, udah kelar. Kamu tinggal masukin promp yang kamu butuhin. Sebenernya ini ngebantu banget, apalagi kalau misalnya kamu kerja di agency, yang butuh talent untuk buat konten. Kamu gak perlu selalu record video baru, jadi lebih hemat budget. Cuma kalo udah di tangan yang salah, ya gini jadinya. Tips buat identifikasi apakah video tersebut Ai atau gak, coba cek gerakan mulutnya. Karena konsepnya lipsync, setau aku, masih ada cacat di sistemnya. Jadi terkadang kelihatan mumbling mulutnya gak sinkron. Malah kadang ada yang tiba-tiba giginya gak kelihatan 😂",0,,
Ugytm-sEe5G2Xmpjkhp4AaABAg,0,0,"2025-06-17 00:15:17",@sujanahnurcahyaningsih8644,"Aku baru beberapa hari yg lalu di vcall atas nama Baim Wong, tapi gk aku angkat😅",0,,
UgyHhHMHQpe8sJRZcad4AaABAg,0,0,"2025-06-17 00:14:51",@juliavalentina3888,"Astaga aku tau banget itu video nya, dan aku baru tau itu papa nya Nessie 😂😂",0,,
UgykxQBqsU5IfVkylP14AaABAg,0,0,"2025-06-17 00:14:29",@dewifebrianayasmin2627,"iya ibuku udah mau percaya pas dapet video call dari Baim Wong katanya menang giveaway",0,,
UgxX2kdvaADplwQJoIV4AaABAg,0,0,"2025-06-17 00:11:44",@kenz-s3r,"Hi say. sy itu guys? yg penipu itu?",0,,
UgwYxnGigZ4US4_W6YR4AaABAg,0,19,"2025-06-17 00:09:48",@DeraDevi-k9m,"Itulah sebabnya rasul tidak ingin digambar wajahnya karna beliau sudah tau lebih dulu bagaimana jahatnya teknologi dimasa depan❤",0,,
Ugxzga7UAotE3GsHIlZ4AaABAg,0,0,"2025-06-17 00:09:04",@yusufasmc3964,"kemarin hampir tiap hari nomor baru masuk, dan nomornya itu identik, bahkan ada yang intens nelpon setiap hari...",0,,
UgwntoLpbFJAJ27zfI14AaABAg,0,0,"2025-06-17 00:05:07",@anitasiauw4028,"Baru bulan lalu kak, suamiku dan aku di hub sama rans. Katanya kita dapat 50juta 😂. Tapii diminta untuk bayar pajak duluu sekitar 1,5juta. Kita tau kalo ini hoax, tapi kita ikutin aja alurnya, kita bilang ga ada uang, habis bayar utang lah sambil ngakak 😂, kirim voice note pake suara Raffi ahmad, daaan akhirnya sampe dia suruh kita utang atau pinjam uang demiiiii bayar pajak uang hadiah 50 jeti, dan dikirimin no rekening tp bukan namanya Rans, 😅. Kita smpe laporin ke pihak Bank, tapi mereka bilang ga bisa blokir krna itu privasi. Yah kita stop chat, mereka juga stop chat kita. 😂",0,,
UgxfQg0FxEdOdGVqmrx4AaABAg,0,0,"2025-06-17 00:00:08",@desyrestiana4983,"aku dari AI tercipta sampe sekarang blm pernah pakai apl ini....alasannya simple karna suchir balaji meninggalnya janggal... gak tau kaya mengerikan banget lingkup di AI...hiiii ngeri",0,,
Ugwm388r8FwmwkctD2V4AaABAg,0,0,"2025-06-16 23:59:59",@humanbeingikr2401,"Papanya tegas, to the point dan Berwibawa. Keliatan orang2 sukses berprestasi",0,,
UgwDALStjRIE7as8UiF4AaABAg,0,0,"2025-06-16 23:58:21",@iksanmahardika3552,"Fitnah dajjal benar adanya",0,,
UgyEgpte4T944HrMV8N4AaABAg,0,0,"2025-06-16 23:58:05",@alyarizky2542,"Mbahku pernah banget dapet vidcall dari raffi ahmad katanya menang giveaway 100jt tapi disuru transfer uang dulu 1.5jt 😂",0,,
UgzUeQt41JHwRSxMy054AaABAg,0,0,"2025-06-16 23:57:37",@IndahPsari-w8y,"Mbak mbak PMI Hongkong please pada liat ini, di videonya miss yuni banyak kasus yang kena tipu seperti kasus pertama , punya pacar online bule tpi suruh bayar bea cukai buat ngirim paket .",0,,
UgyVzU2SN5SHM_dHOFV4AaABAg,0,0,"2025-06-16 23:56:55",@nuranisarahmi7729,"Mama ku jg udah ketipu sekitar 70jt ka ness lewat FB mirisnya sampai sekarang mama ku belum sadar, padahal kami anak2nya sudah bilang itu penipuan tapi mama ga percaya sama anak2 nya😢😢",0,,
UgxNAgA0rICvJQeh5_V4AaABAg,0,0,"2025-06-16 23:55:32",@ireneputrihandayani872,"Denger awal serius tapi pas nanti klo saya datang saya cabut gigi kamu langsung ngakak brutal akunya",0,,
UgxQ5TFWftngHnozng14AaABAg,1,3,"2025-06-16 23:54:57",@viviauliarahma1178,"beberapa waktu lalu tetanggaku dateng, dia minta tolong buat bantuin dia, katanya dia menang giveaway dari artis tapi minta tf ""admin"" dulu biar hadiah utama cair, pas ku liat chatnya bener dong itu penipian, ngaku2 artis bagi2 hadiah, jadi kaya mereka wa kita pake nomer pribadi,mereka chatan terus buat ngeyakinin mereka ngirim video ceritanya kaya vc gitu, yg pas gue liat keliatan banget editannya, dan targetnya emang ibu2 bapak2 yg udah tua",0,,
UgxQ5TFWftngHnozng14AaABAg.AJSHTIMqlOZAJTtKh5cS3g,,0,"2025-06-17 14:53:48",@nirmalasarinurkhasanah,"Pasti videonya baim wong🙂",1,UgxQ5TFWftngHnozng14AaABAg,@viviauliarahma1178
UgyE1XRL9TQcGW6KyYp4AaABAg,0,0,"2025-06-16 23:50:20",@agvstixn,"Hati-hati guys..... Fitnah dajjal udah log in.......",0,,
UgzEpgLQWwoDQHCvEY94AaABAg,0,0,"2025-06-16 23:45:03",@Funny_Fannie,"yaampun iis dahlia, desi ratnasari😂 keliatan bgt angkatan si om bagus🤣",0,,
UgxTBiWqcg2QbMTfehp4AaABAg,0,0,"2025-06-16 23:44:05",@rezaseptiawan,"Papa Judge 😂🔥",0,,
UgxuzW7eN_gAcztzvvB4AaABAg,0,0,"2025-06-16 23:41:10",@alkhairunisyahks6711,"Anak takut orangtua yg salah jalan.",0,,
UgyHt7ieMwHbpfLEqhZ4AaABAg,0,0,"2025-06-16 23:39:55",@ivanvipriyan6023,"Penipuan menyebabkan kan kerugian 65jt doang di penjara 12 tahun? Tidak masuk di nalar😂😂",0,,
UgwaOjVuGpM2oxuqTa14AaABAg,0,0,"2025-06-16 23:36:51",@rezayuimikanohana,"@Nessiejudge Collab with @Nadiaomara",0,,
UgzWQeRXez5oUFsqByx4AaABAg,0,0,"2025-06-16 23:35:15",@saritutut0,"Bu mil makin cantik aja",0,,
UgxYaPLwDReOIaCz2114AaABAg,0,0,"2025-06-16 23:34:21",@widyaranisuciaji8332,"Papaku awal tahun ini juga ditipu, hilang uang pensiunnya 52jt. Bilang dari jnt gitu, dan ngaku papaku punya member VIP di jnt, dan harus dinonaktifkan karena kalo gak papaku harus bayar 3juta/bulan. Posisi siang hari aku lagi kerja, jadi gak ada yg ngingetin kalo itu penipuan.",0,,
Ugx2IXEJuHqkCVBNKEd4AaABAg,0,0,"2025-06-16 23:34:15",@tataputri89,"Tp percuma kak, dikasih tau klo itu scam jg yg ketipu ini malah ga percaya ama kita dan ngatain kitanya. Ini ditunjukin ke ybs aja jg pecuma. Jd kemungkinan cemoohan itu jg ya krna ybs ngeyel, ga percaya sama yg udah ngasih tau",0,,
UgyBIq__26-U9KMCV_V4AaABAg,0,0,"2025-06-16 23:33:56",@Masdhonnn,"Polisinya lucu penipuan 30 jt ancaman 12 tahun penjara, sedangkan pemerintah penipuan rakyat sebesar 900T dipenjara 6 tahun wkwk",0,,
Ugx8_3Lu-jdf2bHRuQ94AaABAg,0,3,"2025-06-16 23:33:09",@muhammadgilang6772,"Kak Nessie bahas soal kasus Vaksin Corona yang katany di kasih chip buat mengatur dunia",0,,
UgyeJGF4oZTXNoi_68Z4AaABAg,0,0,"2025-06-16 23:32:39",@MaryatiMaryati-t3x,"Betul sekali saya juga pernah di bilang harus bayar pajak PT,,klo saya punya perusahaan / PT g usah nguli lagi,& nyolot",0,,
UgzaptWMUgS3tAkfHi14AaABAg,0,0,"2025-06-16 23:31:27",@Mamina_Icha,"Mamiku juga sering banget tiba² benci sama artis A, B, C Gara² ada editan AI yang dia terima mentah²",0,,
UgylDRV2G-N4-C-b_Al4AaABAg,0,0,"2025-06-16 23:30:18",@elint3182,"aku udh bbrp bulan terakhir pake app get contact, jd bbrp nomor gk dikenal/berbau scammer otomatis jadi silent, jd terlalu mengganggu lagi",0,,
Ugx0GvPvbMUm8qgcvV14AaABAg,0,0,"2025-06-16 23:29:37",@DikiPurnawati,"Btw Iklan Mr.Beast masih beberapa kali muncul di YT ku",0,,
Ugxz0wLrl06VB21j5Yp4AaABAg,0,1,"2025-06-16 23:26:35",@junijanjimay,"Loh itu papah mu kk, sempet muncul di tiktok tp keselnya papahmu tuh lucu kk.",0,,
UgxLDpHcq3PtTaKrEcp4AaABAg,0,2,"2025-06-16 23:24:08",@KhairEnniswah,"Ya ampunnnn ann kenapa polossss bangetttttttt😢😢😢😢",0,,
UgwbjP6AhH_xncN3oy54AaABAg,0,0,"2025-06-16 23:23:58",@indahanjarsari6402,"8:25 kasian banget kasusnya Anne ini, mungkin yang anak2 mudah atau melek teknologi emang notice foto/video bikinan AIA, tapi buat orang yg udah tua bisa gampang banget terkecoh, ngeri banget",0,,
UgwAihfKBT7Fa8QAWC94AaABAg,0,0,"2025-06-16 23:22:38",@raynaldosetiawan5440,"Wkwkwk 😂 buset dpt bantuan aja mesti make admin. Nama nya kita butuh bantuan malah di suruh bayar",0,,
UgyZl14iq1CYAxHQO-N4AaABAg,0,0,"2025-06-16 23:21:32",@noonahalima6370,"Ibu² naif banget ya😢😢",0,,
UgwfJOJi5mAayea-5LB4AaABAg,0,0,"2025-06-16 23:16:59",@bagasgilang,"Penipuan ongkos kirim murh gif murah contoh $2× 1jta orng berapa tu untungnya",0,,
UgytgLRGZJdZRe2nIYZ4AaABAg,3,7,"2025-06-16 23:16:41",@nawdjuin,"mau cerita sedikit soal fenomena ini, bapakku korban penipuan AI ini dan sampai skrg masih ngotot kalo ini benar, dari prabowo, baim wong, raffi ahmad, dll, sampai rugi banyak karna diminta transfer dulu biar bisa dikirim hadiah, kita udah capek bgt kasih tau kalo ini tuh penipuan, sdgkan bapakku masih penasaran dan yakin kalo ini benar, aku sampai tracking WA bapakku biar kalo penipu ini telp/chat langsung aku hapus, bahkan pernah dia telp pas aku ada disitu, aku ambil telponnya dan jawab omongannya, ujung-ujungnya aku disumpah serapah si penipu karna ku bilang jangan menipu bapakku lagi, DAN plot twistnya bapakku tetap percaya sama si penipu, aku curiganya bapakku terkena brainwash oleh si penipu",0,,
UgytgLRGZJdZRe2nIYZ4AaABAg.AJSD4xbKEEMAJTgz5qWMap,,0,"2025-06-17 13:05:52",@thewind3240,"jgn lupa doakan selalu bapaknya kakk, semoga cepat sadar, aamiin ya rabbal'alamiin 🤲",1,UgytgLRGZJdZRe2nIYZ4AaABAg,@nawdjuin
UgytgLRGZJdZRe2nIYZ4AaABAg.AJSD4xbKEEMAJTplGa6vJv,,0,"2025-06-17 14:22:37",@arwahsapi,"Alyssa aja sampe nikah sama Al, heran gw",1,UgytgLRGZJdZRe2nIYZ4AaABAg,@nawdjuin
UgytgLRGZJdZRe2nIYZ4AaABAg.AJSD4xbKEEMAJTsSSs6FRn,,0,"2025-06-17 14:46:08",@nirmalasarinurkhasanah,"Andai sistem sita hp kalo bermasalah yg berkaku seblom aku 17thn bisa berlaku di bapak mu kk😅",1,UgytgLRGZJdZRe2nIYZ4AaABAg,@nawdjuin
Ugw6cPVXMpBZa2RLkMB4AaABAg,0,1,"2025-06-16 23:15:19",@lucyanaana6815,"Tante sy ketipu beli obat nyeri sendi videonya mantan menkes dr Terawan lihat d yt, ternyata itu AI doooong.. dan itu bukan obat tp suplemen, klo d cek sih bpom tp kt dokter klaimnya berlebihan dan gak sesuai, masa jualan suplemen niat bgt pakai AI blgnya obat nipu namanya! habis juta2an pdhal niat biar sembuh eh ketipu AI mana gak sembuh2 jg, bahaya bgt.. d iklannya ada nomor pribadi untuk pemesanan obatnya.. hati2 ya gaes untuk org2 tua d sekitar kalian, bahaya bgt AI",0,,
UgxaO3CxdTsL151vhyV4AaABAg,0,0,"2025-06-16 23:14:39",@Betaine_47,"Jehan AI.",0,,
UgzIJadwoIgbH0efOwx4AaABAg,0,0,"2025-06-16 23:08:47",@HilyatulFitriyah-c2d,"aku pernah kayak gitu ngakunya orang nigeria pake foto orang lain tapi nomor nya emang dari negara nigeria sampe di hari ultah ku dia berniat memberi aku hadia tapi dia bilang ga bisa bayar bea cukai trus dia minta aku bayarin biayanya dulu sampe akhirnya pihak bea cukai indonesia ngechat aku dan meminta uang sebesar 5 juta tapi ga aku respon akhirnya aku blok semua nmr asing yang chat aku",0,,
UgxYJHYSgj7Gt97l3uB4AaABAg,0,0,"2025-06-16 23:02:18",@mutiaranf7724,"Nntonin kak nes hari2 sambil berdoa semoga nular ke aku segera diberi momongan 🤲🏼🤲🏼❣️",0,,
UgyczSUTQ9iPd1tWM2R4AaABAg,0,0,"2025-06-16 22:59:34",@tmarcellamelanie,"Aku pernah dapet giveaway masker nerrorist dari kak nessie, ga disuruh bayar ya kak wkwk tau²nya barang datang aja kerumah, thanks kak nessie",0,,
UgyhTLjn6H_B_bPpdbN4AaABAg,0,1,"2025-06-16 22:57:48",@iffahdr,"Saran Nessie dan teman-teman lainnya, Next, jangan pernah ngangkat telpon dari nomor yang tidak dikenal. Bahaya, mereka bisa merekam suara kita dan mengolah suara kita untuk menipu orang-orang di kontak atau orang terdekat kita. Sudah ada kejadian seperti ini dialami almarhum ayahku dua kali dan beberapa teman ibuku. Alhamulillah, waktu itu kami sebagai anak sadar alau yg nelpon ayah waktu itu bukan teman ayah. Aku tidak pernah angkat telp dari nomor yg tak dikenal, kalau itu emang teman atau saudara pasti mereka bakal kirim text.",0,,
UgxMEQys_k4wlx-0xRR4AaABAg,0,0,"2025-06-16 22:57:33",@dsk_3006,"Ih asli, minggu ini banyak bgt penipu nelpon, risih bgt, astaghfirullah",0,,
UgxUeVBFXL5XG-ECw1Z4AaABAg,0,0,"2025-06-16 22:57:28",@ARTEC-r2k,"memang,, sekarang makin brutal bisa2nya iklan judol chat langsung di WA yg kayaknya pake AI😒",0,,
UgxwMJQZN9UUbpMS27B4AaABAg,0,2,"2025-06-16 22:54:32",@syamilakhtarmufid2807,"kak,bahas dong miami bayside mall incident dongg yang katanya ada kaitannya dengan alien (kalo gasalah) makasi kak",0,,
UgzZNz-oc5KORzQCMHF4AaABAg,0,1,"2025-06-16 22:54:05",@Glilyyyyyyyyan_p,"8:20 kenapa ga vc",0,,
UgyLPNPE9UPtOgaloxl4AaABAg,0,0,"2025-06-16 22:50:29",@gud_morNING,"Mana ada pejabat pake kata2 ""asal kamu follow...SAYA transfer.."" lucu 😂😂",0,,
UgwkF10mzfO7JjPJNHB4AaABAg,0,0,"2025-06-16 22:50:11",@vind0-5,"pernah lihat iklan di instagram dan facebook kalo david gadgetin jualan hp, dokter tirta dan menteri terawan jualan obat, dll mungkin belum terekspos ., hati2 modus video deepfake /ai kayak ini",0,,
Ugz2qD8vJK633MfbXqN4AaABAg,0,0,"2025-06-16 22:38:29",@dhitavernanda2021,"Bbrp minggu yg lalu ibu mertuaku hampir sj kena scam yg katanya dari pihak kantor pajak dan wktu itu emang ibu mertuaku lg ngurus perpajakan karena barusan pensiun 😢😢 untung suamiku tau sblm ibukku ngeklik link yg dikirim. Padahal wktu itu mereka sempet VC 1 arah dan pihak scam minta sharescreen dari HP ibu mertuaku",0,,
UgxPGYmv2L11oB4I_9J4AaABAg,0,0,"2025-06-16 22:37:31",@AziziSalsabila-n5i,"Gaya videonya khas banget! 𝗣𝗿𝗼𝗯𝗲𝘁𝟴𝟱𝟱",0,,
UgwVSM5k9xI_vbSW5rt4AaABAg,0,0,"2025-06-16 22:37:28",@JohanPradito-i3i,"hbs ntn youtube langsung gas ke 👉 P R O B E T 8 5 5 👈",0,,
UgzprIszkU3S3DryOM14AaABAg,0,1,"2025-06-16 22:21:29",@deviabbott8228,"Eh salfok sama cover photo nya ada Nadia Omara",0,,
UgyFwVwKeKFbmt-yhud4AaABAg,0,1,"2025-06-16 22:19:16",@Luv_vivi27,"Pas banget bahas kasus yang berkaitan sama Brad Pitt karena hari ini lagi premier film F1 nya",0,,
UgylK2jG8RPclZK1kbx4AaABAg,0,0,"2025-06-16 22:15:26",@WisnuHandiyanto,"Ini penting nya kita bisa bedain AI dengan asli.",0,,
UgxPsaPG6KkyABG9Cy94AaABAg,0,0,"2025-06-16 22:04:27",@maccamu,"Di demensi lain ai dibuat minta etika+copyright 🦎",0,,
UgzDFHGaO9-6Gm0Vfcx4AaABAg,0,0,"2025-06-16 21:54:31",@faidatulawwalien2119,"Bagaimana menemukan orang yang melakukan penipuan seperti itu",0,,
UgyQSBwc-KXnqerO3ah4AaABAg,0,0,"2025-06-16 21:46:19",@rianedikunimuningeras-i3b,"Cair terus ini kakak mantap banget cuan di WETON_88",0,,
UgwFqZhADFwTIHeKwfR4AaABAg,0,0,"2025-06-16 21:46:17",@rianpopeyekunimung-b9e,"Suka banget bang sama konten abang , jangan lupa ences di WETON_88 gampang pecah",0,,
UgxvkszQPGvYggTSPnF4AaABAg,0,0,"2025-06-16 21:46:13",@rianfinokunimungesar-q6y,"Kapan lagi main di situs segacor 𝗪𝗘𝗧𝗢𝗡-𝟴𝟴, asli nagih sih",0,,
UgyqCUBw2E8nX302c4x4AaABAg,0,0,"2025-06-16 21:27:34",@dhantiedarsono8948,"Ini yang Aku sudah prediksi Dari dulu. AI itu banyak buruknya ketimbang baiknya. Memang bagus untuk ilmu pengetahuan tapi bisa jauh banyak dilakukan untuk Kaburukan.",0,,
UgzhR3YEoMwD9r0T8a54AaABAg,0,0,"2025-06-16 21:22:44",@pisangapel,"Btw aku skrang tinggal di daerah yg pemudanya banyak jadi scammer, sudah 3th tinggal disini. Awalnya kaget krn para orang tua mereka pun tau kalau anaknya jadi scammer. Sangat terorganisasi biasanya mereka pakai media telegram dan fb. Skrng merambak ke shopee juga. Kenapa ga di grebek ya krn tiap bulan ngasih amplop le puyici🤣",0,,
Ugyp31pt_zNKTCg6sOV4AaABAg,0,0,"2025-06-16 21:07:43",@nurafidah2208,"Ini tu di jaringan laba2, dilindungi mafia atau mungkin pemerintah. Bahkan jepang yg menjaga privasi, no pribadipun tidak lagi privasi. Ini masalah diseluruh dunia, tapi tidak terbrantas",0,,
UgzwSAfcqnPOjpBaLXt4AaABAg,0,0,"2025-06-16 21:02:22",@bernadusaristonokawen8376,"Bapak² itu kan bapa mu kak Nessie... Aku nonton video itu udah berkali-kali tapi tetap aja ngerasa lucu 😅",0,,
UgyjFv_Ae5ZGmBfJ82x4AaABAg,0,0,"2025-06-16 21:00:48",@ikadesi3823,"Relate banget, tanteku bbrapa kali d telpon video call katanya sama Baim wong 😂 udah aku bilangin, itu palsu. Bukan dia beneran. Masih GK percaya, masa sih, wong mukanya sama suaranya juga sama. Ya Untung GK kena sih.. karena waktu itu juga suruh TF uang dulu buat biaya admin, dan tanteku GK ngasih. Serem emng jaman skrg ada AI malah jadi banyak di salahgunakan sama pihak yang tidak bertanggungjawab",0,,
UgzgTcVY9vIjaxTWial4AaABAg,0,0,"2025-06-16 20:52:11",@sofurakeiisha6845,"Js ancamana 12 tahun giliran koruptor kok 3 tahun??",0,,
UgxW1oi0feAmNFM4jhR4AaABAg,0,0,"2025-06-16 20:38:09",@Ice_moon-e4s,mengerikan...,0,,
UgwoBIdPjVxb1xh1Fgl4AaABAg,0,0,"2025-06-16 20:26:54",@erick_Dk1,"Kasih aja larangan/blokir situs AI mkin lma makin horor😢",0,,
Ugxc--JXs8qlUa9Ejyl4AaABAg,0,0,"2025-06-16 20:20:02",@REYTRYE1,"Aku padamu",0,,
UgzIRq5ro0mbSW_lpsB4AaABAg,0,0,"2025-06-16 20:00:56",@nykbntt90,"Mending ngojek daah dari pada dekem disel 🤔😂",0,,
UgywBSXwwSMh0h1zdhd4AaABAg,0,0,"2025-06-16 19:50:53",@Akbar_cupang28,"Inilah alat fitnah era digital. Dajjal versi mini 👹",0,,
Ugzp7WavVlDzIgpmX5N4AaABAg,0,0,"2025-06-16 19:48:58",@REYTRYE1,"Kk nes mngkin berisi aja",0,,
UgwBd72L8RXqu50Y5gt4AaABAg,0,0,"2025-06-16 19:44:41",@lelinurlaeli1221,"Inget banget dulu rela borong eskrim yang hadiahnya bisa meet and great taylor swift. Dan dapet hadiah2 kecil aja udah bahagia banget..apa lagi edisi seleb favorite kita.",0,,
Ugx_IVqi2iJptrsLM8h4AaABAg,0,0,"2025-06-16 19:40:02",@rullanaga,"Kalau fufufafa, fake atau atau gimana ka?",0,,
Ugzvpd3I8tChyTR9ltt4AaABAg,0,0,"2025-06-16 19:35:47",@V3r421,"Saya yg tinggal di Newhampshire....I'm not voting for JoeBide 😊😊😊",0,,
UgzexjuspnFR1omxHZ94AaABAg,0,0,"2025-06-16 19:35:10",@juliusliam7887,"Dulu pas Ade saya sma kelas 1/2 kami ditelpon lewat telpon rumah ,dia dibilang kecelakaan kepalanya bermasalah,terus disuruh cari alat kami lari ke semua Apotik gak ada semua Apotik kami datangi dan Puji Tuhan ada yg punya Apotik kenalan orang tua bilang jgn panik dulu cari dulu di sekolah itu mungkin penipuan, dan kami cari ke sekolah tanya teman” nya ternyata dia diwarnet dan disitu saya sebagai kk panik teriak” bilang ini anak gak pulang langsung kerumah malah diwarnet jantung cc udah mau copot😂 dia sehat alwafiat sambil main Pb",0,,
UgxeA0B6c1HH8RERdVZ4AaABAg,0,0,"2025-06-16 19:26:53",@RubyFf-l8l,"Ai di tangan yg ga tepat bisa bahaya.....",0,,
UgxMo0ShD-7JqXKeYCZ4AaABAg,0,1,"2025-06-16 19:23:32",@ghostreamer1,"siapa lagi yg nyebar kalo bukan budi arie 😂",0,,
UgxoX2p_E8XOTvngNvN4AaABAg,0,0,"2025-06-16 19:14:38",@komikfivi,"Bule O'on",0,,
UgwfiwJMHDRCt8OnSCx4AaABAg,0,0,"2025-06-16 19:09:49",@LarryMcintosh-w3w,"Yuk, ramaikan ⭐ALEXIS⭐1.7⭐ sekarang juga!",0,,
UgyPzPV2YV3ED-KtXgF4AaABAg,0,0,"2025-06-16 19:03:26",@kingJAKE101,"Makanya mamakku klo main hp ada yg aneh2 aku suruh nanya dl ke anak2 nya😢 mamakku sdh 61th soalnya. Dan nomer sy juga sehari bs 10x dtlp nomer gk dikenal, aq blokir in gk pernah angkat, menganggu sekali. Nomer sdh aku pakai 16th an. Akhir2 ini tlp spam nya banyak sekali.",0,,
UgyAji939XqREOa51E94AaABAg,0,1,"2025-06-16 18:54:03",@nurulasma1491,"Bahas kes sana yousuf kak",0,,
Ugwx1KvNFdHmuZ6eE2p4AaABAg,0,0,"2025-06-16 18:52:28",@internetuserxx,26:14,0,,
UgzjbyZdn_MucHscK9V4AaABAg,0,0,"2025-06-16 18:43:51",@shintadwi170,"Kak, kasus singkawang kak",0,,
UgwjpoEs4ipNULhDWJZ4AaABAg,0,0,"2025-06-16 18:41:24",@inajazlina7330,"Ada di Malaysia dia guna wajah ustaz2 terkenal menjual ubat untuk suami ister",0,,
Ugw0uov6iJ3LbW60cad4AaABAg,0,0,"2025-06-16 18:36:10",@kirisakiimai-i9w,"ada rencana bahas Air India crash ?",0,,
UgzOi53mcAz-JtlqdfZ4AaABAg,0,0,"2025-06-16 18:34:34",@Wh-hy,"Buset papanya kak Nessie 🤣 gue liat itu di tiktok",0,,
Ugy41HD3w-txhqE14_t4AaABAg,0,0,"2025-06-16 18:32:38",@SneakersLofty,"ka neess coba bahas ttg yg terjadi baru-baru ini dong. apa mungkin bakal terjadi ww3 dan dampak ke indonesia apa, trimakasih",0,,
UgzOeBEbAz5slZtmrJ54AaABAg,0,0,"2025-06-16 18:24:50",@ghaunkbhadoegh515,"Collab sama kak Nadia Omara dong Terutama bahas teori konspirasi atau cerita horor",0,,
UgyrsNozMk53n8i9MOJ4AaABAg,0,6,"2025-06-16 18:12:54",@Cristianoronlodo,"kak kemarin saya nemu deep fake lu kak dari oknum yang ga bertanggung jawab sedang mempromosiin buku gw lupa judulnya",0,,
UgwvTIJpPfquvmRwmlN4AaABAg,0,0,"2025-06-16 18:11:19",@SupardiIndra-ni9oy,"Ehhh tumbnailnya Nasia Omara❤❤❤",0,,
UgxC7ZwHnjlGwwQbzGV4AaABAg,0,1,"2025-06-16 18:02:30",@stevanandreano8590,"kak nessie colabaroration konten sama detektif astral dong siapa tau kak nessie bisa diajak ATI bareng",0,,
UgwgBR0zY5sEw27NsOd4AaABAg,0,0,"2025-06-16 18:00:09",@agoy14,"That’s why I hate AI!",0,,
Ugxt5S2YVpfG9FgXVld4AaABAg,0,0,"2025-06-16 17:56:33",@Hakuna_Matata90,"itu yg video penjualan panci lagi murah-murahnya kerna gudang lagi banjir juga ada di malaysia.. bezanya di sini mereka guna influencer popular Khairul Aming sebagai tukang promo nya.. selalu kok iklannya muncul di youtube bahkan",0,,
Ugx7Hi_xtA5gf7unRyJ4AaABAg,0,0,"2025-06-16 17:51:12",@maretta173,"Abis kena tipu kak nes 5,5jt di telegram. Gara"" tiba"" masuk grup hadiah dari even xiomi gitu. Untuk ak yg awam gtw klo centang biru di tele juga bisa hoax, awal"" top up emang nominalnya kecil"" trus beneran membayar +komisinya juga ada. Pas ikut di besoknya top up kena 500 top up pertama, klo mau keluar top upnya itu + komisinya harus top up 5jt karna bodoh mkirku itu beneran karna ada pp nya orang beneran pake gelar segala macem akun centang biru tau taunya nipu kak nes. Sedih bgt mana itu tabungan suamiku untuk bayar hutang bri tahunan bwd modal usaha tani tahun lalu, tp ggal panen. agustus nanti kena 8jt sama bunganya. Karna tiap bulan dengan gaji di bawah umr ak maksain nabung 1jt skarang ga tani dulu biar bisa bayar utang. Mau nagis mau bundir tp anakku juga masih kecil sedih bgt bgt karna 1kesalahan ak rusak semua yg uda di susun pelan"". Kasian ke suamiku yg skarang mkir mana uda deket agustus yg 5,5mlh ilang gitu aja karna cerobohnya ak. Please ak harus apa skrang😭",0,,
Ugz8QIZ5moww8qVHzix4AaABAg,0,0,"2025-06-16 17:47:10",@zahra-k1k8k,"Min video lu baguss , tetap pilih WETON_88 😢",0,,
Ugz6lw4-eqvHQiYGvs14AaABAg,0,0,"2025-06-16 17:47:08",@azaleaa-c7h,"Suka banget bang sama konten abang , jangan lupa ences di WETON_88 gampang pecah",0,,
Ugyu_L_VHoLazF0JNPN4AaABAg,0,0,"2025-06-16 17:46:55",@pengendalitegeksalatiga7263,"BEGITULAH KALAU AI JATUH DITANGAN YANG SALAH",0,,
UgxqbGVFdvude6ioGLx4AaABAg,0,0,"2025-06-16 17:46:25",@Drplldl,"Kok ada nadia omara? Collab kah?",0,,
UgwpyjzONuRdAxzOMpt4AaABAg,0,0,"2025-06-16 17:41:30",@chandithanedar4348,"Keren banget sih **ALEXIS 1.7** ini!",0,,
UgyEUVSz6_DPKRWRt8x4AaABAg,0,0,"2025-06-16 17:41:26",@ganchubhujabal700,"Udah siap belum ketemu **ALEXIS 1.7** di For You Page?",0,,
UgzGAZH_2RzNusHXrfV4AaABAg,0,0,"2025-06-16 17:32:26",@ejaaanakLCbokapnyametong,"Salah satu penyebar data adalah Bank dan Perusahaan Jasa Keuangan. Kenapa? Karena database penduduk paling detil selain dinas pendudukan ya di Bank. Dan mereka saling tukar data nasabah bahkan ada yang jual. Tapi gimana yaa semua itu dikemas mereka dengan rapi pake embel-embel MARKETING.",0,,
UgxdWtFA9MRoNlifSjV4AaABAg,0,0,"2025-06-16 17:29:32",@Maximus-ne1bw,"AKU PERNAH MENANG GIVEAWAY NERROR BTW HAHAHAHA",0,,
UgxlkbvMmqKoKUtdoAB4AaABAg,0,0,"2025-06-16 17:28:06",@mustikaputri4947,"Sebenarnya... kalau kalian perhatikan lebih seksama ada ciri khas mencolok pada karya yang dibuat oleh AI, yang membedakannya dari karya buatan manusia. Baik gambar, teks, maupun video. Kalau kalian tahu ciri khasnya, maka kalian akan sadar kalau video tersebut dibuat oleh AI. Jadi tolong lebih jeli dan lebih hati hati lagi terhadap konten konten di internet saat ini. Perhatikan dulu apakah karya tersebut dibuat oleh AI atau tidak baru kalian like, share, atau dipercayai.",0,,
UgxB0ssSC4pSHoFC0xh4AaABAg,0,0,"2025-06-16 17:24:09",@noviasuardi5146,"eh ada tu iklan raffi ahmad promosiin game yang katanya bisa ngehasilin uang kayanya AI deh",0,,
UgyIMahOctkAhGyn_zR4AaABAg,0,0,"2025-06-16 17:22:12",@aerozon4085,"AI adalah dajjal",0,,
Ugz5HoCSyYVfXu8R-ld4AaABAg,0,0,"2025-06-16 17:22:04",@baebybill7716,"Siap² pen*pu di konoha dapat inspirasi dan pasti bakalan banyak yg coba² cara di video",0,,
UgxQc2oPAkWb2xic1ul4AaABAg,0,0,"2025-06-16 17:19:28",@Paingannn,"Yang pernah dapet dm giveaway dari ps store☝️",0,,
UgwhyLIqM9QJ0tDFWaV4AaABAg,0,0,"2025-06-16 17:16:58",@mariahovina1041,"Banyak loh ada juga promosi judol pake muka aa rafi ahmad🤣 sering bangettt lewattt",0,,
UgyWxRSIk-TRw6oBhuJ4AaABAg,0,1,"2025-06-16 17:16:46",@OrinFoodie,"Anne anne 😂😂😂 hadehh",0,,
UgxO2RV8XMmvW3YppUV4AaABAg,0,0,"2025-06-16 17:15:12",@denjakart7336,"di fb banyak banget scam gini, liat komen2nya emang real pada percaya.",0,,
Ugzt42VDdOfa7RLiSRV4AaABAg,0,0,"2025-06-16 17:14:52",@NgeBABUdiTURKI,"Mending gw kerja dibandingkan percaya sama bantuan yg berbasis online",0,,
Ugx4s9LlVnX5ADLonN54AaABAg,0,0,"2025-06-16 17:11:35",@bskganteng-w7y,"Ibuku pernah di tipu baim wong palsu. Ke tipu 600 ribu",0,,
UgwJHA-9fkt2FCmUEyt4AaABAg,0,1,"2025-06-16 17:06:28",@ivanuseless7775,"Sementara wapres kita dengan bangga pakai ai",0,,
UgxWtnLBLdw2Eu1_l914AaABAg,0,1,"2025-06-16 17:05:58",@sisisesa,"Bener. Yang kita takutin tuh AI yg infonya diliat sama orang tua kita yg basic-nya gak terlalu paham sosial media. Ini kejadian bukan karna AI sih, tapj Papaku pernah kena HACK HP-nya sampe gak bisa buka aplikasi apa2 karna Papaku nge-klik link undangan online yg link-nya tuh diakhiri dengan kata ""apk"". Papaku sampe ke counter HP langsung buat ngembaliin HP ke awal. Makanya guys, kita juga jadi anak terkadang harus mengedukasi orang tua kita dalam bersosial media. Sesimpel kita kasih tau untuk gak klik link2 sembarangan yg asal usulnya gak jelas ❤",0,,
Ugyk3qZQxpM2lTtuad14AaABAg,0,0,"2025-06-16 17:04:31",@JeremyLane-i4f,"Buruan gabung ⭐ALEXIS⭐1.7⭐, biar gak ketinggalan promo!",0,,
Ugz1vyvfahjf2juO-Uh4AaABAg,0,0,"2025-06-16 17:03:16",@sunnyandrea5892,"Pernah dapat skema semacam ini, penipu jadi aktor yang aku suka. Mereka emang cari tau data, ga asal, sekalipun kalian ga follow seleb tersebut. Mereka tau dari apa yang kalian suka dan jenis komen-komen kalian yang positif terhadap seleb tertentu.",0,,
Ugy68wC-d3vm8NfmvQd4AaABAg,0,0,"2025-06-16 16:56:34",@PurnamaSitompul-m5v,"Itu mamakku tu sering x komen2 share ttng vidio iming2 diksh uang 50jt. Ku blng itu penipuan loh mak. Jgn percaya kali kata ku, eh mamak ku malah jwb, ya mana tau rezeki , gitu pulak kata nya 😂",0,,
UgzkexqY0DZUTfxe-nF4AaABAg,0,0,"2025-06-16 16:54:14",@PurnamaSitompul-m5v,"Tahun lalu juga aku pernah kena scam. Kata ny org us ,terus dy blng mau kirim hadiah gt/uang gt .jd kata ku klo kirim uang y via tf . Dy ny ngomong ga bisa lain negara, dy mau kirim melalui paket. Tp untuk biaya pengiriman aku disuru bayar 10jt gitu. Terus selang beberapa hari ada yg nelpon hadiah untuk ku uda di bandara soekarno, disuru tebus dgn harga 10jt. Jd ku bilang "" mba balikan aja lagi paketnya ke orgnya. Saya ga butuh . Eh bnr aja g ada kbr yg cowo ngaku org us itu😂",0,,
Ugz_lB0we_qAPpY1SxZ4AaABAg,0,0,"2025-06-16 16:51:41",@andryanganteng4928,"Banyak banget di Indonesia penipuan kayak gitu kak aku sering aja nemunya😢😢",0,,
UgyxQUkHzV4e86HRA8J4AaABAg,0,0,"2025-06-16 16:50:15",@kaniagardena1281,"Penipu pas kakak ku tahun 2004 menggunakan vocer kek dikirim diitung hampir 1jt ,lupa masalah ditipu nya tapi kek orang linglung waktu itu",0,,
UgzjWfwWwQVmTkYipl94AaABAg,0,0,"2025-06-16 16:50:10",@maoshida6746,"24:58 ytber Gerald Vincent juga sempet ada vid AI promosi jud0l",0,,
Ugx7XAD1sOUaWyZbD8h4AaABAg,0,0,"2025-06-16 16:47:24",@ronnyadiwijaya688,"makanya saya kalau ada nomor masuk tp tdk tercatat dikontak saya tidak saya angkat, pengalaman pribadi saya, tiba tiba dapat wa disuruh untuk melunasi pinjaman oline sedang saya mendownload aplikasinya saja tidak pernah apalagi sampe meminjam",0,,
Ugy_z-214tmK34I2xVV4AaABAg,0,0,"2025-06-16 16:44:43",@dxhoonie,"AI nih kalau dimanfaatin dengan baik, super duper helpful. Tapi kalau disalahgunakan kayak gini hiiii ngeri banget, amit amit 😭",0,,
Ugz2X1M83VdbtveaosB4AaABAg,0,0,"2025-06-16 16:42:12",@nadyafadhilah1665,"4 jam yg lalu",0,,
UgxH1IaclZ5RJWNOf2N4AaABAg,0,0,"2025-06-16 16:41:52",@luluknurdiana8904,"nanti kamu saya kampengin😂",0,,
UgxzdqWBHFpxDTWtnzF4AaABAg,0,1,"2025-06-16 16:40:41",@Emotional_damage-h7t,halo,0,,
UgwZVkXSbsO2d9ugFuZ4AaABAg,0,0,"2025-06-16 16:38:25",@PaslinMunthe17,"Sudah tau dari dariawal kalau itu papa judge",0,,
Ugzx51ddiAqtCpsjMEB4AaABAg,0,0,"2025-06-16 16:37:47",@riansupandi3160,"KALIAN TAU APK PEDULI LINDUNGI ??? KABARNYA DOMAIN NYA DIUAL DAN SEKARANG JADI SITUS JUDOL. DAN DI APK PEDULI LINDUNGI TU KAN ADA DATA SEMUA RAKYAT INDONESA, GW CURIGA KALO DATA APK PEDULI LINDUNGI DIPAKAI BUAT SCAM OLEH ADMIN2 JUDOL",0,,
UgwjHq9dEf_6Y9xrMrV4AaABAg,0,0,"2025-06-16 16:37:13",@authenticmigos,"gw sumpahin para penipu penipu ini di siksa habis habisan ntr di akhirat",0,,
UgwzgH07xiQw_I0pnRB4AaABAg,0,0,"2025-06-16 16:33:57",@banisantika4375,"😂 beuh apa lagi di toktok banyak banget yg ngaku2 artis.....",0,,
UgxZAWcIeiBoO5ZNFpV4AaABAg,0,0,"2025-06-16 16:32:57",@NizlyMeiAngel,Kakk,0,,
UgzTSCZK9pBH9kKjqZl4AaABAg,0,0,"2025-06-16 16:32:36",@lanulanulanlan,"Setiap ada modus penipuan baru, aku selalu kasih tau keluargaku, dan nunjukin caranya supaya mereka ingat selalu.",0,,
UgyxuFei85N-j42kQqt4AaABAg,0,0,"2025-06-16 16:29:33",@blueseadragon66,"sebernarnya cara bedain tipuan AI dengan asli adalah 1 coba di research asal video nya 2 kenali voice coba bandingin dengan voice aslinya 3 kalau berhubungan dengan artis coba cari bukti apakah sang artis sponsor tentang produk yang di sponsorin 5 tanyain ke AI kayak chatgpt untuk tau apakah itu palsu atau tidak AI biasanya jauh lebih pintar dalam mendeteksi karena menggunakan REGEX dengan trained dengan big data",0,,
UgxarcAFI_3uwPyVSYB4AaABAg,0,0,"2025-06-16 16:28:49",@chlsxseea,"""Kamu saya kamplengin, gigi kamu saya cabutin"" plis ngakak banget 🤣🤣",0,,
Ugw4HCg2RDlT1UY1yJ14AaABAg,0,0,"2025-06-16 16:28:32",@dyasutami4304,"parah banget sih emang jaman sekarang, nipu nya makin2 gokil makanya kita juga mesti tau teknologi juga. kejadian jg bahkan telpon rumah gue, tengah malem nyokap ditelpon bilangnya anak cewenya kecelakaan udah di rs minta tf duit dulu biar bisa di proses. karna jam 2 malem, nyokap nyangkanya bener. untungnya anjing gue gatau knp gonggong2 terus, eh bokap bangun & langsung matiin telpon krn bokap tau gue ada di kamar lg tidur. setelah ituuu akhirnya cabut telpon rumah aja biar ga kacau gt lagi",0,,
UgxZjtRz1mL3KfTUxoV4AaABAg,0,0,"2025-06-16 16:23:14",@pokerman7878,"maksimal hukuman 12 tahun, jarang dan mungkin gak ada kasus spt ini dapat hukuman maksimal sekali lagi itu hukuman maksimal ya, jangan pernah tertipu dengan kata2 spt itu, cuma si nessie gaya bicaranya seakan2 itu udh hukuman yang paling berat, padahal itu ringan loh hukuman nya dengan kasus spt itu, paling vonis nya cuma 2-4 tahun, klo diurus dan pake pengacara bisa aja cuma 1 tahun 2 bulan, atau dibawah 2 tahun, denda 12 miliar ya gak usah dibayar, paling ganti hukuman kurungan beberapa bulan aja, blon lagi dapat remisi, dan PB, trus bebas deh, ah ringan lah klo hukuman spt itu, KUHP harus diganti tuh",0,,
Ugy0KGiQJ68czQLeBzt4AaABAg,0,0,"2025-06-16 16:19:54",@hendrykei-g3h,"JUDULNYA GOBLOX GINI 😂😂😂 KOCAK",0,,
Ugx6amyIhVwUkrkQeP94AaABAg,0,0,"2025-06-16 16:19:43",@putricand,"Sumpah bansos pak prabowo itu sangat menyesatkan bgt. Almarhumah ibu mertua sudah sepuh usia 71 tahun ngeyel banget minta telpon itu. Karena beliau mikir itu benran untung beliau ga malu tanya ke aku dan suami 😢 jahat bgt lu penipu",0,,
UgzHicVC7zz_REFNsnN4AaABAg,0,0,"2025-06-16 16:17:53",@pluviophille4415,"Satu orang yang sama di tempat kerja pernah hampir kena tipu dan kena tipu. Yang pertama penipuan cinta di IG, jadi si orang ini ngaku orang Kalau dan lagi kerja dan tinggal di Singapura. Nah mereka sampai bertukar no WA, orang ini laki2 ngaku sebagai duda punya anak satu. Temen aku si mba sering chat-an dan vc lantas beberapa kali telp dengan duda ini. Ketika vc, si duda tidak menunjukkan wajahnya dia hanya memperlihatkan anak kecil perempuan yang selalu tersenyum di kamera tapi anehnya diajak ngobrol tidak merespon. Seiring waktu berlalu, si duda ini kirim video bahwa dia sedang jalan-jalan di mall, dan karena ini hari ulang tahunnya, dia ke toko tas dan hendak memberikan hadiah berupa tas branded ke si mba ini. Dia lalu minta uang untuk bayar bea cukai dan ongkirnya untuk mengirim hadiah ini. Beruntungnya si mba saat itu tanya ke aku dan cerita banyak, aku langsung larang dan bilang ini penipuan. Diblok lah semua akun duda itu. Lalu mba yang sama di lain hari dapat give away HP I-Phone dari tiktok. Si mba lantas mengisi form dari link dan menginfokan tentang bank-nya. Alhasil seketika itu HP nya kena hack. Uang di bank semua ditariknya untungnya sih kata si mba isinya hanya sisa beberapa ratus ribu. Tapi parahnya, berkali-kali dalam giliran, mbanking mba ini menerima sejumlah uang puluhan juta lantas raib lagi dan lagi. Setelah itu HP nya sering ditelp no tak dikenal, WA juga sama sering dichat dan ternyata itu agen pinjol yang menagih padahal si mba ngga pernah berhutang pinjol. Akhirnya si mba tutup bank dan ganti no HP, hanya tidak melapor ke mana-mana. Semuanya hati-hati ya dalam bermedia sosial. Jangan mudah percaya dengan iming-iming tawaran keuntungan atau hadiah yang besar. Dan jangan sembarangan klik link aneh.",0,,
UgxU9l2aRrxWox1DcNN4AaABAg,0,0,"2025-06-16 16:16:13",@xlmburger5680,"Ness, Tau gak.. anehnya penipu² ini bisa tau lho mana orang² yang setiap hari transaksi online dan banyak saldo sementara org² KERE (SALDO TIPIS) tidak akan jadi target mereka (penipu)...TARGET penipu2 ini emang mengincar orang2 yg Tajir saldo di ATM.. ANEH kan ?? target mereka tidak RANDOM, penipu2 ini udah tentukan siapa target mereka..",0,,
UgyGIEbhGH_8w3aWWBJ4AaABAg,0,1,"2025-06-16 16:15:57",@jakem.3067,"ibuku pernah ketipu wkwk, ikut kuis kuis di tiktok, jawab 5 kali ntar kalo bener bakal di wa sama nagita slavina, dikasih formulir dan disuruh masukin no rek pin dll gitu, ibu percaya percaya aja soalnya dikasih video nagita bilang ""halo ibu (nama ibuku), selamat ya bu, aku mau kirimin hadiah nih, tolong di isi data dirinya yaa"" kaya gitu deh, ibuku ya percaya terus ngisi, sejujurnya niat ibu tuh bagus bgt, ga ngasih tau biar orang lain kaget, intinya mau bikin surprise, untungnya aku monitoring wa ibu, jadi sempet ketauan sebelum ibu kirim data diri dll, hampir aja bikin cekcok dirumah",0,,
Ugwibx4K3UaDJnY8DLd4AaABAg,0,1,"2025-06-16 16:12:29",@n0tsn3akyb0iii,"8:25 setuju banget sama pemikiran kak nessie👍",0,,
UgwQaDxCKjjrLwFdLKd4AaABAg,0,0,"2025-06-16 16:11:12",@샤넬아시아,"15:31 iklan di YouTube juga banyak loh yang kayak gini, kayak jual obat, pinjol dsb",0,,
Ugy7JNhnxMHe72qRZJ14AaABAg,0,1,"2025-06-16 16:10:32",@liefukpau5928,"Makasih kak atas vodio nya, ini sgt sgt membuka sy secara pribadi sprt apa deepfake atau penipuan penipuan yg akan semakin canggih dg menggunakan AI, terutama bg para orang tua orang tua yg suka main medsos tp gaptek terutama akan AI, konten yg sgt bermanfaat sekali👍👍👍",0,,
UgzYErb3wjNNiZVNp4F4AaABAg,0,0,"2025-06-16 16:08:27",@Ibbazz,"Di tiktok banyak,ada Soimah,baim wong ,rafi dan gigi, dll",0,,
Ugz-TBpLIROrRpNTI9h4AaABAg,0,1,"2025-06-16 16:07:28",@mrfk9874,"Satu lagi deepfake nya ""Baim Wong"" Mak gue hampir ketipu wkwkw",0,,
Ugxmdk4sC-z_WgLEWHZ4AaABAg,0,1,"2025-06-16 16:07:28",@Yie-501,🩵🩵🩵🩵🩵🥰🫰🏻,0,,
Ugz7SQjKzJhMNDf2qsp4AaABAg,0,0,"2025-06-16 16:07:04",@TheFuturesGlimpse,"penasaran soalnya ada wak nadia di thumbnail 😂 tp ada Nessie jg wkwk. .emg lagi banyak bgt kasus penipuan ai, si bang vincent jg sampe marah2 gt tau muka nya dipake promosi judol lewat ai",0,,
UgzPG4XGyq75zjBADJ14AaABAg,0,0,"2025-06-16 16:07:00",@KecubungMerahmuda,"5 video terakhir ini kenapa ada suara mic nge-ground ya? Pake headset jd ga nyaman",0,,
UgyUozUEwYghyJDT7BV4AaABAg,0,0,"2025-06-16 16:06:53",@alditahervianto9179,"Nomer tersebar kan karena data diri kita dijual 😂😂😂",0,,
Ugz-1DKRCEoGRv5U1pt4AaABAg,0,2,"2025-06-16 16:06:03",@ihollanov,"AYO KAK NESS COLLAB SAMA KAK NADIA",0,,
Ugz9HYRLnexJZLN3Hap4AaABAg,0,2,"2025-06-16 16:02:40",@Lutus0808,"saya setiap malam di telpon dan saya udah bilang saya tahu mereka menelpon. Kocaknya di ulang lagi, bukannya makin pinter nipunya, ini alasannya GAk jelas! Bahkan kocaknya saat itu umur saya baru 24 tahun, eh di laporkan anak saya masuk rumah sakit masuk UGD yang berusia 20 tahun. Lalu saya balas "" Saya punya anak pas umur 4 tahun!?"".",0,,
UgwF1us4tIMgujku94N4AaABAg,0,1,"2025-06-16 16:02:38",@fufufafa-u9v,"ah video lama",0,,
UgymHyg78_fRnuyefkV4AaABAg,0,1,"2025-06-16 16:01:24",@Imanrudikataji1893,"23.01 Mulai",0,,
Ugx3i9hYCYWj3OAnJdh4AaABAg,0,4,"2025-06-16 15:59:18",@nev3r_mind7,"Aku pernah ditipu sama AI, 2 tahun lalu dia ig, ada seorang cowok ngechat aku bukan actor atau apa tapi orang biasa saja. Dia mau pacaran, yaa aku yang waktu itu jomblo ya mau lah tapi dari awal aku sudah curiga karna ketika dia kirim video, videonya kayak video lama gitu, tau kan gimana. Dia bilang dia orang kaya, jadi aku pikir masa orang kaya video masih kayak gitu. terus dia bilang mau kirim kado untuk aku tapi gak bisa bayar cukai minta sama aku RM 2 500 (sekitar 8.4 miliar rupiah) tapi aku gak kirim aku langsung block acc dia... Untung udh rasa curiga dari awal..",0,,
UgzdMn7fWwcrficUhTZ4AaABAg,0,0,"2025-06-16 15:57:38",@naoufa2335,"Emakkku jga habis kena tipu dr iklan receh di YouTube awalnya ketauan sama aku trs lgsg ku block no wa penipunya dan pas itu udah kena tipu 700k ,pikirku ""udah kena 700k untung ketauan sama aku dan ga akan lebih parah"" dan kampret nya malah sama emakku diunblock lagi no penipunya 😂😂😂😂 dan masih sempet kirim 1 JT lagi Allahu Akbar batinku, 😂😂😂 kok bisa sih pdhl akujuga sempet bilang itu penipuan mana ada orang rela bagi2 duit ratusan juta gratisss??? Yg kukira 700k udah selesai malah sama emak TF lagi 1jt kwkwkwk nah yg paling parah ga buat dia sadar malah muji2 penipunya katanya penipunya bahasanya sopan dan baik, dan aku anaknya sendiri yg nyelametin dia gaada harga dirinya sama sekali kayak ga ada rasa terimakasih nya abis kutolongin,karena kalau ga ketauan aku itu bisa abis ratusan juta TF ke penipu 😂😂😂",0,,
UgwjMj_LLp8OxtqdOSp4AaABAg,0,0,"2025-06-16 15:53:29",@tribagus3578,"9:13 iya kak nes? Manggil? 😭🤣",0,,
Ugze8qBPXSClAMqEgyt4AaABAg,0,0,"2025-06-16 15:49:39",@mr_adam_dum_dam,"Video nadia omara itu asli bukan deepfake",0,,
Ugw1N-dniAluz0bCyJl4AaABAg,0,0,"2025-06-16 15:45:31",@ecofien2210,"Kasus nadia omara kayak yg gw liat iklan di youtube tiba2 muncul video ustadz yg china cakep itu ( lupa namanya ) ngiklanin judol Itu kalo ada yg percaya sumpah otaknya diluar nalar , yakali sekelas ustadz ngiklanin begituan 😂😂😂 Dan itu video deepfake ya , bukan foto doang Gila kan IA skrng",0,,
UgxzBrJgBhHjlVD360p4AaABAg,0,0,"2025-06-16 15:43:13",@habiboeramadhana6802,"Kak vidio mu yang nemenin aku makan",0,,
UgxlZFhrb1sbgmr38qR4AaABAg,0,0,"2025-06-16 15:42:21",@FugiNili,"Mana sprei gratisnya wok",0,,
Ugw6qPQLKtekZOY8RYp4AaABAg,0,1,"2025-06-16 15:41:38",@HanaGwen-p4g,"Tapi serius aku sering bgt liat iklan AI gitu, dari najwa shihab, rafi ahmad, sampe menteri kesehatan. Biasanya nongol di FB, bapakku sering bgt kegocek sama iklan kek gitu tapi untungnya bapakku nanya dulu ke aku buat beli beli barang.",0,,
UgxAOQ4CfYZ0plVRCV94AaABAg,0,1,"2025-06-16 15:40:37",@itsmyself9906,"Jadi inget eworld. Apakabar ya retina kalian? 😂",0,,
UgzY-2CQPPvyEvDsqW14AaABAg,2,0,"2025-06-16 15:39:46",@indahsaa_,"nessie dari wajahnya kek hamil ga si ?",0,,
UgzY-2CQPPvyEvDsqW14AaABAg.AJROnQLtwC0AJRQVAt8Njs,,1,"2025-06-16 15:54:37",@hannyiee-hu6un,"kak?? ini kamu serius nanya gini? 🙂",1,UgzY-2CQPPvyEvDsqW14AaABAg,@indahsaa_
UgzY-2CQPPvyEvDsqW14AaABAg.AJROnQLtwC0AJU7k4j7C5Y,,0,"2025-06-17 17:08:29",@indahsaa_,"@hannyiee-hu6unhaha baru cek di IG , baru tau kalo ness hamil wkwk, bukan follower di IG soalnya , tapi bener berarti ya 😂",1,UgzY-2CQPPvyEvDsqW14AaABAg,@indahsaa_
UgxemYO_wQc6tDC3kRx4AaABAg,3,93,"2025-06-16 15:39:03",@esshakakesha,"penipuan AI dipenjara 12th denda 12M, yg korupsi 4th denda 10jt awokwkwk",0,,
UgxemYO_wQc6tDC3kRx4AaABAg.AJROiATJX8FAJT6wvxd6lt,,9,"2025-06-17 07:42:15",@Nothink_thing,"Koruptor adalah profesi paling menjanjikan di Indonesia HAHAHA...",1,UgxemYO_wQc6tDC3kRx4AaABAg,@esshakakesha
UgxemYO_wQc6tDC3kRx4AaABAg.AJROiATJX8FAJl7YPRj9q9,,2,"2025-06-24 16:53:05",@alnordsyah1963,"Ini yg d cri cri ,sepemikiran kita kk wkwkwk",1,UgxemYO_wQc6tDC3kRx4AaABAg,@esshakakesha
UgxemYO_wQc6tDC3kRx4AaABAg.AJROiATJX8FAKYWK3pYWW5,,0,"2025-07-14 06:31:36",@ulviherdika1298,"Aduhh kocak",1,UgxemYO_wQc6tDC3kRx4AaABAg,@esshakakesha
UgzvI5N6TlwnFVWFdXd4AaABAg,0,0,"2025-06-16 15:38:15",@ElfiSafitri03,"Aku tadi barusan ketemu,vidio kak nadia omara lagi promosiin judol Padahal,kak nadia selalu bilang jauhi judol Di platform F,dan banyak yang percaya",0,,
Ugy7q81AedrSSZQHjoZ4AaABAg,0,0,"2025-06-16 15:38:04",@Khairullah1st,"Konten ka Nesssie yg selalu di tunggu2",0,,
Ugw0uat3URcCAXMdeat4AaABAg,0,0,"2025-06-16 15:35:13",@cillsprafians,"Hahaha give away inget banget, aku dpt give away dr salah satu artis indo mana mau lebaran lagi.. Dan kena 500rb 😂😂😂 Gt ya orang skrg demi dapat uang banyak segala cara dihalalkan.. Pinter2 kita skrg yaakkk.... Jangan pernah percaya!!! 😊😊",0,,
UgwDJb8cJqaSh1LXBmV4AaABAg,0,0,"2025-06-16 15:34:00",@403Any,"Hasil halal 1 jam 20 ribu di anggap rendah orang2,kerja haram 1 jam 1 juta orang2 menganggap mu, dunia sendiri lah yang menciptakan neraka itu",0,,
UgzTRux4gu3TW5zp4xx4AaABAg,0,2,"2025-06-16 15:33:54",@nikenurs,"aku juga bbrapa bulan lalu kena scam, ngakunya pihak dana trs eh malah ada sms dari pinjol buat notif setuju atau tidak pinjamannya langsung gemeteran dong trs suruh tf uang dan aku tf aja karena takut uang yg di dlm dana ga bisa keambil soalnya sialan nya uang yg di dlm dana dia kirim ke pluang gatau itu apaan anj trnyata ketipu sialan stlah tf TTP AJA YG DI DLM DANA GABISA KE AMBIL SIALAN aku ngadu ke cs dana SLOW RESPON BGT dan yaudah lah ikhlasin aja soalnya pihak dana nya juga diem aja",0,,
Ugxe-oFzFAeJ1nbwHDV4AaABAg,0,1,"2025-06-16 15:33:53",@dickylaukenza8885,"Itu yg bradd pitt foto tengah bawah edit pake apaan dah, picsay pro ? Kasar amat 🤣",0,,
Ugx1pMjXvGz3SLkeuNJ4AaABAg,0,0,"2025-06-16 15:33:39",@mr_adam_dum_dam,"B.R.A.D P.I.T.T 🎉🎉 MAHU KETAWA TAPI TAKUT DOSA 🫢🫢🫢🫢🫢🫢 😭😭😭😭😭",0,,
Ugx0WtqdTgnl9zJNXk54AaABAg,0,0,"2025-06-16 15:33:01",@zaytounYaahabibti,"⚠️Sisi keji fitnah dajjal AI deepfake, muka² artis 'keyP0P' 'BP' yg ditransform ke adegan² video 'P★rn .. ini sangat mengerikan... Allah SWT melindungi Perempuan dari fitnah dajjal yg nyata & mengerikan, berupa perintah. Semoga anak-anak indonesia, keluarga kita, anak-anak kita (Perempuan) diLindungi Allah SWT dari kejinya Fitnah Dajjal melalui AI. Naudzubillahimindzalik.",0,,
UgyiBUA0B3fWUlkJ_Ax4AaABAg,0,0,"2025-06-16 15:32:14",@CansProject97,"aku aja sampe sekarang gak dapat sprei gratis dari owo,padahal aku udah komen ""aku mau sprei gratis ☝😞""",0,,
Ugx1Q5KiphrvfL1rgYR4AaABAg,0,0,"2025-06-16 15:30:34",@simbahanakmanggatsimbah9719,"Bahas Air India kak",0,,
UgxHBzi8ucoPuGK-Bi94AaABAg,0,0,"2025-06-16 15:29:12",@Alenum18,"Aku kemarin ngeklik cek bansos dari saudaraku di telegram habis itu ig fb di retas padahal saudaraku gak punya telegram.. untungnya masih bisa aku ambil sampe udh di ganti nama igku sama penipunya dan terdeteksi penipunya ada di bali sama laos apa kamboja gitu.. jadi hati² gaes jangan asal klik link",0,,
Ugx_blrYa9mPRKr1Y894AaABAg,0,0,"2025-06-16 15:28:15",@insightringanidn,"haha sempet lihat di facebook dan ada yang komen ini bapaknya kak nessie😂",0,,
UgzsORGswfyPjiEpvO94AaABAg,0,1,"2025-06-16 15:27:47",@JessicaBailey-v9y,"Saat matahari terbit kita belajar tentang ✌헔헟험헫헜헦17✌ momen spesial sambil tertawa.",0,,
UgwUyhlFY0meOwBnxup4AaABAg,0,0,"2025-06-16 15:25:47",@firawitri.83,"Tanda² kiamat ini Nes😊",0,,
UgydcjXWdIknrgzj_MJ4AaABAg,0,1,"2025-06-16 15:25:32",@melkhipryadi873,"Kak Nessi bahas kasus bully & kroyokan siswa kelas 2 SD yg sampai meninggal 😢 dong",0,,
Ugym4KCQdJAi2XW5rmh4AaABAg,0,0,"2025-06-16 15:22:00",@eazylive94,"Ini baru zaman AI yg masih bayi, gimana kalo nanti AI nya udh dewasa? Kecanggihan teknologi adalah bagian dari skenario kiamat. 😂",0,,
Ugw1TyLp5AcpYENSc2F4AaABAg,0,0,"2025-06-16 15:21:13",@johannameliantha,"Gosipnya yg bikin AI aja udah siapin bunker untuk ngumpet kalo AI sudah mulai tidak terkontrol😢",0,,
UgzWiIUVMZMsYjiq-Ux4AaABAg,0,0,"2025-06-16 15:20:35",@Rynaafriany,"Temen aku pernah di tipu kak, jadi itu platfrom slot gitu kyk judi online, dia disuruh kirim 50rb nanti uang bisa berkali lipat gitu lah, dan itu bukan dm tapi no wa, aku syok sih kok bisa dapet no orng, serapuh itu privasi kita, sedih bngt. Untung aja temen ku gk bodoh, dia bales dan dia bilang ""kalo mau kerja yang halal kak, uang haram itu kalo masuk perut, buat hidupmu gk halal sampe ke anak cucu"" dia bilang gitu, hadehh padahal kerja yang halal banyak, bekerja lah lebih keras guys dari pada berakhir di neraka, yuk semangat kerja nya yang halal tapi yaa❤",0,,
UgzqNFMfeORIj9emM1F4AaABAg,0,0,"2025-06-16 15:19:33",@sugarplum420,"1:18 ya itu tuh yg data kita bocor gegara kominfonya terlalu aman nyimpennya. Sampai para hacker dengan gampangnya nge hack data kita aowkaowka",0,,
UgxHJ_DijuaZuuYazOt4AaABAg,0,0,"2025-06-16 15:17:05",@noknovi6603,"Nah itu,temen saya kena tipu,d peras,sampai kepikiran,dan teman nya seorang guru d pesantren aj dpt pesan penipunya",0,,
UgwU1JFChmWafBwXQhJ4AaABAg,0,0,"2025-06-16 15:16:50",@RendyAllin,"Aku selalu blok akun yg buat konten make a.i , 🗿 ,kaya quotes tp a.i klo cover lagu engga papa sih tp yg males itu beneran konten atau ads yg dibuat make a.i🗿",0,,
UgyGTzu3OaSoUVgZU014AaABAg,0,0,"2025-06-16 15:14:33",@Asteorra,"sampai sekarang masih menunggu sprei gratis prabowo🥰🥰",0,,
UgzE-1NJVaGH42t0YA54AaABAg,0,0,"2025-06-16 15:13:07",@ryenabiiee,"Kemarin ibu aku hampir kemakan video hoax AI😢",0,,
UgxwhYXVrGaQwQkZon94AaABAg,38,1953,"2025-06-16 15:12:48",@NessieJudge,"HAHHAA SIAPA YANG KAGET TENTANG PAPA JUDGE?!",0,,
UgxwhYXVrGaQwQkZon94AaABAg.AJRLi-3BKsaAJRLpfsEObR,,48,"2025-06-16 15:13:51",@tiaranovianr3632,☝🏻☝🏻☝🏻,1,UgxwhYXVrGaQwQkZon94AaABAg,@NessieJudge
UgxwhYXVrGaQwQkZon94AaABAg.AJRLi-3BKsaAJRLrFLQWJ9,,82,"2025-06-16 15:14:04",@dianas_,"lucu bgt papa judge❤😂",1,UgxwhYXVrGaQwQkZon94AaABAg,@NessieJudge
UgxwhYXVrGaQwQkZon94AaABAg.AJRLi-3BKsaAJRMp_wplwm,,49,"2025-06-16 15:22:35",@mamasupi-e6n,"Aku udah ga punya papa tapi kalo melihat sekilas papa km imut ness, ceria, bertenaga dan masih bersemangat. Doa terbaik bagi papa dan keluargamu dan setiap orang yang baca ini ❤",1,UgxwhYXVrGaQwQkZon94AaABAg,@NessieJudge
UgxwhYXVrGaQwQkZon94AaABAg.AJRLi-3BKsaAJRQzqy11i1,,26,"2025-06-16 15:58:56",@tresnamuslim,"Kaget bgt lg dandan langsung ""lah itu papanya nessie"" wkwkw",1,UgxwhYXVrGaQwQkZon94AaABAg,@NessieJudge
UgxwhYXVrGaQwQkZon94AaABAg.AJRLi-3BKsaAJRVXjt-gQ2,,4,"2025-06-16 16:38:39",@sleeptzzyy,"Oalaah ternyata",1,UgxwhYXVrGaQwQkZon94AaABAg,@NessieJudge
UgxwhYXVrGaQwQkZon94AaABAg.AJRLi-3BKsaAJRVzRUbOeT,,2,"2025-06-16 16:42:34",@nadyafadhilah1665,Sayaaa,1,UgxwhYXVrGaQwQkZon94AaABAg,@NessieJudge
UgxwhYXVrGaQwQkZon94AaABAg.AJRLi-3BKsaAJRZ-G998R2,,4,"2025-06-16 17:08:54",@firmansyahgmnf,"Salfok ma thumbnailnya😅",1,UgxwhYXVrGaQwQkZon94AaABAg,@NessieJudge
UgxwhYXVrGaQwQkZon94AaABAg.AJRLi-3BKsaAJRZd5rbR1b,,3,"2025-06-16 17:14:28",@annisapumpe6377,"NGAKAK DAN KAGET🤣",1,UgxwhYXVrGaQwQkZon94AaABAg,@NessieJudge
UgxwhYXVrGaQwQkZon94AaABAg.AJRLi-3BKsaAJRfa7j7kvw,,28,"2025-06-16 18:15:14",@mbabro1416,"Khas bapak kalau Gedeg sama orang Btw ka koleb sama Nadia omara dong",1,UgxwhYXVrGaQwQkZon94AaABAg,@NessieJudge
UgxwhYXVrGaQwQkZon94AaABAg.AJRLi-3BKsaAJS80gqhvOP,,8,"2025-06-16 22:32:24",@Ummu_Dhiita,"Q g punya tiktok... jadi g tau ada video papanya nessie",1,UgxwhYXVrGaQwQkZon94AaABAg,@NessieJudge
UgxwhYXVrGaQwQkZon94AaABAg.AJRLi-3BKsaAJSAl2KoO2r,,11,"2025-06-16 22:56:21",@iffahdr,"Saran Nessie, Next jangan pernah ngangkat telpon dari nomor yang tidak dikenal. Bahaya, mereka bisa merekam suara kita dan mengolah suara kita untuk menipu orang-orang di kontak atau orang terdekat kita. Sudah ada kejadian seperti ini dialami almarhum ayahku dua kali dan beberapa teman ibuku. Alhamulillah, waktu itu kami sebagai anak sadar alau yg nelpon ayah waktu itu bukan teman ayah. Aku tidak pernah angkat telp dari nomor yg tak dikenal, kalau itu emang teman atau saudara pasti mereka bakal kirim text.",1,UgxwhYXVrGaQwQkZon94AaABAg,@NessieJudge
UgxwhYXVrGaQwQkZon94AaABAg.AJRLi-3BKsaAJSEoXH_OVZ,,0,"2025-06-16 23:31:47",@umma_salsabilla,"Tenang kak ​@Ummu_Dhiita😅kamu GK sendirian koq😂😂",1,UgxwhYXVrGaQwQkZon94AaABAg,@NessieJudge
UgxwhYXVrGaQwQkZon94AaABAg.AJRLi-3BKsaAJSFMYsgh9s,,15,"2025-06-16 23:36:33",@joaninhadasilva8433,"Kak Nadia Omara itu Nerrorist yg jadi YouTuber.. Semoga bisa kolab sama kak Nessie",1,UgxwhYXVrGaQwQkZon94AaABAg,@NessieJudge
UgxwhYXVrGaQwQkZon94AaABAg.AJRLi-3BKsaAJSGU0Eb1bX,,4,"2025-06-16 23:46:19",@Funny_Fannie,"aku😂 pantes kok kayak familiar, kayak mirip siapaaa gitu😅",1,UgxwhYXVrGaQwQkZon94AaABAg,@NessieJudge
UgxwhYXVrGaQwQkZon94AaABAg.AJRLi-3BKsaAJSKbUaW0jD,,0,"2025-06-17 00:22:25",@nekonanimo7084,"go papa! wkwkwkwk",1,UgxwhYXVrGaQwQkZon94AaABAg,@NessieJudge
UgxwhYXVrGaQwQkZon94AaABAg.AJRLi-3BKsaAJSNDsRpKE0,,2,"2025-06-17 00:45:17",@helmysurachman6749,"di Tiktok msh ada nih penipuan begini, cuma admin tiktok selalu bilang ga ada penipuan.",1,UgxwhYXVrGaQwQkZon94AaABAg,@NessieJudge
UgxwhYXVrGaQwQkZon94AaABAg.AJRLi-3BKsaAJSO8pF85yf,,1,"2025-06-17 00:53:19",@edogawaconan3975,"lucu bet",1,UgxwhYXVrGaQwQkZon94AaABAg,@NessieJudge
UgxwhYXVrGaQwQkZon94AaABAg.AJRLi-3BKsaAJSRkbSId_z,,3,"2025-06-17 01:24:50",@twlghtzn,"rasanya langka banget ngelihat parents yg ngerti scamming, good job papa judge",1,UgxwhYXVrGaQwQkZon94AaABAg,@NessieJudge
UgxwhYXVrGaQwQkZon94AaABAg.AJRLi-3BKsaAJSZS-WtGJy,,0,"2025-06-17 02:32:04",@awleadniven,aku😂😂😂,1,UgxwhYXVrGaQwQkZon94AaABAg,@NessieJudge
UgxwhYXVrGaQwQkZon94AaABAg.AJRLi-3BKsaAJSaamzb-2N,,1,"2025-06-17 02:50:52",@panda_bear8315,"Trnyata Papa nya lucu jga😂",1,UgxwhYXVrGaQwQkZon94AaABAg,@NessieJudge
UgxwhYXVrGaQwQkZon94AaABAg.AJRLi-3BKsaAJSgwcvCglN,,0,"2025-06-17 03:46:17",@ekakurniawan1602,"Papa kamu keren kak ness 😂",1,UgxwhYXVrGaQwQkZon94AaABAg,@NessieJudge
UgxwhYXVrGaQwQkZon94AaABAg.AJRLi-3BKsaAJSmPfhLGf8,,0,"2025-06-17 04:34:05",@furrcattss,SPEECHLESS,1,UgxwhYXVrGaQwQkZon94AaABAg,@NessieJudge
UgxwhYXVrGaQwQkZon94AaABAg.AJRLi-3BKsaAJSzjuIqLf1,,0,"2025-06-17 06:30:34",@ekaeka1475,"Kak Nessi.. Tolongin saya kena penipuan uang dari luar negeri.. Mau lapor polisi, mesti pake uang lagi..🙏",1,UgxwhYXVrGaQwQkZon94AaABAg,@NessieJudge
UgxwhYXVrGaQwQkZon94AaABAg.AJRLi-3BKsaAJT1LDAlb_7,,0,"2025-06-17 06:53:17",@dndazhn,"pantesan kaya mirip siapa gitu",1,UgxwhYXVrGaQwQkZon94AaABAg,@NessieJudge
UgxwhYXVrGaQwQkZon94AaABAg.AJRLi-3BKsaAJT7PXKSqjt,,0,"2025-06-17 07:46:18",@ramonakdewi7005,Ohhhh,1,UgxwhYXVrGaQwQkZon94AaABAg,@NessieJudge
UgxwhYXVrGaQwQkZon94AaABAg.AJRLi-3BKsaAJTP0aUbZ7V,,0,"2025-06-17 10:20:11",@Laksana4758,"Galak papanya😮",1,UgxwhYXVrGaQwQkZon94AaABAg,@NessieJudge
UgxwhYXVrGaQwQkZon94AaABAg.AJRLi-3BKsaAJTVABiCm6g,,0,"2025-06-17 11:13:55",@princesbiru9818,"Siapa sangka haha",1,UgxwhYXVrGaQwQkZon94AaABAg,@NessieJudge
UgxwhYXVrGaQwQkZon94AaABAg.AJRLi-3BKsaAJTfCJoLEkY,,0,"2025-06-17 12:50:20",@giverkamponang,☝️,1,UgxwhYXVrGaQwQkZon94AaABAg,@NessieJudge
UgxwhYXVrGaQwQkZon94AaABAg.AJRLi-3BKsaAJTvX9qnHGc,,0,"2025-06-17 15:12:59",@a3kidsfamily373,"Pernah nonton video ini, dan ga engeuh samsek kalo itu papanya nessi3😂",1,UgxwhYXVrGaQwQkZon94AaABAg,@NessieJudge
UgxwhYXVrGaQwQkZon94AaABAg.AJRLi-3BKsaAJXuiS5pjj_,,0,"2025-06-19 04:22:53",@librarysdhmakassar4715,"dah liat duluan dan ngakak banget pas bilang cabut gigi tapi ga tau itu siapa. ternyata eh ternyata. hahaha ga nyangka aja tiba tiba dikasih tau papa siapa. dunia memang sempit ya ges ya.",1,UgxwhYXVrGaQwQkZon94AaABAg,@NessieJudge
UgxwhYXVrGaQwQkZon94AaABAg.AJRLi-3BKsaAJ_yjjcSUJS,,0,"2025-06-20 08:55:44",@RestuSrirahayu-d3l,☝️☝️,1,UgxwhYXVrGaQwQkZon94AaABAg,@NessieJudge
UgxwhYXVrGaQwQkZon94AaABAg.AJRLi-3BKsaAJeQKwnq1pb,,0,"2025-06-22 02:22:35",@Edotriono-l7x,"Papa nya lagi buka puasa. Mantab",1,UgxwhYXVrGaQwQkZon94AaABAg,@NessieJudge
UgxwhYXVrGaQwQkZon94AaABAg.AJRLi-3BKsaAJiM1GcxaYG,,0,"2025-06-23 15:01:55",@indahDiamond,"PAPA yg sangat JUDGE 😲",1,UgxwhYXVrGaQwQkZon94AaABAg,@NessieJudge
UgxwhYXVrGaQwQkZon94AaABAg.AJRLi-3BKsaAKkJzDJ7SZB,,0,"2025-07-19 05:53:53",@PutriLibra-m3q,"Di Indonesia ada yang pakai video pak prabowo buat jualan seprei tempat tidur",1,UgxwhYXVrGaQwQkZon94AaABAg,@NessieJudge
UgxwhYXVrGaQwQkZon94AaABAg.AJRLi-3BKsaAM-4vTRfI7W,,0,"2025-08-19 05:21:33",@MAMAKNYAPANDA,"Kak nessie maaf bertanya,kak nessie beragama apa? Kok itu bapak kaka berbuka puasa,soalnya aku ngiranya kak nessie itu nonis",1,UgxwhYXVrGaQwQkZon94AaABAg,@NessieJudge
UgxwhYXVrGaQwQkZon94AaABAg.AJRLi-3BKsaAO-ubeFoe2I,,0,"2025-10-08 06:04:45",@hhllwa,"Kak aku punya cerita.. lucu dan drama bgt wkwkwkw... Soal scam.. dan aku berhasil tau kalau dia scam itu kurang dri seminggu... Wkwkwk",1,UgxwhYXVrGaQwQkZon94AaABAg,@NessieJudge
UgxwhYXVrGaQwQkZon94AaABAg.AJRLi-3BKsaAV_ww-Q7Li0,,1,"2026-04-14 14:56:40",@Thanos-x7s,"​@mbabro1416 gak suka beda kelas bagusan Nessie",1,UgxwhYXVrGaQwQkZon94AaABAg,@NessieJudge
UgxwhYXVrGaQwQkZon94AaABAg.AJRLi-3BKsaAW85izFXx_I,,0,"2026-04-28 06:35:41",@HURUQU,"😂 bapanya serem juga ya, itu bagai mana ya pas pertama kali suaminya ketemu pertama kali",1,UgxwhYXVrGaQwQkZon94AaABAg,@NessieJudge
Ugzov2l7kgFxLhA3WSp4AaABAg,0,0,"2025-06-16 15:11:52",@myasih,"Aku dapat DM dari banyak artis di Tik tok 😅😅😅 Lucu' banget 😂😂😂",0,,
Ugx7pLLqkhX74I1zEEh4AaABAg,0,0,"2025-06-16 15:11:19",@pandyaputra2867,"Banyak banget kak Ness iklan palsu judol yang pakai identitas artis Indonesia. Pakai wajah Bang Raffi Ahmad paling sering. Bahkan ustadz juga dipakai😂",0,,
UgwGrgJYkKUpBtgILmR4AaABAg,0,0,"2025-06-16 15:11:17",@ruu_d.1792,"Apakah ini d mksud fitnah dajal",0,,
UgzXlhM5LLovkc4hcF14AaABAg,0,0,"2025-06-16 15:10:33",@misheyla783,"Yaampun kakk aku tuh sering bgt ditelpon nomor ga dikenal dan aku bakal mengabaikannya, aku pernah angkat tp aku diemin dan mereka capek sendiri. Aku dulu bukan give away sih tp bisa dibilang give away, jadi aku baca webtoon korea gitu dan si authornya bilang kalo 80% beli episode dia, bakal dapet stiker dan illustrasi webtoon dia dan aku dapet hohoho, give away kah jatohnya?",0,,
Ugx-9VShpWvt3gqv9-14AaABAg,0,1,"2025-06-16 15:10:18",@DanielLiu-e9g,"Anjay, 혼홇홀홓홄홎 1.7 bikin kaget saking kerennya!",0,,
UgyVCj8A0YGT1orZyTx4AaABAg,0,0,"2025-06-16 15:09:35",@ejadlanun2469,"Ai gak boleh tiru kbodohan mnusia... 😂😂😂.. temenku pittstop",0,,
Ugwi4YzmZX9lDa2FZSd4AaABAg,0,0,"2025-06-16 15:07:29",@damianaidansyahm777,"Ini tanda2 kiamat atau akhir zaman mba Ness,,banyak fitnah dimana2..",0,,
UgwzEd55ExBhVNn8jud4AaABAg,0,0,"2025-06-16 15:07:24",@aryanagood2316,"Lagian gabut banget itu ibu nya brad pitt nyari mantu lewat IG 😆😭",0,,
Ugw4mLyXyaQyZ5_dz-l4AaABAg,0,0,"2025-06-16 15:06:42",@Sari-f9z1x,Ngeriii,0,,
Ugz4Oc9-bLjtvLchhX54AaABAg,0,0,"2025-06-16 15:05:42",@arunakayshila8788,"aku pernah menang giveaway dari kak nessie xixixixi, perfume nessie x mykonos waktu itu",0,,
UgyU8zrXKO0o_CnQWR14AaABAg,0,0,"2025-06-16 15:04:41",@gunawangungun1632,"koruptor ga dianggap kejahatan serius 😂😂😂",0,,
UgzqFe03EkeOo6eqRcN4AaABAg,0,0,"2025-06-16 15:04:33",@verify8295,"Buta teknologi itu berbahaya banget ya.",0,,
UgymhM5INbVKvli501F4AaABAg,0,0,"2025-06-16 15:03:29",@wortsss_o,"Pernah menang giveaway 100k saldo google play tp ujungnya dipake adek buar beli item di roblox 😔😭",0,,
UgwHJd2MKdaZzMHNzh94AaABAg,0,0,"2025-06-16 15:03:07",@arleanaduha8202,"Bnyk artis yg kena scam video fake promosiin judol di indo, dan bnyk juga yg percaya lagii ya Allah",0,,
UgwLmNw53odbU44vhcR4AaABAg,0,0,"2025-06-16 15:02:51",@bapackbapackgabud,"Dari suaranya aja jauh bukan taylor swift wkwkwk",0,,
UgwjLWTAeQIOMcKrgLp4AaABAg,0,0,"2025-06-16 15:01:12",@imamulmuttaqin1404,"15:44 nipu 65 jt di penjara 12 thn Korupsi 271T di penjara 6 thn 😮",0,,
Ugycp0t-Kcx2cGVSash4AaABAg,0,0,"2025-06-16 14:59:32",@bee8502,"Iya guys aku juga pernah ditipu, bukan haya aku tapi bapak sama ibuku pun juga pernah ditipu bahkan si penipu itu sering meneror keluarga kami kan ngeri ya orang-orang kaya gitu😢",0,,
UgwJWfhAkh6DS6tK7F94AaABAg,0,0,"2025-06-16 14:57:44",@ryenabiiee,"10:45 aku menang ga ticket nonton Jonas blue di salah satu Cliff house bali",0,,
UgxBNuwNKItjp6nTMWx4AaABAg,0,0,"2025-06-16 14:57:31",@BurhanHasan-h8d,"kantor pajak yg katanya ngasilin uang buat negara aj jual data...........................",0,,
Ugx3lfr0lf_2oZclMaV4AaABAg,0,0,"2025-06-16 14:56:58",@budisan2543,😅,0,,
UgwnmbazO2MEWElxAb94AaABAg,0,0,"2025-06-16 14:54:48",@putriportrait,"Di Youtube juga saya pernah lihat promosi susu khusus tulang yg pake endorser Dr. Terawan dan Susi Susanti, dan itu jelas banget buatan AInya karna gerakan mulut mereka tdk sinkron dg apa yg dikatakan. Saya langsung klik report dan block. Beberapa kali selalu muncul setiap saya nonton video. Tapi akhir² ini dah ga ada. Semoga pelakunya dah tertangkap. Jd inget film Mission Impossible: The Final Reckoning, wkt adegan Ethan Hunt mau nenyusup ke acara pesta trus ketauan sama para agen rahasia, Ethan bilang, ""Apa kalian yakin saya adalah saya?"" Trus si agen rahasia itu saling lihat satu sama lain 😅 Semengerikan itu AI, jgn sampai kita terperdaya dan dikontrol oleh teknologi apalagi teknologi AI. Toh, secanggih apapun AI sebenernya tdk sesempurna itu, kalo kita jeli pasti bisa ketauan apakah sesuatu itu editan AI atau asli.",0,,
UgyxEK8rEvmOieWByiR4AaABAg,0,0,"2025-06-16 14:54:35",@diannovianti4687,"Bru kmaren tante q kna tipu + hipnotis 27 juta 😭😭😭 Gegara medsos",0,,
Ugw0zYEvUOw0K1w6N4p4AaABAg,0,1,"2025-06-16 14:54:35",@jihanmaulidya5199,"jangankan anne kmrn aja aku ketipu tf ke penipu wkwkw, waktu itu aku pengangguran jadi setiap info loker yang aku temuin di sosmed aku lamar aku chat via email maupun wa ada satu yg bales dan itu mengatas nama kan perusahaan dari ""mr diy"" lanjut lah chat kaya orang interview lewat wa gt terus akhirnya singkatnya aku keterima gais tapi anehnya aku disuruh bayar 20k untuk materai perusahaan yaudah aku tf lah, abistu nomorku di blokir😂 ga banyak si 20k tp nyesek bgt asli mana lagi nganggur kan lumayan buat makan hehe sebenernya dari awal curiga si tapi gatau knp aku lanjutin aja wkwk pokoknya lebih hati hati lagi kadang penipu punya celah ke orang orang yang bisa dibilang ""butuh""",0,,
UgwaHwAVLD9E2g90uZF4AaABAg,0,0,"2025-06-16 14:52:24",@detectiveconan-79,"Elon Musk : ingat kata-kata saya. AI lebih berbahaya daripada nuklir",0,,
UgyOO-B3kBzrozn1xHV4AaABAg,0,0,"2025-06-16 14:51:26",@missmedhok3422,"Semakin seru aja",0,,
Ugz__ZLvJiOK4z-krLZ4AaABAg,0,0,"2025-06-16 14:49:13",@Bibi-Fy,"makin lama AI makin mirip banget ama yg aslinya jdi tkut AI akan mengambil ahli dunia di masa depan 🗿",0,,
UgyrxXShuAFEADOkV_54AaABAg,0,0,"2025-06-16 14:46:57",@enafitriyana484,"Kak ness bahas sejarah perang dunia ke - 2 dongg",0,,
Ugww6sencYovw7_1K5h4AaABAg,0,0,"2025-06-16 14:46:05",@arleanaduha8202,"Give away udh makan bnyk korban, apalagi yg baim wong udh brpa orng aja itu yg kena scam😭",0,,
Ugx2FIDX9B-CPD1hAuJ4AaABAg,0,0,"2025-06-16 14:42:55",@fachranabilbar9005,"Gua ngga pernah nipu ko guys😢",0,,
UgyIq-9KPvT1SORM4S54AaABAg,0,0,"2025-06-16 14:41:54",@bagussetyawansaputra3495,"i love u to mba 9:14",0,,
UgyCA5XGcd17ohyiB4F4AaABAg,0,0,"2025-06-16 14:40:52",@Haziq0306,"Maaf...apa beza miliyar dan million ya? X000000 million(juta) kn? Klo miliyar?",0,,
UgxHQcxp5XuQMncjCFt4AaABAg,0,0,"2025-06-16 14:39:10",@itwasmegrumpygirl,"Iyaa sumpah males banget klo misal ada telfon tuh kirain siapa gitu, eh malah nawarin pinjol",0,,
Ugyy1ElgaaEXbeuoaRd4AaABAg,0,0,"2025-06-16 14:38:45",@eviekimkiyowo,"Pdhl keliatan bgt Ai nya",0,,
UgzB2ROUGFFdG-d8Xix4AaABAg,0,0,"2025-06-16 14:36:35",@uta2388,"Menang welkin dari Gensh*n Imp*ct bertarung dengan miliaran player 😂 +100 primo jg",0,,
Ugwmb7JUx7VgqR6oli54AaABAg,1,2,"2025-06-16 14:35:40",@Yunna_z1,"mau cerita kak nessie aku juga pernah ketipu, jadi waktu itu aku ikut anggota KPPS sumpah itu cape banget, uangnya dari awal aku rencanain buat beli baju keluarga, biar lebaran bajunya samaan karena biasanya ga pernah samaan, aku liat iklan di ig bagus bajunya, dengan existed aku beli duit udah di tf tapi ternyata barangnya enggaa dikirim, nangis banget, niat udah baik, cari uangnya juga udah dengan cara yg baik, endingnya yg kurang baik, akhirnya aku ttp beli dengan ngumpulin gajiku karena aku udah bilang mamak tahun ini baju lebarannya samaan, tapi aku gaa cerita kalo aku abis di tipuu🥺🥺",0,,
Ugwmb7JUx7VgqR6oli54AaABAg.AJRHSwS0e_4AJTrzpPvlYI,,0,"2025-06-17 14:42:05",@nirmalasarinurkhasanah,"Jadiin pelajaran nih Kalo beli sesuatu secara online jangan langsung bayar",1,Ugwmb7JUx7VgqR6oli54AaABAg,@Yunna_z1
UgzIvFZA8UNZTS1YThN4AaABAg,0,0,"2025-06-16 14:35:37",@HunterGreen-d6s,"Ketika hujan turun dia menulis tentang ✌헔헟험헫헜헦17✌ konsep unik di luar dugaan.",0,,
UgyEdwOQCpINlq-Towh4AaABAg,0,0,"2025-06-16 14:33:57",@CameronKnight-x5e,"Liburan kemarin saya mendengar ✌헔헟험헫헜헦17✌ objek misterius di sekolah.",0,,
UgzLNFDb0d-JkiWlTp14AaABAg,0,0,"2025-06-16 14:32:25",@michelhkciel,"Ijin edit buat jd short & share ya ka Nessie. Gila emg teknologi kl bs sering kebobolan dipakai scammer & penipu² ya. Mesti terus waspada guys, terutama buat kalangan org tua yg gak update teknologi gini. Miris ih dengernya",0,,
Ugy1QnRfhw89wfWw9r14AaABAg,0,0,"2025-06-16 14:30:16",@ayususanti7315,"Horror banget sih ini😱",0,,
UgzhKXivOpBNK771KlF4AaABAg,0,0,"2025-06-16 14:30:09",@mas_item5074,"sekeluarga hampir kena scam jual rumah, semua percaya karena penipu menyamarkan dirinya jadi orang paling kaya dan megang kontrakan banyak, untungnya sebelum transfer ngehubungin yg langsung keluarga yg bersangkutan",0,,
UgxfMUa42CJnZ_feHaV4AaABAg,2,2,"2025-06-16 14:27:25",@hnlq,"Ya Allah kak nessie.... hahaha.... barusan banget Idul Adha kemarin aku kena Love Scamming. Baru kenal sepekan dari dating app, terus move ke WA, udah kecintaan banget aku. Emang udah pro para love scammer itu ambil hati orang2 single. Aku habis hampir 10 juta buat transfer2 ke dia. Alhamdulillah segera sadar. Awal2 sadar nyesek banget, sampek nangis. Makin kesini ya udah, aku bikin santai aja. Aku buat bahan untuk ngetawain diri sendiri. Buat pelajaran hidup juga.",0,,
UgxfMUa42CJnZ_feHaV4AaABAg.AJRGW_xlpGEAJRLH56iIzX,,1,"2025-06-16 15:09:00",@detectiveconan-79,"Jaman aku single dulu juga sering banget gabung aplikasi jodoh hehehe...alhamdulillahnya nggak kena karena memang nggak ada uangnya. Yang paling aku ingat ada yg ngaku sebagai polisi tugas di Batam ngakunya punya rumah dan mobil. Dia alasan pinjam uang untuk proses mutasi ke Malang biar dekat. Dia juga minta dikirim foto KTP ku tapi nggak ku kasih. Kubilang sama penipu itu kalo perlu uang kenapa mobil dan rumahmu nggak dijual saja kan kamu yg pengen pindah tugas bukan aku yg nyuruh.",1,UgxfMUa42CJnZ_feHaV4AaABAg,@hnlq
UgxfMUa42CJnZ_feHaV4AaABAg.AJRGW_xlpGEAJSSWXwBI7w,,0,"2025-06-17 01:31:31",@hnlq,"@detectiveconan-79 alhamdulillah kakak waktu itu masih bisa berpikir jernih kak. Kalau udah minta foto KTP itu yang bahaya. Bisa buat pinj0l.",1,UgxfMUa42CJnZ_feHaV4AaABAg,@hnlq
UgwaNhmcLtwirl27rOh4AaABAg,0,0,"2025-06-16 14:25:08",@TheCandu2011,"Gerard Vincent aja sampe marah karena wajahnya dipake buat promosi iklan judi online 😢😢😢",0,,
UgxzSKilJOgJjhQ3HFh4AaABAg,0,0,"2025-06-16 14:21:41",@ganz596,"11:05 jadi keinget video AI Prabowo giveaway sprei gratis 😅",0,,
Ugwib7NRQHONyARgiIl4AaABAg,0,0,"2025-06-16 14:19:25",@Bu_tani,"alasan ketipu 2, serakah mendapat uang instan, sama orang jatuh centong. scam 2 itu, mau barang murah banyak, sama scam love",0,,
UgzAFIg_CSaGYH95J3h4AaABAg,0,0,"2025-06-16 14:19:22",@aikaaa5592,"telat deh",0,,
UgzIMkqnq4udvhmiNGR4AaABAg,0,0,"2025-06-16 14:18:58",@fransiskajustin4593,"Orang arab lu lawan ji wkwkwkwkw Btw di konter sekarang udah gak jual perdana murah lagi dgn kuota yg bnyak. Moga kebijakan dr pemerintah ini bs memerangi para scam ""Uang hasil scam gak akan berkah, kalaupun mereka tulang punggung keluarga uang hasil yg diksh ke keluarganya itu akan jadi penyakit""",0,,
UgwAE6LnG4QauNbzrPF4AaABAg,0,0,"2025-06-16 14:18:23",@azumiokee,"Yg pak prabowo itu ayahku juga banyak banget dapet video dapet duit kalo di share dll. Kek aku capek banget ngejelasinnya kalo itu penipuan. Untung endingnya ayah percaya itu penipuan",0,,
UgxAOB0Ymi4aEp-MfX54AaABAg,0,0,"2025-06-16 14:17:59",@Shasakurai,"Wah lebih awal ya video kali ini, aku juga kemaren blm lama ini lewat iklan judol dan yg bikin 'hah?' bangetnya itu, isi iklan judolnya di promosiin ama habib jafar, parah beut ceuk aku teh.",0,,
UgzYsHr1HSt4XSCKaah4AaABAg,0,5,"2025-06-16 14:16:49",@apangramadan,"kaget ada nadia di nessie🤣",0,,
UgxPYzm1PNGVF7QyXDd4AaABAg,0,0,"2025-06-16 14:16:40",@night_changes_B,"Kaya kakaku di fb pake profile kakaku flow temen tmen kakaku di inbox satu satu sampe bilang kalo dompet kakaku ilang dibandara nah kebetulan kerja kakau tuh abk di korea otomatis pake pesawat tapi itu terakhir jadi abk 3 bulanan lalu tapi temen temen kakaku ga tau kalo kakaku tuh udah dirumah ,penipuan ini yang dirugiin temen temen kakku sekaligus profile kakaku pencemaran nama baik",0,,
UgxIFof5HO4aesHtq-B4AaABAg,0,0,"2025-06-16 14:16:27",@LiaPoli-o3e,"Aku juga dulu sering bgt d DM sama cowok2 dan duda2 bule Sampe ad yg mau ngirim hadiah tapi nyuruh aku nanggung bea cukai, untung aku gk tergiur 😂😂😂",0,,
UgwSNm2gaFG9QsFqJ5V4AaABAg,0,0,"2025-06-16 14:15:55",@BenGhani.,"Fufufafa belum tertangkap kenapa ?",0,,
UgwRS7_vBN-yp_U2N9d4AaABAg,0,0,"2025-06-16 14:14:24",@srinurhayati7896,"Yg versi raffi ahmad jg banyak kak nes. Mau bagi-bagi uang cuma-cuma. Trus suruh klik link dibawah. Ksian sama yg ga paham kyk orang tua yg msih awam sama AI kyk gni.. bisa-bisa jd korban. Krna pas saya liat komenan nya hmpir smua komen seolah percaya krna emang suara dan gerakan bibir, kedipan mata y itu nyaris sempurna.mirip raffi ahmad. Saya liat di video beranda Facebook. Tapi lupa iklan apa gtu. Skilas lewat",0,,
UgyI3rtxvFkwQTlePhB4AaABAg,0,0,"2025-06-16 14:13:16",@nurrychan3316,"Kak bahas hedviga golik yang katanya meninggal di apartemenya selama 42 tahun baru ditemuin 😢",0,,
UgxttGCNK35K5YGcw3l4AaABAg,1,0,"2025-06-16 14:12:02",@rosdianafibri3505,"real banget ortu yang sering banget jadi korban, baru-baru ini ada tetangga ke rumah mau minjem uang buat ngirim uang ke mohon maaf sebut merek "" Baim wong"" untung banget mereka nanya ke kami yyang dah sadar teknologi , itu mereka kekeh kalau itu bener si artis, mereka udah video call, bahkan aku cek itu video yang mereka kirim smooth banget , ngerii banget aku sampe gak habis fikri bener -bener jahad banget orang-orang ini",0,,
UgxttGCNK35K5YGcw3l4AaABAg.AJREkv2ndcMAJREsWUmphp,,0,"2025-06-16 14:13:05",@rosdianafibri3505,"oiya mereka sebut embel"" semacam giftaway hadiah uang , miris banget",1,UgxttGCNK35K5YGcw3l4AaABAg,@rosdianafibri3505
Ugw7diFu5zSgp5q7DZV4AaABAg,0,0,"2025-06-16 14:11:58",@DelianaMamonto-y7m,"Kayak koko Denis ustadz yg ganteng yg udah insaf malah di Bikin AI iklanin judol",0,,
UgzIY9NktfS98KNiA_Z4AaABAg,0,0,"2025-06-16 14:11:15",@yudha810,"@nessie lihat street woman fighter AG Squad ada yg mirip deh",0,,
UgxDbgHu7UFs6DkyUQx4AaABAg,0,0,"2025-06-16 14:10:44",@AhmadRizal-q5x,"Kesini krna ada muka nadia omara wkwk",0,,
UgwHwg5JZycekIB5CPd4AaABAg,0,0,"2025-06-16 14:10:11",@xabiru0506,"ALASAN KNP GUE BENCI BGT SAMA ERA AI DAN SKRG UDAH GAK MAIN SOSIAL MEDIA SAMA SEKALI, KECUALI YOUTUBE & GOOGLE CHROME.",0,,
UgzIkEs8-lfycJNcvK94AaABAg,0,0,"2025-06-16 14:08:39",@amaliasujati,"Kenapa y tiap isi saldo pasti ada telpon seakan dia tahu lho tp kalau g da saldo dia g tlpn nomor nya macam macam ganti ganti juga😮",0,,
UgyX63AnhEzMXkeebd94AaABAg,0,0,"2025-06-16 14:08:20",@oreopi,"aku mau sprei gratis",0,,
Ugyz8ce-bURPEaVdMrV4AaABAg,0,0,"2025-06-16 14:07:38",@JamilatunNizaq,"Terlihat dari tatapanya pak presiden dan wakil presiden yang kosong",0,,
UgzIW0GP1hKnjlEXJrx4AaABAg,0,0,"2025-06-16 14:07:05",@sazatrianarisma1872,"Makasih udah bahas inii kak ness, beneran AI tu klau disalahgunakan bahaya bangett",0,,
Ugzv79ittNlmnF2XQOF4AaABAg,48,155,"2025-06-16 14:07:03",@yuliaexotic9631,"Ngomong ngomong soal scam.. Aku baru aja nih jd korban Love scam, baru aja beberapa hari yg lalu. Pria Malaysia yg bekerja di Polandia (Duda anak 1) Untung aku segera disadarkan sm semua saudara ku, setelah dia minta pembayaran biaya pengiriman untuk Hadiah yg dia kirimkan ke aku. Hadiahnya berupa Iphone, tas & sepatu branded, serta uang tunai dlm bentuk Dollar sebanyak $50.000 di dalam paket itu. Hampir aja aku tranfer 3.5 jt ko aja gak dicegah sm saudara2, ipar & ortuku. Krn saat itu aku kelihatan bgt bucinnya. Soalnya udh kenal dekat, saling mengenal pribadi masing-masing & aktifitas keseharian. Akhirnya jd Baper. (Kuakui Sandiwara & akting mereka emang jaho bgt, dan korban nya kebanyakan Cewek. Krn mereka pinter memainkan Emosi & Perasaan kita) Gila sih itu pengalaman paling unik, lucu dan tak terlupakan. Apa lg seblumnya aku sdh terlanjur Baper.. 😂😂❤❤ Semoga kalian bs ambil pelajaran dr pengalamanku yaa... Krn marak bgt Penipuan kek gini berupa giveaway, love scam, atau bonus hasil dr like atau share olshop gitu.. 😂😂",0,,
Ugzv79ittNlmnF2XQOF4AaABAg.AJREBKU76lwAJRyVpSLIhy,,4,"2025-06-16 21:00:32",@sahabatujungpena2119,"Kayak ku dulu ini mba wkwkw. Tapi cepet sadar.",1,Ugzv79ittNlmnF2XQOF4AaABAg,@yuliaexotic9631
Ugzv79ittNlmnF2XQOF4AaABAg.AJREBKU76lwAJS1WI-fTzn,,0,"2025-06-16 21:35:33",@yuliaexotic9631,"​@sahabatujungpena2119senasib...!! 😂",1,Ugzv79ittNlmnF2XQOF4AaABAg,@yuliaexotic9631
Ugzv79ittNlmnF2XQOF4AaABAg.AJREBKU76lwAJSK0spDu97,,9,"2025-06-17 00:17:17",@titiekniigata3451,"Udah seriiing ya ampuun...foto profilnya lelaki melayu,pake baju melayu,keliatan soleh...ngakunya org malay yg merantau ke london...sdg cari istri ..ibu utk anaknya....aku layani dl...aku tanya london dimananya?...trus aku cek kode negara...nigeria ternyata haha... Masak iya baru 1x chating,mau kirim hadiah...barang2 branded...dia fotoin pulak....hahaa...capek dek....lgsg aku blokir😂😂",1,Ugzv79ittNlmnF2XQOF4AaABAg,@yuliaexotic9631
Ugzv79ittNlmnF2XQOF4AaABAg.AJREBKU76lwAJSKgUixW_l,,6,"2025-06-17 00:23:06",@lindakristina8251,"Sama hei ,aku juga pernah gitu wkwkk . Endingnya aku nolak hadiah eh malah ngamuk dia hhh ,mana ngakunya orang Amerika wkwkk",1,Ugzv79ittNlmnF2XQOF4AaABAg,@yuliaexotic9631
Ugzv79ittNlmnF2XQOF4AaABAg.AJREBKU76lwAJSP8KOsY1w,,0,"2025-06-17 01:02:00",@yuliaexotic9631,"​@titiekniigata3451klo aku kenal beberapa hari, jd gak ada curiga di awal klo dia bakal nipu.. 😂😂😂",1,Ugzv79ittNlmnF2XQOF4AaABAg,@yuliaexotic9631
Ugzv79ittNlmnF2XQOF4AaABAg.AJREBKU76lwAJSPKRQicgh,,0,"2025-06-17 01:03:39",@yuliaexotic9631,"​@lindakristina8251bener. Pas aku batalin TF buat nanggung biaya kirim nya, dia langsung mengumpat keluar kata kotor. Marah bgt, krn Gagal. Awal kenal dr FB.. Ngakunya seorang Insinyur Kelautan.. 😂😂",1,Ugzv79ittNlmnF2XQOF4AaABAg,@yuliaexotic9631
Ugzv79ittNlmnF2XQOF4AaABAg.AJREBKU76lwAJSXH_3L4Kg,,2,"2025-06-17 02:13:10",@ociii8980,"Udah banyakk korbannya 😢",1,Ugzv79ittNlmnF2XQOF4AaABAg,@yuliaexotic9631
Ugzv79ittNlmnF2XQOF4AaABAg.AJREBKU76lwAJSflivfhF7,,3,"2025-06-17 03:36:04",@tyaradwita6543,"Ayahku pernah tp emang udh lama banget akupun masih SMP, emang ayahku duda. Masih inget nama ceweknya, mana ayahku udh ngirim duit. Ngaku-ngaku punya penyakit leukimia lah, lagi di rawat di singapura lah. Penipu ternyata, moga sekarang kena karmanya beneran punya leukimia itu orang. Emang gt love scam tuh permainin perasaan orang sampe baper.",1,Ugzv79ittNlmnF2XQOF4AaABAg,@yuliaexotic9631
Ugzv79ittNlmnF2XQOF4AaABAg.AJREBKU76lwAJSpp4XSkbr,,2,"2025-06-17 05:03:54",@BurjoNusantara,"Emak gue pernah hampir ketipu ini",1,Ugzv79ittNlmnF2XQOF4AaABAg,@yuliaexotic9631
Ugzv79ittNlmnF2XQOF4AaABAg.AJREBKU76lwAJSq2TYXQ_Y,,0,"2025-06-17 05:05:52",@yuliaexotic9631,"​@tyaradwita6543 jaman sekarang Sosmed itu penuh tipu-tipu jd jgn gampang percaya lg..",1,Ugzv79ittNlmnF2XQOF4AaABAg,@yuliaexotic9631
Ugzv79ittNlmnF2XQOF4AaABAg.AJREBKU76lwAJSq5kExZJB,,0,"2025-06-17 05:06:19",@yuliaexotic9631,"​@BurjoNusantarasyukur belum kejadian yaa..",1,Ugzv79ittNlmnF2XQOF4AaABAg,@yuliaexotic9631
Ugzv79ittNlmnF2XQOF4AaABAg.AJREBKU76lwAJSvB7c-m66,,6,"2025-06-17 05:50:44",@astriedaliston2011,"Aku juga pernah hampir kena love scam.. orgnya ngakunya org inggris, kerja sbg pilot, dan yg bikin aku curiga dia mau pindah Indonesia dgn kirim berbagaimacam hadiah dari tas branded, perhiasan, iPhone dll. Krna aku gak mata duitan awalnya cuma aku tolak aja tapi, orgnya maksa dan aku bilang yg intinya oke aku mau terima tapi aku gak mau keluarin uang krna gak ada uang. Dia bilang oke dan bilang di tasnya dia kasih uang selama dia jadi pilot. Nah ini yg bikin aku curiga 😅 ujungnya aku pura² mau terima, bahkan dia bisa kirim resi dan ada link buat cek pengirimannya juga. Kocaknya lagi pas dia kirim foto² barang yg mau dikirim aku cek detail dan itu bukan di inggris tapi dari Singapore 🤣 tetep iseng aku ikutin permainannya dan berlagak polos sampe ada yg ngaku kurir wa atau DM aku (lupa krna dah lama) bilang kalau mau masuk ke Indonesia harus bayar. Tentu awalnya aku tolak krna aku bilang gak punya uang buat bayar dan aku cuma sebagai penerima, jadi yg bayar harusnya yg kirim. Tapi krna pingin njebak akhirnya aku bilang mau bayar dan tanya rekening buat bayar dannn.. si kurir yg ngaku dari Singapore ini kirim rekening BNI yang ujungnya aku laporin nmr rekeningnya 😂 aku sempet buat story juga dlu terkait tipu² itu dan semoga gak ada yg kena tipu juga.",1,Ugzv79ittNlmnF2XQOF4AaABAg,@yuliaexotic9631
Ugzv79ittNlmnF2XQOF4AaABAg.AJREBKU76lwAJSxuhfxQM4,,0,"2025-06-17 06:14:34",@yuliaexotic9631,"​@astriedaliston2011nah persis bgt kaya ceritaku, pdahal aku gak minta hadiah. Tp dia keukeuh mau kirim. Katanya aku tinggal bayar bayar bea cukai krn hadiahnya sdh sampai Indonesia. dan disuruh TF ke pihak ekspedisi pakai Rekening BRI. Tp kebetulan saldoku lg kosong, dan keluarga ku pd wanti-wanti jgn mau TF. Kalopun hadiahnya real, pastikan sampai didepan mata dlu baru kita bayar. Sedangkan instruksi dr pihak ekspedisi, harus TF dlu baru proses pengiriman ke alamat rumah. 😂😂",1,Ugzv79ittNlmnF2XQOF4AaABAg,@yuliaexotic9631
Ugzv79ittNlmnF2XQOF4AaABAg.AJREBKU76lwAJTXxMKPlyo,,2,"2025-06-17 11:38:15",@rannyanggraeny3874,"Hampir jadi pengalaman sedihh , untung aja wkwk",1,Ugzv79ittNlmnF2XQOF4AaABAg,@yuliaexotic9631
Ugzv79ittNlmnF2XQOF4AaABAg.AJREBKU76lwAJTZlxC3Hn5,,0,"2025-06-17 11:54:10",@yuliaexotic9631,"​EmjeJanuar justru krn sering dikecewakan laki-laki indo, maka nya membuka hati sm produk impor. 🤣🤣 Tp ternyata sama aja ya. Nasib.. 😂😂",1,Ugzv79ittNlmnF2XQOF4AaABAg,@yuliaexotic9631
Ugzv79ittNlmnF2XQOF4AaABAg.AJREBKU76lwAJTZnE5Gp6F,,0,"2025-06-17 11:54:20",@yuliaexotic9631,​@rannyanggraeny3874😂😂😂😂,1,Ugzv79ittNlmnF2XQOF4AaABAg,@yuliaexotic9631
Ugzv79ittNlmnF2XQOF4AaABAg.AJREBKU76lwAJTZtXe7fec,,0,"2025-06-17 11:55:12",@yuliaexotic9631,"​@lindakristina8251horeee ada temennya.. 👏👏😂😂",1,Ugzv79ittNlmnF2XQOF4AaABAg,@yuliaexotic9631
Ugzv79ittNlmnF2XQOF4AaABAg.AJREBKU76lwAJTZxOqTEyJ,,0,"2025-06-17 11:55:43",@yuliaexotic9631,"​@titiekniigata3451sama persis..!! 😂😂",1,Ugzv79ittNlmnF2XQOF4AaABAg,@yuliaexotic9631
Ugzv79ittNlmnF2XQOF4AaABAg.AJREBKU76lwAJTiF6UTwLS,,2,"2025-06-17 13:16:55",@annachan12,"Aku juga pernah kak, diluar negeri juga tapi lupa negara mana. Pake baju tentara pokoknya dia selalu kasih tau aktifitas dia juga pernah kasih tau anaknya (alias duda) smua kehdpn dia pokokny smpe aku mau dilamar bahkan ngirim hadiah2 mewah ke aku tapi yah itu tetap bayar biaya transfortasi sebesar 3jt buat biaya ke lokasi aku aj pdhl dia gatau alamat aku wkwkw kalo biaya dri negarany ke indo gaush byr katanya wkwkw kan anehhh.. Untgny ak cepet sdr walau dia krm bukti smua brg2 mewah serta uangny tp ak ga lngsg percaya sih masa iya smpe sgtuny pdhl kan dia cakep bgt yaampuunn😂😂😂klo bnyk uang cri aj lngsg ke indo gprlu hana hono hini lg kann😂😂😂😂",1,Ugzv79ittNlmnF2XQOF4AaABAg,@yuliaexotic9631
Ugzv79ittNlmnF2XQOF4AaABAg.AJREBKU76lwAJTlNIuY-3b,,4,"2025-06-17 13:44:15",@yuliaexotic9631,"​@annachan12 betul bgt.. Mereka biasanya ngirim foto+ video keseharian mereka,biar tampak nyata. Dan lanjut update video pas lg mau membelikan hadiah buat kita, bener2 kaya real. Dr proses belanja, memilih barang2 sampai video mereka lg proses packing hadiahnya. 😂 So.. Jadikan pengalaman sbg Guru dlm kehidupan kita sebenarnya, biar kedepan lebih hati-hati lagi mengenal seseorang apa lg cm sebatas Sosmed. 😊😊",1,Ugzv79ittNlmnF2XQOF4AaABAg,@yuliaexotic9631
Ugzv79ittNlmnF2XQOF4AaABAg.AJREBKU76lwAJWs3AQmknQ,,0,"2025-06-18 18:40:24",@bunpienbimajourney133,"Q nemuin kasus gini 2x temen kerja q, akhirnya q bilangin klw itu penipuan",1,Ugzv79ittNlmnF2XQOF4AaABAg,@yuliaexotic9631
Ugzv79ittNlmnF2XQOF4AaABAg.AJREBKU76lwAJY8EhHwb5i,,0,"2025-06-19 06:29:46",@user-fn2er5lp9i,"​@titiekniigata3451 tetanggaku pernah juga diginiin. Udah kubilangin itu nipu tp ngeyel banget",1,Ugzv79ittNlmnF2XQOF4AaABAg,@yuliaexotic9631
Ugzv79ittNlmnF2XQOF4AaABAg.AJREBKU76lwAJYIDu4872U,,1,"2025-06-19 07:57:02",@kouchi7124,"Setauku udh lama kak. Th 2020 udh pernah liat orang yg kukenal jga gini . Dia janda udah emak2 . Untungnya di cegah jga",1,Ugzv79ittNlmnF2XQOF4AaABAg,@yuliaexotic9631
Ugzv79ittNlmnF2XQOF4AaABAg.AJREBKU76lwAJYQsP_EtUB,,2,"2025-06-19 09:12:36",@carolinelukita6639,"Aku kirim paket utk doi aku ke malaysia. Cuma bayar ongkir aja 140 rban kalau gk salah ingat dan pas sampai sana gk dimintai uang pajak/apapun. Kayak terima paket non cod aja gitu",1,Ugzv79ittNlmnF2XQOF4AaABAg,@yuliaexotic9631
Ugzv79ittNlmnF2XQOF4AaABAg.AJREBKU76lwAJYUbKr_CdL,,1,"2025-06-19 09:45:13",@yuliaexotic9631,"​@carolinelukita6639 pantesan yg belum pernah kirim atau Terima paket dr Luar negeri, gak ngerti prosedurnya gimana jd mudah terjebak sm permainan mereka.. 😂",1,Ugzv79ittNlmnF2XQOF4AaABAg,@yuliaexotic9631
Ugzv79ittNlmnF2XQOF4AaABAg.AJREBKU76lwAJ_P2XziAj3,,1,"2025-06-20 03:35:08",@ainipuspita7126,"kek temenku duluu juga gitu kak,udah tak kasih tau ngeyel,terus tak kasih tau bukti²nya di tiktok,baru dia percaya😭",1,Ugzv79ittNlmnF2XQOF4AaABAg,@yuliaexotic9631
Ugzv79ittNlmnF2XQOF4AaABAg.AJREBKU76lwAJ_Quzj48pC,,0,"2025-06-20 03:51:26",@yuliaexotic9631,"​@ainipuspita7126itu sih kelemahan cewek kalo udah terlanjur Bucin, logika nya pasti kurang jalan. Untung msh ada orang2 disekitar nya yg msh care biar gak terjerumus lebih jauh lg. ❤",1,Ugzv79ittNlmnF2XQOF4AaABAg,@yuliaexotic9631
Ugzv79ittNlmnF2XQOF4AaABAg.AJREBKU76lwAJ_uwdoYe8I,,1,"2025-06-20 08:22:33",@nonamegood6509,"Wah kisahnya agak mirip kyk gw dulu (10thn lalu) penipu berseragam militer,chat lwt email, dy sering kirim foto dy dgn ibu nya, dogie nya, tmn kerjanya, baru kenal 3 hari,dy mau kirim hadiah teddy bear,dlmya ada uang,iphone (alasan kirim ktnya nemu emas yg diselundupkan penjahat)drpd balikiin dan ngurus hasil penumuannya mending taro di luar keluarganya. Gak tanggung tanggung dy ada foto boneka teddy bear,sepatu (uang,perhiasan,iphone ada dl boneka ktnya). Dy lalu tanya alamat gw,dan mintol utk byrin becuk. Dy ksh no tlpn dan no rek becuk serta ksh form utk gw isi. Gw alasan aja iya nanti dikirim, lalu bsk dy tanya lagi,akhirnya krn ksel kyk diteror,gw tanya balik,kenapa gk taro di org becuk itu aja baeu klo udah aman di ambil dy. Tp byk alasan. Akhirnya gw gk mau balas email dy lagi . Stlh gw cb cari info tentang hal ini di google, byk kena tipu,malah mrk kena tipu jauh thn nya.",1,Ugzv79ittNlmnF2XQOF4AaABAg,@yuliaexotic9631
Ugzv79ittNlmnF2XQOF4AaABAg.AJREBKU76lwAJa2UXF5oRT,,2,"2025-06-20 09:37:13",@nataliadwiyanti1657,"eh sahabat ku juga prnah kenak love scam sama duda di belanda anak 2 cewe semua. tapi gak jadi dia kirim krna waktu mau ngirim uang dia chat ke aku tanya2 soal bayar beacukai. karena cowo itu mau ngirim paket barang sama uang cash, tapi berhubung indonesia harus bayar beacukai dia minta ke sahabat ku untuk bayarin dlu beacukainya nnti di ganti sama dia... berhubung aku prnah beberpa kali kenak bayar ke beacukai jd sahabatku tanya ke aku berapa habisnya. hahahhahahaa... dan pas aku cek d twitter tuh duda udh banyak nipu org",1,Ugzv79ittNlmnF2XQOF4AaABAg,@yuliaexotic9631
Ugzv79ittNlmnF2XQOF4AaABAg.AJREBKU76lwAJaITlst95p,,0,"2025-06-20 11:56:55",@yuliaexotic9631,"​@nataliadwiyanti1657untung Tersemalatkan yaa... 😂😂❤❤",1,Ugzv79ittNlmnF2XQOF4AaABAg,@yuliaexotic9631
Ugzv79ittNlmnF2XQOF4AaABAg.AJREBKU76lwAJcT1eNPA8n,,1,"2025-06-21 08:07:41",@Azizam_tv,"Naah ini salah satu trik scammer jdi klau udh minta tf udh mnding mundur aja dri pada rugi😂",1,Ugzv79ittNlmnF2XQOF4AaABAg,@yuliaexotic9631
Ugzv79ittNlmnF2XQOF4AaABAg.AJREBKU76lwAJctwT4Cnfa,,1,"2025-06-21 12:11:30",@yuliaexotic9631,"​@Azizam_tv untung nya Batal TF, krn dihalangi sm Keluarga. Mereka menganggap aku sdh kena Hipnotis, padahal aslinya udh dibikin Baper sampai Logikanya hampir gak jalan.. 😂😂😂😂",1,Ugzv79ittNlmnF2XQOF4AaABAg,@yuliaexotic9631
Ugzv79ittNlmnF2XQOF4AaABAg.AJREBKU76lwAJdU9xGxLDj,,1,"2025-06-21 17:36:48",@kakaamla,"Pliss gw udh kena korban love scam kek gini anjirrr😭😭😭😭😭 1 bln yg lalu😭😭😭",1,Ugzv79ittNlmnF2XQOF4AaABAg,@yuliaexotic9631
Ugzv79ittNlmnF2XQOF4AaABAg.AJREBKU76lwAJeDnfUWIQs,,1,"2025-06-22 00:33:03",@yuliaexotic9631,"​@kakaamlasenasib.. 😭 Tp aku msh selamat krn gak sampai transfer duit..",1,Ugzv79ittNlmnF2XQOF4AaABAg,@yuliaexotic9631
Ugzv79ittNlmnF2XQOF4AaABAg.AJREBKU76lwAJeU4XPhwoD,,2,"2025-06-22 02:55:18",@erlindafa6432,"Waduhhh sama kayak kasusku dulu ini😂 pernah juga hampir ketipu sama oppa"" korea disuruh transfer 5 juta. Untungnya aku pas lagi gaada duit jadi aman🤣 habis tu dia marah aku di blok gara"" ga aku tf",1,Ugzv79ittNlmnF2XQOF4AaABAg,@yuliaexotic9631
Ugzv79ittNlmnF2XQOF4AaABAg.AJREBKU76lwAJeXpSBnuw7,,0,"2025-06-22 03:28:03",@yuliaexotic9631,"​@erlindafa6432nah sama, pas kita gak bs TF ke dia. Dia nya langsung Marah. Yg tadinya Sopan, lembut berubah jd Kasar & mengumpat. Akhirnya aku ilfeel & langsung ku blok. 😂😂",1,Ugzv79ittNlmnF2XQOF4AaABAg,@yuliaexotic9631
Ugzv79ittNlmnF2XQOF4AaABAg.AJREBKU76lwAJggpJGlc9g,,1,"2025-06-22 23:33:54",@rochayatiyati4492,"Aku sering ikut aplikasi dating banyak love scam aku kerjain aja 😅",1,Ugzv79ittNlmnF2XQOF4AaABAg,@yuliaexotic9631
Ugzv79ittNlmnF2XQOF4AaABAg.AJREBKU76lwAJi1VuBWTkk,,1,"2025-06-23 12:02:35",@kimvia5348,"Kak sama banget plisss, cuma beda aku orang Malaysia yang tinggal di turki",1,Ugzv79ittNlmnF2XQOF4AaABAg,@yuliaexotic9631
Ugzv79ittNlmnF2XQOF4AaABAg.AJREBKU76lwAJi6BpXxzEc,,0,"2025-06-23 12:43:32",@yuliaexotic9631,"​@kimvia5348 trus udh sampai transfer belum ?? Klo aku syukurnya belum, krn digagalkan & disadarkan sm keluarga.. 😂",1,Ugzv79ittNlmnF2XQOF4AaABAg,@yuliaexotic9631
Ugzv79ittNlmnF2XQOF4AaABAg.AJREBKU76lwAJnZ_D2jJeB,,1,"2025-06-25 15:36:29",@put_16,"Ini udh pernah ketemu km kak? Atau cuman lewat sosmed?",1,Ugzv79ittNlmnF2XQOF4AaABAg,@yuliaexotic9631
Ugzv79ittNlmnF2XQOF4AaABAg.AJREBKU76lwAJoFcquqbBF,,0,"2025-06-25 22:01:27",@yuliaexotic9631,"​@put_16lewat sosmed doang, janjinya mau ke Indonesia bulan depan buat ketemuan. Tp sebelum datang, dia udh janjiin mcm2 hadiah padahal aku gak minta. Sempat merasa Aneh waktu itu, cm firasat aku jd tertutup krn Perhatian & Mengaku pengen serius. Bodoh bgt aslii... Klo cewek udh dibikin bucin. Jd kedepannya harus lebih hati-hati mengenal seseorang lewat sosmed kecuali sampai ketemu langsung dulu.. 😅",1,Ugzv79ittNlmnF2XQOF4AaABAg,@yuliaexotic9631
Ugzv79ittNlmnF2XQOF4AaABAg.AJREBKU76lwAJpyRROkWcG,,1,"2025-06-26 14:00:57",@lisaagustina2707,"Aku klo yg tidak realistis ga bisa nyantol dalam bentuk apapun..kayak tidak mau ngrespon bukan krn takut penipuan tp krn emg tidak minat.",1,Ugzv79ittNlmnF2XQOF4AaABAg,@yuliaexotic9631
Ugzv79ittNlmnF2XQOF4AaABAg.AJREBKU76lwAJq300RYTHN,,0,"2025-06-26 14:49:38",@yuliaexotic9631,"​@put_16baru kenal lewat Sosmed, gayanya mau ngajak ketemuan tp sebelum ketemu dia sandiwara mau kirimin hadiah, nah disitulah aksi Tipu-tipu mereka dimulai.",1,Ugzv79ittNlmnF2XQOF4AaABAg,@yuliaexotic9631
Ugzv79ittNlmnF2XQOF4AaABAg.AJREBKU76lwAJr2XAna8ef,,1,"2025-06-27 00:04:40",@septiananurh4043,"Aku jugaa pernah 😭🤏🏻",1,Ugzv79ittNlmnF2XQOF4AaABAg,@yuliaexotic9631
Ugzv79ittNlmnF2XQOF4AaABAg.AJREBKU76lwAJrFxp2v8Jv,,0,"2025-06-27 02:02:02",@yuliaexotic9631,"​@septiananurh4043 sdh sampai TF belum..?? Kalo belum, msh terselamatkan.. 😁",1,Ugzv79ittNlmnF2XQOF4AaABAg,@yuliaexotic9631
Ugzv79ittNlmnF2XQOF4AaABAg.AJREBKU76lwAKi22KgYFfm,,0,"2025-07-18 08:38:41",@BoyyLiiToo,"ini sih mamaku juga pernah hampir terjerumus, cuman aku jelasin hal hal fakta contohnya : 1. nelpon ga pake video call atau bahkan suaranya beda beda 2. nelpon dengan kata kata manis biar si emak ku ini ter lope lope😂 3. minta uang untuk pengambilan paket di bandara yang pas aku cek, ga ada sama sekali",1,Ugzv79ittNlmnF2XQOF4AaABAg,@yuliaexotic9631
Ugzv79ittNlmnF2XQOF4AaABAg.AJREBKU76lwAOof6bnime7,,1,"2025-10-28 08:29:49",@ariaja3448,"Sama kak,aku juga pernah Dy ngakunya orang Malaysia tinggal di London,Dy dpt no wa aku entah dmn,Dy minta foto pribadi aku yg sendiri,TPI aku langsung blok",1,Ugzv79ittNlmnF2XQOF4AaABAg,@yuliaexotic9631
Ugzv79ittNlmnF2XQOF4AaABAg.AJREBKU76lwAOoqRU-mo7U,,0,"2025-10-28 10:08:47",@yuliaexotic9631,"​@ariaja3448jgn mau yaaa... Hati-hati bgt, apalagi klo sdh menyangkut uang disuruh TF dgn alasan apapun.",1,Ugzv79ittNlmnF2XQOF4AaABAg,@yuliaexotic9631
Ugxgzhi9SGK7_pkybkN4AaABAg,0,0,"2025-06-16 14:04:29",@Nael_2025,"Yee aku pernah menang giveaway dari @osellaindonesia",0,,
UgwEz2_9AvaYeZLhcoN4AaABAg,0,0,"2025-06-16 14:03:52",@bimomarchellino5838,"너무 너무 귀여워요 정말 진짜 귀여워 🤪🤪🤪",0,,
Ugyqq3WIifJGiKJLFD94AaABAg,0,0,"2025-06-16 14:03:28",@eiykalye5553,"Pernah kena scam dengan Cara sebegini , ya memang depression, kemurungan , selepas tu jumpa ex perangai Macam scam , Lgi depression walaupun selepas dh lama kena scam , dan para scammer termasuk ex bf , memang celaka hidup tk akan aman",0,,
UgzFE_o9rLggtulxXeh4AaABAg,0,0,"2025-06-16 14:02:35",@Yosya_Drawing,"Aku penah kak aku di telfon di bilang ibu yosya padahal aku kelas 6 mau kelas 7 omgt langsuh ku matikan telfonku di dalam hatiku aku gini cok sopo iki cok anjir wedi aku",0,,
UgzdFx-dST7FcCbP-2h4AaABAg,1,4,"2025-06-16 14:02:23",@penyukahal2random602,"Kyaknya AI lebih banyak ngeri nya ya?? Ku kira kak Nadia mau cerita langsung soal kasus itu. Kaget sih pas di IG ngeliat story atau postingannya kak Nadia yg ngutuk pelaku. Terus, ku pernah ikutan GA, ya dr grub2 gitu ( kayak dr penerbit buku sama komunitas game ). Dan dapet uang juga. Sekarang mah, ikutan doank, menang kagak..tp seru^^",0,,
UgzdFx-dST7FcCbP-2h4AaABAg.AJRDeCS8P5LAJRILtjK-fp,,0,"2025-06-16 14:43:26",@sky17-q8s,Iya,1,UgzdFx-dST7FcCbP-2h4AaABAg,@penyukahal2random602
Ugw9Koy2v_RBaem50iV4AaABAg,0,0,"2025-06-16 14:01:33",@selvirizmadani3567,"pernah dapet giveaway raffi ahmad 6juta dan itu jelas bgt AI karena pas video call ngga nyambung diajak ngobrol, bibirnya mencang mencong lagi wkwk tapi gatau deh gue tetep dpt😂",0,,
Ugxo-HqhC_U6Ej0-0D94AaABAg,0,0,"2025-06-16 14:01:09",@MawarWarni-e3z,"Kesini gara gara liat poster, kok ada Wak nad",0,,
UgwGndHwcu42cUpgkX14AaABAg,0,1,"2025-06-16 14:00:31",@eingarde,"Kak nessie, bahas kasus byford dolphin dong. 🙏 makasih.",0,,
Ugy4dL9s7_5yL91vEbN4AaABAg,0,0,"2025-06-16 13:58:44",@virdiawanip2278,"Jd inget video AI dr Terawan yg jualan obat",0,,
UgyX765rYWGZ9q33xUF4AaABAg,0,2,"2025-06-16 13:56:43",@DinaNursafitri-w8x,"Ngga ekspect kalo bapakmu kak ness😭🤣",0,,
Ugzn8LF3kXmD2epnNx94AaABAg,0,0,"2025-06-16 13:56:29",@novinovianti4502,"Lebih baik Batasin Media Sosial 😅 dan Juga hati-hati,jangan mudah percaya Give Away dari manapun.",0,,
UgxQJ_nWD8tdmGN1vhl4AaABAg,0,1,"2025-06-16 13:55:46",@nf.axlia2,"Aku baru 1 minggu yang lalu. Tiba-tiba di call org yg ngaku nya petugas bank.. Katanya ada transaksi mencurigakan dari no rek ku... Tapi dia minta no rek ku ulang ya aku ngomong dong.. "" loh pak, kamu katanya tau ada transaksi mencurigakan di rek ku kok tanya rek ku ulang"" trs dia ngomong apa gtu trs ku tanya "" yakin pak ATM saya? Memang nama saya siapa? "" tu org diaammm.. Trs aku ngomong lagi "" pak kalau nipu tu yang pinter dikit bisa ngga? "" auto di matiin 🤣😭",0,,
Ugw-vZUExpR19Y4WJj94AaABAg,0,0,"2025-06-16 13:55:36",@basbertu95,"I love you to ka nessie",0,,
UgwltSRYMiWQZxPC5GZ4AaABAg,0,0,"2025-06-16 13:55:19",@kyiest,"0:36 WOE WKWKWKWK GAK EKSPEK BGT KAK",0,,
Ugx7von0nYcWvQng1Np4AaABAg,0,0,"2025-06-16 13:55:09",@syarifamrullah8975,"Sama kaya kasus ka gerald vincent 24:57",0,,
UgyY2hQ4hvj9q1mB-814AaABAg,0,0,"2025-06-16 13:54:13",@EdwinNaa-m3e,"05:11 ada 𝐏𝐑0𝐁𝐄𐊗𝟖𝟓𝟓 ★",0,,
Ugwlrzb1eduNYbEwCWV4AaABAg,0,0,"2025-06-16 13:54:00",@siantiwidasari6477,"Aku pernah lihat video Chef Devina nawarin panci dg harga sangat murah. Tapi aku ngga percaya apalagi membeli nya😅😂",0,,
UgwERfFgh-qE1JW8S4F4AaABAg,0,0,"2025-06-16 13:53:53",@lidiaefendi3415,"Seriusin kasus narkoba dong pemerintah, penipuan 12th. Pengedar 3th🙃",0,,
Ugy76JdhJdM1Q5xVW-h4AaABAg,0,3,"2025-06-16 13:53:16",@HanHani-1994,"Aku klo di tlp sama mba2 jasa pinjol, pasti lgsg ngomong gini ""mba, gak capek yaa cari uang dengan cara begini?"" Mba nya auto mengakhiri telfon.",0,,
UgyXd3pN7vhFNnDq9Rx4AaABAg,0,1,"2025-06-16 13:52:49",@Novianto-BP,"Waspada waspadalah di mana ada kesempatan di situlah ada kesempatan dan kejahatan dari orang2x yg memakai Deepfakes dan AI scr salah!!",0,,
UgzRJ_xeijblGoFI5s54AaABAg,0,1,"2025-06-16 13:52:34",@nogaraycahyayama43,"jadi ke penonton ke 36.383 viewers 😊😊",0,,
UgzFQyh5e0SVcw0YEZ14AaABAg,0,0,"2025-06-16 13:51:37",@Enuldanyiyi,"Yang ai indo nya ketara bohongan bgtt 🗿",0,,
UgwMwgbVNDCUSSCfYax4AaABAg,0,0,"2025-06-16 13:51:32",@oktaprasetya6488,"Dari duluuu bgt setia nontonin Nessie sama Nadia Omara, nunggu banget mereka collab bareng dlm satu frame, kira-kira kapannn yaaa 😅",0,,
UgxCn6uHgZu4_A19KxR4AaABAg,0,0,"2025-06-16 13:51:13",@WindaVirgo,"waspada ya temen²",0,,
UgybDFMppuX41EEvelB4AaABAg,0,6,"2025-06-16 13:50:58",@kuroyokki7700,"Wah, JS bsa kena denda 12M ya.. itu yg koru-ehem kok denda dan tahanannya semakin dipangkas ya?",0,,
UgwCIixgDPPGkURlg8V4AaABAg,0,0,"2025-06-16 13:50:54",@doblehhh06,"menurut ku AI adalah ciri ciri kemunculan dajjal",0,,
Ugz54uIEC8DROnhQNnt4AaABAg,0,0,"2025-06-16 13:50:01",@ahmadmubarok8263,"Kak spil tanaman belakang itu ga mau tau pokoknya spil di ig yak",0,,
UgxWJ-UEagY3xhWPV4F4AaABAg,0,0,"2025-06-16 13:49:30",@pendishu2510,"Saya juga pernah lihat video chef Renata yg mempromosikan panci labu, tapi saya tw itu tipuan.",0,,
Ugyj1WWlwmfHXQnek2Z4AaABAg,0,0,"2025-06-16 13:49:20",@RiniYuliani-d5z,"Langsung gercep kaka nesi gas nonton👍",0,,
UgwMg1up51QtvJ3z0Px4AaABAg,0,1,"2025-06-16 13:49:14",@yayahsofiah6492,"Kok tetiba ada kak nadia omara 😂😂",0,,
UgwgW7TyVUiKsdlbeNN4AaABAg,0,0,"2025-06-16 13:48:59",@YazidHLH,"Lihat thumbnail ku kira nadia omara eh ternyata beneran dia yg dibahas",0,,
Ugxh4-J_jVZ14cJZ88B4AaABAg,0,0,"2025-06-16 13:48:10",@nandaloka6401,"JS kurang pinter nih. Nyuri 65jt resikonya 12 tahun. Mending triliunan sekalian, hukumannya cuma setengahnya wkwkwk",0,,
Ugx9ZcIr1kWb85dAO2d4AaABAg,0,1,"2025-06-16 13:45:26",@randuhartono9578,"Give away baim wong 😅 tpi d suruh tf wkkk brarti pnipuan...",0,,
UgwWkTQQP8mlBQME90V4AaABAg,0,0,"2025-06-16 13:43:25",@ratnaindrawati2825,"2023 baru tau Instagram??",0,,
Ugw-yCHm--EqQ-76HIB4AaABAg,0,8,"2025-06-16 13:43:09",@bsoda69,"Nomor yang dibuat bisnis pasti ADA AJA yang nelepon penipuan, oleh karena itu pisahkan HP dan nomor untuk keluarga dan bisnis, jadi nomor kamu jangan disatukan bisnis sama keluarga.. dan nomor bisnis pastikan pake aplikasi blokir nomor gak dikenal, biar yang nelepon mikir untuk WA dulu sebelum nelepon.. kalo WA nya penting atau relate dengan urusan kita kemungkinan dia beneran bukan penipu, tapi kalo isi WA nya sus ya tau sendiri langsung blok aja..",0,,
UgyBZL74yp6GYmpndfd4AaABAg,0,0,"2025-06-16 13:43:00",@Whoisalhgi,"Tepatnya sehari sebelum Idul Adha tahun ini saya di tipu dengan metode seperti ini. Uang tabungan yang seharusnya dipakai untuk masa depan lenyap. Be careful kawan semua jangan sampai apa yg terjadi pada diri saya terjadi pada diri kalian. Dan terpenting cek dulu no tersebut di aplikasi karna penipu zaman sekarang lebih cerdik.",0,,
Ugx255lCp5qML1H_kUl4AaABAg,0,0,"2025-06-16 13:42:55",@jjaehiii5623,"Oohhh papanya kakak? 😂😂",0,,
Ugw5IFJGenfkLiPXBj54AaABAg,0,0,"2025-06-16 13:42:19",@aadeliia1444,"Ibuku bisa setiap hari mrnang give away woy gila bgt nomer bisa bocor kmna mana gini",0,,
UgwTfrUTB8KFyOtP0xV4AaABAg,0,0,"2025-06-16 13:41:58",@barahir-7,"JS belike bukannya wapres nya dukung AI ya , confused",0,,
Ugw3tvjIFxhro7eTCQF4AaABAg,0,0,"2025-06-16 13:41:35",@Mamangatip,"ai ini sbenernya bagus untuk kepentingan bisnis tapi sangat disayangkan disalah gunakan sama orang orang yang ngga punya etika dan merugikan orang lain",0,,
UgxVwfm7lzDsfNjQWx14AaABAg,0,0,"2025-06-16 13:40:09",@lisnawatidewi9923,"Ternyata ibu ibu Eropa bisa ke tipu juga",0,,
UgwJxgJftXBFiEjBQ1p4AaABAg,0,0,"2025-06-16 13:39:23",@IndartiTriUtami,"Emak gw korban ai di youtube woyyy😂",0,,
Ugz50-U1Fhsd1St6cpB4AaABAg,0,0,"2025-06-16 13:39:11",@ahmadzulfikar3567,"Wak Nad. Ka nessie idolamu dulu ngebahas km loh 😁. Bahkan jd thumbnail .",0,,
UgyEsmeJH2jLfERN8Id4AaABAg,0,0,"2025-06-16 13:37:36",@ranissaanissa5311,"Di tiktok banyak kyak gini hampir 5x dpt pesan kyak terpilih dpt Hadian 10jt tapi ujung"" nya suruh TF dlu sekitar 350rb",0,,
UgxGLxFeEZVULpYbHxZ4AaABAg,0,0,"2025-06-16 13:35:58",@WildanHabib-u1m,"Korban ai nih,chai maksudnya,hehe, kecintaan bgt ini SM chai",0,,
Ugwk8g4mu3uaUSL8rFl4AaABAg,0,0,"2025-06-16 13:35:05",@sukayeni01,"Banyak banget suka nemu video2 publik figur yg promoin judol pakai AI",0,,
UgyeORPK4Sr4HD7rsgZ4AaABAg,0,0,"2025-06-16 13:34:59",@Ateuika,"Bumil ❤",0,,
UgzULoXeMsW7cFWR_b54AaABAg,0,0,"2025-06-16 13:34:18",@chamey04,"Bahkan gw terpaksa hrs blok otomatis panggilan nomer yg gk gw save 😢 jd org2 yg ada kepentingan hrs lewat wa. Tiap hr nomer baru tlp banyak bgt, bsa smpe 4-5 nomor. Kdang nawarin asuransi, pinjaman yg paling byk y itu lah ktanya gw menang ini itu",0,,
UgxW0OTbuafVaEv72EZ4AaABAg,0,2,"2025-06-16 13:33:21",@matchafrapeeee23,"makasii bgt ka nes udh bahas isu2 AI ini biar org2 makin aware",0,,
UgzcJkDjwFwj_KLWyVx4AaABAg,0,0,"2025-06-16 13:33:07",@lyfhr1904,"tapi si elon di X itu sering banget post ttg crypto? kripto? entah gmn typingnya",0,,
UgzJp2DY2DBHSM_pDDh4AaABAg,0,0,"2025-06-16 13:33:06",@AnharAnharTobadak,"setiap hari nmr ku yang digunakan komunikasi WA ada aja yg nelpon,, capek blokir. Mau gnti nmr, nmr ini udah dipakai dari tahun 2012🫨",0,,
UgxU0Fd40vdIFJDvbIh4AaABAg,0,0,"2025-06-16 13:32:36",@matchafrapeeee23,"brad pitt dicariin jodoh sm nyokapnya😭",0,,
UgxSZhSmUgUn4109KQZ4AaABAg,1,5,"2025-06-16 13:32:28",@helenddespianti4128,"Punya temen yang begini ibu2 selalu ngira dia pacaran sama tentara bule, udah diingetin sama temen2nya itu penipuan tetep ga percaya. Sampe gw nyari akun cwo yang aslinya terus nanya langsung, orang ysb bilang udah banyak yg ketipu sama orang2 yang pake foto dia. Gw kasih tau ke ibu itu tapi tetep ngeyel. Sekarang udah males ngingetinnya soalnya temen2 yg lain juga malah di katain suka ngurusin hidup orang 😊",0,,
UgxSZhSmUgUn4109KQZ4AaABAg.AJRAE6XgWozAKTJKpHv6WH,,0,"2025-07-12 06:01:54",@qinana1008,"Ini tunggu kena dlu baru sadar",1,UgxSZhSmUgUn4109KQZ4AaABAg,@helenddespianti4128
Ugwkxjxik7tn3AFXsNx4AaABAg,0,0,"2025-06-16 13:31:21",@poororoo,"Yuk gabung member SUKAJP tempat berkumpulnya para Member dengan game - game yang Asyik dan beneran PECAH, rasain sensasi kemenangannya, hanya 👉 👉 👉 SUKAJP",0,,
UgzSnOA3jNl41Z8n6IF4AaABAg,0,0,"2025-06-16 13:31:07",@MieyaAmiee-u7q,"Ini sih harus viral! 𝙋𝙧𝙤𝙗𝙚𝙩855",0,,
UgzTP1n2lcZ7bC1YJu54AaABAg,0,0,"2025-06-16 13:31:07",@GaunSir-h7h,"Keren banget 𝗣𝗿𝗼𝗯𝗲𝘁𝟴𝟱𝟱 Pengen main lagi tiap hari! 😎",0,,
UgxTylvzyF2mW7TArSZ4AaABAg,0,0,"2025-06-16 13:30:44",@FujiWdinur-or8wr,"Udh 2 minggu kebelakang bahkan barusannn bangett ditelepon terus menerus dengan ribuan nomer yg beda2, gedegg bgttttt",0,,
Ugyolg_L3VGZBq1VSRt4AaABAg,0,0,"2025-06-16 13:30:29",@srihartini6247,"Modus AI Brat Pit pernah terjadi bbrpa th yg lalu tp via FB, dgn cara yg sama. Temanku kena tipu sampai 40jt, wow jumlah yg tdk sedikit. Jaman now hrs Cerdas dlm menggunakan medsos ☝️",0,,
Ugw3uPj5W9txHwD2GgN4AaABAg,0,0,"2025-06-16 13:30:29",@yulipuspita5723,"ortu ku semalem kena tipu 500rb😭😭 di chat nomor baru dgn profil org yg di kenal ehh malah penipu😭",0,,
UgyrOa6ZiNTvWQ-uTgZ4AaABAg,4,35,"2025-06-16 13:30:14",@cannasakura,"Iklan2 yang berseliweran di youtube juga seharusnya ditangkep2in, soalnya mereka ambil gambar tokoh2 terkenal utk mengiklankan product mereka.",0,,
UgyrOa6ZiNTvWQ-uTgZ4AaABAg.AJR9yiP_oqMAJSds8ZP3Vk,,1,"2025-06-17 03:19:27",@Nemanjaayura,"Sering liat pakai video pak terawan pakai AI untuk iklan obat diabetes 😅😅",1,UgyrOa6ZiNTvWQ-uTgZ4AaABAg,@cannasakura
UgyrOa6ZiNTvWQ-uTgZ4AaABAg.AJR9yiP_oqMAJToSSv6p65,,0,"2025-06-17 14:11:10",@akunformalitas,"Dr. Tirta juga jadi korban AI 😂",1,UgyrOa6ZiNTvWQ-uTgZ4AaABAg,@cannasakura
UgyrOa6ZiNTvWQ-uTgZ4AaABAg.AJR9yiP_oqMAJTvGg6D8Qm,,0,"2025-06-17 15:10:44",@maziieal-zibran4368,"Iya lagi, pas pemilu semua capres kena. Pak Anies bagi2 kacamata, pak Prabowo bagi2 sprei gratis, pak Ganjar bagi2 mukena 😭😭😂",1,UgyrOa6ZiNTvWQ-uTgZ4AaABAg,@cannasakura
UgyrOa6ZiNTvWQ-uTgZ4AaABAg.AJR9yiP_oqMAJzGy9c4jUD,,0,"2025-06-30 04:44:44",@asjsjxoxo,"​@Nemanjaayura kalau Nagita Slavina juga kena juga kok,aku sering lihat iklannya,pake muka Mbak Nagita",1,UgyrOa6ZiNTvWQ-uTgZ4AaABAg,@cannasakura
UgzP6gRQNLy4KZC6ec54AaABAg,0,0,"2025-06-16 13:29:31",@Sasalessonenglish,"Aku kemarin juga habis kena scam. Tiba-tiba di dm sama seseorang di Instagram yang profil ignya tuh kek orang biasa gitu, I think dia mau berteman gitu soalnya waktu dm tuh dia bilang ""kak ayo saling follow"" nah terus aku ok deh gpp soalnya dari salah satu temanku tuh ngefollow dia so I think dia itu temennya temenku jadinya aku ok in aja. Terus tiba-tiba dia kirim link terus disuruh deh, kak tolong dong like nanti kalo dah like kirim screenshot ya. Buat tugas sekolah (katanya). Terus waktu aku klik ternyata timbul logo Instagram gitu dan seolah-olah tuh kita suruh log in ig tapi lewat chrome eh ternyata after aku log in yang keluar judol :D after that aku marahin deh tuh orang yang dm dan ternyata waktu aku chat temenku dia juga chat sama kaya suruh follow gitu. Setelah aku buka link itu aku baru sadar dan ngeh ternyata link nya bukan link ig gitu loh. Kan kalo ig pasti linknya kaya https. Instagram gitu nah link yang dia kasih tuh gaada kata Instagram nya. Jadi yah be careful all.",0,,
UgyCJi-nNZwn0hQMiPh4AaABAg,0,0,"2025-06-16 13:29:28",@rosaravan6524,"aku sering juga di telpon sama penipu, tapi kok dia bisa dapat informasi tentang kita dan nomer kita ya🤔🤔 apa iya mereka ngasal tapi kok bisa tau nama lengkap kita ya?🤔🤔",0,,
UgyLGZ_kQVDAXEFj7_N4AaABAg,0,0,"2025-06-16 13:28:51",@tatianfarma6756,"THE MORAL IS... REPORT!! sesegera mungkin kalau kalian lihat iklan2 aneh bibir dan suaranya gk singkron. Sedikit usaha REPORT!! mu sangat berperan besar bagi 270-an juta rakyat Indonesia minimal, atau bahkan dunia. Semangat memerangi kejahatan. BERSAMA KITA MAJU. 🙂🙂",0,,
UgxAG5IP7ZEoKNMsnfx4AaABAg,0,0,"2025-06-16 13:28:05",@ummyzubaydach4571,"Jadi inget penipu ngaku jadi Taylor Swift minjem duit 1jt😂",0,,
UgzShfEofwsCv1ARWjx4AaABAg,0,2,"2025-06-16 13:26:06",@kaniaakhriyanto3264,"D daerah aku ada yg ketipu katanya dapet hadiah dari rafi ahmad,bahkan sampe vc katanya emang muka nya muka rafi...dia lagi d sawah d minta tf 2500000 ntar katanya 3 hari baru cair dari rafi nya Dan heran nya ko orang ke tipu gitu gampang banget ya dapet uang pinjaman nya..",0,,
Ugxu3pGfpTWKWJNermt4AaABAg,0,2,"2025-06-16 13:25:47",@ariyoadam3205,"Orang-orang punya banyak duit, ya 😂",0,,
UgwwTy_qecExz1sypJB4AaABAg,0,0,"2025-06-16 13:23:03",@kelvoons,"Generasi yang suka olok olok gen Z 😛😛😛 emang mereka agak tulul tapi nyalahin generasi lain dihhhhhhhhh",0,,
UgyQBR-8f9UDUzBvQaZ4AaABAg,0,0,"2025-06-16 13:20:46",@gracewang1805,"gilayakk uda sengeri itu ai jmnnow... yg beneran jjur malah org"" pd skeptis ga prcaya saking uda byknya scam. paling kesian liat yg org"" tua itu sumpa :(( gatga",0,,
Ugx88maAZTVu0rbZqsV4AaABAg,2,5,"2025-06-16 13:19:44",@nimassekar4491,"Plis minggu lalu ada yg telfon nomor ayahku ngakunya dari telkomsel dan bilang kalau kita dapet hadiah pulsa 50.000. dan anehnya pulsanya masuk bukannya seneng kita malah pusing mikir penipuan apa lagi iniiii",0,,
Ugx88maAZTVu0rbZqsV4AaABAg.AJR8lqREBQmAJROM8Ha1UZ,,0,"2025-06-16 15:35:54",@mr_adam_dum_dam,"Wahhh itu benar tu. Jgn lpaskan pluang. Rugi... hanya 50ribu. Gas terus..... beruntung",1,Ugx88maAZTVu0rbZqsV4AaABAg,@nimassekar4491
Ugx88maAZTVu0rbZqsV4AaABAg.AJR8lqREBQmAJRP-QfEs1N,,0,"2025-06-16 15:41:32",@twizaokta,"Wah sama kak",1,Ugx88maAZTVu0rbZqsV4AaABAg,@nimassekar4491
UgzsNv1c64B9GvKpsup4AaABAg,0,1,"2025-06-16 13:19:27",@hahhh260,"Jangan banyak iklan nessie!",0,,
UgxKgh4Y9dy0dVb23Xx4AaABAg,0,0,"2025-06-16 13:16:03",@himawarindo,"Kata teman saya: tidak ada yang gratis. Kalau ada cara mudah untuk mendapatkan uang, pasti itu SCAM. Dan korban SCAM biasanya terlalu baik atau terlalu rakus. Note: cukup uang 40 juta rupiah sudah bisa membuat video deepfake sangat rapi. Jadi bijak-bijaklah dalam melihat informasi apapun.",0,,
Ugxu_lIWP5n4JZAlz8h4AaABAg,0,0,"2025-06-16 13:15:30",@trinurmalasari2077,"Gila sih ini penipu2 makin pinter makin canggih..semoga kita d lindungi dr para penipu2 ini.. aamiin",0,,
UgweMbUN3v1giH-VF2l4AaABAg,3,60,"2025-06-16 13:15:11",@tunjungbrahmakerti229,"mau cerita, jadi ibuku pernah hampir ketipu, jadi ada yang pakai nama FB temennya ibuku, nah temennya ibuku ini emang pengusaha travel, nah nggak tau gimana ceritanya chat ke ibuku minta tolong beliin pulsa 500k nanti di ganti 600k, nah ibuku percaya banget sama orang ini soalnya pakai nama temennya, sampai maksa aku buat beliin sampai bertengkar katanya lumayan, mana bapakku ikutan maksa nyuruh beliin, ya aku gak mau, masak alasannya gara gara gak ada sinyal tapi bisa main FB wkkwkwk aku minta transfer duluan baru tak beliin, udah kuduga ternyata ngasih bukti palsu, akhirnya ortu ku kusuruh telpon nomernya yang asli yg masuk grup alumni, teryata bener itu penipu dan udah banyak kenalan yg kena katanya, hebat aja cara dia bisa buat ortuku percaya sampai ngeyel marah marah kayak gitu",0,,
UgweMbUN3v1giH-VF2l4AaABAg.AJR8FVcFBUIAJSPOrk49Gi,,3,"2025-06-17 01:04:15",@NindyPo,"Sama kyk bapakku dulu.. aku kasih tau tapi ga percaya. Akhirnya minta temenku bantu jelasin baru dia percaya. Soalnya temenku wartawan 🙂",1,UgweMbUN3v1giH-VF2l4AaABAg,@tunjungbrahmakerti229
UgweMbUN3v1giH-VF2l4AaABAg.AJR8FVcFBUIAJTqpX6Ka5S,,1,"2025-06-17 14:31:56",@nirmalasarinurkhasanah,"Bener' ai tu bahaya banget sasaran utamanya udah pasti orang tua yg kurang ngerti jalur penipuan zaman sekarang jadi kita ssbagai anak udah pasti was' ketipu soalnya lengah dikit uang melayang🥲 Soalnya ibuku juga pernah kena tipu gini kirim' pulsa tapi sayangnya udah keburu di kirim pulsanya pas itu minta 500rb juga tapi cuma kekirim 100 karena limit di tokonya sama yg jual pulsanya curiga Penipuan lain yg sering itu giveaway situ yg paling bahaya",1,UgweMbUN3v1giH-VF2l4AaABAg,@tunjungbrahmakerti229
UgweMbUN3v1giH-VF2l4AaABAg.AJR8FVcFBUIAJXd_LSOrbd,,0,"2025-06-19 01:53:06",@ayuangelita73,"SAMA KAK ASLI, korbany bapak ku sendiri ceritany sm kayak punya kk. udh aku bilng klo penipuan masih aj ga percaya karna akun tmnny yg kena penipuan ini sangat amat meyakinkan tapi pas aku baca chatny emng ganjil banget typingny kaku,hbs itu di suruh kirim uang biar bisa cairin dana 50jt sm bapak ku di iya in aj lagi😭 hbs itu di suruh kirim 2jt lagi di turutin🙂 udh aku inget in itu penipuan masih aj ngotot hbs itu di suruh kirim lagi baru percaya klo penipuan🙂 habis 3jt pdhl uang itu mau di pakek buat acara ibuk aku yg meninggal kan kampret banget ya😭 hbs itu aku giniin ""kan di bilngin juga ap itu penipuan malah ga percaya"" trs jawaban bapak ku gini ""ya gmn lagi anggep aj cobaan entar di ganti yg lebih sama allah"" cuma kan YA ALLAH SBKSISJSJ SUSAH BANGET DI BILNGIN😭 bahkan akun FB bapak ku sempet kena hack gara"" percaya aj klo di suruh kirim notifikasi di FBny hbs itu bingung sendiri buat ngebalikin akunny untung sekarang udh balek lagi🙂",1,UgweMbUN3v1giH-VF2l4AaABAg,@tunjungbrahmakerti229
UgxUs-3S1DgmaN_zp5V4AaABAg,0,0,"2025-06-16 13:14:41",@faraferani2012,"Sering banget ini kalo nntn yutub, iklannya jualan obat2an tapi pake video AI pak terawan, atau siapapun lah itu. Jijay bangetttt. Kalo yang udah tau sih skip skip aja, report kalo perlu.",0,,
UgygVyu1QXLyWbqo5714AaABAg,0,0,"2025-06-16 13:14:25",@AliyaTika-f8f,"udah liat beberapa di trilogy media... keren dibahas jg ni scammer2...",0,,
UgyXZgClMC766HWZK5t4AaABAg,0,0,"2025-06-16 13:14:22",@shinkiku_,"AI the real fitnah dajjal ga sih😢",0,,
Ugyh5x3yqz6yyhtvjFd4AaABAg,0,0,"2025-06-16 13:13:42",@namedday5473,"1:04 biasanya mereka ngambil dari sampah nomor atau kalau ga gitu random nomor",0,,
Ugx7FDP-pNhrt6xyDZN4AaABAg,0,0,"2025-06-16 13:13:30",@OppoA38-n5p,"Kak Nessie coba dong bahas the hello Kitty murder yang di Hongkong 🙏",0,,
Ugz1____Qbch91NIIRR4AaABAg,0,0,"2025-06-16 13:13:24",@DoehaGezrk,"Gtu aja terus scam 65 juta ancaman penjara sebegitunya, denda miliaran, para sampah berdasi ngerampok hak rakyat teriliunan, dihukum sejengkal, didenda secuil. Suatu saat ada masa dimana para sampah itu dibakar untuk membersihkan negeri ini",0,,
UgypVllIvD6DLq159xt4AaABAg,0,0,"2025-06-16 13:12:57",@pistachio357,"Oh berarti kasus fufu fafa juga pastinya dari komplotan para busuk hati oposisi🤔 itu sebabnya tifa dn roy panci cs girang banget dg fitnahan itu,apalagi banyak sdm rendah kemakan tipu,tapi dikira semua orang bodoh🙄😏",0,,
UgydRKaS8IcvsS674PF4AaABAg,0,0,"2025-06-16 13:12:55",@vai_oishi,"benerrr data pribadi kita skg terutama nomor hp itu udah ga aman lagi, aku termasuk korban penipu atau scam. kenapa bisa kenapa tipu? singkat aja dulu pas masa nganggur aku sering akses app Jobstreet. Dan sumpah mereka bisa nelp nomorku dan tau aku sering cari loker di app itu, lantas aku percaya dong karna bener2 meyakinkan dari awal sampai akhir. Singkat cerita sampai akhirnya aku ketipu 50jt wkwkwk",0,,
UgxyKGntWL9HDCEqmMp4AaABAg,0,0,"2025-06-16 13:12:53",@Anisaanz,"Pernah liat contoh yg terakhir video Raffi sama baim 🥲",0,,
UgxL2R36IPx4ivUzLbl4AaABAg,0,0,"2025-06-16 13:12:53",@keisukeKz-i4k,"Kalo mz.beast banyak scam nya sering lewat di sosmed",0,,
Ugxu-OdQ1gtvfA6Fa7l4AaABAg,0,0,"2025-06-16 13:12:26",@SymphonyLab29,"Yang jadi masalah tuh, orang yg dikasih tau kalau itu penipuan malah ngeyel 😂 ya udah biarin, biar tau rasa 😂",0,,
UgzRqanPuNebK4mrykx4AaABAg,0,0,"2025-06-16 13:11:44",@Fitrianiizham,"Aq share nes,soalnya ini PENTING BGT !!!",0,,
Ugx1nl5lZZpUTDrqYBl4AaABAg,0,0,"2025-06-16 13:11:26",@tikaprihatiningsih2814,"Jadi ingat sekitar 2014/2015, dapet tlp mengatasnamakan rektor tempat aku kuliah. Katanya aku termasuk orang yg akan ikut pelatihan ke bali, setelah dicari tau ternyata satu komunitas yg kena. Untung gada yg beneran jadi korban 😂",0,,
Ugx7bh1wFGvEvyjZbip4AaABAg,0,8,"2025-06-16 13:11:25",@kangun-yoon,"yang paling sulit dari orang kena tipu, orang judol itu ""ngeyel"" padahal udah dikasih tau kalau itu palsu atau fake, masih aja menganggap itu benar, jaman semakin canggih, penipuannya juga berinovatif, kalau dulu ada SMS, ditelpon, kupon undian dalam minuman kemasan, kirim pulsa, sekarang malah AI, inilah pentingnya pendidikan biar semua orang itu tahu dan terdidik tentang keilmuan yang ada didunia ini, dan mari kita selalu mengingatkan bahwa dijaman ini sesuatu yang terlalu bagus untuk menjadi kenyataan itu adalah hal yang mustahil",0,,
UgxVxmL-2JsGnZ9QdCF4AaABAg,2,51,"2025-06-16 13:11:19",@vemitasaras6352,"sering sering ingetin orang tua kalian ya, soalnya di tiktok sering ada yg katanya giveaway artis siapa tapi malah harus ngasih duit dulu, foto ktp dulu. lah itu mah emang mau nipu buat pinjol. terus juga soal deepfake, ini udah jadi keresahan sendiri buat idol kpop, idol kpop yg cewek sering banget di buat deepfake sexy terus di jualin juga sama mereka buat bahan coli. deepfake tahapnya udah parah sih. meleng dikit foto kita udah dipake apa-apain sama orang lain",0,,
UgxVxmL-2JsGnZ9QdCF4AaABAg.AJR7oCz8IjaAJTp4dyfJ8N,,0,"2025-06-17 14:16:40",@akunformalitas,"Segera take down semua foto kalian dari medsos sebelum segalanya terlambat akan berakibat fatal!",1,UgxVxmL-2JsGnZ9QdCF4AaABAg,@vemitasaras6352
UgxVxmL-2JsGnZ9QdCF4AaABAg.AJR7oCz8IjaANqYYyjaH0f,,0,"2025-10-04 05:30:52",@akndbdjdkxnd,"Tmn kuliah dlu, ku lihat di FB nya suka bgt bagiin foto2 hasil AI dia yg lg jalan2 keluar negri lah, ya pake baju adat org luar lah Muluusss banget, bener2 rapih editannya😢 ""Halo bunda2 cantik, salam dari Dubai"" caption fotonya lagi di Dubai nenteng tas Hermes 😂 padahal lg dirumah mong2 anaknya Mulutku bergumam, gak takutkah dia fotonya diapa2in org jahat 😢",1,UgxVxmL-2JsGnZ9QdCF4AaABAg,@vemitasaras6352
Ugwpe0jjuBkusE7Pcot4AaABAg,0,0,"2025-06-16 13:10:32",@Inikuuu778,"Kok thumbnail nya bawa bawa nadia omara?😂",0,,
Ugxs1zYKrBE2YKDnx4F4AaABAg,0,0,"2025-06-16 13:10:16",@shani6744,"Kasusnya sama kaya tetangga saya ketipu 14 juta",0,,
UgxMncQ2AetxZLLEvpp4AaABAg,2,82,"2025-06-16 13:10:13",@imaoct,"12:11 lihat mulutnya kalo ngomong AI sllu gak singkron. kadang kek delay ngomongnya dan gerakan bibir gak natural. plus kulit terlihat lebih mulus kaya animasi",0,,
UgxMncQ2AetxZLLEvpp4AaABAg.AJR7g74lr0oAJTfRPRnfLV,,10,"2025-06-17 12:52:23",@nirmalasarinurkhasanah,"Kalo kita' yg udah kenal ai mah pasti ngerti tapi kalo yg kena orang tua yg ga tau ai ya pasti kena tipu🥲",1,UgxMncQ2AetxZLLEvpp4AaABAg,@imaoct
UgxMncQ2AetxZLLEvpp4AaABAg.AJR7g74lr0oAJTlj1PYksF,,4,"2025-06-17 13:47:22",@anwnt,"​@nirmalasarinurkhasanah iya gampang percaya kalau di bilangin ngeyel juga sampek pernah di bentak "" saya capek bilangin mereka tuh 😅 untung gk jadi ketipu meskipun saya harus banyak "" sabar",1,UgxMncQ2AetxZLLEvpp4AaABAg,@imaoct
UgyW-KJEINiqBVlDGFV4AaABAg,0,2,"2025-06-16 13:10:13",@riskiawaliyah7806,"Ak sering nonton di fb, di sana banyak bgt guys iklan judol pake muka2 artis selebgram di buat pake AI",0,,
UgzjmZLzcHEB3-GgONN4AaABAg,0,0,"2025-06-16 13:09:59",@Riskimeirinaburhani,"Bahkan suara Ibu Susi Pudjiastuti yg berat dan berkarakter aja bisa dibuat AI nya. Serem emang teknologi nih kalau dipakai buat yg ga bener.",0,,
UgzEd0vCALk5XmMmfDp4AaABAg,2,2,"2025-06-16 13:09:48",@Afi_cemungut,"Yg sering lewat di beranda fb ku,"" bantuan khusus TKI dari pemerintah"" bnyk bnget yg komen merasa itu benar 😢",0,,
UgzEd0vCALk5XmMmfDp4AaABAg.AJR7d4RntFEAJTdYgd--8i,,0,"2025-06-17 12:35:54",@rauframdana6272,"Kalo kita ngasih tau mereka bahwa itu palsu atau penipuan, kitanya yang kena semprot, emang rata rata generasi kolot yang kena",1,UgzEd0vCALk5XmMmfDp4AaABAg,@Afi_cemungut
UgzEd0vCALk5XmMmfDp4AaABAg.AJR7d4RntFEAJTp8K0RdSf,,0,"2025-06-17 14:17:10",@anwnt,"​@rauframdana6272 nah ini sama kyk ortu saya malah saya yg di bentak "" untungnya saya sabar saya kasih tau pelan "" dan akhirnya ngerti saya jadi was "" sama ortu saya gampang bgt kenak soalnya sekarang apa "" harus tanya saya dulu jadinya 😅",1,UgzEd0vCALk5XmMmfDp4AaABAg,@Afi_cemungut
UgwomxRvDUpqqso2rVd4AaABAg,0,0,"2025-06-16 13:07:43",@cintaneysa,"Jujur ngakak bgt sm AI nya Taylor Swift😭😭😭",0,,
UgwsngrXb498ZK_0JzV4AaABAg,0,1,"2025-06-16 13:06:48",@IceDancer07,"Pernh q diinbox sama tiktoknya Baim wong... heran nya aku itu akun tiktok srg dipake Baim wong untuk jualan hp...bukan mksd jelek2 in si ya...q cm ngmg kenyataannya...jadi intinya q diinbox lewat tiktok artis itu...kalo q menang give away dan mau kasi hadiah...mnt no wa dan kukasi dong...trs wa nya Dy mnt spy tf 300 ribu supaya hadiah 20 juta bisa cair...bahkan Videocall jg pake wajah baim wong ( dlm hati bneran ga si ini) tapi Krn hatiku merasa ada yg ga beres dah kublokir aja drpd pusing kwkwkwkwk",0,,
Ugx0A4r-GZ8TWCsGdzJ4AaABAg,0,1,"2025-06-16 13:06:47",@wokwok40,"kurang sprei gratis pak prabowo ka nessie wkwkwkwk",0,,
UgzFvhjgLy-foSqY5sN4AaABAg,0,2,"2025-06-16 13:05:58",@ciplakcaputcapluk,"Kak nessie bahasa yang lagi rame tentang dunia beauty pageant tentang miss Grand 2024 yang mengundurkan diri karena di perlakukan tidak layak. Pliss up",0,,
Ugze_IXk8y1bmoi7XVV4AaABAg,0,0,"2025-06-16 13:05:25",@megavitaaisyah8875,"Beberapa tahun lalu, temenku punya kasus yang sama kayak penipuan ala Brad Pit. Modusnya kenalan lewat ig, terus mau ngirim hadiah tapi krn satu dan lain hal dia minta ditalangin dulu untuk kirim barangnya ke Indonesia. Untung waktu itu Kak Nes pernah bahas masalah penipuan kek gini, jadi aku coba jelasin ke dia kalau ini tuh kemungkinan besar penipuan dan sebaiknya abaikan aja. Sambil kucari-cari video Kak Nes yang bahas masalah itu, tapi sayangnya gak ketemu. Dan masalah influencer, setauku bukan cuma dua orang itu aja. Udah ada beberapa influencer yang disalahgunakan seperti ini. Jadi kalau ada yang tau, lebih baik cek langsung ke akun resmi mereka, terus report and block foto/video tersebut dan spam ke influencer yang bersangkutan dengan mencantumkan link kalau bisa guys. Jadi semisal para influencer ini mau bawa ke jalur hukum, link yang kalian kirim bisa jadi bukti tambahan untuk membawa mereka ke jalur hukum. Dan mungkin saran dari aku, para influencer harus mulai bikin email khusus untuk laporan kejahatan cyber. Jadi nanti para fans yang tau, bisa spam email kesana. Idk itu bakal membantu atau tidak, tapi dipikiranku itu sepertinya bakal sedikit membantu🙏🏻",0,,
Ugwq-5tHDnRDehgS0814AaABAg,0,3,"2025-06-16 13:04:42",@primadiana2098,"Beneren kak, kemarin kejadian sama aku dan cukup bikin merinding disko. Jadi aku dapat telepon dari nomor random yang pakai suara layanan otomatis kalau nomor internet rumahku bakalan diblokir kalau aku ga bayar tagihan internet. Dan seremnya tagihannya sesuai sama tagihan internetnya. Aku ga bayar karena emang masih di luar kota dan udah isolir internetnya sejak sebulan yang lalu. Dan kalau ga hati-hati baca emailnya mungkin aku udah ketipu dan bayar ke link yang dikirimin di email.",0,,
UgzCppi-Xc-M8a0cEx94AaABAg,0,0,"2025-06-16 13:04:36",@birumudastudio,"User AI banyak tingkah emang",0,,
UgxFfZogbyaSH1AqtdV4AaABAg,0,1,"2025-06-16 13:04:32",@Inhibition24,"Sebelum ada AI sebenarnya banyak give away2 palsu . Atas nama baim wong dlu yang sering ku temui Cuma krna gk viral kali ya makanya gk terdengar kasusnya",0,,
UgxJ_x59z9W01amM3fZ4AaABAg,6,185,"2025-06-16 13:04:10",@anindanovianti4703,"Kemaren 2 sodara ku ditipu, dia pura"" jadi dukcapil. Alesan nya mau non-aktifkan data orang yg sudah meninggal, padahal meninggal nya juga udh beberapa tahun lalu dan sudah dibereskan dokumen kematian dll nya. Dia nyuruh sodara ku untuk foto pake KTP dan KTP nya dengan cara itu bisa untuk non-aktifkan data orang yg sudah meninggal katanya. Tapi setelah di konfirmasi ke Pake RT, tidak ada hal-hal seperti itu. Giliran ditanya jelas, penipunya malah marah-marah. Hati-hati ya guys sama data apalagi KTP soalnya rawan dibuat pinjol dll nya.",0,,
UgxJ_x59z9W01amM3fZ4AaABAg.AJR6zl-o6sVAJREBalsLoU,,7,"2025-06-16 14:07:05",@Bykuww,"Bisa ya data orang yang sudah meninggal dan keluarganya bocor 😢",1,UgxJ_x59z9W01amM3fZ4AaABAg,@anindanovianti4703
UgxJ_x59z9W01amM3fZ4AaABAg.AJR6zl-o6sVAJRV4qoqBnO,,3,"2025-06-16 16:34:42",@komentator_kreator,"Pinjol gak bisa pakai KTP doang, harus verifikasi wajah. Pemerintah sdh buat aturan keamanan tsb, jd jangan terlalu takut. Kalaupun bisa dg KTP doang itu bukan pinjol resmi & kalau bukan pemilik KTP yg meminjam kalau ditagih gak usah dibayar krn 1. Bukan pinjol resmi 2. Bukan sbg org yg meminjam 3. Korban penipuan",1,UgxJ_x59z9W01amM3fZ4AaABAg,@anindanovianti4703
UgxJ_x59z9W01amM3fZ4AaABAg.AJR6zl-o6sVAJSTlYu9LXE,,2,"2025-06-17 01:42:26",@Vika_official89739,"Kemarin aku juga dapet dari dukcapil...mau sosialisasi penggantian kk ke kk digital...jadi ga perlu kk fisik...dan aku bilang kan belum berlaku pak ...langsung dia matiin telfonnya...😅",1,UgxJ_x59z9W01amM3fZ4AaABAg,@anindanovianti4703
UgxJ_x59z9W01amM3fZ4AaABAg.AJR6zl-o6sVAJScLu1ggh7,,5,"2025-06-17 03:06:11",@huriyahsakilah1601,"Pernah juga liat konten di ig. Jadi tentang uang salah transfer. Jadi si penipu udah tau data diri kita. Terus nanti dia minta uang salah transfer tersebut. Kalo kita transfer, kita yang harus bayar pinjolnya. Jadi si penipu pakai data kita untuk pinjol. Terus akhirnya ada yg komen kalo dia kena penipuan serupa, jadi si korban ini pintar. Gak langsung ditransfer ke penipu. Tapi langsung ke bank dan minta dibekukan transferan tersebut. Si korban akhirnya ke kantor polisi untuk melaporkan penipuan tersebut.",1,UgxJ_x59z9W01amM3fZ4AaABAg,@anindanovianti4703
UgxJ_x59z9W01amM3fZ4AaABAg.AJR6zl-o6sVAJY6FaylApZ,,1,"2025-06-19 06:12:24",@littlegirl2925,"Fiy,tambahan, kalau udh ada yg kena tipu, datanya ke pake buat pinjol yg entah itu siapa, jangan panik dulu, soalnya pinjol yg mudah di acc tu pinjol ilegal, kalau kalian ga merasa brhutang, gak usah bayar, kalau ada yg WA minta bayar tagihan pinjol,ngancem2, ancem balik, kalau berani kesini aja,nanti ancem aja bakal laporin ke rt dan polisi, gk bakal berani DC bnya, soalnya kalau pinjol yg resmi, di bagian verifikasi wajah dan wajah beserta KTP, itu foto langsung, gak bisa pilih dari galeri atau gimanapun itu caranya",1,UgxJ_x59z9W01amM3fZ4AaABAg,@anindanovianti4703
UgxJ_x59z9W01amM3fZ4AaABAg.AJR6zl-o6sVAJZ0wRs5iqx,,0,"2025-06-19 14:45:12",@hmmzzz4002,"Aku juga ditelpon dukcapill wkwkwkwk kocak bet, mana gak modal nelponnya pake wa",1,UgxJ_x59z9W01amM3fZ4AaABAg,@anindanovianti4703
Ugw1Ic6tBuPZ6B_0Cvt4AaABAg,0,1,"2025-06-16 13:04:08",@syahrilrohim-rw8bw,"Bapak nya kak nes kek iwan fals❤",0,,
Ugx2hX2By_F_Fgoj5Ql4AaABAg,0,0,"2025-06-16 13:04:05",@suhardithomas782,"Di YouTube juga sering muncul iklan-iklan deepfake, pakai tokoh-tokoh terkenal.tapi ko lolos aja ya?iklan obat herbal",0,,
Ugx4yLqKkHdN9JGC2514AaABAg,0,1,"2025-06-16 13:03:56",@trisnaumayah1729,"Kalo di indo baim wong tuh banyak bgt penipuan mengatas namakan dia",0,,
Ugy0MYVe37edhNup6fR4AaABAg,0,0,"2025-06-16 13:03:45",@f-chanell1518,"Fresh bangett kak nessie❤🎉",0,,
Ugw2FIbPOnRv-sQ4kgR4AaABAg,3,8,"2025-06-16 13:03:45",@landenkun5808,"pokoknya hati hati aja guys semisal kalo dapat penelpon tak dikenal sebisa mungkin jangan bilang ""iya"" ,soalnya kalo kita bilang iya itu berarti mereka udh megang suara kita buat digunakan untuk hal hal ngga baik",0,,
Ugw2FIbPOnRv-sQ4kgR4AaABAg.AJR6whrRJp7AJRDUgBdg4O,,3,"2025-06-16 14:00:57",@Candriadewiayu,"​@BladeZx_GAn bener 😢😢, lagi ngalamin capek banget .. akhirnya aktifin mode pesawat",1,Ugw2FIbPOnRv-sQ4kgR4AaABAg,@landenkun5808
Ugw2FIbPOnRv-sQ4kgR4AaABAg.AJR6whrRJp7AJRE4GY3_s9,,0,"2025-06-16 14:06:05",@dapurmamaend382,"​@BladeZx_GAndl jg sering,sekarang kl telpon masuk gak ada nama,gak pernah angkat",1,Ugw2FIbPOnRv-sQ4kgR4AaABAg,@landenkun5808
Ugw2FIbPOnRv-sQ4kgR4AaABAg.AJR6whrRJp7AJRe5Zu9Wu9,,0,"2025-06-16 18:02:11",@zeu3335,"Suamiku malah ngatifin asuransi lewat tlfn 😂 jawabannya iya-iya aja asuransi langsung aktif katanya bekerja sama lewat bank bri, akhirnya rekening yg terdaftar aku kosongkan biar nggak ketarik terus uangnya. Kalo orang tua yang kena pasti nggak akan sadar tau-tau uang di bank habis terpotong tiap bulan.",1,Ugw2FIbPOnRv-sQ4kgR4AaABAg,@landenkun5808
UgyxxMlO5Zj7DcJfL394AaABAg,0,0,"2025-06-16 13:03:21",@harisweets2799,"Saya orang yang tidak percaya sama give away atau bantuan2 yang menamakan instansi tertentu.Karena saya berpikir di Jaman yang serba sulit begini,mana ada uang dihamburkan buat orang yang ga kenal. Maka dari itu untuk menghindari para penipu yang lewat tlpn atau WhatsApp,hpku aku setting tidak bisa terima tlpn atau chat dari nomor tidak dikenal.",0,,
UgzV5qlcrOQrns7-rh14AaABAg,0,0,"2025-06-16 13:02:57",@wadadidawanjay4234,"banyak tau video gini2 apalagi di fb kadang artis pake masker tapi suara di rubah, atau persis kaya di sini. dan biasanya judi ujung2 nya atau bagi2 uang, hati2 guysss waktunya kita dampingi orangtua kita main sosmed hahaha",0,,
UgxjvOO3C1ekyobTW2l4AaABAg,0,0,"2025-06-16 13:01:53",@Lara7403-j6p,"Baru2 ini juga ada bantuan langsung bilangnya dari Pemerintah dan ada websitenya yang harus mengisi form namun disitu suruh isi No KTP nama Ibu Kandung dll ngeri banget kasian masyarakat awam kalo ngisi 😢😢tolong menristek untuk menyaring iklan2 yg mengandung scam dll tolong pak prabowo",0,,
UgwSfFBCoFl2xyim2Yp4AaABAg,0,0,"2025-06-16 13:01:34",@ayumiaimer3050,"Aku pernah menang give away kak. Hadiahnya pin Palestina😂",0,,
UgylIWvgpNdl2UV9HXZ4AaABAg,0,0,"2025-06-16 13:01:11",@citradewi-4820,"Iya ihhh ibuku yang enggak tau sosial media sering lihat vidio kayak uang kaget terus tebak huruf atau gambar dapat hadiah tapi harus wa ehh iseng ""di wa bener donggg dan ngakang nya masah suruh tf dulu ke dia baru dia tf ke kita wkwkwkwk untung emak gue kagak percaya cuma buat iseng""aja tapi bikin deng""an aja😂😢",0,,
UgyhKrHoG9daLhuH1Fx4AaABAg,0,0,"2025-06-16 13:00:45",@rendifajar7641,"11:12 mirip iklan selimut prabowo, jokowi, 😂 ustad uas",0,,
UgyHsrlHjR_BDm0Eq8l4AaABAg,0,0,"2025-06-16 13:00:02",@frizzingautumn,"Yang chef banyak, tapi iklan dokter promosiin obat / susu MLM LEBIH BANYAK lagi, bangeeettt sampe muak denger suaranya huhuhuhu 😢",0,,
UgxXvOiJqbXY695IWGx4AaABAg,0,0,"2025-06-16 12:59:56",@matekt8669,"""hi guys, it's nessie, and welcome back"" *spontan ngomong to nerror* 😂😂😂",0,,
UgyRdpo48c4wo8sB4Vx4AaABAg,0,0,"2025-06-16 12:58:59",@imamsyafii3187,"Pernah menang Give Away 2 kali lewat Tweeter. Pertama dapat uang 250k dan yg kedua dapat Kaos dan Tumbler. 😂😂😂😂😂",0,,
Ugy6qyk_2dCxb6cLsUN4AaABAg,0,0,"2025-06-16 12:58:44",@KaumRebahan76,"378 emang mengerikan yaa guys",0,,
UgwoaUeIWpz03MH7iXp4AaABAg,0,0,"2025-06-16 12:58:23",@angelica998,"HAHHAHA AD NADIAA",0,,
Ugx5SQ_HV4Bmz6l6Y5N4AaABAg,0,0,"2025-06-16 12:57:17",@Movie725,"Sama kk",0,,
UgzEdbndiAnQp-e2AJ94AaABAg,0,1,"2025-06-16 12:57:16",@Star_Boysse,"Tbtb banget ada nadia omara",0,,
UgxJMyIyaqkXgXaaWuF4AaABAg,0,0,"2025-06-16 12:56:40",@mightymonica7970,"DM Insta : ""Hello, this is Jungkook.. Thank you for your support, can we talk in private?"" Me : ""I like Suga"" DM : ""wait.. I Will call him.. Hello this is Suga"" 😂😂😂",0,,
UgxKwoXpIMzTjuLPJ614AaABAg,0,0,"2025-06-16 12:56:04",@BL-lovers-9s,"3 tahun lalu pernah ketipu ilang 300k😹",0,,
UgzRh4pZ3aO7oOQHOx14AaABAg,0,0,"2025-06-16 12:55:32",@fanloverIndonesia,"malah keinget prabowo promosi sprei gratis AHAHAHAHA",0,,
UgwPPtiJOecf2pTC1qB4AaABAg,0,0,"2025-06-16 12:54:21",@AleenaJ177,"Sampe aku ulang kata kata ""itu papaku"" wkwkwkwk",0,,
UgzCoY4yYyYDhLEMGpx4AaABAg,0,0,"2025-06-16 12:53:47",@ayusulistiani3242,"Dan tetanggaku pernah ngalamin penipuan yg sperti terjadi ke Anne, udh heboh bgt mau pinjem ATM q buat transfer, untungnya aq masih bisa mikir aq nasihatin pelan"" Alhamdulillah ga sampe kena tipu apa""😂",0,,
UgxvpSS9koWu4K3Eq-B4AaABAg,0,0,"2025-06-16 12:52:58",@lozefanyahelenlowren-hk8fr,"😂 sama kasusnya dg adik ipar sy. Berkenalan di FB dg pria yg ngaku nya bule.",0,,
UgzSlma9jhT6nmvJjlB4AaABAg,0,0,"2025-06-16 12:50:48",@sembada59,"Bener banget , sampai ada juga yg mengatasnamakan bank dan artis atau platform yg cukup terkenal",0,,
UgzfZPiCZb8ATdZ9Y4J4AaABAg,0,0,"2025-06-16 12:50:43",@peugahwhy,"Hitungannya alat sih, umpama pisau. Digunakan untuk motong sayur bisa, m*tilasi juga bisa (iya oke, sulit sih). 😅",0,,
UgxtMAw8C_lzLf8tSuN4AaABAg,1,1,"2025-06-16 12:50:38",@ragiltriastuti07,"16:24 korupsi ga serius yaa?",0,,
UgxtMAw8C_lzLf8tSuN4AaABAg.AJR5RfQHRx8AUK0sK8Jdfm,,0,"2026-03-14 04:41:22",@chenkhasanudin15,"naaaah iniiii niiih",1,UgxtMAw8C_lzLf8tSuN4AaABAg,@ragiltriastuti07
UgwlaNlVIOfhLoGVf594AaABAg,0,0,"2025-06-16 12:50:31",@mega8636,"PLISSS AKU LGI MENGALAMI INI 😭😭😭udh dari 2023 aku ditelfonin terus sm orang awalnya ku angkat mereka kyk nagih entahlah apaan gk tau trs lama lama aku risih kyk terus terusan ditelfon,trs barusan bgt kemaren aku ditelfon scammer smpe 7kali",0,,
UgwlyHz-fOQM3BLLKdt4AaABAg,0,0,"2025-06-16 12:50:27",@adyarizkinoval,"Sejauh ini masih keliatan sih mana yang AI mana yang asli.. Tp tau dah 5 th kedepan... Ihhh ngeri",0,,
UgwT1e7Eh2GaryI4Nd54AaABAg,12,1037,"2025-06-16 12:50:14",@emzyycctelolet,"yg kasian tuh rakyat Indonesia udh banyak yg gatau teknologi, butuh duit semua krn ekonominya Indonesia kacau 😭 gmn gk mudah ke hasut iklan iklan AI generated....org klo udh bu otaknya suka lupa di pakai 😭 kayak org lgi jatuh cinta, apa itu logika",0,,
UgwT1e7Eh2GaryI4Nd54AaABAg.AJR5OnbEZr1AJTpfcNb7Af,,16,"2025-06-17 14:21:51",@arwahsapi,"Malah ada yang sampai nikah sama Al, heran gw sama si Alyssa",1,UgwT1e7Eh2GaryI4Nd54AaABAg,@emzyycctelolet
UgwT1e7Eh2GaryI4Nd54AaABAg.AJR5OnbEZr1AJYPZvRp35m,,3,"2025-06-19 09:01:12",@cipapawww,"HAH SIAPA? ​@arwahsapi",1,UgwT1e7Eh2GaryI4Nd54AaABAg,@emzyycctelolet
UgwT1e7Eh2GaryI4Nd54AaABAg.AJR5OnbEZr1AJYUxA4iTyD,,0,"2025-06-19 09:48:12",@justlockyn,"​@arwahsapieumhhh 👉👈 ini AL sih 😁",1,UgwT1e7Eh2GaryI4Nd54AaABAg,@emzyycctelolet
UgwT1e7Eh2GaryI4Nd54AaABAg.AJR5OnbEZr1AJZL7WT7J84,,1,"2025-06-19 17:41:37",@milachristy,"Hah?? ​@arwahsapi",1,UgwT1e7Eh2GaryI4Nd54AaABAg,@emzyycctelolet
UgwT1e7Eh2GaryI4Nd54AaABAg.AJR5OnbEZr1AJZMsN9JfmN,,0,"2025-06-19 17:56:53",@arwahsapi,"Beneran Alyssa kemaren nikah sama Al ​@milachristy",1,UgwT1e7Eh2GaryI4Nd54AaABAg,@emzyycctelolet
UgwT1e7Eh2GaryI4Nd54AaABAg.AJR5OnbEZr1AJZZPojaakI,,0,"2025-06-19 19:46:27",@zuzuzuzuper,"​@arwahsapiAL, GUYS😭🤣 al ghazali",1,UgwT1e7Eh2GaryI4Nd54AaABAg,@emzyycctelolet
UgwT1e7Eh2GaryI4Nd54AaABAg.AJR5OnbEZr1AJ_YQK1SFSX,,2,"2025-06-20 04:57:01",@opheliamerlin1424,"Wkwkwkwk jokes bapack² 😅​@arwahsapi",1,UgwT1e7Eh2GaryI4Nd54AaABAg,@emzyycctelolet
UgwT1e7Eh2GaryI4Nd54AaABAg.AJR5OnbEZr1AJfaPQ13Apk,,0,"2025-06-22 13:18:33",@yllowt,"Nenekku, teman. Habis ± 5jtaan kemakan iklan obat",1,UgwT1e7Eh2GaryI4Nd54AaABAg,@emzyycctelolet
UgwT1e7Eh2GaryI4Nd54AaABAg.AJR5OnbEZr1AJn5D2Su2qr,,0,"2025-06-25 11:11:10",@RairgaitzrenFenos,"​​@AkbarAW58 Lagu Agnes Mo kan bilang cinta tak ada logika 😝🤑",1,UgwT1e7Eh2GaryI4Nd54AaABAg,@emzyycctelolet
UgwT1e7Eh2GaryI4Nd54AaABAg.AJR5OnbEZr1AU5neHGgSQm,,0,"2026-03-08 16:07:45",@widihastina4312,"​@cipapawww Itu lho, Alysa menikah dengan Al, saudaranya El dan Dul. 😅😅😅",1,UgwT1e7Eh2GaryI4Nd54AaABAg,@emzyycctelolet
UgwT1e7Eh2GaryI4Nd54AaABAg.AJR5OnbEZr1AUHP8DQBUdS,,0,"2026-03-13 04:15:40",@fadillaaaaaaa,"@milachristy itu cuma jokes gasih😭 😭",1,UgwT1e7Eh2GaryI4Nd54AaABAg,@emzyycctelolet
UgwT1e7Eh2GaryI4Nd54AaABAg.AJR5OnbEZr1AWh7Dnlh6or,,0,"2026-05-12 06:21:26",@naufalibrahim98,"@arwahsapi bisa aja lo seisapi",1,UgwT1e7Eh2GaryI4Nd54AaABAg,@emzyycctelolet
UgxbJCP0QkxgkE81EHl4AaABAg,0,4,"2025-06-16 12:50:00",@MiaMaraa,"Sekarang deepfake dibuat sama situs judol pake selebriti dalam negeri, ada ustadz2 bahkan pernah liat yg mamah dedeh promosi judol, udah gila",0,,
UgxC1pVIKas4ExoX7hp4AaABAg,0,0,"2025-06-16 12:49:36",@anisafitriani2262,"Sering bgt muncul yg gitu2 di fyp tiktok mamaku, klo dia lg scrol ttok ada video gitu2 suka nanya2 ke aku.. hrus gimana ktanya biar dpet uangnya, aku bilang itu penipu mah video editan",0,,
UgzHkCmz9Qx5GEnXAUh4AaABAg,0,0,"2025-06-16 12:49:34",@Ayayaya.A,"Pernah lihat video ustad pada promosi judol, pas liat kek 🙃",0,,
Ugy0bYjZYF3FJyl21Ft4AaABAg,0,1,"2025-06-16 12:49:31",@justangie4389,😮,0,,
UgzBAl4E6xX9HUOogCF4AaABAg,0,0,"2025-06-16 12:49:22",@OrionOrbstar,"Klo promo judol mah banyak kaya dewi persik juga ada ai nya",0,,
UgwKqe3gflQ6sdee2K54AaABAg,0,1,"2025-06-16 12:48:00",@azzalea_23,"Cerita 1: Jadi Kak nessie aku mau sedikit cerita horor tpi ga tau ini horor apa ngga kemarin hari minggu/sabtu waktu malam itu jam 03.00 pagi aku begadang dan aku langsung dong nonton kak nessie dan ga lama aku nonton lama jam 03.17 aku dengar orang gali tanah dan samping rumah ku dan belakang rumah ku itu kebun dan aku dengar itu di samping rumah ku itu aku dengar orang gali itu dan ini. Cerita ke 2:jadi waktu itu ayah aku sakit sampai 1 minggu/ 1 bulanan lebih lah dan karna itu ayah aku lumayan parah jadi aku tidur sama Nenek ku dan waktu aku mau kencing aku lihat putih"" di bawah kursi dan hari ke dua sama cuma itu beda tempat sekaran dia duduk di kursi. Oke kak nessie segitu aja cerita aku btw aku udh pakleng dan aku juga nerorris😊😊",0,,
Ugw8zs3jfgmZHaao-054AaABAg,0,0,"2025-06-16 12:47:06",@hanni.1004,"Memang nyebelin banget para scamer ini, tiap hari aku di telpon terus sampai aku blokir nomor yg bukan dari kontak",0,,
Ugxp_Q41aUpO2LKfpzp4AaABAg,0,0,"2025-06-16 12:46:57",@NoviAnadewi-g2c,"Aku tiap hari di telpon pinjol njir padahal ga pernah ngutang",0,,
UgwlPKh3SVlVAO01aTx4AaABAg,0,0,"2025-06-16 12:46:29",@ruruu00U,"THERE'S NO WAY IS HER DAD?!?!",0,,
Ugxhy-jC_oH3nIru73d4AaABAg,0,0,"2025-06-16 12:46:26",@briyoull9595,"Collab dong sama ka Nadia omara, ga ketemuan langsung jg gpp🤭, soalnya ka nad jauh",0,,
UgwhezClA1qK3gWA9al4AaABAg,6,150,"2025-06-16 12:46:04",@vina5915,"Yg marak skrng baim wong giveaway nargetin mak2 fb 😢, bnyk bnget yg terpercaya",0,,
UgwhezClA1qK3gWA9al4AaABAg.AJR4vI235brAJS6ojhylnl,,10,"2025-06-16 22:21:54",@angelbreath8290,"Iya, capek aku bilanginya malah dimarahi😂",1,UgwhezClA1qK3gWA9al4AaABAg,@vina5915
UgwhezClA1qK3gWA9al4AaABAg.AJR4vI235brAJSUNsY3AHo,,8,"2025-06-17 01:47:48",@Vika_official89739,"Iya bener baim wong nelpon...dan banyak yang ketipu...kalo ada chanel yang ada baim wong nya koment nya para emak² yang ketipu...",1,UgwhezClA1qK3gWA9al4AaABAg,@vina5915
UgwhezClA1qK3gWA9al4AaABAg.AJR4vI235brAJSe1_4C0FK,,0,"2025-06-17 03:20:53",@dianadee2308,"Temenku aja kena.. Giveaway baim wong",1,UgwhezClA1qK3gWA9al4AaABAg,@vina5915
UgwhezClA1qK3gWA9al4AaABAg.AJR4vI235brAJSyKoF-Og1,,5,"2025-06-17 06:18:16",@wulandarisurbakti2138,"Adekku hampir kena, tapi give away raffi ahmad. Minta uang sejuta biar bisa narik 50jt. Adekku mau minjam uangku, katanya nanti klo udh di transfer kuganti jdi 10jt😪",1,UgwhezClA1qK3gWA9al4AaABAg,@vina5915
UgwhezClA1qK3gWA9al4AaABAg.AJR4vI235brAJaW_IK3hTE,,0,"2025-06-20 14:00:09",@safirarmdhni-f4x,"bener bgt di fb banyak, ibuku kena 16jt awalnya di telfon trs disuruh ke atm tapi ibuku disuruh transfer trs2an tanpa sadar",1,UgwhezClA1qK3gWA9al4AaABAg,@vina5915
UgwhezClA1qK3gWA9al4AaABAg.AJR4vI235brAJeZ1v9G7nC,,1,"2025-06-22 03:38:38",@reeeezaaaa4,"buset makin ngerri aja yaaa, SDM2 rendah gampang percaya soal ini, kasian",1,UgwhezClA1qK3gWA9al4AaABAg,@vina5915
Ugy_vfxl2Q3Duo-4Pot4AaABAg,0,0,"2025-06-16 12:45:22",@puspasarika,"Di fb banyak banget ginian, asli :)",0,,
UgwIs4XVnNyukCcfUeB4AaABAg,0,0,"2025-06-16 12:44:56",@valhein09,"Kak ketawa aja pas bagian brad pit",0,,
Ugx_CnJCk1JxX4_kjXt4AaABAg,0,0,"2025-06-16 12:43:49",@Anime_shorte,"Para penipu biasanya dpt no dari konter hp",0,,
Ugxsz2l0kDYmtCCvED14AaABAg,0,0,"2025-06-16 12:43:48",@thirtypeel5818,"Sangking gantengnya brad pitt banyak yg nyamar pke muka dia dan pada berhasil jir wkwkwk 😂😂",0,,
UgyoyYn0Kz9BeepvBX94AaABAg,0,0,"2025-06-16 12:42:38",@justfiles4432,"Modus kedua pernah kejadian di David GadgetIn, gak, sih. Giveaway iPhone juga seingetku, pake muka dia kayak lagi di pabrik gitu",0,,
UgyjOOhL7v9ch9h94St4AaABAg,0,7,"2025-06-16 12:42:33",@pratiwisucii,"papahnya kak nessi pasti pake telkomsel 😭😭",0,,
UgwSumKjhZhoDfO9kqx4AaABAg,13,999,"2025-06-16 12:40:56",@itsme_jee-d7p,"Zaman sekarang bukan hanya orang tua yang khawatir sama anaknya tentang kemajuan internet, tp anak yang juga khawatir orang tuanya tertipu karna AI",0,,
UgwSumKjhZhoDfO9kqx4AaABAg.AJR4K_ugaO6AJR4wDAp_uO,,48,"2025-06-16 12:46:12",@medynasf,"Real btt . Orang tua ku liat video ai percayaa aja, mana mukanya serius lagi. ku bilangin lah itu ai bu..",1,UgwSumKjhZhoDfO9kqx4AaABAg,@itsme_jee-d7p
UgwSumKjhZhoDfO9kqx4AaABAg.AJR4K_ugaO6AJRCOXusRrx,,0,"2025-06-16 13:51:22",@kelylyly020,"Ternyataa aku ada temenyaa Takut bgt bpkku duda suka bgt liat vidio ai yg janda2 kaya cari suami😭😭 ​@medynasf",1,UgwSumKjhZhoDfO9kqx4AaABAg,@itsme_jee-d7p
UgwSumKjhZhoDfO9kqx4AaABAg.AJR4K_ugaO6AJRKZA_le9F,,0,"2025-06-16 15:02:44",@YanseLima,"Setuju sih",1,UgwSumKjhZhoDfO9kqx4AaABAg,@itsme_jee-d7p
UgwSumKjhZhoDfO9kqx4AaABAg.AJR4K_ugaO6AJRP-vM2g3Y,,16,"2025-06-16 15:41:36",@Player-gv5lp,"ga sih.. dr jaman sosmed smnjak era bbm aku udah wanti2 mulu sama para orang tua yg gmpng banget ditipu",1,UgwSumKjhZhoDfO9kqx4AaABAg,@itsme_jee-d7p
UgwSumKjhZhoDfO9kqx4AaABAg.AJR4K_ugaO6AJRQ9stjG9b,,13,"2025-06-16 15:51:42",@araven2293,"Jangankan orangtua.. Anak2, remaja dan orang dewasa juga masih byk yg ketipu ntah dari AI, giveaway, pinjaman, lowongan pekerjaan, dll yg berbasis internet.",1,UgwSumKjhZhoDfO9kqx4AaABAg,@itsme_jee-d7p
UgwSumKjhZhoDfO9kqx4AaABAg.AJR4K_ugaO6AJRVGn7K5_V,,4,"2025-06-16 16:36:20",@MociZ,"Ai lebih canggih",1,UgwSumKjhZhoDfO9kqx4AaABAg,@itsme_jee-d7p
UgwSumKjhZhoDfO9kqx4AaABAg.AJR4K_ugaO6AJR_MtfeYQ2,,0,"2025-06-16 17:20:52",@aerozon4085,"paling bahaya kalo muka lu di pake buat vidio porn,, terus ortu lu di sebarin vidio nya,, terus jantungan",1,UgwSumKjhZhoDfO9kqx4AaABAg,@itsme_jee-d7p
UgwSumKjhZhoDfO9kqx4AaABAg.AJR4K_ugaO6AJRdfqMpUpJ,,12,"2025-06-16 17:58:32",@ana-yo9lx,"Mamaku juga percaya banget sama berita2 gak jelas, video AI yang bahkan keliatan hasil AI nya untung mamaku selalu nanya ke aku dulu kalo ada apa-apa",1,UgwSumKjhZhoDfO9kqx4AaABAg,@itsme_jee-d7p
UgwSumKjhZhoDfO9kqx4AaABAg.AJR4K_ugaO6AJTeiGcqPG5,,0,"2025-06-17 12:46:05",@nirmalasarinurkhasanah,"Aku khawatir sama ibuku sih kalo ayahku mah susah kena tipu modelan ai tapi sering kena tipu kalo belanja online barang ga sesuai foto 😅",1,UgwSumKjhZhoDfO9kqx4AaABAg,@itsme_jee-d7p
UgwSumKjhZhoDfO9kqx4AaABAg.AJR4K_ugaO6AJUysjkDU0t,,3,"2025-06-18 01:01:31",@sintang9680,"Asli, blom lg FB udh pada kena AI",1,UgwSumKjhZhoDfO9kqx4AaABAg,@itsme_jee-d7p
UgwSumKjhZhoDfO9kqx4AaABAg.AJR4K_ugaO6AJWBpXoVUgh,,0,"2025-06-18 12:22:40",@putrimintuna7623,"Untung mama bapakku ngga mau update teknologi. Mentok2 androidnya cuma dipake main game",1,UgwSumKjhZhoDfO9kqx4AaABAg,@itsme_jee-d7p
UgwSumKjhZhoDfO9kqx4AaABAg.AJR4K_ugaO6AJ_yi0XSstQ,,0,"2025-06-20 08:55:30",@anggrainii888,"Mertuaku ngebet bgt beli mukenah viral yg dijual raffi ahmad 😭😭😭 lihat di ytube, dijelasin susah bgt wkwk",1,UgwSumKjhZhoDfO9kqx4AaABAg,@itsme_jee-d7p
UgwSumKjhZhoDfO9kqx4AaABAg.AJR4K_ugaO6AKB4z0FK8O2,,0,"2025-07-05 04:10:08",@nuratunislamiah8799,"Real bgt kak. Jangankan video AI penipuuan gitu. Tanteku, foto orang yg di edit pake photoshop dan diklaim langsung ngelahirin 10 anak juga dia percaya. 😢",1,UgwSumKjhZhoDfO9kqx4AaABAg,@itsme_jee-d7p
Ugz_-eYj9Rqcf39PmwZ4AaABAg,0,4,"2025-06-16 12:40:45",@NadiaChaca,"Mantap kak lajut",0,,
Ugw7mp5GkoR4QYwRbTd4AaABAg,0,2,"2025-06-16 12:39:01",@dimasytuub4690,"Paling sering di facebook😢 dari david gadgetin, baimwong, sampai pak prabowo",0,,
UgyiKGPXEHASonievvt4AaABAg,0,7,"2025-06-16 12:38:46",@Mika-gf4tv,"Kak, kapan-kapan bahas lukisan tertua yg ada di Indonesia dong atau monument di Indonesia yg menandakan sebelum masa penjajahan Indonesia sudah maju",0,,
UgwN7mqW75k7HK_PyJ54AaABAg,0,0,"2025-06-16 12:38:45",@jenalwahyudin5420,"Sehat dan sukses selalu kak Nessie dan NCC🙏🙏",0,,
UgyrRJ-FKcVE4IA_IPt4AaABAg,0,0,"2025-06-16 12:38:28",@sabilapulmulia8101,"Baru aja kemarin uwa aku ketipu uang di ATM ilang 8jt.. trus nenek aku hampir aja ketipu sampai sampai no hp nya di ganti karna trus di telpon Mulu.. di blok trus Aja nlpon pake no baru.",0,,
Ugw2Ft4DU0mwLu71kNt4AaABAg,0,0,"2025-06-16 12:38:26",@cmbyn_aicybm,"kakk sumpah yg nomor ga aman tuh iya banget, aku di spam telfon, sehari bisa 7x mana no nya beda""",0,,
UgzS9mGzYC4d1MsqRPd4AaABAg,0,0,"2025-06-16 12:37:58",@flashgodam1066,"10:20 wkwk inget zaman bocil ke bang Yudist Ardhana ku spam 😂😂 gamenang menang",0,,
Ugwjyzu4Y3azMXmspdN4AaABAg,0,0,"2025-06-16 12:37:03",@gokyumi,"😂😂 deepfake indo suara AInya ngebut bgt. Lagian gampang bgt bedainnya, gibran ngomong aja ga becus, ga mungkin ngomong secepet itu 🤣🤣",0,,
Ugw26kR9xVcEPg2_QJF4AaABAg,0,0,"2025-06-16 12:36:12",@naymassaid1919,"Team nontn sambil makan",0,,
Ugw8xPfiz0u8Ju8QD8l4AaABAg,0,0,"2025-06-16 12:35:38",@madeadhityadwipayana4409,"Aku dalam seminggu kebelakang sudah puluhan kali ditelpon(pulsa maupun WA) dan juga 5x dixhat wa nawarin pinjaman sama judol 🗿",0,,
Ugwn_O3FxwemHl-B2JB4AaABAg,0,0,"2025-06-16 12:35:23",@DianaKartiniPutri,"oalaaah itu papa nya ka nessy, baru tau.. hahahaa",0,,
Ugx_Gqg7Pr4LwCYDTO54AaABAg,0,0,"2025-06-16 12:35:19",@nurwulanwiduri1383,"Ingat banget gara2 AI, nenek tiba2 ngomong, “betul kh tahun depan tu Balikpapan bakalan turun salju?” 😂😂😂",0,,
UgwZ9maNNkK5RSTkkkZ4AaABAg,0,0,"2025-06-16 12:35:02",@AlbertoKrishnaWinningKusuma,"Kriptodong wkwkwk istilah bagus, kak Nes. Intinya, don't trust anyone in the internet.",0,,
UgzMeiCduC4xyGy8jr14AaABAg,0,0,"2025-06-16 12:34:36",@victorokt,"Boro boro kartu kredit kak, Debit aja kosong wkwkwk",0,,
UgzKonVF13MMimhPAMl4AaABAg,0,1,"2025-06-16 12:33:58",@hannaly1197,"mau berbagi cerita dikit, keluargaku bangkrut gara2 ada salah satu keluarga yang kena scam seperti Anne di tahun 2018-2019. sampai ngutang ke bank, ngejual beberapa perhiasan, mobil. dah pernah ada yang ngingetin kalo itu scam karena si penipu itu pernah ngasi kontak yg katanya seorang agen pengiriman barang dari luar negeri dengan foto profil seseorang dari PBB. karena merasa hal itu benar dan yg udh ngingetin dibilang soktau, yauda akhirnya habis banyak harta utk ngebayar barang yang smpai hari ini aja ga kunjung keliatan wujudnya. saat ini alhamdulillah utang2 dah pada lunas dan ekonomi keluargaku saat ini masih proses bangkit kembali.. intinya, hati-hati gaes. terutama yang boomers tuh menurutku perlu diawasi kalo pake medsos selain rentan kena scam, rentan juga kemakan hoaks.",0,,
UgzyqcGZ0rN6IUVHcfV4AaABAg,0,0,"2025-06-16 12:33:41",@Amat2000a,"Kok Ada Nadia Omara",0,,
Ugy2NQdi4-azg0d2M0J4AaABAg,3,13,"2025-06-16 12:33:19",@putrisyela1171,"Tetanggaku kasusnya juga sama, kenal di FB sama cowo org luar negeri. Katanya dia ngirim tas branded, uang dll tapi kendala di bea cukai. Untung aja ga pernah ditransfer uang yg diminta. Tapi mereka sering telponan & vc katanya emang cowo asli kok. Heran juga kok penipu berani nunjukin mukanya🙃",0,,
Ugy2NQdi4-azg0d2M0J4AaABAg.AJR3Sqki6mHAJRcIPZC-cf,,0,"2025-06-16 17:46:28",@dawnluster-ts,"Ih sama kek bunda ku juga,mana aku dulu ga ngerti apa apa juga",1,Ugy2NQdi4-azg0d2M0J4AaABAg,@putrisyela1171
Ugy2NQdi4-azg0d2M0J4AaABAg.AJR3Sqki6mHAJSRrH0H0JU,,0,"2025-06-17 01:25:45",@hasnahNs,"Padahal modus kaya gini udah sering banget terjadi tapi tetep aja banyak yang ketipu.... Bayar bea cukai padahal uangnya ya masuk ke rekening penipu... Dan mereka berkomplot....",1,Ugy2NQdi4-azg0d2M0J4AaABAg,@putrisyela1171
Ugy2NQdi4-azg0d2M0J4AaABAg.AJR3Sqki6mHAJzGTRAWjmU,,0,"2025-06-30 04:40:25",@asjsjxoxo,"​@hasnahNs Kek pernah dengar ya,ada Youtuber kena korban iklan AI,dipromosikan di Tiktok,oleh UC Browser palsu,padahal kalau dilihat videonya,gerak mulutnya nggak sama di audio dari videonya lho",1,Ugy2NQdi4-azg0d2M0J4AaABAg,@putrisyela1171
UgyoNY2spyX8kAZYljx4AaABAg,0,0,"2025-06-16 12:33:13",@yukaikim3416,"Temanku kemarin di vc raffi ahmat di tawarin sapi kurban😂",0,,
UgzhwsF-H1yG1HhCaT94AaABAg,0,0,"2025-06-16 12:33:02",@erin-lotin.,"Ak jg di teror trs sm tlp gk jelas,,sehri ja smpe 50 kli tlp",0,,
UgzouccNHx55K4mC3px4AaABAg,1,1,"2025-06-16 12:32:21",@hellodeviaaa,"collab dong kak Ness sama Wawak Nadia 😊❤",0,,
UgzouccNHx55K4mC3px4AaABAg.AJR3LiUWhDeAJR6xtW3_z1,,0,"2025-06-16 13:03:54",@MariusMyLove26,"Up ditunggu khw collab cerita nerrorist ini 👍👍👍",1,UgzouccNHx55K4mC3px4AaABAg,@hellodeviaaa
Ugz54-FugaAzPOVeu6h4AaABAg,0,0,"2025-06-16 12:31:56",@octhavianijulia6071,"Aq komentar ke 126 🎉🎉🎉",0,,
UgzIr0PU0z0tRgmqFMV4AaABAg,0,0,"2025-06-16 12:31:04",@victorokt,"Kadang susah juga om-om sama tante-tantenya kak nessie. Yang real dia bilang AI, Dan sebaliknya. Yang ada ribut pasti ujungnya",0,,
UgwpCyyoGjcs8pFsIC94AaABAg,0,1,"2025-06-16 12:31:02",@NizlyMeiAngel,"Sepupuku masih kelas 2 SMP kak😢😢",0,,
UgyM1CDS_XzlYwssZMB4AaABAg,0,1,"2025-06-16 12:30:39",@ilhamramdhani04,"Emang bener paling kaget tiba tiba ada telpon random alias asing, untung sekarang ada WA jadi kalo mau chat ya WA aja tapi jangan telpon, GAK BAKAL GW BALES SAMPE KAPANPUN 🥲👊 mending ganti nada deringnya biar kalo ada telpon random, nikmatin aja lagu dering 😂🤣🤣",0,,
UgzHkiq_Fh4m6UPdzKN4AaABAg,3,55,"2025-06-16 12:30:13",@qorryprasetianingrum,"13:30 ibuku ngirimi aku videonya. Dan jelaaaaaass ibuku antusias banget nyuruh aku ngurus tuh bantuan. Aku berusaha jelasin ya agak ngeyel juga ibuku sampai ku bilangin ""yowes besok gajian ku lebihin TFnya"" baru ayem😂😂",0,,
UgzHkiq_Fh4m6UPdzKN4AaABAg.AJR365kP6YGAJR71dBzSye,,2,"2025-06-16 13:04:33",@PutriNurulAzizah-rs5sg,"samaa kak, ortuku selalu nyuruh aku ngurus bantuan kalau tau ada video2 kek gitu",1,UgzHkiq_Fh4m6UPdzKN4AaABAg,@qorryprasetianingrum
UgzHkiq_Fh4m6UPdzKN4AaABAg.AJR365kP6YGAJRDwT6BQVt,,13,"2025-06-16 14:04:53",@S_Rosss,"Berarti anda yang kena jebakan ibu anda 😂",1,UgzHkiq_Fh4m6UPdzKN4AaABAg,@qorryprasetianingrum
UgzHkiq_Fh4m6UPdzKN4AaABAg.AJR365kP6YGAJRiTxlE3pp,,2,"2025-06-16 18:40:28",@selputri8226,"@S_Rosss anjir iya lagiii🤣🤣",1,UgzHkiq_Fh4m6UPdzKN4AaABAg,@qorryprasetianingrum
UgxF0zb_L-nZPbt_yzd4AaABAg,0,0,"2025-06-16 12:29:41",@SITIROHMAH-qn2ir,"Emang penipu kaya eek",0,,
UgzCTJZWeyymEJTLFmF4AaABAg,0,0,"2025-06-16 12:29:40",@Syifa-j9w,Assalamualaikum,0,,
Ugze3b6Zvpkl00MZgWF4AaABAg,0,1,"2025-06-16 12:28:57",@whathappenwithjoy,"Ini nih emak gue😂 gampang banget ketipu iklan tiktok... Dari tsunami, gempa, kucing menari, pernikahan artis yang nggam mungkin😢😅",0,,
UgzAJG2ZQ48CJccpSex4AaABAg,0,0,"2025-06-16 12:28:36",@S_Rosss,"Iya ih sekarang makin ngeri nomor hp udh tersebar kemana²",0,,
UgxeY0H8Bo1Hqn6IsC54AaABAg,0,0,"2025-06-16 12:28:12",@NizlyMeiAngel,"Vidio sepupu ku udh viraludh viral satu desa kaaak",0,,
UgzSvMTlUkOSx4ppHH54AaABAg,0,1,"2025-06-16 12:28:12",@Mannnfcfs,"Banyak bgt di fb yg ngiklanin judol pake muka ustadz2 🥲",0,,
Ugw8d_PTQSMiD2bL3CJ4AaABAg,0,0,"2025-06-16 12:28:10",@maysaroh787,"Hi 😮😮😢",0,,
UgwE0GTTkzjNYKgCFPV4AaABAg,0,0,"2025-06-16 12:27:01",@erwinninda,"Ketipu lactalist ranch puluhan juta,leadernya sering vc anggotannya untuk training atau apalah itu,tp pake AI,sampe skrg blm ketangkep orangnya,pelakunya ya org² indo yg kerja di kamboja,admin² judol anj*ng,korbannya 1 indonesia... Klo gak ketangkep didunia,biar tuhan yg balas",0,,
UgxWhiOlqxF762xSe2J4AaABAg,0,0,"2025-06-16 12:26:52",@bintang-h8,"Mak itu bukan Nicholas Saputra, udah jangan macam macam deh.",0,,
UgzCMl86exhrTggynxZ4AaABAg,0,0,"2025-06-16 12:26:50",@NizlyMeiAngel,"Ka sepupu aku kenalan sama orang di fascbook terus dia minta foto sepupu ku buat disalah gunakan, foto sepupu ku dibikin vidio porno kaaa😢Pake ai kejadiannya di sumedang sukanyiru",0,,
UgxdKRWuESE7SIDuRRB4AaABAg,0,0,"2025-06-16 12:26:16",@BulgaJaya,"Mama ku hampir aj ketipu sama giveaway baim wong😌",0,,
UgyjJCm-WieW0UBlwX54AaABAg,2,16,"2025-06-16 12:26:09",@sabilsalwa08,"bayangin kalo ternyata orang yang kena tipu itu uangnya sisa segitu, dan mereka udah berharap banget dapet ganti yang lebih tapi malah ga balik' uangnya😢",0,,
UgyjJCm-WieW0UBlwX54AaABAg.AJR2dKWvvreAJRF9KO_ZAB,,0,"2025-06-16 14:15:31",@ranselangin,"Aq ditipu dgn iming2 nginep di hotel bareng keluarga. Gak lama dari aq dapet KK dari sebuah bank yg bahkan gak pernah aq apply. Kesel bgt sampe ubun2. Sampe skrg masih inget bgt. Aq doain orang2 yang terlibat sengsara seumur hidup",1,UgyjJCm-WieW0UBlwX54AaABAg,@sabilsalwa08
UgyjJCm-WieW0UBlwX54AaABAg.AJR2dKWvvreAJT5ZaABZ9u,,0,"2025-06-17 07:30:12",@sabilsalwa08,"​@ranselangin orang' ko bisa cari uang pake cara yang jahat banget ya kak, semangattt buat kakaknya",1,UgyjJCm-WieW0UBlwX54AaABAg,@sabilsalwa08
UgxHKmC8SFvoiDbWRRB4AaABAg,0,2,"2025-06-16 12:25:49",@BarraArkana,"Pantesan aja fb sama insta mau ditutup",0,,
Ugy8WMdx-bXYWRCp4yB4AaABAg,0,1,"2025-06-16 12:25:49",@ariesthadhavany8618,"Kak req bahas kasusnya Valerie Marquest dongg. AKU MAKSAAAAA!!",0,,
Ugx_Wx7DRajjwgDjXO54AaABAg,0,2,"2025-06-16 12:25:45",@MrsAndraa,"Apa cuma aku yg lgsg nonton saat liat nadia omara?",0,,
UgyfviWu9YvPy4IzXSB4AaABAg,0,5,"2025-06-16 12:25:33",@sintiamelva4640,"1. kalo sesuatu itu too good to be true, too easy to get money, kamu harus curiga 2. kalo udh minta tf dan data perbankan, berarti penipuan biasanya yang mudah tertipu itu orang tua yang gk bisa bedain berita hoax dan gk ngerti crosscheck berita dan orang-orang yang udah putus asa atau pengen dapat uang dengan cepat dan mudah",0,,
UgyWYUkHs_mGndvvcjN4AaABAg,0,1,"2025-06-16 12:25:00",@SusiSusilawati-nq9yn,"Ko ada nadia omara",0,,
UgwNZ1QGwgNL5qd_kSd4AaABAg,0,2,"2025-06-16 12:24:13",@asminartisutirman2274,"Se serem itu AI, Tolong dihilangkan saja itu AI bahkan pembawa berita aja mau diganti jdi AI😢",0,,
UgyUzB5MUr8m40T5MKd4AaABAg,0,2,"2025-06-16 12:24:01",@최Leviathan,"ngakak banget bjir budhe... budhe... budhe Anne",0,,
Ugx_eeuF1QN-Ryh3LdN4AaABAg,2,44,"2025-06-16 12:23:13",@rrikunatsu,"Gw sekarang bukan takut dibidang kreatif bakalan pekerjaan bisa digantikan atau hilang dengan adanya AI generate deepfake gini,tapi takut beneran kayak dipake buat kriminal,apalagi kita hidup di negara Indonesia,yang regulasi AInya belum ada,hukumnya belum jelas, Instasi kita banyak yang cacad, keamanan data cyber kita masih sering kecolongan, ditambah SDM kita masih ada yang rada rada Kalo masih hidup di Indonesia gw gak bakal terus mikir positif tentang kemajuan AI",0,,
Ugx_eeuF1QN-Ryh3LdN4AaABAg.AJR2Is527oKAJTqOp7Im4z,,1,"2025-06-17 14:28:09",@akunformalitas,"Herannya si Alyssa sampai nikah sama Al",1,Ugx_eeuF1QN-Ryh3LdN4AaABAg,@rrikunatsu
Ugx_eeuF1QN-Ryh3LdN4AaABAg.AJR2Is527oKAJz-QnA1fAX,,0,"2025-06-30 02:11:30",@Loopy229-j2i,​@akunformalitasallahuakbarr😂,1,Ugx_eeuF1QN-Ryh3LdN4AaABAg,@rrikunatsu
UgxwhTgOTU0oIArTiyV4AaABAg,0,1,"2025-06-16 12:22:32",@최Leviathan,"foto blur kek gitu kok bisa2nya percaya",0,,
UgyH_ErYyEIsDdVBj2t4AaABAg,2,234,"2025-06-16 12:22:05",@rosab.s.4630,"Akhir tahun lalu sempat nonton video semacam iklan masyarakat dr Malaysia, ortu dpt vc dr anaknya tp nmr hp lain. Wajah anaknya, percaya ortu, katanya kehilangan hp & dompet, minta deh uang ditransfer lewat norek temannya. Msh vc, tau2 ada salam - anak mereka yg sbnrnya pulang. Langsung dong kaget ortunya. Kita memang harus slalu ingatkan ortu - siapapun, apalagi gen baby boomers - agar tetap waspada. Terutama bila anak2nya merantau, jauh dr ortu/keluarga.",0,,
UgyH_ErYyEIsDdVBj2t4AaABAg.AJR2AXsCUurAJSHSiBiTYf,,8,"2025-06-16 23:54:52",@virgo-1979,"Pas 2018 bapakku juga dapat tlp, katanya mbakku ipar kecelakaan minta bantuan uang, aku dah bilang itu penipu, bapakku malah marah, langsung aku panggil semua masku, dan alhamdulillah mbakku ipar pulang, akirnya bapak sadae kalo itu penipu, 😢",1,UgyH_ErYyEIsDdVBj2t4AaABAg,@rosab.s.4630
UgyH_ErYyEIsDdVBj2t4AaABAg.AJR2AXsCUurAJTVaQzo2rY,,2,"2025-06-17 11:17:38",@jaemination,"Sekarang ada scam pake video AI, jadi ya gitu deh",1,UgyH_ErYyEIsDdVBj2t4AaABAg,@rosab.s.4630
UgzOdDo0lnkHsYLHxjV4AaABAg,2,50,"2025-06-16 12:21:52",@dewiljeno2385,"😭 orang kudet emang bahaya weh, kalo di kasi tau yang sebenernya malah nggak terima",0,,
UgzOdDo0lnkHsYLHxjV4AaABAg.AJR291NKcKtAJSuV3MA1jf,,1,"2025-06-17 05:44:43",@naf4543,"FR 😭 dikasih tau malah ngeyel biasanya",1,UgzOdDo0lnkHsYLHxjV4AaABAg,@dewiljeno2385
UgzOdDo0lnkHsYLHxjV4AaABAg.AJR291NKcKtAJWA5uuRFYR,,0,"2025-06-18 12:07:34",@dewiljeno2385,"​@naf4543kadang kita udah effort cari di google dan lain2 buat bukti, terus balesannya malah nganggep kita sok pinter 😭 bukan kitanya yang sebel malah dianya yang sebel sama kita.",1,UgzOdDo0lnkHsYLHxjV4AaABAg,@dewiljeno2385
UgzuYL6LZNEGvVujjGV4AaABAg,0,2,"2025-06-16 12:21:49",@최Leviathan,"Brad Pitt kok bisa pakai wasap. kocak",0,,
Ugzwr7V1EBu1pilHGMl4AaABAg,0,3,"2025-06-16 12:21:44",@oliviaseventeenlendeng7145,"pas liat di tumlail ada wajah nadia omara gw lansung kepikiran gimana kalo kak nessie collab sama kak nadia omara",0,,
Ugx0MaTZNscMD3oqC_R4AaABAg,0,7,"2025-06-16 12:21:41",@Cessabillyandra,"Oalahh itu papa nya kak nessie toh😂 pas liat videonya puas banget aku sama reaksinya pas ngancam penipu wkwkwk",0,,
UgyktreEehg0SJ-xh4Z4AaABAg,0,2,"2025-06-16 12:21:38",@RioPurwandiStore,"Udah ada film nya nih, beekeper",0,,
UgzbEZ7PmmwLzFkI86h4AaABAg,0,2,"2025-06-16 12:21:24",@naptann,"Hari ini di telp nomor terduga scam 7 kali setelah terakhir di telpon ginian 13 maret. Awalnya di telpin td pagi trus kepo krn itu kontak gaada tanda terduga scam akhirnga aku donlot get cont lagi kan buat cek sapa tau penting krn aku lagi apply bbrp laamaran. Eh aetelah di cek ke gef cont tbtb langsung 6 panggilan lagi di waktu yg deketan setelah aku cek get cont. Bener2 anehh. Sebenernya gak terlalu ganggu krn notif deringku aku matikan jadi gak berbunyi dan tinggal swipe abaikan aja itu panggilan cuma gedek juga ya, mau aku angkat dan dengerin tp malas nanfi ke girangan tu penipu telponnya diangkat cuih. Semoga yg suka scam dan nipu lewat teloon gini2 aku doain masuk neraka paling sadis siksa kuburnya aaaminnnn",0,,
UgykS0J5Ur10w_FMgy54AaABAg,0,2,"2025-06-16 12:21:14",@anindyafara4955,"Video ini di menit pertama bikin dar der dor banget 😭😭😭😭",0,,
Ugx9kkzhPeTYMh7BOzl4AaABAg,3,8,"2025-06-16 12:21:04",@Nuy_94,"2019 bapak ku pernah ketipu puluhan juta iming-iming hadiah uang dari Telkomsel, padahal dari awal udah aku ingetin jangan percaya sama hadiah klo kita disuruh transfer uang duluan tapi bapak ku keras kepala akhirnya dia baru sadar setelah diminta transfer uang terus terusan, sumpah aku jengkel banget sama bapak waktu itu",0,,
Ugx9kkzhPeTYMh7BOzl4AaABAg.AJR239BeHuIAJR3S0EMRqe,,1,"2025-06-16 12:33:12",@ayrusarifsurya1068,"Ditoyor2in gak bapak nya abis beliau sadar😂",1,Ugx9kkzhPeTYMh7BOzl4AaABAg,@Nuy_94
Ugx9kkzhPeTYMh7BOzl4AaABAg.AJR239BeHuIAJR5IkMGfih,,2,"2025-06-16 12:49:25",@ArmNRzki,"baru bulan kemarin Bapak juga hampir ketipu dia udah hampir ngasih kode OTP ke si penipu untung ketauan langsung gw ambil HPnya",1,Ugx9kkzhPeTYMh7BOzl4AaABAg,@Nuy_94
Ugx9kkzhPeTYMh7BOzl4AaABAg.AJR239BeHuIAJTqqhdayaK,,0,"2025-06-17 14:32:06",@akunformalitas,"Sasaran empuk penipu adalah lansia pensiunan, kang tipu bgsd modal profil WA Bareskrim aja udah berhasil menggasak 100jt dari rekening bokap gw bgsd!",1,Ugx9kkzhPeTYMh7BOzl4AaABAg,@Nuy_94
UgyT9JkJtg5eQM45BJp4AaABAg,0,26,"2025-06-16 12:20:56",@HandyNihBozz,"Bahas Air India Flight 171 dong Kak..",0,,
UgwtaxVPSeHYOKIwxYZ4AaABAg,2,223,"2025-06-16 12:20:49",@anindyafara4955,"0:57 Haahhh sumpahhh itu bapaknya kak ness? Lucu bangetttt 😭😭😭",0,,
UgwtaxVPSeHYOKIwxYZ4AaABAg.AJR21GO-AqeAJR7AtsBDEH,,5,"2025-06-16 13:05:49",@Inhibition24,"Kya pelawak dong",1,UgwtaxVPSeHYOKIwxYZ4AaABAg,@anindyafara4955
UgwtaxVPSeHYOKIwxYZ4AaABAg.AJR21GO-AqeAVUxZXbaD4X,,0,"2026-04-12 07:06:45",@10.Biantara,😂,1,UgwtaxVPSeHYOKIwxYZ4AaABAg,@anindyafara4955
Ugy5g-VjTWtn27jyIwl4AaABAg,0,3,"2025-06-16 12:20:37",@terserahaku6766,"Anies Baswedan jual sprei, prabowo jualan hordeng",0,,
UgwGSlaCFHkGz5ZGIIZ4AaABAg,0,11,"2025-06-16 12:19:30",@OppoPadede,"Semakin canggih teknologi,semakin gila manusia klau tdk di filter dulu segalanya,secanggih2nya Alat ttp sj ada kelemahannya,manusia dan robot itu sngt beda......bersukurlah jd manusia.",0,,
UgwurBgguKNPX4N4NcJ4AaABAg,1,50,"2025-06-16 12:19:16",@anindyafara4955,"Ada Nadia di thumbnail 😭😭😭",0,,
UgwurBgguKNPX4N4NcJ4AaABAg.AJR1qu0Df8oAJRWoHZnHbL,,5,"2025-06-16 16:49:47",@rotisobek6517,"Aku nungguin dia dari tadi",1,UgwurBgguKNPX4N4NcJ4AaABAg,@anindyafara4955
Ugw5jG9AJ-3c2xKr2Vp4AaABAg,0,25,"2025-06-16 12:19:14",@eleanorssanctuary,"9:12 ketawa banget😭😭😭😭😭",0,,
Ugzd-K98O9JK01aO-Qp4AaABAg,0,2,"2025-06-16 12:18:12",@Pain.Hammer,"Baru tau kalo itu Papa nya Kak Nes.. What a plot twist 🤯",0,,
UgwjwrGpmC29NXrNClF4AaABAg,0,6,"2025-06-16 12:17:27",@Hisikepo12,"Give away dr baim wong😂",0,,
Ugy94qzDrQnTUic6Vfd4AaABAg,0,2,"2025-06-16 12:17:23",@wiranti1184,"Plot twist bgt kalo itu bapaknya kak nessie🤣🤣",0,,
UgyJ_XQ4S1xwbou4on14AaABAg,0,5,"2025-06-16 12:17:03",@guemanusia,"Ga nyangka itu bapaknya 😂",0,,
UgytPaNKmL84tvMsqz94AaABAg,0,6,"2025-06-16 12:16:52",@dewilushintaa,garceppp,0,,
UgxfR121NPx4qE5i3R14AaABAg,0,3,"2025-06-16 12:16:47",@mytalaili3635,"Apakah dengan video ini hilal collab Nessie X Nadia sudah makin terlihat?????",0,,
UgyzfaB6RzLo7gO3zKR4AaABAg,1,24,"2025-06-16 12:16:08",@DwiAstuti-zb4xx,"di Facebook banyak banget promo judol pakai muka Raffi Ahmad, nggak enak nya jadi artis papan atas😭",0,,
UgyzfaB6RzLo7gO3zKR4AaABAg.AJR1V-EZZM0AJR51Arq15J,,2,"2025-06-16 12:47:01",@flashgodam1066,"Gerald vincent jg",1,UgyzfaB6RzLo7gO3zKR4AaABAg,@DwiAstuti-zb4xx
UgygFseBZ2sLdGlyD6l4AaABAg,0,2,"2025-06-16 12:16:02",@GadgetaiPonorogo25,"Hy kk nessie udah makan???",0,,
UgwRzbG83GBv2iv3mWB4AaABAg,0,2,"2025-06-16 12:15:46",@janeesther,🥤🍿,0,,
Ugz3BdaCNB17kLgiWyd4AaABAg,0,1,"2025-06-16 12:15:28",@phi_laaa,"yap benar, pentingnya aturan ketat untuk penggunaan AI ini dengan bijak. tapi sebagian aturan dibuat untuk dilanggar😅😢",0,,
UgybGWAyXODeEasC3c14AaABAg,0,9,"2025-06-16 12:15:22",@blameitondanny,"Gue belom pernah sih ngeliat video deepfake give away atau semacamnya tapi sempet seliweran iklan-iklan jualan yang pake deepfake AI. Yang paling sering itu obat sendi sama susu lansia 😂. Oh iya, bahkan salah satu E-commerce lokal juga pake deepfake AI loh. Dia nyomot video influencer china biasanya.",0,,
UgznkMXcqpHgb6fdLWl4AaABAg,0,8,"2025-06-16 12:15:21",@promiseagain5075,"Enak banget pulang kerja rebahan langsung nonton ka nesse",0,,
Ugy0xyFwMOIGf_YFyet4AaABAg,0,1,"2025-06-16 12:15:14",@nunikwdewi4996,"14menit yang lalu",0,,
Ugx1TU9AvIa72tUVyfB4AaABAg,0,1,"2025-06-16 12:15:13",@Caca_Rasendria,"Yesss betul kak kemaren"" ada bbrpa x telfon dari no baru sama aku ga tak angkat pas tak cek namanya penipuan 😅",0,,
Ugy6cVhjUf9xM62C8wR4AaABAg,16,318,"2025-06-16 12:14:37",@mamasupi-e6n,"Salah satu ciri AI: 1. Respon cepat dan cenderung sempurna 2. Bahasa terlalu formal Dan ini yang paling bisa di lihat. 3. AI gak punya emosi / empati ada yang mau menambahkan silahkan",0,,
Ugy6cVhjUf9xM62C8wR4AaABAg.AJR1JtXGJZgAJR7IfZmSHZ,,61,"2025-06-16 13:06:53",@sou.fflecake,"sekarang ai udah bisa non formal tau, they can speak our slang🥹, it's between good or bad thing",1,Ugy6cVhjUf9xM62C8wR4AaABAg,@mamasupi-e6n
Ugy6cVhjUf9xM62C8wR4AaABAg.AJR1JtXGJZgAJR7_h14ngd,,63,"2025-06-16 13:09:20",@imaoct,"lihat mulutnya kalo ngomong AI sllu gak singkron. kadang kek delay ngomongnya dan gerakan bibir gak natural. plus kulit terlihat lebih mulus kaya animasi",1,Ugy6cVhjUf9xM62C8wR4AaABAg,@mamasupi-e6n
Ugy6cVhjUf9xM62C8wR4AaABAg.AJR1JtXGJZgAJR99csbe0r,,15,"2025-06-16 13:23:07",@mamasupi-e6n,"​@sou.fflecake Iyakah? Jadi makin sulit dong. Poin no3 mungkin msh bisa di jadikan perbandingan dia AI/real human. Bener2 bahaya sih emosi di terapin di AI apalagi modelannya robot tempur.",1,Ugy6cVhjUf9xM62C8wR4AaABAg,@mamasupi-e6n
Ugy6cVhjUf9xM62C8wR4AaABAg.AJR1JtXGJZgAJRCAmlh89_,,13,"2025-06-16 13:49:30",@Pinkie_o970,"​@mamasupi-e6ntapi aku tau kalo soal itu kalo ai tuh ketikannya kadang awkward atau ga nyambung kalo mau dibedain bahasa ai tuh chill tapi agak aneh gimana ya aku juga ga tau😅",1,Ugy6cVhjUf9xM62C8wR4AaABAg,@mamasupi-e6n
Ugy6cVhjUf9xM62C8wR4AaABAg.AJR1JtXGJZgAJRHFqBsoQX,,6,"2025-06-16 14:33:52",@TheCandu2011,"Pencahayaan AI inkonsisten",1,Ugy6cVhjUf9xM62C8wR4AaABAg,@mamasupi-e6n
Ugy6cVhjUf9xM62C8wR4AaABAg.AJR1JtXGJZgAJRJExJf_CA,,10,"2025-06-16 14:51:14",@PutraManusia77,"​@imaoct Tambah Tangan Kurang Sempurna Dan Kalau Ada Produk/Nama Tertulis,Tulisannya Agak Luntur",1,Ugy6cVhjUf9xM62C8wR4AaABAg,@mamasupi-e6n
Ugy6cVhjUf9xM62C8wR4AaABAg.AJR1JtXGJZgAJRq1tNbkNN,,0,"2025-06-16 19:46:33",@naynst,"Gerakannya aneh juga, agak2 slowmo gt kayak robot",1,Ugy6cVhjUf9xM62C8wR4AaABAg,@mamasupi-e6n
Ugy6cVhjUf9xM62C8wR4AaABAg.AJR1JtXGJZgAJS0nmkP8hj,,1,"2025-06-16 21:29:20",@Rheanka,"Mulutnya keliatan juga kak, gerakannya aneh, gigi juga berantakan, muka plonga plongo, mata kemana kamera kemana",1,Ugy6cVhjUf9xM62C8wR4AaABAg,@mamasupi-e6n
Ugy6cVhjUf9xM62C8wR4AaABAg.AJR1JtXGJZgAJS8FaGebSt,,3,"2025-06-16 22:34:26",@SuandySun,"Veo 3 mas coba kau lihat 😂 .. di tangan yang tepat itu AI udah bisa bikin shorts pendek yang patut dipertanyakan realitasnya.",1,Ugy6cVhjUf9xM62C8wR4AaABAg,@mamasupi-e6n
Ugy6cVhjUf9xM62C8wR4AaABAg.AJR1JtXGJZgAJSBEkJeAVh,,5,"2025-06-16 23:00:32",@ARTEC-r2k,"sekarang gak ada lagi ciri2 AI,, karena AI makin hari makin pintar makin berkembang makin menyempurnakan kemampuannya sehingga tingkat kemiripan hampir kayak manusia asli",1,Ugy6cVhjUf9xM62C8wR4AaABAg,@mamasupi-e6n
Ugy6cVhjUf9xM62C8wR4AaABAg.AJR1JtXGJZgAJSGfXqK_Sl,,1,"2025-06-16 23:48:01",@alkhairunisyahks6711,"Terlalu baku dan bahasanya logatya sama semua",1,Ugy6cVhjUf9xM62C8wR4AaABAg,@mamasupi-e6n
Ugy6cVhjUf9xM62C8wR4AaABAg.AJR1JtXGJZgAJSvXf2wyyx,,1,"2025-06-17 05:53:49",@aureliamimi,"Tergantung..semua itu gimana sama prompt kita. Mau disuruh pake bahasa daerah, bahasa 100 th lalu, mau disuruh jd orang paling berempati sedunia jg bisa. AI sengeri itu bro. Intinya kalo udh ada link, sm yg berbabu duit mending tinggalin dah",1,Ugy6cVhjUf9xM62C8wR4AaABAg,@mamasupi-e6n
Ugy6cVhjUf9xM62C8wR4AaABAg.AJR1JtXGJZgAJT2JmZqpTQ,,3,"2025-06-17 07:01:49",@augnorabia303,"Hasil generate video AI terlalu mulus, pencahayaan, shading dll bak professional tanpa efek perekaman alami seperti glitch, noise, blurry random, dll. Untuk sekarang bisa dikenali tapi ya siapa yg tau dimasa depan akan semakin natural lagi.",1,Ugy6cVhjUf9xM62C8wR4AaABAg,@mamasupi-e6n
Ugy6cVhjUf9xM62C8wR4AaABAg.AJR1JtXGJZgAJULOS-PHJr,,0,"2025-06-17 19:07:43",@TDwiHermawati,"Ai sudah bisa dikasih emosi sedih, ketawa, malu, dll🙏",1,Ugy6cVhjUf9xM62C8wR4AaABAg,@mamasupi-e6n
Ugy6cVhjUf9xM62C8wR4AaABAg.AJR1JtXGJZgANqXiiywAZx,,1,"2025-10-04 05:23:36",@akndbdjdkxnd,"Klo komunikasi TLP atau VC , cb pakai bahasa daerah kita kak, yg bener2 medok kt pakai sehari2, itu salah satu cara jitu buat tau dia penipu atau bukan Kalau rekaman video agak susah sih 😢",1,Ugy6cVhjUf9xM62C8wR4AaABAg,@mamasupi-e6n
Ugy6cVhjUf9xM62C8wR4AaABAg.AJR1JtXGJZgANqXxZYyrhg,,0,"2025-10-04 05:25:37",@akndbdjdkxnd,​@TDwiHermawati😱😱😱,1,Ugy6cVhjUf9xM62C8wR4AaABAg,@mamasupi-e6n
Ugz-OB94m1bVzcoksu14AaABAg,0,1,"2025-06-16 12:14:34",@poetrijoella.official,"Selamat makan malam teman-teman 🎉",0,,
Ugwo6XCy-qIj4_DhxWZ4AaABAg,2,39,"2025-06-16 12:14:01",@mynii-sm26ind,"Hah? Papanya? 0:20 😂😂",0,,
Ugwo6XCy-qIj4_DhxWZ4AaABAg.AJR1FYXTMY4AJR2zVx4vXY,,2,"2025-06-16 12:29:11",@leny_is,😂😂😂,1,Ugwo6XCy-qIj4_DhxWZ4AaABAg,@mynii-sm26ind
Ugwo6XCy-qIj4_DhxWZ4AaABAg.AJR1FYXTMY4AJR8z_FmlX1,,1,"2025-06-16 13:21:37",@gracewang1805,"ga ekspek XD sm om sy jg geram bgt sama nomor kite yg ksebar entah kmn aja =_=",1,Ugwo6XCy-qIj4_DhxWZ4AaABAg,@mynii-sm26ind
UgyCnzbH2ab8Bcs45L54AaABAg,0,1,"2025-06-16 12:13:14",@agusjunaedi5616,"Ke 60",0,,
UgwWKzWIJeoi2QLs4qJ4AaABAg,0,2,"2025-06-16 12:10:34",@deanapri21,"1:04 Sejak kasus bobolnya pusat data nasional karena ketidakbecusan boomer pemerintahan dalam bekerja, sepertinya informasi data pribadi kita bukan lagi privasi sih 😅",0,,
Ugz16rkxFj3pJfQDXO54AaABAg,0,2,"2025-06-16 12:09:54",@cintavksawx5410,"WAKTUNYA MAKAN!!!",0,,
Ugz83AzfBJmX1zdHnQd4AaABAg,0,20,"2025-06-16 12:09:13",@sarifahayundaputri8112,"Terpanggil krna ada Nadia omara😂",0,,
Ugy5PgvTkfBlC3viQAV4AaABAg,0,2,"2025-06-16 12:08:52",@for_everyoung1001,"IHHH GERCEP NYA AKU, setelah bercape cape pulang kemahh langsung kesini dan yapp ternyata aku bisa segercep ini (baru kali ini kayanya) wkwk❤",0,,
UgxwwkK6TgojlKDJbBR4AaABAg,1,17,"2025-06-16 12:08:52",@rcasabitha,"Cunggg siapa yg takut banget sama kecanggihan teknologi saat iniii? 😭👆🏻",0,,
UgxwwkK6TgojlKDJbBR4AaABAg.AJR0eiDMe8DAJT9JrM_AzX,,0,"2025-06-17 08:03:00",@Riiilny03,"Ngapain takut",1,UgxwwkK6TgojlKDJbBR4AaABAg,@rcasabitha
UgznQL_zGU8bpQMlGAt4AaABAg,0,2,"2025-06-16 12:08:51",@muhammadfirman3814,"Baru tau aku ternyata itu toh nuka bapak nya",0,,
UgyBnaMqN13Iyf8T2cJ4AaABAg,0,2,"2025-06-16 12:08:44",@nahd1159,"ditelpon sih yang paling ngeselin,sehari bisa 15x lebih",0,,
UgyuUUzS6_rqqFJ2Cm54AaABAg,0,2,"2025-06-16 12:08:43",@harrypratama5912,"Wait, papanya kak Nessie Jeremy Thomas ?.",0,,
UgwNqDDQFvmNObGPL5Z4AaABAg,0,15,"2025-06-16 12:08:41",@HendriYana-d8n,"Bahas pesawat India dong kak🙏",0,,
Ugw2YCCLEd7XimlzfCh4AaABAg,0,2,"2025-06-16 12:08:37",@andiksyahroni6454,Papaku,0,,
Ugw7DEyf9XlpG3wHiEV4AaABAg,0,2,"2025-06-16 12:08:14",@letsgo-cr5pu,"Tapi papah kamu suka martabak manis apa martabak telur?",0,,
UgzsArn0u9tKXWSmk-54AaABAg,0,2,"2025-06-16 12:07:25",@DewidewiquCantik,"Tim gercep mana nihhh 🎉🎉🎉",0,,
UgyS3UPYYN7VQGo1XoB4AaABAg,0,5,"2025-06-16 12:07:22",@starshaa,gercepppp,0,,
Ugz_mHoK63DBdQP3i294AaABAg,0,2,"2025-06-16 12:07:19",@EmerySchatz,"Ada notif langsung klik (⁠ㆁ⁠ω⁠ㆁ⁠)",0,,
Ugxt6uWfDA-zRSevEax4AaABAg,0,3,"2025-06-16 12:07:06",@Chinlaybarbu,"Beli di mana buku neror nya?",0,,
Ugzwi-B0F03B5Wa-hQN4AaABAg,14,895,"2025-06-16 12:06:56",@ql27,"Guys tolong lebih hati2 lagi soal data diri kalian yahh. Kita daftarin diri kenegara aja bisa bocor dan masi kena macem2 penipuan. apa lagi kalo kita kasi ke pihak tidak bertanggung jawab yg ga punya perjanjian keamanan khusus. Semisal aja pendaftaran muka buat keamanan face ID, bagi yg tinggal di Apt ato diperkantoran gitu, asli data kalian ga aman. Muka kalian bisa aja dipake hal2 ga bertanggung jawab. Dan aku juga udah saksi, ngasi KK dan KTP ditempat kerja aja bisa dipake sama bos kalian buat daftarin hal2 yg kalian ga pernah bisa bayangin Aku bilang gini bukan nakut2in ya, tapi please lebih aware aja",0,,
Ugzwi-B0F03B5Wa-hQN4AaABAg.AJR0RefcpRDAJR0Zr8tgEm,,20,"2025-06-16 12:08:04",@ql27,"Oh iya plus ini aku bukan jadi korban, tapi juga lihat secara langsung gimana pak bos ngumpulin data-data ini untuk pendaftarannya",1,Ugzwi-B0F03B5Wa-hQN4AaABAg,@ql27
Ugzwi-B0F03B5Wa-hQN4AaABAg.AJR0RefcpRDAJR808Tadzm,,16,"2025-06-16 13:13:05",@kangun-yoon,"@ql27 terimaksih kak, tapi warga kita itu belum peduli tentang data pribadi, apalagi kalau ada duitnya, susah banget, kasus yang terakhir itu yang scan retina itu aja seperti itu, semoga kita semua slalu waspada terhadap penipuan jenis apapun",1,Ugzwi-B0F03B5Wa-hQN4AaABAg,@ql27
Ugzwi-B0F03B5Wa-hQN4AaABAg.AJR0RefcpRDAJR9QLatVd1,,21,"2025-06-16 13:25:24",@vivianegrizelle,"jangankan hal itu kak. data data kita yg kita masukin ke loker loker tp ga pernah di panggil sama pihak lokernya aja gatau itu data kita diapain😢",1,Ugzwi-B0F03B5Wa-hQN4AaABAg,@ql27
Ugzwi-B0F03B5Wa-hQN4AaABAg.AJR0RefcpRDAJRAfOKb0RY,,5,"2025-06-16 13:36:20",@diestans1587,"Masalahnya si bos minta kan ya? kalau nolak aja ga bisa... Dan sebelum ada AI juga ada pengalaman serupa, dan yg kena keluarga... mana tagihan kredit lagi gara2 data yg dipake sibos 😅😅",1,Ugzwi-B0F03B5Wa-hQN4AaABAg,@ql27
Ugzwi-B0F03B5Wa-hQN4AaABAg.AJR0RefcpRDAJRMcW0FmGp,,5,"2025-06-16 15:20:48",@Mputsprojet,"Makasih infonya yah, mamakku dan mertuaku sering banget tergiur dengan iming"" Give away.",1,Ugzwi-B0F03B5Wa-hQN4AaABAg,@ql27
Ugzwi-B0F03B5Wa-hQN4AaABAg.AJR0RefcpRDAJRPFAONf9S,,9,"2025-06-16 15:43:41",@hakabiprojectid,"Iya aku juga baru kepikiran 😢 karena mantan bos ku sering pinjem uang ke bank atau gadai² bahkan pinjol... Aku baru tau setelah kerja disana 3bln an... Sedangkan mereka punya semua dataku.. pernah aku dimintain foto buku nikah, kk KTP dan aku iya² aja karena aku bener² lg butuh kerja saking takutnya ga dapet kerjaan... Setelah kerja disana malah makin syok sama orang² kantor yg di luar nalar ku kelakuannya.. karena aku hamil akhirnya aku putuskan kehilangan kerjaan daripada punya rekan/atasan yg seperti itu",1,Ugzwi-B0F03B5Wa-hQN4AaABAg,@ql27
Ugzwi-B0F03B5Wa-hQN4AaABAg.AJR0RefcpRDAJRp_HLA0gi,,1,"2025-06-16 19:42:30",@reviewapaajadeh3079,"Data diri rakyat kita mah uda bocor dari dlu..",1,Ugzwi-B0F03B5Wa-hQN4AaABAg,@ql27
Ugzwi-B0F03B5Wa-hQN4AaABAg.AJR0RefcpRDAJSMSaYP4Ai,,2,"2025-06-17 00:38:33",@enrakhman5037,"Siapa disini yg gak tertarik diiming2 hadiah apapun meski emang lagi butuh sekalipun kek aku, apalagi ditawarin investasi, asuransi, promo mobil/motor dsb 😂",1,Ugzwi-B0F03B5Wa-hQN4AaABAg,@ql27
Ugzwi-B0F03B5Wa-hQN4AaABAg.AJR0RefcpRDAJSsRq4PIl0,,1,"2025-06-17 05:26:48",@rahayukasih,"betul apalagi daftar online bank juga sekarang bisa via online jadi gampang bgt data di hack",1,Ugzwi-B0F03B5Wa-hQN4AaABAg,@ql27
Ugzwi-B0F03B5Wa-hQN4AaABAg.AJR0RefcpRDAJT1Hg3uJGN,,1,"2025-06-17 06:52:48",@glycyrrhizaglabra,"Kredit motor di leasing2 itu jg whatsap tiap hari bunyi berkali-kali padahal dah lunas dah ambil BPKB jg, masih aja di chat2 ditelfon2",1,Ugzwi-B0F03B5Wa-hQN4AaABAg,@ql27
Ugzwi-B0F03B5Wa-hQN4AaABAg.AJR0RefcpRDAJ_eH_OL9JP,,2,"2025-06-20 05:57:00",@user-fc4ge7zl2s,"@hakabiprojectid kak, emg kalo pinjem uang ke bank/gadai/pinjol bisa pake data orang lain kah? bukannya harus ada verifikasi gitu ya?",1,Ugzwi-B0F03B5Wa-hQN4AaABAg,@ql27
Ugzwi-B0F03B5Wa-hQN4AaABAg.AJR0RefcpRDAJ_zmQa8P7o,,1,"2025-06-20 09:04:50",@NanaSaputri-u8f,"sumpah kak aku aja tiap mau print fotocopy dokument ke tukang print/fotocopy was was nya minta ampunnnn😭",1,Ugzwi-B0F03B5Wa-hQN4AaABAg,@ql27
Ugzwi-B0F03B5Wa-hQN4AaABAg.AJR0RefcpRDAJaVL0nwC33,,0,"2025-06-20 13:49:19",@ql27,"Aduh parnonya kita samaaa 😂​@NanaSaputri-u8f",1,Ugzwi-B0F03B5Wa-hQN4AaABAg,@ql27
Ugzwi-B0F03B5Wa-hQN4AaABAg.AJR0RefcpRDAJf1oDW25YA,,0,"2025-06-22 08:07:30",@agathaindeiala,"tapi sekarang penipu emg pada pinter” kak, aku habis di tipu 350rb perjanjian nya yg nipu ini bakal refund uang nya setelah 5-10menit di td, awalnya aku pun ga percaya sampe dia ngasih ktp nya katanya buat pegangan biar gue percaya dia kaga nipu, akhirnya gue tf, smpe skrg kaga ada kabar",1,Ugzwi-B0F03B5Wa-hQN4AaABAg,@ql27
Ugx_iSEkR6fMn4Dr8714AaABAg,0,5,"2025-06-16 12:06:48",@DIKYALANADHADIKY,"Hai kk nessie judge",0,,
Ugx7vLpECAlgPkwteVF4AaABAg,0,5,"2025-06-16 12:06:42",@Ridhasabhrina,"Kak ness boleh request bahas boneka horor lagi?? Kangen banget",0,,
UgzNkfEy8K0oSocDRRJ4AaABAg,0,2,"2025-06-16 12:06:35",@sarisari-q6e,"Lagi nonton kasus pesawat jatuh, tiba2 up lagi vidio baru😂❤ thanks kak, anda salah satu penghibur kami",0,,
UgwSQMbMwoQoFNbWRSZ4AaABAg,0,5,"2025-06-16 12:06:21",@moulidcc,"woiii siapa yang gercepp jugaa??",0,,
UgynMmzo_nrhmfyI8vJ4AaABAg,0,4,"2025-06-16 12:05:32",@tatsuyaaomine3107,"Lgi nunggu anak pulng skolah,eehhh notif kak nessi,niceeee",0,,
Ugw7grah0h89_hf9QyB4AaABAg,0,7,"2025-06-16 12:05:22",@bismillah-p4h,"ngakakk bener bapaknyaaa😂😂",0,,
UgyMJIcPDs7lxkeltWx4AaABAg,0,2,"2025-06-16 12:05:01",@putrabudiman-d5r,"bahas soal bitcoin world apk dong nes",0,,
UgzokQA-nhGfC2XejYN4AaABAg,0,5,"2025-06-16 12:05:01",@imandasavina,"merasa sgt terbantu bgt tpi di satu sisi serem jg ni ai, anw sehat2 kak nessie and babyyy",0,,
UgyHKJtIDVYHbAGuD214AaABAg,0,2,"2025-06-16 12:05:00",@Folower_mooon,"3menit yang lalu kak nessie ❤❤❤❤",0,,
Ugzn9qLXHKhruFMbVcl4AaABAg,0,3,"2025-06-16 12:03:31",@YunandaMaharani,"Masih 3 menit😂",0,,
UgwjkOq8JT8MmpVSnwp4AaABAg,30,1396,"2025-06-16 12:03:13",@ritsuka108,"Damn Nessie x Nadia collabs when?",0,,
UgwjkOq8JT8MmpVSnwp4AaABAg.AJR00QxBSNwAJRRkTjTt1j,,104,"2025-06-16 16:05:34",@ihollanov,"UP IHHH MAU BANGETTTT",1,UgwjkOq8JT8MmpVSnwp4AaABAg,@ritsuka108
UgwjkOq8JT8MmpVSnwp4AaABAg.AJR00QxBSNwAJSBld9-coi,,61,"2025-06-16 23:05:10",@sixforthe,"dilike kak ness 😆😆",1,UgwjkOq8JT8MmpVSnwp4AaABAg,@ritsuka108
UgwjkOq8JT8MmpVSnwp4AaABAg.AJR00QxBSNwAJSM8YUw_KQ,,41,"2025-06-17 00:35:49",@suryabopak,"upp gass yg d tunggu tunggu, karena aku penonton dan subriceber ke 2 2 nya 🥰🙌🏽",1,UgwjkOq8JT8MmpVSnwp4AaABAg,@ritsuka108
UgwjkOq8JT8MmpVSnwp4AaABAg.AJR00QxBSNwAJT5hSa_u5v,,6,"2025-06-17 07:31:24",@dea_bahira,Semogaaa,1,UgwjkOq8JT8MmpVSnwp4AaABAg,@ritsuka108
UgwjkOq8JT8MmpVSnwp4AaABAg.AJR00QxBSNwAJT72r8c2PD,,3,"2025-06-17 07:43:12",@LA-uc3ks,Gassssa,1,UgwjkOq8JT8MmpVSnwp4AaABAg,@ritsuka108
UgwjkOq8JT8MmpVSnwp4AaABAg.AJR00QxBSNwAJT7fYRR4cI,,3,"2025-06-17 07:48:37",@tantifujilestari5011,Up,1,UgwjkOq8JT8MmpVSnwp4AaABAg,@ritsuka108
UgwjkOq8JT8MmpVSnwp4AaABAg.AJR00QxBSNwAJTKvoGpOsh,,3,"2025-06-17 09:44:26",@GammonYuuta,Up,1,UgwjkOq8JT8MmpVSnwp4AaABAg,@ritsuka108
UgwjkOq8JT8MmpVSnwp4AaABAg.AJR00QxBSNwAJTMunmF_Zo,,3,"2025-06-17 10:01:47",@gagarohman2036,Up,1,UgwjkOq8JT8MmpVSnwp4AaABAg,@ritsuka108
UgwjkOq8JT8MmpVSnwp4AaABAg.AJR00QxBSNwAJTPy5NNogP,,2,"2025-06-17 10:28:26",@choco_caramell2315,Up!,1,UgwjkOq8JT8MmpVSnwp4AaABAg,@ritsuka108
UgwjkOq8JT8MmpVSnwp4AaABAg.AJR00QxBSNwAJTaLSI3MlB,,2,"2025-06-17 12:07:53",@FaizIlman-r7n,"UPP PLS 😔😔",1,UgwjkOq8JT8MmpVSnwp4AaABAg,@ritsuka108
UgwjkOq8JT8MmpVSnwp4AaABAg.AJR00QxBSNwAJTmVuflYw3,,2,"2025-06-17 13:54:10",@serbacustomindonesia4625,DITUNGGGUUUUU,1,UgwjkOq8JT8MmpVSnwp4AaABAg,@ritsuka108
UgwjkOq8JT8MmpVSnwp4AaABAg.AJR00QxBSNwAJU48afd6k0,,28,"2025-06-17 16:37:01",@englawidya9911,"Tambahin bg hirotada juga boleh gak? bertiga gtu",1,UgwjkOq8JT8MmpVSnwp4AaABAg,@ritsuka108
UgwjkOq8JT8MmpVSnwp4AaABAg.AJR00QxBSNwAJUp29KNyTF,,0,"2025-06-17 23:35:34",@Rhea1911,"​@englawidya9911sama, aku ngikutin mreka bertiga, Nessie, Hiro sma Nadia Omara 😉",1,UgwjkOq8JT8MmpVSnwp4AaABAg,@ritsuka108
UgwjkOq8JT8MmpVSnwp4AaABAg.AJR00QxBSNwAJV__4qW82o,,7,"2025-06-18 06:39:38",@Dwi-z6b7w,"@englawidya9911 iyaa kayaknya kalau bertiga tambah seruu deh, tapi kalau berdua aja udah seneng bangettttt",1,UgwjkOq8JT8MmpVSnwp4AaABAg,@ritsuka108
UgwjkOq8JT8MmpVSnwp4AaABAg.AJR00QxBSNwAJVdXA0vizP,,1,"2025-06-18 07:14:11",@Dheacandy,"UPPP SETUJUUU",1,UgwjkOq8JT8MmpVSnwp4AaABAg,@ritsuka108
UgwjkOq8JT8MmpVSnwp4AaABAg.AJR00QxBSNwAJWNGr86Kjm,,1,"2025-06-18 14:02:39",@meysangola,"UPPP PASTI SERU BGT",1,UgwjkOq8JT8MmpVSnwp4AaABAg,@ritsuka108
UgwjkOq8JT8MmpVSnwp4AaABAg.AJR00QxBSNwAJXuXgPRfIs,,8,"2025-06-19 04:21:17",@afia1480,"nadia kaya nya lebih cocok collabs sama hirotada vibes nya kaya mama2 rumpi seru pasti mereka",1,UgwjkOq8JT8MmpVSnwp4AaABAg,@ritsuka108
UgwjkOq8JT8MmpVSnwp4AaABAg.AJR00QxBSNwAJXvCFCQECU,,1,"2025-06-19 04:27:05",@rchlle_a,"MAU BGTT PLZZZ",1,UgwjkOq8JT8MmpVSnwp4AaABAg,@ritsuka108
UgwjkOq8JT8MmpVSnwp4AaABAg.AJR00QxBSNwAJYh-BsnF_a,,0,"2025-06-19 11:42:13",@imteddybeast,"​@englawidya9911WAHAHA BAKAL SERUUU bisa tambah rame nanti😝😝",1,UgwjkOq8JT8MmpVSnwp4AaABAg,@ritsuka108
UgwjkOq8JT8MmpVSnwp4AaABAg.AJR00QxBSNwAJZ1OznFkI_,,1,"2025-06-19 14:49:14",@hann6442,"uppp gasiee hwhhehee",1,UgwjkOq8JT8MmpVSnwp4AaABAg,@ritsuka108
UgwjkOq8JT8MmpVSnwp4AaABAg.AJR00QxBSNwAJbj09wr71l,,2,"2025-06-21 01:16:47",@retnogustiasari5598,"My fav❤",1,UgwjkOq8JT8MmpVSnwp4AaABAg,@ritsuka108
UgwjkOq8JT8MmpVSnwp4AaABAg.AJR00QxBSNwAJcGy_D0Bx-,,1,"2025-06-21 06:22:16",@babbyybbyboo6984,"ihh pasti seru",1,UgwjkOq8JT8MmpVSnwp4AaABAg,@ritsuka108
UgwjkOq8JT8MmpVSnwp4AaABAg.AJR00QxBSNwAJcmn_Q9flu,,1,"2025-06-21 11:09:07",@daa1918,"Nunggu jugaaa!! pls ka ness 😢",1,UgwjkOq8JT8MmpVSnwp4AaABAg,@ritsuka108
UgwjkOq8JT8MmpVSnwp4AaABAg.AJR00QxBSNwAJesgKGx6gJ,,1,"2025-06-22 06:39:03",@eypinaaaks,uppppp,1,UgwjkOq8JT8MmpVSnwp4AaABAg,@ritsuka108
UgwjkOq8JT8MmpVSnwp4AaABAg.AJR00QxBSNwAJfDbX-mk7C,,0,"2025-06-22 09:50:38",@thetrinityyz,UP!!,1,UgwjkOq8JT8MmpVSnwp4AaABAg,@ritsuka108
UgwjkOq8JT8MmpVSnwp4AaABAg.AJR00QxBSNwAKNxOwpoJqr,,1,"2025-07-10 04:05:17",@CallmeNae-tn,uppp,1,UgwjkOq8JT8MmpVSnwp4AaABAg,@ritsuka108
UgwjkOq8JT8MmpVSnwp4AaABAg.AJR00QxBSNwART_kBXEDQ3,,1,"2026-01-02 08:13:49",@LiyaLiya-t8r,pengennn🤭,1,UgwjkOq8JT8MmpVSnwp4AaABAg,@ritsuka108
UgwjkOq8JT8MmpVSnwp4AaABAg.AJR00QxBSNwARbIg7lNky7,,1,"2026-01-05 17:29:08",@Paulustahhu,Up,1,UgwjkOq8JT8MmpVSnwp4AaABAg,@ritsuka108
UgwjkOq8JT8MmpVSnwp4AaABAg.AJR00QxBSNwARixVoVmKCM,,0,"2026-01-08 16:49:17",@silpinia,"up up up",1,UgwjkOq8JT8MmpVSnwp4AaABAg,@ritsuka108
UgwjkOq8JT8MmpVSnwp4AaABAg.AJR00QxBSNwAS-JdBpn_VL,,0,"2026-01-15 10:38:29",@nosungi_leehon,"Dilike Nessie 😂",1,UgwjkOq8JT8MmpVSnwp4AaABAg,@ritsuka108
UgzHqX8VnmkvpRvgx_54AaABAg,0,2,"2025-06-16 12:03:10",@Adreenamecca03,"Akhirnya aku gercep wkwk",0,,
UgwI81uJE0zy2GYgd2V4AaABAg,0,3,"2025-06-16 12:03:06",@ranselangin,"Nonton sambil diperjalanan ❤",0,,
Ugxd62hKQANU7N645JR4AaABAg,0,2,"2025-06-16 12:02:58",@bernikeeline,"Tim gercepp",0,,
Ugxpo45tkbkxtOvJCkV4AaABAg,3,110,"2025-06-16 12:02:57",@RenjiBlues,"Pernah denger salah satu tanda mendekati kiamat adalah fitnah dajjal. Jadi kepikiran kalau AI ini bisa juga jadi alat fitnah.",0,,
Ugxpo45tkbkxtOvJCkV4AaABAg.AJR-zPVzGewAJR1c1MbPGP,,4,"2025-06-16 12:17:14",@hello_there99,"nice, i think so",1,Ugxpo45tkbkxtOvJCkV4AaABAg,@RenjiBlues
Ugxpo45tkbkxtOvJCkV4AaABAg.AJR-zPVzGewAJovq2TQ9G3,,0,"2025-06-26 04:18:59",@anisyafiq9861,😢,1,Ugxpo45tkbkxtOvJCkV4AaABAg,@RenjiBlues
Ugxpo45tkbkxtOvJCkV4AaABAg.AJR-zPVzGewALy_Upunxhu,,0,"2025-08-18 15:18:55",@Lughhh,"fitnah + orang fomo, behh kombo mematikan",1,Ugxpo45tkbkxtOvJCkV4AaABAg,@RenjiBlues
UgwMm9eicy734ub31NV4AaABAg,0,4,"2025-06-16 12:02:56",@leni_hungkul5861,"Tumben segercep ini 😭 0:23",0,,
UgynzfbOu_GYe0FMBop4AaABAg,25,157,"2025-06-16 12:02:48",@odryvinanta,"Kepancing karna ada nadia omaraa😭😭",0,,
UgynzfbOu_GYe0FMBop4AaABAg.AJR-yJnzndcAJR0EFR9xxA,,7,"2025-06-16 12:05:07",@lavafoey,"iyaa sama anjirrr",1,UgynzfbOu_GYe0FMBop4AaABAg,@odryvinanta
UgynzfbOu_GYe0FMBop4AaABAg.AJR-yJnzndcAJR0i_bjAf8,,8,"2025-06-16 12:09:23",@shierenca,"iya woy, kirain collab",1,UgynzfbOu_GYe0FMBop4AaABAg,@odryvinanta
UgynzfbOu_GYe0FMBop4AaABAg.AJR-yJnzndcAJR1-e9L25S,,1,"2025-06-16 12:11:51",@Digidawniboss,"Iya woi😂",1,UgynzfbOu_GYe0FMBop4AaABAg,@odryvinanta
UgynzfbOu_GYe0FMBop4AaABAg.AJR-yJnzndcAJR1820El2L,,0,"2025-06-16 12:13:00",@CarlaJerónimo-m9g,𝐒𝐚𝐦𝐚,1,UgynzfbOu_GYe0FMBop4AaABAg,@odryvinanta
UgynzfbOu_GYe0FMBop4AaABAg.AJR-yJnzndcAJR1b4ooS8X,,4,"2025-06-16 12:17:06",@sabrinan.a4367,"Salfok karena ada Nadia Omara 😭",1,UgynzfbOu_GYe0FMBop4AaABAg,@odryvinanta
UgynzfbOu_GYe0FMBop4AaABAg.AJR-yJnzndcAJR1q7Z5p9_,,1,"2025-06-16 12:19:09",@rikimhmd5395,"Menit brpa pas nadia??",1,UgynzfbOu_GYe0FMBop4AaABAg,@odryvinanta
UgynzfbOu_GYe0FMBop4AaABAg.AJR-yJnzndcAJR1x09WiVW,,1,"2025-06-16 12:20:06",@Danisha_249,"wkwk jujur kaget liat thumbnail nya",1,UgynzfbOu_GYe0FMBop4AaABAg,@odryvinanta
UgynzfbOu_GYe0FMBop4AaABAg.AJR-yJnzndcAJR2DmEqcHH,,0,"2025-06-16 12:22:31",@alfitera6719,"Iya woyy kirain colab 😂😂😂",1,UgynzfbOu_GYe0FMBop4AaABAg,@odryvinanta
UgynzfbOu_GYe0FMBop4AaABAg.AJR-yJnzndcAJR2XmMZ6nC,,1,"2025-06-16 12:25:15",@Lila_xne,Sama,1,UgynzfbOu_GYe0FMBop4AaABAg,@odryvinanta
UgynzfbOu_GYe0FMBop4AaABAg.AJR-yJnzndcAJR2cPTJVtt,,0,"2025-06-16 12:26:01",@sakuraidamon6648,"Top komen 😂😂",1,UgynzfbOu_GYe0FMBop4AaABAg,@odryvinanta
UgynzfbOu_GYe0FMBop4AaABAg.AJR-yJnzndcAJR38bXcUt0,,0,"2025-06-16 12:30:33",@siantaresport,"lah sama kirain colab",1,UgynzfbOu_GYe0FMBop4AaABAg,@odryvinanta
UgynzfbOu_GYe0FMBop4AaABAg.AJR-yJnzndcAJR4LPFdgwk,,0,"2025-06-16 12:41:02",@Michelle_1427,"iya woii , maksudnya apa ya kak ness😂",1,UgynzfbOu_GYe0FMBop4AaABAg,@odryvinanta
UgynzfbOu_GYe0FMBop4AaABAg.AJR-yJnzndcAJR6bgkpoV9,,0,"2025-06-16 13:00:52",@_calon_makmum_mu,"Sama We😂",1,UgynzfbOu_GYe0FMBop4AaABAg,@odryvinanta
UgynzfbOu_GYe0FMBop4AaABAg.AJR-yJnzndcAJR7pUvwiR_,,0,"2025-06-16 13:11:30",@kwakk-y2q,"sama wehh. btw tu kenapa ya kak nadia ada di thumbnail gituu?",1,UgynzfbOu_GYe0FMBop4AaABAg,@odryvinanta
UgynzfbOu_GYe0FMBop4AaABAg.AJR-yJnzndcAJR7tqHIisP,,2,"2025-06-16 13:12:05",@muhammadtarmizi8728,"Nahhh iyaa kan sama mksdny nessi apa ya tumbnlnya ada nadia omara",1,UgynzfbOu_GYe0FMBop4AaABAg,@odryvinanta
UgynzfbOu_GYe0FMBop4AaABAg.AJR-yJnzndcAJRArGCrmQe,,0,"2025-06-16 13:37:57",@Riicheer,"​​ pernah liat di fb video kak Nad diedit gitu lg ngiklan judol 😢 pake AI",1,UgynzfbOu_GYe0FMBop4AaABAg,@odryvinanta
UgynzfbOu_GYe0FMBop4AaABAg.AJR-yJnzndcAJRCDcDrtr1,,1,"2025-06-16 13:49:53",@aelisz,"IYAA ASLII",1,UgynzfbOu_GYe0FMBop4AaABAg,@odryvinanta
UgynzfbOu_GYe0FMBop4AaABAg.AJR-yJnzndcAJRCYjAeNSZ,,0,"2025-06-16 13:52:46",@kwakk-y2q,"​@Riicheerhah ni beneran? gila anjir jahat bet orang orang 😭😭",1,UgynzfbOu_GYe0FMBop4AaABAg,@odryvinanta
UgynzfbOu_GYe0FMBop4AaABAg.AJR-yJnzndcAJRCwrsm88A,,1,"2025-06-16 13:56:12",@Riicheer,"​@kwakk-y2q Beneran kak, bener² alus banget editannya, klo yg ga tau kak nad mungkin bisa aja percaya, untungnya banyak yg ngereport",1,UgynzfbOu_GYe0FMBop4AaABAg,@odryvinanta
UgynzfbOu_GYe0FMBop4AaABAg.AJR-yJnzndcAJRDWiKxdsH,,0,"2025-06-16 14:01:14",@kwakk-y2q,"​@Riicheergila ya bisa bisanya 😭😭 jadi postingannya dah diapus kah?",1,UgynzfbOu_GYe0FMBop4AaABAg,@odryvinanta
UgynzfbOu_GYe0FMBop4AaABAg.AJR-yJnzndcAJRF_vk_DuP,,0,"2025-06-16 14:19:17",@Riicheer,"​@kwakk-y2qudh direport pokoknya kak, bener² random bgt lg nontonin video difb muncul itu😢 banyak artis juga yg kena",1,UgynzfbOu_GYe0FMBop4AaABAg,@odryvinanta
UgynzfbOu_GYe0FMBop4AaABAg.AJR-yJnzndcAJRI_A1rcUG,,2,"2025-06-16 14:45:23",@seviawahyuningrum,"Yuk bisa yuk colab...",1,UgynzfbOu_GYe0FMBop4AaABAg,@odryvinanta
UgynzfbOu_GYe0FMBop4AaABAg.AJR-yJnzndcAJRRVK8fRXA,,0,"2025-06-16 16:03:22",@ZaifaIlmi,"Sama njir",1,UgynzfbOu_GYe0FMBop4AaABAg,@odryvinanta
UgynzfbOu_GYe0FMBop4AaABAg.AJR-yJnzndcAJTQR2mVWlL,,0,"2025-06-17 10:32:32",@choco_caramell2315,"Samaa aku kesini karna liat ada kak nadia omara di thumbnail nya kak nessi😭😭",1,UgynzfbOu_GYe0FMBop4AaABAg,@odryvinanta
UgynzfbOu_GYe0FMBop4AaABAg.AJR-yJnzndcAJUjuUrNKOO,,0,"2025-06-17 22:50:41",@botakk6016,"sama 😩",1,UgynzfbOu_GYe0FMBop4AaABAg,@odryvinanta
UgxNf1pS5ca4lo2g4ER4AaABAg,0,2,"2025-06-16 12:02:43",@RenaRenajuwita,"First time koment,, kak Ness sehat sehat sama debat nya ya.. doain aku juga bisa ketularan kak nessie hamil tahun ini kaya raya sukses duni akhirat buat kita semua aamiin",0,,
UgxoUrWVE3ldDyM4so54AaABAg,0,2,"2025-06-16 12:02:39",@anitaastriana6308,❤,0,,
UgzYmh6tOzw6ONK62Kh4AaABAg,0,2,"2025-06-16 12:02:39",@tikamei25,"Tim gercep kali ini",0,,
UgxHD9i2bHO1HEqxh5x4AaABAg,0,2,"2025-06-16 12:02:33",@putrissaem5850,"Wah penonton under 100 nih",0,,
UgyUSxd-4j2-pGn1_RR4AaABAg,0,2,"2025-06-16 12:02:31",@UcikDwi-dm5dh,"1 minut 2 socond Yg dtunggu datang juga 🎉🎉🎉🎉🎉",0,,
UgyIqu8bS0wIPEFNifh4AaABAg,0,2,"2025-06-16 12:02:28",@cibil_cia,"Wahhhhh seru bangettttt apalagi liat ekspresi kk nya 😅",0,,
UgyKYg9RRWoy1PmGpNh4AaABAg,0,2,"2025-06-16 12:02:28",@ChuyinAy,ouououo,0,,
UgxZsSQ5uhV-rHBitrR4AaABAg,0,8,"2025-06-16 12:02:23",@aleen_y0,"takut bgt zaman makin canggih gw ga bisa ngejar, soalnya gw gaptek😭😭",0,,
UgzEzLu4k2pa1WvVhY94AaABAg,0,29,"2025-06-16 12:02:01",@medynasf,"Wahh ka nessie upload .. Yeay gercep nihhhhh baru beberapa detik upload Thanks kak ness",0,,
UgyMc9x91aGnPUS8MF94AaABAg,0,2,"2025-06-16 12:01:46",@antokbrindil,1,0,,
UgyYpwYz3p88lqeRUvh4AaABAg,0,6,"2025-06-16 12:01:32",@InkSight.Football,🎉,0,,
UgxFxvDUXpdPplsibpJ4AaABAg,0,2,"2025-06-16 12:01:28",@anggipusdewi,"waww gercep bgt aku tumben🥹",0,,
UgzsDWsxiq84f_xPTnd4AaABAg,0,2,"2025-06-16 12:01:22",@AngkyHendriques95,"Orang pertama,, TF dong",0,,
UgyUqdKQakt6v7R_6w94AaABAg,0,2,"2025-06-16 12:01:20",@033_naurahfadhillah7,"Pertama nih ?",0,,
UgyCXBCZq7JacCfHbDN4AaABAg,0,4,"2025-06-16 12:01:19",@sireiaaaw,"aaaa akhirnya up",0,,
UgzinCdy1KEExj5_-RR4AaABAg,0,7,"2025-06-16 12:01:15",@AsriKarissyaApriliaMunim,❤❤❤❤❤,0,,
UgyF71ojuRhX2m8AHfB4AaABAg,0,22,"2025-06-16 12:01:07",@moonbesstt,"YASSSYASS MAKAN MAKANN",0,,
UgxpUXHyonoO_jm6b0F4AaABAg,0,2,"2025-06-16 12:00:59",@sisca954,first?,0,,
UgzTUYYpxuoC3C9tQtN4AaABAg,0,6,"2025-06-16 12:00:36",@firziayutami_,First❤,0,,
