id,replyCount,likeCount,publishedAt,authorName,text,isReply,isReplyTo,isReplyToName
UgzaeUn7Rv_rj_fJaOd4AaABAg,52,302,"2023-11-10 03:24:03",@petualangcinta1650,"KAWAL TERUS MRBERT. Evita bagus sekali bisa berikan semua data. Perjuangkan uangmu. BCA kasi solusi liat video CCTV. Guoblokkkk bener. Solusi tholollllll macam apa itu. KAWAL TERUS MRBERT. Karena saya nasabah BCA. Terima kasih MrBert ga masuk angin disini. Kak Evita pasti dapat tekanan juga tuh. Selama bener tetap berjuang. Kita tunggu video keduanya.",0,,
UgzaeUn7Rv_rj_fJaOd4AaABAg.9wvKMqL8-xN9wvuxfZDJvs,,6,"2023-11-10 08:52:32",@ardisulung,"Kocak elu, elu pikir semudah itu melapor, ntr kata polisi itu kesalahan ibu nga teliti🗿🗿",1,UgzaeUn7Rv_rj_fJaOd4AaABAg,@petualangcinta1650
UgzaeUn7Rv_rj_fJaOd4AaABAg.9wvKMqL8-xN9ww9Wsdo7M4,,10,"2023-11-10 11:08:32",@kathlen76,"Kasus Bobol Bank di Indonesia selalu pakai HP ANDROID.... ANDROID.... ANDROID...",1,UgzaeUn7Rv_rj_fJaOd4AaABAg,@petualangcinta1650
UgzaeUn7Rv_rj_fJaOd4AaABAg.9wvKMqL8-xN9wwQt5dQLIX,,1,"2023-11-10 13:40:15",@YESRICHARD-o9k,"Pake rat remote akses trojan gw punya bisa akses crypto wallet korban juga",1,UgzaeUn7Rv_rj_fJaOd4AaABAg,@petualangcinta1650
UgzaeUn7Rv_rj_fJaOd4AaABAg.9wvKMqL8-xN9wwSzjFLDK4,,19,"2023-11-10 13:58:38",@D0.1234,"Wkwkwkwk emg goblok😂 masa iya harus kasih bukti cctv bahwa hp selalu bersama pemilik ?? Lah hp bersama pemilik di rekam cctv tp buat transaksi ya sama aja...😂 Ngga nalar gtu yah solusi nya BCA Salatiga...😅 Solusi nya ya Tracking itu mutasi nya ke siapa, untuk transaksi apa misal nya.. Nah di situ memang kewenangan Bareskrim Polri, untuk melacak menyidik kemana saja mutasi nya untuk kemudian di lanjut siapa pemilik rekening penerima mutasi kas tsb, sampai siapa pelaku nya..",1,UgzaeUn7Rv_rj_fJaOd4AaABAg,@petualangcinta1650
UgzaeUn7Rv_rj_fJaOd4AaABAg.9wvKMqL8-xN9wxsUlQ7abJ,,5,"2023-11-11 03:09:27",@Muchamadchaaaabq,"Anjir gara2 nonton ini, gue lngsng parno lihat MBCA gue, kmrn baru belanja pakai Qris, padahal gak pernah Qris gara2 bini yg maksa biar cepet, karena selalu bayar emang ambil cash, kalau ga yg kasih kartu gitu jadi klo ada apa2 pembayaran tahu entah kelebihan atau gak 😅",1,UgzaeUn7Rv_rj_fJaOd4AaABAg,@petualangcinta1650
UgzaeUn7Rv_rj_fJaOd4AaABAg.9wvKMqL8-xN9wy0-CiX4d5,,0,"2023-11-11 04:23:47",@kasperbeta4602,"​@Muchamadchaaaabqtutup aja rek.bca Lo bro,ini bank ud mulai nakal.",1,UgzaeUn7Rv_rj_fJaOd4AaABAg,@petualangcinta1650
UgzaeUn7Rv_rj_fJaOd4AaABAg.9wvKMqL8-xN9wyoyeMOTWC,,1,"2023-11-11 11:57:57",@nkaldo2614,"Bisa lapor polisi, sudah cukup bukti transaksi mencurigakan agar diusut.",1,UgzaeUn7Rv_rj_fJaOd4AaABAg,@petualangcinta1650
UgzaeUn7Rv_rj_fJaOd4AaABAg.9wvKMqL8-xN9wypczSrl-Y,,16,"2023-11-11 12:03:44",@nkaldo2614,"Jika kasus ini benar. Yg ada dipikiran saya, kemungkinan: 1. HP sudah dibajak hacker 2. Data dipegang dan disalahgunakan oleh oknum bank 3. Terjadi kesalahan sistem, yg mana akun BCA mbaknya tertukar oleh akun BCA orang lain.",1,UgzaeUn7Rv_rj_fJaOd4AaABAg,@petualangcinta1650
UgzaeUn7Rv_rj_fJaOd4AaABAg.9wvKMqL8-xN9wyqfxFYv1u,,7,"2023-11-11 12:12:52",@nkaldo2614,"Ketika transaksi terjadi bisa dilihat IP Address dari perangkat yg digunakan. IP Address juga bisa menunjukkan lokasi. Bisa juga dilihat informasi perangkat, apakah android, ios, atau lainnya.",1,UgzaeUn7Rv_rj_fJaOd4AaABAg,@petualangcinta1650
UgzaeUn7Rv_rj_fJaOd4AaABAg.9wvKMqL8-xN9wyt7QHh1R_,,3,"2023-11-11 12:34:14",@mrbert,"@nkaldo2614 bisa donk. Jelas bisa ditelusuri.masalahnya mau gak? Itu aja kok",1,UgzaeUn7Rv_rj_fJaOd4AaABAg,@petualangcinta1650
UgzaeUn7Rv_rj_fJaOd4AaABAg.9wvKMqL8-xN9wywUK52Jvk,,0,"2023-11-11 13:03:35",@tommywasissugihono6282,"@nkaldo2614 atau (maaf) mbaknya di video yang bohong.",1,UgzaeUn7Rv_rj_fJaOd4AaABAg,@petualangcinta1650
UgzaeUn7Rv_rj_fJaOd4AaABAg.9wvKMqL8-xN9wywqNnDxdO,,0,"2023-11-11 13:06:43",@esdegan7176,"B I T C O I N NOT YOUR KEYS NOT YOUR ASSETS",1,UgzaeUn7Rv_rj_fJaOd4AaABAg,@petualangcinta1650
UgzaeUn7Rv_rj_fJaOd4AaABAg.9wvKMqL8-xN9wz-yRTpM7l,,0,"2023-11-11 13:42:47",@annassinagabfc4729,"​@esdegan7176sama aja wallet saya jg abis kena retas..pdhal gk pernah aneh2",1,UgzaeUn7Rv_rj_fJaOd4AaABAg,@petualangcinta1650
UgzaeUn7Rv_rj_fJaOd4AaABAg.9wvKMqL8-xN9wzBtMwdGXC,,6,"2023-11-11 15:26:57",@cutethings6897,"Ga nyangka BCA bisa kasih solusi suruh buktiin pake CCTV. Ngakak. Bisa Tracing aliran dana, tapi juga gamau buka aliran dananya kemana",1,UgzaeUn7Rv_rj_fJaOd4AaABAg,@petualangcinta1650
UgzaeUn7Rv_rj_fJaOd4AaABAg.9wvKMqL8-xN9wzxcyX8yB-,,3,"2023-11-11 22:32:53",@kangdebutter752,"Minta BÇA untuk ngeprint siapa aja vendor2nya dan transaksi apa aja dooooonkkkkk. Dari situ kan bisa ditrace dan didetect sekaligus bukti valid klau jadi korban phising. Ayooo jangan mau dilemahkan oleh bank.",1,UgzaeUn7Rv_rj_fJaOd4AaABAg,@petualangcinta1650
UgzaeUn7Rv_rj_fJaOd4AaABAg.9wvKMqL8-xN9x-SRcOuTN7,,9,"2023-11-12 03:10:48",@sabrinaawalluna5761,"Maaf, semenjak bank bca kerja sama dengan asuransi kok saldo di rekening sering ilang sendiri,saya curiga sama oknum yang nawarin asuransi",1,UgzaeUn7Rv_rj_fJaOd4AaABAg,@petualangcinta1650
UgzaeUn7Rv_rj_fJaOd4AaABAg.9wvKMqL8-xN9x-dx2oiRjC,,0,"2023-11-12 05:00:06",@rikiagungsaputrascoot,"​@sabrinaawalluna5761 saldo yg ilang berapa mas ? terus di pastikan ngga ketika di hubungi pihak asuransi yg mengatas namakan kerjasama dengan BCA itu mas nya bilang setuju nggak ?",1,UgzaeUn7Rv_rj_fJaOd4AaABAg,@petualangcinta1650
UgzaeUn7Rv_rj_fJaOd4AaABAg.9wvKMqL8-xN9x-r73v8rgA,,0,"2023-11-12 06:55:12",@noeaztristianto,"Mungkin ini masalah besar, dan BCA belum tau apa itu internet.🤭🤭.. Bisa nunggu 5tahun baru teratasi jika orang sabar",1,UgzaeUn7Rv_rj_fJaOd4AaABAg,@petualangcinta1650
UgzaeUn7Rv_rj_fJaOd4AaABAg.9wvKMqL8-xN9x0QJoAU3PD,,2,"2023-11-12 12:11:30",@darmantjen8548,"Ud paling aman pake Iphone 😂",1,UgzaeUn7Rv_rj_fJaOd4AaABAg,@petualangcinta1650
UgzaeUn7Rv_rj_fJaOd4AaABAg.9wvKMqL8-xN9x20Phbgah0,,0,"2023-11-13 03:03:36",@ronigumilar7295,"​@JessindoPrakarsabank panin gmn?",1,UgzaeUn7Rv_rj_fJaOd4AaABAg,@petualangcinta1650
UgzaeUn7Rv_rj_fJaOd4AaABAg.9wvKMqL8-xN9x20Z2ZtlCF,,2,"2023-11-13 03:04:53",@ronigumilar7295,"Parah sih.... Harus nya dsaat ada transaksi dluar kuasa pemilik rekening, harus nya pihak bank fokus menelusuri kemana dan ke pihak siapa aliran dana tsb dkirim....!!!!! Jgn lagi menanyakan proses pada saat transaksi, udh jelas force majure transaksi dluar kuasa pemilik rekening",1,UgzaeUn7Rv_rj_fJaOd4AaABAg,@petualangcinta1650
UgzaeUn7Rv_rj_fJaOd4AaABAg.9wvKMqL8-xN9x24QT-EArD,,5,"2023-11-13 03:38:39",@thomas879,"@cutethings6897. Seharusnya pihak BCA tdk menjawab begitu, seperti memperlihatkan mmg itu ulah Bank tersebut begitu dan baru ketahuan oleh mbak Evita itu dan Evita2 yg lain. Untung ada yg berani memblow up nya. Kawal ini, krn menyangkut keamanan masyarakat pengguna Bank/nasabah.",1,UgzaeUn7Rv_rj_fJaOd4AaABAg,@petualangcinta1650
UgzaeUn7Rv_rj_fJaOd4AaABAg.9wvKMqL8-xN9x25h4OpiTG,,5,"2023-11-13 03:49:48",@thomas879,"Terkadang DIAM mmg merugikan☝️. Kejar uang mu, tuntut keamanannya dan tuntut nominal seharusnya, ini tdk boleh di biarkan. Kejar jawaban kita semua tuntut KEAMANAN baik lingkungan dan uang kita semuanya. KAWAL spi goal. Polisi ahli syber criminal kudunya menjadi penjawab teka teki berbahaya ini. Pasti ada oknum di BCA, dgn solusi terkesan jawaban anak TK yg mengakibatkan Bank ini pengaruhnya menjadi jatuh. Kita tunggu sampai ada apanya kenapanya kok bisa terjadi ini TUNTAS.",1,UgzaeUn7Rv_rj_fJaOd4AaABAg,@petualangcinta1650
UgzaeUn7Rv_rj_fJaOd4AaABAg.9wvKMqL8-xN9x2MwHtfU34,,3,"2023-11-13 06:20:25",@mrbert,"Yakin iphone aman.udah liat video gw bisa jebol iPhone hanya satu click aja??",1,UgzaeUn7Rv_rj_fJaOd4AaABAg,@petualangcinta1650
UgzaeUn7Rv_rj_fJaOd4AaABAg.9wvKMqL8-xN9x3FY2SBdlG,,2,"2023-11-13 14:35:03",@cowokbaik-baik,"Smoga cepet ketemu titik terangnya ya.",1,UgzaeUn7Rv_rj_fJaOd4AaABAg,@petualangcinta1650
UgzaeUn7Rv_rj_fJaOd4AaABAg.9wvKMqL8-xN9x5qrK4X4ef,,1,"2023-11-14 14:48:21",@chaerrullfebriansyah3965,"Mau info aja koh, app mbca itu ternyata bisa terinstal di 2 hp. Install bca dan Ganti hp baru gak termasuk logout akun dari hp lama. Real kasus mbca saya sekarang ada di 2 hp koh 😂",1,UgzaeUn7Rv_rj_fJaOd4AaABAg,@petualangcinta1650
UgzaeUn7Rv_rj_fJaOd4AaABAg.9wvKMqL8-xN9x5xD3fN1BL,,2,"2023-11-14 15:43:53",@thomas879,"@chaerrullfebriansyah3965 ☝️😆 Genius. Ganti HP mmg sama saja tdk menghentikan Criminal krn ada yg “tdk di perbaharui/di rubah yg bersifat rahasia”. Jelas saja uang terus di scammer oleh Sindikat/maling/penipu. Mau ganti 100 HP sama dgn meng clonning Aap Online Bank klu begitu.",1,UgzaeUn7Rv_rj_fJaOd4AaABAg,@petualangcinta1650
UgzaeUn7Rv_rj_fJaOd4AaABAg.9wvKMqL8-xN9x79wz0m0Qv,,2,"2023-11-15 03:03:08",@dannydanny5051,"Ini BCA pintar banget y apalagi ngelawak.. . Masa suruh kasih bukti Cctv sedangkan lagi mengedarai mobil dan dikamar",1,UgzaeUn7Rv_rj_fJaOd4AaABAg,@petualangcinta1650
UgzaeUn7Rv_rj_fJaOd4AaABAg.9wvKMqL8-xN9x9OQrSu-vW,,0,"2023-11-15 23:48:09",@Lia-qv5lo,"Apakah ada orang yang mengetahui bahwa hp tersebut khusus untuk mobile banking selain keluarga dekat?",1,UgzaeUn7Rv_rj_fJaOd4AaABAg,@petualangcinta1650
UgzaeUn7Rv_rj_fJaOd4AaABAg.9wvKMqL8-xN9xCnUXI-zJ_,,0,"2023-11-17 07:33:34",@MrDunk922,"​@vint9226bca terlalu besar untuk uang 68 juta😂, ga mungkin nama besar bca cuma sebesar 68 juta😂",1,UgzaeUn7Rv_rj_fJaOd4AaABAg,@petualangcinta1650
UgzaeUn7Rv_rj_fJaOd4AaABAg.9wvKMqL8-xN9xDd6Mb1Ky8,,0,"2023-11-17 15:22:08",@tjahjadikosasih4988,"Saya juga uangnya lenyap 20 juta bulan yg sama yaitu september serem ya skrg",1,UgzaeUn7Rv_rj_fJaOd4AaABAg,@petualangcinta1650
UgzaeUn7Rv_rj_fJaOd4AaABAg.9wvKMqL8-xN9xEx8hiJ8PL,,0,"2023-11-18 03:36:27",@abriannatan8412,"Ibu evita harus ganti hp android ke hp iphone lebih aman",1,UgzaeUn7Rv_rj_fJaOd4AaABAg,@petualangcinta1650
UgzaeUn7Rv_rj_fJaOd4AaABAg.9wvKMqL8-xN9xGCihPNBG0,,0,"2023-11-18 15:20:33",@Anji.k-r6j,"untung Q pakai BRI",1,UgzaeUn7Rv_rj_fJaOd4AaABAg,@petualangcinta1650
UgzaeUn7Rv_rj_fJaOd4AaABAg.9wvKMqL8-xN9xGD0TBDqnq,,1,"2023-11-18 15:23:07",@mrbert,"@user-zh4hf8lu2h hahhahahahha itu bank yang paling rentan di jebol agannnnnn. Jauh lebih aman BCA",1,UgzaeUn7Rv_rj_fJaOd4AaABAg,@petualangcinta1650
UgzaeUn7Rv_rj_fJaOd4AaABAg.9wvKMqL8-xN9xGD0X3PBrj,,1,"2023-11-18 15:23:07",@Anji.k-r6j,"hacker makin canggih...lebih aman pakai manual...",1,UgzaeUn7Rv_rj_fJaOd4AaABAg,@petualangcinta1650
UgzaeUn7Rv_rj_fJaOd4AaABAg.9wvKMqL8-xN9xGvJKOaK2E,,0,"2023-11-18 21:58:54",@thomas879,"@Anji.k-r6j Aku setuju, manual lebih aman, dan usahakan semua kerahasuaan data tdk sampai ke org ke 3. Rata2 angka kriminal tinggi sejak semuanya online. Hackers dan Scanmers semakin jago.",1,UgzaeUn7Rv_rj_fJaOd4AaABAg,@petualangcinta1650
UgzaeUn7Rv_rj_fJaOd4AaABAg.9wvKMqL8-xN9xHzVmP8UVG,,0,"2023-11-19 07:54:48",@lgoritme,"​@chaerrullfebriansyah3965masak bukanya sekarng ganti device musti verifikasi wajah",1,UgzaeUn7Rv_rj_fJaOd4AaABAg,@petualangcinta1650
UgzaeUn7Rv_rj_fJaOd4AaABAg.9wvKMqL8-xN9xKwPHB-Fvk,,0,"2023-11-20 11:25:25",@gala.ga22,"Ipadress emang bisa di lacak lokasi mas cuma kalo track nya asal² an ga akurat, kecuali pihak tertentu seperti polisi bisa ketemu lokasi aslinya",1,UgzaeUn7Rv_rj_fJaOd4AaABAg,@petualangcinta1650
UgzaeUn7Rv_rj_fJaOd4AaABAg.9wvKMqL8-xN9xMHGNX2dlp,,0,"2023-11-20 23:55:41",@CipancyKasim-hi1ok,"Bukti cctv klu hp ditangan kita trus ya susah lah bos ...ampun dah",1,UgzaeUn7Rv_rj_fJaOd4AaABAg,@petualangcinta1650
UgzaeUn7Rv_rj_fJaOd4AaABAg.9wvKMqL8-xN9xO4E8GBSJl,,1,"2023-11-21 16:40:16",@tazaeinc2089,"Sorry diluar topik mr.bert BS bahas tentang investasi stsu trading kyknya namanya SMART WALLET. apakah itu investasi bodong sejenisnya sebab Uda byk... Uda rame😮",1,UgzaeUn7Rv_rj_fJaOd4AaABAg,@petualangcinta1650
UgzaeUn7Rv_rj_fJaOd4AaABAg.9wvKMqL8-xN9xO5ck9g1U3,,0,"2023-11-21 16:52:30",@lgoritme,"Udah masuk berita CNBC, ngeri bgt",1,UgzaeUn7Rv_rj_fJaOd4AaABAg,@petualangcinta1650
UgzaeUn7Rv_rj_fJaOd4AaABAg.9wvKMqL8-xN9xP3Eer5Mss,,0,"2023-11-22 01:50:50",@dot_id,"​@vint9226takut saham nya jeblok 🤭",1,UgzaeUn7Rv_rj_fJaOd4AaABAg,@petualangcinta1650
UgzaeUn7Rv_rj_fJaOd4AaABAg.9wvKMqL8-xN9xQvASfO6vM,,0,"2023-11-22 19:10:06",@Kymaxai,"@vint9226 nah logis nihh",1,UgzaeUn7Rv_rj_fJaOd4AaABAg,@petualangcinta1650
UgzaeUn7Rv_rj_fJaOd4AaABAg.9wvKMqL8-xN9yVtRYlCCqp,,0,"2023-12-19 14:02:34",@teknikplcarduinodancnc1700,"​@thomas879team BCA nya harusnya pinter dan bisa tahu jelas dan usut pelakunya, jangan buat alasan yg menyulitkan pelanggan tinggal, jujur aja kalau mau masih dipercaya publik dan usahakan pengembalikan uangnya ke pelanggan.",1,UgzaeUn7Rv_rj_fJaOd4AaABAg,@petualangcinta1650
UgzaeUn7Rv_rj_fJaOd4AaABAg.9wvKMqL8-xN9ycA8P68vHw,,1,"2023-12-22 09:51:55",@LimChen-t6y,"Jadi takut simpan uang di bca",1,UgzaeUn7Rv_rj_fJaOd4AaABAg,@petualangcinta1650
UgzaeUn7Rv_rj_fJaOd4AaABAg.9wvKMqL8-xN9zuTgIA1jeJ,,0,"2024-01-23 09:00:25",@istorie.memories,"​@kathlen76helooo... Apa susahnya sih skrg cari info di google? 🤣🤣. Banyak korban rekening di bobol, pdhl sdh pake iphone..",1,UgzaeUn7Rv_rj_fJaOd4AaABAg,@petualangcinta1650
UgzaeUn7Rv_rj_fJaOd4AaABAg.9wvKMqL8-xNA3LRfLZdl9P,,0,"2024-05-12 15:47:08",@ariyaditowicaksono4422,"​@chaerrullfebriansyah3965kok bs? Simcard nya sama ada 2 jg di 2 hp? Mbca terkunci ke no simcard kan ya?",1,UgzaeUn7Rv_rj_fJaOd4AaABAg,@petualangcinta1650
UgzaeUn7Rv_rj_fJaOd4AaABAg.9wvKMqL8-xNA3qK-6T09Fe,,0,"2024-05-25 00:55:45",@fatihchanel4272,"Wow.buktimya kumplit",1,UgzaeUn7Rv_rj_fJaOd4AaABAg,@petualangcinta1650
UgzaeUn7Rv_rj_fJaOd4AaABAg.9wvKMqL8-xNA7GgQA405JO,,0,"2024-08-18 05:34:06",@Godprovides2220,"Just info saja... QRIS national (GPN) biasanya dikelola oleh PIHAK KETIGA ( Seperti ATM BERSAMA-GPN), krn pemerintah yang ""mengatur"" (dulu ada QRIS BCA, namun dihapuskan krn peraturan BI atau pemerintah) Jadi jalurnya.... NASABAH-BCA-GPN-TOKO.... JALURNYA SIAPA YG DI HACK/sistem looping/sengaja diloopingkan di salah satu pihak. semua bisa terjadi... (SISTEM dan TRAFFIC) 1. NASABAH dan semua perangkatnya dan ""jalur""nya (variabelnya tidak sedikit) 2. ""jalur"" nasabah KE BCA, sistem BCA (variabelnya tidak sedikit) 3. ""jalur"" dari BCA ke GPN, sistem GPN (variabelnya tidak sedikit) 4. ""jalur"" GPN ke toko (variabelnya tidak sedikit) 5. sistem TOKO (variabelnya tidak sedikit) Saya yakin sekali... jika permasalahannya di BCA, dalam waktu 1x24 jam pasti sudah diselesaikan. Karena Brand BCA terlalu mahal untuk dipertaruhkan (ada yg tahu nilai Brand BCA di pasar modal ?). Kalau yg lain saya tdk jamin siii Sesuai kode etik, BCA tidak akan menggembar-gemborkan sistem siapa yg bocor. Namun BCA yang kena getahnya, krn NASABAH BCA yang kena. Maaf saya bukan membela BCA dan bukan orang BCA atau dibayar oleh BCA, hanya mengungkapkan apa yg saya pikirkan saja. Bisa salah juga.",1,UgzaeUn7Rv_rj_fJaOd4AaABAg,@petualangcinta1650
UgzaeUn7Rv_rj_fJaOd4AaABAg.9wvKMqL8-xNA7JItgOc9CK,,0,"2024-08-19 05:57:32",@asepsudarmawan7126,"semakin mengikuti dunia digital , tanpa di sadari ini adalah jebakan para penjahat 😂😂",1,UgzaeUn7Rv_rj_fJaOd4AaABAg,@petualangcinta1650
UgzaeUn7Rv_rj_fJaOd4AaABAg.9wvKMqL8-xNAQxYw_VuVCN,,1,"2025-12-20 12:23:05",@AEROSIX_,"​@mrbertmas ini kasus yang sama dengan di alami om saya di bank mandiri kesedot ke merchant qris yg gajelas dengan total nominal 14jt dalam waktu 2 hari. Dan hpnom saya itu iphone 16 promax loh ! Ga menjamin.sama persis kejadiannya hp selalu di pegang om saya karena beliau bisnisman yg selalu di telpon sama rekan bisnisnya.",1,UgzaeUn7Rv_rj_fJaOd4AaABAg,@petualangcinta1650
UgzaeUn7Rv_rj_fJaOd4AaABAg.9wvKMqL8-xNAQxZALGiV-W,,0,"2025-12-20 12:25:06",@AEROSIX_,"Ini di aplikasi Livin dan pihak bank malah menyepelekan karena mereka bilang livin sangat aman dan tidak mungkin untuk kebobolan. Malah menuduh orang2 terdekat yang bisa saja melakukan itu karena terlihat qr merchantnya seperti qr judol 😅",1,UgzaeUn7Rv_rj_fJaOd4AaABAg,@petualangcinta1650
UgzCwWafCp-3e4OQdGZ4AaABAg,0,0,"2026-04-06 15:10:12",@singimale1233,"Satu satunya jalan paling aman nabung di rumah pakai brankas",0,,
Ugw3-OqPBLxr6JYFRQd4AaABAg,0,0,"2026-03-09 05:21:09",@heliosf3008,"berarti qris kemungkinan ada jejaknya yg bisa dipakai oleh hacker",0,,
UgyUGkj-YjymSvFFv3h4AaABAg,0,0,"2026-02-23 17:53:41",@revo4374,"Alhamdulillah BCA tak blokir",0,,
Ugyg-aFGVMhU5gJXw4N4AaABAg,1,0,"2026-01-26 19:08:55",@deckiirwanto6109,"Saya & istri mengalami hal yg sama Datang ke bank malah disalahkan",0,,
Ugyg-aFGVMhU5gJXw4N4AaABAg.ASSYnIZA22XAT-hRuk_9_I,,0,"2026-02-09 10:46:40",@SayJosssVlog,"Saya sudah gak pakai aplikasi bank krn banyaknya orang² kehilangan saldo di aplikasi bank",1,Ugyg-aFGVMhU5gJXw4N4AaABAg,@deckiirwanto6109
UgwD3NvwcLnq9L99Spp4AaABAg,0,0,"2025-11-21 18:41:11",@tjemaman331,"Yah isi ny orang2 vendor mana mau repot ngurus uang yg ga nyampe ratusan juta Klo bukan nasabah prio jgn ngarep tu duit balik, udah banyak yg bayar pake edc ny duitny balik lg ke customer/mental balik ga masuk seller. Qrisny pun sama bobrok bodoh aja masih mau pake😂",0,,
Ugwi7CvVwxINICQ2AO94AaABAg,0,0,"2025-11-15 16:31:58",@Anggimy-q3s,"Saya ngalamin kejadian embak ini, malahan semua akun perbankan saya kena semua, saldo saya habis 40 juta lebih",0,,
UgzhWNs1pUNONhg14Vl4AaABAg,0,0,"2025-11-03 19:58:17",@bluesr99,"HAPE nya ganti bu",0,,
UgzGQ7Lzf0x_HLAbks54AaABAg,0,0,"2025-10-29 01:40:24",@poeralietsampurno952,"Kelanjutannya kasus ini. Gimana Mr bert.??",0,,
UgwjjVFf-q2P8NMgz694AaABAg,0,0,"2025-10-26 10:46:06",@beritaviral.id01,"Ada namanya QR bayar dan QR transfer.. kalau kita kasih QR bayar di orang lain sudah pasti saldo kita terkuras dengan sendirinya",0,,
UgyMEJOxTEb0D5O3Gk54AaABAg,0,0,"2025-09-30 06:04:51",@hrd_1233,"Saya sudah pernah ngalamin kayak gitu cuman dari dana,ada yang ngirim link ngaku dari dana nganku2 dari dana.lalu duit saya di ambil bertirut2 tanpa saya buka aplikasi dana uangnya di ambil. Sendriri./transaksi sendirii",0,,
UgzZ498jR3vG8ZGqB654AaABAg,0,0,"2025-09-29 04:39:32",@linggardjati1747,"Sodaraku ngalamin hal serupa baru2 ini. parahnya lagi, karena ketahuan saldo nya di BCA terus ngurangin di pindahkan saldo nya ke Mandiri. Sekarang Mandiri nya juga malah ada transaksi qr gitu",0,,
UgzM_wOvS19DWRyqsPN4AaABAg,0,0,"2025-09-20 20:53:11",@maxlampir,"hallooo.... gimana kasusnya sekarang..",0,,
UgyN7DrNRh1eHV1MnmZ4AaABAg,0,0,"2025-09-10 12:54:42",@ahmadrozi3805,"Bisa cek lokasi transaksi gk ya",0,,
UgzfnkmkiGhjavSjObt4AaABAg,0,0,"2025-09-01 13:07:08",@janbless3565,"Polisi cyber fungsinya apa yaaa....harusnya punya ilmu bagaimana melacak para penipu online, indonesia sdh ga aman",0,,
UgxdKAVw6JIb_SsbP5J4AaABAg,0,0,"2025-08-27 20:54:20",@Juragan993-i3v,"Fix ini dipake deposit judol sama orang terdekat, berani jamin gw 😂😂 Yang refund itu transaksi di jam yang emang lagi ada gangguan, makanya 2 transaksi balik, untuk mba nya, selidiki orang2 terdekat ajaa dulu 😂😂😂",0,,
Ugwo3yAvNewgJKEK2ut4AaABAg,0,0,"2025-08-23 05:49:16",@fikaoktaviana5204,"Heran saya kok pada taruh uang yg ada M Banking nya sebanyak itu, hrsnya Rek dibuat 2 Nomor terpisah yg bnyk yg ga ada M Bankingnya atau Dideposito kan lbh aman.Di Rek yg ada MBnya trs uang secukupnya plg 2 sd 5 jt, klw hilang kan ga bnyk!",0,,
UgzW8qqL0yR0D5eBnBh4AaABAg,0,0,"2025-08-13 00:40:14",@EntahlaIyo,"Alahh Mr bert konten hoax semua",0,,
Ugy6Ar9iA6Udkch1Ljp4AaABAg,0,0,"2025-08-06 03:45:21",@Benno.shadenio,"Alhamdulillah seumur2 pake bank mana pun aku gak pernah kena hal2 yg aneh. Jangan sampe dah",0,,
UgyMkUJrqw9GWIr-6VZ4AaABAg,1,2,"2025-07-14 05:02:35",@nana44agency,"Evrita...aku juga mengalami hal sama kayak km..bahkan uang ku hilang dalam ke adaan akses masuk mbanking terblokir.tgl 7 Agustus 2024 keblokir tanggal 9 udah raib uangku 400 JT lebih.udah aku laporkan pun SMP skrg belum beres juga.",0,,
UgyMkUJrqw9GWIr-6VZ4AaABAg.AKYM82cnfEwAL7GaKZ3mZx,,0,"2025-07-28 13:06:03",@herimunir9366,"Ordal BCA, dan polisi?",1,UgyMkUJrqw9GWIr-6VZ4AaABAg,@nana44agency
UgzVcFA7Y93jbqSWonh4AaABAg,1,0,"2025-07-11 12:40:54",@josephk3530,"Jangan jangan HP Samsungmu Refurbish mbak... HP rekayasa... sudah di sisipi",0,,
UgzVcFA7Y93jbqSWonh4AaABAg.AKRSCKfdgkKAKRSGTJxOM2,,0,"2025-07-11 12:41:28",@josephk3530,"Kan katanya HP baru dan belum di isi apa apa",1,UgzVcFA7Y93jbqSWonh4AaABAg,@josephk3530
UgzEsG1tvi6SLQpAG5l4AaABAg,0,0,"2025-07-11 12:40:06",@josephk3530,"Harusnya BCA bisa bantu uang itu larinya kemana... kalau nilainya 1 juta an terus menerus, sepertinya di transaksikan di outlet yg sama atau QR yg sama... jadi bisa tau merchant apa itu, dimana lokasinya dan bisa di trace dari cctv toko tsb misalnya.. jadi tempat atau merchant tempat transaksinya yg harus di kejar..",0,,
Ugz7c8NOK732MaNBxmx4AaABAg,0,0,"2025-06-28 10:09:49",@West1nk1980,"lihat di pengaturan. aplikasi lihat apa ada apk tersembunyi biasanya aplikasi itu icon & tulisannya di hide.. tp klo di klik baru kelihatan apk nya",0,,
UgzBisXGwZurhqIZeVh4AaABAg,0,0,"2025-06-24 18:13:26",@batsungamer,"Ini pada akhirnya bagaimana hasilnya ya @Mr Bert? Saya juga bulan lalu kena tipu dgn istilah nama Social Engineering AI Deepfake..",0,,
UgwmI9Dn-xQn-9aZYxN4AaABAg,0,0,"2025-06-19 06:07:43",@benusarib4020,"INI BUKAN PENCERAHAN, CUMA BER-BELIT² & MUTER² SAJA - CAPEK DEH.",0,,
UgzIqMiunQv0sm0D8vt4AaABAg,0,0,"2025-05-26 08:01:24",@VinaMariana-cx3hr,"saya curiga itu bocor sama petuga sbanknya sendiri yang membantu ibunya membuatkan mbanking, QR 915 itu kode qr bank bca",0,,
UgyjvNliF3t2AUIRn4t4AaABAg,0,0,"2025-05-25 02:49:45",@femez_9992,"Awal pertama buka rekening katanya bank paling aman tetapi gw udah lama ngga pakai BCA dan gw tinggalkan semenjak ada transaksi mencurigakan 5.000 (diluar biaya admin) secara terus dengan waktu yang tidak menentu (ngga terhitung) yang aku cek di historinya engga ada transaksi tersebut. Selain itu tidak bisa download riwayat transaksi setiap bulan kemana aja uang kita keluar dan masuk. gw pakai bank lain semuanya transparan transaksi masuk, keluar, biaya admin, dll. Selain itu bisa download riwayat transaksi 1 bulan. yang katanya paling aman nyatanya tidak transparan, di sarankan untuk datang ke kantor tapi daripada antri lama, dsb yaudah gw ikhlas in aja cari bank lain yang transparan.",0,,
Ugx0TBkmniRrCi89wf14AaABAg,0,1,"2025-05-24 23:59:48",@AhmadRedy-d7x,"Semua kasus kejahatan online,termasuk pembobolan rekening.itu sangat bisa sekali terjadi lewat hp Android.dan ini bukan kali pertama kasus semacam ini. Penjahat online, punya banyak cara untuk membobol rekening dari mobile banking. Dan ini sering terjadi di HP Android.menurut sy OS android harus lebih ditingkatkan lagi verifikasi sistemnya. Dan saran saya, untuk menjaga keamanan, ada baiknya untuk M-banking menggunakan hp Apple. Ini lebih aman dari gangguan kejahatan online,krn OS nya sangat terverifikasi dan tidak sembarang virus hacker bisa masuk ke dalam IOS. maaf,sy bukan promosi,tapi ini sepengetahuan sy, perbedaan Android dan iPhone",0,,
UgyBESSE2PAXgUKFAJJ4AaABAg,1,1,"2025-05-11 13:52:50",@dinaiswana1505,"Saya juga kena 3 jt tgl 29/4/25, dan itu sma persis menggunakan QRIS, sy sampai sekarang masih bingung knp bisa begitu padahal HP sy pegang dan posisi sy msih berada di kamar,",0,,
UgyBESSE2PAXgUKFAJJ4AaABAg.AHzVwmuiTp5AR-BeiA9jvf,,0,"2025-12-21 12:57:24",@dinaiswana1505,"​@pengamatamatir5250saya sudah lapor ke Pihak Bank di daerah saya, dan saya di arahkan ke operator yang di jakarta, ujung-ujungnya pihak bank bilang itu dari HP sy, kan aneeh, sy pegang HP sy, tiba"" ada transaksi yg sy ngk tau, tp di kira sy sendiri yg pke Qris.. Dr awal memang pihak bank menanyakan HP apa yg sy gunakan type brp, nah itu jd senjata mereka biar qt ngk bisa mengelak bahwa itu transaksi memang berasal dr HP yg anda gunakan, dia blng begitu,",1,UgyBESSE2PAXgUKFAJJ4AaABAg,@dinaiswana1505
Ugy9WkJxKmMWssj5iPV4AaABAg,0,1,"2025-05-05 02:36:02",@mantanteknisi2000,"Kemungkinan besar HP sebelumnya sudah di hack atau membeli hp bekas orang yg sudah kena hack lalu di jual karena sudah tertanam spyware dan tidak bisa di hilangkan dengan reset pabrik.. dan hacker menunggu waktu yang tepat untuk melancarkan aksinya",0,,
UgxQi77qG-eoWGdBXCx4AaABAg,0,0,"2025-05-05 02:08:13",@erikalamsyah6889,"Quiris ini adalah produk anak bangsa dan harus hati2 dengan konten ini karena menyebabkan negatif ...seharusnya di lakukan oleh yg berwajib....kita tidak tahu dia bohong atau tidak....",0,,
UgwJQzRrjN2is7wZvFx4AaABAg,0,0,"2025-05-03 10:33:31",@elisabetdans-om4qb,"trimksih pak smga di bersihkan kita smua di berkan pelajaran utk kedpan nya salam sehat sllu mrs Bert god blessing🙏🙏👍👋",0,,
UgzLCC6Wt9r_wSRgi914AaABAg,0,0,"2025-05-01 13:18:22",@LuckyWidianto,"Saya pake bca cuma buat transaksi bukan buqt nabung ,saĺdoʻ selalu saya kosongkan paling tinggalin 100rb",0,,
UgyKXIeqlQx0-e432pR4AaABAg,1,1,"2025-04-30 04:10:25",@ElmoBagus-e1m,"bener nih? hati hati hoax. selalu harus bersikap skeptis. jangan langsung percaya konten youtube.",0,,
UgyKXIeqlQx0-e432pR4AaABAg.AHX8YKj7C02AHeI0a0uIDL,,0,"2025-05-03 08:07:06",@nothingtodo5987,"cuman konten doang. di sebelah udah dibahas kalo nih channel kagak bener. 🤭",1,UgyKXIeqlQx0-e432pR4AaABAg,@ElmoBagus-e1m
UgyAVv_NP5cCmcsQyT94AaABAg,1,0,"2025-04-12 17:10:30",@daniaji8209,"Bisa saja aplikasinya di kloning... Atau dia pakai aplikasi spam yang dapat mengontrol hp",0,,
UgyAVv_NP5cCmcsQyT94AaABAg.AGpBW4IY8XbAWiF5CDjTUN,,0,"2026-05-12 16:49:24",@MarsalMohammad-f1j9l,"kayaknya gak mungkin dikloning aplikasinya, soalnya kalau login ke aplikasinya harus verifikasi melalui sms dan no hp nya harus selalu terpasang di hp.",1,UgyAVv_NP5cCmcsQyT94AaABAg,@daniaji8209
UgxiKCADEAm_GAPQnFp4AaABAg,0,0,"2025-04-12 09:52:27",@ricokurniawan4696,"Punyaku sudah terkunci fitur keuangannya.....jadi gak bisa keluar uang 1 rupiahpun.....cuma bisa lihat saldo dan mutasi saja",0,,
Ugz5LoIE5DjZFcQko194AaABAg,0,0,"2025-04-05 06:05:34",@nyomansuratna-w9r,"Ya benar sama kepokan saya Sampik pingsang? Karena kepokan saya transfer ke rek anak nya 10 jt lewat phone banking BCA . Tapi di hacker bisa masuk ke rek orang di mana letak tanggung jawab nya terhadapa nasabah",0,,
Ugy0f0lZ3XtKM8eUOEp4AaABAg,0,0,"2025-04-05 05:08:47",@muncar5054,"Update penyelesaian kasus ini, gimana sih akhirnya? Salah siapa?",0,,
UgyYgXPPrqXBP_EPdwZ4AaABAg,0,0,"2025-03-23 12:13:29",@alurCERITA12z,"Saya kehilangan saldo di bca gara gara main judi ngurim pake Qris juga",0,,
Ugx181ae3IUwItxdcGF4AaABAg,0,0,"2025-03-23 02:59:54",@Vario-c6b,"ini kyknya rekayasa?",0,,
Ugy4C9D9pdSTHKOXCQV4AaABAg,0,0,"2025-03-21 06:48:31",@nartiriyanto5590,"Maling tanpa sentuh obyek uang lenyap saja",0,,
UgwjG8kEm5vQhvSvR9J4AaABAg,0,0,"2025-03-20 23:59:45",@jenicoju1359,😂😂😂😂😂😂😂,0,,
UgxNf0m1w7wwrQNVDDN4AaABAg,0,0,"2025-03-12 09:16:36",@arieanggara5625,"Manurut saya klo nabung dan gak usah pake aplikasi pembayaran lewat hp spt qris semacamnya akan aman2 saja.",0,,
UgxokjJxW17umr1rFpp4AaABAg,2,1,"2025-03-08 20:22:56",@ariestaavril6232,"9 sept 2023 , sekarang 9 maret 2025 , gimana perkembangan kasus ini koh?",0,,
UgxokjJxW17umr1rFpp4AaABAg.AFQPhzlrGEvAHeI76Cgb35,,0,"2025-05-03 08:08:00",@nothingtodo5987,"cuman konten. di sebelah udah dibahas kalo nih channel banyak gak bener nya. 🤭",1,UgxokjJxW17umr1rFpp4AaABAg,@ariestaavril6232
UgxokjJxW17umr1rFpp4AaABAg.AFQPhzlrGEvAHeIbxWMSfn,,0,"2025-05-03 08:12:21",@ariestaavril6232,"@nothingtodo5987  berati kasus uang ini hoax dunk?",1,UgxokjJxW17umr1rFpp4AaABAg,@ariestaavril6232
UgzRvBfJfeMQwUpJcP14AaABAg,0,0,"2025-03-06 22:08:54",@yusufmaha21,"Sama kronologinya, saya juga pagi hari kemarin tgl 6 maret 2025.. Kena peretasan lewat qris, transaksi ke gamer's paradise sebesar 4juta.. Sedangkan hp dalam keadaan sedang tidak saya gunakan.. Setelah laporan ke kantor bank (BCA), pihak bank hanya bsa memediasi dan menginvestigasi laporan, selebihnya tidak bertanggung jawab menarik atau mengembalikan arus saldo yang sudah berkurang, yg seharusnya bisa bca lakukan kemana arusnya dan siapa yg menerima.. Jawaban pihak bca sma dengan saya bu, mungkin isterinya atau anaknya pa yg gk sengaja scan barcode kata pihak bca.. Ya begitulah..",0,,
UgxRrnMYNVSADRMOTsB4AaABAg,0,0,"2025-02-27 07:15:41",@wahyusenjaya7397,"Banyak bank lain.....kalau mereka tidak peduli ke nasabah....minimal ada etiketn baiknya....",0,,
UgwQxNFWwQnl2ncCmk94AaABAg,0,0,"2025-02-25 05:34:49",@rizqiashari840,"Saya baru kejadian Transaksi Qris Saldo terpotong tp tidak masuk ke merchant..laporan ke halo bca Suruh nunggu 20x24 jam..dan perhari ini Katanya (ditolak oleh Bank/Penyelenggara Jasa Sistem Pembayaran (PJSP) yang mengelola merchant.) saya konfirmasi ke merchant juga tidak ad transaksi masuk ke Rek mereka..ya pasrah lah ..Bukan indonesia namanya kalo Hal yg sebenrnya gamapang jd berbelit2..",0,,
UgzYDnrXuX-vCo_I8dV4AaABAg,0,0,"2025-02-19 02:00:28",@Pulcrastudio,"Takut tapi saldoku cuma 50.000 paling gede 1 juta 😢",0,,
UgxuLzTepi01ZehIxzp4AaABAg,0,0,"2025-02-18 13:47:05",@FrageziMifta,"Kalo ibu sy di atm,, udh ke atm mau ambil ga keluar uang,jg ga ada interaksi sama org lain , dicek saldo udh langsung lenyap,padahal kartu keluar lancar. Laporan bca udah cek cctv sm polisi dll, mutasi rekeningnya aneh kata bank.nya tarik transfer tunai,,padahal ibu sy blm transaksi apa2,di bank bca udh diputerin cctv jg emang ga ada interaksi(takutnya dihipnotis atau apalah) atau pengganjalan kartu,,tp dr pihak bca ttep aja limpah2an jawaban dr bca udh dilimpahkan pihak ke 2/3 ,, dan ya smp skg msh truma kalo ambil di atm sembarangan.",0,,
Ugz11pVgUgE_qdWp2i94AaABAg,0,0,"2025-02-18 04:44:34",@junirbs,"kasus ini saya alami saya baru tau hari ini (18/2/2025) saat ngecek mutasi di aplikasi wondr BNI ada transaksi qris yang tidak saya kenal tanggal 1/1/2025, kenapa saya yakin bukan transaksi saya karena tanggal 1 Januari 2025 saya tidak kemana mana tapi transaksi qris ini terbatalkan dan yang di mutasi langsung balik pada hari itu juga, status balik saldonya tertanda ""Koreksi Pembelian"" qris BNI saya, saya setting menggunakan kartu kredit sebagai sumber dana jadi saldo qris yang di transaksi kan itu adalah saldo kartu kredit saya saya tidak mengalami kerugian di sini karna saldo nya langsung kembali hari itu juga hanya saja saya sangat heran kenapa bisa ada transaksi qris terjadi dari hp saya, padahal hp selalu di tangan",0,,
UgwJ2QhbTeYkwCfL88t4AaABAg,0,0,"2025-02-15 02:04:37",@oktaviafitrimulyani1315,"Intine malinge kui dilindungi",0,,
UgziScByAELZVS6qBWt4AaABAg,0,0,"2025-02-11 08:45:49",@rizqiashari840,"Saya aja ini hari ke 7 Dana tersedot Di Qris Di mutasi ada tp di inbox Qris tidak ada..sumpah bank sebesar BCA aja bisa mempersulit begini disuruh nunggu 20 Hari..Duit nasabah tp dibikin ngemis2 karena kesalahan sistem dr Bank BCA..",0,,
UgxVr1N-pNRDEUw25YJ4AaABAg,0,0,"2025-02-10 10:44:13",@sclliyaaddiin,"Intinya kmu pake KARTU telkomsel YG TERDAFTA. Menggunakan BCA Mobile /M-Bengking Jika Kartu Simnya Dicopot, YG DI HP SAAT DAFTAR KITA GAK BISA TRANSAKSI. Tapi saya BELUM PERNAH COBA APAKAH JIKA KARTU TELKOMSEL ITU DI PINDAH KE HP 1Lg Yg ADA M-Bengking /BCA Mobile. BISA Bertanaaksi/ Berfungsi Tanpa feripikasi kode Jika Dipindah Ke Hp Lain.",0,,
UgxKvMsa6AumpK27jht4AaABAg,1,0,"2025-02-02 15:59:49",@LeonardoEzekiel-c7v,"Sukses selalu bank BCA,.. pelayanan tidak di ragukan 👍",0,,
UgxKvMsa6AumpK27jht4AaABAg.AE2O_5Sh08nAGaiE2PWStP,,0,"2025-04-07 02:16:31",@dwiantara8866,"Hah ?",1,UgxKvMsa6AumpK27jht4AaABAg,@LeonardoEzekiel-c7v
UgwtuNZsmdoqiBJprzR4AaABAg,0,0,"2025-01-27 14:47:33",@CivilartDesign,"Setelah menelaah kasus mba evita, feeling saya 99% oknum pihak bank yg bersangkutan. Alasan nya karena pihak bank tidak mau men track record data yg terjadi miss pd saat itu sedangkan pihak bank pasti punya track record sistem transaksi setiap nasabah nya. Fix..usut sampai tuntas",0,,
UgwEMNYXXy6dzPKOhPV4AaABAg,0,0,"2025-01-26 14:01:29",@arjunajapab.r9752,"Saya baru saja juga mengalami hal yang sama. Mr Beet, dari tanggal 12 Januari kemarin uang saya di rekening di BCA kena hack. Terlihat dari tanggal 12 Januari sampai tgl 16 Januari rekening sy hilang secara bertahap sebanyak 34,5 jt. Sy lgsg hubungi halo BCA dan sy minta blokir. Sy jg sudah lapor ke kepolisian. Dan posisi sekarang di proses investigasi sama halo BCA. Tapi, kmrn halo BCA telp saya bilang tidak bisa bertanggung jawab krn terlihat bahwa transaksi m banking yaitu dari qris ke qris dan dari hp. Padahal sy tidak melakukan transaksi itu sama sekali dari hp saya. Bahkan orang di rumah sy tidak ada yg tahu pin saya dan tidak pernah pegang buka m banking sy. Dan anehnya transaksi itu terjadi saat jam sy di rumah, suami kerja, anak sekolah, dan ada jg jam saat kami tidur. Krn ada transaksi jam 11 malam, 12 malam dan 3 dini hari. Suatu transaksi yg tidak masuk akal mr. Dan dengan enaknya bank bilang tidak bisa bertanggungjawab. Jelas2 bank tidak bisa menjaga keamanan uang nasabah. Gampang sekali kok an uang bank di jebol seperti itu. Kemarin sy marah saat di telepon halo BCA itu. Krn sy gak trima. Dan malah halo BCA bilang klo mau menuntut silahkan ke qris, dan klo mau melaporkan qris ke polisi jg di perkenankan. Ini gimana sii yaa mr Bert perbankan itu. Sy sungguh merasa terdzalimi atas kinerja bank akan keamanannya. Mereka enak saja bilang seperti itu tidak bisa bertanggungjawab, krn yg hilang bukan uang mereka sendiri tapi uang nasabah. Bagi sy uang segitu tidak sedikit. Dan saya amat sangat merasa tidak ikhlas uang sy bisa hilang begitu mudahnya di BCA 😢😢",0,,
Ugx-SVvcgjLMipf1-aB4AaABAg,0,0,"2025-01-25 15:26:08",@iam1407a,"yang namanya keamanan itu harus ribet, namun kalau disini sudah ribet masih tembus. perlu si validasi ulang keamanannya",0,,
Ugw6kPkv2BPE89OcnDx4AaABAg,0,0,"2025-01-22 12:00:04",@wehali-t3w,"apakah kasus seperti ini....dari BANK terkait bertanggung jawab atau tdk??",0,,
Ugwo4ri6HHVaEVYloG54AaABAg,0,0,"2025-01-22 08:58:26",@defrinherwansyah724,"Semua bengking bisa akses tf menggunakan qris tnpa login bengking, mungkin ibunya lalai",0,,
UgxfV-SmnqQabd_pdIx4AaABAg,0,0,"2025-01-21 00:44:20",@nuralfisyahri10,"MR. Bert ini sperti pahlawan, Knpa ku blg gitu, krn sm halnya sprti cerita doktif (dokter detektif) ketika BPOM gk berfungsi akhirnya jalur mandiri lah yg menyadarkan masyarakat d situlah BPOM baru mulai gerak!!! Knpa krn skincare abal2 berpengaruh banget pd masa depan anak indonesia, kalo banyak bumil pake skincare berbahaya otomatis anak2 indo pd cacat, krn efek obat dalam cream berbahaya jgn anggap sepele, sm sprti org hamil yg sdg terkena asap roko terus²an? Ini contoh lwt jalur kecantikan ya! Skrg dtg pahlawan lwt jalur IT, Mr bert sudh membuka jalan tp org IT bank merasa sombong dam hebat smpai tak mau berbenah agar segera di perbaiki data yg sudh bocor dll.. Apa nunggu semuanya terlambat baru ujung2 menyesal? Udh ada jalan padahal .. mr bert sudh mw mencoba mendiskusikannya tp usahanya nihil akibat kesombongan org IT bank tersebt.. Kapan ini KOMINFO bergerak !!! Kalian sudh d ksih jalan lo pdhal Aku merasa org2 yg lulusan kerja2 bagus gk semuanya pintar!! Tp hanya keberuntungan., Trkadang org yg gk punya jabatan malah lebih teliti dan pandai...",0,,
UgxV-LX2Ff0Lbei_nfB4AaABAg,1,0,"2025-01-18 02:45:11",@AyeshaNur-eo1qv,"Menurutku bank BCA buruk",0,,
UgxV-LX2Ff0Lbei_nfB4AaABAg.ADQLhtJ3fT1ADTRmhqESve,,0,"2025-01-19 07:36:00",@appayyou2621,"Yg buruk itu BRI😅 BNI BANK BUMN.",1,UgxV-LX2Ff0Lbei_nfB4AaABAg,@AyeshaNur-eo1qv
UgyMhetW4GmC0pTWMqx4AaABAg,0,0,"2025-01-18 02:25:11",@AyeshaNur-eo1qv,"Sama mbk. Q juga gitu tabunganku kekuras padahal sy udh ganti kartu tetp aj kebobol qurisx. BCA gk bertanggung jawab.",0,,
UgwBb1l34CvVH1_f4o14AaABAg,0,0,"2025-01-15 08:30:58",@yudisoto2077,"Cara manjur mengatasi scamming atau pencurian uang di m-banking yaitu caranya apabila m-banking /DANA/e-money/ marketplace anda sudah aktif sudah bisa digunakan maka cabutlah kartu SIM pengaktifan m-banking dari HP tersebut harus dilepas Jangan cuma ditaruh SIM 1 SIM 2 tapi harus lepas terpisah dari HP tersebut lalu gantilah kartu sim di HP tersebut dengan nomor lain yang ada internetnya cara ini menyebabkan pelaku skimming dan pencuri uang dan Hacker tidak bisa melakukan OTP karena kartu sim pengaktifan sudah anda cabut sudah tidak ada di HP itu sehingga para pelaku skimming tidak bisa memindahkan dana karena mereka tidak bisa mendapat OTP dari kartu SIM yang telah Anda cabut dari HP yang yang mereka bajak.gat",0,,
UgzyEbkVXIHzfl8pQrh4AaABAg,0,0,"2025-01-10 03:00:41",@user-yv9ti6oy7b,"Semua bank tau kode quris, gw pernah kerja disalah satu bank di Indonesia, sebagai marketing quris, dan pas training dijelasin kode2 quris punya bank siapa",0,,
Ugy9Cwm-DvNp2RKjRwV4AaABAg,0,0,"2024-12-29 04:59:10",@griyasenikusumaningrat7963,"Bank bukannya nggak tau ky gini bisa terjadi. Minta bukti cctv hanya taktik alibi bank, tanda pihak bank lebih ngerti.",0,,
Ugwp0ZVNEyC9F1VXCwp4AaABAg,0,0,"2024-12-29 00:24:15",@mocharif376,"Saya Yakin. Di. GUNUNG . Yang MBAK NAIKi. Itu. ADALAH. GUNUNG. YANG "" SANGAT. ANGKER. "" KEMUNGKINAN. JIN. TUYUL DENGAN. CARA. "" GHOIB. "" BISA. MASUK. KE. H. P. MiLik. Mbak. TERUS MENCURI. UANG. DARI. M BANKING. H. P. nya Saran. Saya. SEBAIKNYA H. P. nya. HARUS. LEBIH SERING. DI. "" RUKYAH. """,0,,
UgxkdZLxxDQZMt38MZR4AaABAg,0,1,"2024-12-27 01:27:11",@willibordus,"Sudah setahun,,,. Bagaimana penjelasan kasus ini?",0,,
UgyI_R6qabV7tSRNL6d4AaABAg,0,0,"2024-12-26 14:04:15",@NurulTauhidah,"Aq pernah seperti ibu ini juga di BCA",0,,
UgxmtAJjU30IAPEq9dp4AaABAg,0,0,"2024-12-20 23:49:12",@wils2121,"jangan ngarepin bank.. udh pasti ga mau rugi.. uang palsu aja dimasukin ke ATM",0,,
UgwkMJWaEZ6qICAMmnp4AaABAg,0,0,"2024-12-20 23:43:56",@wils2121,"saya sehari aja sering cek saldo.. siapa tau ada uang nyasar masuk rek.. lumayan kan",0,,
UgxOgy6Rn6-MS9u89dh4AaABAg,0,0,"2024-12-19 14:48:50",@bukanarjun86,"Saya jualan online. Hari ini tiba2 ada yg mau bayar daganan saya, dia kekeh minta qris. Saya jadi curiga",0,,
UgwhtxcLNVWCLwOeOkJ4AaABAg,1,0,"2024-12-09 15:32:03",@raztorlafonte,"Nahhh barusan suami saya juga gitu....batiba saldonya tinggal 4000",0,,
UgwhtxcLNVWCLwOeOkJ4AaABAg.ABpifQjy3trACHsJenK9hv,,0,"2024-12-20 23:14:17",@wils2121,"waduwhhh.. kembali ga bu uangnya?",1,UgwhtxcLNVWCLwOeOkJ4AaABAg,@raztorlafonte
UgwP28kKOBxtS0qFwHJ4AaABAg,0,0,"2024-12-09 03:30:38",@wirajayakusuma-x4n,"Sepertinya pernah wifi gratis ..ditempat sembarang..yg menyuguhkan wifi gratis ..",0,,
UgyKM5fYtO1x3Uasvyt4AaABAg,0,0,"2024-12-05 15:00:09",@JunaEdi-n4q,"Semangat om mr tolong bantu dan brantas semua penipu biar aman Indonesia",0,,
UgyJ2ZB_HncdoVKtQB94AaABAg,1,0,"2024-12-05 01:50:54",@sniperkacang9822,"makanya biasakan bawa uang cash.. karena hanya deg cara tradisional gini bisa diminimalisir hal begini..meskipun ga ada jaminan juga ga tertipu..setidaknya ga ada auto debet kalo via cash",0,,
UgyJ2ZB_HncdoVKtQB94AaABAg.ABdxWhivscZACHsOkLeFDR,,1,"2024-12-20 23:14:58",@wils2121,"skrg hampir semua merchant ga mau terima uang cash",1,UgyJ2ZB_HncdoVKtQB94AaABAg,@sniperkacang9822
UgxaimdVHO6Far4EqIh4AaABAg,0,0,"2024-12-04 01:28:26",@royzontough8476,MR.PREETT,0,,
UgxhJRMJ5XNnRLPazE54AaABAg,2,0,"2024-12-01 13:25:54",@dragonballvr4633,"anne koq gak ngerti ya nonton ini?? karena yg di bahas naik gunung gak ada sinyal.. harusnya di jelaskan tgl² transaksi yg tdk di lakukan dan bank harus telusurin ke mana aja dananya yg hilang",0,,
UgxhJRMJ5XNnRLPazE54AaABAg.ABVtscnBk0BACHsZsYahCp,,0,"2024-12-20 23:16:30",@wils2121,"klo ga ada sinyal berarti ga bs transaksi via mbanking.. nah pd saat itu terjadi juga transaksi via qris tsb",1,UgxhJRMJ5XNnRLPazE54AaABAg,@dragonballvr4633
UgxhJRMJ5XNnRLPazE54AaABAg.ABVtscnBk0BACHvxTAhkF1,,0,"2024-12-20 23:46:04",@dragonballvr4633,"@wils2121  iya nih geje",1,UgxhJRMJ5XNnRLPazE54AaABAg,@dragonballvr4633
UgyCDz6ptJ500Rks4Sp4AaABAg,0,0,"2024-11-28 14:52:31",@umbudewa,"Apakah ada ordal ??",0,,
UgxYOpO0Qdw_t4IrW_h4AaABAg,0,0,"2024-11-28 12:18:04",@TheVegasus,"Qris yg scan arah uangnya ke rek siapa pasti ada di banknya..",0,,
Ugw6mQi4N3ckPTHZH5t4AaABAg,0,0,"2024-11-27 03:04:08",@VixTone16,"Gw ngerti,, Ini fix salah user,, Gw mo jelasin k panjangan ngetik,, Males gw😅😅 Yg jelas tu orang kena malware hape na",0,,
Ugy80zl8OymkfhOg1h14AaABAg,0,0,"2024-11-25 13:08:33",@MUSICDELAYVIRAL,"kejadian ke diri saya saya mengisi bbm di salah satu spbu pakai qr qode, nah saya transaksi tulisannya gagal, terus saya ulangi berhasil, tapi kedebet 2x dengan mutasi berhasil semua",0,,
UgzeuI-k58OZ6iH_rLB4AaABAg,1,0,"2024-11-21 14:19:07",@khusnulkhuluq4642,"Hi mr bert, kelanjutan dr kasus ini gmn? Karena sya juga baru mengalami tgl 3 dan 4 nov 2024 tiba tiba saldo berkurang ternyata ada transaksi qris yg tidak sya lakukan,namun cuma 2 jt total dan pihak BCA cuma kirim surat bahwa itu transaksi dr HP yg sama dg keterangan yg sma kyk kak evita td dan waktu sya tnya itu merchant dimana malah saya disuruh cari sendiri ke merchant. Dan nampaknya tidak cuma BCA, di rekening BNI saya juga ada transaksi qris yg bukan dr saya senilai total 14jt. Ini komen saya tulis setelah melapor ke CS BNI tgl 21 nov 2024, msh dalam penanganan BNI, semoga penyelesaiannya tidak sperti BCA. Misal sma saja artinya kita smua patut berhati2 dg mobile banking apapun yg ada di Indonesia",0,,
UgzeuI-k58OZ6iH_rLB4AaABAg.AB6F0cnS6d3AEfSYviWM9K,,0,"2025-02-18 05:24:14",@junirbs,"halo kak penyelesaiannya gimana yang dari BNI",1,UgzeuI-k58OZ6iH_rLB4AaABAg,@khusnulkhuluq4642
UgxLxfIpEjWzG-mV0614AaABAg,0,0,"2024-11-16 08:06:07",@HartinaTina-e4u,"Saya juga selalu pengguna BCA QRIS merasa resah Krn terkadang transaksi berhasil tapi saldo tdk bertambah dan saya hubungi pihak bank BCA katanya pengaruh jaringan tapi uangnya tidak masuk masuk",0,,
UgxPxLhG0192n0N_wPh4AaABAg,0,0,"2024-11-16 03:07:22",@NitaNit-h4y,"Tbtb ada transaksi QR 200 200 di tgl 16 november 2024 semalem ngirasanya dipake suami slot tpi hp posisis lg mati total mode pesawat juga, dan blm ada transaksi di hri ini cuma QR aja",0,,
UgwXCWsWfTi5I7VYxpZ4AaABAg,0,0,"2024-11-16 03:04:15",@NitaNit-h4y,"Aku kesini karna aku mengalaminya nya. Seringgggg kya gni udh gnti kode akses",0,,
UgzuCLckBhGnyM5c14h4AaABAg,0,0,"2024-11-12 22:28:26",@AhmadFarhan-s6h,"Bener bangat ada ceramah mengatakan bank adalah tempat yg paling tidak aman menyimpan uang. Saya juga kebobolan di bank BRI tertipu setelah mendownload M pajak palsu setelah itu terjadi transaksi habis uang saya 97 jt semuanya lenyap . Bank sangat tidak aman untuk menyimpan aman.",0,,
UgybVCCmi0a82mLYN-p4AaABAg,0,0,"2024-11-09 16:16:26",@padsalt4739,"Gimana ini kasusnya?",0,,
UgzwTaay3HKhOLIwFFR4AaABAg,1,0,"2024-11-09 01:34:40",@Je96,"Uang saya aman tidak ya 80jt di BCA 😢",0,,
UgzwTaay3HKhOLIwFFR4AaABAg.AAaz-7FlfqkAAo_Q-kNNwY,,0,"2024-11-14 08:20:31",@muhamadmukromin9719,"Coba di cek bg",1,UgzwTaay3HKhOLIwFFR4AaABAg,@Je96
UgwfZ20P8bvWHk237DR4AaABAg,0,0,"2024-11-07 08:29:09",@MantapBank,"Gimana kasusnya ini kejelasannya, biar saya tutup juga akun di BCA. 😂",0,,
Ugz2eWJlg8NB4RqLsBV4AaABAg,0,0,"2024-11-07 01:58:02",@GusnandarCimma,"Sama perisis kejadian ku ini apakag bnyk yg alami bgtu",0,,
UgzcavqX28uJ5SqymON4AaABAg,0,0,"2024-11-06 11:50:49",@musik402,"Jangan mau instalasi my bca orang2 Sales nya gapernah digaji makanya dari uang nasabah",0,,
UgyNSblwh50yxklWt_B4AaABAg,0,0,"2024-11-06 04:36:34",@PB_MINYAK,"Ngeri amat ya nyimpen duit di rekening🤦‍♂️",0,,
Ugw-nfQ_29UBpWDHXs94AaABAg,1,0,"2024-11-04 23:16:31",@limasan,"Bang q habis jadi korban aplikasi Q punya sampel e aplikasi",0,,
Ugw-nfQ_29UBpWDHXs94AaABAg.AARR-o9KQsnAARRrTEeOEF,,0,"2024-11-04 23:23:59",@limasan,"@mrbert Kronologi ada telpon mengatas namakan dirjen pajak. Kebetulan kami punya CV. Yg umurnya 1.tahunan Lalu singkat kata ada temennya yg mau pandu untuk urusan pajak. Kemudian saya di WhatsApp Dengan DATA KOMPLIT Perusahaan kami. Mulai dari NIK, NIB, PENANGGUNGJAWAB, NPWP, Dan tanggal pendirian. Dari situlah kamibpercaya jika ini dr pajak. Lalu kami di pandu install apk. Nah di sini lah mulai uang di rekening Ter transfer",1,Ugw-nfQ_29UBpWDHXs94AaABAg,@limasan
UgzlgpRhCENiyzo_VWJ4AaABAg,0,1,"2024-10-30 19:57:34",@dil_story6628,"Saldo dana ku juga hilang 1juta setengah tapi sudah lapor ke diana kata nya tunggu 7 hari jam kerja semoga aja bisa kembali😢",0,,
UgxcmvhUEiwMCiA7piV4AaABAg,0,0,"2024-10-24 15:17:23",@wajavaone79,"Hanya ppatk yg bisa melacak",0,,
Ugy50QRnQ1l-_3f2Nc94AaABAg,0,0,"2024-10-23 11:56:41",@liyunzira2671,"Tolong berantas kasus kasus seperti ini Saya juga korban..",0,,
UgwI446A4PepPzdkKaF4AaABAg,0,0,"2024-10-19 21:40:57",@evelineivanca3166,"persis. baru ini saya kena. tb2 saldo terpotong melalui qris. jam nya di malam hari. sdgkan mlm hari aja sy di rumah. aneh.",0,,
Ugztkw30qg-0GxinkRl4AaABAg,0,0,"2024-10-01 15:51:48",@mlaku-mlakune2193,"Harusnya bisa dilacak, kemana uang pergi kan tahu, kalo tidak bisa clear berarti memang bca tidak bisa dan tak mau di salahkan. Takut pelanggan kabur.",0,,
UgzQQZLex13mVgbEs3V4AaABAg,0,0,"2024-10-01 07:53:55",@RaisandiPauzi,"Saya juga kena ini",0,,
UgzBGTRmLVKb08jcJit4AaABAg,0,0,"2024-09-27 05:26:21",@okhefirmansyahchanel6031,"Sy sebagai nasabah BCA bertahun2 butuh penjelasan ini.sampai kelar kemana alisan dana qris tersebut.pasti tahu BCA",0,,
UgyHG3NdUFy7TQ7xpBF4AaABAg,0,0,"2024-09-19 06:13:32",@KRANJI386,"yahh..sama suami aja ...nga tau...paling yang ambil suami nya ..hahahahha",0,,
Ugx3WSWgverRlfp2FEZ4AaABAg,0,0,"2024-09-19 06:12:23",@KRANJI386,"biasa nya orang deket ...kalo yang model trasfer ...karena secara apk ...susah buat di jebol .....ini bisa juga nomer tlpn nya di gandai .../ di buat ulang ...",0,,
UgxTwM2URe3pCGZMSol4AaABAg,0,0,"2024-09-18 15:30:46",@tarjoajchannel7296,"yah baru mau rencana bikin regkening BCA buat usaha transaksi kok dah ada berita kaya gini , kirain paling aman transaksi pake BCA 😢",0,,
UgwFsWytuLgJYqfSGv94AaABAg,0,0,"2024-09-14 11:55:00",@Hafid2010Hafit1,"Sama mbak,,, aku juga korban,, sama persis kayak mbak,,,",0,,
UgxWP6GiV30kg7ESrol4AaABAg,0,0,"2024-09-12 10:21:57",@muhamadmukromin9719,"Kalo pake my BCA gimana bg? Soalnya saya baru daftar online 😢",0,,
UgwlViROBUml1y-D4vB4AaABAg,0,0,"2024-09-12 09:26:50",@SanurFirman,"Ada modus penipuan asuransi bca bro melalui telepon",0,,
Ugz_xtBdEXdKkhQHvS54AaABAg,0,0,"2024-09-10 17:33:48",@febriyandi,"Sama gua jga kaya gtu baru ketahuan awal bulan september😢",0,,
UgyfaMjc46QKAyrKB4F4AaABAg,1,0,"2024-09-02 14:11:52",@edyremy8321,"Total kerugian berapa???",0,,
UgyfaMjc46QKAyrKB4F4AaABAg.A7tEaVCXB9fAAo_dOhJkHD,,0,"2024-11-14 08:22:29",@muhamadmukromin9719,"Baca judulnya",1,UgyfaMjc46QKAyrKB4F4AaABAg,@edyremy8321
UgxYG0hgbW7GlpSiUyV4AaABAg,0,1,"2024-09-02 08:58:09",@AyuHandayani-dt3gi,"Dari bri .katanya bri g aman ..trs pindah ke bca...uang di tf ke bca smua..skrg bca g aman kita mau kmn kwkwk",0,,
UgxSwchf_om8bUIEqZJ4AaABAg,0,0,"2024-09-01 13:37:16",@arayselim9599,"Pemerintah z sampe kejebolan data warga indonesia,,,dan hanya bilang minta maaf😂😂yg saya salahkan pemerintah",0,,
UgzTtMGC3NmNkFGh71Z4AaABAg,0,1,"2024-08-31 01:44:22",@Mcristyan,"Hello om bert, tetangga saya kemaren malem dpt SMS dari wa katanya dapat SMS dari bank bjb tentang tarif rupiah yng lama sama yang baru nah si ibunya udah pencet link dan mengirim nomer otp wa nya, tapi katanya wa dari bank bjb itu sudah centang biru, terus pas dia kirim kode otp katanya suruh nunggu wa nya 1 jam ke depan atau 24 jam, kira"" itu solusinya gimana ya Mr bert, apakah bisa kembali lagi akun wa nya? Mohon bantuannya om bert di cek om bert penipunya tempat tinggalnya dimana",0,,
UgxJ9jZ5GsH2Np_T6Nx4AaABAg,0,1,"2024-08-30 02:59:57",@aceace8374,"aku cabut ahh uang ku dari BCA mending ke mandiri",0,,
Ugz8GpzpNwRaEaWjHHp4AaABAg,0,0,"2024-08-30 02:56:46",@aceace8374,"indonesia itu negara gagal",0,,
Ugx0ym1K9et7Widr5F54AaABAg,0,1,"2024-08-27 00:39:11",@DavidAvalon-y9d,"Hp nya baru atau second. ?? Apakah hp itu udah di cloning orang ya....",0,,
UgzIX12qII13I-h97TJ4AaABAg,0,0,"2024-08-27 00:24:22",@DavidAvalon-y9d,"Masalah ini kelanjutan nya bagaimana ya..?? Ada video lanjutan nya nggak?????",0,,
UgxgadCD9g6TU0Q-WWR4AaABAg,0,1,"2024-08-26 08:00:13",@rikaruswandy2659,"Saya baru saja tertipu dengan mengaku aplikasi paylaterbca dan semua uang sy di tarik melalui qris dan one klik,bagaimana caranya biar uang saya kembali",0,,
Ugx4mqI6cxZY9WuSVhl4AaABAg,0,0,"2024-08-24 15:17:55",@yonionzitsaac9579,"Gimana BCA itu????",0,,
UgzibpNb1LtJ0iRwh1B4AaABAg,0,1,"2024-08-22 11:54:36",@arjunagoceng,"kemungkinan besar si korban memberikan OTP. hal ini terjadi jg di tokped, kasih OTP yg ngaku tokped, dana tokped ludes sampe 26 jt, modus pembatalan pembelian chiller flower di toko bodong, dana kembali ke dana tokped. semua dana dibelikan nominal pulsa 900rb an berulang, dan terakhir nominal sisa sampai ludes. akun tokped sdh kena hack....beli apapun selalu dibatalkan oleh si penipu agar dana masuk ke dana tokped untuk dikuras lagi",0,,
Ugy9v3IPYZG7VEy5_Z14AaABAg,1,0,"2024-08-20 10:19:42",@marcusphsuwandi,"ios bisa kena juga ngak kak ?",0,,
Ugy9v3IPYZG7VEy5_Z14AaABAg.A7MLgfl6Hw0ABGRHhmTYpv,,0,"2024-11-25 13:18:43",@forthamCynge,"kaga , ios terlalu susah , soalnya bukan open source",1,Ugy9v3IPYZG7VEy5_Z14AaABAg,@marcusphsuwandi
UgwDNTstod8oKJPHlw14AaABAg,0,0,"2024-08-19 09:03:21",@K4ngqung,"Baru saya alami tadi siang jam 2 kurang saya lagi tidur pas jam 3 sore saya cek saldo di mybca tiba tiba saldo hilang 10ribu di tarik qris atas nama sutikno game quest tanpa sepengatahuan saya, saya telpon pihak bca untuk konfirmasi apakah pengeluaran ini karena sistem bca katanya bca tidak pernah menarik saldo sistem nasabah melalui qris di sarankan di blokir, akhirnya karna takut ludes banyak saya pindahin saldo semua ke bri, walaupun cuma 10 ribu saya masih bolak balik ngecek mybca sampe mikir mikir takut lupa ini transaksi apa yaa?? Tapi saya sadar kalau hp istirahat bareng saya karena tidur siang, ngeri banget hengker sekarang😂",0,,
UgwJRdvsve-VrKJ-3Xx4AaABAg,0,2,"2024-08-18 05:29:25",@Godprovides2220,"Teman di grup pernah ada yg crita, jika hp/laptop sdh tidak ingin digunakan ataupun rusak. Jangan di jual lebih baik dihancurkan. Krn bisa di recall semua data yg pernah ada, sekalipun sdh di hapus dan reset ulang.",0,,
UgwFE-aUZ3gZSA83TvZ4AaABAg,0,1,"2024-08-18 05:00:57",@Godprovides2220,"QRIS national (GPN) biasanya dikelola oleh PIHAK KETIGA ( Seperti ATM BERSAMA-GPN), krn pemerintah yang ""mengatur"" (dulu ada QRIS BCA, namun dihapuskan krn peraturan BI atau pemerintah) Jadi jalurnya.... NASABAH-BCA-GPN-TOKO.... JALURNYA SIAPA YG DI HACK/sistem looping/sengaja diloopingkan di salah satu pihak. semua bisa terjadi... (SISTEM dan TRAFFIC) 1. NASABAH dan semua perangkatnya dan ""jalur""nya (variabelnya tidak sedikit) 2. ""jalur"" nasabah KE BCA, sistem BCA (variabelnya tidak sedikit) 3. ""jalur"" dari BCA ke GPN, sistem GPN (variabelnya tidak sedikit) 4. ""jalur"" GPN ke toko (variabelnya tidak sedikit) 5. sistem TOKO (variabelnya tidak sedikit) Saya yakin sekali... jika permasalahannya di BCA, dalam waktu 1x24 jam pasti sudah diselesaikan. Karena Brand BCA terlalu mahal untuk dipertaruhkan (ada yg tahu nilai Brand BCA di pasar modal ?). Kalau yg lain saya tdk jamin siii Sesuai kode etik, BCA tidak akan menggembar-gemborkan sistem siapa yg bocor. Namun BCA yang kena getahnya, krn NASABAH BCA yang kena. Maaf saya bukan membela BCA dan bukan orang BCA atau dibayar oleh BCA, hanya mengungkapkan apa yg saya pikirkan saja. Bisa salah juga.",0,,
Ugx6TtXSzn6j8JySBOl4AaABAg,0,0,"2024-08-15 05:49:42",@Ottergame-jkt,"@mrbert saya baru saja mengalami penipuan dengan modus jual beli barang elektronik saya barang yg saya beli tidak sesuai harapan, yg di kirim adalah batu nah saya coba ke Kantor Polisi, pihak polisi info bahwa jika nominal kerugian di bawah 2,5 Jt maka kasus ini tidak bisa di usut di Polsek dan hal yang sama pun saya terima dari pihak bank, saya coba untuk minta data penipu tsb tidak di berikan Karena ada UUD yang mengatur tentang data pribadi nasabah. jd yang saya simpulkan, apakah setiap org bisa menjadi penipu dan tidak bisa di proses hukum, jika nominal kerugian yang di derita korban di bawah 2,5 Jt",0,,
Ugz6JHkdDHRYIqEfdkh4AaABAg,0,1,"2024-08-14 17:10:19",@Arumfitasari-e8c,"Permainan org dalam",0,,
UgwZ7BCx8drlpJo95cF4AaABAg,0,1,"2024-07-25 23:12:47",@fafafaduofu4066,"Ini kasus yang saya alami kemarin 😢 uangnya gak seberapa tapi buat beli susu anak gak ada uang lagi kok tega di ambil gitu aja 😢😢",0,,
UgzAumUwcYa-1BTuLPJ4AaABAg,0,0,"2024-07-25 13:40:43",@Rusdicyber88,"Bisa jadi inj carding",0,,
UgwOiyYpYXlaSswKS6N4AaABAg,0,0,"2024-07-23 14:58:57",@jumarjenal5438,"Pihak BCA pasti tau",0,,
UgyLqnnElhxon8-350d4AaABAg,0,0,"2024-07-23 12:08:03",@haqikbr,"Ini kelanjutannya gimana?",0,,
Ugyvzlmw9tUJPZStdeZ4AaABAg,0,1,"2024-07-20 09:26:51",@sainatsaraluz3006,"BCA gk aman. Saldo ku bbrp kali tekor. Ini ktnya yg melakukan Pegawai BCA sendiri, bgt pengakuan mantan pegawai bank yg blkngn menjadi tmn baik ku. Dia dkk. sngt familiar melakukan perbuatan spt itu. Penjahat ini emang ngutil nya gk gede.",0,,
UgydXA8Dt3-hxX2Z6XF4AaABAg,0,2,"2024-07-14 12:42:58",@YuwonoAwok,"Bca banyak yg jebak nasabah iming2 asuransi stelah 5 tahun bisa di cairin... Dodol cair separuh juga ga... Mo bukti sy punya..",0,,
UgzQBDl3WyIdN9jd8GV4AaABAg,0,1,"2024-07-14 12:09:25",@YuwonoAwok,"Percuma komplain pasti salah nasabah, mknya banyak penipuan. Di bilang kan nasabah yg transaksi, minta rek yg nerima juga ga akan dapat. Coba klo di kasih tuh data yg nerima duit, pasti habis di sikat. Sy jg pernah di bank lain minta alamat nasabah bank lain yg nerima uang di jawab itu rahasia bank. Aneh uang nasabah lari ke nasabah bank lain ga di beritahu alamat nya. Klo saat itu di beritahu pasti slesai nasabah yg nerima uang.",0,,
UgxiOYsxiqudxiFO9Kt4AaABAg,0,0,"2024-07-12 23:36:00",@jalancahaya1561,"pertanyaanya di merchant mana ngirimnya? kan bisa dilacak di merchant tersebut?",0,,
UgwcxyFKslWn7cHkMHR4AaABAg,0,1,"2024-07-10 10:52:21",@Alfian-s1y,"Saya teanfer via kliring bca mulai tgl 30 mei 2024, sampai kini uangnya tdk ada masuk, pihak bca menjawab tidak ada kepastian kapan mau di kembalikan uangnya, sdh 40 hari",0,,
UgzFw1cNCfIq1gwV5Nh4AaABAg,3,1,"2024-07-08 12:49:11",@parulianmarbun5933,"Bagaimana akhirnya? Saya kehilangan 35 juta juga dari rekening BCA atas nama saya, ketahuan pada tanggal 6 Juli 2024",0,,
UgzFw1cNCfIq1gwV5Nh4AaABAg.A5ctbqi1gRZAFQUiuo4BuR,,0,"2025-03-08 21:06:46",@ariestaavril6232,"9 maret 2025 , bagaimana perkembangan kasus nya bang? Apa sudah beres?",1,UgzFw1cNCfIq1gwV5Nh4AaABAg,@parulianmarbun5933
UgzFw1cNCfIq1gwV5Nh4AaABAg.A5ctbqi1gRZAFQVB8MH3ty,,0,"2025-03-08 21:10:45",@parulianmarbun5933,"@ariestaavril6232  Berhenti. Pihak BCA menyatakan kesalahan atau kelalaian dari (pihak) ku. Berhenti begitu saja.",1,UgzFw1cNCfIq1gwV5Nh4AaABAg,@parulianmarbun5933
UgzFw1cNCfIq1gwV5Nh4AaABAg.A5ctbqi1gRZAFQVYgUCskM,,0,"2025-03-08 21:13:58",@ariestaavril6232,"@parulianmarbun5933 waduh parah juga y bang jadi kuatir juga saya, apalagi 35jt bukan uang yang sedikit bang : (",1,UgzFw1cNCfIq1gwV5Nh4AaABAg,@parulianmarbun5933
UgyTfzx1lJRsRCiiYSh4AaABAg,0,0,"2024-07-08 02:55:29",@donizailani5033,"Itu heker yang mempunyai data pribadi seperti ktp atau kk yg bisa tau nmr hp si korban dengan begitu dia bsa mengambil uang degan cara bikin ngeblenk tuh aplikasi nya...itu cuma tebakan saya mohon maaf kalo salah",0,,
UgyQ9rfd1tI_8rt5rEd4AaABAg,0,0,"2024-07-06 18:32:20",@cleopatramavic6053,"Oh jadi ini penyebab aplikasi bca harus pake lokasi?? Besok apalagi? Kredit sosial? Taiklah. Bikin terus kasusnya biar jadi Tuhan skalian",0,,
UgwYJQyGqd-eeQx9ywN4AaABAg,1,2,"2024-07-05 16:09:12",@Amandafamilly16,"Pengalaman saya, buka rekening Tahapan BCA 2023 lalu, saya nabung 1 juta, lalu 2 minggu kemudian saldo saya hilang, dan saya urys ke CS BCA dan katanya rekening saya terkena skimming, dan saya disuruh menunggu 3 sampai 14 hari, sampai beberapa bulam saldo belum kembali, dan saya sampai bolak balik ke CS BCA dan alasannya disuruh sabar.. Dan sampai juli 2024 skrng saldo BCA saya belum kembali alhasil saya ikhlaskan saldo diBCAku itu 😢, padahal sebelumnya saya dari 2016 pakai BRI dan semenjak saya pakai BRI, saya aman aja.. Bahkan ortu saya menyarankan pakai BRI .. Dan akhirnya saya pakai BRI sampai sekarang",0,,
UgwYJQyGqd-eeQx9ywN4AaABAg.A5WX7HdAhDnADhyo8x6r4S,,0,"2025-01-25 08:21:54",@HarwantiNingsih-o6z,"Sy skrg jg mengalami uang sy di tabungan 1 jt hilang. Dikrnkan apa ya",1,UgwYJQyGqd-eeQx9ywN4AaABAg,@Amandafamilly16
UgzLQMn3zx6pWYwIWhx4AaABAg,0,1,"2024-07-04 03:55:05",@BACKLOGCTRL,"dulu jaman android jely bean. bisa semua isi dan aplikasi hp di cloning lwt CWM. dan di copy di hp lain. termasuk wa semua tercloning. tanpa org yg hp nya di cloning sadar. apa itu mungkin di lakukan sekarang, karena jaman sekarang security android sdh lbh aman.",0,,
UgyI9BeRwe3crXSgEbR4AaABAg,0,0,"2024-07-01 03:32:53",@samcan_goreng,"maaf tanya, kasus ini ada updatenya gak?",0,,
UgxCTXtR9LwcNBt9pPN4AaABAg,0,0,"2024-06-27 20:37:02",@ahlabelajar,"Mbanking Mandiri dan DKI sy juga begitu bu, saldo sy berkurang habis2an dr Qris..sudah sy laporkan ganti no hp ganti email pin tapi tetap begitu juga ada uang masuk, saldo sy tetap ada yg transaksi dr QR😢",0,,
UgxRdlKePQUPq_DkUZN4AaABAg,0,0,"2024-06-22 03:41:42",@StereotypedMe_,"QRIS harusnya udah ga bisa transaksi tanpa biometric atau kode via sms supaya ga terjadi gini²",0,,
UgzWLY5-JfOCMznDiTx4AaABAg,0,0,"2024-06-21 16:30:20",@tanghenny1417,"trus bank itu tempat yg terpercaya bisa begitu ,, bgm tindakan kita ini ya bingung juga harus bgm ,,, kan gak mungkin kembali ke jaman batu simpan uang di bawah bantal",0,,
Ugyf5HnsTzirTBmCcIB4AaABAg,0,0,"2024-06-20 23:02:07",@junaserbaserbi,"trus gmn kelanjutannya kasus ini sekarang?",0,,
Ugw6HVMH2FssdEousCZ4AaABAg,0,0,"2024-06-20 12:03:49",@LatifMuhammad-iz9cn,"Ini yg saya alami saat ini,tiba2 Ada transaksi Q ris anjirrr....🤔",0,,
Ugyz7NRGD_AQpEV52754AaABAg,0,0,"2024-06-15 14:31:33",@jimysaputra,"Apa yang dialami kakak tersebut terjadi pada saya, emang tiba tiba ada transaksi qt bertubi tubi",0,,
UgzcBjbjEmmcgf1ssPJ4AaABAg,0,0,"2024-06-07 04:35:20",@suryonohw460,"Hp sy 1 dan isi 2 nomor, pindah nomor lain yg 1hp ini utk transaksi m-banking langsung terblokir di BCA Krn yg di daftarkan 1nomor saran saya daftarkan nomor hp utk SMS banking, jika ada transaksi uang keluar langsung dpt pemberitahuan SMS dr bank",0,,
Ugw33rbpIbS3UoQMJ494AaABAg,0,1,"2024-06-05 16:07:01",@pshtrantingsemendawaisukui1186,"Mr beart spil botol minumnya dong...",0,,
UgyHyJtStbp47fSvleh4AaABAg,0,0,"2024-06-05 05:03:01",@salsabilarenita7312,"Saya barusan siangnjam 9/10k atm bca untuk ganti kartu yg sudah kadaluarsa saya pake atm tabunganku tapi pegawai banyak tanya soal ibu kandung pekerjaan saya irt dan d tanyalah pekerjaan suami saya...dan dsitu saya dsuruh pencet pin smpe 8-10kali dan sruh tanda tangan berkali kali apakah itu aman? Talut dsalah gunakan oleh oknum dalam bca jg sangking parno nya banyak kasus bca yg katane tnpa m banking pun mlh ttp mudah d bobol.mhon saran",0,,
UgyirDQ9MY68jzHEqoN4AaABAg,0,0,"2024-05-30 18:10:20",@andiputra7617,"Di pake buat Depo itu mah..😅😅 Ntah siapa yang pake..?? Bisa suami,bisa pribadi,bisa adik,DLL",0,,
UgwsEffN0FV6VBJjsaJ4AaABAg,0,0,"2024-05-30 18:10:13",@andiputra7617,"Di pake buat Depo itu mah..😅😅 Ntah siapa yang pake..?? Bisa suami,bisa pribadi,bisa adik,DLL",0,,
Ugxuk07M3Qys2fgrlTF4AaABAg,0,0,"2024-05-28 19:20:03",@muhammadmaskur5283,"Apakah ada kelanjutan nya",0,,
UgztvUbEnG7qweu9_AJ4AaABAg,0,0,"2024-05-25 01:11:43",@fatihchanel4272,"Bukanya Qris prodak beda ya?",0,,
UgxHByzHiU25GUPyybl4AaABAg,0,0,"2024-05-22 10:09:13",@siskaamelia6953,"Aq ngalamin... ada transaksi QR yg aq ga ngerasa scan itu dan itu terjadi berkali2 dgn nominal 50rb - 100rb lebih... sengaja search ternyata aq ga sendiri 😭😭😭",0,,
UgwXm88Wpb2mV95JnK54AaABAg,0,0,"2024-05-20 15:59:07",@angelsfamily5439,"Nungguin kelanjutannya 😢",0,,
UgxVzZUZTLnlZ7NyA9N4AaABAg,0,0,"2024-05-19 01:11:52",@matamalam9929,"Pasti ada mafia bca .broooo",0,,
UgyFts9736kY4n8wT7Z4AaABAg,0,1,"2024-05-18 13:25:38",@ardial-maqassary4673,"Ini kelanjutan kasusnya gimana ya? Apakah uang nya telah kembali?",0,,
UgywVFgY_kQDP1EL1u14AaABAg,0,0,"2024-05-18 11:43:51",@muh4mm4dhu541n,"Klo saya lebih curiga sama inix sih",0,,
UgwqfcalVPVOIR2z9Ud4AaABAg,0,0,"2024-05-17 03:30:49",@winarni1887,"Duh hati hati sekarang, th lalu saya juga mengalami ovo saya BCA juga hilang , pd hal kami di Malaysia , teryata ovo saya lagi di perjalan ke lippo Jakarta .akhirnya hilang ,padahal habis isi 1juta ,sisa nya sedikit saya blok ambil ,gitu",0,,
UgxO1s0ibXjry1ROGIt4AaABAg,0,0,"2024-05-17 02:50:06",@Reno11Ciamis,"Harus nya di cek ke merchant dmn transaksi tsb pasti ada riwayat pembayaran dan uang masuk",0,,
UgwrBFLMv9J8-CeSA8N4AaABAg,0,0,"2024-05-16 20:31:39",@ikhwanwahyudi815,"skrng marak sprti ini,,kmren di BRI kan,,ratusan juta lenyap,,kok staf nya enak bilng ada kesalahan dan nnti akan di ganti,,",0,,
Ugzkbc9a8Aiw2jDCdJF4AaABAg,0,0,"2024-05-15 06:14:52",@ManikNik-q3l,"Kita siap brangkas Aja skg gk berani transaksi dan taruh uang di Bank",0,,
Ugym3ocrT70R6UEyzLV4AaABAg,0,0,"2024-05-14 19:12:51",@stcn7,"padahal mbank bca gabisa login di 2 device berbeda ya?",0,,
UgwbhQayb6nvQbRnooJ4AaABAg,0,0,"2024-05-14 06:41:16",@animationbible_yt,"Sudah pake Sea Bank atau DBS karena semua yang dari Singapore itu tidak pernah ada yang bermasalaj sudah terpercaya kredibilitas dan kualitasnya",0,,
UgxSTcxeiLnxpFGF5V14AaABAg,0,0,"2024-05-14 01:36:52",@FansPage1-i6m,"kok aku nveliat vidio ini merasa gimana gitu?",0,,
Ugz07AG0FVfoWs5uiBJ4AaABAg,0,0,"2024-05-13 11:40:45",@himmel2436,"pihak ke 3 yg dimaksud di sini siapa? apakah lawyer? apakah polisi? atau siapa? kalau polisi forget it lah, kecuali si mbaknya bau bagi uangnya sebagian ke polisinya jika berhasil menarik kembali uang yg 68 jt tsb. berarti kan lawyer kalau lawyer berarti biaya besar lagi kr lawyer sangat mahal. saya tidak tahu apakah peaturan di perbankan itu melibatkan OJK atau tidak",0,,
UgycLWZTpnM6vF31ilh4AaABAg,0,1,"2024-05-13 00:57:43",@sigitbudhiprasetya5475,"Pernah nggak SEBELUMNYA/Jauh sebelum naik gunung: 1. HP nya dipinjamkan ke orang lain? Umumnya dipinjamkan ke anak2 mereka pas lagi rewel dan mereka asal pencet dan asal download, dari situlah ada malware masuk. 2. Ibu ini pernah nggak klik tautan yg biasanya disebar ke WA atau sms. Yg sering adalah: ""Undangan pernikahan"" ""Status Penerimaan Paket"" dan yg rentan asal pencet adalah emak2 62. Gampangnya check HP Ibu ini di history aplikasi yg pernah diinstall walaupun sudah dihapus.",0,,
UgyA_gzMKZC3o63KlOp4AaABAg,0,0,"2024-05-12 13:08:04",@SunartoSunarto-y3j,"Ending nya gmn ini,mslh selesai ga?",0,,
UgzLE_5tvlxXu36NKeN4AaABAg,0,0,"2024-05-12 10:34:24",@shaniashania1588,"Apa mungkin HP nya si ibu ada yg menggandakan(simcard nya digandakan penipu secara diam2)? Sy pernah kebobolan credit card&tahu nya ssdh datang tagihan kira2 sebln kmd.. Dipakai penipu u beli tiket&hotel di Barcelona.Dan se waktu kejadian sy sdg di LN shg sy tak terima sms pemberitahuan transaksi. Ssdh lapor,jawabnya akan diinvestigasi dulu~2 mgg&hasil nya kmd sy tak perlu bayar tag tsb(~5jt). Saat investigasi,sy jg di tanya siapa yg kira2 melakukan,sy mencurigai saat sy order hotel di LN tsb,mk kartu kredit sy disalahgunakan.",0,,
UgzLDaAow7nP5EheHAd4AaABAg,0,0,"2024-05-11 16:24:06",@agungds8480,"Semoga dapat menjadi pembelajaran semua pihak.",0,,
Ugx9FMVAzDB7fDVC7dh4AaABAg,0,0,"2024-05-10 20:46:26",@purplepandacolormagic,"kesimpulan nya --jangan pake MBca",0,,
UgzsZi1iYW70knT7pel4AaABAg,0,0,"2024-05-10 18:26:01",@SriHidayati-m8k,😂😂😂😂,0,,
Ugx_5Y4AoMlEp4G4oDp4AaABAg,0,1,"2024-05-09 06:15:45",@irwancheung,"Udah 5 bulan berlalu, gimana update kasus ini?",0,,
UgwABX5DnOiUhQ6BCXN4AaABAg,0,0,"2024-05-08 09:49:55",@suarakekekalan,"IT nya BCA mestinya bisa menelisik transaksi si mbak lewat digital forensik ! Masa' sih IT nya ga bisa ??!",0,,
UgxbPoKCKAM1VnrZCud4AaABAg,0,0,"2024-05-08 04:44:39",@idanhidayatt6799,"Saya hari ini Mengalami Hal yang sama.. Uang Hilang 2juta Padahal Tidak Kemana-mana",0,,
UgzdJiN5Hqu5qAd-ZFt4AaABAg,0,0,"2024-05-05 03:26:38",@lumerasahebat,"3 tahun lalu saya ngalami kejadian uang rek di bank tsbt setiap bulan selalu keluar rata rata 1-2 jt dan transaksi olshop.saya curiga padahal dibulan tsbt saya tdk belanja online.akhirnya saya ganti rubah akun, email,password lazada,lalu password pin mbangking.nah kejadian akhur bukan april saya belanja senilai 1.4 jt tapi tiba tiba dibatalkan tanpa notifikasi dan saya ceck anehnya pengembalian saldo kebank lain,saya curiga ini oknum dalam lazada entah itu seller data saya dicuri dan masuk mbanking lewat WA.Rupanya sipenjahat mau ambil,mindah uang direk lebih besar tidak bisa,karena saya batasi limit 2 jt saya curiga ingat kjadian yg lalu,saya telp hallo b.. Dan dicek trnsksi terakhir lalu di blokir rek,mbanking,dan kartu atm. Kejahatan diinternet ygmnurut kita gak logis tp nyatanya terjadi,no pin,password,email yg hanya kita saja yg tau krn kita yg pakai ponsel tetapi org lain bisa tau dan kendalikan.Istri saya jg alami duit 90 jt di rek BR.. Pernah lenyap....dan tdk ada penyelesaian,kesimpulan keteledoran nasabah.",0,,
Ugy5CuADamnnmJH-fHd4AaABAg,0,0,"2024-05-02 03:37:37",@HelmiPangestu-p9u,"Mendingan ditaro di bawah kasur aman .",0,,
UgyrsNi7MFWmHMEMQ0Z4AaABAg,0,0,"2024-05-02 02:04:57",@jokosunaryo9139,"Apa Ya mgkn kok hrs ada cctv klu transaksi,pegawaine bca aja klu yg ngalami kejadian sndri apa di bs nglakukin dpn cctv?gak masuk akal itu pegawaine bca...",0,,
UgzlqBwqQE4oPX4XgdF4AaABAg,0,0,"2024-04-25 02:54:55",@XR-One,"Kasus ini ujungnya gimana yah ???",0,,
Ugwa5jwuXS5Y4HmjsI94AaABAg,0,0,"2024-04-24 16:05:30",@dwirudyanto1576,"Qris tidak aman karena kita tidak tau siapa yg kita kirim mending di hapus dari fitur m banking",0,,
Ugxz7BAb7u48_TlHqVR4AaABAg,0,0,"2024-04-22 08:17:09",@aabkhazelo9809,"Takut dari ke luarga terdekad",0,,
UgyAyXihYD_VCe8wVKh4AaABAg,0,0,"2024-04-22 08:16:50",@aabkhazelo9809,"Kan sekarang ada may bca mun kin pakek tranfer dari may bca kak Maaf saya jugak tidak mengetahui",0,,
UgwsLxzC1NWl-Afn-cR4AaABAg,0,0,"2024-04-20 14:36:42",@denbagusedenbagus-nk3pt,"Bang bang kamu tuh gk ngasih solusi ke ibunya tapi sok gaya pakai bahasa ITE ahh gak solutif ini konten ihh..",0,,
UgxAa4gZsB1EUeP8v854AaABAg,1,2,"2024-04-19 20:04:31",@FADHIL-ke3zx,"Ibu saya juga memang ga banyak tapi bagi orang seperti kami lumayan ..siangnya masih ada 1jt500 ..di cek sekitar jam 3 pagi tinggal 5ribu. Rupiah ..tapi tidak ada riwayat transaksi sama sekali ..ADA YG BISA JELASKAN GA TMN TMN ..APAKAH ITU HACK",0,,
UgxAa4gZsB1EUeP8v854AaABAg.A2QfqOGpZiTAAPDm9_JT2I,,0,"2024-11-04 02:42:27",@artchitex,"""Gak Ada Riwayat Transaksi?"" Klo gak ada riwayat lebih mudah dong utk minta pertanggungjawaban bank. Secara sistem ini gak mungkin terjadi. Mungkin anda yg tidak paham bagaimana melacak mutasi. Bisa jadi rancu dengan notifikasi yg bisa di customize (sesuai kemauan pelanggan).",1,UgxAa4gZsB1EUeP8v854AaABAg,@FADHIL-ke3zx
UgywfSyJPHPeS1AueNB4AaABAg,0,1,"2024-04-19 05:53:09",@adeayu6714,"Baru hari ini saya mengalami hal yang sama seperti mba Evita. Saya buka aplikasi MyBca dan saya kaget kenapa saldo saya berkurang. Setelah saya buka mutasi ternyata ada transaksi melalui Qris yang saya merasa tidak pernah melakukan transaksi tsb. Saya sudah tlp halloBca, dan lapor pihak kepolisian. Semoga uang saya bisa kembali... Memang tidak sebesar uang mba Evita, tapi kehilangan uang sebanyak 6jt 100 itu sangat berarti buat saya dan rasanya kecewa juga yaa, ko bisa BCA yg selama ini saya kira paling aman, malah jadi was-was dan takut mau mempercayainya lagi",0,,
UgzRtw_Z50nhJUqqbpd4AaABAg,0,0,"2024-04-18 23:59:31",@dr.zul888,"gw setor di 2 mesin yang berbeda uang saya tertelan 500ribu, tapi kata pihak bank transaksi normal tidak ada masalah,berti uang saya dianggap hilang,mulai saat ini gw takut banget nyimpen uang dibank",0,,
UgwQdUEPYHabmiyewYZ4AaABAg,0,0,"2024-04-18 12:45:36",@sopiyanaarya1759,"Itu jga jleknya bca mobile aplikasinya ngak ada pemberitahuan atau notifnya kalau ada transaksi atau ada transferan masuk di saldo.",0,,
UgznqZ_w9JJtXxJlooB4AaABAg,0,0,"2024-04-17 02:00:42",@XR-One,"ngeri amat….",0,,
UgxX6Hi8xl3yxe-0Mm94AaABAg,0,0,"2024-04-09 00:29:17",@BeyondtheTimeline-h9v,"Ketika Bank Salah transfer (Pernah terjadi) karena Kesalahan Teller, Bank bisa dengan cepat sekali menemukan alamat nasabah yang salah terima dan meminta mereka mengembalikan uangnya. Ketika nasabah yang terkena tipu, Bank seperti lepas tangan, padahal dengan mudah dia bisa menemukannya. QRIS adalah product terdaftar dimana Merchant / mitra yang mendaftarkan QRIS selalu di survey oleh pihak Bank. Kenapa Bank susah banget bengerak, ketika customernya yang dirugikan. OJK dan BI harus lebih proaktif. UU ITE yang harusnya untuk kasus seperti ini, malah tidak pernah diaplikasikan",0,,
UgxboLf33dgdGygSwZ54AaABAg,1,0,"2024-04-08 11:32:33",@David-yo1hq,"Ko Bert, kan skrg MBCA bisa generate QRIS temporary utk menerima payment. tdk harus daftar jadi akun bisnis si. ini yg terjadi pd ibu ini. mgkin ibu ini pernah screen shoot Qris itu dan share ke orang lain. tp itu pun juga janggal krn itu Qris temporary utk 1x transaksi saja. entah lah ya. kalo memang ini bener2 terjadi.. berarti ada bugs di sistem Qris BCA itu",0,,
UgxboLf33dgdGygSwZ54AaABAg.A1yRVyRmCl6A1z7GhcKvKK,,0,"2024-04-08 17:54:56",@mrbert,"Video ini Tanggal berapa. Fitur QRIS itu muncul Tanggal brp?",1,UgxboLf33dgdGygSwZ54AaABAg,@David-yo1hq
UgwfWsk6rzjTijlOz214AaABAg,0,0,"2024-04-03 02:24:58",@fattahndevi,"mba bisa buka BCA mobilenya gak? coba jujur pernah ngasih data kartu ke orang bank akhir akhir ini gak?",0,,
UgyBQFW-jcX1Pfk-bVZ4AaABAg,0,0,"2024-04-02 16:38:19",@nestnestvario3082,"Jadi duit nya berpindah ke alam gaib ya bang bukan ke rekening siapapun 😮",0,,
UgzHZFRF6QXLrvhJMAt4AaABAg,0,0,"2024-03-31 07:58:42",@ThinkPadu,"Hai mert bert..ngaku modified aplikasi tapi guna apps org lain hahaha .masih berlagu..kasian dong ah...drama drama drama😅😅😅",0,,
UgwEXfABozITXK6mYXp4AaABAg,0,0,"2024-03-29 22:57:03",@nimexcom972,"Kak mau bertanya itu kalo di rekening bca namanya tidak sesuai ktp , salah ketik itu aman gk atau jadi masalah",0,,
UgwEH9u3goszx3-PGNB4AaABAg,0,0,"2024-03-25 14:55:59",@DewiSakinah-zv5lc,"Saya juga asli orang Jawa Tengah Wonosobo kak",0,,
UgxsTdOlw1uTxuEcFLh4AaABAg,0,0,"2024-03-25 14:53:19",@DewiSakinah-zv5lc,"Kak tolong bantu saya kak😭🙏🙏",0,,
UgyvEBPMjv56i_NYoth4AaABAg,2,0,"2024-03-22 23:40:44",@theoldmosquito9494,"SAMPAI BERUMUR 51 TAHUN SKRG INI, SAYA TIDAK PERNAH MAU BUKA REKENING DI BCA KRN ADA ALASAN YG TDK BISA SY SEBUTKAN DISINI DAN SETELAH NONTON VIDEO KASUS MBAK DI VIDEO INI, MAKIN MANTAP BAGI SY UTK TIDAK PUNYA REKENING BCA. SAAT INI SY HANYA PUNYA 2 REKENING BANK YG SY PERCAYA (AGAR NETRAL MAKA TIDAK SY SEBUTKAN BANK APA), YG JELAS BUKAN BCA....",0,,
UgyvEBPMjv56i_NYoth4AaABAg.A1IyKZFAzycA2A_sHv4nn-,,0,"2024-04-13 14:04:30",@aira4739,"Pertanyaan saya, apa yang membuat Anda percaya dengan ke 2 bank tersebut ?",1,UgyvEBPMjv56i_NYoth4AaABAg,@theoldmosquito9494
UgyvEBPMjv56i_NYoth4AaABAg.A1IyKZFAzycA6em5UAkhXd,,0,"2024-08-03 02:53:20",@MarsalMohammad,"@aira4739 kemungkinan karena anggota keluarga nya salah satu nasabah bank tersebut. Jadinya lebih mempercayai bank tersebut",1,UgyvEBPMjv56i_NYoth4AaABAg,@theoldmosquito9494
Ugws5YWq-1XWK-daTHF4AaABAg,0,0,"2024-03-13 04:30:50",@risfayanti,"Penerima siapa ? Pasti ketahuan",0,,
Ugyuh0ffQYQe-dACJul4AaABAg,0,0,"2024-03-06 12:44:34",@desantoselfiatos6953,"Pas si ibu bilang klo suaminya mau transfer aja mesti ijin sama saya(istrinya)..saya jadi curiga suaminya anggota ISTI(ikatan suami takut istri)..😁😁😁becanda ya mbak..btw,tetep semangat mbak evita..kalau emang dirimu merasa tidak bersalah,perjuangkan hakmu..😊..smangat2..😊😊",0,,
Ugz_PtRgCwzvnLBixmh4AaABAg,0,0,"2024-03-03 19:18:30",@aamet3497,"Kak kalau karty bca hilang",0,,
UgwQmnB0dBIGN3t3Qm94AaABAg,0,0,"2024-03-03 18:22:21",@kholidzulfa8569,"Orang bandungan. Muncak ungaran. Kok pulang mengemudi di tol?",0,,
UgxtyhRhkR_38IXMIE94AaABAg,0,0,"2024-03-01 06:04:54",@adisucipto5386,"Saya juga masi mengalami hal aneh dengan Traveloka. Sampai sekarang masi belum beres. Gopay dan Traveloka ku dijebol semua. Sampe sekrg mau isi Gopay lagi aja uda mikir2 duluan",0,,
UgyjTZXKCoHcvn13rFF4AaABAg,0,0,"2024-02-29 07:09:57",@prabuklakustik8970,"Jgn jgan IT bca nya ad yg nackal bsa hack hp nasabah😂",0,,
UgzbzTetsP5qvemW1Dl4AaABAg,0,0,"2024-02-28 17:01:44",@genralstovha7114,"Uang ilang 68jt ga keliatan wajah nya sedih. Janggal expresi nya",0,,
Ugw8prB4hDtKmWIJARR4AaABAg,1,0,"2024-02-27 04:14:39",@noviwulan5749,"Mr Bert saya juga kena di bank bumn, total transaksi 121 juta hikkzzzzz",0,,
Ugw8prB4hDtKmWIJARR4AaABAg.A0J4nrH9BtkA0J8k7yEpFo,,0,"2024-02-27 04:49:06",@mrbert,"Bank apa? Coba share di ig gw. @realmrbert",1,Ugw8prB4hDtKmWIJARR4AaABAg,@noviwulan5749
UgzrdzEGRoPefv1fmfF4AaABAg,0,0,"2024-02-25 04:58:33",@Bysonx96,"Udah check toko nya blm?",0,,
Ugw4MpqIbDfCdSjZHi54AaABAg,0,0,"2024-02-23 22:05:39",@esportsid1687,"konyol sih",0,,
Ugwa9eVPOwGUKKUDTqh4AaABAg,2,0,"2024-02-21 11:31:39",@arjerdefa4969,"Bagaimana kelanjutan hasil kawalannya? Sdh 3 bln nih ... pengin tau kelanjutannya @mrbert",0,,
Ugwa9eVPOwGUKKUDTqh4AaABAg.A04Q2El9WlIA04cO7vkyjJ,,0,"2024-02-21 13:28:14",@mrbert,"Segera. Udah dapat izin buat video selanjutnya",1,Ugwa9eVPOwGUKKUDTqh4AaABAg,@arjerdefa4969
Ugwa9eVPOwGUKKUDTqh4AaABAg.A04Q2El9WlIA1cEckrizm-,,0,"2024-03-30 20:36:43",@farhanzabidi,"​@mrbertmana ko",1,Ugwa9eVPOwGUKKUDTqh4AaABAg,@arjerdefa4969
UgyaQWvYo528Ieh4Be54AaABAg,0,0,"2024-02-16 09:39:10",@pppppp7191,"Bu Evita saya senasib sama persis sama Bu kejadiannya...saya Candra dari karawang",0,,
UgxaDqdp9yGX51V5CzJ4AaABAg,0,0,"2024-02-12 19:01:00",@TutiMuryati-u2l,"kemungkinan kalo kejadiannya kaya gini itu solusinya ganti rekening. karena ini kartu maupun apk nya sudah ke retas. ini pernah kejadian di temen saya. tapi kalo temen saya itu tf nya ke apk dana.",0,,
Ugy-MU7YjLZZpG1bxXx4AaABAg,0,0,"2024-02-12 15:36:35",@pppppp7191,"Saya korban juga Bu Evita...uang bisa transfer sendiri...hp dipegang oleh saya istri tidak tahu no pin dan kode akses anak saya tahu no pin tapi tidak tahu no aksesnya..saldo saya raib Bu Evita...aneh dan bingung saya juga...sy sudah hubungi BCA dan laporan polisi ...semoga uang saya bisa kembali ...",0,,
UgyLxs4KrxzaJi_LEu14AaABAg,0,0,"2024-02-07 04:48:20",@SajiSri_Family,"Nabung di bank takut ilang, kalau disimpen drumah takut diambilin tuyul kaya punya tetangga, jadi yg aman nabung dimna ?",0,,
Ugwbk5NRg9xxA1Sh1at4AaABAg,0,0,"2024-02-02 11:57:16",@Pemersatubangsa18plus,"Kan pemilik qris nya bisa dilacak itu alamat tokonya dimana",0,,
Ugzdp8vaUNc5BWA7lH94AaABAg,0,0,"2024-02-02 01:23:05",@victo178,"Ini koq ga ada kelanjutannya.. jadi mikir kyknya bener kebobolan kalo dibiarin ngambang gini.. 😮😮",0,,
UgyVEratMgt_E-dTUcp4AaABAg,0,0,"2024-02-01 01:24:22",@intansopiah7278,"Kalo waktu saya kerja di indosat , sama cara ngilangin saldo pelangan itu tinggal di sadap melalui apk pararel dan notipikasinya juga bis aman otomatis saldo orang bisa abisss. Jangan heran ba, memang BNG BCA, paling aman tapi pekerja2 nya yg kaga aman , hahahha , sewa pengacara bagian aiti , babad tuh pegawe2 anjing",0,,
UgwySUmCQzqw0MdWquF4AaABAg,0,0,"2024-01-30 23:49:05",@lillyrondonuwu7651,"apakah kasus ini sdh selesai skrng? apa dana 68.5 juta dikembalikan?",0,,
Ugz6cfPJb2qwvy6taB94AaABAg,0,0,"2024-01-27 09:54:20",@SkuyLivvzy,"kasus begini sering terjadi saat orang saat liburan (berdesak desakan saat mengantri) bisa jadi ini pelaku file jammer NFC(sub Ghz) biasanya disimpan didalam tas saat berdekatan otomatis tersambung dengan korban,samsung biasanya susah ada fitur NFC.",0,,
Ugxt04bVBqAMi8OWj3d4AaABAg,0,1,"2024-01-26 01:45:02",@NurHayati-ym9nj,"Tetap smngt kk Evita smg sgr mndptkn penyelesaian...",0,,
Ugz7nQl-u5FkJy0ieUl4AaABAg,0,0,"2024-01-24 18:42:46",@ratuwangi8701,"Hoax BCa gk aman",0,,
UgwWMvA9w0-AakBEtK14AaABAg,0,0,"2024-01-23 09:23:50",@istorie.memories,"Minta CCTV sbg bukti apakah hape nya dipegang apa tidak, itu solusi yg gak masuk akal juga. Sebab klo mbak elvita ""mau nakal"", bisa loh beli hape lagi yg sama, dg display yg sama juga. Gimana hayo? Jelas solusi gak makesense dr BCA. Sdgkn banyak solusi yg udh diberikan sm koh Mr Bert yg tentu bisa dilakukan oleh bank BCA, tapi mslh nya BCA mau gak?",0,,
UgweQPKnkqvqS61dned4AaABAg,0,0,"2024-01-22 16:51:33",@marsantomarsanto463,"Betul itu buk saya juga mengalami hal yang sama bank bca juga bahaya di saat itu hp dan kartu atm saya saya pegang sendir., tiba2 ada transaksi pengambilan uang . Padahal waktu itu saya betada di rumah",0,,
Ugz4KuiV5pN-CJmhwTt4AaABAg,0,0,"2024-01-22 13:53:52",@charleswidodo4531,"Ini sama kaya kasus Bank BRI Indah Harini yang sampe detik ini tidak ada kelanjutannya lenyap di telan bumi indikasi pencucian uang",0,,
UgxbNzwXi3giziy4gkZ4AaABAg,0,0,"2024-01-22 10:07:58",@dianjepara214,"Sodara saya kemaren juga barusan kehilgan uangnya senilai 10jta.",0,,
UgyCCSl__ziTfOgKoSh4AaABAg,1,0,"2024-01-20 17:32:05",@rahdennymalik_,"Agak unik sih ini kasus. Gue pengguna bca, pengguna hp samsung jg. Klo tiap transaksi make qris biasanya ada email sih. Tp mbaknya katanya ga ada ya email notif? Keren juga sih hackernya",0,,
UgyCCSl__ziTfOgKoSh4AaABAg.9zner9yn9X4A-iwn-pDtHc,,1,"2024-02-12 18:04:00",@targetjauh,"Harus di cek simcardnya baru atau nomor recycle, mbca bisa 2 simcard. Kemungkinan email yg d daftarkan beda device.",1,UgyCCSl__ziTfOgKoSh4AaABAg,@rahdennymalik_
UgyRngvUL2kyxa18GkR4AaABAg,0,0,"2024-01-20 12:48:39",@topiknugroho,"Namanya QR195",0,,
UgyTJmDXHBnZlvkPo_h4AaABAg,0,0,"2024-01-19 09:39:15",@REZAVIP-g6l,"Pinjamkan ke saya saja 68 jt saya kasih cicilan 14x tiap bln setor 816 rb 14x",0,,
UgxlVuBfyKABW9p1-Dd4AaABAg,0,0,"2024-01-16 12:13:25",@Ran-fy6hd,"Deddy corbuzier pernah undang narsum yg menjelaskan ngga ada bank yg aman di Indonesia, jadi ngga heran. kasus 350 jt tukang becak mencairkan langsung ke teller BCA juga bukti cerobohnya salah satu bank unggulan Indonesia itu. jadi sebaiknya jangan menaruh uang di satu keranjang dalam jumlah besar artinya besar sesuai jumlah aset yg kita punya, harus dipecah, ngga ada guarantee aman dimanapun juga. 🎉",0,,
UgxQLIWknpDd2OnPJH54AaABAg,0,0,"2024-01-16 06:50:34",@dewoschanel6871,"hp mbaknya di pakai sama selingkuhannya 😂😂😂",0,,
UgzIpmOOhSwfkUcx7_p4AaABAg,0,0,"2024-01-16 06:50:10",@dewoschanel6871,"itu yg di hack mbanking nya. kalau transaksi qiris ya artinya transaksi langsung dari mbanking. kalau internet banking atau clik BCA pastinya transaksi transfer atau blanja pakai virtual.",0,,
UgyFxJKy5J6HUrMQFIZ4AaABAg,0,1,"2024-01-15 16:14:12",@ghianfirghiawan7540,"Saya pengguna BCA dan aplikasi BCA MOBILE Saya baru ngalamin hari ini,kemarin tgl 14 januari 2024 saldo saya masih aman,di cek hari ini tgl 15 januari 2024 saldo saya sudah hilang 320rb rupiah. Saya telpon melalui hallo BCA suruh ke kantor yg dulu saya bikin,sementara kantor nya di jakarta,saya tinggal di bogor,dulu waktu pertama bikin emang di jakarta. Dan pihak BCA menelpon saya dikasih pertanyaan mau di blokir dulu apa engga,terus saya jawab,jangan dulu di blokir,saya mau ngambil sisa saldo saya sebesar 3,5jt lebih. Saya baru ngalamin hari ini,saldo saya hilang tanpa ada transaksi,tanpa ada mutasi. Semoga saldo saya bisa kembali lagi,karna bagi saya uang 300rb an itu sangat berarti buat biaya hidup sehari hari.",0,,
Ugz1JFWVC8Zq7gWkDAp4AaABAg,6,0,"2024-01-15 08:36:26",@bangirsoto6991,"ANEH COY,IBU INI NAIK GUNUNG BAWA HP YG ISINYA BAWAAN APLIKASI PABRIK DAN MBANKING BCA, LAHHH BUATT APAAN BAWA BAWA HP YG ISINYA MBANKING DOANG ,KAN SUDAH JELAS DIA TAU TIDAK ADA SINYAL DIGUNUNG,LAGIAN WALAUPUN ADA SINYAL NGAPAIN BAWA HP YG GA ADA APLIKASI LAIN SELAIN MBANKING DAN APP BAWAAN PABRIK, ANEH BIN AJAIB, MENCURIGAKAN SI IBU INI",0,,
Ugz1JFWVC8Zq7gWkDAp4AaABAg.9z_p_aflsb-9z_wLCuWzXW,,2,"2024-01-15 09:35:30",@mrbert,"Beginilah manusia. Mikir hape itu dipakai buat foto. Ada kamera nya. Lahhhhh ada hape ya dibawa. Justru aneh aja hape di tinggal dirumah. Gw sendiri kemana mana bawa hape gw. Walo ga ada signal kan bisa dengar musik. Hape lu ga ada kamera nya ya?",1,Ugz1JFWVC8Zq7gWkDAp4AaABAg,@bangirsoto6991
Ugz1JFWVC8Zq7gWkDAp4AaABAg.9z_p_aflsb-9za-O49TfcN,,0,"2024-01-15 10:10:51",@bangirsoto6991,"@mrbert logika anda masih dangkal berati, di indikasikan si ibu ini pasti pakai 2 hp , mikir lah yg real dan nalar yg logik,kalau gw punya hp isinya mbanking doang apalagi ini privasi bgt, gw tinggal dirumah,ngapain bawa bawa ke gunung , ngotak pake lah coy",1,Ugz1JFWVC8Zq7gWkDAp4AaABAg,@bangirsoto6991
Ugz1JFWVC8Zq7gWkDAp4AaABAg.9z_p_aflsb-9za0YLKiD8x,,0,"2024-01-15 10:20:59",@bangirsoto6991,"@mrbert HP PRIVASI,SANGAT RAHASIA, BAWA KE GUNUNG , MAU NGAPAINNN ,BELI CENDOL ,NGOTAK LAHH",1,Ugz1JFWVC8Zq7gWkDAp4AaABAg,@bangirsoto6991
Ugz1JFWVC8Zq7gWkDAp4AaABAg.9z_p_aflsb-9zeg3c-xmHk,,0,"2024-01-17 05:49:29",@nikosurfingYT,"kecurigaan terhadap ibu bagus, tapi pembawaan kalimat anda kurang sopan. Kalau saya pribadi, saya lebih mencari hal2 yg mungkin saja si ibu ini tidak paham/lupa/gak sengaja/atau memang sesuatu diluar dugaan (aplikasi malware, hp berpindah tangan, atau memang ada unsur kesengajaan yg dilakukan ibu, melihat keanehan hp tanpa wa, hanya untuk transaksi saja tetap membutuhkan aplikasi wa untuk konfirmasi terhadap client/ dsb...)",1,Ugz1JFWVC8Zq7gWkDAp4AaABAg,@bangirsoto6991
Ugz1JFWVC8Zq7gWkDAp4AaABAg.9z_p_aflsb-9zf88n-tw2v,,0,"2024-01-17 10:03:36",@bangirsoto6991,"@nikosurfingYT Pembawaan sopan dan tidak sopan tergantung dengan siapa berhadapan ,paham luh, karena si bert ,sampai bilang begini manusia, ga nyadar apa yg dia tulis, pahamin kesopanan hanya untuk yg disopani paham luhh , ngotak dipake untuk menjaga kesopanan sama orang yg di sopaninya",1,Ugz1JFWVC8Zq7gWkDAp4AaABAg,@bangirsoto6991
Ugz1JFWVC8Zq7gWkDAp4AaABAg.9z_p_aflsb-9zfF_xE7nQS,,0,"2024-01-17 11:08:37",@nikosurfingYT,"@bangirsoto6991 sebelum panjang lebar ngomong sopan, coba lo cek keyboard lu jebol kagak? pantes aja lo ditanggapi gitu sama om bert",1,Ugz1JFWVC8Zq7gWkDAp4AaABAg,@bangirsoto6991
Ugyyz7IC8m1C9wWlEr54AaABAg,0,1,"2024-01-15 01:51:02",@johnsonwijaya2290,"Kalo pulsa saya berkurang sendiri tanpa di gunakan... waspadalah",0,,
Ugx_nsRD16grif4zKeB4AaABAg,0,1,"2024-01-14 16:12:53",@syahadatcinta8881,"Penipu dilindungi hukum",0,,
UgxXkQ5i8yt1LFgfrZd4AaABAg,0,1,"2024-01-14 11:15:45",@personaluser1907,"🔴🔴🔴Jadi inget.. kartu sim merah saat upgrade dr 3g ke 4g, pernah di clone atau kartu 3g ga langsung dimatikan... Jgn2 itu juga ulah provider...",0,,
UgzgYtE3_JqyD2-UQo14AaABAg,0,0,"2024-01-14 11:09:24",@sukasdidion9502,"Pindah aja kl uang gk kembalikan mbak,Mendingan ke bank pemerintah.",0,,
Ugw1fk_v56zE8QNOQSN4AaABAg,0,0,"2024-01-12 11:57:35",@agungputra5408,"Sistem web 1 d 2 banyak mslh di dunia. Saat nya skr memasuki web 3 blogchain semua transaksi tanpa melibatkan pihak ke 3 spt bank. Sistim sdg di kembangkan d tahun kedepan spt nya sdh jalan.",0,,
UgxtvxQhu017xJAlgJB4AaABAg,0,0,"2024-01-12 10:30:33",@dwifajarrahmawati5366,"Rencana mau nabung ke BCA g jadi deh,, buat nabung emas aja",0,,
UgyYLWIb6XQITkzmQYx4AaABAg,0,1,"2024-01-12 08:34:19",@kingkong-gm8is,"BCA sbnrnya ga jg bagus2 amat.. hnya saja bnyak chinese menutupi ke publik. u know laaaa.... mknya sya lebih dukung BUMN.",0,,
Ugz48VOe03q_JBjwHDd4AaABAg,0,1,"2024-01-12 03:57:27",@Harry-o5g,"Kelemahan bank bca harusnya gak mau mengganti norek seseorang dgn alasan apapun karena saya juga pernah tertipu mentransfer dana ke seseorang yg sdh ada namanya di Banking bca saya....karena sdh biasa melakukan transaksi ke orang itu suatu saat ada bisnis dengan dia trs dia bilang TF aja ke BCA saya katanya tanpa kasih tau ternyata dia sudah mengganti noreknya di bca karena sdh terbiasa tanpa saya memperhatikan lagi noreknya cuma lihat namanya yg sdh ada di norek bca saya....3 jt melayang karena saya tf ke nomornya yg sdh terblokir dan dianya gak ada niat baik untuk mengembalikan karena alasanya noreknya sdh gak terpakai padahal bisa juga diurus sendiri ke bank dan orangnya jauh di luar kota. Maksud saya knp sih Bank itu masih bisa duit masuk ke norek bank yg sdh terblokir harus nya bank sebesar BCA bisa lebih baik pengamanan nya",0,,
Ugz5Xu5Zj2UtO-WwqX14AaABAg,0,1,"2024-01-11 01:58:28",@babyboy6534,"Mohon kasih tau dan buatkan video apa masalahnya sudah clear apa belum ??? dan jelaskan sebenernya ada apa dengan BCA. ?🙏",0,,
UgwAAcdkC-VfxSY914N4AaABAg,0,1,"2024-01-10 00:42:45",@Rindxy,"Bisa jadi ibu ini maen judi online deposit lewat qrs dan dia kalah dan membikin alibi 😅",0,,
Ugw-fWKF5_rlC8AW-b94AaABAg,0,1,"2024-01-09 15:23:19",@kalimilimi4872,"Curhat ke Pa Hotman Paris Bu biar di dampingi",0,,
Ugy-EvdAlB19hPULc0Z4AaABAg,1,1,"2024-01-07 13:41:11",@alkylhalida5065,"Update kasus ini bagaimanakah om?",0,,
Ugy-EvdAlB19hPULc0Z4AaABAg.9zGm5fItKeKA4I_qHs5Uhg,,0,"2024-06-05 09:40:56",@alkylhalida5065,"Masih menunggu update kasus ini...",1,Ugy-EvdAlB19hPULc0Z4AaABAg,@alkylhalida5065
UgxHumrDvRizMVViZ1l4AaABAg,0,0,"2024-01-07 13:36:17",@chaerudinxyz0077,"Uang 400ribu perak recehh punyaku ku embatt juga sampai 0000 SMA si bcaa keparattt tuhhh",0,,
UgzT9rtMXGMgQTgypkl4AaABAg,0,0,"2024-01-07 13:22:39",@chaerudinxyz0077,"Kebanyakan naik gunung harusnya banyakin naik becakkk ,Semoga masuk ke rek gua mantapss goods BCA maling kau makinn cnggih 2025",0,,
Ugzz7x8J5YAlRuQ133d4AaABAg,0,0,"2024-01-06 02:37:15",@Bermain-seru-y5q,"Koh kalo simcard aman dipake ga setelah sebelumnya kena hack?",0,,
UgwpClnUTgzJW2zIJLB4AaABAg,0,0,"2024-01-06 02:07:04",@ndyazza2774,"Zaman sekarang makin takut aja nyimpan uang di bank. Apalagi jika bank nya ga bertanggung jawab jika nasabahnya kehilangan uang di rekening.",0,,
UgycnY2euPxk0c9L4AV4AaABAg,0,0,"2024-01-05 04:04:30",@WendySuhendra-n4c,"Saya jg pernah mengalami bca one KlikBCA, kena jebol penipu",0,,
UgxcjppWU7jNvlzRgOV4AaABAg,1,0,"2024-01-05 04:03:04",@rusdihidayat4441,"Bang Bert, tolong kasih tutorialnya akun Gmail saya lupa password, dan akun tersebut tidak lupa tidak saya kasih nomer tlpn dan tidak ada akun pemulihan nya. Tapi untuk imelnya sendiri saya tau, dan masalahnya hp saya sudah saya restart pabrik. Tolong bantu bang. Akun Gmail saya terkait di akun Tik tok dan Facebook bang.",0,,
UgxcjppWU7jNvlzRgOV4AaABAg.9zAaLfU8P-FA6en7pQnHdK,,0,"2024-08-03 03:02:23",@MarsalMohammad,"Masih bisa akses akun fb dan tiktok tidak, kalau masih bisa diakses mending diganti saja email nya.",1,UgxcjppWU7jNvlzRgOV4AaABAg,@rusdihidayat4441
Ugy7w43iyeuzwacQ8GZ4AaABAg,0,0,"2024-01-05 01:57:53",@arfadhiamuthosim5286,"Kak mohon bantu saya 😢uang saya di tahan di aplikasi dan saya gak bisa menarik uang tersebut mohon bantu saya.. ini uang banyak gak sedikit menurut saya",0,,
Ugy446dPdT0pmBAvIQx4AaABAg,0,0,"2024-01-04 15:37:12",@tamakoi8012,"Hp ga nerima kode otp?? Lalu kemana kodenya?",0,,
Ugz4PY8974RXr2hncCB4AaABAg,0,0,"2024-01-04 12:31:38",@Wilye-1305,"Saya kena penipuan di telegram,bagaimana cara menyelesaikannya?",0,,
UgzDgcPRzKljQ-Ug8494AaABAg,0,0,"2024-01-03 02:36:48",@osswj1161,"curiga hpnya udah di kloning",0,,
UgyGGOF0BYsEm2uz2jt4AaABAg,0,0,"2024-01-02 22:59:37",@hadiwibowo1865,"Dulu 80an pernah berantakan BCA 😢",0,,
UgxjpFl0GSz3FfZdnqF4AaABAg,0,0,"2024-01-02 10:47:23",@VirgoCl-g9g,"Di ingat dulu Bu..siapa tau ada kelupaan",0,,
Ugw1IZyXueMzoVhOs6R4AaABAg,0,0,"2024-01-01 17:07:24",@abigailandin2271,"Ini baru kejadian di saudara suami asli langsung trauma pakai qris anjir . Ilang duitnya donk tiba2 ada transaksi keterangan koor biaya fee tapi buanyak banget untung nya sadar langsung di pindah dana .",0,,
UgzDT3Jh_Gyq4DLXw994AaABAg,0,1,"2024-01-01 13:52:27",@OctoMobile2023,"*jadi ngeri juga ya kok bisa BCA bank terbesar di Indonesia bisa jebol yuk pindah ke Bank CIMB Niaga* ❤❤❤",0,,
UgwfqbtCqMFQY-u0Ofx4AaABAg,0,0,"2024-01-01 07:03:39",@zurepezthis583,"Kak bert, menggunakan vpn itu aman gak ?",0,,
UgwTsSv7cN1vzYZ0lex4AaABAg,0,0,"2023-12-31 08:35:49",@LLDekat,"Ini ya, orang ngakunya bisa dapetin foto & alamat Penipu tapi semua konten video nya tipu-tipu. 😂😂😂",0,,
Ugz_FqDnITbjfb5oN114AaABAg,0,0,"2023-12-31 02:32:08",@ed7142,"Sudah lapor polisi mbak?",0,,
UgxQ5ox7ouQSEfC8xBd4AaABAg,1,2,"2023-12-30 21:42:14",@Ruddie.xo.69,"Aku juga baru 2 minggu lalu 4,6 juta hilang tanpa jejak, Aku ke bank BCA banyak ini itu akhirnya tidak dapat apa apa. BCA emang lagi lemah keamanannya sekarang.",0,,
UgxQ5ox7ouQSEfC8xBd4AaABAg.9yy1mxaXEhI9zco8e-dSCt,,1,"2024-01-16 12:21:36",@Ran-fy6hd,"jangan simpan uang banyak2 di bank atau satu tempat",1,UgxQ5ox7ouQSEfC8xBd4AaABAg,@Ruddie.xo.69
UgxdqV_egWvVmeE9Qjp4AaABAg,0,0,"2023-12-29 11:18:04",@bobytan2397,"lanjutannya mana ini, kok sepi2 aj, apa sdh ilang ya Mr Bert nya?",0,,
UgyHwCquENos4bkhaCN4AaABAg,0,0,"2023-12-28 08:37:15",@PremiumUtube-p4f,"Udh ganti device?",0,,
UgxgZ6EHwqiAdbjikGR4AaABAg,0,0,"2023-12-28 08:18:01",@PremiumUtube-p4f,"Tiap trnsaksi QR, ada merchantnya kooo , mungkin bs d telusuri disisi merchantnya",0,,
UgzsRcBzNDRSTnfWICF4AaABAg,0,0,"2023-12-28 02:47:54",@ozanztudio,oh,0,,
Ugxg-33INCwRvNtTfvB4AaABAg,0,0,"2023-12-28 01:51:29",@Ghofrezzz.,"Bang bantu akun Gmail gw bang ke hack",0,,
UgxmzAlgoGt3p-VrlxJ4AaABAg,0,0,"2023-12-27 05:54:06",@solehmuharom,"Bisa jadi terkena Malware tuh hp, VPN atau sejenisnya. hati² mengklik link² di google",0,,
UgyaxILDaVi2M88yCel4AaABAg,0,1,"2023-12-26 10:43:51",@farah6313,"kakk kalo aku dibobol disemuanya tapi sama juga lewat qris, dari BNI, BCA, ovo, shopee, sampe link aja. emg sih ga langsung banyak, 100 rb 100rb aja. cmn kann saya ANAK KOS YA JD SEDIH aja sehari hari makan telor dadar:((((((. dan saya pake iphone jadi kaya,, kata org susah di hack tp ya gataudeh",0,,
Ugyjj7mxdIqUuHm28DZ4AaABAg,0,0,"2023-12-26 03:56:13",@annacarolfashion,"Kalau salah transfer gak bisa dibantu? Sudah telv ke halo BCA dan alhasil si penerima tidak angkat telvnya. Menurut Halo BCA. Jadi uang saya 35 juta gak balik sama sekali. Karna harus nunggu etika baik dari si penerima untuk transfer balik. Tapi kan tidak semua orang punya etika baik. Semestinya sistem nya di ubah selama masih 24jam masih bisa dibatalkan. Saya transfer tgl 10 Des , hari itu juga saya langsung telv halo BCA untuk melaporkan kalau saya salah transfer. Tapi tetep aja alhasil uang saya tidak balik",0,,
UgyFjyM567204-gwnch4AaABAg,0,0,"2023-12-24 14:22:41",@JongMaLeo,"Gimana kelanjutan kasus nya bert?",0,,
Ugxmk3JwqME1MXJdybF4AaABAg,0,0,"2023-12-22 12:21:13",@akbaraltaqwa3242,"Bang bantu saya akun sosmed saya di retas org berkali2😢 mau aktfkan gmail lama tp no ny udh g ad lg",0,,
UgysUBs0OPCfy0VjWy94AaABAg,0,1,"2023-12-22 11:05:45",@randihardian5085,"Saya kemarin sore dapat undangan pernikahan format apk, saya install ,bagaimana solusinya, apakah direset ke pengaturan pabrik udah cukup? 🙏 Soanya tadi subuh ada sms berupa kode otp dari ib bank raya",0,,
Ugw21f3dVH0d9jCmu6F4AaABAg,0,0,"2023-12-21 10:25:41",@cctvberjalan5270,"Bisa minta tolong om Hp saya kecurian td. Pagi Tp nomornya ms aktif Apakah bisa di lacak",0,,
Ugwsa6REQb459J7sjT94AaABAg,1,0,"2023-12-20 11:14:16",@malindalidijabethshaya878,"Hp ibu kena kloning ga ya? Belinya di toko resmikah?",0,,
Ugwsa6REQb459J7sjT94AaABAg.9yY9yqOsP5m9yYC8nOQiSf,,0,"2023-12-20 11:33:14",@mrbert,"Baca deskrispi yaaa. Ada gambar nya kok",1,Ugwsa6REQb459J7sjT94AaABAg,@malindalidijabethshaya878
UgwLubiwKJvxYH_IXNB4AaABAg,0,0,"2023-12-20 09:43:43",@aestheticvitamin-qy9kp,"Mr. Bert, kemarin saya ditelp ngakunya dari bpjs dan seperti mesin penjawab bilang bpjs anda dihentikan tekan 0 utk keterangan lebih lanjut, setelah tekan 0 tersambung sama operator cew gaya bicara seperti cs bank, dia bilang sebentar di check dulu setelah itu panggilan berakhir, apakah hp saya bisa ke hack krn sy sudah tekan 0",0,,
Ugyx7L2gDl4LzlP8XXF4AaABAg,3,3,"2023-12-20 02:44:20",@muhammadaziz7793,"Saya pernah 2x, ambil uang di ATM BCA,kartu sudah masuk ,saya ambil 10 jt,uang proyek lagi,saya ketar ketir,,,anehnya kertas transasinya keluar betul tertulis 10 jt,tapi uangnya tidak keluar,,,lalu saya menghubungi pihak Bank BCA,saya bicara sesuai apa yang saya alami itu,pihak Bank BCA,saya di suruh nunggu, nanti uang kamu kembali sendiri, ia bilang begitu,,,saya tunggu2 betul satu hari balik lagi ,itu yg Kejadian pertama. kejadian yg kedua begitu lagi,sama,, saya ambil 2 jt,yg keluar kertas Transasinya doang,uangnya tdk keluar,,,saya tlp Pihak Bank BCA lagi,,juga sama di suruh nunggu nanti balik kembali uang anda gitu n,selang 2 jam kemudian, ada sms masuk bahwa uangmu sudah balik kembali. mohon maaf sebelumnya, saya minta penjelasannya Bang Mr Beth ,kok bisa begitu kenapa ya..?",0,,
Ugyx7L2gDl4LzlP8XXF4AaABAg.9yXFbwFl16vA9UA-0ymbO7,,0,"2024-10-12 04:14:12",@tunjungdewata2929,"Yaampun ka 😢",1,Ugyx7L2gDl4LzlP8XXF4AaABAg,@muhammadaziz7793
Ugyx7L2gDl4LzlP8XXF4AaABAg.9yXFbwFl16vAAPFg4KX6go,,0,"2024-11-04 02:59:06",@artchitex,"Kemungkinan ini masalah jaringan. Katakanlah ATM sebagai klien untuk mengeluarkan uang butuh komunikasi dgn server. Hal seperti ini tentu sudah diantisipasi by sistem antara mesin ATM dgn server, tapi bisa saja ada kasus lain yg belum terprogram. Misal uang di atm kosong atau tidak cukup. Atau nominal yg diminta tidak sesuai, misal pecahan 100rb tarik dana 1250k. Sekenario² ini harusnya ketika dikroscek by sistem salah 1nya gagal akan muncul error. Jadi yg paling mungkin koneksi terputus saat tahap verifikasi akhir. Bank jg akan tau klo uang belum keluar.",1,Ugyx7L2gDl4LzlP8XXF4AaABAg,@muhammadaziz7793
Ugyx7L2gDl4LzlP8XXF4AaABAg.9yXFbwFl16vAHg-3ILUC1o,,1,"2025-05-03 23:59:56",@V4lha11a,"Kalo narik uang gede di atm emang gitu banyak kendala. Klo penegen aman dan lancar sebener nya mending ke bank ke teller nya transaksi di atas 10 juta an mah bang.",1,Ugyx7L2gDl4LzlP8XXF4AaABAg,@muhammadaziz7793
Ugz7DlAdErmwW59G3JF4AaABAg,0,0,"2023-12-19 10:54:39",@yahya7682,"Aneh... 1. Tidak ada notif masuk ke m-banking. Harusnya ada. Apalagi berulang kali ada transaksi QR. 2. 'utk men-scan QR pembayaran, itu juga selalu butuh PIN. Artinya tidak mungkin scan QR dilakukan tidak sengaja. Krn harus pakai PIN. Berarti PIN bocor juga. 3. Aplikasi m-banking itu selain berbasis no. telp aktif yg terpasang, aplikasi m-banking juga merecord & menyimpan data jenis & type mesin HP yg dipakai utk m-banking. Jadi ganti HP, harus install aplikasi lagi dgn segala verifikasinya. Jadi m-banking gak mungkin di gandakan di 2 jenis HP yg berbeda. Poin no.3 ini yg 'penipu' nya lupa. Saran solusi : 1. Cek data di BCA, HP type & jenis apa yg dipakai utk transaksi QR ? 2. Kalo type & jenis hp yg sama dgn yg dipunyai pemilik m-banking skr, berarti hp itu juga yg dipakai utk transaksi. 3. Jika pasca penipuan, pemilik m-banking ganti hp & install aplikasi m-banking baru, berarti pemilik m-banking yg patut di curigai. Penipunya lupa, antara scan QR & BCA flash itu beda 😁 BCA flash gak perlu PIN.",0,,
UgyOc1tvbn0gzS6IseJ4AaABAg,0,1,"2023-12-19 07:00:04",@christinastella6,"Bukan cuma BCA saja, sekarang Layanan Kurir J&T juga tidak jujur !!! Data saya bocor sampai ada paket fiktif pakai resi Shopee diantar ke rumah saya COD, suruh bayar dulu kalau mau buka paket. Awalnya saya lupa pesan paket apa terus saya bayar aja. Setelah saya check di Shopee saya ga pesen apa2, ga ada riwayat pesanan sama sekali ! Setelah saya buka barangnya ga ada apa2nya cuma bubblewrap doang, tapi resinya tulisannya cincin Korea 2 pcs harga Rp 124.500. Saya lapor ke kantor J&T terdekat katanya ga bisa dikembalikan uangnya, cuma bisa laporan aja! Saya lacak resinya ya asalnya dari J&T Sleman. Saya hubungi nomor penjualnya sudah ditutup ga bisa dihubungi. Pertanyaannya kok bisa itu resi bukan dari Shopee tapi dikirim aja sama kurir J&T Sleman itu ??? Harusnya kan langsung ketahuan kalo itu bukan dari Shopee??? Terus kok bisa barang ga ada isinya bisa lolos Quality Control J&T??? Harusnya kan di XRay dulu kayak yg di bandara itu kan !!! J&T benar2 sembrono dalam ngirim barang paketan !!!! Dan Juga sudah Terlibat Dalam Tindakan Penipuan Karena Melakukan Pembiaran !!!!",0,,
Ugxj7KuMte-HkUK7MjF4AaABAg,2,0,"2023-12-19 05:21:57",@yere642,"Di gresik ada kasus malah mybca 300jt dibobol",0,,
Ugxj7KuMte-HkUK7MjF4AaABAg.9yUxrZNxoah9yV8143LSlZ,,0,"2023-12-19 06:59:31",@mrbert,"Ada sumber nya? Kalo ada gw mau angkat",1,Ugxj7KuMte-HkUK7MjF4AaABAg,@yere642
Ugxj7KuMte-HkUK7MjF4AaABAg.9yUxrZNxoah9yV9mqq_hsL,,0,"2023-12-19 07:14:55",@yere642,"Ada ko, berita sdh ada dimana mana",1,Ugxj7KuMte-HkUK7MjF4AaABAg,@yere642
UgwMd2gwFbeBbU_5BId4AaABAg,0,0,"2023-12-18 20:03:33",@sigitbengkel468,"Persis sama kasusnya sama temen saya, transaksi qris tanpa sepengetahuan. Transaksi qris toko dijawatengah padahal temen tinggal di tangerang, Bahaya ini sudah ada beberpa korban.",0,,
UgxuXA4bvlQLsvR2Rjx4AaABAg,0,0,"2023-12-18 12:06:09",@livisitom9544,"Apabila BCA biss membuktikan bhwa setiap transaksi pembayaran qris yg terjadi, benar dilakukan oleh no telp n no ID handphone bu Evita, maka BCA bebas dr tudingan. Hp Bu Evita yg bermasalah. Lebih aman internet banking drpd M-banking. Jd pakai shoppe pay atau go pay utk transaksi qris.",0,,
UgxjvwsLVUiBfmqW2HB4AaABAg,0,0,"2023-12-18 04:56:58",@LimChen-t6y,"Jadi takut nabung di BCA",0,,
Ugwm_3LGdKcFBAMlKER4AaABAg,1,0,"2023-12-17 05:04:26",@wahyusetiobudi3094,"Cetak rekening koran kan terlihat uang itu pindah kemana",0,,
Ugwm_3LGdKcFBAMlKER4AaABAg.9yPmGUG_EWZ9yPpOOu6oVV,,0,"2023-12-17 05:31:44",@mrbert,"Gitu aja repot kan. Nahhh Bank nya masa ga bisa liat kemana tuh uang udah mau 4 bulan lhoo",1,Ugwm_3LGdKcFBAMlKER4AaABAg,@wahyusetiobudi3094
UgxLB5ABdgxzaeFZ9P94AaABAg,1,0,"2023-12-17 03:41:53",@DCTspybot,"Assalamualaikum bang, minta tolong buat review apk kerja paruh waktu tiktok bang sekarang udh banyak sekali korban sana saya salah satunya.",0,,
UgxLB5ABdgxzaeFZ9P94AaABAg.9yPcouY2SsA9yPd5N3gasv,,0,"2023-12-17 03:44:17",@mrbert,"Udah dibuat kok",1,UgxLB5ABdgxzaeFZ9P94AaABAg,@DCTspybot
UgyjmQWBdfH-392TFHp4AaABAg,0,0,"2023-12-16 17:43:54",@FerdyDafi,"Mohon di jawab bang",0,,
UgwBqQLNrEe1jkknYHV4AaABAg,0,0,"2023-12-16 17:43:29",@FerdyDafi,"Mohon di jawab bang",0,,
UgzrbnsrnCy7h5zD-lB4AaABAg,1,0,"2023-12-16 17:42:46",@FerdyDafi,"Bang mr bert, Waktu tanggal 10 desember 2023, saya tidak sengaja menginstal aplikasi undangan dan ternyata itu berisikan file dari sang hacker, tapi saya sudah reset pabrik handphone saya samsung A32, yang saya pertanyakan apakah setelah reset pabrik dari HP apakah data saya aman ? Seperti M-bangking dan lain"" ???? Mohon jawabannya bang mrbert🙏",0,,
UgzrbnsrnCy7h5zD-lB4AaABAg.9yOZFqLBjw89yUNpK04SUO,,0,"2023-12-18 23:58:20",@nothingtodo5987,"aman. kalo perlu simcard & hp mbangking dibikin terpisah. simcard dipakekan ke hp 2g/gsm yang cuma bisa sms/telpon malah lebih aman. 👍🏾",1,UgzrbnsrnCy7h5zD-lB4AaABAg,@FerdyDafi
UgxsJVaXW7aiYTDayBp4AaABAg,0,0,"2023-12-15 09:10:02",@TesKidal,"Emg berak qr bca, brapakali eror saldo kepotong, di mutasi ada, tpi transaksi gagal.",0,,
UgzEiJ0519KzEkYd4nl4AaABAg,0,0,"2023-12-15 07:39:44",@akselayaya8993,"kalau keamanan sdh berlapis , dan sulit dibobol dari luar.....berarti dibobolnya dari..........??",0,,
Ugy50IlTrZA6Whfi8G54AaABAg,0,0,"2023-12-14 13:59:21",@richinetborang5940,"gimana kabarnya kasus ini om ? adakah kelanjutanya?",0,,
Ugyq6Wrt1CetZiWLd2x4AaABAg,0,0,"2023-12-12 03:15:05",@dwijopriyono1248,"Menantu sya hampir sma cerita ny sma Ibu Elvita tpi Rekening Bank Mandiri baru terjadi ditanggal 17 November 2023.",0,,
UgyMWTc614LNiNP6tlV4AaABAg,0,0,"2023-12-12 01:37:26",@guntardisasmito471,"The key is OTP clarification to the other phone and email clarification to send confirm code for activated eQris bar code",0,,
Ugy0qfSEleJtOCqFc5F4AaABAg,0,0,"2023-12-11 12:14:42",@ahoyyyy-dat,"saya mau berkomentar sedikit tentang aplikasi BCA itu wajib pindahin sim baru bisa transaksi. saya ada 2 hp 1 android 1 iphone , 2 2 nya bisa transaksi dengan simcard yang berbeda , saya gak tau ini bug atau apa tapi sampai pertengahan tahun lalu sekitar bulan agustus saya masih bisa transaksi dengan normal dengan 2 hp , tapi sekarang hp android saya sudah rusak jadi pakai 1 hp saja ( saya masih ada bukti foto saya bisa login 2 hp )",0,,
UgzHPdRtzQuMpSB4Bm94AaABAg,4,6,"2023-12-11 10:40:32",@Pria_Berjiwa_Lelaki,"Cara yg paling Aman buat nyimpan harta adalah beli emas batangan, masukkan brankas, tanam di tanah. Cor pake semen 🙄 Emas sampai kapan pun nilai nya akan tetap stabil. 👍",0,,
UgzHPdRtzQuMpSB4Bm94AaABAg.9yAvxurs7aVA0daFNiTpMR,,0,"2024-03-06 12:42:13",@desantoselfiatos6953,"Jangan lupa semennya pake semen tiga roda..😁😁😁",1,UgzHPdRtzQuMpSB4Bm94AaABAg,@Pria_Berjiwa_Lelaki
UgzHPdRtzQuMpSB4Bm94AaABAg.9yAvxurs7aVA37yhj7CUwP,,0,"2024-05-07 10:15:11",@BulanMatahari-vt2gb,"Tar dimaling",1,UgzHPdRtzQuMpSB4Bm94AaABAg,@Pria_Berjiwa_Lelaki
UgzHPdRtzQuMpSB4Bm94AaABAg.9yAvxurs7aVA3MQyR_se1o,,0,"2024-05-13 01:00:14",@sigitbudhiprasetya5475,"John Wick detected. 😁",1,UgzHPdRtzQuMpSB4Bm94AaABAg,@Pria_Berjiwa_Lelaki
UgzHPdRtzQuMpSB4Bm94AaABAg.9yAvxurs7aVA7GatvF_CzT,,0,"2024-08-18 04:45:52",@Godprovides2220,"Tanah juga bergerak mas.. bisa bergeser ke tetangga dll atau jk di bawah nya ada aliran air jg bisa bergeser, ini sudah terjadi untuk kuburan",1,UgzHPdRtzQuMpSB4Bm94AaABAg,@Pria_Berjiwa_Lelaki
UgxiAK983ogjwQ9JF2p4AaABAg,0,0,"2023-12-11 04:07:08",@officialytr8657,"Bang Lo kaya org benar, seakan2 bisa pdhal sampah,minimal GK boong bang",0,,
UgwvK9qBttF0zLci9fF4AaABAg,0,0,"2023-12-11 03:59:41",@rafifcacachannel5249,"Bantu Terus bang,itu oknum nakal.abang paham lah yg melanggar kan hanya si pembuat undang²🙏",0,,
UgycqfF4aO0Szifehu14AaABAg,0,0,"2023-12-10 11:18:30",@mwagirin3665,"Kalau pengalaman saya bukan dari Bank BCA nya tetapi dari seorang yang mengaku marketing BCA life menawarkan Asuransi kepada saya tetapi saya tidak berminat tetapi data pribadi saya dari bank BCA di gunakan oleh MBK marketing tadi tuk mengajukan pinjol,dan saya ditagih terus karena saya merasa tidak meminjam uang maka saya abaikan saja.Bahkan ada pengancaman teror dll.Tapi saya tenang saja sempat saya panik juga tetapi karena setiap menghubungi saya dengan nomor HP yang selalu ganti maka saya simpulkan bahwa itu adalah perilaku penipuan.menghubungi saya dari bulan Mei sampai bulan September setiap hari menilpon saya lebih dari satu kali.Menurut saya itu oknum saja, Saya yakin Pihak BCA tidak melakukan tetapi karyawan yang nakal bisa menyalah gunakan Harap hari hati saudara ku.",0,,
UgyKLmOQls7gaOiGSUd4AaABAg,0,0,"2023-12-10 03:37:04",@lancelotdenny,"Apakah mungkin HP beliau dikloning?",0,,
UgyX9RPhGfEBJtpEvaB4AaABAg,0,0,"2023-12-10 01:12:12",@lecxzy7165,"Bg mau nny lokasi hp saya kok di pekanbaru-ria, pdhl saya gk pernah kesna, gimana car gantinya",0,,
Ugx8OL1MOe0UcR_z4Ft4AaABAg,1,0,"2023-12-09 22:46:35",@ChannelSegitiga,"TIM BCA AMAN SEJAUH INI, SEKALIPUN KENA LINK SCAM PUN MASIH AMAN >>>>>>",0,,
Ugx8OL1MOe0UcR_z4Ft4AaABAg.9y74SvwAJwf9y7SkcMBrgf,,0,"2023-12-10 02:18:51",@mrbert,"Baca dulu semua komen dibawah. Dan laporan yg sudah di shutdown BCA",1,Ugx8OL1MOe0UcR_z4Ft4AaABAg,@ChannelSegitiga
Ugwb3iFOGBLTC9CtkJZ4AaABAg,0,0,"2023-12-09 21:33:19",@Fariza-k7e,"Sy baru buat rek tiga hari,,ada tf jarak 1 jam hilang lenyap 3,7jt,,,bingung",0,,
UgwOU4NTMIYj1w7qdZt4AaABAg,2,0,"2023-12-09 17:52:54",@REZA_RAP_BAIT_X_BORNEO,"Emmm HP baru 🤔🤔🤔, Hp lama ke mana...??? Hp lama pernah login juga ke M Banking BCA...??? kalau beliau ini aktifkan juga Samsung Acount sebelum2nya dan sincron juga dengan Acount Google email, pasti semua sudah ke back up datanya. nah masalahnya si TS ni udah hapus cache aplikasi di hp lamanya blom per aplikasi yg butuh izin otoritas data resmi buat login...?? selama blum di bersihkan dan di logout di semua device sebelumnya record itu masih bisa muncul di hp lama. gapangnya gini secara nggak langsung walaupun dah di restart ke hp baru tapi tidak log out dari device lama tetap device lama masih bisa akses aplikasi sebelumnya. email juga yg terhubung di samsung acount itu masih akan tertinggal di email lama. cek riwayat devicenya dari pengaturan akun email google... login dari mana saja... aplikasi apa aja yg sudah di buka... nah sudah di cek blom. karena kasus ini pernah di alami Istri saya. sekalipun ganti device tapi kalau kita tidak putus ke device sebelumnya ya sama saja di tangan device yg lama masih bisa terakses apalagi samsung acount sudah terlogin dengan email inti. dari pengalaman itu email jangan hanya satu, bikin pemulihan akun email lebih dari satu dan juga no tlp pemulihan. dari situ sepertinya TS kebocoran di acount yg pernah log in dengan device lamanya. semoga TS bisa menyadari juga dan jangan langsung panik. diperiksa dlu riwayat pribadinya sebelum si TS ganti ke device baru. terimakasih Min saya berbagi juga dari pengalaman pribadi Istri saya. kadang memang perempuan akan cepet panik dengan kepolosanya 😊👍🏻🤝🏻",0,,
UgwOU4NTMIYj1w7qdZt4AaABAg.9y6YqvMPJAw9y6b04eltiF,,0,"2023-12-09 18:20:30",@REZA_RAP_BAIT_X_BORNEO,"Bank BCA sudah tau sebenernya ke arah mana dana tersebut, di menit #14:00 apa ada vidio keterangan dari si TS yg di cut kah...??? yg di maksut pihak ke 3 itu siapa, apa sudah mengerti. ya tidak mau menduga2 juga sih ya kemungkinan besar memang kebocoran data dari device yang lama sebelum ganti device baru/hp batu saat ini, nah pertanyaan saya Min adakan device yg lama dulu pernah melakukan transaksi yg berhubungan dengan finance di aplikasi lain...??? itu si TS harus jujur juga, karena klo saya simak vidio keterangan si TS ini pihak Bank bersangkutan memang suda tau ke mana arah dana tersebut 😅 jadi harus faham loh sebelumnya ganti hp baru pernah ngapain aja sama hp lamamya 😊 mungkin akan terjelaskan ya Min 🙏🏻😊🤝🏻",1,UgwOU4NTMIYj1w7qdZt4AaABAg,@REZA_RAP_BAIT_X_BORNEO
UgwOU4NTMIYj1w7qdZt4AaABAg.9y6YqvMPJAw9y6bFJZJUT2,,0,"2023-12-09 18:22:35",@REZA_RAP_BAIT_X_BORNEO,"@mrbert ada nggak di menit 14:00 itu setelah menjelaskan pihak ketiga itu ada keterangan yg di cut di vidionya",1,UgwOU4NTMIYj1w7qdZt4AaABAg,@REZA_RAP_BAIT_X_BORNEO
UgxzZQHxgis7zpOnNf14AaABAg,0,0,"2023-12-09 10:25:41",@Tatana515,"kalo ada transaksi masuk melalui barcode dan nasabah gak pernah sama sekali bikin barcode... jangan2....",0,,
UgzeVdgHUGnVwf4aPr94AaABAg,0,0,"2023-12-09 03:19:18",@brandenkhenn,"Kak tolong bantuin saya banyak yang kena tipu akun ignya Helmet_sby folowersnya 133ribu untuk saya pribadi kena 11jt lebih, dan sudah melaporkan ke pihak berwajib kota denpasar",0,,
Ugyq0Jmf44RFwMEuunt4AaABAg,0,1,"2023-12-08 07:47:32",@IDBLANK000,"Mau nanya aja nih yah itu Hpnya beli baru atau beli second yah?",0,,
Ugy-ejkvABZX1aN-3dJ4AaABAg,0,0,"2023-12-08 04:36:04",@cuansohib5857,"Kalo kasusnya banyak pantes di curigai bca nya",0,,
UgzANjF_hJzm91VaJNZ4AaABAg,0,0,"2023-12-08 02:43:45",@mungphin,"Ini memberi kesimpulan account bca di clone orang lain, termasuk pin bca juga diketahui oleh si pencuri. Alangkah canggihnya teknologi cloning ini sampai id sim card yang terdaftar juga bisa di clone sekalian. aneh bin ajaib kalau memang pencuri bisa lakukan ini mungkin banyak sekali nasabah yang bisa dicuri.",0,,
Ugx7m8Ikw6rLycogY4d4AaABAg,0,1,"2023-12-08 00:10:41",@kokokokomu9021,"Baru tahu ada kasus kayak gini. Selama ini selalu bertransaksi dengan BCA. Jadi ngeri. Terimakasih informasinya.",0,,
UgwsOIxzUCG9D32O15h4AaABAg,0,0,"2023-12-07 23:07:51",@ahmadyafi7206,"Saya pernah juga mengalami uang saya hilang ditabungan BCA...transaksi dijakarta , kondisi saya dimakassar. Setelah melapor . Customer service hanya buatkan laporan... ternyata ada beberapa juga yang melaporkan kehilangan uang juga..setelah saya mencari informasi ternyata ATM didepan kantor saya ada skimingnya..tapi uang saya dikembalikan.. beberapa minggu kemudian atm didpn kantor saya diganti yang baru...sejak itu saya mulai tidak mempercayai semua bank..",0,,
UgwuLFY_VTsTVg5yv_54AaABAg,0,0,"2023-12-07 19:53:46",@inisiapa705,"Bang saya minta tolong abis kena tipu",0,,
UgyJ0L5JbhBaZCEcQNd4AaABAg,0,0,"2023-12-07 16:13:34",@yichen奕辰,"wah gw pake BCA jadi ngeri2",0,,
Ugx3BGHuj4M8yOJ6mDF4AaABAg,0,0,"2023-12-07 09:56:22",@ozigassken9366,"Permainan orang dalam",0,,
UgyFrDM3p7HID7sUtEh4AaABAg,0,0,"2023-12-07 07:01:37",@carlaaronggear3882,"Kak tolong bantu up dong aku di permainkan sama aplikasi shopee uang aku 6jtan blm di kembalikan padahal itu modal jualan aku yg aku pinjam dan harus di kembalikan tggl 23 desember sedangkan barang yg saya pesan di aplikasi shopee sdh dari tggl 23 november sy sdh nunggu lama malah di batalkan sekarang pengembalian dananya dari pihak shopee suruh di tnyakan ke penjual sedangkan penjual blg klo dia juga lg nunggu dari pihak shopee setiap hari aku nanya hanya di suruh tunggu😭",0,,
UgyNbBOHdLOVJqVOWFl4AaABAg,0,1,"2023-12-07 06:26:54",@asyarakardiana,"BCA bank besar, uang 68JT ga ada apa2nya klo dibandingkan dengan reputasi mereka, harusnya dari awal dianggap serius kasus ini, harusnya ada personal agent untuk kasus2 mencurigakan, jadi klo ini kasus pertama bisa jadi pelajaran, jadi bahan riset, atau kalau ada yang mencurigakan dari sisi nasabah segera diketahui. Jangan krn uang 68JT reputasinya jd dipertimbangkan lagi. Karena si Nasabah merasa masalahnya berawal dari HPnya, seharusnya HP itu di minta/request ke Nasabah untuk di selidiki, misal periodenya 1 bulan. Sebelum HPnya di reset atau diapa2in, jadi klo Ada virus, pihak bank bisa menyediakan ahli buat check, dari situ bisa ketauan kan ada malware yg ga senghaja terdownload atau enggak. Jadi petugas bank yang menangani kasus tsb ada deadline dan si Nasabah tdk merasa digantung.",0,,
Ugwz_aFKk3SNnXRo7ox4AaABAg,0,0,"2023-12-07 06:25:12",@Tom-h5u7w,"Kenapa gak lapor polisi? Biar pihak bank ada didorong utk ikut menyelidiki kasus ini",0,,
UgzMJtLorzaV7_Pcagh4AaABAg,0,0,"2023-12-07 03:13:30",@frankyleisan,"ini update kasus nya cemana? tlg adain part 2 nya",0,,
UgzSBDs8Vj7SBSVP2M94AaABAg,0,1,"2023-12-07 02:34:21",@senjixx,"Kak assalamualaikum. Mohon maaf aku ingin minta tolong bantuannya. aku habis kena tipu freelance kerja paruh waktu.mohon bantuanya",0,,
Ugw5qL_t9CWrC_3IBxt4AaABAg,0,2,"2023-12-07 01:43:34",@wonderfullifednf6838,"Bisa ditindak dari merchant yg menerima QR, apakah pernah melalukan di merchant yg sama, dan transaksi juga harus melalui sistem yg terkoneksi dan ada pin, seperttinya tidak mungkin tiba2 transaksi",0,,
Ugx5x2qIP87QRsWHpvR4AaABAg,0,0,"2023-12-06 17:26:08",@haryonoyono2076,"Kelihatan ny mba ini modus, soalnya gak mungkin suatu perangkat bisa menjalan kan sendiri tanpa operator, apa lagi ber transakai sprt itu, kecuali perangkat itu udah di seting scr otonomos sprt robot, mobil, otonomos dll itu aja tetap ada peran operator. Jadi itu hany nyari beken doang biar kaya selebrity 😅😅😅😅",0,,
UgyLk1l15iOr4gMcFyF4AaABAg,0,3,"2023-12-06 15:24:50",@iwanfals1255,"Memang bener ribet kalo urusan sama bank,, lah saya transfer ke bank lain dari BCA KE MANDIRI, di BCA nya uang saya sudah berkurang tapi ga masuk di bank mandiri,, padahal mutasinya dari mandiri sudah jelas masuk ke bank mandiri lalu ketarik lagi oleh bank BCA,, saya tlp costumer service malah di suruh nunggu 1 minggu,, kesalahan dari bank BCA nya bukan pelayanan nya cepat malah lama kesanya kita yang salah sebagai konsumen,,",0,,
UgxG0DRlC_3TUGT9iE94AaABAg,0,0,"2023-12-06 14:48:38",@irvancahyono2011,"Nex bng konten bahas penipuan e'walat dana skrng katnya maraknya data dana gampang di jebol",0,,
Ugy_04XLZLbxA-DFoV94AaABAg,0,0,"2023-12-06 12:45:49",@CANELKURIRPROYEK,"bisa juga dari hp nya si ibu di kloning sama seseorang kayak di duplikat. data2 nya",0,,
UgyYzTl7-sj_SxcKMFt4AaABAg,0,0,"2023-12-06 12:38:17",@CANELKURIRPROYEK,"tanggal 23 dia berangkat ke ungaran jam 2 transaksi dia jam 9-59siang jadi dia naik gunung jam 2 pagi atau jam 2 dini hari logika aja dia naik gunung jam 2 subuh",0,,
UgxwO6NEpP5txif80qh4AaABAg,0,0,"2023-12-05 21:46:55",@sirtheNDZ,"tamat kau BCA !!!",0,,
UgzURVySA-MumY4jHRt4AaABAg,0,0,"2023-12-05 08:50:10",@Rayhanzzzhh,"Batuk pa haji😂😂😂",0,,
UgzXHjUxSeON_JhjDy14AaABAg,0,0,"2023-12-05 05:51:17",@dakwah70,"Ini benar dan nyata saya ngelami kasus yang sama dengan mba Ini. Saat masih dalam tahap investigasi oleh banknya.",0,,
UgyL3Eg8fJPMGLQScRh4AaABAg,0,0,"2023-12-05 04:17:29",@dakwah70,"Om Bert, saya juga mengalami hal yang sama di 2 bank dan saat 1 bank sdh menyatakan bahwa transaksi dilakukan via hp saya persis seperti mba Evita dan banknya dibisa mengenbalikan uangnya karena transaksi dilakukan normal. 1 bank lagi masih melakukan investigasi dan kasus yang sama. Dan lucunya kasus di 2 bank yang saya alami persis perlakuannya. Kalau berkenan nanti bisa kita diskusikan mr bert atas kasus saya ini.",0,,
UgyP-GQTI2_0wvuGkIR4AaABAg,0,1,"2023-12-05 03:08:53",@Ridwan-i3r,"kak mohon bantuan nya, saya sudah DM di Instagram kak🙏🙏",0,,
UgwKnbohVNB7Yj8YZVN4AaABAg,0,0,"2023-12-04 16:55:18",@Rapikblas,"Sebenarnya kalau transaksi itu kan ada alamatnya yg di tuju to. Tinggal bank kerja dengan polisi. Gampangkan",0,,
Ugy7P_Vn0KftdEvRlK14AaABAg,0,0,"2023-12-04 12:35:54",@BaimBalitour,"emang gak keliatan ya dimana scan QR a. kan bisa ketahuan itu.",0,,
UgzEM5Uiebp1iQy1AON4AaABAg,0,0,"2023-12-03 23:55:06",@Nuriyahindramayu,"Ga jelas,",0,,
UgzBxFxWG6wq3nAypHt4AaABAg,0,0,"2023-12-03 22:55:43",@MrStassen5758,"saudara saya waktu kena musibah ada dana sumbangan masuk sampai millyaran totalnya , sudah sempat lihat di hp masuk sekian m lalu waktu cetak buku tinggal separo di tanya ke bank katanya kesalahan sistem. hilang separo .",0,,
UgxFQ-rGzWpTcBJqz614AaABAg,0,0,"2023-12-03 15:55:15",@Retrospxa,"EFEK DATA PENDUDUK RI DIBOBOL TRUS DI JUAL DI DARK WEB",0,,
UgzF996WMlHIxGS-7ot4AaABAg,0,0,"2023-12-03 07:48:59",@suroto1974,"untuk pencegahan, barangkali harus hati-hati upload foto diri di medsos.karena dr upload foto td,pihak2 tertentu jadi tau siapa kita dan pihak yg bermaksud jahat bisa mencari2 data detailnya untuk maksud jahat...",0,,
Ugx8jtsLbr5KIfRn0Jp4AaABAg,0,0,"2023-12-03 03:44:59",@eterniaaabadi1823,"pertama yg harus waspada apakah HP mbak beli betul2 baru bukan bekas tok terpercaya? jangan asal terima sms apapun juga blokir semua? cara kedua mesti gampang prosuder lama bisa 2-3bln minta konfirmasi siapa penerima duit tersebut duit diterima ada kesalahan atau emang resmi dari pembeli siapa? soal bank ada itikad baik mesti tahu itu duit dikirim dari mana HP jenis Ip address dll emang gak perlu dikasih tahu tapi bisa langsung diperiksa apakah valid? Susah indonesia ini pake teknologi canggih oke-oke aja tetapi begitu ada masalah ini jelimetnya minta ampun mending kalo gak bisa service keamanan gak perlu bikin teknologi canggih pake bayar kontan aja bebas hack tapi gak bebas bacok hahahhaah",0,,
Ugx35csQhQdSweKIhOp4AaABAg,0,0,"2023-12-02 17:37:12",@panjidio7841,"Bang boleh minta bantuan, cara mencari lokasi penipu lewat no telpon, sama dri nomor rekening nya",0,,
Ugz3aIVzIofW-LpENcl4AaABAg,0,0,"2023-12-02 16:06:45",@panjidio7841,"Bang bisa bantu saya lacak orng yg nipu saya gk bang, saya di tipu hampir 1jutaan",0,,
Ugxd5K5dKoqzzwtIDDh4AaABAg,0,0,"2023-12-02 07:38:45",@rudysetiawan1352,"Di indo, masyarakat yg korban jadi tersangka....apalagi BCA....mentang mentang....laku, seenaknya bikin SOP , dan sebelah pihak terus....bikin gemezzz sama BCA...",0,,
UgxMhzJDrMg6Dv5pkw14AaABAg,0,0,"2023-12-01 22:02:10",@Indonesiana78,"kohhh takut banget kepasang trojan gara2 dosen",0,,
UgzjPena34HMPmHaQdt4AaABAg,0,0,"2023-12-01 14:00:36",@ReinhardKumbangsila,"Ijin master .melalui sosial media..saya banyak merekomendasikan Chanel ini sebagai Chanel edukasi...dan banyak yang senang dan support semua Chanel yang Abang buat...semangat ya.kami sangat terbantu",0,,
UgyEjhsuXx1Sqyct4a54AaABAg,0,0,"2023-12-01 12:27:22",@EmonLightML,"Ada nomor atau Sosmed yang bisa di hub gak? Mau sharing.",0,,
UgwYtVnlCazC1dcAlpd4AaABAg,0,0,"2023-12-01 08:04:07",@gracesonia7147,"Klo saya liat ini payment Code nya di ketahui org lain jd mbak nya harus hati” ya",0,,
UgzRgqiZ0_L-xWfMroF4AaABAg,0,0,"2023-12-01 07:59:15",@gracesonia7147,"Bisa lah di cek",0,,
UgzHUn1SCmgJL79eQ6V4AaABAg,0,0,"2023-12-01 06:41:43",@gores007,"intinya orang dalam BCA....kepusat BCA aja.....",0,,
UgwkbCLe2LTwq-WAg_N4AaABAg,0,1,"2023-12-01 06:31:42",@gores007,"itu biasanya kena hack dr oknum bCA sendiri.....mmg biasanya begitu.....ada oknum BCA yg nakal......",0,,
UgwgGdn_Vc5O2fOdidh4AaABAg,0,0,"2023-12-01 05:27:46",@lfcfoundation5269,"Saldo BCA sya minus 198juta 😭",0,,
UgzWs6C-5eVP4i7YupN4AaABAg,0,0,"2023-11-30 18:55:15",@matabumi4304,"Saya prnah mengalami saldo hilang di mbca,400rb th2019 Bgini kronologinya,sya buka mbca saya lalu saya ingin melihat saldo,btw th sgitu kalo liat saldo masih harus masukan pin ya...,tp tiba2 muncul peringatan pin yg anda gunakan harus di perbarui,ok lalu saya perbarui,tp stlh di perbarui uang saya malah ilang 400rb,ya emg saldonya sgtu lbih sikitlah🤣,kaget donk panik lha kok bisa,intinya uang itu dihack lewat akun gopay,tp endingnya balik mskpun ngurusnya ribet 2/3 harian kalo gk salah uang udah balik pada tmpatnya🤪, Semenjak kejadian itu saya tidak lg menggunakan Gopay",0,,
UgzAr4D5mCVJ0bZ4Eed4AaABAg,0,0,"2023-11-30 13:01:08",@StefMau21,"Tidak ada sms, tidak ada notifikasi, tidak ada email.. Sangat idak masuk akal.. Tidak hanya BCA, mobile banking bank apapun tidak bisa dibobol, kalau kuncinya tidak diberikan.. baik diberikan dgn sengaja, atau diberikan tanpa disadari..",0,,
UgxMcC0tbAjSrxpdC654AaABAg,0,0,"2023-11-30 11:03:21",@3Btwsd,"Kalau hal SPT ini pasti ada preman di jaringan..yg sengaja meng hack jaringan seseorang.. Biasanya mereka memanfaatkan screen dl utk memantau aktivitas.. Kemudian sudah pasti mereka sengaja menghack... Caranya tracking langsung ke bank sumber dana yg di simpan nanti ada riwayat transaksi yg akan keluar..dari awal buka Rec sampai sekarang itu ada riwayatnya .",0,,
Ugz7LkfWCVezZ6cb5KJ4AaABAg,1,0,"2023-11-29 07:41:50",@jk.2023,"Paling aman 100% ya pakai token, dari dulu saya gak mau pakai mobile banking karena rentan di retas pihak ke 3, contohnya data simcard, data di hp, semua data history mudah di rekam pihak ke 3.",0,,
Ugz7LkfWCVezZ6cb5KJ4AaABAg.9xghyXIs2aq9yaBAh2zFYn,,0,"2023-12-21 15:22:29",@kambingu67,"Setuju gan. Pakai token memang ngga praktis, tapi lebih aman. Ane pakai 2 rekening, cuma satu yang m-banking, itu juga saldo minim. Begitu ada uang masiuk langsung ane pindahin. Ato baru ane isi kalau butuh belanja dll",1,Ugz7LkfWCVezZ6cb5KJ4AaABAg,@jk.2023
UgzBIEN4kwBf1bljGiN4AaABAg,0,0,"2023-11-29 07:02:23",@sur8258,"Kelanjutannya gmn bro? Nunggu update kayaknya dah 2 minggu blum ada titik terang",0,,
UgzS7NxqdWYY24Z3AbJ4AaABAg,1,0,"2023-11-29 00:47:02",@handysutjiawan6419,"Hp baru atau bekas ini ko?",0,,
UgzS7NxqdWYY24Z3AbJ4AaABAg.9xfyVWH6BhJ9xfymNtZIvM,,0,"2023-11-29 00:49:29",@mrbert,"Baca di deskrispi ada semua kok. Sampai gambar nya",1,UgzS7NxqdWYY24Z3AbJ4AaABAg,@handysutjiawan6419
Ugw1v_f3akx4YJOebL14AaABAg,0,1,"2023-11-28 12:19:53",@AzibMuahor,"Assalamualaikum bang abang bisa ngga bantu saya akun google ku di retas sama orang tidak di kenal plis bang😢",0,,
UgxTbM66C5ZqIQXNqlx4AaABAg,0,0,"2023-11-28 00:28:19",@mr.niceguy1915,"Halo, Mr. Bert. Adakah update terkait kasus ini? Saya berencana buka rekening BCA. Tapi rada was was krn kasus ini",0,,
Ugw6ZAm3xm0kNMGCvm54AaABAg,1,1,"2023-11-27 20:37:26",@ditamawarnippkkau,"QRIS dengan transaksi berulang-ulang harusnya bank sekelas BCA bisa langsung menggagalkan transaksi. Apalagi kalau nominal sama berulang kali.",0,,
Ugw6ZAm3xm0kNMGCvm54AaABAg.9xcx8PdZqcd9zcnhUcV7fW,,0,"2024-01-16 12:17:46",@Ran-fy6hd,"ya mungkin saja namanya juga di hack bu",1,Ugw6ZAm3xm0kNMGCvm54AaABAg,@ditamawarnippkkau
UgxRvY38iztBaoxSNEZ4AaABAg,0,0,"2023-11-27 19:07:07",@muhammadtaqwimi7863,"makasih mr bert...the best post cad😊",0,,
UgyrSM28diDyHkL9-LV4AaABAg,0,0,"2023-11-27 19:06:31",@muhammadtaqwimi7863,"saya tidak yakin transaksi ibu ini krn setip tab qris masukkan pin..dan alibi ajah hilang signal..mohon diusut tuntas. insya Allah akan ketahuan BCA nya lolos atau ibu yg bohong..unt hal in8 sy yakin ibu yg salah...mohon usut dan info ke kita😊",0,,
UgzHzRn4bWevJ7DDYGJ4AaABAg,1,0,"2023-11-27 12:13:14",@sudewagaming7308,"konon di konoha, bank kena security breach, korban nya disuruh jadi detektif .",0,,
UgzHzRn4bWevJ7DDYGJ4AaABAg.9xc2RXp44WS9xc2hUv1uzK,,0,"2023-11-27 12:15:32",@mrbert,"Sampai skrg juga gitu",1,UgzHzRn4bWevJ7DDYGJ4AaABAg,@sudewagaming7308
UgylGubrkLJQlOmrV-54AaABAg,0,0,"2023-11-27 08:29:24",@eqiabe,"Aku juga hilang 400rebu pake qris sakuku bca gagal tapi saldonudah kenpotong di mercen tidak berhasil",0,,
UgzqTyv2pa1cP_TKxqt4AaABAg,0,0,"2023-11-27 07:10:29",@residentevil999,"ko, apa benar kalo pake esim hp kita lebih aman? malingnya bisa factory reset hp kita ga?",0,,
UgyDf877d2gJwy57g7l4AaABAg,0,0,"2023-11-27 05:06:43",@ajikurniawan7060,"1. Kemungkinan sinyal naik turun bukan berarti ga ada. 2. Pelaku scan QR di gunung tapi pas klik transaksi loading ga dapet sinyal, itulah kenapa pas sampe bawah otw rumah hp anda dapet sinyal. barulah transaksinya terjadi. pada saat hp ga dipegang siapa2 3. Jangan terlalu percaya dulu dengan orang di sekitar anda 4. Liat histori aktifitas di akun gmail hp anda, apakah buka aplikasi bca mobile saat di gunung. kalo histori mengatakan anda buka aplikasi tersebut, fix orang terdekat anda. kalo ga, berarti pihak luar yg melakukan. tapi, jangan maen hapus histori kalo ternyata buka aplikasi dari hp anda. objektif dan jangan salahkan bca kalo emang begitu kejadiannya",0,,
UgzI3nm0cyxjIdqA0vh4AaABAg,0,0,"2023-11-27 02:40:17",@novajuliarta3265,"Saya pernah kejadian kurang lebih 3-4 bulan yang lalu. Ada transaksi di kartu kredit suami saya belanja di amazone dengan kurs us dollar dan dilakukan diamerika. Kalau dirupiahkan kurang lebih 1-1.5jutaan. Kami langsung telp hallo bca dan kirim surat melalui email. Kurang lebih 1 bulan kemudian transaksi tsb dibatalkan.",0,,
UgwFj539ELs-ADqSfDh4AaABAg,0,1,"2023-11-26 17:34:05",@DemriNainggolan,"Iya.usut tuntas..mr.bert..pihak bca harus respon klo tidak bisa jd buat resah nasabah yg lain..gbu",0,,
UgzTv_-bEagv0j_9SKh4AaABAg,0,0,"2023-11-26 16:35:50",@angelangel-q6b6f,"Aku juga sering pake Qris, tapi tiap aku cek emang ada kode nya dan nama penerimanya, heran aja kok di ibu ini gak ada nama penerimanya😢😢",0,,
UgyJu9EKk6w94oEkoml4AaABAg,0,0,"2023-11-26 14:16:35",@myrnapatriciaave5858,"Bisa jadi org dlm BCA nya mungkin. Ini hanya kemungkinan ya. Hrs diklarifikasi lbh lanjut demi kebaikan semua",0,,
UgyeNOMGyPCeaD5yEs94AaABAg,0,0,"2023-11-26 03:02:32",@mercyful5562,"Di China ada byk kasus scammer spt ini",0,,
UgzJaPG3AiMDUKOUSnR4AaABAg,0,0,"2023-11-26 02:26:24",@Andy-yh6yr,"selamat pagi koh, saya kena hack dari bulan juli apakah bisa dibantu koh ? karena sampai skrg oknum ini sudah menguasai nomor saya seluruhnya mungkin bisa via email koh untuk saya bisa menjelaskan terperinci ?",0,,
UgxMS4xoe0NKpqwtDgx4AaABAg,0,0,"2023-11-25 17:34:55",@candragunawan9997,"Lho bukannya tinggal dilihat aja pemilik kode qrisnya siapa😅",0,,
UgxsXws-URAQAnflxVV4AaABAg,0,0,"2023-11-25 15:16:09",@2e4l30,"Coba dilacak, hp-nya beli dimana? Atau pernah di servis ataukah tidak... Takutnya hp nya sdh di cloning. Karena saat diaktifkan dgn kartu SIM dan ATM yg baru, bisa langsung ada transaksi yg aneh... Jd menurut saya, yg bermasalah itu HP-nya....😊",0,,
UgxPoBIqBPINffA8SW14AaABAg,0,2,"2023-11-25 10:35:19",@distian66,"tapi kalau untuk ‘apps bca ga bisa ganti hp’, ngga kok koh, aku ganti hp beberapa kali bisa dan ga susah untuk login bca di hp yg baru tanpa ke lapor bank dulu",0,,
Ugx35wRdtpAANe_igrR4AaABAg,0,0,"2023-11-25 06:13:46",@alingphieter6867,"Berarti duitnya hilang 4jt tiba2 kembali lagi 2 jt dan 2jt",0,,
UgwbiCid2aHE_4A8tBB4AaABAg,2,0,"2023-11-25 03:07:54",@dianpermana6979,"Kalaupun itu benar hp nya ada yg hack dari jauh dan transaksi dari hp tersebut . Kenapa dia ga ganti hp aja . Dan jangan pernah pake lgi hp itu . Udh tau kan kecurigaan dia di hp itu . Kalau pun bener hp nya di hack . Mau bank manapun yg ada di hp itu ,tetap bisa transaksi sendiri di hp itu . Pikir aja .",0,,
UgwbiCid2aHE_4A8tBB4AaABAg.9xWvReTq1Aq9xWvnHw7DCh,,0,"2023-11-25 03:10:59",@mrbert,"Kan uangnya ditarik dan udah di blokir rekening nya. Ga liat yaaa semua videonya",1,UgwbiCid2aHE_4A8tBB4AaABAg,@dianpermana6979
UgwbiCid2aHE_4A8tBB4AaABAg.9xWvReTq1Aq9xWzU1CkUU5,,0,"2023-11-25 03:43:10",@dianpermana6979,"​@mrbert​@mrbert mksud nya gini koh ..si mba itu jangan pake lagi hp itu gitu . Itu kan di video si mba masih instal aplikasi BCA mobile di hp itu koh . Takutnya nanti bisa terjadi lagi",1,UgwbiCid2aHE_4A8tBB4AaABAg,@dianpermana6979
UgzY_vpttKhryVkUNuB4AaABAg,1,0,"2023-11-25 02:42:15",@dr.ranmark,"Bukannya kalo mau aktifin mobile banking, nomor yang terdaftar di sistem bank harus terpasang di perangkat yang sama ya? Kok ibu ini bilang OTP nya ga masuk ke handphone yang digunakan khusus untuk mBanking ?",0,,
UgzY_vpttKhryVkUNuB4AaABAg.9xWsVkUmlza9xWswqiKxq6,,0,"2023-11-25 02:46:04",@mrbert,"Nahhh itu dia. Bahkan BCA sendiri sampai saat ini belum bisa berikan jawaban konkrit",1,UgzY_vpttKhryVkUNuB4AaABAg,@dr.ranmark
UgzFpQuYhpzkzoe8Uat4AaABAg,0,0,"2023-11-24 14:16:35",@runniey,"Agak aneh sih pas bilang hp ini aja ga pernah terima otp, sementara untuk login pertama kali aja harus ada pengiriman sms dari hp tsb",0,,
UgzkD9wemU0e3uT7qD94AaABAg,0,0,"2023-11-24 12:55:39",@luwiwibowo8496,"Pake lawyer mbak..✌️",0,,
Ugw0Q3SPOIXkaFJoZep4AaABAg,0,0,"2023-11-24 07:52:37",@Oppo-z7q5u,"Klo gitu tarik semua deh uang yg ad di BCA ,,,,jadi takut",0,,
UgwUvSEAV_ScPY_FuXd4AaABAg,0,0,"2023-11-24 07:45:01",@nurulamuchtar624,"saya tidak menggunakan bank BCA, mau tanya emangnya kalau ada transaksi tidak ada notifikasi ke HP ya?, di bank lain ada notifikasi dan minta nomor OTP kalau mau transaksi",0,,
Ugw3d_d7SuAx_tR6yqF4AaABAg,0,0,"2023-11-24 00:35:13",@sugihartopurnomo2299,"Samperin aja ke toko alden.",0,,
UgwV4cHZ3qn-uLDJQI14AaABAg,1,1,"2023-11-23 17:51:22",@residentevil999,"Ko, hp yg sudah di factory reset apa bisa dibalikan lagi data hapenya? mau jual hp jadi was2 kalo yg beli bisa ngambil data mbanking pake alat2 tertentu",0,,
UgwV4cHZ3qn-uLDJQI14AaABAg.9xTLxaRe05I9xTMKIEHu8a,,0,"2023-11-23 17:54:36",@mrbert,"Kalo factory reset sih ga mungkin data balik. Bahkan jika data kembali daia gak mungkin tahu password dan pin kan. Jadi tenang aja yaa",1,UgwV4cHZ3qn-uLDJQI14AaABAg,@residentevil999
UgxUn0jN6JfrBV43uER4AaABAg,0,0,"2023-11-23 05:41:48",@psytsa,"apakah sudah trace yang menerima dana? karena semua sekarang bisa di trace harusnya",0,,
UgzkI5ZX5lozBskPllp4AaABAg,0,0,"2023-11-23 03:33:59",@marendrayudhistira8888,"Lahh gak bikin qris tapi ada transfer by qris …",0,,
UgymOvLfPW2Mjytb0Ih4AaABAg,0,0,"2023-11-22 23:48:12",@Sv_gravity_100,"Izin Bang tolong banget kasih tutorial cara kontak CS meta, soalnya IG saya ke hack terus beruntun ke FB. Mau reset password emailnya udh di ganti jadi email russia. Gk ada nge click phising tapi kyk nya hackernya dapet akses ke HP lama saya disitu banyak install aplikasi edit mod.",0,,
UgyWjlqYGrDaWio1AgB4AaABAg,0,0,"2023-11-22 19:21:41",@wawatkurniawan9778,"aneh juga, padahal QR Code hanya berlaku untuk 1 menit lalu reset dengan kode baru lagi, tapi kenapa bisa ada transaksi dengan QT yang sama berulang2 pada tanggal dan waktu yang berbeda",0,,
Ugx6pDYV8_JrxQcO_bB4AaABAg,0,0,"2023-11-22 16:52:59",@marthadachannel4660,"apa bisa di remote control ya hape nya",0,,
Ugw1weRbUBBfI_wzgVp4AaABAg,2,0,"2023-11-22 11:58:11",@oxsidechannel,"Dimana mana kalo mau transaksi QRIS wajib pake HP dengan Nomor yang terdaftarkan. M-Banking BCA saya aja gak bisa dipake kalo Nomor yang didaftarkan tidak ada dalam HP yang ada aplikasi M-Banking BCA nya. Lucu kalo tiap ada transaksi kok ga ada notif email / sms / WA sesuai data yang didaftarkan lho. Fix HP Nya ke Hack.",0,,
Ugw1weRbUBBfI_wzgVp4AaABAg.9xQ8jxAOdOM9xQXP-xUe5W,,0,"2023-11-22 15:33:38",@lgoritme,"M bca emang bisa dikasih notif ke email/SMS? Klo panin ada alert sms",1,Ugw1weRbUBBfI_wzgVp4AaABAg,@oxsidechannel
Ugw1weRbUBBfI_wzgVp4AaABAg.9xQ8jxAOdOM9xQmg3QgeHY,,0,"2023-11-22 17:55:55",@oxsidechannel,"@lgoritme bisa. Saya pake M-Banking & Klik BCA + Key BCA (Token BCA)",1,Ugw1weRbUBBfI_wzgVp4AaABAg,@oxsidechannel
UgwhcRLtKxaQJDk2RTR4AaABAg,1,0,"2023-11-22 09:25:07",@bobytan2397,"lanjutannya mana nih sdh hampir 2 minggu???",0,,
UgwhcRLtKxaQJDk2RTR4AaABAg.9xPsDslUs3w9xPsJ7-glmI,,0,"2023-11-22 09:25:50",@bobytan2397,"apa sdh di tutup ya kasusnya???",1,UgwhcRLtKxaQJDk2RTR4AaABAg,@bobytan2397
UgwhxO68gEgrR5RW8il4AaABAg,0,0,"2023-11-22 05:44:55",@wongkebazen,"Apakah pernah ganti hp dan hp lama dijual",0,,
Ugy5TU9FC-l09dRGUcV4AaABAg,0,0,"2023-11-22 04:43:21",@herywong77,"Mbak evita harus bilang bahwa mbak ini kerabat p jokowi atau pejabat lainnya. Pasti langsung ketahuan😂😂😂 indahnya indonesia",0,,
UgwLfOmLPAXGPi2R7fJ4AaABAg,0,0,"2023-11-22 03:14:30",@nkri3784,"Mba nya masih simpan di BCA.. Kalau masih.. Mencurigakan. 😅😅😅",0,,
Ugy7V6p7Wr1lQgpon6V4AaABAg,0,0,"2023-11-22 01:00:49",@supriyatin2290,"Makamya jgn ikut2an pake QRIS kl uangnya hilang koar2 di medsos. Salah Lu goblok di pelihara, jk ada produk baru launching di bank ato di perusahaan manapun pikirkan resikonya",0,,
UgwrlIB1u0KZ1cTuAFp4AaABAg,1,0,"2023-11-21 22:17:37",@iwanlubis9814,"Maaf HP mbak evita pakai Android ya...",0,,
UgwrlIB1u0KZ1cTuAFp4AaABAg.9xOfpxdz0tt9xOgB1oZob8,,0,"2023-11-21 22:20:38",@mrbert,"Baca Deskripsi yaaa agan ku.",1,UgwrlIB1u0KZ1cTuAFp4AaABAg,@iwanlubis9814
UgxQzZQL1nwrS0jrUqJ4AaABAg,0,0,"2023-11-21 18:14:35",@Joseph.Krisatanto.666,"beli hapenya dari mana ? 2nd kayanya ini pasti.. bisa jadi sudah di tanam malware apk undangan mantan atau apk paket unknown dari kurir iblis",0,,
Ugww9SgXy4npvAXIGIl4AaABAg,1,0,"2023-11-21 16:08:34",@emoo13key,"Kenapa ga cari aja toko yang terima Qris nya, kan bisa??",0,,
Ugww9SgXy4npvAXIGIl4AaABAg.9xO0avcS99c9xO5jz9FGYU,,0,"2023-11-21 16:53:29",@lgoritme,Susah,1,Ugww9SgXy4npvAXIGIl4AaABAg,@emoo13key
UgzdGLxDfXuJvefE_C94AaABAg,0,0,"2023-11-21 09:27:33",@koyamin5342,"Sama saya di aflikasi DANA ilang uang ku... transfer sendiri..di bobol..Rp.936000 .untung dikit",0,,
Ugw_2HO6esinbKUYTWp4AaABAg,1,0,"2023-11-21 05:34:20",@tikachu2308,"Sebenernya saya penasaran, sistem BCA bisa ga mendeteksi perangkat apa yang digunakan untuk transaksi QRIS itu (bener hp mbanya atau hp yang berbeda). Kalau dari sistemnya memang match, ga salah mereka minta bukti cctv. Tapi kalau belum jelas device apa yang digunakan untuk transaksi, harusnya BCA juga bisa bantu backtrack tindakan administrasi m-banking apa saja yang udah dilakukan untuk rekening mbanya. Apakah pernah ada permintaan ganti device, ganti PIN, atau ganti nomor hp sebelum kejadian ini? Itu semuanya harus jelas.",0,,
Ugw_2HO6esinbKUYTWp4AaABAg.9xMt0eJXXyW9xO5uaTTEhj,,0,"2023-11-21 16:54:56",@lgoritme,"Harusnya bisa buktinya ganti hp aja musti verifikasi ulang, jd otomatis aplikasi detek model hp kita.",1,Ugw_2HO6esinbKUYTWp4AaABAg,@tikachu2308
UgwpiJGAHYE_7_940V14AaABAg,0,0,"2023-11-21 04:08:39",@l_one.studio,"mau tanya Mba nya beli HP baru atau second..? (pernah service2 di counter2..? kah)",0,,
UgwtlenOL_CWmHCWVB94AaABAg,0,0,"2023-11-21 01:17:56",@NicholasWijaya-e4h,"Bang email saya baru ke hack Bisa bantu saya gak? Saya dah coba hack balik tapi nihil soalnya dia udah ubah banyak hal di dalam email saya Padahal ada uang saya juga disana mohon responnya bang",0,,
UgzIui350H2anvzIYJd4AaABAg,1,0,"2023-11-20 20:00:02",@Nata-r6t,"Viralin si ini kalo ga jadi penyakit",0,,
UgzIui350H2anvzIYJd4AaABAg.9xLrINGvcY_9xO62FasXsT,,0,"2023-11-21 16:56:07",@lgoritme,"Masuk CNBC new gan barusan",1,UgzIui350H2anvzIYJd4AaABAg,@Nata-r6t
UgwPMdwEi2exT3HBlkx4AaABAg,0,0,"2023-11-20 15:17:41",@Juan_psb,"Jadi lah smart peoples 😂",0,,
UgzofKgKq4CvnwuBOFt4AaABAg,0,0,"2023-11-20 14:39:31",@andrianikoriatin696,"Jadi takut nabung di BCA",0,,
UgxEgDco9TXGYlFi2tt4AaABAg,0,0,"2023-11-20 11:32:46",@Yntkts928,"Bang apakah dengan ganti nomor link phising hilang?",0,,
UgwOlSsmP3dqyjlTZQ94AaABAg,0,1,"2023-11-20 10:24:29",@JDtrain1,"Qris teknologi baru metode hacknya juga baru, Indonesia masih lemot soal teknologi.",0,,
UgwIPiheYHPsHYBS2Ih4AaABAg,1,0,"2023-11-20 10:04:36",@mangwijaofficial1060,"Saya habis beli hp baru saya pindahin mobile banking bca nya ke hp baru kok bisa dipake ya aman ngga , saya daftarin sendiri tanpa bantuan orang banknya",0,,
UgwIPiheYHPsHYBS2Ih4AaABAg.9xKn9H_HWHq9xO69A8Kdrv,,0,"2023-11-21 16:57:04",@lgoritme,"Pakai verifikasi atau auto login",1,UgwIPiheYHPsHYBS2Ih4AaABAg,@mangwijaofficial1060
UgzKpEDkTl3OXnJes9p4AaABAg,0,0,"2023-11-20 07:29:30",@b4rbatoz,"Saya pemakai qris bca krn punya toko selama ini aman2 aja sih, kalo emang merasa transaksi puluhan juta ngapain pakai qris langsung aja tf rekening ngmodal dikit gk apa2 asal aman",0,,
Ugzl4Ohu6L3RO8yHX6x4AaABAg,0,0,"2023-11-20 06:15:02",@cytatriyantari8201,"Wah ini kasus yg ngeri2 sedap. Smoga dan berharap g terjadi pd kita dan berharap jg pihak2 yg terkait ada itikat baik u/ mambantu membuat terang masalah ini. Klo ada detektif conan, sy minta tlg ke dia deh.",0,,
UgzoWbA4PgegsIMX71t4AaABAg,1,0,"2023-11-20 02:38:42",@rempongkali2069,"Nanyainnya mbulet aja",0,,
UgzoWbA4PgegsIMX71t4AaABAg.9xK-7RnO6MF9xO6EqwdXih,,0,"2023-11-21 16:57:50",@lgoritme,"Iya kasian yg ditanyakan malah stress,",1,UgzoWbA4PgegsIMX71t4AaABAg,@rempongkali2069
Ugz4a1mrdRqsGWiCUwx4AaABAg,1,0,"2023-11-19 14:51:34",@hendilim4472,"Lapor polisi dulu menurut saya agar bca mau telusuri",0,,
Ugz4a1mrdRqsGWiCUwx4AaABAg.9xIjCCaqAo99xO6JLP_Ajc,,0,"2023-11-21 16:58:27",@lgoritme,"Pastinya udh lapor polisi lah gan ga mungkin enggak, apalagi buat minta cctv",1,Ugz4a1mrdRqsGWiCUwx4AaABAg,@hendilim4472
Ugx06hG6AP2831x29IR4AaABAg,1,0,"2023-11-19 10:15:34",@ggamer8498,"Ditunggu lanjutan kasusnya mas, semoga selesai masalahnya. saya rasa meminta video CCTV itu wajar aja, bukan solusi tolol , karna harus dipastikan dulu hp itu transaksi sendiri atau tidak. walaupun mbaknya sudah berikan keterangan dia lagi naik gunung atau lagi dijalan. Andai saja ada 1 rekeman CCTV mbak lagi beraktivitas lain tetapi hpnya ada di st, dan saat itu jg transaksinya terjadi. kalau itu bisa terbukti bearti kita bisa duga ada oknum orang BCA yang bertransaksi.",0,,
Ugx06hG6AP2831x29IR4AaABAg.9xIEboAJAKN9xO6LY-OhJP,,0,"2023-11-21 16:58:45",@lgoritme,"Masuk CNBC hari ini",1,Ugx06hG6AP2831x29IR4AaABAg,@ggamer8498
Ugxn7jj8hnFEzWhRWeB4AaABAg,0,0,"2023-11-19 09:49:03",@kasturisaja8407,"Saran ku tdk perlu pakai QRIS",0,,
UgyMEDbHjNhdqcAQDWF4AaABAg,0,1,"2023-11-19 07:07:01",@TheDemarco09,"Sebaiknya mbak Evita juga lapor ke OJK sebagai otoritas pengawasan Bank. Dengan bukti bukti yang ada. Semoga berhasil.",0,,
Ugz7UMAUQNWc9MyMtD14AaABAg,0,0,"2023-11-19 06:51:55",@animasi_ai-99,"QR bca saya tidak bisa di scan,punya temen2 saya QR juga tidak bisa diakses alias error,kok bisa QR dihack",0,,
UgxOsbFo1gTMDBf987h4AaABAg,1,0,"2023-11-19 06:39:18",@andresaputrapurba8564,"Gandeng Pihak ke 3 yakni Kepolisian.",0,,
UgxOsbFo1gTMDBf987h4AaABAg.9xHqrn0Ezp99xHr4GM_zfc,,0,"2023-11-19 06:41:08",@andresaputrapurba8564,"Utk menyelidiki Toko Aiden selaku penerima Qris. Qris itu gak bisa dibuat sembarangan harus verifikasi data id dan toko. Pencairan qris juga harus di cairin ke bank. Ahhh Polisi sudah tau bnyak lah masalah2 kyk beginian hahaha",1,UgxOsbFo1gTMDBf987h4AaABAg,@andresaputrapurba8564
UgwOUnOUdWt8xl3h0V54AaABAg,1,0,"2023-11-19 05:00:51",@potetketut6455,"Masak Gk ada mutasi rek??",0,,
UgwOUnOUdWt8xl3h0V54AaABAg.9xHfaiK1V0s9xO6T5T55Gs,,0,"2023-11-21 16:59:47",@lgoritme,"Ada itu ga liat full",1,UgwOUnOUdWt8xl3h0V54AaABAg,@potetketut6455
UgzouTngFeMdEB2mPwx4AaABAg,0,0,"2023-11-19 02:16:13",@uddorangsby,"Kami dari dulu tdk pernah install aplikasi bank apapun di HP Android (open source sangat rawan virus dll). Solusi kami yaitu pakai iphone bekas yg lebih murah, khusus utk install aplikasi bank (beserta nomor GSM terdaftar pastinya). Dan yg pasti masih disupport oleh aplikasinya. Kalo terlalu jadul tdk support jadinya tdk dpt dipakai.",0,,
UgzTpTB10OB-6cWEPy14AaABAg,0,0,"2023-11-18 23:59:57",@senoakmalulyaqinkodratullo9011,"Itu beli hp second,kali. Kalau bener second berarti yg nge hàck itu pemilik hp yg lama",0,,
UgyZB7cHqEh7iam_fYF4AaABAg,1,0,"2023-11-18 17:15:40",@jendralsarap1616,"untuk minta rekaman cctvnya mungkin bisa dengan pihak kepolisian yang minta, tp memang ibunya harus bikin laporan kehilangan resmi di kepolisian, baru nanti polisinya yang minta rekaman cctv ke pihak rumah sakit.",0,,
UgyZB7cHqEh7iam_fYF4AaABAg.9xGPtnlpg299xO6cDHKq3T,,0,"2023-11-21 17:01:10",@lgoritme,"Udah hilang 30 hari, CCTV nya ga semua nyimpen CCTV 3 bukan an atau lebih",1,UgyZB7cHqEh7iam_fYF4AaABAg,@jendralsarap1616
Ugw7bUqjdVL2VHh4HYl4AaABAg,0,0,"2023-11-18 15:20:42",@afathdy8264,"Kak saya barusan liat video kakak yang di posting 9 bulan yang lalu tentang hp kena hack, Kak bisa bantu saya, hp tunanagan saya di hack, sudah saya reset pabrik tapi si hacker masih meneror tunagan saya melalui whatsap, apakah kakak bisa berkenan membantu saya🙏🙏🙏🙏",0,,
UgyWSupEkfWf9PmnKlB4AaABAg,2,0,"2023-11-18 15:13:12",@isemesta3191,"Kalau tidak ada sinyal untuk data internet, apa mungkin posisinya bisa ketahuan?",0,,
UgyWSupEkfWf9PmnKlB4AaABAg.9xGBsmdbMQi9xGCCSi4_tL,,0,"2023-11-18 15:16:01",@mrbert,"GPS kan bisa hidup tanpa signal. Garmin kan ga pakai jaringan telepon kan",1,UgyWSupEkfWf9PmnKlB4AaABAg,@isemesta3191
UgyWSupEkfWf9PmnKlB4AaABAg.9xGBsmdbMQi9xI06LsmU-x,,0,"2023-11-19 08:08:48",@isemesta3191,"​@mrbertGPSnya memang hidup tapi seharusnya tidak merekam data, tapi ini rekamannya jelas walaupun tanpa sinyal data",1,UgyWSupEkfWf9PmnKlB4AaABAg,@isemesta3191
UgxUahn40d3o59XpAC14AaABAg,0,0,"2023-11-18 08:26:57",@BungKris99,"Mgkn hpnya di cloning",0,,
UgykvcF9WCqXfM4hBXl4AaABAg,0,0,"2023-11-18 07:56:06",@ekaarifka,"Ya Allah 68jt, aku baru aja ketipu kemarin sejuta lewat OneKlik BCA aja masih nyesek sampai sekarang. Sakit... banget🥲",0,,
UgwuecZ9Do1FBjQ4ntR4AaABAg,0,0,"2023-11-18 06:53:41",@beyouniquebrand,"Gopay juga bisa begitu, tapi pihak gopay nya tidak mau tanggung jawab, katanya sudah di reset pun, begitu di masukin uang lagi, hilang juga di pake hacker nya, jd sudah un install saja tu gopay",0,,
UgzpynqOIllwCCq4zwl4AaABAg,0,0,"2023-11-18 05:18:18",@clonnergraph4465,"wah paraahhh",0,,
UgwblzfxO_WgdADTo_J4AaABAg,0,1,"2023-11-18 04:19:52",@notex6256,"Sering sekali terdengar nasabah hilang duit nya yg di simpan di BCA .",0,,
Ugw9sOx8tHq3WyN4M5d4AaABAg,0,2,"2023-11-18 03:41:13",@yitnawulan5672,"kalo kemungkinan terbesar hpnya mbaknya udah kena malware duplikasi, meskipun mbaknya ngelak hp nya bersih tapi kita nggak bisa pastiin 100%, karna kejadian hacking bisa dateng darimana aja, tanpa kita sadari",0,,
Ugz0RRjVejk5rvpv-PN4AaABAg,1,1,"2023-11-17 22:59:09",@rahmadwahyudi7543,"Kayak gue aja aman.. Simpen uang hampir 3M di brangkas seberat 1 ton didalam kamar",0,,
Ugz0RRjVejk5rvpv-PN4AaABAg.9xESPf-hlKP9xO6lcTETpW,,0,"2023-11-21 17:02:27",@lgoritme,Mantap,1,Ugz0RRjVejk5rvpv-PN4AaABAg,@rahmadwahyudi7543
UgwX-C8fMWSzJJwZP7x4AaABAg,0,0,"2023-11-17 20:00:34",@DjonnyKrajkatoaSimattaIrMsc,"Biasax operator",0,,
Ugy89kA5CoDL9EcY0ll4AaABAg,0,0,"2023-11-17 18:12:40",@maida_ayu,Hmmmm,0,,
UgzxPC6WwCDLF4_-ZiR4AaABAg,7,1,"2023-11-17 17:42:56",@robbybahtera2967,"Ini lah contoh negara kita literasi masih rendah. Kalau sistem bank nya jebol, ngapain target org saldo menengah. Gas yg saldo gede. Itu jelas hp nasabah nya sendiri ada sesuatu",0,,
UgzxPC6WwCDLF4_-ZiR4AaABAg.9xDtD_q2wyd9xDtcbAc5DW,,0,"2023-11-17 17:46:29",@mrbert,"Tahu ada system QRIS yg kena masalah random?? Belum pernah dengar yaaa. Tunggu video nya yaaa",1,UgzxPC6WwCDLF4_-ZiR4AaABAg,@robbybahtera2967
UgzxPC6WwCDLF4_-ZiR4AaABAg.9xDtD_q2wyd9xDtnyZkQ6C,,0,"2023-11-17 17:48:02",@robbybahtera2967,"@mrbert QRIS ada metode scan gambar kan? Nah itu yg harus di curigai",1,UgzxPC6WwCDLF4_-ZiR4AaABAg,@robbybahtera2967
UgzxPC6WwCDLF4_-ZiR4AaABAg.9xDtD_q2wyd9xDtsD-cbUX,,0,"2023-11-17 17:48:37",@robbybahtera2967,"@mrbert di tggu video nya. Uda subscribe nih",1,UgzxPC6WwCDLF4_-ZiR4AaABAg,@robbybahtera2967
UgzxPC6WwCDLF4_-ZiR4AaABAg.9xDtD_q2wyd9xDuMNQR205,,0,"2023-11-17 17:52:52",@mrbert,"@robbybahtera2967 laporan dari BCA pertanggal 16 november katanya ini offline dan scan dari hape sendiri. Namun lokasi nya di mana ga diberi tahu. Merchant dana. Nahhhh udah makin simple kan? Namun kenapa ga terbuka lebih transparan. Ada 5 lokasi berbeda. Dari smua nya. Tapi ga mau di kasi tahu lokasinya.",1,UgzxPC6WwCDLF4_-ZiR4AaABAg,@robbybahtera2967
UgzxPC6WwCDLF4_-ZiR4AaABAg.9xDtD_q2wyd9xDvG6uXtv8,,0,"2023-11-17 18:00:45",@robbybahtera2967,"​@mrbertoffline dalam arti transaksi QRIS langsung kan? Masalah nya bukti kalau posisi ga ada signal itu memang ga kuat. Posisi lini masa itu bisa dari posisi hp lain dengan gmail yg sama. Kalau gw ga salah ni ya nasabah nya pakai m-bca kan? Security m-bca itu sangat lemah. Login pakai id dan transaksi pakai pin aja. Makanya gw sendiri pakai nya mybca. Login menggunakan biometric. Untuk sekarang biometric itulah yg paling aman untuk aplikasi perbankan",1,UgzxPC6WwCDLF4_-ZiR4AaABAg,@robbybahtera2967
UgzxPC6WwCDLF4_-ZiR4AaABAg.9xDtD_q2wyd9xDva7_NDB7,,0,"2023-11-17 18:03:37",@robbybahtera2967,"​@mrbertuntuk masalah bank ga mau terbuka ini uda dari dulu. Ga paham juga sih kenapa. Jgn kan kasus begini. Kita lapor penipuan aja nasabah penipu nya masih di lindungi bank",1,UgzxPC6WwCDLF4_-ZiR4AaABAg,@robbybahtera2967
UgzxPC6WwCDLF4_-ZiR4AaABAg.9xDtD_q2wyd9xHwrJbORuV,,0,"2023-11-19 07:31:40",@lgoritme,"​@robbybahtera2967kalau mbca cuma didaftarin no transaksi aman ga, plis bantu jawab",1,UgzxPC6WwCDLF4_-ZiR4AaABAg,@robbybahtera2967
UgxVDKdXGpuhYomrHid4AaABAg,0,0,"2023-11-17 16:53:26",@bagongfisherman,"Mungkin tidak jika itu dimanipulasi oleh internal pihak bank? Karena katanya tidak ada jaringan di hp nya, kan naik gunung.",0,,
Ugx-k2dFqPIzWRIHrId4AaABAg,0,0,"2023-11-17 16:35:05",@dedod,"menurut gw, hape mba nya udah ke remote bro Bert,",0,,
Ugze0wUHyi_Ruq2YqQp4AaABAg,2,3,"2023-11-17 14:57:11",@Andre17819,"Hanya satu kata,kenapa sudah tahu penerima nya tidak diambil tindakan.Seperti kasus saya sudah lapor kepolisian bhw penerima Dana tsb adalah pelaku Dan penjahatnya tetapi malah dibela mati2an dgn mengatakan bahwa itu adalah kesalahan korban sendiri.Aneh bin ajaib hallo "" ... """,0,,
Ugze0wUHyi_Ruq2YqQp4AaABAg.9xDaFaPjDht9xKOSCMM10B,,0,"2023-11-20 06:19:59",@cytatriyantari8201,"Haaaaah... seriuuuus? Klo dmkn, g salah dong klo kita kmdn akhirnya menaruh curiga bhw ada konspirasi di antara mrk. Jd sbg nasabah, kmn kita hrs meminta penyelesaian masalah secara terang benderang??? Parah...",1,Ugze0wUHyi_Ruq2YqQp4AaABAg,@Andre17819
Ugze0wUHyi_Ruq2YqQp4AaABAg.9xDaFaPjDht9xO7-aVvgQr,,0,"2023-11-21 17:04:30",@lgoritme,"Perdata vs Pidana saya juga bingung kalau masalah duit lapornya kemana,.",1,Ugze0wUHyi_Ruq2YqQp4AaABAg,@Andre17819
Ugx6H_-KJE67vQ6niYl4AaABAg,1,0,"2023-11-17 13:51:58",@davidsugitanoto4708,"M banking memang gak aman sebetulnya",0,,
Ugx6H_-KJE67vQ6niYl4AaABAg.9xDTmyfRNB_9xO72ebGTqT,,0,"2023-11-21 17:04:55",@lgoritme,"Iya ga ada OTP",1,Ugx6H_-KJE67vQ6niYl4AaABAg,@davidsugitanoto4708
UgzTUdR7HCeXzv2K_ll4AaABAg,0,0,"2023-11-17 12:36:28",@deaayu9233,"Lahhh...klo saya Qris dana kirim pulsa dari no hp saya sendiri tgl 15 Oktober 2023.kok bisa di ok kounter hp di Manggarai Jakarta sedangkan saya ada di Semarang..emg sih saya menyetujui kirim pulsa dari dana ke no hp saya..ternyata gak nyampe ke no hp aku",0,,
UgyOpa5_tOs7tEC5PHZ4AaABAg,1,0,"2023-11-17 12:21:44",@pademoganteng8420,"Apa gak bisa di trace back. QRIS tersebut menuju ke rekening mana.",0,,
UgyOpa5_tOs7tEC5PHZ4AaABAg.9xDJT1l0F-I9xO7BExllpS,,0,"2023-11-21 17:06:05",@lgoritme,"Pihak bank ga bisa kasih tau, qris beda bank musti minta bantuan polisi buat buka data qris nya,",1,UgyOpa5_tOs7tEC5PHZ4AaABAg,@pademoganteng8420
UgzkhgGVWZKyTD5MwvZ4AaABAg,2,1,"2023-11-17 11:32:42",@nurwijaya71,"Ada modus baru jg ini n masih fresh. Saya gak ngapa²in tiba² ada verifikasi pin melalui sms. Ini berlaku terus menerus,dengan macam² ecommerce di dunia spt amazon, ebay, dll. Saya takut, suatu saat bisa bobol jg. Ada yg tau gak apa penyebabnya? Apa ada yg pakai data saya dengan detail?",0,,
UgzkhgGVWZKyTD5MwvZ4AaABAg.9xDDqy_SKcw9xO7E0fEqIE,,0,"2023-11-21 17:06:28",@lgoritme,"Akun ADA OTP bukan",1,UgzkhgGVWZKyTD5MwvZ4AaABAg,@nurwijaya71
UgzkhgGVWZKyTD5MwvZ4AaABAg.9xDDqy_SKcw9xQZPIX2eQm,,0,"2023-11-22 15:51:09",@nurwijaya71,"@lgoritme gak tau jg, tiba² ada pin otp padahal gak ngapa²in. Curiga sih ada aplikasi yg memata³i semua data saya di hp.",1,UgzkhgGVWZKyTD5MwvZ4AaABAg,@nurwijaya71
UgxtAvEmV_Ov8uWsCfd4AaABAg,0,0,"2023-11-17 11:09:12",@adikusuma2412,"Bang tolong bahas hacker yg suka ngehack akun lewat ""notifikasi pemblokiran"" di facebook yang baru viral..",0,,
Ugx1H32tfWPyDi1br8h4AaABAg,0,1,"2023-11-17 08:41:23",@lile5341,"Maksud nya KOR (koreksi transaksi, dibalikin/dibatalkan yg) bukan transaksi QR baru lg buk. scan QR hanya sekali rekam, kl dikoreksi tdk perlu scan lagi. Itu bukan transaksi baru bu, dan KOR itu biasa nya bukan atas perintah penerima, mungkin si penerima (pelaku) tidak sempat lakukan settlement di EDC jadi nya terbatalkan otomatis, kejadian yg kedua ini nga ada yg aneh bu, tidak ada sangkut paut dgn kartu ATM baru/ PIN baru/ kode akses baru",0,,
Ugx-1Y5aJkjt-Hkz3TN4AaABAg,0,0,"2023-11-17 08:37:38",@lile5341,"Tidak ada sistem yg 100% anti pembobolan, karena sistem itu perlu berinteraksi dgn manusia, kemungkinan besar titik lemah terbesarnya ada di sisi manusia, bukan pada sistem, sistem itu sangat susah dan mahal biayanya untuk di brute force, tp manusia gampang sekali dan murah biaya nya utk serangan social engineering, jadi 99.99999% itu lubang nya ada di sisi manusia, entah manusia dari pihak korban atau petugas BCA",0,,
UgxMXvkVUnEy9EifNdN4AaABAg,0,0,"2023-11-17 08:25:59",@lile5341,"korban mana bisa yakin di dalam hp tidak terinstal yg aneh2, nama nya malware tidak pernah mengiklankan diri wei saya sudah ada di dalam hp anda nih, hp ibu ini harus diperiksa forensik, bahkan bisa juga terinstal saat mulai beli pertama.",0,,
Ugw8cnQiKEzcW_c0eY14AaABAg,0,0,"2023-11-17 08:23:14",@lile5341,"Pihak BCA bisa cek kok itu saat transaksi yg pembobolan itu menggunakan perangkat apa, IP address apa, tinggal dicek aja apakah sama dgn yg punya korban. Bisa juga HP nya sudah terjangkit malware dan bisa dicloning jarak jauh. Suka download dari WA group bahkan penipu yg mengirim APK malware",0,,
UgzdlR5_KoGGK-IEYCh4AaABAg,0,0,"2023-11-17 08:17:59",@lile5341,"tinggal telusuri aja itu Toko Aiden itu dimana",0,,
Ugz23YBAli7C7RsQR7h4AaABAg,0,1,"2023-11-17 08:15:35",@lile5341,"ini kemungkinan besar identity theft. jadi hp/ nomor sim/ identitas sdh dikloning di hp lain. Dan kl sampai tau pin M-banking kemungkinan besar pelaku org sekitar",0,,
UgywEeorQ-YYB45Kirl4AaABAg,0,0,"2023-11-17 08:00:25",@ismailmarzuki1275,"make sure HP nya tidak links to windows, karena yang di takutkan aktifitas transaksi nya secara remote menggunakan perantara device lain....",0,,
UgzatFQEe0s-2YwLQdl4AaABAg,4,0,"2023-11-17 07:45:58",@michelhkciel,"Emang agak riskan kalau nabung uang besar di bank skrg. Saya pernah kerja di salah 1 bank swasta & saldo nasabah pernah ada yg bisa tertipu (hipnotis) dalam jumlah saldo besar. Dan banknya gak menggantikan. Itu sebelum tren nontunai macem skrg lagi. Apalagi udah jaman perpindahan saldo tanpa perlu pakai transaksi kertas uang jaman now. Seperti kalau masalahnya karna qris macem gini. Masalah jaringan lah, di hack lah, terlalu ambigu. Makanya duit di bank cuma buat cadangan biaya hidup & bayar² aja",0,,
UgzatFQEe0s-2YwLQdl4AaABAg.9xCouLaMG9n9xHxMUVFwji,,0,"2023-11-19 07:36:03",@lgoritme,"Tips nya gimana beli tanah aja?",1,UgzatFQEe0s-2YwLQdl4AaABAg,@michelhkciel
UgzatFQEe0s-2YwLQdl4AaABAg.9xCouLaMG9n9xI3Bo-bp1D,,0,"2023-11-19 08:35:46",@michelhkciel,"@lgoritme Bisa dipertimbangin dibagi ke beberapa tempat. Jgn fokus di 1 tempat aja. Tapi mesti mau repot juga, cari info, update terus, mau repot mantau. Cara biar maksimal di passive income ya gitu. Beli tanah/bangunan juga bisa. Tapi ada resiko yg mesti dipersiapin juga. Kayaknya standar bank besar juga punya limit pergantian total kerugian kalau hilang nominal besar kan? Apalagi bank kecil",1,UgzatFQEe0s-2YwLQdl4AaABAg,@michelhkciel
UgzatFQEe0s-2YwLQdl4AaABAg.9xCouLaMG9n9xO7oqJlleu,,0,"2023-11-21 17:11:38",@lgoritme,"Kenapa yg jd korban pasti nasabah kecil, kalo yg kaya2 raya duit M2an jarang ada kasus apa kah penanganan beda atau emang kasus yg jd korban cuma masyarkat menengah kebawah, tanah bangunan kynya mahal bgt jaman skrng, asset lain paling cuma RDN, entah obligasi, atau saham,",1,UgzatFQEe0s-2YwLQdl4AaABAg,@michelhkciel
UgzatFQEe0s-2YwLQdl4AaABAg.9xCouLaMG9n9xOA9hrWnFw,,0,"2023-11-21 17:32:05",@michelhkciel,"@lgoritme Emang utk nsb² yg perlu service lebih dan berduit juga, bank bisa kasih fitur tabungan prioritas. Dan umumnya itu dapet kemudahan lebih dan pasti ada keuntungannya juga. Cuma kalo sampe duit nasabah hilang berM-Man, itu pasti bukan nasabah kecil. Antara tabungan perusahaan (coorporate) atau tabungan org berduit, gak bisa dibilang nasabah besar pasti lolos resiko IMO. Cuma dibanding si nasabah besar itu nuntut & beritanya bikin nama banknya jd jelek, ya mending diganti aja sm banknya. Toh saldo ngendep besar di bank juga byk gunanya buat aktivitas pihak bank",1,UgzatFQEe0s-2YwLQdl4AaABAg,@michelhkciel
Ugz4owsrZPhqKmsrfcd4AaABAg,3,6,"2023-11-17 07:12:20",@jennifercommunicatio,"Temen sy pernah punya kasus di bank swasta lain, di hack, kena 15 jt. Stlah dicek, ternyata temen sy pernah di telp org yg mengaku dari bank tsb n dia memberikan info data2nya, makanya dia bisa kena hack. Jadi kita harus hati2 menjaga data pribadi kita 🙏",0,,
Ugz4owsrZPhqKmsrfcd4AaABAg.9xCl3-kITJXA-VGRbnOft0,,0,"2024-02-07 01:15:50",@mitafm1818,"Trs uangnya bs balik g kak",1,Ugz4owsrZPhqKmsrfcd4AaABAg,@jennifercommunicatio
Ugz4owsrZPhqKmsrfcd4AaABAg.9xCl3-kITJXA-VJpInRoZ-,,0,"2024-02-07 01:45:25",@jennifercommunicatio,"@mitafm1818 Puji Tuhan balik. Krn temen sy lgsg lapor stlah dia sadar, waktu itu duitnya blom ketarik. Dan org bank jg bilang ada bbrp kali gagal transaksi. Mrk setuju utk blokir aja akun nya. Tp anehnya stlah diblokir pun penipu itu bisa tembus, 1 minggu lebih stlah pemblokiran penipu itu bisa pindahin dana. Jelas ini kesalahan bank, krn gak bisa melindungi nasabahnya.",1,Ugz4owsrZPhqKmsrfcd4AaABAg,@jennifercommunicatio
Ugz4owsrZPhqKmsrfcd4AaABAg.9xCl3-kITJXAFQSQmC8xu1,,0,"2025-03-08 20:46:40",@ariestaavril6232,"​@mitafm1818biasanya gabisa, makanya jangan kasi pin - otp Dan data penting lain nya meskipun ybs mengaku cs bank atau apalah itu",1,Ugz4owsrZPhqKmsrfcd4AaABAg,@jennifercommunicatio
UgyGcilcKcVRYNqqYbR4AaABAg,1,0,"2023-11-17 06:34:14",@dim6707,"Simplenya, pihak bank itu MALAS, dan tidak mau membantu NAsabah",0,,
UgyGcilcKcVRYNqqYbR4AaABAg.9xCggvPPuqT9xO868XIk_F,,0,"2023-11-21 17:14:07",@lgoritme,"Kasusnya udah naik ampe CNBC masuk kanal semua platform berita, moga ada titik terang,",1,UgyGcilcKcVRYNqqYbR4AaABAg,@dim6707
UgwUkhcY5nWoHX1Ak1x4AaABAg,0,0,"2023-11-17 06:09:33",@gelousys,"Bca bank paling aman?",0,,
UgxsNO0UipiHc2Qy2sR4AaABAg,1,0,"2023-11-17 05:46:33",@RahmanAjiPermana,"yang lumayan bikin bingung: 1. hape steril ga pernah nerima OTP dan sejenisnya; padahal mbanking itu SIM 1 harus nomor yang didaftarkan, dan tentu nerima OTP ke nomor itu pas awal aktivasi aplikasi 2. BCA minta syarat aneh yang menyulitkan nasabah, cctv hape sedang dipegang terus, tentu siapa yang bisa 3. aktifkan lagi pake kartu atm baru, gimana maksudnya? 4. transaksi masuk 2 jt 2 kali, refund dari merchant? 5. saya ga paham ibu ini ganti kartu atm baru, nomor baru, kartu baru, kode akses baru. atau mungkin maksudnya beliau punya 2 kartu atm? terus didaftarkan mbanking lagi, gitu kah?",0,,
UgxsNO0UipiHc2Qy2sR4AaABAg.9xCbEi8WYNN9xHxZaNkXkk,,0,"2023-11-19 07:37:51",@lgoritme,"Kartu ATM kan bisa diganti gan",1,UgxsNO0UipiHc2Qy2sR4AaABAg,@RahmanAjiPermana
UgxbQXGzJ9GhRC2i0ix4AaABAg,0,0,"2023-11-17 04:13:03",@nanaefendi9685,"Tapi biasanya kalau dibobol,sekali ambil dg batas maximal,tidak sedikit2 bukan ngga percaya ke mbanya,soalnya kami pernah mengalaminya,ada teman kena hack katanya tapi pas dicek ko ambilnya sedikit2",0,,
UgyQ1Q2jW7KGeCs_q9x4AaABAg,5,4,"2023-11-16 22:58:23",@awaluddinawaluddin4546,"Bang tolong bang, aku baru kena tipu 30an juta 😢😢, aku kena modus penipuan disuruh transfer sekian juta trus ngerjain tugas yg d berikan dan dapat komisinya, tpi smpe skarang uangku gak balik2 bang, mana uang pinjamana lgi 😢😢😢, tolong bang plis Tolong di up teman2 supaya d baca abang nya",0,,
UgyQ1Q2jW7KGeCs_q9x4AaABAg.9xBsX8HFC4B9xF2ReTfKTw,,1,"2023-11-18 04:31:28",@yulie1316,"Sama aku juga 30jt an,suruh kerjain tugas dan terus di suruh top up..uang ga bisa cair karna saya melakukan pelanggaran kata nya,dan untuk menebus pelanggaran tersebut suruh top up lagi 25jt..gilaa bener",1,UgyQ1Q2jW7KGeCs_q9x4AaABAg,@awaluddinawaluddin4546
UgyQ1Q2jW7KGeCs_q9x4AaABAg.9xBsX8HFC4B9xF2YivZwSc,,0,"2023-11-18 04:32:26",@yulie1316,"Bisa sharing bang..",1,UgyQ1Q2jW7KGeCs_q9x4AaABAg,@awaluddinawaluddin4546
UgyQ1Q2jW7KGeCs_q9x4AaABAg.9xBsX8HFC4B9xF4dvEbAKN,,0,"2023-11-18 04:50:45",@awaluddinawaluddin4546,"Bisa bisa kayaknya kita senasib",1,UgyQ1Q2jW7KGeCs_q9x4AaABAg,@awaluddinawaluddin4546
UgyQ1Q2jW7KGeCs_q9x4AaABAg.9xBsX8HFC4B9xHZkRGCexh,,0,"2023-11-19 04:01:01",@yulie1316,"@awaluddinawaluddin4546 ga bisa balik lagi ya bang uang nya?mskipun di link uang kita terlihat masih ada?",1,UgyQ1Q2jW7KGeCs_q9x4AaABAg,@awaluddinawaluddin4546
UgyQ1Q2jW7KGeCs_q9x4AaABAg.9xBsX8HFC4BAGTQjNQ_EDY,,0,"2025-04-03 21:00:59",@henywidyacandraningtyas9678,"Sama kak, saya juga bernasib demikian 😭",1,UgyQ1Q2jW7KGeCs_q9x4AaABAg,@awaluddinawaluddin4546
UgyYjE6ZKYWQaOsO2iB4AaABAg,3,0,"2023-11-16 21:38:08",@SanFransico09,"Klo di LN (USA yg aq tau krn aq domisili USA) jk ada transaksi mencurigakan disuatu tmpt, pihak bank lsg tlp ke nasabah & transaksi itu di hold dl. Stlh pihak bank konfirmasi ke nasabah, klo emg nasabah yg melakukan mk akan dilanjutkan, tp klo nasabah bilang tdk mk sma transaksi akan dibatalkan.",0,,
UgyYjE6ZKYWQaOsO2iB4AaABAg.9xBjLOQndkC9xO8JTL8Zr_,,0,"2023-11-21 17:15:57",@lgoritme,"Kyknya klao kartu kredit kyk gitu",1,UgyYjE6ZKYWQaOsO2iB4AaABAg,@SanFransico09
UgyYjE6ZKYWQaOsO2iB4AaABAg.9xBjLOQndkC9xONW4CPkMh,,0,"2023-11-21 19:28:44",@SanFransico09,"@dedykariadi9185  bkn cm kartu kredit klo di LN,,,,,, debit pun sama, aq tau krn aq hdp di USA sdh puluhan tahun & jd nasabah bank jg sdh puluhan tahun. Krn bank tau bgmn transaksi keseharian nasabah. Aq mo ke Indonesia sj, hrs laporan bank dl jk akan ada transaksi dinegara tujuan selama sekian minggu, dr tgl sekian smpi tgl sekian, spy akun tdk di hold oleh pihak bank. Bank"" di LN lbh melindungi nasabah & memprioritaskan keamanan data & transaksi nasabah.",1,UgyYjE6ZKYWQaOsO2iB4AaABAg,@SanFransico09
UgyYjE6ZKYWQaOsO2iB4AaABAg.9xBjLOQndkC9xOPREKxRL1,,0,"2023-11-21 19:45:33",@lgoritme,"@SanFransico09 kalo di indo makstnya",1,UgyYjE6ZKYWQaOsO2iB4AaABAg,@SanFransico09
Ugw4mdVggaESw6bdJRh4AaABAg,0,0,"2023-11-16 20:21:59",@resaoktavia-i8q,"Bang tolongin aku butuh bantuan abang😢",0,,
UgwGv8RNZ7-9uwe0hch4AaABAg,2,0,"2023-11-16 19:22:48",@giginmail,"Uang masuk dari QR itu adalah reversal transaksi QR yang gagal. Jd ga harus buat QRIS untuk terima refund. Bisa jd sudah ke flagging oleh pihak acquirer dari qris yang coba disalahgunakan untuk modus spt ini makanya di refund. Baiknya tunggu saja investigasi atas keterangan Bu Evita sebelum menyimpulkan.",0,,
UgwGv8RNZ7-9uwe0hch4AaABAg.9xBUr8Xip6T9xBc5DxYa2D,,0,"2023-11-16 20:34:45",@mrbert,"IT BCA udah datang ke rumah stelah video ini nyebar dan masuk koran Digital. Dan katanya transaksi nya offline. Garis bawahi Offline. Dan itu ke DANA. ofline berarti device tersebut harus scan di toko tersebut atau menggunakan fitur camera. Sedangkan pada saat itu masih turun gunung. Selama itukab follow the money nya?",1,UgwGv8RNZ7-9uwe0hch4AaABAg,@giginmail
UgwGv8RNZ7-9uwe0hch4AaABAg.9xBUr8Xip6T9xHxnyeNFy4,,0,"2023-11-19 07:39:57",@lgoritme,"​@mrbertkalo ake foto gambar qr yg disimpen di hp bisa juga kan,",1,UgwGv8RNZ7-9uwe0hch4AaABAg,@giginmail
UgwwiZXAIv12YfFawn54AaABAg,0,0,"2023-11-16 17:41:06",@ronnylo627,"itu hpnya udah kena hack ibu di reset lah hpnya ",0,,
UgwwdTm-zRO8eL198Hp4AaABAg,2,2,"2023-11-16 16:55:12",@goodtimetv2142,"BCA sdh tidak menjadi tempat penyimpanan yg aman lagi sekarang, entah karena sdh byk nasabah yg closing atau faktor internal nya 😔",0,,
UgwwdTm-zRO8eL198Hp4AaABAg.9xBDy5VBemr9xBjRxUyG-k,,0,"2023-11-16 21:39:02",@mrjean9376,"Itu karena ulah hacker, bukan dari bca nya",1,UgwwdTm-zRO8eL198Hp4AaABAg,@goodtimetv2142
UgwwdTm-zRO8eL198Hp4AaABAg.9xBDy5VBemr9xHzjn5u1cN,,0,"2023-11-19 07:56:51",@lgoritme,"Solusinya gimana dong",1,UgwwdTm-zRO8eL198Hp4AaABAg,@goodtimetv2142
UgyTlxmCJcYKOb5mfSF4AaABAg,0,0,"2023-11-16 16:46:29",@AmroziRozi-j2y,"Kalau lah ada kontak Abang yang bisa di hubungi alangkah bersyukur nya saya. .. atau pun Abang mau berkenan menolong saya. 🙏😭😭😭",0,,
UgzOAQ5EbW5-9mRJJfN4AaABAg,0,0,"2023-11-16 16:44:41",@AmroziRozi-j2y,"Awalnya saya di telpon oleh oknum vs dana untuk click link bang. .. tolong saya bang .. dengan besar harapan Abang mau menolong saya. . Saya tidak peduli saldo dana yang sudah hilang ... Ini tentang data diri saya bang ...🙏😭😭😭😭 Saya tiap hari merasa bingung dan was was ...",0,,
UgzULDyHyeEpyO5JqEp4AaABAg,0,0,"2023-11-16 16:42:12",@AmroziRozi-j2y,"Dengan besar harapan Abang bisa membatu saya. Data saya udah di curi bang. . bahkan hp saya sudah di hack. . udah di riset berapakali pun. Hp saya di kendalikan jarak jauh dari pengaturan simtem orang tua bang. . Tolong saya bang😭😭🙏 saya sudah bingung bang. .. sekali lagi tolong saya bang. .",0,,
Ugw6NfCdp_TLlh-7fQR4AaABAg,1,0,"2023-11-16 14:53:38",@suriadysie2689,"Emang ngak bisa dicek QRIS nya bayar ke siapa atau kemana? Kan bs lacak aliran uang nya",0,,
Ugw6NfCdp_TLlh-7fQR4AaABAg.9xB02oOQ4Oy9xB3YiHcbS1,,0,"2023-11-16 15:24:13",@mrbert,"Ya bisa. Mau atau gak itu aja kok",1,Ugw6NfCdp_TLlh-7fQR4AaABAg,@suriadysie2689
UgyhWtnAxQP3Dan4P2B4AaABAg,0,0,"2023-11-16 14:49:48",@pakumpakeo,"Setau gw limit transaksi qris ada batasnya deh, 25jt sehari",0,,
UgxjQaDHiQZV1sVuqGl4AaABAg,1,0,"2023-11-16 14:28:01",@pertmaseto1898,"Lacak ip, device yg digunakan, konfirm ke opsel ip tersebut digunakn nomor berapa",0,,
UgxjQaDHiQZV1sVuqGl4AaABAg.9xAy76bKdMg9xAyPL_baZS,,0,"2023-11-16 14:30:31",@mrbert,"Bener skali.ga susah kok. Tapi ya gitu dehhhh",1,UgxjQaDHiQZV1sVuqGl4AaABAg,@pertmaseto1898
Ugzxjif9hL7mYyXaZ8N4AaABAg,1,0,"2023-11-16 14:02:12",@sensational-pn4hm,"Coba perbankan skrg tiap transaksi wajib pake verifikasi wajah biar lebih aman . Dan tips sy simpan uang di RDN saham aja cukup simpan di RDN saja jika uang nya masi dipakai jika ditabung lebih baik belikan saham . Di situ lebih aman tidak akan bisa transaksi transfer uang ke rekening manapun, hanya bisa penarikan dana itupun wajib masuk ke rekening ATM pribadi kita dulu. Jadi berlapis kemanan nya mustahil hilang atau terjadi transaksi sperti ibu ini.",0,,
Ugzxjif9hL7mYyXaZ8N4AaABAg.9xAvA-2V59N9xO8YkGO2qm,,0,"2023-11-21 17:18:02",@lgoritme,"Pake sidik jari lebih aman, wajah bisa pake topeng",1,Ugzxjif9hL7mYyXaZ8N4AaABAg,@sensational-pn4hm
Ugwm2LuA3lKzTfdR8vJ4AaABAg,0,0,"2023-11-16 13:40:12",@sutonomardi4445,"Banyak cerita, dimana uang nasabah dicuri oleh orang dalam bank, termasuk citibank, saya tak heran hal begini bisa terjadi",0,,
Ugz4nPKJQwmRbcfWEh94AaABAg,0,0,"2023-11-16 13:37:49",@ryanzeus31,"Gak mungkin ngirim sendiri, kalau bukan Ransomware ya pasti karna ada banyak app ""t0l0l"" di hp ibu ini, 😂",0,,
UgwMGkhDNqmi-oKtBLZ4AaABAg,0,7,"2023-11-16 13:21:41",@Roni-ho4jd,"Intinya keamanan BCA dipertanyakan.",0,,
UgymvE4UpmN09Oe8cJZ4AaABAg,0,0,"2023-11-16 13:02:31",@joseph-pi7ez,"Dr BCA bisa di cek, Transaksi QR terjadi dimana, mislanya toko A. trs coba selidiki ke toko A. Minta rekaman CCTV..",0,,
UgxWo7qQ_DFw6IKE-R54AaABAg,1,0,"2023-11-16 12:49:33",@Radith_familly,"Qris pake dana aja setelah masukin nominal msh hrs masukin password kok membingungkan masa Mbanking gak pake password bs transaksi",0,,
UgxWo7qQ_DFw6IKE-R54AaABAg.9xAmqxW0RSk9xI-4RNLaS3,,0,"2023-11-19 07:59:48",@lgoritme,"Bisa di bikin of kalo m-bca kalo ga lbh dr 1 juta bisa tanpa pin.",1,UgxWo7qQ_DFw6IKE-R54AaABAg,@Radith_familly
UgydD7z0ozx7nomYEWV4AaABAg,3,0,"2023-11-16 12:34:48",@manesersihombing2494,"Nuntutnya kok ke BCA,seharusnya minta pertanggung jawaban ke pihak pembayaran Q,RIS nya,",0,,
UgydD7z0ozx7nomYEWV4AaABAg.9xAl9yM3lmf9xAlbZqNm6c,,1,"2023-11-16 12:38:43",@mrbert,"Beginilah kalo otak ga nyampe. Capek gw jelasin org gini. Itu pakai Bank apa? Qris nya p u nya siapa juga ga tahu tong. Makanya baca deskrispi. Lu taruh uang di bank mana. ada transaksi yg lu ga tahu lu ga tanya Bank nya? Hadehhh",1,UgydD7z0ozx7nomYEWV4AaABAg,@manesersihombing2494
UgydD7z0ozx7nomYEWV4AaABAg.9xAl9yM3lmf9xAmn_YiwV1,,0,"2023-11-16 12:49:05",@manesersihombing2494,"​@mrbertemang otak saya ga nalar nonton vt ini ko,,nahhh kalau udah gitu masak pihak BCA gak mau keluarin rek korannya,,sampai ada uang masuk di diamin uang keluar di minta di jelasin,,maaf ko emang gua tolol masalah bank karena cuma pake celengan ayam😊😊😊😊",1,UgydD7z0ozx7nomYEWV4AaABAg,@manesersihombing2494
UgydD7z0ozx7nomYEWV4AaABAg.9xAl9yM3lmf9xAnAiLS8TZ,,0,"2023-11-16 12:52:23",@mrbert,"@manesersihombing2494 liat video nya sejelas itu. Gmn lagi gw jelasin nya dan ratusan komen Disini semua ngerti kok.kamu sndr yg ga ngerti.",1,UgydD7z0ozx7nomYEWV4AaABAg,@manesersihombing2494
UgwYH3VNDCV1SdokUqR4AaABAg,3,0,"2023-11-16 11:39:24",@irmayatampubolon2559,"apa itu Qr code dan apakah tiap nasabah yang punya Mbanking ada Qr code nya, atau kita harus buat atau aktifkan Qr Code",0,,
UgwYH3VNDCV1SdokUqR4AaABAg.9xAepCLXa719xAhoboS4iF,,0,"2023-11-16 12:05:32",@mrbert,"Khusus BCA saat ini kalo mau buat QRIS BCA harus buat bisnis dulu baru bisa",1,UgwYH3VNDCV1SdokUqR4AaABAg,@irmayatampubolon2559
UgwYH3VNDCV1SdokUqR4AaABAg.9xAepCLXa719xAw2tySzpT,,0,"2023-11-16 14:09:58",@irmayatampubolon2559,"@mrbert Oh kalau orang biasa tidak perlu ya",1,UgwYH3VNDCV1SdokUqR4AaABAg,@irmayatampubolon2559
UgwYH3VNDCV1SdokUqR4AaABAg.9xAepCLXa719xAw5JU1jIH,,0,"2023-11-16 14:10:17",@irmayatampubolon2559,"Terimakasih Mr.Bert",1,UgwYH3VNDCV1SdokUqR4AaABAg,@irmayatampubolon2559
UgxaB2BHx0qkbP_sxHx4AaABAg,0,0,"2023-11-16 11:27:15",@shintaroost199,"apa sudah di cek tuh transaksi nya kemana...disitu bukannya terlihat ada transaksi berkali2 ke Toko Aiden",0,,
UgzWZYxqLSsUsM87HSp4AaABAg,0,0,"2023-11-16 10:35:48",@Cetmobilpenyok,"pengalaman baru ini",0,,
Ugzz4FPF666PdbfBTuR4AaABAg,0,0,"2023-11-16 09:21:29",@tedy_ang,"pasti kartu SIM card hp nya di cloning dan sudah pernah kebobolan mobile banking pin dan password mungkin kelalaian nasabah atau oknum BCA yang pakai data nasabah",0,,
UgwwXMsG7-YlhDawySl4AaABAg,0,0,"2023-11-16 09:07:55",@aksesnetcompushop1915,"habis USG, artinya ibu ini lagi hamil, hmm... ibu hamil naik gunung?? HP, Kartu dll semua Baru, sudah di siap kan !",0,,
UgyUc-3yND9dRzAPLYl4AaABAg,0,1,"2023-11-16 07:46:03",@kroftzero1187,"Itu trx yyang masuk transaksi koreksi -_- , misal kalau pembayaran qrnya gagal akan terkoreksi ke rekening -_-",0,,
Ugwb9pyvpMzRnnDRUVh4AaABAg,0,0,"2023-11-16 07:35:53",@narasikalasenja,"Jadi inget ada email masuk ke gmail saya. Verifikasi data orang lain yg sedang bikin KK baru di daerah semarang. Smntara saya tinggal di bogor.. Semua verifikasi, data keluarga, SKPWNI, masuk ke email saya. Pdhl dari proses verifikasi akun sampe jadi SKPWNI itu ada bbrp hari. Yg jelas yg punya akun harus klik email utk bisa dpt verifikasi. Pdhl di email saya, email blm kebuka. Sy sampe bingung. Akhirnya ganti password dan data gmail.. 😪😔",0,,
UgyLzpitW_CnlXY-VaF4AaABAg,1,0,"2023-11-16 07:35:02",@lisasusanti4930,"Maap nanya Google linimasa itu bs rekam posisi kita saat gak ada jaringan???",0,,
UgyLzpitW_CnlXY-VaF4AaABAg.9xADrPDSG4x9xAEHaiJgL8,,0,"2023-11-16 07:38:45",@mrbert,"GPS kan bisa hidup tanpa ada jaringan.hanha aja akan efektif jika ada jaringan. Garmin kan ga pakai jaringan seluler kan",1,UgyLzpitW_CnlXY-VaF4AaABAg,@lisasusanti4930
UgzWva2PiqFjsjj_SEF4AaABAg,0,0,"2023-11-16 07:32:06",@intothesun168,"Bank mana lagi yang bisa dipercaya",0,,
UgxDHtStKpd1cLllab94AaABAg,0,0,"2023-11-16 07:19:50",@yennylastry9896,"Saran saya buat BCA : Check trx Qris ini pergi nya kemana. Wajib harus di telusuri sampai k bank lain jika tujuan nya adalah rek di bank lain ya. Dr sini bs dicari petunjuk penerima manfaat dana yg di trf ini berkorelasi nya dengan pihak mana. Apakah random (hacker) mba evita atau pegawai bank Kedua bersama dengan evita check ip address hp yg melakukan transaksi untuk di ketahui lokasi nya dr situ bs terlihat ada 3 kemungkinan ; 1. Hp mba evita dipakai orang lain tanpa sepengetahuan ybs 2. Hp mba evita di hack sehingga trx dilakukan orang lain dr hp yg berbeda 3. Ada karyawan yg fraud memakai metode qris menggunakan data2 rek mba evita Cctv ga bs jd solusi g akan nemu apa2 juga. Suka ga suka bca harus melakukan ini agar bs membuktikan kesalahan ini ada di mana. Selama bca tidak berupaya melakukan upaya penyelesaian kasus ini akan jd bola liar.",0,,
Ugzhb0MOhRm_OEvMGUx4AaABAg,0,0,"2023-11-16 07:19:48",@reshablora3555,"Saya habis kena tipu kak di akun dana lg hbs ngisi langsung tranfer sendiri ke dana lain pengen nangis rasanya",0,,
UgwF5f17bS6B-tsGszl4AaABAg,2,0,"2023-11-16 06:40:20",@dashcam9537,"semoga masalah Ibu Evita bisa selesai, saran saya bca mobile ada menu limit transaksi ada baiknya di nonaktifkan transaksi domestik dan internationalnya jika tidak digunakan",0,,
UgwF5f17bS6B-tsGszl4AaABAg.9xA7ajwfRKM9xD2GzwlS4D,,0,"2023-11-17 09:51:32",@khansaganesa7315,"Gimana cara batesin limitnya kak?? Itu bukan kebijakan dari bank kah???",1,UgwF5f17bS6B-tsGszl4AaABAg,@dashcam9537
UgwF5f17bS6B-tsGszl4AaABAg.9xA7ajwfRKM9xI-aDeURhW,,0,"2023-11-19 08:04:17",@lgoritme,"​@khansaganesa7315di m-bca bisa dilimit",1,UgwF5f17bS6B-tsGszl4AaABAg,@dashcam9537
UgyiydyVBRc_AXjSpCF4AaABAg,1,0,"2023-11-16 05:03:57",@rombong2655,"begini kalo terlalu banyak variasi, gesek, m banking, qris, yg terbaru virtual card. dlm dunia maya itu banyak banget traffic, tidak ada kata aman dlm dunia digital, diluarnya aja keliatan adem padahal dalamnya kacaw balau. old school jauh lebih aman.",0,,
UgyiydyVBRc_AXjSpCF4AaABAg.9x9xZn3AAA_9xI-fVnMstp,,0,"2023-11-19 08:05:00",@lgoritme,"Iya transfer lewat teller",1,UgyiydyVBRc_AXjSpCF4AaABAg,@rombong2655
UgwiQ9DV2-SR-tRQ4n94AaABAg,0,0,"2023-11-16 05:01:34",@aguswidarto9124,"Solusi dr BCA ngak masuk akal, masa nunjukkan bukti cctv, emang di gunung ada cctv?",0,,
UgzkLFP5NEdu6-_nPfp4AaABAg,0,0,"2023-11-16 05:00:56",@ahmedlag4909,"heh QRIS potongan merchant ratenya lebih besar dari kartu ATM, 0,7% dibanding kartu debit cuma 0,15% tapi security nya jauh lebih besar lubangnya daripada ATM ;v",0,,
UgziJ1g31kFqQXwe5EN4AaABAg,1,5,"2023-11-16 03:35:49",@estihandayani5855,"Kejahatan semacam ini semakin marak, sdh banyak korbannya, bank tidak pernah mau bertanggung jawab, kepolisian juga tidak nampak kinerjanya, lalu bgm dgn jaminan keamanan kita",0,,
UgziJ1g31kFqQXwe5EN4AaABAg.9x9nUG_Zf-g9zBiu0-jK07,,0,"2024-01-05 14:37:03",@nianurazizah5518,"Ini artinya kita pindah haluan aja.. jangan simpan banyak uang di bank.. lebih baik kalo mau nabung pakai emas aja",1,UgziJ1g31kFqQXwe5EN4AaABAg,@estihandayani5855
UgycwwmRAZXdXJ4XWtl4AaABAg,0,0,"2023-11-16 03:20:28",@luthfanaufar6133,"mungkin ga ko sebelum tanggal 23 itu ada MITM (mungkin konek ke public wifi) dan dipakai untuk bayar QR, requestnya disimpan oleh pelaku kemudian entah dimodifikasi sehingga bisa dipakai berulang2 kali 🤔",0,,
UgwLxnmVf9JhMpPFRl14AaABAg,0,0,"2023-11-16 03:01:42",@edipurnomo8259,"Kembali kemasa lalu trh uang di rmh aja,misal kerampokan kita msh bisa tau pelakunya lha klu ini ibarat uang dirampok tdk tau pelakunya ruwet",0,,
UgzkWPQvShwkhK9xfBZ4AaABAg,0,2,"2023-11-16 02:47:10",@adibindrianto,"ada 2 faktor, ibu ini gak paham penggunaan Gadget dengan mengklik sembarang link dan bisa diremote oleh seseorang, faktor lain benar-benar dihack",0,,
UgwFZD21SCUwnK3RjQB4AaABAg,0,0,"2023-11-16 02:04:55",@HeiImAndy,"saya sih nyimpan duit tabungan di BRI, BCA paling buat ambil duit cash 50rb katanya BCA bank aman gimana si jdi ngeri gua pakai BCA",0,,
UgxfNyK9bMCjo0hH4VN4AaABAg,0,0,"2023-11-16 01:15:16",@jirojen3662,"1. Kerjaan cloninger 2. alibi tipu2",0,,
Ugykg2AcUjHRhwFsIfJ4AaABAg,0,0,"2023-11-16 00:54:51",@wahyudimande847,"Intinya jangan pernah menggali lubang sendiri atau kalau tidak mau terperosot di lubang tersebut. Dalam arti membuka link yg tidak di kenal.🙏",0,,
UgyRDJn3hGam4KPJjAl4AaABAg,1,1,"2023-11-16 00:41:46",@Natalie-ud5hc,"Ngeri yah nabung di Bank2 di Indonesia 🇮🇩 bisa hilang sendiri 😢 untung saya menabung uang2 ku di luarnegeri",0,,
UgyRDJn3hGam4KPJjAl4AaABAg.9x9UZWVB7fcA4mub-bgMIV,,1,"2024-06-17 13:38:49",@azidebarons2280,"Anda beruntung 👍👍🍺🍺🍺",1,UgyRDJn3hGam4KPJjAl4AaABAg,@Natalie-ud5hc
UgwSL2_1Ah0q6mj3azB4AaABAg,0,0,"2023-11-15 22:18:03",@dendihargiyono5132,"Bang boleh ga trak pelaku penipuan jual beli mobil yang saya alami saya kena penipuan 75jt sampe sekarsng kepolisian belom ada kabar",0,,
UgxRE2EzwixgpsYaRgV4AaABAg,0,0,"2023-11-15 21:24:27",@handyagus2163,"ngeriii beneer.... sih ini... dan sedih bet....",0,,
UgxrA8bHU1xtnSCgYch4AaABAg,0,0,"2023-11-15 19:29:23",@evafidia,"Klo sampai BCA tidak menanggapi hal ini. BOIKOT BCA 😅😅😅",0,,
UgxZWXHhVLZUwqZ8W3h4AaABAg,0,0,"2023-11-15 18:11:31",@sarjanatender7727,"Gak masuk akal semua yg ibu ini jelaskan",0,,
UgwMcpY79_n9faseEVR4AaABAg,2,0,"2023-11-15 16:54:30",@bentengsmg,"bu evita.. hp nya cuma 1 jt an.. reset pabrik, jual dan beli lagi aja..",0,,
UgwMcpY79_n9faseEVR4AaABAg.9x8e55n4Ilj9x8eO-1eUXS,,0,"2023-11-15 16:57:04",@mrbert,"68 jutanya? Justru hape itu harus ada utk ke pemeriksaan",1,UgwMcpY79_n9faseEVR4AaABAg,@bentengsmg
UgwMcpY79_n9faseEVR4AaABAg.9x8e55n4Ilj9xKj1Ov2OQA,,0,"2023-11-20 09:28:34",@bentengsmg,"@mrbert maksud saya, aktifitas bisnis dia jangan pake HP itu lagi. mestinya hp nya di kirim ke om buat di deep scanning nih",1,UgwMcpY79_n9faseEVR4AaABAg,@bentengsmg
Ugyuoio9oBQ2qcY0knZ4AaABAg,0,0,"2023-11-15 15:57:25",@kristinachloe8316,"Kalo ibu ini gak salah .. mungkin sistem yg salah ato ada karyawan nakal dari pihak banknya",0,,
UgwJf6G2emM75JnHyYZ4AaABAg,1,0,"2023-11-15 14:56:04",@Jojels,"Ngga percaya ah. Rasanya banyak hal penting yg ngga mau diceritakan. Soal QR refund contohnya. Oke anggap mbaknya bener gapernah bikin QRIS. Tapi nyatanya itu ada kok transaksinya dan harusnya bisa di cek dong di BCA soal histori pengajuannya. Tapi di videonya aja ngga di jawab pas ditanya respon BCA gimana. Kalo soal QR code yg di mBCA itu cuma bisa digunakan untuk pembayaran. Dulu emg ada QR pribadi tapi udah dihapus fiturnya. Sama satu lagi, bukti/ pengakuan atas HP baru/steril itu ngga reliable, imo.",0,,
UgwJf6G2emM75JnHyYZ4AaABAg.9x8RXf1wxm-9x8Zk67Apk8,,0,"2023-11-15 16:07:48",@mrbert,"shut your mouth. Besok team BCA akan datang ke salatiga. ingat bank bali ada orang dalam yang main. baru baru aja ada pajak 3M di bank pemerintah IT juga yang main. jadi mulutmu kalo ga tahu bagusan diam aja. IT BCA aja belum tahu masalahnya dimana. siapa kau bisa menentukan siapa yang salah. bodoh emang gratis tapi ga usah kau borong semua",1,UgwJf6G2emM75JnHyYZ4AaABAg,@Jojels
UgwxL9LAYRCzzAZk-vV4AaABAg,1,0,"2023-11-15 13:47:53",@Sisikika31,"Kok bisa2nya BCA minta cctv dr nasabahnya bgmn dgn yg dirmh ga ada cctv, bukannya dicari transaksi berasal darimana...ngeri juga nyimpan uang di bank ga aman",0,,
UgwxL9LAYRCzzAZk-vV4AaABAg.9x8JjN73UoG9x8QNou3PME,,0,"2023-11-15 14:45:59",@mrbert,Exactly,1,UgwxL9LAYRCzzAZk-vV4AaABAg,@Sisikika31
Ugzu2taZ-TZGtKK_aCF4AaABAg,0,0,"2023-11-15 13:29:21",@JAY_9104,"Gak mudeng gw",0,,
UgxJNl7YXxCbvih5E9t4AaABAg,2,1,"2023-11-15 12:37:29",@kanalibrahim,"Saya punya pengalaman dgn BCA, saya tarik tunai di ATM sebesar 1,2 jt saldo tdk terpotong, saya tarik lagi dgn jumlah yg sama baru kepotong pas saya cek mutasi. Jadi saya dipinjami 1,2jt oleh BCA Beberapa waktu kemudian ini saya urus ke BANK BCA terdekat, sekalian ada komplain Saya pikir2 lagi, kok bisa sekelas BCA errornya kayak gitu",0,,
UgxJNl7YXxCbvih5E9t4AaABAg.9x8BfisfeHg9x8ByVD8SFp,,0,"2023-11-15 12:40:03",@mrbert,"Bagus donk",1,UgxJNl7YXxCbvih5E9t4AaABAg,@kanalibrahim
UgxJNl7YXxCbvih5E9t4AaABAg.9x8BfisfeHg9x8GOv6t30z,,0,"2023-11-15 13:18:45",@kanalibrahim,"@mrbert ya harusnya sih jangan error saya komplain ke BCA krn pas saya setor kok saldonya ga nambah2, ternyata itu emang ada koreksi kata manajer BANK nya Yg jadi bete kenapa koreksiannya ga langsung, malah ada waktu kira2 sebulan, mana uangnya udah kepake😂",1,UgxJNl7YXxCbvih5E9t4AaABAg,@kanalibrahim
UgzsxBkndFf09DQSVhR4AaABAg,1,0,"2023-11-15 12:06:08",@se7entube,"Update donk berita terkininya.... gmana respon bca??",0,,
UgzsxBkndFf09DQSVhR4AaABAg.9x8853aFjAv9x8ANVchctL,,0,"2023-11-15 12:26:07",@mrbert,"Kita tunggu berapa hari lagi yaaa",1,UgzsxBkndFf09DQSVhR4AaABAg,@se7entube
UgyFEqRww5K5J7Nqp6l4AaABAg,1,5,"2023-11-15 11:43:19",@danielrizki9475,"Sekedar info : Qris bisa dibayar dimana saja, soalnya sekarang kebanyakan bank bisa bayar qris hanya pakai foto qris yang tersimpan di galeri,",0,,
UgyFEqRww5K5J7Nqp6l4AaABAg.9x85Ty4KKq69xAuFFhJIqU,,0,"2023-11-16 13:54:10",@pakumpakeo,"Ga masalah pak, kan transaksi pake pin",1,UgyFEqRww5K5J7Nqp6l4AaABAg,@danielrizki9475
Ugz3TPkaxi5_Ea7jTGB4AaABAg,0,0,"2023-11-15 10:22:30",@kania867,"Waduh ngeri juga nih. Semoga ada solusinya",0,,
Ugzv8uwCzh_Qvgfp4D14AaABAg,1,0,"2023-11-15 08:48:14",@isaq6345,"Anjierrr gue langsung insecure.. Tar malem mau narik seluruh duit dari rekening bca. Simpendi celengan lagi",0,,
Ugzv8uwCzh_Qvgfp4D14AaABAg.9x7mRfXIoVj9x7mkVLekNu,,0,"2023-11-15 08:50:57",@mrbert,"Jangan ahhhh. Tunggu kabar BCA dulu. Ini mereka lagi mengejar duluan",1,Ugzv8uwCzh_Qvgfp4D14AaABAg,@isaq6345
UgwIw-_L2JolZB1YtUN4AaABAg,0,0,"2023-11-15 08:20:16",@pintutobaat,"Yang paling aman ya tarik duit anda investasikan emas atau tanah yang ada wujudnya 😃",0,,
UgzvzKDUlC2IWZ7aq3x4AaABAg,0,0,"2023-11-15 08:17:28",@nengahmurdhana5472,"Pasti ada mantan orang BCA yg juga ikut..itu pasti..😂😂",0,,
UgzUiN1lGl3-NWwECG94AaABAg,1,0,"2023-11-15 08:10:41",@anthonysugiharto4385,"Hp baru, beli via internet/online atau langsung? Kalau langsung, coba cek asal tokonya. Itu bisa jadi sebelum diberikan, diinstal malware. Apalagi HP baru ke hack, dan HP lama aman. Ini masih hipotesa ya. Barangkali Mr. Bert notice komen saya dan mungkin bisa bantu cek HP baru Bu Evita. Kalau benar ada malware, jadi HP baru tahun 2023 ini sangat berbahaya. Mudah sih buka kemasan HP lalu disegel ulang. Jadi pastikan ulang sebelum beli HP ya guys.",0,,
UgzUiN1lGl3-NWwECG94AaABAg.9x7i8Zq-yUj9x7zLt1Khh6,,0,"2023-11-15 10:41:03",@mrbert,"baca deskripsi di beli dari toko resmi samsung",1,UgzUiN1lGl3-NWwECG94AaABAg,@anthonysugiharto4385
UgyPEGMN6U13GJDVvgl4AaABAg,0,0,"2023-11-15 08:05:52",@oceanicmermaid,"aku udah tutup rekening BCA 25 thn lalu",0,,
UgxijRnivjl1V_W-GCh4AaABAg,1,1,"2023-11-15 08:04:06",@DrAnto46,"Menurut saya, sebenarnya transaksi QRIS bisa di lacak aliran dananya kemana saja. Namun apabila BC* sampai mengakui kasus ini, maka otomatis Bank tersebut itu mengakui kelemahan dalam system nya yang kebobolan, artinya .... sama dengan bikin nama besar BC* hancur lebur.",0,,
UgxijRnivjl1V_W-GCh4AaABAg.9x7hOLsYwKv9xcxKRtHuZx,,0,"2023-11-27 20:39:04",@ditamawarnippkkau,"Lah berarti kalau mau memperbaiki kredibilitas harus fair donk. Apalagi nasabah BCA bukan sedikit. Kalau diam saja malah bikin nasabahnya was was.",1,UgxijRnivjl1V_W-GCh4AaABAg,@DrAnto46
Ugzl6LF_5fnsN1wsrgN4AaABAg,0,0,"2023-11-15 07:56:59",@yosafatwilsonbrainwalintjo6492,"Usut terus kasusnya,.. Kasihan dong mbaknya,.. Tuntut keadilan dari BCA,",0,,
Ugw8uKYj0CEw2FTBPv14AaABAg,0,0,"2023-11-15 07:18:00",@RuangMotivasiMaria,"Mungkin no wa nya di sadap dan ada penipu sudah tau kode sandi rahasia semua di layar hp nya,saya pernah mau di tipu bolak balik ,sy tdk hiraukan,sy tdk akan pernah cek uang bank lwt hp",0,,
Ugy7uONDgoLe5nsCN4V4AaABAg,1,0,"2023-11-15 06:25:27",@rinaboshe279,"Sy Nasabah BCA,, Nonton Berita Spt Ini Jadi Was"" Nyimpan Uang Di Bank,, Nyimpan Uang Dirumah Jg Was"" Krn Rumah Sering Sy Tinggal "" Berhari"". Confused 🤔",0,,
Ugy7uONDgoLe5nsCN4V4AaABAg.9x7X5p_f8wN9x8qQJj5B97,,0,"2023-11-15 18:42:15",@lgoritme,"Sama awal bulan September 1, kehilangan HP, n tablet.. Lihat ini jd was was,",1,Ugy7uONDgoLe5nsCN4V4AaABAg,@rinaboshe279
Ugzmioe_UwMhGMROSCx4AaABAg,0,0,"2023-11-15 06:18:02",@nurry1150,"Org dlm bank itu byk yg nakal...mencuri data customer....di berita2 Uda banyak",0,,
UgxYWP75JBytN2YiyLh4AaABAg,0,0,"2023-11-15 06:17:46",@Textify-f8r,"up up..Haloo BCA",0,,
UgyIir6sLlpTpZ6rVB54AaABAg,0,0,"2023-11-15 06:07:32",@xoxoxyx,"Makanya tiap kali transaksi apapun itu qris atau apa harus dicek saldo rekeningnya biarpun dikata diberitahu gagal tapi tetap harus dicek. Waktu scan qr buat usg dicek tidak saldonya berkurang atau tidak di rekeningnya?",0,,
UgyOw2sNnkL3haTsWZF4AaABAg,0,0,"2023-11-15 05:58:06",@bulanbintang5613,"Sehh serem amat ya ..tolong dong BCA tingkatkan keamanan dan tanggung jwb nya",0,,
UgxjIiDKStPS2uteBA14AaABAg,0,0,"2023-11-15 05:55:23",@amridedek1523,"Mbak saran jika buat penganti mbca baru jgn di guna hp juga gunakan hp yh lama",0,,
UgycjgWEjVosbs-IHuJ4AaABAg,66,140,"2023-11-15 05:48:26",@korbanghostingtahan,"Kalau saya lihat Ibu ini agak curiga juga sih. Karena saya sering bgt tangani kasus terkait lembaga Keuangan, saya pikir klien Saya yg bner. Eh setelah dibawa mediasi ke LAPS SJK akhirnya ketauan klien Saya yg justru mau nipu. Kecurigaan saya pada ibu ini adalah pendaki gunung itu biasanya pake receiver Penguat Sinyal lo supaya sinyal baik. BCA juga bisa Salah tapi ibu ini juga bisa ""kerjasama dengan pihak yg ditransfer QRIS tadi"" . Terus bikin alibi ke gunung lalu nanti uangnya dibagi 2. Karena saya pernah ada Transaksi fitif di BCA saya komplen hanya melalui halo BCA ga sampe seminggu uang saya balik. Saya YAKIN ada sesuatu Hal yg ibu ini lakukan sehingga BCA tidak mau membayar. Dan BCA juga ""harus menjaga kerahasiaan nasabah makanya pihak BCA hati hati sekali menuduh ibu ini"". Jadi Netizen jg musti Proporsional ya 😊",0,,
UgycjgWEjVosbs-IHuJ4AaABAg.9x7SriguC7M9x85F3ukXq5,,6,"2023-11-15 11:41:17",@danielrizki9475,Setuju,1,UgycjgWEjVosbs-IHuJ4AaABAg,@korbanghostingtahan
UgycjgWEjVosbs-IHuJ4AaABAg.9x7SriguC7M9x85M2lLN7S,,15,"2023-11-15 11:42:14",@danielrizki9475,"Soalny bank sekarang bisa bayar qris hanya via foto di galeri",1,UgycjgWEjVosbs-IHuJ4AaABAg,@korbanghostingtahan
UgycjgWEjVosbs-IHuJ4AaABAg.9x7SriguC7M9x87UlBr5md,,2,"2023-11-15 12:00:54",@afifmumfarid2732,"Betul ka,.masuk akal sii",1,UgycjgWEjVosbs-IHuJ4AaABAg,@korbanghostingtahan
UgycjgWEjVosbs-IHuJ4AaABAg.9x7SriguC7M9x9ZyQdH2gN,,15,"2023-11-16 01:29:00",@sur8258,"Bener, saya jg pernah kena transaksi fiktif di BCA card, komplen di halo BCA, ga lama lgsg di refund. Ga pake minta bukti ini itu",1,UgycjgWEjVosbs-IHuJ4AaABAg,@korbanghostingtahan
UgycjgWEjVosbs-IHuJ4AaABAg.9x7SriguC7M9x9b9wBtNuO,,11,"2023-11-16 01:48:11",@delebeo7887,"Saya selalu mengingatkan diri jg utk ga sembarangan klik email atau link pada browser yg takutnya adalah email phising. Jujur kalo casenya kayak gini, sy agak sus jg liat ibu ini apakah bkn krn keteledorannya sendiri saat menggunakan hp? Mostly case gini sll hp android yg gampang sekali kena iklan phising. Pokoknya jaga data pribadi anda. Aplg QRIS utk pembayaran harus pakai pin sbnrnya. dan setau sy jg bank ga bs sembarang kasi data ke nasabah, krn ada pasal kerahasiaan data nasabah.",1,UgycjgWEjVosbs-IHuJ4AaABAg,@korbanghostingtahan
UgycjgWEjVosbs-IHuJ4AaABAg.9x7SriguC7M9x9w8-e0fbV,,18,"2023-11-16 04:51:25",@dionadventure,"chenal ini bnyak ngibulny",1,UgycjgWEjVosbs-IHuJ4AaABAg,@korbanghostingtahan
UgycjgWEjVosbs-IHuJ4AaABAg.9x7SriguC7M9xA78-kBZt_,,7,"2023-11-16 06:36:17",@ms.jproperty,"Lacak aja qris nya",1,UgycjgWEjVosbs-IHuJ4AaABAg,@korbanghostingtahan
UgycjgWEjVosbs-IHuJ4AaABAg.9x7SriguC7M9xA8-zqUinw,,4,"2023-11-16 06:43:55",@dafjafgaming9499,"Iya yah bisa se detail itu yah dia mengumpulkan bukti",1,UgycjgWEjVosbs-IHuJ4AaABAg,@korbanghostingtahan
UgycjgWEjVosbs-IHuJ4AaABAg.9x7SriguC7M9xB_Vpc5Giv,,2,"2023-11-16 20:12:11",@ajik8603,"Setuju banget 👍👍",1,UgycjgWEjVosbs-IHuJ4AaABAg,@korbanghostingtahan
UgycjgWEjVosbs-IHuJ4AaABAg.9x7SriguC7M9xD99kXmGsd,,18,"2023-11-17 10:51:43",@zerofuku76,"tapi menurut saya pribadi ya, orang bisa berfikir lah kalo niat mau (ngibulin) bca , ini salah satu bank terbesar di indonesia lo, dengan kapasitas sebagai ibu2 , dan bagi saya kalo ibu ini saja sampe brani tampil di media , kalo dia tidak merasa benar pasti dia tidak akan berni buat spek up . mau bagaimana pun jika posisi kita di beliau kita pasti merasa kecewa marah dan bingung yg di perjuangkan adalah angka sebuah nominal bukan berwujud uang kertas .",1,UgycjgWEjVosbs-IHuJ4AaABAg,@korbanghostingtahan
UgycjgWEjVosbs-IHuJ4AaABAg.9x7SriguC7M9xFMXC07kGx,,2,"2023-11-18 07:26:59",@owmn7780,"Jangan berandai-andai lah",1,UgycjgWEjVosbs-IHuJ4AaABAg,@korbanghostingtahan
UgycjgWEjVosbs-IHuJ4AaABAg.9x7SriguC7M9xGIFT5NVeb,,15,"2023-11-18 16:08:51",@shifasofiah4653,"Kalo mau berandai"" pake otak juga bang...masa iya kalo mau nipu bank kaliber bca cuma senilai 68 juta? Terus mesti repot2 minta tolong youtuber angkat biar viral? Bukan cara penipu propesional kali...ehh profesional 😝😆",1,UgycjgWEjVosbs-IHuJ4AaABAg,@korbanghostingtahan
UgycjgWEjVosbs-IHuJ4AaABAg.9x7SriguC7M9xH-Z-7hwzK,,22,"2023-11-18 22:44:44",@Mohamd_ihsan,"Klo orang nipu gak akan mau buka suara di YouTube, apalagi ini menyangkut lemaga satu bank, mbak ini lebih beresiko hukum, pakai otak anda...apa mungkin pelaku buka suara di YouTube, sepertinya otak anda tidak bekerja, atau anda bekerja dipihak bank tersebut. Korban ini speakup tapi dituduh yang menipu kan aneh.",1,UgycjgWEjVosbs-IHuJ4AaABAg,@korbanghostingtahan
UgycjgWEjVosbs-IHuJ4AaABAg.9x7SriguC7M9xHVEwkoBcP,,10,"2023-11-19 03:21:37",@nathanianiania,"Sy percaya ibu ini jujur, krn ibu sy jg mengalami saldo tiba2 berkyrang, tau2 ada transfer melalui BCA. Tp tetap kita kalah melawan BCA",1,UgycjgWEjVosbs-IHuJ4AaABAg,@korbanghostingtahan
UgycjgWEjVosbs-IHuJ4AaABAg.9x7SriguC7M9xIEeyFiBdx,,6,"2023-11-19 10:16:00",@mariobright,"​@Mohamd_ihsan Bener.bukannya mendengar dan bantu cr jalan keluar,tp tau2 nongol salahkan ibu ini yg hrs nya butuh pembelaan. Kalo liat mukanya ,dia perlu dbantuan sapa yg bs beri info yg benar.",1,UgycjgWEjVosbs-IHuJ4AaABAg,@korbanghostingtahan
UgycjgWEjVosbs-IHuJ4AaABAg.9x7SriguC7M9xIFBpuOr-b,,5,"2023-11-19 10:20:38",@mariobright,"Harus nya dibantu BCA,cari tau .barcode itu terdaftar atas nama toko apa .dmn. Jgn2 teman semobil nya jg bs ada barcode toko.",1,UgycjgWEjVosbs-IHuJ4AaABAg,@korbanghostingtahan
UgycjgWEjVosbs-IHuJ4AaABAg.9x7SriguC7M9xKK0JnjsC8,,0,"2023-11-20 05:41:13",@manwon-j9f,"setuju jua ,kenapa mobil phon nya juga kusus,gimana itu janggal ,biasanya juga ho kita yg biasa kita pakai se hari,,",1,UgycjgWEjVosbs-IHuJ4AaABAg,@korbanghostingtahan
UgycjgWEjVosbs-IHuJ4AaABAg.9x7SriguC7M9xKhgQfGDXa,,6,"2023-11-20 09:16:50",@Gord.Funded,"Gimana dengan ada transaksi masuk dana melalui QRIS sebanyak 2x padahal Ibu ini ga pernah daftar QRIS",1,UgycjgWEjVosbs-IHuJ4AaABAg,@korbanghostingtahan
UgycjgWEjVosbs-IHuJ4AaABAg.9x7SriguC7M9xV_dZDsuxw,,0,"2023-11-24 14:38:11",@runniey,"​@Gord.Fundeddi trx nya tertulis kor alias koreksi, jadi itu transaksi dibatalkan oleh system",1,UgycjgWEjVosbs-IHuJ4AaABAg,@korbanghostingtahan
UgycjgWEjVosbs-IHuJ4AaABAg.9x7SriguC7M9x__1XQY--2,,2,"2023-11-26 13:09:03",@pejuanghakazazimanusia,"Ditunggu solusi terbaiknya",1,UgycjgWEjVosbs-IHuJ4AaABAg,@korbanghostingtahan
UgycjgWEjVosbs-IHuJ4AaABAg.9x7SriguC7M9xbQBh-HEqq,,0,"2023-11-27 06:21:32",@vallichan,"Proporsional kayak bentuk badan ae MBK.. 😅",1,UgycjgWEjVosbs-IHuJ4AaABAg,@korbanghostingtahan
UgycjgWEjVosbs-IHuJ4AaABAg.9x7SriguC7M9xcy-AEG32_,,2,"2023-11-27 20:44:54",@ditamawarnippkkau,"Sanggahan QRIS itu setahu saya kalau di bank lain bisa memakan waktu 45 hari hingga 60 hari. Kalau sekelas BCA memudahkan sanggahan transaksi maka harus dipertanyakan. Saya pernah sanggah transaksi QRIS di Mandiri itu harus bikin surat pernyataan dan bahkan harus ketemu sama orang bank nya buat tanda tangan basah walaupun pada akhirnya saya minta ttd digital saja. Kalau semudah itu BCA meloloskan sanggahan transaksi maka ini sangat tidak masuk akal donk.",1,UgycjgWEjVosbs-IHuJ4AaABAg,@korbanghostingtahan
UgycjgWEjVosbs-IHuJ4AaABAg.9x7SriguC7M9xgGCsdpGfe,,0,"2023-11-29 03:30:31",@anthonymukur7871,"​@shifasofiah4653nama nya juga provokator",1,UgycjgWEjVosbs-IHuJ4AaABAg,@korbanghostingtahan
UgycjgWEjVosbs-IHuJ4AaABAg.9x7SriguC7M9xgGxuuMgam,,0,"2023-11-29 03:37:05",@anthonymukur7871,"QR ada info account nya....mudah kok, tinggal di cross check...apakah pemilik QR penerima ada tagihan ke pemilik Account yg mengirim....",1,UgycjgWEjVosbs-IHuJ4AaABAg,@korbanghostingtahan
UgycjgWEjVosbs-IHuJ4AaABAg.9x7SriguC7M9xh-I8EHzgK,,0,"2023-11-29 10:21:56",@harndino8789,​@dionadventuremaksudnya?,1,UgycjgWEjVosbs-IHuJ4AaABAg,@korbanghostingtahan
UgycjgWEjVosbs-IHuJ4AaABAg.9x7SriguC7M9xjZpvozlZ_,,0,"2023-11-30 10:19:44",@lasiyolasiyo7589,"Biasa klo transaksi 1juta satu juta itu bisa d kirim k dana stiap transaksi cuman d kenakan seribu rupiah",1,UgycjgWEjVosbs-IHuJ4AaABAg,@korbanghostingtahan
UgycjgWEjVosbs-IHuJ4AaABAg.9x7SriguC7M9xrtg01vHhR,,4,"2023-12-03 15:55:48",@Retrospxa,"EFEK DATA PENDUDUK RI DIBOBOL TRUS DI JUAL DI DARK WEB we",1,UgycjgWEjVosbs-IHuJ4AaABAg,@korbanghostingtahan
UgycjgWEjVosbs-IHuJ4AaABAg.9x7SriguC7M9xvybIEbgPu,,3,"2023-12-05 05:55:49",@dakwah70,"Kamu curiga aja, karena kamu ngga ngalami. Saya dapat kasus yang sama masih dalam tahap investigasi. Malah saya kena di 2 bank dan dibank ke 2 saya persis sama HP baru, nomor baru Rekening baru dan di HP hanya Aplikasi Bank dan WA.",1,UgycjgWEjVosbs-IHuJ4AaABAg,@korbanghostingtahan
UgycjgWEjVosbs-IHuJ4AaABAg.9x7SriguC7M9xwPDtb724y,,2,"2023-12-05 09:57:09",@inspiringquotes1488,"Saya juga begitu tiba2 pin saya berubah pdhal saya pakai dari awal buka sekitar 4 tahunan. Akhirnya aku buru buru pakai ATM transfer ke bank lainnya",1,UgycjgWEjVosbs-IHuJ4AaABAg,@korbanghostingtahan
UgycjgWEjVosbs-IHuJ4AaABAg.9x7SriguC7M9y-vrDgg3XV,,0,"2023-12-07 04:07:59",@aldoset1503,"1 lg, kenapa dia ga minta rekening koran ya?",1,UgycjgWEjVosbs-IHuJ4AaABAg,@korbanghostingtahan
UgycjgWEjVosbs-IHuJ4AaABAg.9x7SriguC7M9y-w8D1_c-5,,3,"2023-12-07 04:10:26",@mrbert,"@aldoset1503 kan ada udah di print semua nya",1,UgycjgWEjVosbs-IHuJ4AaABAg,@korbanghostingtahan
UgycjgWEjVosbs-IHuJ4AaABAg.9x7SriguC7M9y20hmAbcvX,,1,"2023-12-07 23:37:36",@logic1041,"Pembuktian mudah sebenernya penerima duit nya kan ada toko ato alamatnya tgl dicek apakah transaksi penerima qris yg sama dan berkali2 ditempat yg sama ato ditempat berbeda2 penerima qris nya",1,UgycjgWEjVosbs-IHuJ4AaABAg,@korbanghostingtahan
UgycjgWEjVosbs-IHuJ4AaABAg.9x7SriguC7M9y2Ac0RzBq6,,1,"2023-12-08 01:04:12",@nenyariyani7687,"Maaf ya kak saya suka naik gunung, bahkan banyak temen saya guide gunung, tapi mereka ga pakai penguat sinyal, ga pernah dengar sih kalo temen pake penguat sinyal.",1,UgycjgWEjVosbs-IHuJ4AaABAg,@korbanghostingtahan
UgycjgWEjVosbs-IHuJ4AaABAg.9x7SriguC7M9y3Wg6BdH0T,,3,"2023-12-08 13:36:14",@ariskasw,"Tmn sy ada kok , transaksi seperti ini senilai 2.4jt 2x transaksi, pihak bank bilang tidak menjamin uang kembali ,dan tmn sy juga harus ngurus ke kantor polisi . Persis kejadian seperti ini ya",1,UgycjgWEjVosbs-IHuJ4AaABAg,@korbanghostingtahan
UgycjgWEjVosbs-IHuJ4AaABAg.9x7SriguC7M9yXwpoRKzEt,,0,"2023-12-20 09:10:42",@rendybagus3559,"Besaran uangnya berapa kak? Apakah sama seperti ibu itu? Jika itu kecil, tolong sebutkan. Kasian ibunya ini melihat komentar anda yang menyudutkan secara tidak langsung, sedangkan kondisi anda berbeda, baik itu nominal uang atau situasi.",1,UgycjgWEjVosbs-IHuJ4AaABAg,@korbanghostingtahan
UgycjgWEjVosbs-IHuJ4AaABAg.9x7SriguC7M9yZudF3x2Ae,,2,"2023-12-21 03:29:59",@user678yv78,"Sy juga pernah jebol di BCA kesedot google play",1,UgycjgWEjVosbs-IHuJ4AaABAg,@korbanghostingtahan
UgycjgWEjVosbs-IHuJ4AaABAg.9x7SriguC7M9ywB7WspmXz,,0,"2023-12-30 04:25:20",@argooneo,"Ngomong Proposional tapi situ gk proposional hahaha",1,UgycjgWEjVosbs-IHuJ4AaABAg,@korbanghostingtahan
UgycjgWEjVosbs-IHuJ4AaABAg.9x7SriguC7M9ywYNickg2A,,0,"2023-12-30 07:48:32",@noeredan1026,"​@mrbertgmn kalau kerja sama ngibulin?",1,UgycjgWEjVosbs-IHuJ4AaABAg,@korbanghostingtahan
UgycjgWEjVosbs-IHuJ4AaABAg.9x7SriguC7M9yx9M473HX5,,2,"2023-12-30 13:29:06",@berliansatyakresna3713,"TIDAK ADA ORG NAIK GUNUNG BAWA PENGUAT SINYAL. KLO BUKAN PENGUSAHA besarr.",1,UgycjgWEjVosbs-IHuJ4AaABAg,@korbanghostingtahan
UgycjgWEjVosbs-IHuJ4AaABAg.9x7SriguC7M9yyLkrBMAYM,,2,"2023-12-31 00:36:43",@sitisripah5213,"Aq baru lihat ini..org SDH susah kehilangan uang kok malah dituduh penipu..kalo berapa diposisi mbaknya yg kehilangan baru kau rasa",1,UgycjgWEjVosbs-IHuJ4AaABAg,@korbanghostingtahan
UgycjgWEjVosbs-IHuJ4AaABAg.9x7SriguC7M9zN6ImMtmEi,,2,"2024-01-10 00:41:55",@Rindxy,"Kalah maen judi kali dia depo pake qrs😂",1,UgycjgWEjVosbs-IHuJ4AaABAg,@korbanghostingtahan
UgycjgWEjVosbs-IHuJ4AaABAg.9x7SriguC7M9zsk9RCiIRZ,,0,"2024-01-22 16:54:36",@marsantomarsanto463,"Saya juga mengalami hal yang sama seperti ibuk ini dan saya juga melaporkan ke bca",1,UgycjgWEjVosbs-IHuJ4AaABAg,@korbanghostingtahan
UgycjgWEjVosbs-IHuJ4AaABAg.9x7SriguC7M9zucEkr9DfG,,3,"2024-01-23 10:23:55",@niaindarwati5901,"Tapi kak, saya juga korban Qris bca, uang saya hilang 140jt lebih ga tau kemana uangnya, stah di cek rek korang ternyata ada uang kliar by Qris, pdhl saya ga pernah bayar pake qris, atm saya saja cuma bca xpresi, hp ga pernah ganti ga pernah hilang, tapi bca ga ada kejelasan sama sekali",1,UgycjgWEjVosbs-IHuJ4AaABAg,@korbanghostingtahan
UgycjgWEjVosbs-IHuJ4AaABAg.9x7SriguC7MA-SfTbSENfj,,1,"2024-02-06 01:05:34",@thomsonsirait9785,"Kalau ini terjadi sama saya, saya pasti segera lapor ke polisi terjadi pencurian uang saya, biar polisi yg menindaklanjuti..",1,UgycjgWEjVosbs-IHuJ4AaABAg,@korbanghostingtahan
UgycjgWEjVosbs-IHuJ4AaABAg.9x7SriguC7MA-VKEEyJqQ6,,2,"2024-02-07 01:48:57",@ZaynilwadAbdullah,"Padahal bank kan bs menelusuri uang itu kemana, sy prnh kasus dg pihak bank jg. Krna sy hnya masyarakat biasa selalu berakhir dg kesalahan pd nasabah. Pas ditolong dr pihak BI yg kebetulan kenalan akhirx sy bs naik ke lantai atas dan dtelusuri dlm bbrp menit itu jg kelihatan transaksix kemana smp cctv atm pun terungkap. Akhirx sy keputusan akhir adl pihak bank yg salah krna kebobolan sistem. Tp smp skrg uangx blm kmbli. Saran sy klo memang kejadian itu benar memang sbg masyarakat biasa qt itu bkn siapa2 hrs ada org2 yg ""berkompeten"" dan ""berkedudukan"" yg membantu klo tdk kasusx akan bgtu2 aj... Salam dr masyarakat biasa",1,UgycjgWEjVosbs-IHuJ4AaABAg,@korbanghostingtahan
UgycjgWEjVosbs-IHuJ4AaABAg.9x7SriguC7MA0fj7oJxQKV,,0,"2024-03-07 08:38:19",@wikonurrahman9238,"​merymayadel9509 menurutku antara sim nya atau orang ini pencet link seperti undangan.kalau gk gitu ada orang yg sudah masuk ke akun nya trus ada kode kemanan lah ibu itu tledor di setujui kalau itu saya atau bukan saya",1,UgycjgWEjVosbs-IHuJ4AaABAg,@korbanghostingtahan
UgycjgWEjVosbs-IHuJ4AaABAg.9x7SriguC7MA1hZrrtSVEU,,1,"2024-04-01 22:18:29",@Wnta188,"Lu percaya ama bank?bank juga manusia...manusia juga bisa bohong...lu kira mreka malaikat..😂 Gw aja gak mau narok banyak bgt uang dibank..hanya secukupnya.. Sy tiap bulan pasti catat pengeluaran gw yg dbank.. ada pengeluaran yg g dikenal sekian juta..tdk ada bunyi utk apa..",1,UgycjgWEjVosbs-IHuJ4AaABAg,@korbanghostingtahan
UgycjgWEjVosbs-IHuJ4AaABAg.9x7SriguC7MA1hzM4EanZr,,0,"2024-04-02 02:09:56",@wikonurrahman9238,"@Wnta188 bank itu tempat dan mesin bukan manusia jangan begi bego jadi orang .kalau yg kerja baru manusia",1,UgycjgWEjVosbs-IHuJ4AaABAg,@korbanghostingtahan
UgycjgWEjVosbs-IHuJ4AaABAg.9x7SriguC7MA2NLIUxw97W,,0,"2024-04-18 12:58:32",@sopiyanaarya1759,"@danielrizki9475apalagi qris untuk transfer qr skali transfer apalagi harus melalui scan kamera hp. Spertinya ini ada permainan sih. 😂😂😂",1,UgycjgWEjVosbs-IHuJ4AaABAg,@korbanghostingtahan
UgycjgWEjVosbs-IHuJ4AaABAg.9x7SriguC7MA32tme9BTd_,,0,"2024-05-05 10:55:58",@maryadisoen5917,"Saya biasa naik gunung bersama kawan kawan Koh.... Biasanya pendaki naik pada pagi hari. . . pulang/turun nya sore hari. Agak aneh juga kalau jam 9 pagi udah turun...",1,UgycjgWEjVosbs-IHuJ4AaABAg,@korbanghostingtahan
UgycjgWEjVosbs-IHuJ4AaABAg.9x7SriguC7MA34izC4iC3I,,0,"2024-05-06 04:00:02",@cuyaja7916,"jejak digital gk bisa di bohongi...😂😂😂",1,UgycjgWEjVosbs-IHuJ4AaABAg,@korbanghostingtahan
UgycjgWEjVosbs-IHuJ4AaABAg.9x7SriguC7MA39y-UsIfwK,,0,"2024-05-08 04:47:29",@idanhidayatt6799,"Gua Hari ini Ngalamin Gini..hal kaya gini",1,UgycjgWEjVosbs-IHuJ4AaABAg,@korbanghostingtahan
UgycjgWEjVosbs-IHuJ4AaABAg.9x7SriguC7MA39yPhifESn,,0,"2024-05-08 04:51:04",@idanhidayatt6799,"​@dakwah70Saya hari ini ngalamin",1,UgycjgWEjVosbs-IHuJ4AaABAg,@korbanghostingtahan
UgycjgWEjVosbs-IHuJ4AaABAg.9x7SriguC7MA3pS8iiDx_6,,0,"2024-05-24 16:47:44",@xentshack3480,"@hsplaw5626 gak sekalian naik gunung bawa towernya bang biar kuat signalnya",1,UgycjgWEjVosbs-IHuJ4AaABAg,@korbanghostingtahan
UgycjgWEjVosbs-IHuJ4AaABAg.9x7SriguC7MA4moJFvHb99,,0,"2024-06-17 12:43:49",@azidebarons2280,"Kalau kerja Ordal mungkin ga?",1,UgycjgWEjVosbs-IHuJ4AaABAg,@korbanghostingtahan
UgycjgWEjVosbs-IHuJ4AaABAg.9x7SriguC7MA5IRTVqBJa2,,0,"2024-06-30 04:50:27",@RPPCHANNEL,"Bs jd.. dy lgin d hp lain.. utk hal tsbt.",1,UgycjgWEjVosbs-IHuJ4AaABAg,@korbanghostingtahan
UgycjgWEjVosbs-IHuJ4AaABAg.9x7SriguC7MA775RVhlsTB,,0,"2024-08-14 12:09:04",@surabawon,"​@danielrizki9475Hayoo... Nonton sampai selesai gk konten ini...",1,UgycjgWEjVosbs-IHuJ4AaABAg,@korbanghostingtahan
UgycjgWEjVosbs-IHuJ4AaABAg.9x7SriguC7MABSONDOVZS4,,0,"2024-11-30 04:44:08",@sandriasitinjak_,"Katamu Proporsional tapi berkomentar dari bahasa mu seolah menaruh curiga dan negatif kepada ibu ini. Apakah itu proporsional?? Atau justru anda juga termasuk bagian dari oknum ya?",1,UgycjgWEjVosbs-IHuJ4AaABAg,@korbanghostingtahan
UgycjgWEjVosbs-IHuJ4AaABAg.9x7SriguC7MADjm374JYzQ,,0,"2025-01-26 01:08:58",@SodikGembel,"Harus di selidiki juga apa kah dia memang hoby sering ke gunung sebelum nya atau tidak...",1,UgycjgWEjVosbs-IHuJ4AaABAg,@korbanghostingtahan
UgycjgWEjVosbs-IHuJ4AaABAg.9x7SriguC7MADl8YPFNf-G,,0,"2025-01-26 13:53:27",@arjunajapab.r9752,"Bu, karena anda tidak mengalami hal seperti ini jadi anda bisa bilang seperti itu. Tapi, karena saya mengalami seperti mbak evita, di mana saldo saya berkurang 34,5 juta dari qris ke qris secara bertahap dan padahal saya sama sekali tidak melakukannya, jadi saya amat percaya dengan mbak evita.",1,UgycjgWEjVosbs-IHuJ4AaABAg,@korbanghostingtahan
UgycjgWEjVosbs-IHuJ4AaABAg.9x7SriguC7MAGagZDtedPR,,0,"2025-04-07 02:01:56",@dwiantara8866,"@thomsonsirait9785masih percaya polisi ? Bayar bayar bayar.. 😂",1,UgycjgWEjVosbs-IHuJ4AaABAg,@korbanghostingtahan
UgycjgWEjVosbs-IHuJ4AaABAg.9x7SriguC7MAHvvYp-kffu,,0,"2025-05-10 04:28:24",@bgtoguuu,"​@sur8258saya kena transaksi fiktif melalui qris toko yg berbeda,uang belum balik juga sampe saat ini masih dalam proses udah sekitar 1 minggu lebih,semoga bisa dikembalikan,itu uang tabungan saya bertahun tahun rela ga pulkam",1,UgycjgWEjVosbs-IHuJ4AaABAg,@korbanghostingtahan
UgycjgWEjVosbs-IHuJ4AaABAg.9x7SriguC7MAIR7NON8hY-,,0,"2025-05-22 16:36:08",@BOSSWMFishing,"​@user678yv78 😅",1,UgycjgWEjVosbs-IHuJ4AaABAg,@korbanghostingtahan
UgycjgWEjVosbs-IHuJ4AaABAg.9x7SriguC7MAJE45YvwseK,,0,"2025-06-11 11:28:45",@mangpendi-n8t,"Setuju , apa lagi ibu ini banyak upaya pembuktian alibi , sampe kegiatan USG dan poto di lokasi USG.",1,UgycjgWEjVosbs-IHuJ4AaABAg,@korbanghostingtahan
UgycjgWEjVosbs-IHuJ4AaABAg.9x7SriguC7MAJL6fps85v1,,0,"2025-06-14 05:06:00",@caninnadebora6593,"KM ORANG BCA BU PAK ..? LA MAKA BENERIN BCA😂😂😂",1,UgycjgWEjVosbs-IHuJ4AaABAg,@korbanghostingtahan
UgycjgWEjVosbs-IHuJ4AaABAg.9x7SriguC7MAUCuDtbjNkJ,,0,"2026-03-11 10:19:52",@KedaicoffeeAbah,"Bisa iya bisa tidak. Yg logika aja org awam ibu ini masak iya kalo mau nipu itu Ratusan T tak apa bos",1,UgycjgWEjVosbs-IHuJ4AaABAg,@korbanghostingtahan
Ugz2_8QnhEo49YP7_WN4AaABAg,0,0,"2023-11-15 05:41:08",@Bari_Arijono,"Nggak ada bank yang paling aman di dunia, semua hanya masalah waktu saja. Dalam kasus ini, Kak Evita jelas sebagai korban tapi juga diuntungkan, sempat dapat transferan masuk 4 juta. Mnrt pengamatan saya, pelaku nya buka nhacker, bukan praktek phising atau menyusup lewat file APK lainnya.. Kemungkinan kena aksi soceng (social engineering) nich, data pribadinya sudah bocor. Dengan catatan Kak Evita nggak pernah install m-BCA di HP lain atau HP lamanya.",0,,
UgzpvJiBL6DF0z7Pijx4AaABAg,0,0,"2023-11-15 05:00:51",@PuspitaSunling,"liat kasus ini bikin saya merasa tdk aman menyimpan banyak uang di bank BCA.. keamanannya kurang, buat ibu evita smga kasusny bs cpt slsai ya..",0,,
UgzZeTUiWXGy56p8MBZ4AaABAg,0,1,"2023-11-15 04:44:17",@SANTUYCOY188,"Ini mah salah sendiri tidak mungkin BCA melakukan bu😂😂😂😂😂😂😂",0,,
UgyINSEwD5hJtFbUXFJ4AaABAg,0,1,"2023-11-15 04:42:54",@SANTUYCOY188,😂😂😂😂😂,0,,
Ugx_hTktCcL2hqnONu54AaABAg,0,1,"2023-11-15 04:36:28",@evonnaharuman4921,"Maling bca karyawannya bnyak yg maling tabungan gw aj bs hilang 300 rb tiap blnnya.mknya gw tutup untung aj tabungan gw ga bnyak",0,,
UgxUdUrpnbAmVDVGPWx4AaABAg,0,0,"2023-11-15 04:23:02",@sallyamanda9329,"Apa HP nya dri awal udh ""dibajak"" org ya 🥺 bisa dicek ga sih rekening tujuan dri transaksi QRIS nya, trs diliat data org yg nerima transferan nya",0,,
UgzhmYRxESazTrliwkp4AaABAg,1,0,"2023-11-15 04:22:45",@martinisulis1706,"Boikot bca, masih banyak bank lain 😅.",0,,
UgzhmYRxESazTrliwkp4AaABAg.9x7J39V0kWt9x7JNck7zKG,,0,"2023-11-15 04:25:33",@mrbert,"Jangan gitu.kita ga mau JATUHKAN BCA atau bank lainnya.kita mau mereka perbaiki yg ga beres itu aja.dan fair sama pelanggan",1,UgzhmYRxESazTrliwkp4AaABAg,@martinisulis1706
UgyPEmqKPuvW8fT4fdl4AaABAg,0,0,"2023-11-15 04:16:14",@CDK-CX,"Indonesia gitu lho",0,,
UgxmBYNetgN9nGmsAzF4AaABAg,3,0,"2023-11-15 04:02:44",@dannydanny5051,"Bca mana mau tanggung jawab...apalagi maaf kalau kita nasabah kecil. Coba kalau nasabah Kakap",0,,
UgxmBYNetgN9nGmsAzF4AaABAg.9x7GlXbQV239x8qo7lLHOi,,0,"2023-11-15 18:45:38",@lgoritme,"68 juta gede itu",1,UgxmBYNetgN9nGmsAzF4AaABAg,@dannydanny5051
UgxmBYNetgN9nGmsAzF4AaABAg.9x7GlXbQV239xEfTBsTbf_,,0,"2023-11-18 01:01:58",@dannydanny5051,"Betul, tapi bagi BCA, kecil banget, coba kalau kamu punya dana diatas 30M.pasti direspon cepat.",1,UgxmBYNetgN9nGmsAzF4AaABAg,@dannydanny5051
UgxmBYNetgN9nGmsAzF4AaABAg.9x7GlXbQV239xErAwwV-X5,,0,"2023-11-18 02:44:20",@lgoritme,"@dannydanny5051 mending di bank BUMN berarti kalo gede?",1,UgxmBYNetgN9nGmsAzF4AaABAg,@dannydanny5051
UgwpKsU5EJ0jdj8iIMV4AaABAg,0,0,"2023-11-15 03:54:27",@helniharyanti7935,"Apa hanya sy yg nonton ini langsung cek mbanking.. Allahul musta'an",0,,
Ugx0XZ7-QuDDP4TA3kJ4AaABAg,0,0,"2023-11-15 03:53:22",@praycristin9116,"Klo boleh tau merek hp samsung apa kk.",0,,
Ugz7Qve0fzLa8ukM4454AaABAg,3,1,"2023-11-15 03:32:43",@achiechitra6737,"Klo transaksi transfer kan bank bs tau dr komputer dia ..ke rek bank apa atas nama siapa no rek nya brp 🤔🤔 ..lah org pemilik rek sendiri kan pasti klo TT ngasi no rek bank tujuan dan nama pemilik rek tujuan ... 🤔 Kok bs BCA tdk bs tau dan buka ke rek bank apa no rek berapa nama siapa transaksi pindah dana itu 🤔🤔 kan aneh yaa...pemilik provider /bank sbg penyedia jasa keuangan tdk bs mendeteksi transaksi yg terjadi di perusahaan bank nya 🤔🤔",0,,
Ugz7Qve0fzLa8ukM4454AaABAg.9x7DKkSHcXH9x7DbZ3lKs6,,1,"2023-11-15 03:35:09",@mrbert,Exactly,1,Ugz7Qve0fzLa8ukM4454AaABAg,@achiechitra6737
Ugz7Qve0fzLa8ukM4454AaABAg.9x7DKkSHcXH9x7F5vPAjxu,,1,"2023-11-15 03:48:10",@achiechitra6737,"@mrbert kejadian kejadian macam bgni ..yg buat sp skrg sy malas pakai m- banking ..qrs...dll....mending pkai ATM biasa aja dan cari counter ATM terdekat ...klo d hp rentan kena retas...kena virus ...rentan terduplikasi oleh org yg tdk kita kenal tanpa kita ketahui... 🤔🙏 Biar aja kuno yg penting aman dan ngak malah ribet macam kejadian ini sdh uang hilang urusan nya malah ribet panjang bikin pusing pula 🙏 rempong nya klo ujung ujung nya uang kita tetap TDK BS kembali ...sdh jatuh tertimpa tangga pula 🙏",1,Ugz7Qve0fzLa8ukM4454AaABAg,@achiechitra6737
Ugz7Qve0fzLa8ukM4454AaABAg.9x7DKkSHcXH9x8r2SQRXRg,,0,"2023-11-15 18:47:44",@lgoritme,"​@achiechitra6737yg namanya musibah, kmrn saya aja kemalingan, maling masuk kamar kost ketika tidur, hp n tablet hilang, kalau yg namanya apes ga ada yg tau.",1,Ugz7Qve0fzLa8ukM4454AaABAg,@achiechitra6737
Ugxrovu5BjnltHAyWcJ4AaABAg,0,0,"2023-11-15 03:24:13",@priersackh,"Tapi apakah toko gerald dan toko aidan ini bisa didatangi fisiknya? Kalau bisa coba didatangi dan minta lihat buku penjualan/pemasukan pada hari itu digunakan untuk transaksi apa",0,,
UgyqN47q-pZ-EH9VbE94AaABAg,0,0,"2023-11-15 02:58:10",@dannydanny5051,"Mungkinkah ada keterlibatan oknum orang dalam dan bekerjasama dgn sindikat hacker??",0,,
Ugy-64JcLnnHtDy6U9N4AaABAg,2,0,"2023-11-15 02:46:35",@regalotan7229,"Bu Evita lsg aja ke BCA pusat di Gedung Menara BCA di Grand Indonesia bawa semua bukti yg ada. sy pribadi pernah kebobolan 100jt sama hacker di thn 2012. setelah investigasi mereka akui rek tsb kena serangan hacker. akhirnya uang yg hilang dikembalikan, dgn syarat jgn dipublikasikan ke media.",0,,
Ugy-64JcLnnHtDy6U9N4AaABAg.9x782mheCW09x78ZX0aXxZ,,0,"2023-11-15 02:51:03",@mrbert,"Udah sampai ditangan mereka.sampai IT utama mereka bahkan sebelum video ini naik. Justru gw kasi ke IT utama mereka dulu utk selesaikan.gw bilang gw ga akan angkat tapi slesaikan aja dulu. Tapi emang yg asa hasilnya",1,Ugy-64JcLnnHtDy6U9N4AaABAg,@regalotan7229
Ugy-64JcLnnHtDy6U9N4AaABAg.9x782mheCW09x7ANgRac1Q,,0,"2023-11-15 03:06:55",@regalotan7229,"waduh makin gawat aja skrg kalo BCA tidak berdaya",1,Ugy-64JcLnnHtDy6U9N4AaABAg,@regalotan7229
UgwBqQ6uaI0s9bPkC4V4AaABAg,1,0,"2023-11-15 02:41:01",@srimulyanthytanuwidjaja8712,"Jgn pake banking mobile de yg mbanking aja tanpa wife",0,,
UgwBqQ6uaI0s9bPkC4V4AaABAg.9x77Q0xbloV9x8rBK9dP_H,,0,"2023-11-15 18:48:56",@lgoritme,"Wife nya siapa",1,UgwBqQ6uaI0s9bPkC4V4AaABAg,@srimulyanthytanuwidjaja8712
UgzOhIRKH1ik6YqmHeZ4AaABAg,0,0,"2023-11-15 02:32:32",@wiengs1480,"Securty juga juga manusia yg buat pasti ada kelemahan zaman makin yg aneh nya bca punya cara ngurangin saldo secara sepihak dgn alesan bayar administrasi. Wong saya juga ngerasa pernah ilang 5jt",0,,
Ugzdfup1ErCCZ6jiVzl4AaABAg,0,0,"2023-11-15 02:04:40",@jfx1345,"BUKA DATA NASABAH DARI BANK LAIN PERLU PIHAK KETIGA YAITU PO********SI. YANG MANA KALAU PAKAI JASA NYA AKAN KELUAR BIAYA YANG LEBIH BANYAK DARI JUMLAH UANG YANG HILANG. HAHAHA.... KASIHAN SEKALI NEGERI KU INI. NEGARA YANG HANYA COCOK UNTUK DIJADIKAN SAPI PERAH SAJA. BUKAN UNTUK DIBANGGAKAN.",0,,
UgzTXBzt5piPrMSSAgl4AaABAg,0,0,"2023-11-15 01:59:17",@kekertakaruang3598,"belum pernah jd nasabah bca. klu dibilang bank yg paling aman,,,kyaknya itu hanya image yg dibangun,,, spy masyarakat lebih percaya n merasa lebih aman,, tp namanya sistem seperti itu pasti ada kelemahanya,,",0,,
Ugzo3-XCvkWKgvN8zwJ4AaABAg,0,0,"2023-11-15 01:27:33",@hendro57,"Coba cek log transaksi yg ada di bca, memang ga mudah sih kasus gini, cb offkan aja hp nya dl atau blokir dl aja biar aman mbak",0,,
UgwTN_bMEjdO2tM_ZL94AaABAg,0,0,"2023-11-15 01:06:15",@HRNM-xo8ut,"ku kira bca aman, ternyata... gak bakal pake klo kyk gni",0,,
Ugysn7-7EW_iH_lrtMl4AaABAg,0,0,"2023-11-15 01:05:02",@Purgatory77,"Wahh ngeri juga ya!!! Seharusnya Pihak BCA tersebut harus ganti kerugian nasabah nya mereka kan perusahaan besar Dimana perlindungan nya? Katanya Aman, Dan pihak korban juga ada bukti kuat di Mutasi aja Itu Udah Kelihatan Seharusnya Bantu Nasabah nya... Saya sebagai Nasabah BCA juga jadi kurang percaya kalo tidak ada bantuan sama sekali!",0,,
Ugxh4KWOdK6YZC0yPtB4AaABAg,1,0,"2023-11-15 00:57:41",@ailee2171,"Tktnya mbaknya ada instal apk atau klik link soalnya dl saya hampir kena tipu yg mengatasnamakan satu instansi online dimana saya lg mau cancel pesanan tiket pesawat, saya sampai disrh klik link qris bca itu, penipunya alasan itu buat blkin duit saya tp yg klr malah srh saya byr, saya wkt itu dah klik tp merasa aneh kok disrh byr lg, saya langsung cs bca dan crt kasusnya krn tkt dg link qris yg dah saya klik, untung duit saya aman sampai skrg, saya rasa sih keslhan dr mbaknya sendiri krn setau saya bca itu paling aman",0,,
Ugxh4KWOdK6YZC0yPtB4AaABAg.9x6waHDmbdO9x6xT5hROZS,,0,"2023-11-15 01:05:19",@mrbert,"Baca Deskripsi yaaaa.",1,Ugxh4KWOdK6YZC0yPtB4AaABAg,@ailee2171
UgyrYWTUZTxuX3jZ4qp4AaABAg,0,0,"2023-11-15 00:52:06",@mhyaNav,"Sepertinya Permainan Orang Dalam😁",0,,
UgzYH3Sg2w76mps5qdB4AaABAg,0,0,"2023-11-15 00:36:33",@Marie-MeiHoa,"Wah.. ada kerja sama dgn orang dlm BCA ini sih.",0,,
Ugyf1LGgx9KkQRVYXbx4AaABAg,0,0,"2023-11-14 23:45:29",@sunrosejkt,"Info anda sangat bagus. Satu hal saya mau tanya kalu kasus evita itu telpon nya dan accntbya di hack. Tapi umpama di phone dia tidak simpan password dll bagaimana si hacker dapat menggunakan qris nya? Qris akan bisa digunakan apabila si pemakai mengetahui password dll. Apa klikbca lebih aman? Thanks pak.",0,,
UgyRGTlaqhXXhcLB5Gx4AaABAg,0,0,"2023-11-14 23:36:48",@benedictzy5386,"Fix ini mah permainan orang dalam,",0,,
UgxiZwwzTrldesOi6n14AaABAg,1,3,"2023-11-14 22:37:45",@joelsantoso9405,"Agak sulit menerima kondisi ini... 1.Hp hrs nomor hp kita. 2.password harus 2x 3.Qris harus isi nominal jumlah yg dikirim. 4.harus scan barcode Saya gak percaya sih. Ini kalaupun bener, dilakukan oleh orang yg dikenal kita dan tahu passwordnya.",0,,
UgxiZwwzTrldesOi6n14AaABAg.9x6g_JfIliw9x6xoHKCNPL,,0,"2023-11-15 01:08:21",@mrbert,"Lalu pengembalian dana QRIS?? 2X. Lalu kenapa beruntun? Kan kalo mau dilakukan bisa dilakukan pengiriman sekali kirim kalo hanya 68 juta. Logika aja",1,UgxiZwwzTrldesOi6n14AaABAg,@joelsantoso9405
Ugx5j2umnI5M2dJ2Fj14AaABAg,0,1,"2023-11-14 21:29:07",@gbas2559,"Di Sekolah Sandi Negara, semua transaksi dari handphone kita PASTI bisa dilacak posisinya pada waktunya karena semua itu ada recordnya. Itu juga cara yang dilakukan kepolisian guna melacak pemakaian handphone teroris. Sekarang kembali kepada ""oknum"" pegawai BCA. Dalam hal ini, sudah dipastikan bank tidak mau dirugian dan akan berusaha menimpakan kesalahan ini kepada pihak yang berpotensi thd kebocoran ini (termasuk menimpakan kesalahan pada ""oknum"" karyawan). Hal inilah yang dikhawatirkan ""oknum"" karyawan tersebut. Prinsip perbankan di Indonesia adalah ""Bank can do no wrong."" Jadi kalau ada kesalahan itu HARUS ditimpakan kepada orang, bukan bank/lembaga. Kendati ini memang benar, namun yang menjadi pertanyaan, seberapa tinggi posisi/jabatan orang yang dimaksud untuk punya kewenangan dalam mengendalikan polisi perbankan! Solusi yang terbaik adalah, ada itikad baik antara pihak kepolisian, IT dan perbankan serta masyarakat untuk bekerjasama demi kebaikan bersama. Apabila tidak maka peristiwa 1998 ketika BCA mengalami rush bisa kembali berulang.",0,,
UgyZ2gedbzE6KJ-r7x94AaABAg,0,0,"2023-11-14 21:15:41",@SamsulBahri-vl4hs,"Sy kasih tau satu rahasia dunia perbankan.. Dunia perbankan saat ini lagi tidak baik2 saja.",0,,
UgzEktVmfMLLqU9vskx4AaABAg,2,0,"2023-11-14 19:54:39",@tomylim3321,"Itu ada transaksi toko xxx berkali kali, tinggal dicek ke toko nya, dan bca jg harusnya memfasilitasi... Kacau jg nih",0,,
UgzEktVmfMLLqU9vskx4AaABAg.9x6OukzXnKR9x8rhukZRXr,,0,"2023-11-15 18:53:31",@lgoritme,"Iya kalau tokonya deket kalau beda pulau atau fiktif gimna",1,UgzEktVmfMLLqU9vskx4AaABAg,@tomylim3321
UgzEktVmfMLLqU9vskx4AaABAg.9x6OukzXnKR9x8ts1ZFPgI,,0,"2023-11-15 19:12:23",@tomylim3321,"@lgoritme ia makanya kudu di cek dulu... Ditambah bca harusnya bs cek rekening toko berkaitan... Cuman ya lagi aturan, hrus polisi.. aturan di sini kaku banget.",1,UgzEktVmfMLLqU9vskx4AaABAg,@tomylim3321
Ugx_C0PEP69FqmV5kbh4AaABAg,0,0,"2023-11-14 17:51:10",@serdaduekos,"Hrus di up viralkan bnget biar kjdian sperti ini smua org bisa lbih waspada lagi dan bisa bljar utk mnangani mslah ini agar tdk dbuat pasrah keadaan apes... Krna gw jg prnah jdi korban. Wlaupun bank canggih tp seolah mnyepelekan uang yg hilang . udh lapor polisi tp slalu mrntok di laporan.. Sperti ibu ini pihak bank wlau bukti udh jelas ttp prkataan g brubah salah pemilik hp. 😢 smoga ksus bisa trus naik dan mmbuktikan siapun yg slah hrus brbenah diri",0,,
UgyKyCvTvLqP0zyTZkt4AaABAg,7,1,"2023-11-14 17:36:37",@rhaljundy,"Kasus yang sama dan ceritanya sama sampe saya harus mengalami total kerugian sebesar 59.767.384 jt. Dan lapor kepihak bank cm bisa bilang penusuran kasus yg panjang sakit rasanya mau cari km dan mau bilang apa juga sdh gak bisa berkata2 lagi, parahnya lagi persis omongan mba nya sm kasus saya 2 rekening diobrak-abrik sm hacker.semoga kerjadian ini gak terjadi sm yg lain karena kl sampe kena haduh ribet dan susah banget ngurusnya dan duitnya belum tentu juga bisa kembali itu yg sangat disayangkan.skrng jadi ilfil pake bank soalnya bca aja dah kaya begini gmn yg lain smua saya rasa smua sm karena sy sendiri mengalaminya.terima kasih",0,,
UgyKyCvTvLqP0zyTZkt4AaABAg.9x696jkbekW9x6JBZ1uu5u,,0,"2023-11-14 19:04:39",@lilyshoesofficial4230,"Bank apa kah? BCA jg? Serem nya 😢",1,UgyKyCvTvLqP0zyTZkt4AaABAg,@rhaljundy
UgyKyCvTvLqP0zyTZkt4AaABAg.9x696jkbekW9x6KYfpCANC,,0,"2023-11-14 19:16:33",@rhaljundy,"@lilyshoesofficial4230 intinya ancaman hacker bisa terjadi kepada siapa saja gak tau tempat dan waktunya,semoga gak terjadi ke org lain dan bertambah lagi korban nya karena sampe saat ini sy juga gak tau apa penyebabnya. Parahnya lagi jleb 1x pukul 2 rek terkoneksi satu sm lain jadi seperti dibuat transaksi normal namun anehnya masa iya rek kosong bisa transfer dalam jumlah besar,mungkin sulit dimengerti tapi ini yg telah terjadi sama saya",1,UgyKyCvTvLqP0zyTZkt4AaABAg,@rhaljundy
UgyKyCvTvLqP0zyTZkt4AaABAg.9x696jkbekW9x6Nd_jwYEr,,0,"2023-11-14 19:43:34",@rhaljundy,"Semoga banyak yg menonton channel ini dan korban yang mengalami hal serupa dapat speakup dsn,berharap dapat solusi yang terbaik dan tanggapan dari BCA karena sudah banyak korbanya dengan metode yang sama pengunaan pembayaran dengan menggunakan Qris",1,UgyKyCvTvLqP0zyTZkt4AaABAg,@rhaljundy
UgyKyCvTvLqP0zyTZkt4AaABAg.9x696jkbekW9x6OnJBs2ev,,0,"2023-11-14 19:53:38",@rhaljundy,"Kasus yg sy alami baru.tgl nya terjadinya aktifitas perbankan tak wajar mulai tgl 15/10/23 smp 1/11/23.",1,UgyKyCvTvLqP0zyTZkt4AaABAg,@rhaljundy
UgyKyCvTvLqP0zyTZkt4AaABAg.9x696jkbekW9x6P77rTXAW,,0,"2023-11-14 19:56:29",@rhaljundy,"Sekarang saya sendiri gak berani melakukan aktifitas perbankan masih trauma dan bertanya apakah masih aman uang saya simpan dibank walaupun sdh diblokir atm dan aplikasinya",1,UgyKyCvTvLqP0zyTZkt4AaABAg,@rhaljundy
UgyKyCvTvLqP0zyTZkt4AaABAg.9x696jkbekW9x8rudJrJW4,,0,"2023-11-15 18:55:16",@lgoritme,"​@rhaljundybank apa? BCA juga?",1,UgyKyCvTvLqP0zyTZkt4AaABAg,@rhaljundy
UgyKyCvTvLqP0zyTZkt4AaABAg.9x696jkbekW9x98pWlWfiI,,0,"2023-11-15 21:31:51",@rhaljundy,"@lgoritme iya bca juga",1,UgyKyCvTvLqP0zyTZkt4AaABAg,@rhaljundy
UgxTbhiVfYLDFQlKgNp4AaABAg,0,0,"2023-11-14 16:43:32",@anjarharifaoesi3493,"Jangan2 niihhh. 1. Sistem bca nya blom stabil tp sudah djalankan. Misal sistem barcode qr. Org lain yg bayar qr tp motong ke rek ing org lain. Apakah bs qr bca error. Entah qr atau sistemnya bca. 2. Apakah beli hp samsul second, video g disebutkan hp beli baru apa second. Hanya hpnya baru aja. Takutnya hp baru to belas oakai/second, sudah bekas kena tipu hack dan dijual. Takutnya walau diformat bisa rubah sistem root hp dr hackernya",0,,
UgymjHrseE2z2aHmA054AaABAg,0,0,"2023-11-14 16:34:58",@fajarfariz237,"BCA sadis sekitar 1 bulan lalu bos AC mobil uang raib 28jt . Dan di periksa dia melakukan transaksi transfernya lewat m bangking, ( padahal dia tidak melakukan transaksi tersebut). Dan pihak Bank bilng itu bapak sendiri yg transfer melalui m bangking dan bank nya bilng itu melalui tipe hp yg sama bapak pakai. setress gak tuhhh... hati² yg punya tabungan puluhan juta ✌️✌️",0,,
UgySUNZ_kZQ8jCKUlM94AaABAg,0,22,"2023-11-14 16:25:30",@reniemarina3949,"Sebagai salah satu nasabah BCA sejak lama, agak aneh juga liat kasusnya Bu Evita. Semoga semuanya bisa clear dan jelas, kalo saya jadi Mbak Evita juga pasti berjuang semaksimal mungkin buat mengungkap keanehan ini 🙏",0,,
UgwAvjEsIhz42g3z5Ed4AaABAg,1,0,"2023-11-14 15:44:44",@adjie991,"Apakah mungkin Apps BCA yang di pakai bukan Apps ""asli""?",0,,
UgwAvjEsIhz42g3z5Ed4AaABAg.9x5xJL0DYri9x5xTeW9mxI,,0,"2023-11-14 15:46:09",@mrbert,"Baca Deskripsi ada di jelaskan. Dan fb a ada aplikasi BCA yg ga asli. Ga bisa jalan kalo ga asli",1,UgwAvjEsIhz42g3z5Ed4AaABAg,@adjie991
Ugw_5YZV9ykjlTg5vR14AaABAg,1,1,"2023-11-14 15:36:26",@dnscampother,"Bca bisa koh sekrang ganti device atau nomor, cuma masukin nomor atm",0,,
Ugw_5YZV9ykjlTg5vR14AaABAg.9x5wMVMMlTX9x8s7wcM6FD,,0,"2023-11-15 18:57:13",@lgoritme,"Bukanya harus verifikasi kalau ganti device",1,Ugw_5YZV9ykjlTg5vR14AaABAg,@dnscampother
UgxiVdHI-MYRunTOC0d4AaABAg,0,0,"2023-11-14 15:23:05",@RINGGVLOG,"NNS 93600915 itu Dana harusnya. Tiap QR pasti ada NMID dan itu yang ngeluarin PTEN. Dari NMID tsb bisa ketauan siapa yang punya QR tsb. Mungkin bisa dimulai dari situ tracingnya.",0,,
Ugyd-flj3GoUYnFNDJ54AaABAg,0,0,"2023-11-14 15:22:50",@cepihhidayatullah2077,"Ingat system dibuat harus punya keamanannya dan summary detail transaksi dari mana kemana mudah ditelusuri.",0,,
Ugz0IUMuKKDk8s3ZBDt4AaABAg,1,0,"2023-11-14 15:21:21",@miftah9130,"Kan ada histori pembayaaran kesiapa qrisnya. Tinggal samperin salah satu tempat transaksinya yang ada cctv. Kalo gk salah atm juga ada yang pake nfc tinggal tap doang buat bayar tanpa password.",0,,
Ugz0IUMuKKDk8s3ZBDt4AaABAg.9x5ud0Lcy899x5xNegIMh-,,0,"2023-11-14 15:45:20",@mrbert,"Ga menjawab bagaimana ada refund 2 kali itu kan.",1,Ugz0IUMuKKDk8s3ZBDt4AaABAg,@miftah9130
UgxysBnhvHHiqg005B94AaABAg,4,4,"2023-11-14 14:54:59",@Suyuio-b6s,"Petunjuk 1.Ibu Evita tidak mendaftar Qris 2.Semua transfer berupa Barcode 3.M Banking dan Qris harus pakai Pin, kelihatannya di Hp Ibu Evita tidak pernah ada sms Pin m banking kalau ada sms pin m banking pasti ketahuan ada transfer,dan itu bisa jadi bukti ada transfer 4.Nomer Hp khusus m bankiing,tidak ada orang yg tahu. 5.Sebelum di rampok sepertinya Bu Evita mungkin belum pernah melakukan transfer Dugaan siapa saja yg lebih tahu nomer Hp m banking selain Bu Evita ? Dugaan Ini mungkin bukan permainan hacker tapi permainan manipulasi data nasabah oleh yg tahu nomer Hp mbanking bu Evita jika bukan pada saat buka rekening emangnya ada yg lain ? Kepolisian harus cepat bergerak,menyelidiki kasus ini sebelum banyak yg menjadi korban. Salam.",0,,
UgxysBnhvHHiqg005B94AaABAg.9x5rbw_5VUB9x6N-5EcZ1r,,2,"2023-11-14 19:37:54",@ceha6254,"Jauh amat mikir nya. Pelakunya ini keluarga dekat ibu evi sendiri, saya yakin 1000%",1,UgxysBnhvHHiqg005B94AaABAg,@Suyuio-b6s
UgxysBnhvHHiqg005B94AaABAg.9x5rbw_5VUB9x7CPD5ms26,,0,"2023-11-15 03:24:36",@Amelia.Andrew,"​@ceha6254klo blom ngalamin pasti ngo bgini, klo memang pelakunya dari bu evita, pihak bank BCA pasti udh menuntut pencemaran nama baik, bukannya lempar sana sini oper sana sini",1,UgxysBnhvHHiqg005B94AaABAg,@Suyuio-b6s
UgxysBnhvHHiqg005B94AaABAg.9x5rbw_5VUBA3Pc2ExC5HM,,0,"2024-05-14 06:43:29",@animationbible_yt,"Qris bca gak perlu daftar otomatis ada di layanan mbanking",1,UgxysBnhvHHiqg005B94AaABAg,@Suyuio-b6s
UgxysBnhvHHiqg005B94AaABAg.9x5rbw_5VUBA4mq4UN743J,,1,"2024-06-17 12:59:17",@azidebarons2280,"Saya yakin mungkin ada Ordal yg terlibat, pihak bank harus gercep dong, telusuri ke mana arus uang tersebut",1,UgxysBnhvHHiqg005B94AaABAg,@Suyuio-b6s
Ugz_4j0GRoyjtn9pYZt4AaABAg,0,0,"2023-11-14 14:50:42",@tanboenkim5828,"Ane nyimak ini malah keingetannya kisah Ojeg Online dapat orderan Ghoib,baik itu bawa orang/food Apa penunggu gunungnya yg buat transaksi?",0,,
UgzbH_BH8-1pB89jCi94AaABAg,2,0,"2023-11-14 14:45:36",@estehpanas2525,"Ibu gue juga jebol bca-nya. Jebolnya lewat MyBCA. Udah lapor polisi, udah bolak balik bca gak ada kejelasan. Dan seperti biasa mereka berkilah transaksi itu dilakukan oleh ibu saya. Oh begitu. Gue bilang sama sodara dan kakak gua, dan sejak hari itu semua pada tutup rekening bca. Bahkan kakak ipar gua yang adalah nasabah prioritas dan termasuk nasabah besar langsung tutup akunnya di bca. Makanya sekarang gua udah gak percaya lagi sama mbanking. Gue balik ke token lagi. Gua delete account semua yang berbau mobile banking. Pake token lebih aman. Dan sekarang gue cuma simpen duid ratusan ribu aja di bca. Udah kecewa sama layanan bca. Siapapun yang transfer ke bca langsung gue pindahin.",0,,
UgzbH_BH8-1pB89jCi94AaABAg.9x5qY9USRbE9x8shiQNiOK,,0,"2023-11-15 19:02:14",@lgoritme,"Pindah bank apa?",1,UgzbH_BH8-1pB89jCi94AaABAg,@estehpanas2525
UgzbH_BH8-1pB89jCi94AaABAg.9x5qY9USRbEA3NARJp7OjB,,0,"2024-05-13 07:55:01",@estehpanas2525,"@lgoritme Kalo kakak ipar gue ke HSBC. BCA cuma numpang lewat doang. Gue juga sama. BCA cuma numpang lewat doang. Gue pake BNI.",1,UgzbH_BH8-1pB89jCi94AaABAg,@estehpanas2525
UgxKBXZ9uIzCfs0XoRB4AaABAg,1,0,"2023-11-14 14:41:26",@chaerrullfebriansyah3965,"Mbca bisa terinstal di 2 hp koh, mungking bug atau error. Karena di hp lama saya bisa masih terinstal mbca ( sebelum ganti ke hp baru) kalau belum di hapus data di hp lama",0,,
UgxKBXZ9uIzCfs0XoRB4AaABAg.9x5q3b7RJW-9x8smhl5Gpw,,0,"2023-11-15 19:02:55",@lgoritme,Mengerikan,1,UgxKBXZ9uIzCfs0XoRB4AaABAg,@chaerrullfebriansyah3965
UgzHYl2ny-tSTRaSaVt4AaABAg,4,16,"2023-11-14 14:39:07",@and12345audyt,"Pejabat-pejabat di BCA emang banyak yang sombong, percuma ngomong baik-baik ke mereka. Emang butuh diviralkan baru akan direspond, bila perlu marah2 di kantornya di depan nasabah lain supaya BCA pun takut kehilangan nasabah",0,,
UgzHYl2ny-tSTRaSaVt4AaABAg.9x5pnkbY7dk9x7iQYjfK5S,,1,"2023-11-15 08:13:08",@anthonysugiharto4385,"Kalau dulu, saudara gw ada kesalahan transfer, dibantu kok. Sebenarnya bukan masalah pejabatnya, tapi dengan siapa kita bicara. Kalau si A tidak bisa, coba cari layanan dari si B. Meski sama bank BCA, tapi kalau beda personil pasti beda penanganan sih.",1,UgzHYl2ny-tSTRaSaVt4AaABAg,@and12345audyt
UgzHYl2ny-tSTRaSaVt4AaABAg.9x5pnkbY7dk9ylp0P_dzKL,,1,"2023-12-26 03:50:59",@annacarolfashion,"Saya tgl 10 Des kmren salah transfer BCA gak bantu. Saya salah transfer dan langsung telv Halo BCA. Uang saya gak balik sebesar 35juta. Kalo di Korea salah transfer Kalo langsung lapor bisa detik itu juga di Batalkan. Jadi nya saya harus urus surat penetapan pengadilan. Semestinya sistem bank di Indonesia di ubah Kalo salah trf selama itu masih 24 jam mestinya bisa dibatalkan selama si penerima belom pake uangnya. Ini nunggu etika baik dari si penerima. Sedangkan gak semua orang punya etika baik. Saya bener2 sayangkan dan sangat kecewa. Saya bertahun2 jadi nasabah BCA hanya melakukan kesalah sekali ini aja. Trus mereka cuma bisa bantu freeze uang saya hanya 5 hari. Setelah itu di unfreeze jadi itu uang ada di si penerima.",1,UgzHYl2ny-tSTRaSaVt4AaABAg,@and12345audyt
UgzHYl2ny-tSTRaSaVt4AaABAg.9x5pnkbY7dk9zY-fJ09d5t,,0,"2024-01-14 06:15:37",@leonardwowor2522,"Saya juga korban cyber crime dan sudah lapor ke Bank Biru ini hanya mediasi saja tidak ada solusi yang nyata....nasib...nasib",1,UgzHYl2ny-tSTRaSaVt4AaABAg,@and12345audyt
UgzHYl2ny-tSTRaSaVt4AaABAg.9x5pnkbY7dkA3jG2TygSp8,,0,"2024-05-22 07:06:35",@Koswara-w6t,"Handphone juga harus disetting / dilengkapi dgn password.",1,UgzHYl2ny-tSTRaSaVt4AaABAg,@and12345audyt
UgyufL7tCHRDSY2IrGJ4AaABAg,0,0,"2023-11-14 14:36:16",@matahati4743,"Wah, mulai mencemaskan.",0,,
Ugx4eoJ08WCWpee3rxV4AaABAg,0,0,"2023-11-14 14:28:17",@Uploadsaja,"Memang BCA tidak ada notifikasi sama sekali kalau M-BCA..ada transferan pun gak tahu, pakai QR juga gak tahu..makanya susah ya, gak ada notifikasi begini..musti sering2 cek saldo, kelihatan aneh sih kalau transaksi berurutan terus menerus begitu kok ya aneh",0,,
UgwNZvoo2ylf8glgSj14AaABAg,2,0,"2023-11-14 13:57:55",@masdeddy2695,"Nomor rekening nya lama? Tapi kartu atm baru? Data nomor kartu ATM lama & angka di belakang kartu ATM lama mebi kemungkinan di daftarkan oknum ke nomor gsm lain, sebelum sistem otomatis close blokir nomor lama Mumet kan? Ya mebi mebi lah",0,,
UgwNZvoo2ylf8glgSj14AaABAg.9x5l4wLQo7j9x5loOpZB_s,,0,"2023-11-14 14:04:16",@masdeddy2695,"Fitur transaksi tanpa PIN nya di mobile BCA apakah aktif? Karena transaksi 1jt bisa lolos tanpa PIN, ada penjelasan nya di apps mobile BCA Mebi itu sebabnya transaksi nya kecil2 1 juta berulang kali",1,UgwNZvoo2ylf8glgSj14AaABAg,@masdeddy2695
UgwNZvoo2ylf8glgSj14AaABAg.9x5l4wLQo7j9x8sxwlVx0e,,0,"2023-11-15 19:04:27",@lgoritme,"​@masdeddy2695bisa jadi",1,UgwNZvoo2ylf8glgSj14AaABAg,@masdeddy2695
UgwCyQL_lYCBvH9K7z54AaABAg,0,0,"2023-11-14 13:12:28",@syaifulgani,"Hpnya dihack ini",0,,
Ugyu0KDxlM-tr1aeRPN4AaABAg,0,0,"2023-11-14 12:56:11",@aditedmln,"kasusnya agak aneh juga, padahal si ibu ini sudah sangat preventif dan protektif sekali, karena mengkhususkan HP hanya untuk banking tetap bisa ""bocor"".",0,,
UgwQdUZbuklsxmnzS_R4AaABAg,0,0,"2023-11-14 12:15:30",@dangdutkoploindonesia6444,"saya sih pakai BCA tp kalau ada uang langsung saya tarik semua,mending buat jajan",0,,
UgzTNVj8bVRoPdif_5R4AaABAg,0,2,"2023-11-14 12:05:10",@jenniferdianc,"semoga viral & bisa ditindaklanjuti yaa ♡♡ sedih banget sih kalo malah disalahin",0,,
Ugz3-V45R-VUXWjx5fN4AaABAg,1,0,"2023-11-14 11:35:28",@rilsyahsyahruzad8756,"Nampaknya para nasabah akan beralih ke perbankan syariah karna pengurus bank syariah diawasi ulama yg jelas takut dosa. Kalau bank konvensional ga punya kata ""dosa"" dalam kamusnya",0,,
Ugz3-V45R-VUXWjx5fN4AaABAg.9x5VmdG8red9x5xl9wQDJ_,,0,"2023-11-14 15:48:41",@hanssitumorang3582,"Ulama penipu bro",1,Ugz3-V45R-VUXWjx5fN4AaABAg,@rilsyahsyahruzad8756
UgxNUgIU3qKdvYmTZmp4AaABAg,0,2,"2023-11-14 11:19:32",@yssuharto1647,"😂😂😂 AWAS DALEM BANK = JUGA ADA BANDIT 2 YG. MENGINTAI 😅😢😂",0,,
Ugx-WkyWnLTac5rM_394AaABAg,2,0,"2023-11-14 11:05:15",@AnggoroCH,"ini asumsi kemungkinan saya ya, yang pertama harus dicek itu HP mbaknya, untuk orang yang suka oprek hp pasti paham maksud saya, karna kita bisa ""meng copy paste"" semua data app dan cache dengan modify recovery, karna Qris tidak menggunakan aktivasi nomor sms untuk melanjutkan transaksi hanya memasukan pin, bahasa simplenya kita bisa menggunakan 1 whatsapp tapi dengan banyak platform seperti aktif juga di whatsapp webb jika di link, jadi kita bisa menyamakan imei device id, bahkan lokasi yang sama ,maaf kalau bahasa sy sulit dipahami,, dan sekali lagi ini hanya asumsi kemungkinan",0,,
Ugx-WkyWnLTac5rM_394AaABAg.9x5SKG-RVHw9x8t4p9TpaR,,0,"2023-11-15 19:05:32",@lgoritme,"Bca ga ada otp kalau mbca,",1,Ugx-WkyWnLTac5rM_394AaABAg,@AnggoroCH
Ugx-WkyWnLTac5rM_394AaABAg.9x5SKG-RVHw9x8zjwe-F7A,,0,"2023-11-15 20:03:43",@AnggoroCH,"@lgoritme nah iya itu otp maksudnya, otp bca hanya kartu kredit aja soalnya, mungkin bagusnya mbca ditambah biometric kaya fingerprint kaya dbs",1,Ugx-WkyWnLTac5rM_394AaABAg,@AnggoroCH
UgyFflP9ScN6_6KWAkF4AaABAg,0,0,"2023-11-14 10:56:29",@karaokengehits,"Wah bahaya nih kalau sekelas BCA bisa di bobol via QRIS. Apa mungkin ada orang dalam yang bermain?",0,,
UgwLqkEy-JsAQDfeY314AaABAg,1,0,"2023-11-14 10:38:05",@epulshiohama7375,"Setelah tonton ini auto cek saldo bca",0,,
UgwLqkEy-JsAQDfeY314AaABAg.9x5PDKc_8JK9x8t6rsjLFG,,0,"2023-11-15 19:05:48",@lgoritme,"Auto setiap hari cek",1,UgwLqkEy-JsAQDfeY314AaABAg,@epulshiohama7375
Ugy3Z9ZJGqxZuiEKy6h4AaABAg,1,0,"2023-11-14 10:11:26",@jefrimedan,"Saya rasa mesti dicek lagi hp nya ke ahli nya. Ada apk yang langsung ke hidden soalnya jadi gak kelihatan di daftar aplikasi",0,,
Ugy3Z9ZJGqxZuiEKy6h4AaABAg.9x5MA8Vpzqt9x5NhX_xGTe,,0,"2023-11-14 10:24:52",@mrbert,"Baca deskrispi yaaa. Udah dijelaskan disana",1,Ugy3Z9ZJGqxZuiEKy6h4AaABAg,@jefrimedan
Ugwvr0lxPWXpClB2Tnd4AaABAg,0,0,"2023-11-14 10:05:02",@seven-hm7gf,"Itu simpel sebetulnya klo emang BCA mau melindungi nasabahnya tinggal di lacak selesae kan gampang BCA klo mau bertindak",0,,
UgxMK0daeZhFLLY6-wd4AaABAg,0,0,"2023-11-14 09:34:50",@vins.tuning,"Kawal terus mrbert !!! Semoga cepat selesai",0,,
Ugy-gx5rMYss8unVcpp4AaABAg,0,0,"2023-11-14 09:27:58",@rilsyahsyahruzad8756,"Kita tunggu pertanggungjawaban pemerintah sebagai pengawas bank",0,,
UgwtiH02c5XkAXRgmn14AaABAg,0,0,"2023-11-14 09:16:44",@febriyanto-x9t,"pengalaman pribadi nih.. Saya pelanggan BCA mulai th 2010 sampai sekarang aplikasi mbca tidak pernah saya install di HP saya, walaupun banyak yang menyarankan katanya : SIMPLE, MUDAH dll INTINYA KALAU MAU TRANSAKSI CUKUP KE ATM BCA, INSYAALLAH AMAN GAK PERLU NEKO NEKO Alhamdulillah saldo aman aman saja sampai sekarang Setiap tekhnologi baru pasti ada bug BUG INILAH YANG DIMANFAATKAN OLEH PARA HACKER SARAN SAYA : JANGAN INSTALL APLIKASI MBCA DI HP ANDA",0,,
UgzQMprQjZyUxydw0LR4AaABAg,0,0,"2023-11-14 08:57:07",@saguitar,"Hati2, jangan menabung di bank.",0,,
UgzAKzQtpZHj656AJIF4AaABAg,0,1,"2023-11-14 08:16:33",@zivan24,"Si nasabah pernah transaksi Qris ke sebuah tempat tidak? Bisa jdi Qris/Barcodenya di hack oleh pihak tempat tersebut. Itu mungkin gak? Contoh gampang, saya pernah hack salah 1 komputer di warnet, jadi setiap siapa yg pakai komputer tersebut saya tahu ID dan Pass akun apapun yg dimiliki si pemakai komputer tersebut. Nah konsepnya bisa jadi sama gak? Hanya opini.",0,,
UgwZGQd32ubKiy9lhH54AaABAg,0,0,"2023-11-14 08:00:11",@mugenmugen9937,"banyak nga sih yg kena apa cuma 1 orang di bandingkan dengan pengguna",0,,
UgwUIhHW6M0gT2Hj1L14AaABAg,0,0,"2023-11-14 07:53:42",@YovancaLainsamputty-hi2bv,"Ngeri jga ya klo BCA kebobolan Rek org. Apa lagi kita uang tabungan nya ga banyak bisa ilang. Yah ampun jahat jga ya yg melakukan nya. Ga takut dosa ya.😭",0,,
UgxjKqDZFcHxhDLL5l14AaABAg,1,0,"2023-11-14 07:38:35",@sentanussen5737,"kalo dilihat kan ada qris di toko gerald / nama toko-nya.... coba cek ke toko tersebut",0,,
UgxjKqDZFcHxhDLL5l14AaABAg.9x54fZm7LJF9x55Tb5EOKH,,0,"2023-11-14 07:45:33",@mrbert,"Utk pelanggan ga semudah itu.yg punya power yaaa polisi dan bank nya",1,UgxjKqDZFcHxhDLL5l14AaABAg,@sentanussen5737
UgxRP3B2uCC_MwhuL9N4AaABAg,4,1,"2023-11-14 07:27:33",@abang_senang,"Intinya ada 2 praduga didlm kasus ini: 1. Ada oknum BCA yg bermain dlm kasus ini 2. Si mbaknya berbohong mendesign kasus ini seolah2 uangnya hilang di BCA supaya ada penggantian sejumlah uang dari pihak BCA",0,,
UgxRP3B2uCC_MwhuL9N4AaABAg.9x53PpNAUxc9x55o-cPD7X,,0,"2023-11-14 07:48:28",@mrbert,"Saya suka komen kamu. Tajam. Tapi kok ada refund 2 kali QRIS ke rekening dia?? Gmn kamu jelaskan itu?",1,UgxRP3B2uCC_MwhuL9N4AaABAg,@abang_senang
UgxRP3B2uCC_MwhuL9N4AaABAg.9x53PpNAUxc9x5iy50gn2w,,0,"2023-11-14 13:39:22",@DriftKido,"​​@mrbertbukti yg ditunjukkan bisa saja gambar yg sudah diedit. Lokasi bisa menggunakan 2 handphone, di google bisa dipilih device mana yang dipakai untuk 'location history'. Saya punya banyak device termasuk punya anak2 juga saya track semua. Hp nya dia bilang khusus untuk transaksi saja, apa iya? Saya tiap hari pake 2 hp juga 2 2 nya dipakai normal, pasti ada aplikasi2 yg overlap dipakai di 2 device. Tambahan juga Location history btw juga bisa diedit2.",1,UgxRP3B2uCC_MwhuL9N4AaABAg,@abang_senang
UgxRP3B2uCC_MwhuL9N4AaABAg.9x53PpNAUxc9xA3W1gOQ-j,,0,"2023-11-16 06:04:36",@nepdar8091,"@mrbert MUNGKIN sudah limit penerima Qris nya, jadi oleh sistem akan otomatis refund ke pembeli. Saya sedikit tau krn saya Merchant punya Qris khusus",1,UgxRP3B2uCC_MwhuL9N4AaABAg,@abang_senang
UgxRP3B2uCC_MwhuL9N4AaABAg.9x53PpNAUxc9xBJvdLtCgI,,0,"2023-11-16 17:47:17",@vickybahtiar1346,"Hallo mas @mrbert saya juga merasakan hal yg sama dg mbaknya,besok mau coba lapor ke BCA",1,UgxRP3B2uCC_MwhuL9N4AaABAg,@abang_senang
UgyISWh37g56yufMril4AaABAg,0,0,"2023-11-14 07:24:18",@ipehpore9405,"Itu refund qriss biasanya memang jika terjadi kecurigaan transaksi bisa mengajukan refund dari merchant, aku pernah krn jaringan tiba tiba terputus yg awalnya qriss sukses sejam kemudian saldo kembali refund dari qriss merchant , padahal gak ngajuin refund tiba tiba ke refund sndiri",0,,
UgwMn8dBBGIA0TnHSFN4AaABAg,1,0,"2023-11-14 07:12:00",@albertdanlala,"sepertinya HP nya ter hack ? si krn gak pernah dapet otp juga kan ? btw harusnya team it BCA bisa menjelaskan itu kan",0,,
UgwMn8dBBGIA0TnHSFN4AaABAg.9x51csR9mv69x55uMPTjUf,,1,"2023-11-14 07:49:20",@mrbert,"Mau atau tidak itu aja kok",1,UgwMn8dBBGIA0TnHSFN4AaABAg,@albertdanlala
UgybphiJFHxXnU127UN4AaABAg,3,0,"2023-11-14 06:39:16",@Ojolchanel13,"Aduh saya pengguna bank bca lagi auto pindah sebelah lah ternyata PIHAK BCA Hanya diam ngga ada tanggung jawab sama sekali",0,,
UgybphiJFHxXnU127UN4AaABAg.9x4yt9IFOSt9x8tO0d3ucx,,0,"2023-11-15 19:08:09",@lgoritme,"Pindah kemana",1,UgybphiJFHxXnU127UN4AaABAg,@Ojolchanel13
UgybphiJFHxXnU127UN4AaABAg.9x4yt9IFOSt9xA8UZvbrpW,,0,"2023-11-16 06:48:06",@Ojolchanel13,"Ada deh bank sebelah Bumn kuga",1,UgybphiJFHxXnU127UN4AaABAg,@Ojolchanel13
UgybphiJFHxXnU127UN4AaABAg.9x4yt9IFOSt9xErFIyn-a9,,0,"2023-11-18 02:44:56",@lgoritme,"@Ojolchanel13 yg mana",1,UgybphiJFHxXnU127UN4AaABAg,@Ojolchanel13
Ugxf4gaCH4Q7YWUULgF4AaABAg,1,2,"2023-11-14 06:27:21",@gunawangoenaone1137,"Tinggal mencari pihak yg diuntungkan atau aliran uang lari kemana... dan yg bisa melakukan ini hanya bank yg bersangkutan.. (klo mau...)",0,,
Ugxf4gaCH4Q7YWUULgF4AaABAg.9x4xWuk24P99x55YXQAJYJ,,1,"2023-11-14 07:46:13",@mrbert,"Aku suka statement. Kalo mau",1,Ugxf4gaCH4Q7YWUULgF4AaABAg,@gunawangoenaone1137
Ugy4a6Ap2WNQZ5Qhc-F4AaABAg,0,0,"2023-11-14 06:25:12",@fadliandriansyah,"BCA memang tidak aman, hati hati kalau saldonya banyak, siap siap di bobol maling..",0,,
UgyeICp2lrEmzYR_oRp4AaABAg,1,0,"2023-11-14 04:32:30",@SuperTony0303,"Solusi akhir nya bgm ?.",0,,
UgyeICp2lrEmzYR_oRp4AaABAg.9x4kNhOs1DR9x4nETj74V1,,0,"2023-11-14 04:57:27",@mrbert,"Kita liat jawaban BCA. Justru itu yang kita tunggu",1,UgyeICp2lrEmzYR_oRp4AaABAg,@SuperTony0303
Ugz-wqK9b4xvNKpzkLh4AaABAg,1,0,"2023-11-14 03:09:33",@banditz821,"BCA kan tau uang itu ke rek siapa, kan ada semua data transaksi... Apalagi transaksi nya cm ke 1 tujuan... Ya aneh aja klo bca ga bisa nemuin... Ato emang BCA yg ga peduli...",0,,
Ugz-wqK9b4xvNKpzkLh4AaABAg.9x4at8V-Dck9x4bJMenmmD,,0,"2023-11-14 03:13:16",@mrbert,"Ada 4 atau 5 tujuan tapi semuanya berulang. Nahhhh tapi kenapa lama sekali hasilnya itu yg membingungkan. Kenapa?",1,Ugz-wqK9b4xvNKpzkLh4AaABAg,@banditz821
UgyI73ti4xz7yQsvh014AaABAg,0,0,"2023-11-14 03:02:22",@jamesindra1811,"aku blm lama beli hp baru di tokped, trimanya msh segel, lalu pasang nomor baru diaktifasi lalu daftar wa, lalu setelah itu beberapa hari kemudian wa nya di blok alasanya spam, lalu ambil kartu baru, terjadi lagi. yg pertama ada org lain yg bs akses hp itu selain saya. yg kedua yg bs akses hp itu cm saya.",0,,
UgyJe_luMdd9ZSGBuml4AaABAg,0,0,"2023-11-14 02:47:29",@Firien_Art,"Hampir semua bank,.. Kaya gitu.. Jaman skr kejahatan digital luar biasa..",0,,
UgwyN-QOWgxc8Sxvtbd4AaABAg,0,0,"2023-11-14 02:43:27",@BlessmarbleBdg-qy4kr,"Makanya saya tidak mau pakai mobile banking karena di HP terlalu riskan dimana pemakai HP sendiri kebanyakan tidak memahami keamanan dengan mendownload program 2 yg valid dalam keamanan sehingga bisa di hack, kalau internet banking ada key bca yg dimana key bca itu personal. Kalau sudah kejadian ribet urusannya.",0,,
UgxrJaIQ3TUCIg4Wkwt4AaABAg,2,13,"2023-11-14 02:42:58",@Andrea_4784,"Kalo pihak perbankan tdk menindaklanjuti mslh² seperti ini akan membuat semua nasabah merasa tdk aman menyimpan uang di bank manapun di Indonesia. Sialnya kalo ada mslh spt ini pihak bank atau pihak berwajib sdh pasti tdk mau tau dan tdk akan mengakui kelemahan sistem mereka yg bisa diretas pihak lain, lalu kmn lg kita hrs menuntut hak kita..??? Saya sbg nasabah jg akan merasa selalu was² krn byk nya kasus² dgn berbagai mcm modusnya tdk dpt di atasi oleh pihak bank. Apakah hrs pakai cara lama aja simpen uang di brangkas rmh 😵😵‍💫 Ini chanel sangat bermanfaat sekali, kita bisa lbh teliti dan bijaksana lg dlm kegiatan perbankan. Terimaksih Mr. Bert 🙏🙏🙏",0,,
UgxrJaIQ3TUCIg4Wkwt4AaABAg.9x4YqPR2DvhAAWshHCgGGw,,1,"2024-11-07 02:03:28",@GusnandarCimma,"Aku pernh kejadian saldo 8 juta tiba2 pas mau tf 1 juta saldo tdk ckup jdi sy heran kok bs jdi sy cek saldo ulng sisa 26 rbu .",1,UgxrJaIQ3TUCIg4Wkwt4AaABAg,@Andrea_4784
UgxrJaIQ3TUCIg4Wkwt4AaABAg.9x4YqPR2DvhAAWsn6e6Rat,,1,"2024-11-07 02:04:16",@GusnandarCimma,"Sy kapok pke tabungan bank",1,UgxrJaIQ3TUCIg4Wkwt4AaABAg,@Andrea_4784
UgyH3llJEuX4lFFgzbx4AaABAg,0,0,"2023-11-14 02:41:45",@St.Bandono,"Jangan2 kena gendam di jalan",0,,
Ugxp1ULR7N6NDs6hr554AaABAg,0,0,"2023-11-14 01:38:01",@suryoardi7109,"Untuk sementara ini sejak beberapa bulan lalu, sy terpaksa uninstall semua aplikasi Mbanking saya di HP, biarlah orang bilang saya kuno, gaptek, nggak praktis, terserah... Alasannya saya tidak percaya seujung kuku pun dengan sistem keamanan IT perbankan di Indonesia, sangat2 tidak menjamin keamanan nasabahnya sendiri, kebobrokan ini di dukung oleh SDM di negara ini yang banyak bermental korup, jadi saya tetap menduga banyak programer dan praktisi IT yang bekerja untuk bank2 tsb tidak sepenuhnya jujur, mereka mungkin saja terlibat, mereka sengaja tidak membuat sistem yang aman dan tau kelemahan sistem2 tsb. mereka bukan orang2 sembarangan, pastinya mereka cerdas, maka dari itu pihak bank akan selalu menjaga mereka sebagai asset, mungkin bank tau itu ulah mereka tapi bank akan lebih menjaga nama baik bank dan menumpahkan kesalahan kepada nasabahnya sendiri. selama masih banyak orang bermental korup di negara ini, selama itu juga sistem2 seperti ini tidak bisa di percaya.",0,,
Ugytl08eR0m8tALiwQt4AaABAg,0,0,"2023-11-14 01:33:30",@littledastan5592,Waduh,0,,
UgxSJSyQWQUVsdskqrV4AaABAg,0,1,"2023-11-14 00:40:59",@Ayasegaki,"Setau saya aplikasi banking BCA nggak bisa dipakai kalau SIM card yang didaftarkan nggak dipasang di HP yg sama, kalau ngakunya nggak pernah terima OTP di HP itu berarti bukan HP itu yang ""dijebol"" dong? Karena aplikasi BCA nya nggak mungkin bisa dipakai di HP itu kalau memang sesuai pengakuan OTP nya bukan di HP itu.",0,,
UgycZEkbFByQD83KoFZ4AaABAg,0,0,"2023-11-14 00:27:48",@rainbrandiesh,"Kalo handphone ini di backup dan d restore ke model hp yg serupa berarti kemungkinan ada celah di semacam mac address",0,,
UgyzWBDUn7J1L2M69MN4AaABAg,1,0,"2023-11-14 00:03:18",@sam4D,"Saya juga IT. Justru BCA kali ini senyum senyum saja karena dari log nya kelihatan ada apa. Yg dijelaskan di video saja membagongkan. Juga HP yg dipakai. Rare case yg gak akan terulang, akan lenyap. Hihihi.. Coba aja ajukan ke Polisi, kasuskan naikkan lebih besar. Palingan hanya sebatas laporan kelas Polsek aja dan menguap 😅",0,,
UgyzWBDUn7J1L2M69MN4AaABAg.9x4GZzp32IB9x4K9KeIwUy,,0,"2023-11-14 00:34:36",@mrbert,"Senyum? Udah masuk Koran dan udah masuk kepolisian kok. Dan ga janji akan di KAWAL. Sudah ada bbrp media yg kejar jawaban BCA. Dan gw janji ini ga akan menguap.",1,UgyzWBDUn7J1L2M69MN4AaABAg,@sam4D
Ugwia7gPqzkP_1TPprN4AaABAg,1,0,"2023-11-13 23:43:52",@kevin_vinita,"Klw boleh komen ni, apakah pada saat menginstal mobile bca ada pernah ditawari utk mengaktifkan Internet banking ny??? Krn aplikasi M-banking dan I-Banking tu di BCA bisa dilakukan dgn device berbeda... Dlm kata lain meskipun hp ditangan pemilik rekening, Internet banking bisa d akses dr device lain...",0,,
Ugwia7gPqzkP_1TPprN4AaABAg.9x4ELi0nfTn9x4KJNGw89X,,0,"2023-11-14 00:35:59",@mrbert,"Internet banking ga bisa Bayar QRIS agan ku. Dan divideo dijelaskan bank itu dari device Samsung tersebut. Baca deskrispi yaaa",1,Ugwia7gPqzkP_1TPprN4AaABAg,@kevin_vinita
Ugx7X5_V-icCrFmIYBt4AaABAg,3,0,"2023-11-13 22:57:38",@qoharudinal2216,"Buat qr yang tidak punya bisnispun itu bisa buat sendiri kok mas langsung dari mbca. Karena saya pengguna bca juga. Tapi memang benar yang saya rasakan sendiri bca memang salah satu bank yang fiturnya security bagus. Cuman dimanapun itu namanya it scurity pasti saja ada celah keamanan yang bisa di bobol. Saya sendiri sebagai pengguna bca juga berharap nantinya sistemnya jadi lebih baik lagi,",0,,
Ugx7X5_V-icCrFmIYBt4AaABAg.9x4932z01wl9x5nrkwPEND,,1,"2023-11-14 14:22:12",@nyctusclaywhite7072,"Gimana caranya? Dulu memang bisa,skrg ud g bs lg. Soalnya skrg qris wajib daftar lwt website nya qris,bkn daftar ke bank lg",1,Ugx7X5_V-icCrFmIYBt4AaABAg,@qoharudinal2216
Ugx7X5_V-icCrFmIYBt4AaABAg.9x4932z01wl9x5u_WxhqNj,,0,"2023-11-14 15:20:52",@qoharudinal2216,"@nyctusclaywhite7072 iya bener itu qris yang lama. Punyaku masi ada ssnya soalnya. Kalo sekarang fungsi qrisnya cuman buat bayar aja kak.",1,Ugx7X5_V-icCrFmIYBt4AaABAg,@qoharudinal2216
Ugx7X5_V-icCrFmIYBt4AaABAg.9x4932z01wl9x76jngRPxV,,0,"2023-11-15 02:35:07",@morningeve,"​@nyctusclaywhite7072di mbca sy, opsi qris ada di tengah bagian bawah, setelah itu tinggal pilih scan untuk pembayaran atau tampilkan QR yg lgsg tersambung ke rekening sy",1,Ugx7X5_V-icCrFmIYBt4AaABAg,@qoharudinal2216
UgyJ6Idw3eZerWcImW94AaABAg,0,0,"2023-11-13 22:54:34",@chitraleny2980,"Balik sptbdulu aja lah kecanggihan teknologi sama dgn kecanggihan pencurian data",0,,
UgypXGimQLBSCfKBj2x4AaABAg,0,0,"2023-11-13 22:50:25",@chitraleny2980,"Ya ngak usah PKI mbanking lah PKI ATM biasalah",0,,
UgwDXoxmxR5avvTvWoN4AaABAg,0,0,"2023-11-13 21:07:09",@simonsion6211,"Setiap trasaksi kan ada no. Rek. Tujuan pasti ketahuan dong noreknya.",0,,
UgybGBsnI1RM3uLjRz14AaABAg,0,0,"2023-11-13 19:56:22",@partijo,"Kalau masalahnya di QRIS, saya prasa kemungkinan QRIS mbak Evita di cloning, mungkin Mbak Evita pernah transaksi pakai QRIS BCA tanpa di sadari data Bank Mbak Evita tercloning, berarti QRISnya yg ga aman, ngeri juga kalau sampai QRIS ga aman, padahal sekarang pembayaran pakai QRIS semua, Gopay, Ovo semuanya pakai QRIS, ini mirip kejadian penipuan QR Code yg pernah terjadi, modusnya dia mengganti QR Code yg ada di tempat umum, seakan apa yg kita scan adalah QR Code milik merchant kasebut, ternyata dana yg kita bayarkan masoknya ke rekening si tersangka",0,,
UgzuxZsusDXW9bTbxDZ4AaABAg,0,0,"2023-11-13 18:24:37",@yudachanel4277,"Ip adress mass .jngn sembarangan pakai wifi sembarangan ..imei juga dijaga",0,,
UgwHrrfE7kR_GmfTfyN4AaABAg,0,1,"2023-11-13 17:48:44",@DanielHutabarat,"dan baru tau kemarin ternyata transaksi qris bisa memakai gambar barcode yang kita save di smartphone, jadi tidak perlu scan manual mengunakan 2 hp, menurut saya bca malah kurang safety karena bisa mendaftar m-banking dilebih dari satu nomor, itulah celah keamanannya, mana lagi sekarang ada kebijakan rekening 0 yang tidak ada transaksi otomatis dihapus 😅",0,,
UgwBjGseH5NOGidIhk94AaABAg,1,0,"2023-11-13 17:20:33",@AXAND3R,"Hp yang dia beli itu hp asli dari official samsung store'nya sendiri gak mrbert?",0,,
UgwBjGseH5NOGidIhk94AaABAg.9x3YUEhqOTN9x3YnscCSCr,,1,"2023-11-13 17:23:23",@mrbert,"Coba baca Deskripsi.kamu akan melihat gambar nya. Jelas banget sampai kotak dan nota pembelian. Menurut kamu gmn?",1,UgwBjGseH5NOGidIhk94AaABAg,@AXAND3R
UgxZKyKaL0mdlyWArqd4AaABAg,0,0,"2023-11-13 17:11:53",@703hendra,"masukin ke podcast DENSUU",0,,
Ugxm26La7FulEYJL8sp4AaABAg,0,2,"2023-11-13 16:49:58",@sarem_yt,"Wah sama nih ibu saya hp nya ke malingan dalam 2 jam mbanking bca dan mandiri ludess... salah satunya lewat qris..ngadu ke bca bertele2 suruh lengkapin dokumen dulu se abreg2 sama laporan polisi dalam 1x24 jam kalo engga, laporan angus .. ya kale keburu palagi weekend.. ya keburu ilang pelakunya..simpulannya ..konon iphone lbh aman , sama pake fingerprint instead of password.. katanya sih.. tp aneh ya it bca sama mandiri bisa jebol",0,,
UgzoLlluLyCfGBPi2nt4AaABAg,0,0,"2023-11-13 16:42:47",@vinznokyojin7471,"Ane rasa no hp nya yg kebobol",0,,
UgzXkKDuZl2q_59AYdZ4AaABAg,1,1,"2023-11-13 16:06:47",@Lugha-lt9vj,"multiple ""same transactions"" jelas ada kesalahan sistem...seharusnya mudah utk diselesaikan.",0,,
UgzXkKDuZl2q_59AYdZ4AaABAg.9x3Q1uOrCfE9x3QLg2GqyS,,0,"2023-11-13 16:09:29",@mrbert,"Kita doakan segera slesai. Kita liat transparant sampai gimana",1,UgzXkKDuZl2q_59AYdZ4AaABAg,@Lugha-lt9vj
Ugzf878f7MG3LM6_QK54AaABAg,0,0,"2023-11-13 15:55:19",@bernyawa-pasti-mati4556,"Alhamdulillah saya sudah tutup semua rekening bank konvensional berganti bank syariah Insyaallah aman",0,,
UgyWTlheso8k3f7wL1V4AaABAg,0,0,"2023-11-13 15:41:39",@yogaaryawalantara2612,"Semenjak ada MyBCA Sering Terjadi Pembobolan dan Gangguan",0,,
Ugz9mxdOLSlCIazWttN4AaABAg,1,0,"2023-11-13 15:10:38",@cendrakumala9391,"Maaf ya, kalau saya salah . Menurut dugaan saya pihak akunting dan IT Bank itu bisa masuk ke rekening customer",0,,
Ugz9mxdOLSlCIazWttN4AaABAg.9x3JbfHFWXm9x4NAtkQ--l,,0,"2023-11-14 01:01:02",@Ayasegaki,"Dugaan Anda salah.",1,Ugz9mxdOLSlCIazWttN4AaABAg,@cendrakumala9391
UgzlbNM1N_ofQbmq3g14AaABAg,0,3,"2023-11-13 14:33:02",@cowokbaik-baik,"Nongol di beranda chrome gw. Gw udh pake 6 bank. Dan paling lama gw pake bca, karna gw merasa bca yg privasinya paling bagus, dan paling aman menurut gw. Makanya gw pengen tau kasus ini seperti apa. Mudah2an segera ketemu titik terangnya",0,,
UgzZRm53aldxGGFYKCF4AaABAg,0,0,"2023-11-13 14:15:39",@mimicil,"Ka terima kasih ya udah UP, aku jd mawas diri ini serem bgt",0,,
Ugyo0sB8T3N2jmdbjG14AaABAg,7,38,"2023-11-13 14:02:51",@MiJi_29,"Emak saya kehilangan 8 Juta, dan itu uang satu-satunya untuk setor ke ATM dan deposit ke suatu Pabrik. Karena BCA tidak mau bertanggung jawab, kita sekarang tunggu waktunya dilenyapkan oleh Utang dan Kebangkrutan Bisnis. Terima Kasih BCA telah meresahkan hidup keluarga saya ❤️",0,,
Ugyo0sB8T3N2jmdbjG14AaABAg.9x3BrAEaOh09x5UFOXr_w2,,3,"2023-11-14 11:22:03",@yssuharto1647,"😂 BCA = HARUS ADA PENGAWAS YG. PANDAI= UNTUK = KEJAR 2 PENCURI DI DLAM BANK = ATAU DARI LUAR BANK😅😢😂😂",1,Ugyo0sB8T3N2jmdbjG14AaABAg,@MiJi_29
Ugyo0sB8T3N2jmdbjG14AaABAg.9x3BrAEaOh09x5UYq0NjjA,,3,"2023-11-14 11:24:43",@yssuharto1647,"40 th.yg lalu = Saya di SOLO = SETOR BCA = tapi KASIR = BISA NGGIRUH = SETOR SATU JUTA = EH = KATA nya 900 ribu 😅😢😂 =",1,Ugyo0sB8T3N2jmdbjG14AaABAg,@MiJi_29
Ugyo0sB8T3N2jmdbjG14AaABAg.9x3BrAEaOh09x6DIYiYUbL,,2,"2023-11-14 18:13:11",@JRseven257,"​@yssuharto1647bener,, cuma kan kata mr bert ""bank tidak mau disalahkan"" otomatis mereka membeda org dalem nya, nah untuk org luar? Kan seharusnya nih seharusnya, jika org dalem tidak bersalah, brrti org luar dong yg bersalah. Nah kasus ini org dalem gak salah, org luar juga gak salah, gimana gak mumet si ibu..",1,Ugyo0sB8T3N2jmdbjG14AaABAg,@MiJi_29
Ugyo0sB8T3N2jmdbjG14AaABAg.9x3BrAEaOh09yCdei00Szm,,1,"2023-12-12 02:39:07",@RezaSimanjuntak,"Punya ibu ku. dapat tranferan dan keluar lg.. Padahal ga pernh transaksi.. Hehe",1,Ugyo0sB8T3N2jmdbjG14AaABAg,@MiJi_29
Ugyo0sB8T3N2jmdbjG14AaABAg.9x3BrAEaOh09zOpOHcKQqB,,0,"2024-01-10 16:43:52",@MelodhiandraChannel,"Tetangga saya kehilangan 7jt di bank Bri ,alhamdulillah uangnya balik,karna kayaknya ada permainan org dalam,trs bank bertanggung jawab ,tp ini kok bca gak ya.?",1,Ugyo0sB8T3N2jmdbjG14AaABAg,@MiJi_29
Ugyo0sB8T3N2jmdbjG14AaABAg.9x3BrAEaOh09zskeEaPX2u,,0,"2024-01-22 16:58:57",@marsantomarsanto463,"Ternyata banyak yang mengalami seperti ini kirain cuman saya",1,Ugyo0sB8T3N2jmdbjG14AaABAg,@MiJi_29
Ugyo0sB8T3N2jmdbjG14AaABAg.9x3BrAEaOh0A37yyCjuErt,,0,"2024-05-07 10:17:26",@BulanMatahari-vt2gb,😭😭,1,Ugyo0sB8T3N2jmdbjG14AaABAg,@MiJi_29
UgztiOL3SonH0Vka1Q14AaABAg,0,1,"2023-11-13 13:47:25",@matroxgaming96,"Kirain BCA paling aman 😢",0,,
UgxRpTqAV7664CYIipV4AaABAg,0,0,"2023-11-13 13:19:43",@riofreeman6651,"Wah ngeri ini bank bca bisa dibobol🤦🤦🤦",0,,
UgxQVYxpxstMS6U-Z1F4AaABAg,0,1,"2023-11-13 13:14:40",@chandrakusuma95,"Kalau saya ngalamin bikin qris bca tapi di dalamnya isinya qris shoppe di pihak aplikasi merchand bca pun sama qris y....dan sampai sekarang bca lempar sana lempar sini dan uang saya pun ?? Ke bca",0,,
UgyvbF0m13zl7Er4Ey54AaABAg,0,0,"2023-11-13 13:10:27",@LisaMelania,"Ada apa dengan BCA???????",0,,
Ugzam3Ya3qlG12SHC5F4AaABAg,1,0,"2023-11-13 12:47:04",@cobra3556,"Segera dibuat Laporan Polisi saja bu.",0,,
Ugzam3Ya3qlG12SHC5F4AaABAg.9x33B5d4Hvs9x33RdKU8pF,,0,"2023-11-13 12:49:19",@mrbert,"Baca deskrispi yaaa",1,Ugzam3Ya3qlG12SHC5F4AaABAg,@cobra3556
Ugw_3fSpgRSOf41kSb14AaABAg,0,0,"2023-11-13 12:41:16",@wirastefanus,"keterangan KOR itu biasanya transaksi koreksi atau refund dari transaksi gagal dan sudah ke debet di rekening.",0,,
UgyDQmH0yMVCBF2GoHd4AaABAg,1,1,"2023-11-13 12:39:28",@rakzibelia7478,"Mr. Bert, HP Evita yang dipakai khusus buat M Bankingnya baru atau bekas ya?",0,,
UgyDQmH0yMVCBF2GoHd4AaABAg.9x32JYKjX9p9x35vIbY4p7,,0,"2023-11-13 13:10:59",@mrbert,"Baca Deskripsi yaaaa jelas banget disana",1,UgyDQmH0yMVCBF2GoHd4AaABAg,@rakzibelia7478
UgyAqkQv-woZwC49Dg94AaABAg,0,0,"2023-11-13 12:36:31",@TonyStark-in1ge,"Paling buat dana pemilu guys...wkwkwk yg menang sapa yahh guys...????",0,,
UgzFr2kk_bi0m7yhj2x4AaABAg,0,0,"2023-11-13 12:25:04",@BOBBY-cs8cx,"Apa Nomer HP nya di cloning?",0,,
UgxCl5iJ5I85p5gvd_l4AaABAg,0,1,"2023-11-13 12:10:34",@andhikasaputra1212,"BCA rampok tabunganku di rekening kedua main autodebet aja tanpa persetujuan nasabah, awal mula memang saya punya cc bca dengan limit 10jt dan ada persetujuan tanda tangan autodebit di rekening pertama sufah auto debet di rek pertama dan rek kedua pun di debet sama rampik berdasi bca sebesar 4,3jt kan gilaa, saya akan laporkan ke polisi, ojk dan BI.",0,,
Ugwwd6l1sO5HM9OxBJh4AaABAg,0,0,"2023-11-13 11:51:28",@samodra3212,"Cb cek d log hpnya..",0,,
UgwyABAbZLkH6zhEJKN4AaABAg,1,2,"2023-11-13 11:27:34",@quenyanwarrior8741,"setelah menonton sampai habis, ini saya rasa kasusnya sangat besar, dan tujuannya tidak hanya nyolong duit, tapi ini semacam money laundering digital. penerimanya kemungkinan besar hanya orang biasa yg ga tau apa2 juga, nanti dananya bakal dilarikan sana sini, agar susah dilacak.",0,,
UgwyABAbZLkH6zhEJKN4AaABAg.9x2v4vQT39z9x6DdQSLaB-,,0,"2023-11-14 18:16:10",@JRseven257,"Bisa jadi sih,, ambil sana simpen sini,, klo gak rame baru tarik tuh duit.. hm..",1,UgwyABAbZLkH6zhEJKN4AaABAg,@quenyanwarrior8741
UgwKHdCsvGnY3YiBYeZ4AaABAg,0,1,"2023-11-13 11:15:19",@quenyanwarrior8741,"Saya yakin, (sangat yakin bahkan) ini bukan salah BCA tapi salah BI yang sistem QRISnya di hack. Offline bisa transaksi? tanpa kamera bisa transaksi, ya bisa, hacker bisa ""inject"" command ke pusat QRIS untuk trigger transaksi QRIS, bahkan tanpa kamera pun bisa menggunakan file jpg/png untuk QR nya. Tinggal dilacak toh, penerimanya siapa, kalau sampai penerimanya ga bisa dilacak mah ga usah pakai bank lagi, buat apa coba?",0,,
UgzuoryCPXw2DIv-IcV4AaABAg,0,0,"2023-11-13 10:57:02",@ikhsangr7365,"Haduhhhh harus percaya sama bank manalagiiii😭😭😭",0,,
UgzK1oWQPorpVXB9CO94AaABAg,0,0,"2023-11-13 10:37:29",@maurasiva9285,"sim cardnya ada yg cloning kali yaa, kayak kasus wartawan siapa tuh dulu yg pas kluar negeri tau2 duitnya direkening ilang ma transfer sendiri",0,,
Ugzdr_4xDN14UHX1Rad4AaABAg,0,0,"2023-11-13 10:27:31",@carrymepls1,"Kepo deh kelanjutannya",0,,
UgztcVqGklm1ewVzjtt4AaABAg,1,0,"2023-11-13 09:53:05",@anggapurba2757,"itu berarti akunnya udah di bajak bro..",0,,
UgztcVqGklm1ewVzjtt4AaABAg.9x2kGss4Swq9x2ka_B2N88,,0,"2023-11-13 09:55:55",@mrbert,"Nahhh Kalo bisa dibajak berarti bank nya ga aman donk. Masa sebesar bank BCA bisa dibajak.",1,UgztcVqGklm1ewVzjtt4AaABAg,@anggapurba2757
UgztqKCpQtRdy0OvzJl4AaABAg,1,0,"2023-11-13 09:49:13",@DedenSuyoto,"Lapor polisi Bu?",0,,
UgztqKCpQtRdy0OvzJl4AaABAg.9x2jpYp63kc9x2k9mCQz5u,,0,"2023-11-13 09:52:07",@mrbert,"Udah agan.coba baca Deskripsi",1,UgztqKCpQtRdy0OvzJl4AaABAg,@DedenSuyoto
UgzEfPFfDhOZiBeF4Cd4AaABAg,0,0,"2023-11-13 09:34:07",@agungsuprihanto36,"Digital ini membuka celah2 pencurian",0,,
Ugy1OwrD4Tbh8u8yVV14AaABAg,0,0,"2023-11-13 09:15:15",@MrEding80,"TRANSAKSI qr hrsnya ada notifnya. ke toko apa? dari situ trace saja ke tokonya. liat cctv toko itu pada waktu transaksi. minta kebijakan toko kembalikan duitnya saja. saya ada pembayaran qrcode dan ada notif instant kok. cuma dari dulu ga pernah pakai qr nya bca. kami pakai qr maybank selalu ade notifnya kok. pakai bri juga ada notif nya",0,,
Ugx1CxT6ybuwi0rnQw54AaABAg,3,12,"2023-11-13 09:14:35",@edyjulianto8877,"Bukti transaksi kan bisa masuk ke rekening siapa ,harusnya karena ada kecurangan dan kesalahan sistem jadi harusnya pihak BCA bisa membantu kalau perlu",0,,
Ugx1CxT6ybuwi0rnQw54AaABAg.9x2frqasmND9x7Bk_V0E8D,,2,"2023-11-15 03:18:55",@priersackh,"Itu transaksi QRIS ka, bukan ke rekening. Kalau rekening gampang dilacaknya. Kalau QRIS saya gatau gimana pengecekannya, mungkin bisa dikenali dari nomor QRIS nya. Karena QRIS itukan harus dilakukan dengan perangkat yang memiliki kamera.",1,Ugx1CxT6ybuwi0rnQw54AaABAg,@edyjulianto8877
Ugx1CxT6ybuwi0rnQw54AaABAg.9x2frqasmND9x7VakG8x4G,,6,"2023-11-15 06:12:20",@apajachan,"​@priersackhQris juga tetap bisa dicek pencairannya atas nama siapa dan nomer rekening siapa. Tinggal pihak bank menelusuri saja nilai transaksi tersebut kalau mau. Lagipula qris sekarang bisa discan via galeri tidak perlu ada ditempat merchant. Bukannya saya condong membela bank tapi dalam hal ini agak aneh saja kasus ini kenapa transaksinya saat mbaknya naik gunung. Seperti sengaja direncanakan dengan matang...maaf hanya dugaan saya saja...",1,Ugx1CxT6ybuwi0rnQw54AaABAg,@edyjulianto8877
Ugx1CxT6ybuwi0rnQw54AaABAg.9x2frqasmND9x85jHkpym2,,3,"2023-11-15 11:45:33",@YayanSopiyan,"Biasanya bukan transaksi antar rekening bank, tapi ke virtual account, misal merchat (qris), e-money, dll. Karena account tsb base-nya adalah nomer handphone, tau sendiri di indonesia urusan nomer hanpdhone udah kayak kacang goreng, security lemah, verifikasi hanya formalitas. Ini yg banyak di-exploit",1,Ugx1CxT6ybuwi0rnQw54AaABAg,@edyjulianto8877
UgyL2-wtXREXwhq0E014AaABAg,0,0,"2023-11-13 09:13:53",@dimasalfan6926,"Maaf ssbelumnya ,,,hati hati kalo beli handphone baru atau bekas di online ya ,kadang aplikasi malware sudah di instal di hp yang mau dijual,,justru dipasang kehp kelas atas fungsinya ,,pasti yang beli hp brandit pasti orang yang banyak duit",0,,
Ugwmn5nld4DTR_2wdFR4AaABAg,0,1,"2023-11-13 08:52:34",@aam__888,"Walah koq bisa!? Saya pake M-BCA aja simcard harus di slot 1. Harus pake pin lagi, ... Semoga ada solusi buat mbaknya",0,,
UgycDgW9Citqlz0Jcyx4AaABAg,0,0,"2023-11-13 08:36:20",@masboy9130,"Yog yog pindan ke crypto. Atau pindah simpan aset dalam bentuk emas.",0,,
Ugz2YTu1XVuDDJKBtGp4AaABAg,0,0,"2023-11-13 08:14:28",@Haikal-gx4ll,"Apa tidak bisa cek dari merchant ID nya? investigasi mulai dari dimana Qris itu berasal",0,,
UgxdOAk6OHztQW4QCut4AaABAg,0,0,"2023-11-13 08:05:08",@fay1287,"Wah.. BCA yang begitu aman bisa di bobol,balik lagi nih ke celengan ayam 🐔..🤭,,",0,,
Ugwk3MnwTzB_-Vs-Gut4AaABAg,0,0,"2023-11-13 07:50:37",@candradinata4536,"Gw juga pernah dicolong limit CC bri, buset habis semua limit tanpa OTP",0,,
Ugw4wbAIdpy7uyrW_4Z4AaABAg,0,0,"2023-11-13 07:46:43",@evelyns1107,"Yang saldo masuk kan tulisannya KOR QRIS, sepertinya koreksi. Mungkin beberapa transaksi yang terbukti tidak sah dikembalikan dananya sama bca, tapi pembuktiannya blom selesai",0,,
UgyxVALrOryrH57JlF54AaABAg,0,0,"2023-11-13 07:05:39",@witchhunter5744,"bisa juga masuk lewat kabel data yang di celok ke laptop yang terkena malware",0,,
UgxBzZgAYsrK0hWuI6x4AaABAg,0,0,"2023-11-13 07:04:40",@witchhunter5744,"jika tidak mengintal apk apapun dan tidak terima file via wa. malware itu bisa lewat email,iklan browser, wifi publik, port usb publik. coba di cek",0,,
UgyWvzuGZHtRgrFNtX54AaABAg,1,0,"2023-11-13 06:51:15",@wisnuwsz3507,"Ko itu kan ada transaksi mutasi dan alamat qr nya jelas kenapa nggak di datengin aja alamat pembayaran transaksi.",0,,
UgyWvzuGZHtRgrFNtX54AaABAg.9x2QT1Xtoih9x2RYWeKPhU,,0,"2023-11-13 07:00:44",@mrbert,"Evita nya ga tahu. Yang tahu kan Bank dan punya power untuk cari tahu. Mau atau gak. Itu aja kok",1,UgyWvzuGZHtRgrFNtX54AaABAg,@wisnuwsz3507
Ugx6xXylusnNulG-6Qt4AaABAg,0,0,"2023-11-13 06:41:18",@devigi777,"Bingung di tempatku klo ditaro di rumah duit ilang karna tuyul😂. Klo di ATM Bisa bobol😅",0,,
UgwmjmniIQrBLTJuAzZ4AaABAg,0,0,"2023-11-13 06:30:06",@adiyansah5665,"makanya simpan di bawah bantal kaya nenek nenek jamn dulu aman paling dicolong cucu",0,,
UgxeVZGw76x95-RCV1p4AaABAg,3,24,"2023-11-13 06:16:39",@ridoekal3619,"BCA yang sangat tahu sistem mereka sendiri, pasti bisa melacak transaksi aneh-aneh yang terjadi.",0,,
UgxeVZGw76x95-RCV1p4AaABAg.9x2MVboXbDz9x6CRrceipk,,2,"2023-11-14 18:05:43",@JRseven257,"Harusnya,, mungkin beda cerita klo korban nya org berpengaruh..",1,UgxeVZGw76x95-RCV1p4AaABAg,@ridoekal3619
UgxeVZGw76x95-RCV1p4AaABAg.9x2MVboXbDzAAWsHLXHHgW,,0,"2024-11-07 01:59:47",@GusnandarCimma,"Betul perisis kejadian ku saldo sy 8 juta ada 4 transksi itu bukn sy",1,UgxeVZGw76x95-RCV1p4AaABAg,@ridoekal3619
UgxeVZGw76x95-RCV1p4AaABAg.9x2MVboXbDzAD0bdpUSVhx,,1,"2025-01-08 02:52:56",@yurimocil4235,"@GusnandarCimma pakai bca uang hilang 8 Juta kak ?",1,UgxeVZGw76x95-RCV1p4AaABAg,@ridoekal3619
Ugya5LuBqS3fTaNd8XR4AaABAg,0,0,"2023-11-13 06:11:54",@admin-eo7wj,"padahal saya sangat percaya khusus ke BCA....di banding bank lain",0,,
UgwFTpta6xsA_wszsx14AaABAg,0,0,"2023-11-13 06:09:58",@GadgetMax,waduh..,0,,
UgwMTP_ixFoGsH4qaGF4AaABAg,0,0,"2023-11-13 05:49:18",@robinsonsitompul9362,"Apakah transaksi qrisnya di merchant BCA? Kl engga di Merchant BCA y harus dtelusuri dl merchant apa? Apakah merchant ovo? Atw bank lain? Br tarik cctv d salah satu merchant tsb... Apakah emg mbaknya brtransaksi dsana lgsg? Jadi harus drunut semua masalahnya dgn teliti...",0,,
Ugy58fuQz34GIeYyVFp4AaABAg,0,1,"2023-11-13 05:44:32",@TersiratTertulis,"Klo saya pernah kejadian saldo berkurang sendiri, cek mutasi ada transaksi beli voucher game padahal sy bukan gamer, mbanking cuma saya yg tau, saldo saya berkurang sedikit2 tapi sering.. Bahkan ada kejadian saldo berkurang saat saya lagi di pijit.. Semenjak itu sy males nyimpen uang di sana..",0,,
Ugz4iPDmpkJGqLY0mop4AaABAg,0,0,"2023-11-13 05:22:45",@nurulpatty6472,"Koh coba ditanya terakhir scan qris dimana ..qris di last merchant nya harus dicurigai tuh",0,,
UgxxCmnX6S6F87aHMa54AaABAg,0,0,"2023-11-13 05:13:39",@ariffadhlullah5701,"sepertinya saya tau dimana celahnya ko =)",0,,
UgwvGBKwyTD4NKNwyT94AaABAg,0,0,"2023-11-13 05:12:36",@LEBEKYT,"Semoga ada penyelesaian kasus ini dari pihak bank nya",0,,
UgxxQNgf6S41GfiOGxB4AaABAg,0,0,"2023-11-13 05:09:34",@adistykumala1124,"saya juga nasabah bca , jadi takut ada kasus seperti ini , katanya bca aman tapi kog seperti ini",0,,
UgwhTzK9-M4bsOhu11Z4AaABAg,0,0,"2023-11-13 04:37:46",@widyiy,"paling orang dalam om..sedih juga liatnya..lalu hrs gmn kita",0,,
UgzB8p40XR30EIGLmCB4AaABAg,1,1,"2023-11-13 04:37:33",@jedorasmr2661,"Dr screnshoot nya itu di toko aiden. Coba orang toko aiden nya di usut tuntas. Kemungkinan mereka pelaku nya",0,,
UgzB8p40XR30EIGLmCB4AaABAg.9x2B9oU-zIO9x2DoH_RJSd,,0,"2023-11-13 05:00:41",@mrbert,"Yaaa pihak BCA harusnya bisa kasi tahu Aidan itu dimana dan polisi bisa gerak.kok selama itu.",1,UgzB8p40XR30EIGLmCB4AaABAg,@jedorasmr2661
Ugw5Y5LfJBnN2kOGJlR4AaABAg,0,1,"2023-11-13 04:33:16",@khrsm-rama-adan,"Semoga kasusnya tidak digantung dan selesai sampai ketemu pelakunya.",0,,
UgzOT1mbL636tFnC-e94AaABAg,3,2,"2023-11-13 04:31:10",@teknisirumahan5852,"Hape nya di remote sama orang lain dari jauh. Sepertinya, ada kejadian sebelumnya yg meng klik tautan yg isi tautan tsb mengijinkan aplikasi mbanking bisa diduplikasi dan diremote serta menduplikasi historis penggunaan mbanking sehingga pelaku bisa melihat pin, pasword dan transaksi sebelumnya.",0,,
UgzOT1mbL636tFnC-e94AaABAg.9x2AR6OchY09x3JxVxCiyR,,0,"2023-11-13 15:13:37",@tiararoxeanne1318,"Si Ibu bilang HP-nya masih baru, Samsung, dan hanya diisi 1 aplikasi: mBCA. Bahkan utk terima OTP dia tidak pakai HP itu. Gak mungkin bisa klik tautan apa2 karena tidak ada aplikasi whassap, email, sms, dll.",1,UgzOT1mbL636tFnC-e94AaABAg,@teknisirumahan5852
UgzOT1mbL636tFnC-e94AaABAg.9x2AR6OchY09x4JCAlw9tt,,0,"2023-11-14 00:26:16",@Ayasegaki,"@tiararoxeanne1318 Aplikasi myBCA/m-bca tidak bisa dipakai kalau kartu sim yg didaftarkan ke BCA tidak dipasang ponsel yg ada aplikasi tersebut (tidak bisa beda ponsel karena aplikasi akan cek apakah kartu sim ada di situ atau tidak), kalau OTP nya tidak di HP itu gimana ceritanya dia bisa pakai mBCA di HP itu?",1,UgzOT1mbL636tFnC-e94AaABAg,@teknisirumahan5852
UgzOT1mbL636tFnC-e94AaABAg.9x2AR6OchY09x5SVtCcgQr,,0,"2023-11-14 11:06:50",@shippet23,"​@tiararoxeanne1318baru bukan berarti bebas malware. .",1,UgzOT1mbL636tFnC-e94AaABAg,@teknisirumahan5852
UgyyyCERgQyRuwFrOLJ4AaABAg,0,0,"2023-11-13 04:12:13",@kristinalestari4476,"Kebanyakan apk pinjol jadi kaya gini",0,,
UgzoIY8nXu3vaUUutO54AaABAg,0,0,"2023-11-13 03:57:30",@sundiefreema479,"Kalau mau ketauan ada transaksi tanpa cek m banking,aktifkan sms banking setiap ada transaksi masuk keluar uang jd tau kapanpun itu",0,,
UgyuRt9iU1bst7Kz5l54AaABAg,1,2,"2023-11-13 03:55:34",@motiongraphic-o4w,"Pengalaman pribadi : Saya pernah ngurus key BCA di CS cabang pembantu. Saat itu saya menanyakan apakah ada aplikasi khusus BCA selain m BCA untuk bertransaksi? Si CS nya bilang ada MyBCA tapi tidak di rekomendasikan karena rawan hack. Dari sini saya langsung mikir : loh kok aplikasi gampang jebol masih di rilis? CS nya aja ga merekomendasikan berarti ya memang aplikasi itu ngga layak dipake atau gimana? Aneh sih dapat jawaban kayak gitu.",0,,
UgyuRt9iU1bst7Kz5l54AaABAg.9x26MIRbhIK9x7L0DMy0QG,,0,"2023-11-15 04:39:50",@sallyamanda9329,"Wew.. aku biasa pake BCA mobile, tpi disuruh pindah ke myBCA karna katanya fasilitasnya lebih banyak, termasuk untuk beli obligasi dan reksadana... akhirnya download, daftar, tpi kl transfer memang masih pakai BCA mobile 😨",1,UgyuRt9iU1bst7Kz5l54AaABAg,@motiongraphic-o4w
Ugx4dfmJYXsIWtY51uJ4AaABAg,0,0,"2023-11-13 03:52:51",@alvinstanley3612,"saya curiga orang dalam BCA, yaitu programmer nya itu. udah jelas gak ada sinyal, hp itu khusus untuk transaksi, tidak download aplikasi aneh-aneh. Masa iya bisa berkurang tiba-tiba",0,,
UgyIIOMy5-eZvYekWc54AaABAg,0,0,"2023-11-13 03:43:20",@anggakusuma2310,"itu transaksi nya yang hilang kok gk jelas dari merchant apa? kan bisa di telusuri misal ada pembelian di mall A kan bisa di lacak CCTV dari toko atau mall nya",0,,
UgzZ_XsYzb5puXlCiBl4AaABAg,0,0,"2023-11-13 03:42:50",@gudangrackserver,"enggak ada omongan udah, teknologi 5G kita kan ngandalin orang lain, bukan dari kita, klo apa2 jaringan dan teknologi nya dikontrol sama pihak lain yah rentan dibobol sama pihak lain, padahal pencipta 4G itu orang indonesia lho",0,,
UgzLMNUH8ivCLFUpHPZ4AaABAg,0,0,"2023-11-13 03:42:17",@indrasalim5020,"Seperti biasanya BCA lepas tanggung jawab",0,,
UgwCDBgwlcV5uYt3Ixd4AaABAg,8,42,"2023-11-13 03:37:57",@SixkaNovalita,"Hai Kak Evita… terimakasih telah menyuarakan ini Aku juga baru mengalami kejadian sama sama di bulan september Tepatnya tanggal 19 September Walau gg sebesar kaka Tapi namanya uang apapun itu tetap besar Aku kehilangan mencapai 17 juta Aku sudah telefon bca, susah sekali koordinasi, disuruh kesana kesini Akhirnya cuma dapat email tidak dapat diganti Dibilangnya transaksi dari M-Banking Padahal aku sendiri saja gg ada transaksi pada saat itu Semoga dibaca sama Top Manajemen BCA ini, Dan jadi pembelajaran terkait sistem ya Karena saya sndiri jadi takut pakai BcA Kalau bukan karena gaji yg ditransfer",0,,
UgwCDBgwlcV5uYt3Ixd4AaABAg.9x24LEa9O7g9x2jLmtkipC,,0,"2023-11-13 09:45:01",@donysh3641,"QRIS jg? Skali transaksi ato brp kali?",1,UgwCDBgwlcV5uYt3Ixd4AaABAg,@SixkaNovalita
UgwCDBgwlcV5uYt3Ixd4AaABAg.9x24LEa9O7g9x44qw-eoZr,,3,"2023-11-13 22:20:53",@nonibelanda507,"17 jt besar bgt menurut aku",1,UgwCDBgwlcV5uYt3Ixd4AaABAg,@SixkaNovalita
UgwCDBgwlcV5uYt3Ixd4AaABAg.9x24LEa9O7g9xApw0nBdrP,,0,"2023-11-16 13:16:28",@Roni-ho4jd,Up....,1,UgwCDBgwlcV5uYt3Ixd4AaABAg,@SixkaNovalita
UgwCDBgwlcV5uYt3Ixd4AaABAg.9x24LEa9O7g9xHw0C4NPs2,,0,"2023-11-19 07:24:17",@lgoritme,"Pake akun baru",1,UgwCDBgwlcV5uYt3Ixd4AaABAg,@SixkaNovalita
UgwCDBgwlcV5uYt3Ixd4AaABAg.9x24LEa9O7gAFQPt3q0Sui,,0,"2025-03-08 20:24:27",@ariestaavril6232,"9 maret 2025 , sekarang gimana kak perkembangan kasus nya?",1,UgwCDBgwlcV5uYt3Ixd4AaABAg,@SixkaNovalita
UgwCDBgwlcV5uYt3Ixd4AaABAg.9x24LEa9O7gAHcaQseH6QO,,0,"2025-05-02 16:18:15",@bgtoguuu,"Kejadian sama,uang saya lenyap 23jt,transaksi mirip persis lewat qr toko namun namanya berbeda - beda,itu uang kuliah saya mana besok minggu depan udah harus dibayarkan,gatau lagi harus kyk gimna mudah""an bisa kembali ke rekening saya",1,UgwCDBgwlcV5uYt3Ixd4AaABAg,@SixkaNovalita
UgwCDBgwlcV5uYt3Ixd4AaABAg.9x24LEa9O7gAJ2p5dla3XT,,0,"2025-06-07 02:37:18",@rinapuspa2471,"​@bgtoguuutrs gimana kak akhirnya",1,UgwCDBgwlcV5uYt3Ixd4AaABAg,@SixkaNovalita
UgwCDBgwlcV5uYt3Ixd4AaABAg.9x24LEa9O7gAJ2uD3V3p9j,,0,"2025-06-07 03:22:00",@bgtoguuu,"​@rinapuspa2471 hasilnya nihil uang ga kembali pihak BCA menyalahkan pengguna karena lalai",1,UgwCDBgwlcV5uYt3Ixd4AaABAg,@SixkaNovalita
UgzwUBzdiDr98nlI3v54AaABAg,0,0,"2023-11-13 03:32:23",@anggaso6407,"Saatnya celengan bagong dan semar laris... 😂😂😂",0,,
UgyMoqesLeXeHw2L_tp4AaABAg,0,0,"2023-11-13 03:29:40",@suryasusanto89,"mau google lacak gw, gw gak peduli lah. Lha gw bukan James bond, teruslah melacak saya google, anda banyak membantu saya..",0,,
Ugzhz6MAEHrrgOexO154AaABAg,0,0,"2023-11-13 03:19:27",@digitalfuturemerdeka,"Kang Baju Coklat mencium aroma duit disini .. dan seketika itu juga sisi kemanusiaan lenyap .. slogan paten auto muncul ""mau masalah anda beres ??? Siapkan fulusnya"" 🤣🤣🤣",0,,
Ugx_lVpCzfLoYf_9-MF4AaABAg,0,2,"2023-11-13 02:54:39",@ronigumilar7295,"Harus nya dsaat ada transaksi dluar kuasa pemilik rekening, harus nya pihak bank fokus menelusuri kemana dan ke pihak siapa aliran dana tsb dkirim....!!!!! Jgn lagi menanyakan proses pada saat transaksi, udh jelas force majure transaksi dluar kuasa pemilik rekening",0,,
UgzWke6omvc67Ud8KkJ4AaABAg,2,1,"2023-11-13 02:53:38",@khoirulirawan3919,"Kejadian seperti ini di luar kewajaran saya juga pernah hilang 50 juta sampai saat ini kadang masih trauma",0,,
UgzWke6omvc67Ud8KkJ4AaABAg.9x2-GfI1-ni9xWDSGOZyFQ,,0,"2023-11-24 20:34:46",@TheAries8945,"hilang di bank apa ?",1,UgzWke6omvc67Ud8KkJ4AaABAg,@khoirulirawan3919
UgzWke6omvc67Ud8KkJ4AaABAg.9x2-GfI1-ni9x_K2k1j3_m,,0,"2023-11-26 10:49:24",@khoirulirawan3919,"@TheAries8945 BRI",1,UgzWke6omvc67Ud8KkJ4AaABAg,@khoirulirawan3919
Ugwx4oAHLg0VVURhrgx4AaABAg,0,0,"2023-11-13 02:47:00",@bennygunawan3068,"Sekrg nabung di Bank udh ga aman lagi ya ternyata jdi harus hati2 ngeri klo liat pengalaman ibu ini",0,,
Ugzgo-IILnfOKuC4B1J4AaABAg,0,0,"2023-11-13 02:41:33",@dirmanjp,"Waw,,, Padahal si mbaknya sudah teliti bangat, tapi masih bisa kena juga, semoga semua bisa ditelusuri dan uang si mbak bisa kembali...",0,,
UgxBgAywcNEUzV39Dn54AaABAg,4,20,"2023-11-13 02:29:09",@syahputracs4897,"Saya sebagai org IT ini case benar2 membagongkan ,saharusnya dgn kemampuan Team IT BCA seharusnya ini mudah dilacak dari IP nya saja sdh bs dicek dunia Internet semua tersaksi keluar msk data melewati IP dan itu bs di trace plsss de pihak BCA jgn di buat panjang case ini dan di posisi user tdk akan paham soal IP kecuali dia seorg IT knp tdk paham semua provider nembak itu pake ip dinamik tdk ada yg pake static jd plssssssssss IT team BCA kudu hrs di lacak dan diselesaikan krn ini sdh menyangkut kredibelitas bank Anda",0,,
UgxBgAywcNEUzV39Dn54AaABAg.9x1xTKr-H-89x1xq6zY4Gk,,1,"2023-11-13 02:32:23",@mrbert,"Ini kasus mudah. Sangat mudah. Tapi kenapa selama ini. mungkin karena prosedur pihak ke tiga. ISILOP",1,UgxBgAywcNEUzV39Dn54AaABAg,@syahputracs4897
UgxBgAywcNEUzV39Dn54AaABAg.9x1xTKr-H-89x4G33hBdID,,0,"2023-11-13 23:58:48",@sam4D,"Saya juga IT. Justru BCA kali ini senyum senyum saja karena dari log nya kelihatan ada apa. Yg dijelaskan di video saja membagongkan. Juga HP yg dipakai. Rare case yg gak akan terulang, akan lenyap.",1,UgxBgAywcNEUzV39Dn54AaABAg,@syahputracs4897
UgxBgAywcNEUzV39Dn54AaABAg.9x1xTKr-H-8A4mpSPWQUPp,,1,"2024-06-17 12:53:49",@azidebarons2280,"Saya sebagai orang awam jadi bingung itu kejahatan Ordal apa krn ulah hacker??",1,UgxBgAywcNEUzV39Dn54AaABAg,@syahputracs4897
UgxBgAywcNEUzV39Dn54AaABAg.9x1xTKr-H-8AJIoPm-IdEl,,0,"2025-06-13 07:39:10",@p4pernAq,"Saya sebagai seorang lelaki jg binggung dgn bca krn Sy cek saldo makin halu apalg akhir bulan",1,UgxBgAywcNEUzV39Dn54AaABAg,@syahputracs4897
UgwIT56qtcuVImQ4mnd4AaABAg,0,0,"2023-11-13 02:28:51",@setiabanendra1299,"abc bilang vendor ke 3,,, bisa jadi mungkinj ini oknum K risnya X",0,,
UgyVXpRqv9n_Q0ggWB14AaABAg,1,0,"2023-11-13 02:26:34",@jangankepoinaku,"Kalau BCA INTERNET Banking bisa login di hp berbeda, soalnya saya bisa login di hp beda beda, tapi harus punya token BCA buat trx",0,,
UgyVXpRqv9n_Q0ggWB14AaABAg.9x1xAPTgx_f9x1xzWtLj1W,,0,"2023-11-13 02:33:40",@mrbert,"Transaksi nya kan QRIS 1 JUTA berulang. Kalo pakai token yaa langsung aja semuanya. Ngapaen berulang ulang pakai QRIS",1,UgyVXpRqv9n_Q0ggWB14AaABAg,@jangankepoinaku
UgzgSM8DKXx4_O5-HDl4AaABAg,1,0,"2023-11-13 02:18:46",@adaptasi132,"Itu yang error' hpnya sendiri terlalu banyak virus.....",0,,
UgzgSM8DKXx4_O5-HDl4AaABAg.9x1wHMYz7j49x1wZ-GEIgj,,1,"2023-11-13 02:21:11",@mrbert,"Hape baru lhooo gan.",1,UgzgSM8DKXx4_O5-HDl4AaABAg,@adaptasi132
UgxLSdo4rxWP4_DwAwl4AaABAg,0,0,"2023-11-13 02:05:48",@DinaAndian-p2k,"Uangku hilang di aplikasi dana, pihak dana bilang transaksinya sah. Semoga tim analisnya bangkrut semua amiin",0,,
UgxKgiS8Xsb2dhmYJMx4AaABAg,1,0,"2023-11-13 01:54:17",@mahmudtaged6992,"Hallo.BCA,. . Siap.siap di TEROR oleh pihak 3 Dari BCA, Seolah olah BCA cuci tangan, Dan siap siap bahasa, ""Bukan TANGUNG JAWAB kami"" kata BCA. HP anda PASTI kena VIRUS. Maklumlah - BCA takut sahamnya ANJLOK. Daripada ANJLOK, Lebih baik TEROR NASABAH . . . HALLO BCA, Kami sudah siap 1001 ALASAN Dan TEROR untuk anda semua NASABAH . Selamat datang ke HALLO BCA. Semangatttt TERORRRRRRRR TERORRRR TERORRRRRRRR.",0,,
UgxKgiS8Xsb2dhmYJMx4AaABAg.9x1tTzpXTqe9x1vvtS6t74,,0,"2023-11-13 02:15:42",@mrbert,"Semoga tahu masalahnya segera. Evita juga mau tahu dimana salahnya. Belum tentu BCA yg salah. Belum tentu bener juga. Niatnya sama sama baik lahh",1,UgxKgiS8Xsb2dhmYJMx4AaABAg,@mahmudtaged6992
UgwZrsrSPqtVwH7v-ip4AaABAg,1,0,"2023-11-13 01:38:45",@batonsafarikukuh,"Efek hp android China yg jadi sarang iklan😊😊😊 kdg2 suruh instal apk otomatis. Dan otomatis hide. Makannya jgn suka buka aneh2 atau wa asing😊😊",0,,
UgwZrsrSPqtVwH7v-ip4AaABAg.9x1rhGR6XFz9x1vzKTcJCK,,0,"2023-11-13 02:16:10",@mrbert,"Samsung agan ku.hape dia Samsung",1,UgwZrsrSPqtVwH7v-ip4AaABAg,@batonsafarikukuh
UgxtDw0pq8QpzpgOX1R4AaABAg,0,0,"2023-11-13 01:38:20",@blueassasin388,"Maaf ya APA Ada keterlibatan pihak dalam..",0,,
UgxbhuTSjCXJ-E38grF4AaABAg,0,0,"2023-11-13 01:34:53",@batonsafarikukuh,"Sy curiga hp diremot PK aplikasi. Krn sy nyoba berhasil tp sy gak transaksi perbankan😊😊😊",0,,
UgzbTp2YWD0E2l0EHOJ4AaABAg,0,1,"2023-11-13 01:30:01",@Username12515,"Aku gak seneng pakai qris dr bca. Kalo qris pakai ovo saja. Dah gitu ana",0,,
UgwLjTJIIKh9fFqPhJh4AaABAg,0,3,"2023-11-13 01:19:07",@umiekowati6902,"Jangan nyimpan banyak uang di bank apalagi pake m. Bangking sdh bnyak kasus uang raib seperti itu. Lebih aman nyimpan uang di brankas dirumah 😂",0,,
Ugyt35GBpu1LqDvVWBd4AaABAg,0,1,"2023-11-13 01:18:34",@sellyyuliana6948,"Kok ga ada notif by sms jg kl ada proses kredit or klr uang .. kl d mbanking mandiri itu ada .. jd kl ada trnsaksi min. 500rb ada notif sms msk .. g perlu repot2 ngecek buka mbanking nya",0,,
Ugx3u7Fgx_eap_eRdhl4AaABAg,4,3,"2023-11-13 01:10:51",@thebutterfly5297,"Sulit tahu siapa yg benar atau salah , intinya lapor Polisi saja biarkan Polisi yg menyelidiki penyebab kehilangan uang dari req tsb. Karena pembuktian terhadap sesuatu tidak berdasarkan bukti dan bukti itu hrs lebih terang dari cahaya.",0,,
Ugx3u7Fgx_eap_eRdhl4AaABAg.9x1oVwgHWGM9x2Vcpu7jzT,,1,"2023-11-13 07:36:25",@cakwemeripluit3818,"Utk ""bayar oknum"" polisi mungkin bisa lebih dari 68 juta yg hilang itu.",1,Ugx3u7Fgx_eap_eRdhl4AaABAg,@thebutterfly5297
Ugx3u7Fgx_eap_eRdhl4AaABAg.9x1oVwgHWGM9x2gJ_YtOAG,,0,"2023-11-13 09:18:30",@thebutterfly5297,"@cakwemeripluit3818 knp hrs bayar itu tugas mereka kl gak diusut minta sp3 dan laporkan ke propam polisinya dan bikin laporan baru dipolda",1,Ugx3u7Fgx_eap_eRdhl4AaABAg,@thebutterfly5297
Ugx3u7Fgx_eap_eRdhl4AaABAg.9x1oVwgHWGM9x3-uPIO58e,,0,"2023-11-13 12:18:26",@suryoardi7109,"Semua kasus mbanking yg di bobol polisi bisa apa..? Tak ada, yg ada selalu korban yang di salahkan",1,Ugx3u7Fgx_eap_eRdhl4AaABAg,@thebutterfly5297
Ugx3u7Fgx_eap_eRdhl4AaABAg.9x1oVwgHWGM9x3bGjx14_7,,0,"2023-11-13 17:53:40",@thebutterfly5297,"@suryoardi7109 itu kena phising yah jelas kesalahan konsumen. Berbeda dengan yg kena hack pada sistem yg dibahas dlm case ini.. Antara jadi polisi tgl menyimpulkan apakah benar ini konsumen yg diambil uangnya kr sistem keamanan yg lemah ( kebobolan) , kena phising atau konsumen yang yg berbohong .. Jadi itu kan hrs berdasarkan digital forensik..",1,Ugx3u7Fgx_eap_eRdhl4AaABAg,@thebutterfly5297
UgxYk5LgjyWVCClxSCp4AaABAg,0,0,"2023-11-13 01:10:20",@lioneljordanyap9826,"kalau bank, sudah kejadian, ribet, apalagi kalau g viral, jgn harap deh uang balik",0,,
UgzsSjmI71CpgrGUpjt4AaABAg,0,0,"2023-11-13 00:36:36",@PankiLSL,"ga susah sebenarnya . tinggal cek penerimannya",0,,
UgzAQ2A1tONhwsp799h4AaABAg,0,0,"2023-11-13 00:24:01",@justinus,"kenapa ga disebut transfer nya kemana??",0,,
UgzTfu3MSCy_dt8_er94AaABAg,0,2,"2023-11-13 00:18:57",@planetkrypton,"Karyawan BCA yg ada jabatan Akses data konsumen bisa main gak ya ???",0,,
UgzTiF7B7kkuZ5d62jR4AaABAg,0,0,"2023-11-13 00:07:21",@salmanalfarizi4978,"Itu hp nya juga dipakek map, gk cuman buat transaksi",0,,
Ugw6uTMd8vdITVNhWL54AaABAg,0,0,"2023-11-13 00:05:15",@salmanalfarizi4978,"Kalau cuman khusus buat transaksi, kenapa dibawa ke gunung",0,,
UgySY-vxt6Yei7A73gx4AaABAg,0,0,"2023-11-12 23:53:27",@thomashadi5051,"Gpp biar jadi pelajaran buat orang males bayar tunai😂😂",0,,
UgzMUG9RjUwV21_EaiN4AaABAg,0,0,"2023-11-12 23:49:35",@m.rizadjoeli357,"Saya anti pakai m banking, di bank manapun..",0,,
UgzOkzKkaLiGWQKwYH14AaABAg,0,0,"2023-11-12 23:49:31",@martinjohan8756,"Ini sampai akhir video yang menjadi misteri adalah transaksi qrisnya kemana? Tadi sepertinya ada yang di sensor. Yang di bagian pihak ketiga.",0,,
UgyU37yoNOi-YwKjVMh4AaABAg,3,4,"2023-11-12 23:37:19",@pawull,"sebaiknya melakukan transaksi dgn cara yg konvensional saja (manual). QRIS masih ada lobang / hole celah buat hackers utk mengeksploitasi celah tsb.",0,,
UgyU37yoNOi-YwKjVMh4AaABAg.9x1dnmL4Ts59x5uu0vwbLZ,,1,"2023-11-14 15:23:40",@miftah9130,"Celahnya dimana bang coba di kasih tau pihak bcanya biar di tindak lanjut. Ente juga bakal dapet duit kalo bisa nunjukin bugnya.",1,UgyU37yoNOi-YwKjVMh4AaABAg,@pawull
UgyU37yoNOi-YwKjVMh4AaABAg.9x1dnmL4Ts59x6uqG3cQp3,,0,"2023-11-15 00:42:24",@pawull,"@miftah9130 pihak bca / bank pasti sdh mempunyai tim IT security sendiri utk selalu menjaga sistem keamanannya Hackers jg selalu terus berusaha mencari celah utk mengeksploitnya. Intinya kita sbg user harus lebih cerdas dlm memanfaatkan teknologi.",1,UgyU37yoNOi-YwKjVMh4AaABAg,@pawull
UgyU37yoNOi-YwKjVMh4AaABAg.9x1dnmL4Ts5A4msRzPjtWS,,1,"2024-06-17 13:19:58",@azidebarons2280,"ga bakal dikasih duit, emg di luar negeri kecerdasan kita itu dihargai",1,UgyU37yoNOi-YwKjVMh4AaABAg,@pawull
UgwFhvDc5gCqxRZq-XB4AaABAg,0,0,"2023-11-12 23:18:48",@namasaya3k4,"Makin ga percaya sama bank, ga berani simpan uang di bank, simpan uang di bank dgn uang pas pas an untuk transaksi bulanan aja, ribet sih tp apa boleh buat",0,,
UgwfMrN3ncPmpCg1lrB4AaABAg,0,0,"2023-11-12 22:50:18",@X-CLOROVILE99,"Ngaruh gk sih bang klau ada iklan-iklan yg muncul di apk atau game gtu dan gk sengaja muncul terus ke klik ?",0,,
UgwTF2UbYnVrjichHZV4AaABAg,0,0,"2023-11-12 22:10:43",@rendybagus3559,"Ijin save di playlist, untuk informasi pengingat",0,,
UgzaJcGuhlkFU_0RJS94AaABAg,1,12,"2023-11-12 22:09:01",@MishaJohanna,"Adik saya pernah kena kasus serupa beberapa tahun yang lalu. Dia pakai rekening BNI, cabang UGM. Tiba2 ada transfer di jam 5 pagian, pada saat adik saya sedang tidur. Waktu itu nyokap yang proses ke BNI dan itu sampe 6 bulan sampai duitnya balik! Malah awalnya disalah2in gitu, dibilangnya adik saya yg ke ATM or pake e-banking gitu, transfer duit. Dan selama memproses itu, bolak-balik ke BNI, nyokap dikasih tahu juga oleh satpam di sana bahwa ternyata ada nasabah2 lain dari cabang itu yang kena hack itu. Jadi isu seperti ini memang nyata adanya.",0,,
UgzaJcGuhlkFU_0RJS94AaABAg.9x1Uh99KBASA4mqbbvhscY,,1,"2024-06-17 13:03:57",@azidebarons2280,"Jadi itu maksudnya yang di hack dari sistem banknya, bukan hape pribadi yg kena hack",1,UgzaJcGuhlkFU_0RJS94AaABAg,@MishaJohanna
UgyGcfOVTPBV1wjzpR14AaABAg,0,0,"2023-11-12 22:03:55",@miftahhuda461,"bahaya skrg mbanking......, apa yg aman?, kawal trs kasus ini, polisi atau pihak berwenang mestinya lbih berperan, jadi fungsi pengayom masarakat itu ada, atau semua pihak yg punya kemmpuan untuk ikut mmbantu, kita di negri yg salah satu jargonya gotong royong, mana ini...",0,,
UgybFReNU4ruQHHhvrN4AaABAg,0,0,"2023-11-12 22:01:47",@tuantakur7110,"Inti nya ini oknum pihak bank .. nabung jgn bnyk2 di bank bahaya .",0,,
UgwNwa8jBvgjeYpEK4R4AaABAg,0,0,"2023-11-12 22:01:06",@cahndeso6245,"Makanya gua gapernah pakai m banking",0,,
UgyQyM1NMUy2gydWV6t4AaABAg,0,0,"2023-11-12 21:59:17",@wenychristianto5192,"Ngeri sih di indo memang, sy pernah mengalami yg namanya kartu kredit (kk) saya yg bahkan masih baru (baru terima kartu perpanjangan masa) yg mana bahkan belum saya aktifkan itu bisa hendak di hack.. saya sampai bisa menerima 3x sms OTP untuk pembelian pulsa telkomsel jutaan per transaksi, gila.. lgs saya telp CS dan minta kartu baru. Bisa gitu ya..",0,,
Ugy_ZXTU8ptgm7NrOMd4AaABAg,0,0,"2023-11-12 21:56:20",@MaMecLe,"Jngn pernah bnyak d tabungan...jd emas aja...",0,,
UgzJkGoiz9q6ZXE9OE54AaABAg,1,5,"2023-11-12 21:17:26",@zulferdianmempie4845,"Jika owner dan pegawai BCA, tidak turun tangan, tidak mengusut tuntas masalah ini,tidak kooperatif menolong konsumen atau kliennya yang kehilangan uang yang di simpannya di BCA, berarti BCA dan Jajarannya tidak bertanggung jawab, masyarakat akan tidak percaya kepada BCA ,dan akan menarik uang uang.mereka,utk dipindah ke bank2 lainnya. Keamanan Bank itu adalah syarat atau sesustu hal yang sangat utama dan sangat penting bahkan yang sangat mutlak,dimiliki oleh setiap bank,bukankah setiap orang yang menyimpan uang atau menggunakan jasa bank karena ingin uangnya aman?dan mereka sepakat membayar biaya administrasi setiap bulannya ke bank yang bersangkutan . Sebaiknyakah polisi ikut mengusut kasus ini?",0,,
UgzJkGoiz9q6ZXE9OE54AaABAg.9x1OnJ2mA8-9x2VRb0Mj_B,,2,"2023-11-13 07:34:44",@cakwemeripluit3818,"Saya sih ""terpaksa"" menggunakan BCA karena hampir semua teman dan saudara saya menggunakan BCA dan harus diakui termasuk salah satu dari bank yang jaringannya paling luas. Tp ga ada bank yg lebih aman. Paling aman simpan dalam tanah dalam rumah dan dijaga terus.",1,UgzJkGoiz9q6ZXE9OE54AaABAg,@zulferdianmempie4845
UgyaUzCvLjmtegnSfWZ4AaABAg,0,0,"2023-11-12 21:11:00",@ediharnadi89,"Edukasi yang wajib dapat hadiah youtuber primeium dari yoitube ❤",0,,
Ugw8nk5I0xSiXGWW5_B4AaABAg,0,0,"2023-11-12 21:07:30",@gamesordie8908,"Masa iya sekelas rumah sakit gabisa playback video sebulan lalu 🤣 di tempat saya ajah paling engga 3 bulan baru auto remove. (Gedung kantor)",0,,
UgzJNCPRheA5bHCmJPF4AaABAg,1,1,"2023-11-12 20:54:38",@saungmasbangka5746,"Ada yg lebih parah om, kinerja bca tegal, uang nasabah ditarik orang laen tanpa konfirmsi ke pemilik rekening, kerugian 2 M lbih. Parah bca",0,,
UgzJNCPRheA5bHCmJPF4AaABAg.9x1MBELI8Mb9xWCGDbbx-j,,0,"2023-11-24 20:24:23",@TheAries8945,"Kejadian kapan tuh, om ?",1,UgzJNCPRheA5bHCmJPF4AaABAg,@saungmasbangka5746
UgyrK0V-VZBvRnzbyll4AaABAg,0,1,"2023-11-12 19:41:16",@bangjagooo4883,"Semoga masalah cepat terselesaikan, Masukan jg buat BCA aplikasi m-banking nya sudah ketinggalan dengan bank lain, tidak ada notifikasi saat transaksi di sms atau email, tidak ada MPIN (untuk transaksi memakai PIN yg sama), untuk pindah/restart aplikasi HP minta verifikasi KTP selalu gagal dan diminta aktivasi ke bank atau telp layanan haloBCA cukup merepotkan, smoga segera diperbaiki, mungkin ada yg sama pengalaman seperti ini 🙏🏻",0,,
UgzAzM-Zc8AqFRG83SB4AaABAg,0,0,"2023-11-12 19:07:22",@stanford168,"saya bersikap netral ya, bukan memihak pihak manapun, tapi kok saya belum pernah liat print2 an mutasi bca yang formatnya seperti di awal video ini, maaf saya ga terusin nonton sampai akhir karena dari liat hasil print tersebut, saya sudah ga minat lanjut nonton jadi biar buktinya juga jelas, tolong di print mutasi dengan format yang asli dari bca, bisa dari browser komputer atau screenshot di handphone",0,,
UgyCh720mJRMIUHOl4N4AaABAg,0,0,"2023-11-12 18:58:49",@dewatube123,"itu server QR nya harus diselidiki... bukan server BCA.... jadi takut saya...",0,,
UgxGDr7EggMp0Hky6rt4AaABAg,0,0,"2023-11-12 18:58:30",@yudhiprastyo4398,"Lupa kali mas dia bayar hutang 68 jt rupiah dr pinjol gitu biasanya lupa mas bayar utang pinjol diambil paksa punya duit enggak dibayar lah lihat sy punya duit milyarannlewat bri mobile banking ada yg nyolong ohh tidak mungkin yaa mass 😂😂😂😂",0,,
UgzDom6myOtgc8sGs9x4AaABAg,0,0,"2023-11-12 18:22:18",@anthonsuryadi9283,"Bayar pake tunai aja oi ojok sok sokan makane. Nasib orang males bawa tunai iki 😂😂",0,,
Ugx9Qn3N7b_mi4mTOF54AaABAg,0,1,"2023-11-12 18:04:01",@RianNugraha-ho7rn,"BCA MALING UANG NASABAH DARI ZAMAN JAMAN SOEHARTO BRO..",0,,
UgyXcqXiCCF1Z-LPYqB4AaABAg,0,0,"2023-11-12 17:30:37",@djokokusuma3006,"Coba perjelas hpnya baru original atau bm ? Tapi saya rasa sama saja, kalau gmailnya udah kena hack, mo di pindahkan ke hp canggih puluhan juta, tetap jebol",0,,
Ugxd1klOt3AQ0LpVa4d4AaABAg,2,17,"2023-11-12 16:58:40",@cocoarchie,"KAWAL TERUS KASUS INI koh, biar BCA bisa mengoreksi dan melindungi nasabahnya, jujur saja, saya sendiri pengguna BCA, kalau begini jadi takut jugaa, ada kekurangannya mbanking BCA, setiap habis di gunakan dia tdk mengeluarkan notif di aplikasinya",0,,
Ugxd1klOt3AQ0LpVa4d4AaABAg.9x0wB1jnp469x2cZorcZx9,,2,"2023-11-13 08:45:46",@vankbms8256,"😮nh bner sy juga user bca.. tpi klo isi sldo ga bnyk2 tkut kya mbany 64 juta raib😮. Ksian mbany hrus dusut tunts mf bukn mnduh orng dlm bca itu psti da oknum ga mungkin.. psti orng ite cnggih pintr..",1,Ugxd1klOt3AQ0LpVa4d4AaABAg,@cocoarchie
Ugxd1klOt3AQ0LpVa4d4AaABAg.9x0wB1jnp469x6gCiQed8x,,0,"2023-11-14 22:34:32",@alfonsuskarl,"Notif kan ada via email?",1,Ugxd1klOt3AQ0LpVa4d4AaABAg,@cocoarchie
UgwrOokhoZTmNk92p7R4AaABAg,1,0,"2023-11-12 16:48:17",@bakpaocute4932,"Tiap bulan bayar admin dan lain², eh duit bisa hilang 😂😂😂",0,,
UgwrOokhoZTmNk92p7R4AaABAg.9x0uzzwo7No9x14lYnXRNZ,,0,"2023-11-12 18:22:26",@tariastari8356,"Adminnya mahal lagiii",1,UgwrOokhoZTmNk92p7R4AaABAg,@bakpaocute4932
UgzmMQRYur-xk6QX7aF4AaABAg,0,1,"2023-11-12 16:42:09",@mamimami2766,"Kalo bener orang bank ini minta cctv yg kelihatan hpnya, itu luar biasa stupid.",0,,
UgxGacHY7kOJ7DaZvIl4AaABAg,0,0,"2023-11-12 16:41:13",@inisiapa705,"Kakk, saya abis ketipu sama orang, saya pengen tau alamat pemilik yang nipu saya, norek ada dan nomor hp ada aktif, cuma tidak dibalas balas kak, saya ketipu 3,6 kak, bantuannya kakk, mohonn.",0,,
UgwVjGAQ_bTRbviQ7p54AaABAg,0,0,"2023-11-12 16:00:18",@marvel8166,"Hati2 jgan sekali kali transaksi pke QR.saya prnh transaksi pke QR lewat dana mengalami kejadian transaksi dgn sndrinya melalui QR",0,,
Ugz-Sm3Z4CVNpXV_vPB4AaABAg,0,0,"2023-11-12 15:56:13",@Yastgutdwiiys,"HP nya udah di control sama heker kayanya .. ada klik link2/iklan di browser secara tidak sengaja mungkin ? kadang di browser2 hp kita mau tap ini tapi malah kebuka tab baru (iklan), close tab , baru ke tujuan kita , mungkin ini celah buat heker2 buat hack hp kita",0,,
Ugy9RtrGPHZTCqtJNvF4AaABAg,0,1,"2023-11-12 15:56:08",@papamudashowtime,"Dari video kelihatan si ibu pake android, ada baiknya beralih ke iOS, karena dari kmrn aneh2 kejadian di mbca android 😢",0,,
UgxuEFNJCxzzKQrejU94AaABAg,0,0,"2023-11-12 15:51:23",@evelynprika,"Gak pernah pake mbanking, klo transfer slalu pake token 😂 Waktu itu dh pernah daftar mbanking karna mau bikin oneklik, tapi gapernah pake buat transaksi walaupun kyanya lbh cepet tp udh kebiasaan pake internet banking.",0,,
UgwY-mZG_bVFjSHmX5N4AaABAg,0,0,"2023-11-12 15:46:39",@aguslimas2981,🤔,0,,
Ugw7RTnU-UcaEKfnrLN4AaABAg,7,39,"2023-11-12 15:40:17",@NgatiniStockholm,"Jujur buat yang kerja dengan transaksi dan keuangan dan sering mengalami kasud yang sama, rekaman cctv bukan hal yang berlebihan. Itu kan adalah salah satu cara untuk membuktikan dan yang tidak visa terbantahkan. Tapi memang ytk mengakses cctv itu ga mudah. Sebagian perusahaan meminta keterlibatan polisi utk bisa membagikan rekaman mereka. Kalo di eropa melibatkan polisi ga perlu pake uang saku dll jadi emang lebih mudah. Sayangnya seperti kita tau kalo melibatkan polisi di Indonesia, banyak kemungkinan akan bisa kehilangan uang lebih banyak lagi",0,,
Ugw7RTnU-UcaEKfnrLN4AaABAg.9x0nCvoPvcU9x1a5xqNDWX,,5,"2023-11-12 23:04:59",@ferrydaud183,"😂😂anda sangat jujur sekali",1,Ugw7RTnU-UcaEKfnrLN4AaABAg,@NgatiniStockholm
Ugw7RTnU-UcaEKfnrLN4AaABAg.9x0nCvoPvcU9x20dube2Dm,,9,"2023-11-13 03:05:41",@ronigumilar7295,"Harus nya dsaat ada transaksi dluar kuasa pemilik rekening, harus nya pihak bank fokus menelusuri kemana dan ke pihak siapa aliran dana tsb dkirim....!!!!! Jgn lagi menanyakan proses pada saat transaksi, udh jelas force majure transaksi dluar kuasa pemilik rekening",1,Ugw7RTnU-UcaEKfnrLN4AaABAg,@NgatiniStockholm
Ugw7RTnU-UcaEKfnrLN4AaABAg.9x0nCvoPvcU9x2V9gCJYFG,,1,"2023-11-13 07:32:18",@cakwemeripluit3818,Embeeerrrrr,1,Ugw7RTnU-UcaEKfnrLN4AaABAg,@NgatiniStockholm
Ugw7RTnU-UcaEKfnrLN4AaABAg.9x0nCvoPvcU9x2VkKPkBql,,4,"2023-11-13 07:37:26",@mrbert,"Kalo transaksi di toilet. Gimana? Harus ada cctv?",1,Ugw7RTnU-UcaEKfnrLN4AaABAg,@NgatiniStockholm
Ugw7RTnU-UcaEKfnrLN4AaABAg.9x0nCvoPvcU9x40tvof_QB,,1,"2023-11-13 21:46:21",@antosisubejo4523,"Kita doakan aja. Semoga mbak nya juga merasakan hal yang sama. Biar tidak asal bicara.😅",1,Ugw7RTnU-UcaEKfnrLN4AaABAg,@NgatiniStockholm
Ugw7RTnU-UcaEKfnrLN4AaABAg.9x0nCvoPvcU9x4dT6-L8b1,,7,"2023-11-14 03:32:04",@Andrea_4784,"​@mrbertbnr bgt koh, kita ga akan selalu bisa memenuhi hal spt ini kan koh, lg pula masa kita selalu hrs kasih rekaman CCTV ditiap transaksi, ini seolah-olah kita selalu merasa tdk aman atau dihantui perasaan was², kita sbg nasabah kan pengen yg ga ribet tp merasa aman aja, somehow ini tanggung jwb bank terkait utk membuat nasabah tetap nyaman. Kita cm melindungi hak kita aja.",1,Ugw7RTnU-UcaEKfnrLN4AaABAg,@NgatiniStockholm
Ugw7RTnU-UcaEKfnrLN4AaABAg.9x0nCvoPvcUA0JSNdepjR3,,0,"2024-02-27 07:40:39",@quinasurya1,"Bener, kalo di indo kasus mau di kawal trs mau di usut trs ya harus “bayar” ke pihak “wajib” , sudah rahasia umum 😢",1,Ugw7RTnU-UcaEKfnrLN4AaABAg,@NgatiniStockholm
UgzGW_4zz9KPHrloSl14AaABAg,0,0,"2023-11-12 15:38:16",@WinarsihIrvan,"62 terlalu banyak prosudur jadi banyak merugikan orang yg rugi",0,,
Ugwxig3-Cxa3EOlI35h4AaABAg,7,20,"2023-11-12 15:26:55",@ekopranoto7090,"Saya dulu pernah kerja di salah satu Bank milik BUMN, belum ramai2nya scammer, dan yg marak terjadi adalah hilangnya uang di rekening nasabah tiba2, Setelah diselidiki berdasarkan lokasi transaksi karena dr rekening koran akan terlihat kode lokasi penarikan lalu melihat data cctv, ajaibnya rata2 adalah dari keluarga mereka sendiri. Mau lanjut ke jalur hukum ?!?! tentu tidak 😂😂",0,,
Ugwxig3-Cxa3EOlI35h4AaABAg.9x0lg3rh6C_9x5AQRivJ2g,,1,"2023-11-14 08:28:49",@agilada3777,"Brrti pelakunya orang dalam ya..",1,Ugwxig3-Cxa3EOlI35h4AaABAg,@ekopranoto7090
Ugwxig3-Cxa3EOlI35h4AaABAg.9x0lg3rh6C_9x5nRJ8pVVX,,0,"2023-11-14 14:18:27",@ceha6254,"​@agilada3777udh kebaca ini pasti org dalam,, sebagai mantan karyawan bank saya jg ketawa denger kasus ini,, kok bisa di up, nanti malu sendiri",1,Ugwxig3-Cxa3EOlI35h4AaABAg,@ekopranoto7090
Ugwxig3-Cxa3EOlI35h4AaABAg.9x0lg3rh6C_9x5uWubMRGW,,0,"2023-11-14 15:20:23",@modilomura151,"Betol bang, qris tinggal bawa qrcode dimana pun bisa transaksi. Qris yang cuman menerima duit terutama Gak jauh jauh pelakunya ini",1,Ugwxig3-Cxa3EOlI35h4AaABAg,@ekopranoto7090
Ugwxig3-Cxa3EOlI35h4AaABAg.9x0lg3rh6C_9x62NGV7iLk,,0,"2023-11-14 16:37:42",@Airdropsquad.,"Tpi aris klau transaksi masukin nominal dan pin",1,Ugwxig3-Cxa3EOlI35h4AaABAg,@ekopranoto7090
Ugwxig3-Cxa3EOlI35h4AaABAg.9x0lg3rh6C_9x7A8Dq1Xzl,,0,"2023-11-15 03:04:48",@Amelia.Andrew,"Dlm kasus di video ini, dia lg turun gunung dimana ga ada sinyal & itu QR dimana itu kn harus scan barcode, klo dibilang pelakunya keluarga org dlm gmn caranya hp lg sama pemilik tp diluar sana ada yg scan barcode ? Klo bukan QR lewat trf atau apa bs jd itu pelakunya org dalam, klo QR gmn caranya ?",1,Ugwxig3-Cxa3EOlI35h4AaABAg,@ekopranoto7090
Ugwxig3-Cxa3EOlI35h4AaABAg.9x0lg3rh6C_9x7DUuptzlL,,0,"2023-11-15 03:34:07",@priersackh,"Jadi QR si mba nya ini difoto dan digunakan keluarganya untuk transaksi?",1,Ugwxig3-Cxa3EOlI35h4AaABAg,@ekopranoto7090
Ugwxig3-Cxa3EOlI35h4AaABAg.9x0lg3rh6C_9xF63JO6HHz,,0,"2023-11-18 05:03:06",@ekopranoto7090,"@Amelia.Andrew di dalam dunia perbankan,password atau kata kunci bagi nasabah selain PIN adalah NAMA IBU KANDUNG, yg mengetahui nama ibu kandung biasanya sih orang2 terdekat. Jika PIN dan nama ibu kandung sudah didapatkan pelaku tinggal telp CS BC#.selesai.",1,Ugwxig3-Cxa3EOlI35h4AaABAg,@ekopranoto7090
UgwRyc1W52NJh_JkxU54AaABAg,0,0,"2023-11-12 15:17:37",@nanangsuhendi7701,"pasti setelah nonton video ini pada ngecek Mbanking nya😅😅😅",0,,
Ugwas2eg1b5zkIcV7Ud4AaABAg,0,0,"2023-11-12 15:09:11",@ariessdn,"itu yg diHack Akunnya Google... Kebanyakan Akun Google bisa dibobol Orang, konfirmasinya bisa melalui call selain OTP. Konfirmasi melalui Call biasanya Handphone di Call dan diterima habis itu langsung terputus. Makanya dari skrng kalo ada Call yg tidak keluar nomer jangan diangkat, kemungkinan itu konfirmasi Akun tertentu.",0,,
UgyoiCFdLGA5hrU0yeZ4AaABAg,0,0,"2023-11-12 14:55:07",@herachannel99,"PARAH SIH KALAU BENAR BERARTI ITU BGMN CARA KOMPLAIN NYA??",0,,
UgzmCFulcOuYTFFpc454AaABAg,0,0,"2023-11-12 14:51:42",@boykeren5240,"BCA kadang aneh respon terhadap masalah. Pengalaman mau cairin rekening orang tua sudah meninggal diminta surat keterangan kakek&nenek meninggal. Saya ceritakan ke BCA tempat tinggal saya beda propinsi mereka saja heran dan setahu mereka tdk ada aturan begitu di BCA",0,,
UgzVCPQy2gwr7sIwhDR4AaABAg,0,2,"2023-11-12 14:49:57",@broanton7911,"Bang Bert, sy mau sharing dikit nih berkenaan dg BCA. Ini buat teman2 jg y gaes...biar paham. Ini jujur pengalamanku th 2008. Kasus bu evita ini sekilas mirip dg kasus kejadian sy bedanya ini krn berhub dg Qris. Kejadian sy dl bs terjadi TRF sndri diluar transaksi yg dilakukan pribadi. Wkt itu uang ada 10 jt, suatu ketika mau nabung 2jt pas cek saldo dibuku tabungan bca stlh menabung sisa saldo cuma 2 jt, pas dicek dikomputerisasi trdpt trf di bbrp data tanpa no rek spt trf ke music box, dll sampai bs trjdi trf ke nominal.kecil yg jg rata2 tdk ada no rek. Aneh skali ini dan sy gak pernah pakai kartu atm utk transaksi. Sy komplain dg cs bca disebuah mall wkt itu lalu bsknya sy laporan dan dibantu buat laporan halo bca dr pihak bank bca kcp yg mendaftar awal. 14 hr kemudian terimalah berita acara dgn isi BA trsbt adl TERJADI PEMINDAHAN. Aneh dan bingung rasanya. BCA sndri tdk jujur spnhnya apa yg terjadi, namun brdsrkan asas praduga tak bersalah, sptnya ada oknum2 entah dia mantan karyawan it bca atau entah msh kerja atau bs jg org luar yg trnyta menghack. Shg rekening pribadi bs trjdadi transaksi sndri. Stlh 14 hr sih, bca mengembalikan uang pribadi full. Smga kasus ini buat pelajaran kt semua.",0,,
Ugwiv8sEYGZUuvC_Ktl4AaABAg,0,0,"2023-11-12 14:38:04",@dedesuherman6848,"Serba salah memang..nabung dibank dibobol hacker , nyimpen dibawah bantal digondol tuyul...hadeuuuuh",0,,
UgxL8H6p_T080V5izV14AaABAg,0,1,"2023-11-12 14:28:56",@VisionCorp-f8l,"Saya pikir tidak terlalu sulit untuk mengikuti kemana uang mengalir dan siapa end usernya. Kecuali semua data user dipalsukan. Bahkan kalau orang dalam mengganti data nasabah, setahu saya harus ada permintaan tertulis /terekam dari nasabah itu sendiri saat datang atau call halo BCA. Bertransaksi dalam jeda waktu beberapa menit di lokasi yg sama juga menjadi perhatian tersendiri dan tentunya bca sdh memverifikasi ketat saat menerbitkan kode qris tersebut. Memang kalau nasabah di pojokkan dgn minta bukti CCTV kalau HP selalu on hand, terkesan melumpuhkan nasabah karena nasabah tentunya tidak pernah berfikir akan terjadi seperti case ini. Mungkin akan meringankan kalau nasabah ada bukti bahwa ada saksi yg menguatkan kalau nasabah memang sedang beraktivitas spt di ceritakan sedang menyetir atau turun gunung dimana tidak memungkinkan transaksi. Sebenarnya kalau bca legowo dengan berkata ok kami sedang menyelidiki internal kasus ini, akan menimbulkan sedikit ketenangan bagi nasabah. Tapi kalau terus menerus menutup diri dan counter balik ke nasabah, rasanya akan membuat kasus ini jauh dari selesai . Kita sebagai nasabah sebenarnya simple saja, hanya pengin hak kita balik, karena hal itu benar-benar berharga bagi kita dan keluarga kita. Tetap semangat mbak, saya bantu dengan doa semoga cepat ada petunjuk untuk menyelesaikannya. 💪",0,,
Ugx8AVNj7ZiD2fZcRER4AaABAg,0,0,"2023-11-12 14:09:43",@NNF-26,"Pernah kejadian di bank mandiri.... Saat membawa group tour liburan ke bali...berangkat jumat pulang minggu Atm hilang.... Tanpa disadari... Dan baru ketahuan... Senin dapat tlp dari mandiri ada transaksi mencurigakan dalam 1 hari di hari minggu.... Kebobolan 48 juta... Di pakai di berbagai macam toko.. Beli beberapa iphone, parfum mahal dan beli minuman di cafe. Ditelusuri cctv semua toko... Pelakunya orang india keturunan yg mungkin sedang di bali juga. Complain sampai mandiri pusat jakarta, Dan ternyata kartu atm mandiri itu sejenis visa jadi bisa di gunakan belanja walau tanpa pin.... Hati hati yg punya atm mandiri berlogo visa... Bisa di pakai belanja tanpa perlu pin... Hanya modal tanda tangan doang... Tanda tangan ngasal juga masih di sebut sah... Langsung pindahin semua asset ke BCA dan alhamdulillah sampai saat ini aman....tapi gak pernah mau aktifin mbca sampai saat ini karena masih ragu dengan teknologi keamanannya... Sekarang ngandelin klik bca doang yg segala transaksinya harus pakai token manual.... Biar aman aja... Masa udah cape capek ngumpulin duit hasilkerja... Hilang begitu saja..",0,,
UgxpN5e9H-dNJgLis394AaABAg,1,9,"2023-11-12 14:09:06",@rerontokrengginang,"kalo polisi mengajak operator seluler n bank bersinergi bisa diminimalkan kasus pembobolan banking,, masalahnya polri saja sarangnya oknum,, gimana bisa disinergikan 😂😂😂",0,,
UgxpN5e9H-dNJgLis394AaABAg.9x0cm92bl_A9x2Yuk8dM9a,,0,"2023-11-13 08:05:04",@cakwemeripluit3818,Embeeerrrr,1,UgxpN5e9H-dNJgLis394AaABAg,@rerontokrengginang
UgymDjXS_0G4f51KvCR4AaABAg,0,0,"2023-11-12 13:57:20",@siwonestindonesia6570,"Bs minta rek koran khan bs di lht uang msk ke rek mana",0,,
Ugysa7oz88IML-JtMYt4AaABAg,0,3,"2023-11-12 13:26:34",@goooooooogle,"gua kok malah mikirnya itu bukan QRIS BCA standard (statis) tapi QRIS BCA versi dinamis yg menggunakan API. nah sementara merchant yg akan menggunakan API QRIS itu selain berbayar utk daftarnya (1.300.000) juga harus berbentuk badan hukum, artinya selain eKTP ada juga NPWP Perusahaan.",0,,
Ugx8bFDeOjba1EQFg6l4AaABAg,0,3,"2023-11-12 13:15:29",@sulaim4n57,"Kalo bener mbak Evita nya ini korban, kesimpulan yg menakutkan kita semua adl: Mobile banking yg di install di hp baru & simcard baru aja bisa kejadian spt ini ....bgm dgn mayoritas nasabah lain termasuk kita yg install mobile banking di hp yg isinya campur aduk semua aplikasi & no.hp yg sdh dipake akses daftar ini itu, email lama dll ?? ke 2 Tanggapan Bca nya yg koq malah spt itu ? Semoga ada jalan keluar terbaik",0,,
Ugxtsiygc8kmOVqR29N4AaABAg,0,0,"2023-11-12 13:14:28",@migatv7590,"Mana tanggapan resmi BCA",0,,
Ugz7YDtyz-tP_aW6e514AaABAg,0,0,"2023-11-12 13:03:36",@anarosdiana6304,"laporkan ke pak mafud md aja",0,,
UgzJpa28zxHqvegy5WN4AaABAg,1,0,"2023-11-12 12:49:17",@susanajoenoes6986,"Transaksinya kemana??? Ditanya dong host...",0,,
UgzJpa28zxHqvegy5WN4AaABAg.9x0UdVYA4mi9x0VB06MU9J,,0,"2023-11-12 12:54:00",@mrbert,"Biasakan melihat video sampai habis Dan biasakan baca Deskripsi. Apa ga jelas tertulis di video itu semua aku taruh gambar ke toko Aidan",1,UgzJpa28zxHqvegy5WN4AaABAg,@susanajoenoes6986
Ugw_QkKDVhwkaF58cLF4AaABAg,0,0,"2023-11-12 12:37:24",@protonlaptops,"Buset samsung,padahal handphone yang os nya android yang paling saya percaya ya samsung,karena update patch dan software sering dibanding handphone lain",0,,
UgziDOsoEN4CLI7LoeZ4AaABAg,0,0,"2023-11-12 12:19:13",@gitudoangrepot4441,"itu transaksi tiap menit berurutan dan di toko yang sama, samperin aja tokonya..tny BCA pasti tahu lah alamat/lokasi toko tsb",0,,
UgywHj8FAzr0FswhltN4AaABAg,0,0,"2023-11-12 12:06:24",@Praptoprapti2023,"Digital Forensic sudah dilakukan?",0,,
UgywvWDUHC2g6QQtPeR4AaABAg,0,1,"2023-11-12 11:59:09",@TovancoffeeCoffee-st4ry,"Aku dulu juga pernah begitu klo q rish usahakan signal harus bagus karena klo signal gk bagus dia ambil terus sampe 3 x untungnya saya lapor ke halo bca dan dikembalikan",0,,
UgzQcX_ztgd2LFR0hDB4AaABAg,0,0,"2023-11-12 11:47:46",@aridhopermana,"Ini sama kek kasus dana, saya juga pernah hilang saldo di dana melalui transaksi qriss juga",0,,
UgyBjQ1jXTA4N8ZwDeh4AaABAg,0,0,"2023-11-12 11:35:06",@tsandaputra,"Ade gua 600rb tiba"" top up dana, sampe nanya ke gua, gua bilang cek mutasi",0,,
UgzZwBhsEuSwKasqRxR4AaABAg,1,0,"2023-11-12 11:34:19",@ibnusumengkar1695,"lha pilih bank koq BCA, kalo simpan uang itu udah pasti aman di Bank Pemerintah seperti Mandiri",0,,
UgzZwBhsEuSwKasqRxR4AaABAg.9x0M3RddugH9x0MlGoaA1O,,0,"2023-11-12 11:40:26",@mrbert,"Hahahhaha jangan ngelawak brooo. Kalo gw tuliskan kasus di mandiro bisa bisa 7 hari 7 malam ga slesai. Ini diangkat BCA karena ini adalah bank paling aman. Kok bisa ada case begini. Dan blum tentu juga BCA yg bermasalah",1,UgzZwBhsEuSwKasqRxR4AaABAg,@ibnusumengkar1695
UgzWrYke7k32-RpTDrR4AaABAg,0,0,"2023-11-12 11:20:04",@Gytha-t3f,"Boleh saya tanya ya? Apa pernah kasus² seperti ini, bukan kesalahan nasabah, tp karena lemahnya keamanan bank, trus uangnya di kembalikan bank, apa pernah ada ya pengembalian kayak gt??",0,,
UgzGiGWWw1jyMLQzQxJ4AaABAg,0,0,"2023-11-12 10:56:57",@mahmudasugiarta3004,"Harus nya Bisa d telusuri d rekening penerima & diselesaikan scra kekeluargaan ni.. Prnh kejadian pd kerabat trnyata anak nya belanja senjata game online... Mari tabayun cari opsi lain klo satu opsi d rasa tdk ada titik temu.. 🙏",0,,
UgwdQurThAElAX9gkxh4AaABAg,0,0,"2023-11-12 10:51:54",@isyeherang497,"Trus Q Ris nya nh keluar dimana?? Hasil transaksi apa... kan ngeri jga yah jebol rekening orang",0,,
Ugx3VKuWIS2nTfrjoe94AaABAg,0,0,"2023-11-12 10:11:36",@AhlesyaJaty,"Dunia digital tidak ada yang aman..",0,,
Ugz03GJ_vugknrYYOc54AaABAg,0,0,"2023-11-12 10:10:28",@rahimrahmad8862,"Kalau boleh tau bu evi dananya ""kebobolan"" bayar pakai Qris bca untuk pembelian apa saja dan lokasi dimana saja? Krn tdk terlihat jelas videonya",0,,
UgziwJYx7zbauIkAYcN4AaABAg,0,0,"2023-11-12 10:09:08",@balimart3212,"Kok gak bisa terima OTP, dan penggunaan QRIS bisa di trace kok",0,,
UgxkRrjlz6N5BDman2x4AaABAg,2,2,"2023-11-12 09:55:28",@kiko5174,"Kok menit 14:17:01 video nya di cut ? Keliatan banget 🤔",0,,
UgxkRrjlz6N5BDman2x4AaABAg.9x0AkS8gHeo9x0FnAX-6I8,,0,"2023-11-12 10:39:32",@mrbert,"Yuph karena sangat sensitif. Berhubungan dengan pihak ketiga. ISILOP",1,UgxkRrjlz6N5BDman2x4AaABAg,@kiko5174
UgxkRrjlz6N5BDman2x4AaABAg.9x0AkS8gHeo9x0GKD_-xHY,,0,"2023-11-12 10:44:11",@kiko5174,"@mrbertPJSP ?",1,UgxkRrjlz6N5BDman2x4AaABAg,@kiko5174
UgwSP7qpwXdKKQmxNfx4AaABAg,0,0,"2023-11-12 09:51:07",@henrydesmo6957,"Lapor aja ke kantor pusat . Klo org bca kasi jawaban kaya gt mesti di training lagi tuh.",0,,
UgxMUCIOuvWtpsXOYaF4AaABAg,0,0,"2023-11-12 09:49:04",@tetisuhaeti8976,"Pegawainya juga hrs di diteliti BCA ini padahal merasa aman gmn ini yah",0,,
UgyXZEF78zsG9_6Edrh4AaABAg,0,0,"2023-11-12 09:40:55",@kristymigasari8790,"kalo dr saya..ini bukan masalah 1 bank BCA saja..tp bisa saja terjadi di bank manapun..kemajuan teknologi skrg sudah bukan hal baru..kalau memang kita sebagai nsbh sendiri tdk aware dgn data2 kita sdri yg bersifat rahasia..bisa saja hal ini terjadi. Kalau memang transaksi tdk dilakukan oleh nasabah..pasti bank nya akan mengganti.tetapi kalau hasil investigasi menyatakan bahwa kelalaian ada pada nasabah..maka bank tidak akan mengganti. Jaga kerahasiaan data masing-masing aja. Tidak menabung di bank pun..uang bisa hilang jika kita lalai.",0,,
UgwNpmOxlfLzPBNoakR4AaABAg,0,0,"2023-11-12 09:33:05",@Jalan-Lurus-n7u,"pernah bocor PIN nya??",0,,
Ugy6ErpDwwwWK7Bfosl4AaABAg,2,0,"2023-11-12 09:15:48",@doninurdiansyah3423,"Saya heran aja, knp mbaknya gak mau lapor pihak berwajib ya? Pdhl sudah dijelaskan oleh pihak Bank kalo mau tau data penerima qr hrs ada surat laporan dr kepolisian.",0,,
Ugy6ErpDwwwWK7Bfosl4AaABAg.9x06Cx3zyTe9x09P7838yh,,0,"2023-11-12 09:43:41",@mrbert,"Coba baca Deskripsi dulu gan.",1,Ugy6ErpDwwwWK7Bfosl4AaABAg,@doninurdiansyah3423
Ugy6ErpDwwwWK7Bfosl4AaABAg.9x06Cx3zyTe9x0AMp7Wzaq,,0,"2023-11-12 09:52:06",@doninurdiansyah3423,"Mf saya fokusnya ke video.",1,Ugy6ErpDwwwWK7Bfosl4AaABAg,@doninurdiansyah3423
UgytNbM46MrVygYy7p54AaABAg,0,0,"2023-11-12 08:39:33",@aanjello22,"Dah ganti rekening bank lain",0,,
Ugy2Gt13HNR666fOiyN4AaABAg,0,3,"2023-11-12 08:30:47",@rosytallo713,"Jika sprti.ini.masyarakat akan takut u/naroh uang lagi diBank2 ,hrsnya system.Bank.nya diperbaiki",0,,
UgwQEUP5tX8Iharuv814AaABAg,0,0,"2023-11-12 08:26:21",@aanjello22,"Gimana sih gk masuk akal .satu mbanking itu satu no terus transaksi aja harus pakai pin baru transaksi berjalan.",0,,
UgxUZ094fKqsXI3jIHZ4AaABAg,0,0,"2023-11-12 08:22:34",@boediasijanto4503,"😂😂😂😂😂...., pernah juga untung 1 juta..., baru buka kemudian ada transfer 1 jt..., besok ada tlpn masuk t terangkat.., waktu cek saldo 1jt hilang...",0,,
UgxrE-b1VVzVNW5R6Nh4AaABAg,0,1,"2023-11-12 08:11:51",@ariefkurniawan2933,"@ mbak evita : dari pengalaman saya kehilangan uang di BCA, ujungnya nanti setelah capek dengan halo bca yg orangnya ganti ganti, selalu menjelaskan berulang ulang, ujungnya cuman ngeluarin pernyataan bahwa kejadian tsb sesuai sistem ( gombal lah pokoknya) dan saya PASTI kehilangan uang Rp 27 juta, PaSTI,",0,,
UgwpQMAQ0jwKsIw_uPV4AaABAg,0,0,"2023-11-12 08:07:59",@aripriduwan9126,"Lapor polisi lapor polisi lapor polisi",0,,
UgzxsrrT08DAzku0x214AaABAg,0,2,"2023-11-12 07:57:56",@aripriduwan9126,"Saran lapor polisi secepatnya ojo lapor bank",0,,
UgyqAPzQgY2jx1WRZuB4AaABAg,0,0,"2023-11-12 07:34:52",@edukatipsperbankan7515,"Bantu jawab sepengatahuan saya ""KOR PAYMENT QRIS"" itu adalah koreksi atas transaksi pembayaran QRIS yang pernah dilakukan. Misalnya si A transaksi pake QRIS (melakukan scan) kemudian transaksi tersebut gagal tapi saldo terpotong maka normalnya akan ada pengembalian dana ke rekening nasabah dengan keterangan ""KOR PAYMENT QRIS"". Jadi untuk mendapatkan KR Otomatis (dana masuk otomatis) itu nasabah gak perlu punya atau daftar QRIS atau barcodenya sendiri.",0,,
UgywWArHI6OAorRmGGh4AaABAg,0,0,"2023-11-12 07:31:43",@tropicalrainlab,"nasabah BRI nyimak",0,,
UgyFxmMk1WlZaZlm3pV4AaABAg,0,1,"2023-11-12 07:21:40",@ika-ih5yf,"saya pernah kehilangan uang 13 jt tanpa transaksi,lapor bca prin buku tabungan ada 3kali transfer dari rekening saya ke 2 rekenig yang berbeda2,padahal di tanggal itu saya tidak transfer,aneh nya lagi transfer uang saya pakai m banking padahal saya tidak pakai m bangking",0,,
UgwjdRKE6c376F9_rAR4AaABAg,0,2,"2023-11-12 07:20:56",@raisl9352,"sekuriti keamanan bank mesti mencari ke dalam. log2 pd saat transaksi tsb terjadi. kemana aliran uang tsb itu akan ketahuan dari mana dan kemana. log dari pc atau hp mana bahkan dari log dari dalam pc bank itu sendiri akan ketahuan. aliran uang tsb. bahkan jika ada oknum nakal dari dlm bank itu sendiri atau pihah luar pun akan ketahuan. smua history log ada di dlm bank tsb. asal pihak bank mau dan mencari.",0,,
UgwQnokCi250RibZMGJ4AaABAg,0,1,"2023-11-12 07:12:05",@PengamatSuasana-ke7ce,"ini seru kasusnya asli....",0,,
UgypD8HHR2Jk6_da0sJ4AaABAg,1,1,"2023-11-12 07:09:48",@ryadkusuma1671,"Lapor ke halo bca skrg malah bikin stres. 2-3 bl lalu gw ada kasus, lapor ke halo bca, bukannya diselesaikan, laporannya malah diclose tanpa gw dpt solusi. Gw lapor ulang dan bicara lsg ke team leader, malah ditutup pdhl itu udah bicara 1 jam tanpa solusi. Gw lapor lagi, sampai skrg ga ada email atau telp dr pihak bca yg menjelaskan masalah gw. Udah muak banget sama layanan halo bca.",0,,
UgypD8HHR2Jk6_da0sJ4AaABAg.9x-sn3yw_dF9x4lQCtq_AO,,0,"2023-11-14 04:41:35",@deedeedeedee1304,"Benar.... Saya bikin laporan ttp aj yg salah nasabah...",1,UgypD8HHR2Jk6_da0sJ4AaABAg,@ryadkusuma1671
UgwWNh4Z-8yEbNFrzlx4AaABAg,0,0,"2023-11-12 07:06:17",@PengamatSuasana-ke7ce,"aduh... untung paylater saya tidak disetujui.. ngeri ngeri sedap",0,,
Ugz74TgKrt2Er_cJcQJ4AaABAg,0,0,"2023-11-12 07:00:51",@joniboen,"Gue malah ga punya Mbanking. Saya hanya pakai Internet banking aja. Uang saya juga berkurang 10jt. Ga taunya gue pakai beli TV. wkwk....",0,,
UgxCSgpXNwBGEScRLyV4AaABAg,0,0,"2023-11-12 06:56:04",@crossandwise,"Btw, itu HP beli di mana ? Ada hp yg sudah di otak atik dan di jual di market places,",0,,
Ugx0xxeb6qrLrNT7wrJ4AaABAg,2,0,"2023-11-12 06:24:21",@marufm6407,"Sebulan lalu, saya juga kehilangan saldo dengan jumlah yg hampir sama. Tepatnya 70 juta. Saat lapor ke BCA tanggapannya sama, sedang investigasi. Taunya cuma mutasi rekening. BCA mengklaim saya lalai ketika bertransaksi di ATM. Dan tidak mau mengganti.",0,,
Ugx0xxeb6qrLrNT7wrJ4AaABAg.9x-naBX3_BZ9x2W-QN9xM8,,0,"2023-11-13 07:39:38",@cakwemeripluit3818,UP,1,Ugx0xxeb6qrLrNT7wrJ4AaABAg,@marufm6407
Ugx0xxeb6qrLrNT7wrJ4AaABAg.9x-naBX3_BZ9x2vwuOghAQ,,0,"2023-11-13 11:35:05",@mustikarasa6522,"Jawaban basa-basi memang. Kode gak mau tanggungjawab!",1,Ugx0xxeb6qrLrNT7wrJ4AaABAg,@marufm6407
UgyQhQDkTWFH4APrk7V4AaABAg,0,1,"2023-11-12 06:15:32",@mayanurrahma5843,"hrsnya setiap uang keluar dan masuk itu pasti ada notifikasi di SMS",0,,
UgzDtWPJfD3bsVX6tUB4AaABAg,0,0,"2023-11-12 05:52:18",@jamchandra2455,"Anak saya pernah kehilangan 3jt Dari ATM Tetapi ane kartu ATM aja engga perna di gunakan Tapi pihak. Bca bisa memberi jawaban yg memuaskanmu Apa lagi tanggung jawab",0,,
UgyM9AWc9TiIVsj9Pbt4AaABAg,4,0,"2023-11-12 05:49:29",@ronyirwanto1434,"Mungkin ibu itu gak sengaja tekan link gak jelas. Terus ada app yg instal di background yg gak bakal nemu di layar app maupun seting. Soalnya skrg lagi marak yg sebat link maut itu lewat WA di samarkan jadi tombol block, ato cek paket jnt,dll. Kalo sudah nekan link itu maka hp itu sudah bisa di kendalikan sama hacker. Pernah kena dulu. Untung hp itu gak ada mbanking. Cuman ada pulsa. Wa aja tanpa otp dia bisa ambil alih. Padahal gak permah saya kasihin otp. Sepertinya dia bisa pantau sms yg masuk ke hp saya",0,,
UgyM9AWc9TiIVsj9Pbt4AaABAg.9x-jaju52Km9x-jyFCqOA7,,0,"2023-11-12 05:52:41",@mrbert,"sejak kapan tombol block disebarkan dari link whatsapp. hadehhhh https://www.instagram.com/reel/CxUhm8CB5V-/?utm_source=ig_web_copy_link&igshid=MzRlODBiNWFlZA== jangan ikutan sebarkan hoax yaaa liat video gw yang itu dehhh.",1,UgyM9AWc9TiIVsj9Pbt4AaABAg,@ronyirwanto1434
UgyM9AWc9TiIVsj9Pbt4AaABAg.9x-jaju52Km9x-mF0ySfeK,,0,"2023-11-12 06:12:35",@ronyirwanto1434,"@mrbert berarti gw lagi sial dong. Sejak gw tekan tombol itu karena gak kenal org gak jelas tiba2 wa. Dalam 5 menit wa gak isa di pake karena sudah di akses org lain, pulsa gw 325rb ludes di kirim ke no yg gak gw kenal",1,UgyM9AWc9TiIVsj9Pbt4AaABAg,@ronyirwanto1434
UgyM9AWc9TiIVsj9Pbt4AaABAg.9x-jaju52Km9x-mYuVsg8U,,0,"2023-11-12 06:15:18",@mrbert,"@ronyirwanto1434 kamu pasti klik yang lain bukan tombol security whatsapp itu.",1,UgyM9AWc9TiIVsj9Pbt4AaABAg,@ronyirwanto1434
UgyM9AWc9TiIVsj9Pbt4AaABAg.9x-jaju52Km9x-n8yEBihS,,0,"2023-11-12 06:20:30",@ronyirwanto1434,"@mrbert gak pernah klik link apap2 deh. Hp ini cuman buat ntn youtube doang ama tlp dan wa",1,UgyM9AWc9TiIVsj9Pbt4AaABAg,@ronyirwanto1434
UgzP1GetMx2cUI5J4HV4AaABAg,2,1,"2023-11-12 05:37:06",@kuchenkoren4051,"Kalo memang mbak nya bener jujur, berarti mbak nya sudah termasuk orang yg hati2 dan faham risiko cyber, krn dia sampai pakai HP khusus untuk transaksi. Agak aneh kasusnya, karena BCA termasuk bank yg paling hati2 dan aman, ribet gak masalah yg penting aman. BCA sama BI juga pasti sedang diam2 follow up. Semoga cepat clear kasusnya",0,,
UgzP1GetMx2cUI5J4HV4AaABAg.9x-iB5pDPiQ9x-k0eaffHU,,0,"2023-11-12 05:53:09",@mrbert,"harus kita ketemu salahnya dimana.",1,UgzP1GetMx2cUI5J4HV4AaABAg,@kuchenkoren4051
UgzP1GetMx2cUI5J4HV4AaABAg.9x-iB5pDPiQ9x5wa_WsDxN,,1,"2023-11-14 15:38:29",@MrRyzQ,"Mba evi udah bagus dan aware dgn pake hp khusus u/ mbanking... lebih bagus lagi kalo pale IOS cuma khusus mbanking.. udah 5 taun trakhir, gue nyicil ios baru, cuma buat mbaking dari 5 jenis bank, ga ada aplikasi lain selain mbanking wkwk",1,UgzP1GetMx2cUI5J4HV4AaABAg,@kuchenkoren4051
UgztXWxddvNAuQzVD-F4AaABAg,5,3,"2023-11-12 05:34:54",@komentatorhandal3555,"Solusi paling obyektif: bikin laporan polisi biar bank buka data transaksi dan melacak transaksinya di mana, beli apa, dsb. Syukur2 ada data di counter pembelian. TinggL cocokin jam",0,,
UgztXWxddvNAuQzVD-F4AaABAg.9x-hw-4Dt4V9x-k3gby0Y1,,0,"2023-11-12 05:53:34",@mrbert,"udah lapor agannnnn dan belum ada hasilnya. lamaa kan",1,UgztXWxddvNAuQzVD-F4AaABAg,@komentatorhandal3555
UgztXWxddvNAuQzVD-F4AaABAg.9x-hw-4Dt4V9x22DVgrN6w,,0,"2023-11-13 03:19:25",@sostoopid5668,"Klo gak viral gk bakal diproses keknya bang",1,UgztXWxddvNAuQzVD-F4AaABAg,@komentatorhandal3555
UgztXWxddvNAuQzVD-F4AaABAg.9x-hw-4Dt4V9x3KDfBz4xG,,0,"2023-11-13 15:15:58",@tiararoxeanne1318,"​​@mrbertCoba buat pengaduan ke OJK. Mungkin berhasil.",1,UgztXWxddvNAuQzVD-F4AaABAg,@komentatorhandal3555
UgztXWxddvNAuQzVD-F4AaABAg.9x-hw-4Dt4V9x3L-N4bHy7,,1,"2023-11-13 15:22:45",@mrbert,"@tiararoxeanne1318 Hahahahha tahukah kamu susahnya regulasi di negeri ini. Perlu biaya berapa lagi??",1,UgztXWxddvNAuQzVD-F4AaABAg,@komentatorhandal3555
UgztXWxddvNAuQzVD-F4AaABAg.9x-hw-4Dt4VA4munoZftnE,,1,"2024-06-17 13:40:34",@azidebarons2280,"Harus dibuat viral kaya kasus Vina baru polisi bisa gercep",1,UgztXWxddvNAuQzVD-F4AaABAg,@komentatorhandal3555
UgzTMWnWkHior6GxUq94AaABAg,0,3,"2023-11-12 05:14:59",@Marya2271,"inilah sisi kelemahan digital banking, kasus ini mendorong dunia menuju cashless..,",0,,
UgwiXLQ7oqSi34kGWfx4AaABAg,0,0,"2023-11-12 05:04:09",@Heavenly-g7m,konoha....konoha..😮,0,,
Ugy2WtAmm8e0-VnDnNR4AaABAg,0,0,"2023-11-12 04:55:16",@rh5722,"qris bisa ngambil uang kalau pake pasword.tanpa pasword khan nggak mungkin",0,,
UgxFDqmx7swG8fTkVmd4AaABAg,0,1,"2023-11-12 04:45:50",@fenylestari2,"kalo minta cctv , mbaknya suruh minta ke provider hp nya signal pasti kebaca dimana mana",0,,
UgyFm6KyxOr5buZmrzp4AaABAg,1,0,"2023-11-12 04:41:57",@kacang6330,"Maksud instal aneh aneh itu apa om mohon kejelasan.",0,,
UgyFm6KyxOr5buZmrzp4AaABAg.9x-bsBlMMVr9x-d4N7Rc_J,,2,"2023-11-12 04:52:29",@mrbert,"Misalnya install aplikasi di luar playstore. Atau aplikasi bajakan sperti aplikasi gratisan diluar playstore",1,UgyFm6KyxOr5buZmrzp4AaABAg,@kacang6330
Ugyi1Q7Wo7QD4Rw1MRd4AaABAg,0,0,"2023-11-12 04:36:47",@metallfunky,"BCA GOBLOOOK , tinggal di track QR nya punya siapa itu kalo gini sih gak ada yang percaya naro dana di CENTRALICED bank ... mending di BLOCKCHAIN wallet yang DECENTRALICED",0,,
UgyCWrMt9Hx9ZEXEHTZ4AaABAg,1,0,"2023-11-12 04:32:04",@CapybaraRants-j4t,"Kalau lewat Qris kan bisa dilacak Qris itu an sapa dan alamatnya dimananya",0,,
UgyCWrMt9Hx9ZEXEHTZ4AaABAg.9x-ajnIN1xY9x-d8MfIJ2q,,0,"2023-11-12 04:53:02",@mrbert,"Bener. Terus kenapa lama skali proses nya?? Tanya tanya gak?",1,UgyCWrMt9Hx9ZEXEHTZ4AaABAg,@CapybaraRants-j4t
UgyFWWdDnWyl3-EA-3V4AaABAg,0,1,"2023-11-12 03:54:35",@hamballahsahaja,"yang jelas orang dalam yang membuat transaksi.",0,,
UgyKarvMEfQruZTOsr94AaABAg,1,0,"2023-11-12 03:54:25",@warabudiarti2915,"Bisa ditelusuri dr rek penerima tranfer ,, di bank jg ada data pemilik rek ,,, pihak BCA hrs kooperatif ,,, terbuka,,, manager terkait ,,, hrs ada integritas seleseikan masalah ,,,, pertemukan penerima tranfer & pengirim transfer ,,, ktm solusix,,, mudah kok ,,,",0,,
UgyKarvMEfQruZTOsr94AaABAg.9x-XQyQ7C-k9x-k9-PTjZ8,,0,"2023-11-12 05:54:17",@mrbert,"yukk kita kasi tahu BCA . mau terbuka gak??",1,UgyKarvMEfQruZTOsr94AaABAg,@warabudiarti2915
UgxWmQFfxEMXvHEjfmV4AaABAg,1,0,"2023-11-12 03:54:08",@pancarmuslim8797,"jgn jelasin secara teknis koo,,, itu gk guna di negeri konoha ini.... yg jelas semua oknum minta jatah klo ini diurus mulai dri polisi, pengacara, hakim, oknum ojk, sampe mgkn oknum bank yg menawarkan penyelesaian mslh..... di negeri konoha ini blm prnh ada atau bhkn 1 : 1.000.000 org yg duitnya kembali karna transaksi pencurian uang yg melibatkan sistem bank.....",0,,
UgxWmQFfxEMXvHEjfmV4AaABAg.9x-XOx6JnPZ9x-kD2zDuLk,,0,"2023-11-12 05:54:51",@mrbert,"bener juga makin teknis makin orang gak ngerti. baiklah",1,UgxWmQFfxEMXvHEjfmV4AaABAg,@pancarmuslim8797
UgyoLGpDURoMUoURsiJ4AaABAg,2,0,"2023-11-12 03:43:58",@gayaaja,"Lapor koq ke mr bert 😂, ke bank nya lah sampai tuntas😂",0,,
UgyoLGpDURoMUoURsiJ4AaABAg.9x-WEVRIYDF9x-kd7x4yLk,,0,"2023-11-12 05:58:33",@mrbert,"dia udah lapor jauhhh jauhh hari dan stelah kasi tahu ke gw justru kasus dibuka dan di prioritaskan. Kamu pikir ngapaen dia minta tolong di share. kalo dapat hasilnya langsung. kamu pikir mudah siapkan mental untuk cerita di sosmed sperti ini. tahu gak ini kita angkat setelah kita komunikasi panjang lebar dengan BCA bahkan gw minta IT BCA handle. apakah gw hebat? tentu gak. Tapi setelah case naik baru di kasi prioritas. Fair kenapa semua harus viral dulu baru dutangani??? Pertanyaan nya kasus lain gmn kabarnya???",1,UgyoLGpDURoMUoURsiJ4AaABAg,@gayaaja
UgyoLGpDURoMUoURsiJ4AaABAg.9x-WEVRIYDF9x-rB89zu6V,,0,"2023-11-12 06:55:45",@gayaaja,"@mrbert itukan menyangkut ojk jg bro, qris itu produk pemerintah menyangkut bank lain fair lah, minta nasbh angkat ke tim yg ngurus pusatnya di bca casenya statusnya sdh closed atau blum kan bs ditrace, itu jg terkait bank lain qris produknya pemerintah maka ada perlunya proses, u konfirm lah ke banknya jg, ada video yg diedit, hilang tuh. Itu no nya kliatannya di duplikat dan dipakai/didaftarkan ke bank lain yg menggunakan qris jg. Kalau ketahuan tenant dan noreknya kan bs ditrace scara daftar qris kan ketat jg.",1,UgyoLGpDURoMUoURsiJ4AaABAg,@gayaaja
UgzsuV7pI9MsYyHaM1l4AaABAg,1,0,"2023-11-12 03:31:58",@smartpeople210,"just fyi, device ID, imei, sim Card ID, dll, jaman sekarang mudah di clone. Seolah semua transaksi dari HP sendiri.",0,,
UgzsuV7pI9MsYyHaM1l4AaABAg.9x-UrZa82vl9x-kpMkZ43U,,0,"2023-11-12 06:00:13",@mrbert,"gw orang IT agan. Gw pengembang aplikasi. gw tahu hape bisa di cloning namun verifikasi digital kalo kebaca di dua device itu hampir ga mungkin. tapi kalo bisa itu BCA bukan jadi BANK aman lagi.",1,UgzsuV7pI9MsYyHaM1l4AaABAg,@smartpeople210
UgzgYY8t8Z3wUpgYm514AaABAg,0,11,"2023-11-12 03:31:06",@enkaangga9720,"Semoga masalah kak Evita cepat terselesaikan Aamiin,dan untuk pihak Bank BCA pun dapat membantu menyelesaikan nya agar nasabah yang lain nya juga tidak khawatir dan makasih juga untuk kokoh Albert yang sudah sharing2 supaya saya dan nasabah yang lain nya bisa lebih hati2 lagi",0,,
Ugzvfl6GJcgoP73uwTV4AaABAg,0,0,"2023-11-12 03:17:16",@kalibyusha9327,"Transaksi bukan transasi",0,,
Ugx6UF0KF7pIdTalF4t4AaABAg,2,0,"2023-11-12 03:16:26",@fredbeslar9531,"Maaf yah, apakah sdh di cek di toko Alden sy liat sll ada QR sebesar 1 jt sll ? Apakah mbak Evita pernah belanja di tk tsb? Dan dari jam QR kan bisa disinkronkan cctv kalo mbak evita melakukan Qris atau tidak...sy liat transaksix kebanyakan di toko Alden tsb rata2 sebesar 1 jt... maaf kalo salah...🙏",0,,
Ugx6UF0KF7pIdTalF4t4AaABAg.9x-T4ryqpn29x-kuRTUclx,,0,"2023-11-12 06:00:54",@mrbert,"justru dia ga tahu itu transaksi apa agan???",1,Ugx6UF0KF7pIdTalF4t4AaABAg,@fredbeslar9531
Ugx6UF0KF7pIdTalF4t4AaABAg.9x-T4ryqpn29x0-o-5t5PF,,1,"2023-11-12 08:19:50",@fredbeslar9531,"Betul@mrbert, maksud sy kalo mba Evita nggak merasa pernah/ ada kelihatan di cctv tk alden melakukan transaksi, artinya bukti tsb diserahkan ke pihak BCA jgn sampai kebobolan dari pihak bankx sdr yg melakukan qris by sistem atau lainx, kalo gitu nggak boleh bca lepas tanggung jawab ke nasabah utk mencari tahu sendiri, bca harus menelusuri rentetan qris transaksi menit permenit dgn harus adanya bukti fisik ybs ada melakukan transaksi tsb ....kalo pihak bca nggak proaktif menyelesaikan masalah ini, akan menurunkan kepercayaan masy pd bca dan itu tentu merugikan bca sendiri...tlg dibantu pak....kalo ada penyelesaianx tlg di up spy masy tercerahkan...mksih.🙏",1,Ugx6UF0KF7pIdTalF4t4AaABAg,@fredbeslar9531
UgyBNlfDWwIVQZJMU194AaABAg,4,5,"2023-11-12 03:14:41",@MasBoyDesign-zo2gw,"Untuk bisa Transfer atau QR di Mbanking, perlu 3 tahap. pertama harus pakai kartu yang sudah di verifikasi, kedua password mbanking, ketiga password ATM.. Jadi secara logika seharusnya ga mungkin ada transaksi yang tidak diketahui.. Lalu ada indikasi QR ke Toko yang sama berkali kali.. Menurut saya ada kemungkinan ada permainan Oknum dari orang dalam Bank..",0,,
UgyBNlfDWwIVQZJMU194AaABAg.9x-SszsEPSB9x-TxGLyt9S,,1,"2023-11-12 03:24:00",@kenheike23,"kasus di atas mirip2 dikit sama tante saya. untuk qris itu kelemahannya memang bisa transaksi tanpa login, karena ada menu ""fast menu qris"". jd tinggal buka aplikasi, pilih qris, scan, masukin pin mbanking, selesai gak perlu login2an lg bro di kasusnya tante sya ini pelakunya anak sendiri, jd pas org tua tidur atau gak pegang hp dia pakai tuh buat scan qris, entah buat pulsa atau belanja. nah yg untuk belanja ini memang agak aneh nama tokonya seperti di buat2. selama 1 bulan itu uangnya lenyap total 30-35 jtan",1,UgyBNlfDWwIVQZJMU194AaABAg,@MasBoyDesign-zo2gw
UgyBNlfDWwIVQZJMU194AaABAg.9x-SszsEPSB9x-fCw6Vprq,,1,"2023-11-12 05:11:08",@MasBoyDesign-zo2gw,"@kenheike23 Berarti selain dugaan ada Oknum didalam Bank. Dugaan yang paling mungkin adalah adanya Malware di HP.. Tapi ini kasus pertama, dan satu satunya.. Jika benar ada Malware yang secanggih ini, ya kedepannya bisa bahaya banget.. Harus di cek hidtory HP itu sendiri, udah ngapain aja sebelum ada kasus ini. Atau memang ada kemungkinan seperti contoh, dipakai anggota keluarga.. Ya, pihak Bank ga bisa langsung meng IYA kan kasus ini, karena bisa menyangkut nama baik perusahaan. Kalo ngasih data nasabah juga ga boleh.",1,UgyBNlfDWwIVQZJMU194AaABAg,@MasBoyDesign-zo2gw
UgyBNlfDWwIVQZJMU194AaABAg.9x-SszsEPSB9x3PYfMiqxi,,1,"2023-11-13 16:02:31",@tiararoxeanne1318,"@kenheike23 Setahu says utk pakai QRIS harus buka aplikasi m-banking BCA. Nah untuk buka aplikasi itu pakai PIN, yg berbeda dgn PIN ATM. Kalau sampai m-banking tante Anda bisa dipakai anaknya, berarti anaknya tahu 2 PIN: PIN aplikasi m-banking dan PIN ATM. Lah, itu sih kenapa orang tuanya kasih tahu PIN or anaknya.",1,UgyBNlfDWwIVQZJMU194AaABAg,@MasBoyDesign-zo2gw
UgyBNlfDWwIVQZJMU194AaABAg.9x-SszsEPSB9x3RxTuflGH,,0,"2023-11-13 16:23:31",@kenheike23,"@tiararoxeanne1318 klo bca sya gak tw, tapi klo bank himbara (bri mandiri bni dst) itu untuk transaksi via scan qris bisa tanpa perlu login, cukup buka app, pilih qris, scan, pin mbanking Untuk mengapa anaknya tau krn biasanya org tua yg sudah berumur pin d pakai yg gampang d ingat, seperti tgl lahir 😅",1,UgyBNlfDWwIVQZJMU194AaABAg,@MasBoyDesign-zo2gw
UgwXWdAkPTNKCUQ79114AaABAg,5,0,"2023-11-12 03:08:01",@robotmelayu7356,"Menurut gw sih janggal.. kita hanya mendengar cerita mbak ini aja.. mbca permission ada Access Fine Location dan Access Coarse Location yg bisa di ketahui dimana hp berada ketika bertransaksi, mangkan nya bca minta bukti keberadaan hp ketika transaki berlangsung.",0,,
UgwXWdAkPTNKCUQ79114AaABAg.9x-S794UOwb9x-l5wRBOKU,,0,"2023-11-12 06:02:37",@mrbert,"jelas janggal. Namun kenapa belum bisa dibuktikan juga??? kenapa BANK segitu lamanya mencari tahu siapa itu toko aidan. ' dan kenapa ada pengembalian QRIS 2 kali. bagaimana itu bisa terjadi",1,UgwXWdAkPTNKCUQ79114AaABAg,@robotmelayu7356
UgwXWdAkPTNKCUQ79114AaABAg.9x-S794UOwb9xApBWap7Z8,,0,"2023-11-16 13:09:58",@robotmelayu7356,"@mrbert bank tidak akan membuktikan kpd nasabah, kecuali sudah masuk ranah hukum, sama hal nya ketika nasabah baru membuka rek dgn ktp palsu teller tidak akan memberi tau klo ktp palsu, pasti langsung di tolak for no reason. Klo memang si mbak nya Yakin itu transaksi illegal lapor dong ke polisi, biar pihak bank akan membeberkan semua bukti.",1,UgwXWdAkPTNKCUQ79114AaABAg,@robotmelayu7356
UgwXWdAkPTNKCUQ79114AaABAg.9x-S794UOwb9xAqu__ZSNR,,0,"2023-11-16 13:25:00",@mrbert,"@robotmelayu7356 bener skali. Tapi kita kam bisa temukan cara supaya org bisa menilai kejujuran bank nya.",1,UgwXWdAkPTNKCUQ79114AaABAg,@robotmelayu7356
UgwXWdAkPTNKCUQ79114AaABAg.9x-S794UOwb9xDRQMmGcri,,0,"2023-11-17 13:31:16",@robotmelayu7356,"@mrbert ya itu belum ada aturan jelas, harus nya Kedua belah pihak bisa saling membuktikan, kya nya udah rame berita nya, kita tunggu aja hasil investigasi pihak bank. Btw thank you ya ko udah mau up kasus ini..",1,UgwXWdAkPTNKCUQ79114AaABAg,@robotmelayu7356
UgwXWdAkPTNKCUQ79114AaABAg.9x-S794UOwb9xDSL-1Pd2v,,0,"2023-11-17 13:39:16",@mrbert,"@robotmelayu7356 kalo ga naik. Ga.. Ya udahlah",1,UgwXWdAkPTNKCUQ79114AaABAg,@robotmelayu7356
UgwIt9Ay7C95hrO-XRd4AaABAg,1,0,"2023-11-12 03:05:18",@albertproperty,"Mau Tanya nih,Kalau tidak ada signal,kenapa ada history Perjalanan dgn HP yg sama?di gunung",0,,
UgwIt9Ay7C95hrO-XRd4AaABAg.9x-RoKGDspP9x-lIjIT_Wy,,0,"2023-11-12 06:04:22",@mrbert,"GPS navigation usually works independently from needing a data connection. Although some apps require a data connection to allow their GPS functionality to work, there are GPS tracking apps that offer a robust offline navigation experience without that connection. https://www.onxmaps.com/hunt/blog/does-gps-work-without-data#:~:text=GPS%20navigation%20usually%20works%20independently,navigation%20experience%20without%20that%20connection.",1,UgwIt9Ay7C95hrO-XRd4AaABAg,@albertproperty
UgwZyq2AUwwC6vCRlfV4AaABAg,0,0,"2023-11-12 03:03:33",@MyDreamszz,"Sdh waktunya beralih ke blockchain",0,,
UgxU3dkRwKwbGDOSj6t4AaABAg,0,0,"2023-11-12 03:01:34",@pejuangsubuh0430,"Tantangan buat BCA Jika bisa membongkar kasus ini",0,,
UgxjByCfD2eHGiyoZFN4AaABAg,0,0,"2023-11-12 02:59:44",@safi436,UP,0,,
UgwhckKsj0XyCLZwtJl4AaABAg,1,1,"2023-11-12 02:52:57",@agumgumelar9445,"Padahal dari pihak bca tinggal mengusut tuntas ke pemilik qrisnya dan bisa dilihat lokasi mbaknya dan pemilik qris apakah dilokasi yang sama atau berbeda",0,,
UgwhckKsj0XyCLZwtJl4AaABAg.9x-QOsuXZ339x-lL4S00Q5,,0,"2023-11-12 06:04:41",@mrbert,"simple kan??",1,UgwhckKsj0XyCLZwtJl4AaABAg,@agumgumelar9445
Ugw7IU-2S0GS6VE7bfd4AaABAg,0,0,"2023-11-12 02:50:19",@simanpargat8034,"mungkin dipake suaminya main Slot diam2..",0,,
Ugw0zUastBBtFyDqbZV4AaABAg,0,0,"2023-11-12 02:45:20",@blacksweet6567,"Sejak kapan pihak bank mau ganti rugi 😅",0,,
UgyYQ245KFscKSMB-il4AaABAg,0,0,"2023-11-12 02:44:54",@hendraagus6534,"Setahu sy, kalau transaksi dgn Qris.. hrsnya ada rekaman Cctv nya di setiap TKP... diminta sj rekamannya tentu oleh pihak yg berwaJib... spy bisa jelas yg melakukan transaksi itu siapa.. dgn apa..",0,,
UgxTSdHzB9sXRu5Oq9J4AaABAg,0,0,"2023-11-12 02:32:25",@jayaaquariumpetshop88,"Generate qris skrg di beberapa aplikasi bisa ko ewallet bisa generate qris untuk transaksi",0,,
UgxsrrjbU7VjiwSisj14AaABAg,0,0,"2023-11-12 02:31:51",@ginicaranya08,"Apa bisa untuk m banking di clone atau instan di 2 device berbeda dan 2 2 nya bisa aktif?",0,,
Ugwb7xFcZJJANjTlh3h4AaABAg,0,0,"2023-11-12 02:28:45",@JauhBerada-h2p,"Cenderung orang dalam",0,,
Ugwu4D4UdLixPqBiIp54AaABAg,0,1,"2023-11-12 02:17:09",@jayaaquariumpetshop88,"Ndak masuk akal transaksi bulat2 dan berkali2",0,,
UgyRJZedAZGFdv0EeXV4AaABAg,0,0,"2023-11-12 02:15:42",@azmiputra757,"Kalau dari sudut pandang saya ada 2 celah hacking 1. Dari device Android 2. Dari QRISnya Detail : 1. Device android Android lebih rentan terhadap serangan hacker dikarenakan pasti akan login playstore, dan akan login dengan email google, dimana android tidak menenkripsi akun google seperti iphone, sehingga data di log akan tercantum dengan jelas disalam sistem. Hal tersebut dengan mudah di phising dan tindak kejahatan bisa saja dilakukan dengan cara remote 2. Dari QRISnya pembuatan QRIS memang butuh KTP dan NPWP, akan tetapi barcode bisa saja ada yang menukar seperti kasus di kotak amal masjid waktu itu, dan disaat status transaksinya adalah QRIS, itu sama saja dengan melakukan switching (transfer) sehingga pihak bank menganggap transaksi tersebut dilakukan secara sadar dan informasi rek tujuan yang di transfer tidak akan bisa dibuka karena alasan privasi meskipun si pemilik rekening tidak melakukannya. Contoh : ketika kita salah transfer tidak ada yang bisa kita lakukan selain berharap orang tersebut orang yang baik dan transfer balik uang kita Solusi : Dengan adanya kasus ini mungkin kita bisa lebih teliti untuk tujuan transaksi QRIS itu kemana, atau bisa kembali lagi gunakan kartu debit",0,,
Ugz14VZ7z4fiLBn7Rkh4AaABAg,3,25,"2023-11-12 02:08:13",@pangerancinta3500,"Semua transaksi dan akses tercatat di server pusat. Didalam BCA ada oknum yang suka mengganti nama ibu Anda menjadi Kartini !! Saya pernah kena ditahun 2016 tapi sebatas diubah data secara diam2 oleh Oknumnya. Kemungkinan oknumnya akan membobol saldo agar saya tidak bisa memblokir karena utk memblokir CS online akan menanyakan / Verifikasi nama ibu kandung Anda.",0,,
Ugz14VZ7z4fiLBn7Rkh4AaABAg.9x-LH8VzAE7A0N4HPdayPs,,0,"2024-02-28 17:27:03",@gomesneni4892,"iya betul saya pernah alami ibu kartini saya kaget tapi bengong ngikutin aja waktu itu.. harus tiap hari cek transaksi sekarang",1,Ugz14VZ7z4fiLBn7Rkh4AaABAg,@pangerancinta3500
Ugz14VZ7z4fiLBn7Rkh4AaABAg.9x-LH8VzAE7A0N5yXXMjQg,,0,"2024-02-28 17:41:49",@gomesneni4892,"saya nasabah bca salatiga juga pernah oknum kasih nama kartini ibu saya 😢",1,Ugz14VZ7z4fiLBn7Rkh4AaABAg,@pangerancinta3500
Ugz14VZ7z4fiLBn7Rkh4AaABAg.9x-LH8VzAE7AAX_GjQM80T,,0,"2024-11-07 08:32:55",@MantapBank,"​@gomesneni4892cabang Salatiga sering bermasalah kah?",1,Ugz14VZ7z4fiLBn7Rkh4AaABAg,@pangerancinta3500
UgxxmFUaqPVt6jqeLf14AaABAg,0,0,"2023-11-12 02:05:08",@andrelimantara451,"transaksi utk byr apa mungkin bisa di lacak",0,,
UgxoqiGqh5LXVkEPgbp4AaABAg,0,1,"2023-11-12 01:59:39",@cryptostar7518,"Kalau nggak ada penyelesaan dng baik, lakukan tuntutan di pengadilan aja spy masyarakat juga tau apa yg terjadi....",0,,
UgyOhncu1NHrpxl-lgJ4AaABAg,0,2,"2023-11-12 01:58:02",@cryptostar7518,"BCA minta bukti kok yg mboten2 ? bener2 nggak masuk diakal.....",0,,
UgzTr43DuJrzyswGlCR4AaABAg,0,0,"2023-11-12 01:39:35",@goplong,"BCA cuma buat payroll aja....itu juga langsung abis😂",0,,
UgxqwxzpFpVItwVFSSx4AaABAg,2,6,"2023-11-12 01:37:51",@YtubeEnam,"Kasus transaksi BCA pernah sy alami tahun 2021 bulan desember. Seperti kejadian mbak Evita mbanking sy bisa melakukan transaksi penarikan sebanyak bbrp kali dan total 32 jt sampai saldo sisa Rp.1000. Laporan polisi di Polda Bali. Krn saat itu sedang berlibur di bali . Alhasil BCA tetap saja BCA bank yg katanya aman tapi transaksi Mbanking bisa dilakukan orang lain tidak perlu harus menggunakan gadget sim card kita ternyata, dan sampai skr sdh 2 tahun berlalu tetap saja angin lalu tanpa kabar...HALO BCA anda kemana ?? Ya sdh lah Saya mencoba mengikhlaskan 32 jt tapi tidak akan melupakan . Dan tetap hati² dgn bank nasabah terbanyak . Simpan lah uang anda di bank yg jumlah nasabah nya tdk sebanyak ATM di Indonesia. Save your money couse scammer mengincar bank² besar. Orang Indonesia itu pandai² di dunia IT . So be carefull everyone",0,,
UgxqwxzpFpVItwVFSSx4AaABAg.9x-HniJ8wDK9x-IIAWXR7w,,1,"2023-11-12 01:42:09",@mrbert,"Hmmm apakah kamu ada buktinya semua. Kalo ada bisa share ke saya di realmrbert@gmail.com dan kasi tahu yg komen di youtube",1,UgxqwxzpFpVItwVFSSx4AaABAg,@YtubeEnam
UgxqwxzpFpVItwVFSSx4AaABAg.9x-HniJ8wDK9x-JDYKamg5,,1,"2023-11-12 01:50:15",@YtubeEnam,"@mrbert baik sy akan cari bukti² nya semua transaksi tsbt dan bukti sy membuat LP di polda Bali sy akan kirim ke email .",1,UgxqwxzpFpVItwVFSSx4AaABAg,@YtubeEnam
UgxYniLPx4Jfjp0vEzZ4AaABAg,0,0,"2023-11-12 01:31:12",@ruben9712,"Hari ini buka m-banking bca sinyal jaringan merah 😂😂 Padahal bisa online",0,,
Ugy6K1DozFBlNZ8UJgl4AaABAg,3,4,"2023-11-12 01:29:55",@danieldaniel8904,"Kejahatan ini bisa terbukti kalau ada kejadian yang sama , paling tidak 2 - 3 orang yang berbeda, dengan kasus yang sama seperti ini.. Karena kalo pake QRIS khan harus masuk password di Mobile banking , terus masukkan PIN baru scan QRIS , bearti kalo seluruh password dan PIN jebol semua oleh hacker penjahat , dimana lagi simpan uang yang aman , ini BCA bank besar , ayola BCA berikan penjelasan jangan kecewakan nasabah , telusuri penerima uang tersebut , datangi toko itu ,minta konfirmasi sama polisi , agar kami tetap percaya bahwa BCA gerak cepat selesaikan kasusu ini 😢😢😢",0,,
Ugy6K1DozFBlNZ8UJgl4AaABAg.9x-Gtha6faq9x-IrQpKS9h,,2,"2023-11-12 01:47:05",@mrbert,"Bener sekali. Ini harus diselesaikan. Tohh Evita hanya mau kejelelasan dia ga ada menjatuhkan. Susah tidur mikir kan itu. Kalo ada musuh dalam selimut yaaa siapa? Kalo tidak berarti BCA ada lubang nya dan kenapa sesusah itu di telusuri uangnya kemana. Kan bisa kerja sama dengan kepolisian lebih cepat. Itu aja. Kalo emang ga lubang nya. Gw akan katakan Bank BCA paling aman. Kalo emang ada lubang nya ya tutup agar tetap jadi yg paling aman. Jgn di diam kan gitu ajaaaaaa.",1,Ugy6K1DozFBlNZ8UJgl4AaABAg,@danieldaniel8904
Ugy6K1DozFBlNZ8UJgl4AaABAg.9x-Gtha6faqAArLlYvPX-e,,0,"2024-11-15 10:10:15",@intanagustina18,"Ko, saya mengalami kejadian yang sama. Namun banknya BRI. Transaksi Qris. Merchants Tangerang. Pdhl posisi saya di Solo. Saya sudah lapor ke Bank melakukan pengaduan. Ini diminta menunggu validasi. Dan ada ucapan kalau bank belum tentu menjamin pengembalian uang. Mohon solusinya. Terimakasih",1,Ugy6K1DozFBlNZ8UJgl4AaABAg,@danieldaniel8904
Ugy6K1DozFBlNZ8UJgl4AaABAg.9x-Gtha6faqAFQSpSt6Ga3,,0,"2025-03-08 20:50:11",@ariestaavril6232,"​@intanagustina18kak udah 3 bulan sejak kejadian, gimana sekarang kasus nya?",1,Ugy6K1DozFBlNZ8UJgl4AaABAg,@danieldaniel8904
UgzZ7G2oThFKQYKu3xp4AaABAg,0,1,"2023-11-12 01:28:09",@celakobra,"Halo mr Bert. Saya sedikit² tau tentang ug world. Satu hal yang saya pegang adalah. Claim sepihak pemilik sistem, tidak bisa saya terima mentah-mentah. Misal perusahaan A bisa bilang sistem saya tidak akan works jika devicenya berubah, maka belum tentu itu benar sepenuhnya, dari sisi pemilik sistem memang merasa seperti itu, tapi karena berbagai faktor, bisa jadi dia salah : misal ada yg nemuin trick mengakali sistem, atau ada org dalam yg ternyata pasang backdoor. Contoh dari 15 tahun lalu ada 2 bank terbesar dr 2 negara, saya coba kontak utk bug bounty bahwa sistem otp mereka bisa di bypass krn masalah character filtering, seperti kata mr Bert : bank tidak mau disalahkan, mereka yakin tidak ada bug. Sayangnya sifat tersebut menjadikan sampe sekarang sepertinya bug tersebut tidak ditutup (terakhir 2020 belum tutup). Kasihan nasabahnya. Kembali ke case di video. Saya penasaran untuk meyakinkan bahwa transaksinya dari device yg sama (bukan dr kecurigaan ada yg nemukan bug system). Karena device kan tidak dipegang orang lain sama sekali intinya menurut kesaksian korban. 1. Apakah devicenya beli baru ? 2. Apakah ketika beli hp / kapanpun ada orang lain yg pegang2 hp itu untuk setting / servis (di luar jangkauan pandangan korban / korban lg tidak konsentrasi ke situ krn merasa aman jd orang lain tsb menyelipkan sesuatu di hp) Klo ga ada sama sekali, berarti bukan device yg sama dong? Berarti ada yg bisa ngakalin sistem dong (alias menggunakan device lain) setau saya beberapa aplikasi bisa lock mac address jadi bca bisa cek apakah bener device yg digunakan transaksinya mac addressnya sama atau beda. Balik lagi, klo beda, kyknya ga mau bca buka ke publik artinya mereka ngakuin kesalahan, lihat aja dr cara mereka minta korban yg nunjukin cctv.. klo pun korban berhasil nunjukin cctv dia megang hp, bakal dibilang ""lha itu anda lg lagi pegang, anda yg transaksi dong"". Krn ga mungkin cctv nangkep hp di possession kita pdhl lg dalam celana itu hp",0,,
UgzmL0OL98S0Ao0Enzh4AaABAg,0,1,"2023-11-12 01:26:35",@ruben9712,"Aku mau masuk m-banking selalu jaringan merah 😂 Berasa aneh sampai uang harus dipindah bank lain demi keamanan",0,,
Ugxgsq0P2h5DqEqUf1N4AaABAg,0,0,"2023-11-12 01:25:17",@nengputri8324,"Pencuri itu memang asu",0,,
UgzCq9APc6Hrq4aitwV4AaABAg,0,0,"2023-11-12 01:21:30",@ruben9712,"HP nya apa..?",0,,
Ugw4cH1I-33ms0Tokgh4AaABAg,0,1,"2023-11-12 01:18:57",@Budiyantohidayat,"Aman pakai jago limit qris nya bisa di batasi dan online di isi sesuai dengan yg kita bayar",0,,
UgyUn_US5l4JPjlvpi94AaABAg,0,0,"2023-11-12 01:14:55",@ruben9712,"Demokrasi nya banyak sekali",0,,
UgwfdiyUvPqZJ3Oc46x4AaABAg,0,1,"2023-11-12 01:13:40",@suryandaru3831,"Ini kasusnya kyk saya hanya sj total uangnya saya kecil si ibunya ini jumlah puluhan juta. Bank nya berbeda. Jdi saya pun bingung sndiri. Tpi itu saya dari kebocoran thn 2020 toko pedia yg teledor membocorkan data.",0,,
UgyAG8dwA9WjI_HkeOV4AaABAg,0,1,"2023-11-12 01:13:17",@yogaap7218,"semoga BCA kasih solusi, karena saya pribadipun per tahun ini menon Aktfikan karena pelayanan yang kurang baik dan seperti lempar lempar tidak ada solusi.",0,,
Ugxd3hw7cBgWmjx4otB4AaABAg,1,0,"2023-11-12 01:12:11",@bobbyzzful,"Intinya BCA ga mau disalahkan dan ga bs mengganti uang nasabah yg hilang, krn syarat yg di berikan bca waktu investigasi sangat gak mungkin dipenuhi oleh nasabah.",0,,
Ugxd3hw7cBgWmjx4otB4AaABAg.9x-ErmhEYkg9x2VsbsIj_u,,0,"2023-11-13 07:38:34",@cakwemeripluit3818,"Hahaha benaaarrrr",1,Ugxd3hw7cBgWmjx4otB4AaABAg,@bobbyzzful
UgwjxDdqU9W0LtcdMzt4AaABAg,0,0,"2023-11-12 01:10:22",@sutrisnoho6438,"QRIS itu transaksi pake scan barcode . Scan trus kita masukkan nominal dan kode baru bisa jalan",0,,
UgzZynzD9NdQ6YTYaJF4AaABAg,0,0,"2023-11-12 01:02:28",@heriaryaofficial804,"Wah bahaya juga ni uang saya juga ada di BCA",0,,
Ugy1hQJaPflk3H3OQUJ4AaABAg,0,1,"2023-11-12 00:38:46",@alfiahalfiah7339,"Btul anak ku saldo raib, trkirim k dana,di urus mbules,di bca",0,,
UgwGL3vU_phf1hnIkJd4AaABAg,0,0,"2023-11-12 00:31:54",@michaelbudiman983,"Coba Cek. 1. Waktu beli hp nya baru/bekas, 2. Dia aktifkan MyBCA gak, takutnya yang diaktifkan cuman m-banking di HP tersebut, tapi MyBCA nya dijebol lewat HP lain, karena biasanya cuman aktifin m-banking doang saja, MyBCA juga bisa aplikasi QRIS, amannya diaktifkan saja m-banking dan MyBCA nya di hp yang sama biar nggak di salah gunakan pihak yang tidak berwenang",0,,
UgxL7yY6Y9RZn_Fg8vx4AaABAg,0,0,"2023-11-12 00:20:55",@AdiSetiawan-tm3ij,"Klo ada mbanking dari bank mana pun di hp jangan pernah terhubung wifi publik di tempat umum..",0,,
Ugxsw31IJgeDg-BKws54AaABAg,0,1,"2023-11-11 23:22:33",@Wbw12345,"Waduh ngeri juga ini data rekening bank kita2 jadi tidak aman kalau begitu pihak lebih waspada jika data kita di curi maling, bank waspada bank",0,,
UgwIM3jWyNoVoqUx2WN4AaABAg,0,4,"2023-11-11 23:10:05",@ArditraSulafika,"Zaman sudah canggih. Itu tujuan transfer sudah kelihatan, pemilik rekening tujuan bisa dilacak. Kalau sudah ketemu tinggal di tracing, jika ada cctv siapa pelaku ny. Lalu dr sisi handphone genggam, BCA pasti ada data ny IP/Mac address dr mana transaksi dilakukan.",0,,
UgwZiDsQ60pvyQRVwhR4AaABAg,1,0,"2023-11-11 22:46:10",@kangdebutter752,"Berarti kasus ini berawal dari pembayaran virtual account atas transaksi dengan shopee. Coba perhatikan saat pembayaran tsb kok malah dapat barcode. Nah saat barcode itu di klik masuklah dana siluman sebagai pancingan. Tapi sesungguhnya adalah sebagai celah untuk phising dan merampok dana di rekening. Hati2 gaess!!!",0,,
UgwZiDsQ60pvyQRVwhR4AaABAg.9wzz9HYw7Ar9x3R97TaUsa,,0,"2023-11-13 16:16:30",@tiararoxeanne1318,"Transaksi pembayaran Shopee terjadi setelah saldo 68 juta hilang dari bank. Bukan sebelumnya.",1,UgwZiDsQ60pvyQRVwhR4AaABAg,@kangdebutter752
UgyylkBrFgYSMPpsz-d4AaABAg,2,2,"2023-11-11 22:01:55",@jepmarine5111,"Gw yakin sih BCA itu refund pake QRIS, berarti BCA bisa donk bikin refund pake QRIS tanpa persetujuan BAnk BCA, loh loh , bahaya ini, udah ada blochain ko msh belagu Bank ya mau mampus 10 tahun ke depan. berani2 nya",0,,
UgyylkBrFgYSMPpsz-d4AaABAg.9wzu5GBlht49x-5ryl2pOm,,0,"2023-11-11 23:53:34",@snowdecember26,"BTC and XRP is the future",1,UgyylkBrFgYSMPpsz-d4AaABAg,@jepmarine5111
UgyylkBrFgYSMPpsz-d4AaABAg.9wzu5GBlht49x-8IRHx3wy,,0,"2023-11-12 00:14:47",@jepmarine5111,"@snowdecember26 BTC yes, XRP the same project a lot, but can be solution in the future.",1,UgyylkBrFgYSMPpsz-d4AaABAg,@jepmarine5111
UgwIkK0ICR8HICUZNp14AaABAg,0,0,"2023-11-11 21:55:27",@depokstore8772,"Saya pernah ambil uang di ATM tapi gak jd pas bsk uang saya hilang pas saya cek di bank nya ada transaksi di atm BRI untung uang nya cuma ada 200rb lalu saya ganti atm dan pas di bank bca nya",0,,
Ugxefbvj44oJhX8Cya54AaABAg,0,0,"2023-11-11 21:51:38",@jepmarine5111,"jangan2 pihak BCA nya sendiri",0,,
UgwFq7q4_cIdj8C1fV54AaABAg,1,0,"2023-11-11 21:15:00",@chordprogression1145,"Pada saat turun gunung tidak ada sinyal tetapi kok bisa ada bukti catatan rekaman LINIMASA/TIMELINE yang terdeteksi HP....... AGAK JANGGAL....MOHON PENJELASANNYA Biasanya kalo LINIMASA/TIMELINE terekam dan terdeteksi HP maka sinyal pasti ada dan aktif terhubung. PIHAK KETIGA itu siapa?!",0,,
UgwFq7q4_cIdj8C1fV54AaABAg.9wzoiZNBCTK9x-6E0q6DGT,,0,"2023-11-11 23:56:43",@snowdecember26,"Simak baik2 3:47 GPS bsa jalan tanpa signal ponsel. Bgitu pula dengan jam tangan buat pendaki dan running, gk ada sinyal tpi bisa buat GPS (dengan batas waktu tertentu sesuai dengan kemampuan devicenya)",1,UgwFq7q4_cIdj8C1fV54AaABAg,@chordprogression1145
Ugxa90Xw3aISFpq8yGN4AaABAg,0,0,"2023-11-11 20:54:02",@azarofiq3591,"Lihat di sosmed : kasus e -wallet bermasalah sekali di posting di share berkali x ntah bobol atau kehilangan atau transfer gagal. Sebenarnya kalo kalian mikir itu lebih parah di bank konvensional kasusnya banyak tapi kalian biasa aja.",0,,
UgzodReGwRrZfNo34Ex4AaABAg,0,0,"2023-11-11 20:41:25",@dedynugraha518,"Nggak mau pake bca deh",0,,
UgzciIW3mwVD5F1i81Z4AaABAg,0,0,"2023-11-11 20:27:51",@indradj5996,"Ko ngeri y , tidak hanya M bankiing teman saya pake e money juga gitu✋🚫",0,,
Ugxh-UfInP7HqVeLNN54AaABAg,0,0,"2023-11-11 18:49:09",@farhanmuntaqo,"Serius jadi ngeri sendiri nih sama BCA 😓",0,,
UgwkOLhJKczkhHJFs0V4AaABAg,0,1,"2023-11-11 18:42:09",@ndeso18,"Waduh....sulit kalau sudah terjd begitu,data aliran dana gak akan diberikan jika kita tidak ada pihak ketiga(pihak yg berwajib)....susah deh kalau udah terjadi begini....bank besar loh....udah sering terjadi begini di perbank kan...bahkan dana milyaran...",0,,
Ugwv_tZ-oMSQbFdGCTZ4AaABAg,0,0,"2023-11-11 18:38:53",@ongkyiceroc6397,"hrsnya Di freeze dlu rekeningnya dr awal, terus di laporkan Toko Alden nya trs di cek itu toko apa? dan ditelusuri lg kl perlu cetak Company profile ny, Toko Alden lewat notaris, kyk nya Hp nya dr beli awal ud kenak hack, di Remote, ngirim data ke Hacker ny, jd bisa dijalankan, Dlu pernah blajar hacking dan pernah kerja di bank, jd pnasaran jg ttg case nya 😮😮😮",0,,
Ugz1_cJ2XvvSVuufQTN4AaABAg,0,0,"2023-11-11 18:37:55",@LenovoGinoga,"mbanking BCA saya, tiba tiba di blokir otomatis, dan di mnta untuk memasukan nomor kartu atm lagi. padahal semalam saya make beli pulsa, pas paginya sdh gak bisa buka. otomatis saya langsung login lewat klik BCA, dan semua dana di dalam saya alihkan ke mandiri",0,,
Ugy-cjCJSIxEch4rk414AaABAg,0,0,"2023-11-11 18:31:56",@wenypujiastini3317,"Aku setuju klo kebanyakan SOP soalnya aku yang merasa ketipu nominal kecil ratusan ribu tp di ribetin dan tidak ada jaminan balik uangnya ngapain pula di suruh ini itu buat surat ini itu lapor kepolisian tp ngga di jamin. Sama aja menolak secara halus.",0,,
UgziWbvYSSvLwi1J_Dp4AaABAg,0,1,"2023-11-11 18:26:31",@tjintoprasetyo1307,"Beruntung Evita ngaktifin histori lokasi Gmap-nya, bs nambah kuat alibi klo hpnya dibawa jln ke gunung, gk dtinggal dirumah. Klo gk, mgkin dia lebih repot lgi, bs sj BCA menduga hp-nya dtinggal di rumah gk dibawa ke gunung. Inilah manfaat klo histori lokasinya aktif.",0,,
Ugws41SNXD5y_dqM2yh4AaABAg,0,0,"2023-11-11 18:26:08",@LenovoGinoga,"wah bahaya makai BCA untung dana saya sudah saya alihkan ke mandiri",0,,
UgyaDm-cmTmgl6aCDl94AaABAg,1,0,"2023-11-11 18:04:42",@k3maltb,"Thks Mr. Bert for sharing. Semoga kasus mbak Evita ini bisa terselesaikan, krn sampai saat ini pun saya menggunakan bank yg sama, jgn sampai kejadian seperti ini menimpa nasabah lainnya. Ditunggu video berita baiknya Mr. Bert 🙏",0,,
UgyaDm-cmTmgl6aCDl94AaABAg.9wzTwkRlAM99x-Jgb60Tn7,,0,"2023-11-12 01:54:21",@mrbert,"Pasti kita ga mau menjatuhkan tapi kita perlu kejelasan.",1,UgyaDm-cmTmgl6aCDl94AaABAg,@k3maltb
UgxxLFbcVMrzAuPrf1h4AaABAg,1,1,"2023-11-11 17:44:16",@meikeliwe3812,"Kenapa se ribet itu ya…. Kan dari BCA tinggal lihat aja… transaksi itu di transfer ke rekening mana…. Atas nama siapa penerima uang transaksi itu. Terus di lihat trasfernya ke bank mana…. terus di proses dong. Kenapa dari pihak bank BCA tdk bisa menjelaskan ke nasabah ya….",0,,
UgxxLFbcVMrzAuPrf1h4AaABAg.9wzRb5OYv-W9wzS9mCzm79,,0,"2023-11-11 17:49:08",@mrbert,"Ada kebijakan Bank untuk melindungi data nasabah Apalagi di bank lain. Hmmmm yaaa itu juga yg digunakan penipu karena dia tahu bank akan melindungi data mereka. Mereka jadi merasa tenang. Karena kebijakan itu digunakan mereka untuk menipu. SAKING LAMBAT NYA KERJA BANK DENGAN SEGALA KEBIJAKAN NYA.",1,UgxxLFbcVMrzAuPrf1h4AaABAg,@meikeliwe3812
UgxHfDJs_eYxQj7cH6J4AaABAg,0,7,"2023-11-11 17:42:00",@rusmalaka7568,"Yg paling bahaya oknum pegawai nakal yg lakukan transaksi.. masa bank segede itu g bs atasi mslh sprti ni",0,,
Ugx5W6zd_KZUs-R6qlt4AaABAg,0,0,"2023-11-11 17:41:22",@SiNyo922,"Coba HP nya di check dlu, Kalo HP nya kena sadap ya bukan salah BCA.",0,,
UgwCpNO5qtv7jsYz1ud4AaABAg,0,0,"2023-11-11 17:31:18",@Deedee000,"Setahu saya qris tidak bisa transfer… dulu pernah dibuka utk bisa transfer sekarang sudah nggak bisa..",0,,
UgxHbzYdOWHECxRfcwx4AaABAg,0,4,"2023-11-11 17:26:57",@yahudi36999,"Kasus ini cukup pelik, jika tutup rekening bca uang 68 jutanya hilang, tetapi jika tidak di tutup yang di khwatirkan akan menjadi tampungan transaksi terus-menerus dan yang di takutkan nantinya akan di kira sebagai bagian dari pencucian uang serta bisa di pidanakan. Seperti dahulu kasus Bank BUMN yang ibu-ibu mengadukan ada uang masuk cukup besar milyaran tapi pihak Bank tersebut bilang itu milik Ibu, selang 2 tahun kemudian ke ranah pidana, bahkan yang menuntut pihak bank yang dia buat laporan.",0,,
Ugwmx9NigzZIFrUoFNl4AaABAg,0,1,"2023-11-11 17:23:13",@Trader_Profesional,"Seandainya ada yg bobol Bank 1Miliyar, pasti Banknya tidak mengakui 😂😂😂",0,,
Ugx0fdi9_Qyv_ouHynB4AaABAg,0,0,"2023-11-11 17:12:26",@danangbagus2998,"Saya ga punya rek BCA, tp nonton aja buat pengetahuan",0,,
Ugx9fGrEg9ETFA2C3uR4AaABAg,0,0,"2023-11-11 17:06:29",@dianto.rusdian,"Wah ngeri, jd was was menyimpan uang di tabungan BCA. Jadi harus nyari bank mana yg dapat dipercaya? Yg aman",0,,
UgzmxGWMQnMSpoZOhgF4AaABAg,0,1,"2023-11-11 16:58:52",@pudjosugiarto3668,"Kalau org awam/nasabah Bca yg di minta, sebenarnya ( saya kira) hanya penjelasan untuk nasabah, uangnya Terbayar ke mana/siapa, agar nasabah tahu, bila mmg bukan transaksi yg dia lakukan, tapi kesalahan sistem/hp/ kesalahan siapa aja, yg dicari solusinya, bank Bca bantu agar bisa di urus ke penerima uang u refund ke nasabah, sesimpel itu pikiran nasabah sebenarnya",0,,
UgzTbM1DFxM43GlX7iN4AaABAg,0,1,"2023-11-11 16:53:22",@fatakhulkhoiri8327,"MENDING WALLET NYIMPEN BTC NGAPAIN PERCAYA BANKSAT?",0,,
Ugz0wmWc27b36ew8t_Z4AaABAg,2,0,"2023-11-11 16:52:06",@adhimahadi1633,"itu HP dia di mirroring remot jarak jauh, sperti theme viewer gtu.. trus di buka mbangkingnya dan di buat transaksi Qris sm si hacker itu",0,,
Ugz0wmWc27b36ew8t_Z4AaABAg.9wzLd0p0-4O9wzMbrWGw8F,,0,"2023-11-11 17:00:40",@mrbert,"Udah baca Deskripsi??? Itu hape baru agan Dan itu udah diperiksa sama Samsung official dan di periksa sama telkomsel.",1,Ugz0wmWc27b36ew8t_Z4AaABAg,@adhimahadi1633
Ugz0wmWc27b36ew8t_Z4AaABAg.9wzLd0p0-4O9xIxzcQaphb,,0,"2023-11-19 17:00:47",@adhimahadi1633,"ane rasa smenjak dia beli dicounter hpnya udh di setting ada aplikasi itu di hide, sm kryawan counternya... yah ini sih cm salah satu kemungkinan aja @mrbert",1,Ugz0wmWc27b36ew8t_Z4AaABAg,@adhimahadi1633
Ugwbwf77ENYc32PqdYJ4AaABAg,0,0,"2023-11-11 16:48:44",@ALICESTAR_,"Bang Bert kalo ada waktu mohon dijawab ya, Kalau kita punya Bank Tanpa daftar M bangking masih cela ditidak untuk si Babi meng gesek tabungan kita?",0,,
UgxNAARzr7mCr3SQup54AaABAg,0,0,"2023-11-11 16:47:58",@ManMan-f1z,"Sebenernya mudah diungkap. Memang Prosedur/SOP yg buat rumit. Itu kan ada rekening yg dituju, tinggal dicari aja siapa itu.",0,,
UgzFlLbF5-wO3LxU8NV4AaABAg,0,0,"2023-11-11 16:40:10",@donkayjedder737,"Spesialis COPAS ILMU 😂😂😂😂",0,,
UgyXXkwwy_sR4DmripZ4AaABAg,8,52,"2023-11-11 16:34:30",@ProfesorQuaqui,"Coba ke BCA yang lebih besar lagi, jangan ke kota kecil. Harusnya ada log dari BCA, sebagai pembuktian transaksi dengan IP apa, meski pun IP handphone (yang mba pegang) berubah-berubah tergantung posisi mba yang ditangkap di BTS terdekat. Jika BCA tidak memiliki log IP, cobalah bawa ini ke YLKI, ini adalah kesalahan BCA yang mengaku aman tapi IT security-nya yang jaga satpam. Maap pak satpam, tapi gemes juga sama BCA kalo ngeles-ngeles begini. Tapi biasanya kalo kayak gini, kan semua handphone di tangan sama si mbak, ada bukti dari GPS juga, ditambah ada dana refund, yaaa ini aja udah ada pembuktian kalo ada ""orang dalam"" yang ambil uangnya. 😂 Saran dari dosen ekonomi, sering-sering print mutasi, jadi begitu ada kesalahan langsung kedeteksi, kerugian pun tidak sebesar itu.",0,,
UgyXXkwwy_sR4DmripZ4AaABAg.9wzJc9sXtQ49x09mmDn_Ij,,1,"2023-11-12 09:47:03",@henrydesmo6957,"Langsung telp HaloBCA aja biar langsung masuk laporan ke ktr pusat",1,UgyXXkwwy_sR4DmripZ4AaABAg,@ProfesorQuaqui
UgyXXkwwy_sR4DmripZ4AaABAg.9wzJc9sXtQ49x2hNsTGlPT,,1,"2023-11-13 09:27:50",@NgaosBareng99,up,1,UgyXXkwwy_sR4DmripZ4AaABAg,@ProfesorQuaqui
UgyXXkwwy_sR4DmripZ4AaABAg.9wzJc9sXtQ49x5umBpXUo3,,0,"2023-11-14 15:22:36",@MrRyzQ,"​@henrydesmo6957lah itu mba evi juga dah telp haloBCA dan rapat teleconference juga sama orang halo BCA (4 orang dari bank cabang, 3 orang dari haloBCA)",1,UgyXXkwwy_sR4DmripZ4AaABAg,@ProfesorQuaqui
UgyXXkwwy_sR4DmripZ4AaABAg.9wzJc9sXtQ49xAlV7B0k2d,,1,"2023-11-16 12:37:42",@manesersihombing2494,"Ke bca terbesar maksudnya gimana,,emang apa bedanya yg besar atau yg kecil,",1,UgyXXkwwy_sR4DmripZ4AaABAg,@ProfesorQuaqui
UgyXXkwwy_sR4DmripZ4AaABAg.9wzJc9sXtQ49xD4Nwwlhg9,,2,"2023-11-17 10:09:57",@ProfesorQuaqui,"@manesersihombing2494 terkadang sering ada beda respon.",1,UgyXXkwwy_sR4DmripZ4AaABAg,@ProfesorQuaqui
UgyXXkwwy_sR4DmripZ4AaABAg.9wzJc9sXtQ49xGzqezYTmT,,2,"2023-11-18 22:38:33",@bapakputin5775,"Semarang bukanya kota besar😂😂",1,UgyXXkwwy_sR4DmripZ4AaABAg,@ProfesorQuaqui
UgyXXkwwy_sR4DmripZ4AaABAg.9wzJc9sXtQ49y2ZGm_8i5Q,,0,"2023-12-08 04:39:37",@cuansohib5857,"Semarang ko bilang kecil,yg besar dimana😅😅😅😅",1,UgyXXkwwy_sR4DmripZ4AaABAg,@ProfesorQuaqui
UgyXXkwwy_sR4DmripZ4AaABAg.9wzJc9sXtQ49y2Zts9yqiZ,,0,"2023-12-08 04:45:05",@ProfesorQuaqui,"@cuansohib5857 saya juga pernah tinggal 8 tahun seputar jateng, jadi tau, cabang yang besar dan yang kecil di daerah sana. Memang sudah dari jaman behula, kantor cabang kecil bingung jika mendapat masalah, kebijakan justru di cabang yang lebih besar. BCA yang di dipo salatiga emang besar, tapi masih ada yang lebih besar dari itu di semarang. Ngono loh. Sana gih jalan-jalan dulu.",1,UgyXXkwwy_sR4DmripZ4AaABAg,@ProfesorQuaqui
UgxsydHSDCBT07MIIGJ4AaABAg,6,8,"2023-11-11 16:28:11",@OpsZVO,"Ijin memberikan masukan : 1. Minta bantuan Lawyer, utk lapor Polisi dan minta surat pengantar ke Operator Seluler utk minta bantuan data historis nomor dan data IMEI. Dari data Operator bisa mendapatkan data bukti ka Evita ada dmn saja, dan bukti out going call data usaged. 2. Bawa Bukti Data dari operator seluler melalui lawyer ke Polisi utk ajukan komplain ke BCA.",0,,
UgxsydHSDCBT07MIIGJ4AaABAg.9wzItpo63B49wzMp5tJGs0,,11,"2023-11-11 17:02:29",@OpsZVO,"Tambahan : 3. Dari data EMEI & Outgoing Data, bisa menginformasikan : a. Posisi HP ada dmn vs time transaksi QR (uang keluar). b. Transaksi QR dilakukan dmn dan tertuju ke kmn saja. c. Jika HP & No Seluler di Hack, akan terlihat histories di hack kapan, pakai jaringan internet apa? dan device apa? dan posisi ada dmn?. Sy pernah 10thn kerja di operator seluler dan pernah membantu permintaan Lembaga2 Negara yg berkepentingan dlm mencari bukti dan personal.",1,UgxsydHSDCBT07MIIGJ4AaABAg,@OpsZVO
UgxsydHSDCBT07MIIGJ4AaABAg.9wzItpo63B49x-JXSD_pA1,,5,"2023-11-12 01:52:58",@mrbert,"Mantaph. Kamu mau gak jadi nara sumber. Atau paling gak kita bisa komunikasi via email. Ilmu kamu itu bisa sangat Berguna utk masyarakat. Email saya di realmrbert@gmail.com yaaa",1,UgxsydHSDCBT07MIIGJ4AaABAg,@OpsZVO
UgxsydHSDCBT07MIIGJ4AaABAg.9wzItpo63B49x-MT7HDNOH,,0,"2023-11-12 02:18:35",@dedisuparmanseodigital,"bantu up@OpsZVO",1,UgxsydHSDCBT07MIIGJ4AaABAg,@OpsZVO
UgxsydHSDCBT07MIIGJ4AaABAg.9wzItpo63B49x-SqIFStOZ,,1,"2023-11-12 03:14:19",@OpsZVO,"@mrbert Dgn tdk mengurangi rasa hormat sy kpd bapak @mrbert, bukan sy tdk mau, tetapi krn saya sdh resign dr Industri telco utk fokus bangun persh, Saar ini, sy sdh tdk punya akses, ijin dan legalitas menerangkan atau memberikan informasi tsbt. Krn informasi menyangkut data pribadi seseorang & persh sangat sensitiv sejak diterbitkan UU ITE, kita tdk bisa mengeluarkan info, data dan apapun tanpa ijin atasan persh dan surat pengantar dari lembaga negara yg berkaitan. Mgkin via email sy bisa memberikan informasi divisi apa di dalam telco yg mengelola traffic aktivitas nomor seluler dan hanya bisa memberikan informasi referensi terbatas 🙏🙏🙏",1,UgxsydHSDCBT07MIIGJ4AaABAg,@OpsZVO
UgxsydHSDCBT07MIIGJ4AaABAg.9wzItpo63B49x-TD52QEYY,,3,"2023-11-12 03:17:34",@OpsZVO,"Sy akan cb berdiskusi dgn teman2 yg msh legal dan lebih expert dlm bidang ini, utk apakah bisa membantu memberikan informasi tetang hal ini 🙏🙏🙏",1,UgxsydHSDCBT07MIIGJ4AaABAg,@OpsZVO
UgxsydHSDCBT07MIIGJ4AaABAg.9wzItpo63B49yYJYFw17ds,,0,"2023-12-20 12:37:53",@ndananon8978,"Gk salah lagi bang pasti anak carding. Yg biasa buat transaksi . Salah satunya jangan pernah beli barang online pembayarannya melalui m.bangking",1,UgxsydHSDCBT07MIIGJ4AaABAg,@OpsZVO
Ugz0asiwTelhzxvCnNF4AaABAg,0,0,"2023-11-11 16:26:28",@andinata5611,"knp transaksi nya 1jt berkali2? karena mungkin maximal transaksi nya 1jt per transaksi. lalu itu mbanking kan hanya bisa login dengan nmr hp yg terdaftar, ,mungkin gak sih nmr hp kena cloning. kalo kena cloning brarti pihak provider ada oknumnya. karena dulu sy pernah pny tmn blng nmr nya yg sama on di 2 hp yg beda. yg 1 sinyal nya 3g, 1 lg 4g. untuk masalah pin, email laporan transaksi mngkn gak sih hp nya kena remote sm hacker nya? jd email transakasi nya langsung d apus kalo gak ad jejak nya sm skali. apa kakak nya it pernah buka web2 gak jelas atau instal aplikasi gak jelas. untuk masalah qris it hrs nya bisa d lacak data nya cm y agak repot..",0,,
Ugznq5z5lMFCHAyfX_h4AaABAg,0,0,"2023-11-11 16:03:22",@tuantakur847,"Ini ada permainan orang dalam",0,,
Ugz7eIRtaeEGHfGcY6B4AaABAg,0,0,"2023-11-11 16:02:57",@zkwiwuej,"Saya masih penasaran ini transaksi dari Hp korban atau tidak? Seingatku history transaksi/inbox di menu mbca - transfer -inbox () itu kehapus saat pindah device dan hanya akan tercatat jika mmg transaksi dilakukan dari hp korban, bisa dilihat dimenu itu ada history transaksi untuk QRIS tsb ga?? mBCA itu memang tidak ada fitur Secure Flag jadi bisa diremote namun perlu akses khusus dr user juga, apa mungkin ada cara lain dr dalam??",0,,
UgzWogT0nNuMcIGKln14AaABAg,4,1,"2023-11-11 15:57:29",@sisadrach,"Pertanyaan sy koh Bert, itu transaksi ke siapa (pemilik qris) lsg grebek aja dng pihak kepolisian utk penyelidikan kenapa melakukan transaksi penjualan ke bu Evita ini dng bukti dr bu Evita klo tidak melakukan transaksi yg dimaksud.",0,,
UgzWogT0nNuMcIGKln14AaABAg.9wzFNzYwwL-9wzGTXxQHbp,,1,"2023-11-11 16:06:58",@mrbert,"Harusnya semudah itu kan. Nahhhh masalahnya kenapa ga bisa seperti itu? Yaaa karena negara ini semua diatur sama hukum yg ribet bener sampai penipu dan pencuri bisa bersembunyi karena ribet nya hukum tersebut. DAN SATU LAGI. BANK NYA MAU BANTUIN UTK MELACAK GAK. MAU REPOT GAK? KALO MAU GERAK BENTAR AJA DAPAT KOK. FOLLOW THE MONEY. Tapi kita harus tahu bank juga ada batasan nya. Ada undang undang melindungi pelanggan atau nasabah dan Kalo nasabahnya pencuri yaaaa harus di lindungi juga sebelum terbukti. Nah membuktikan itu yg SUPER DUPER ULTRA MULTI MEGA RIBET",1,UgzWogT0nNuMcIGKln14AaABAg,@sisadrach
UgzWogT0nNuMcIGKln14AaABAg.9wzFNzYwwL-9wzHEQstd0R,,0,"2023-11-11 16:13:39",@sisadrach,"@mrbert setau sy koh, pihak yg bisa akses shortcut segala aturan perbankan utk penyelidikan dan penyidikan yaitu kepolisian, jadi sarankan mbak Evita utk juga melaporkan hal ini ke pihak kepolisian spy pihak cyber crime kepolisian bisa bergerak melacak mengalirnya uang itu kemana atau ""follow the money"" tadi.",1,UgzWogT0nNuMcIGKln14AaABAg,@sisadrach
UgzWogT0nNuMcIGKln14AaABAg.9wzFNzYwwL-9wzIptbX6Wq,,0,"2023-11-11 16:27:38",@sisadrach,"@mrbert Satu lagi koh Bert yang bisa jadi suatu kemungkinan bahwa awalnya (bisa jadi) bu Evita ini pernah transaksi menggunakan QRIS pada salah satu merchant yg QRIS nya sudah disusupi oleh Hacker sehingga selanjutnya si hacker bisa mengendalikan mbanking BCA bu Evita ini utk melakukan ""seolah-olah"" bertransaksi menggunakan QRIS ke toko/merchant yg sama berulang kali menggunakan QRIS yg sdh disusupi oleh Hacker (perlu ditelisik apakah QRIS merchant itu didesain utk maksud kejahatan seperti itu ataukah disusupi Hacker)..",1,UgzWogT0nNuMcIGKln14AaABAg,@sisadrach
UgzWogT0nNuMcIGKln14AaABAg.9wzFNzYwwL-9wzKoNZUEoR,,0,"2023-11-11 16:44:54",@sisadrach,"@mrbert Oiya satu lagi koh, setelah sy perhatikan sistem pencatatan penggunaan pada QRIS TIDAK TERINTEGRASI dengan catatan Mutasi Rekening. Ini agak aneh, jadi kita tidak bisa menemukan catatan penggunaan QRIS kita pada Catatan Mutasi, tapi cuma bisa dilihat pada menu Inbox pada menu QRIS, ini agak aneh koh kenapa tidak di integrasikan pada menu Mutasi Rekening sebagai pengeluaran juga seperti halnya transaksi lainnya yg tercatat pada ditur Mutasi Rekening? Apakah ini jadi ""pintu masuk"" Hacker utk mengendalikan transaksi dari Mbanking nasabah lain yg pernah melakukan transaksi dengan menggunakan QRIS yg sdh disusupi atau dibuat oleh hacker?? Dengan pemisahan laporan/pencatatan tersebut (antara Mutasi Rekening dengan transaksi pendebetan pada QRIS) maka Nasabah harus menghitung sendiri dng melakukan penjumlahan dr kedua pencatatan itu utk mendapatkan kecocokan jumlah pada Saldo yg ditampilkan.. Mohon koreksi jika salah CMIiW",1,UgzWogT0nNuMcIGKln14AaABAg,@sisadrach
UgxswzBZeZcccZ7vRfx4AaABAg,0,0,"2023-11-11 15:52:13",@oncombro,"om bert saya jg baru aja kena di trave**** paylater.. tiba2 ada tagihan paylater padahal saya tidak melakukan transaksi, setelah ditelusuri transaksinya lewat aplikasi ore* dan saya minta solusi dr trave**** jawabanya tetap harus dibayar tagihanya, teman2 harus waspada terhadap akunya",0,,
UgyP1l2RQjACympVpPN4AaABAg,1,0,"2023-11-11 15:48:02",@BJK5uo,"Kalau transaksi pakai QR, lebih mudah ngelacak pelaku.",0,,
UgyP1l2RQjACympVpPN4AaABAg.9wzEIqlfXxJ9wzFP0jz9MD,,0,"2023-11-11 15:57:37",@mrbert,"Terus kenapa selama itu??? Hayoo bisa dikasi tahu kenapa?? Yukkk bantu Bank nya mikir kenapa selama itu.",1,UgyP1l2RQjACympVpPN4AaABAg,@BJK5uo
UgxNltD6B_jcuvT-Dcx4AaABAg,0,0,"2023-11-11 15:42:27",@caesar.caesar,"""BCA minta bukti full cctv saat korban slama ini mengoperasikan sendiri hp nya"" KOK BISA BANK BESAR SEKELAS BCA MELONTARKAN PERMINTAAN SE IDIOT ITU ???? 💩💩💩😫😫🤮🤮🤮😠😠",0,,
UgyAV2rIX3z5H4bV1mB4AaABAg,4,7,"2023-11-11 15:42:20",@lestariprabowo5153,"Kualitas suatu bank terlihat saat bank tsb sungguh2 berupaya menangani masalah yg dihadapi nasabahnya ketika memakai fasilitas perbankan tsb. Jika bank tsb malah bertele-tele segera tinggalkan bank tsb.",0,,
UgyAV2rIX3z5H4bV1mB4AaABAg.9wzDe2uf1Lc9wzFSfhhmF0,,0,"2023-11-11 15:58:07",@mrbert,"The best comment",1,UgyAV2rIX3z5H4bV1mB4AaABAg,@lestariprabowo5153
UgyAV2rIX3z5H4bV1mB4AaABAg.9wzDe2uf1Lc9wzGccuMU9I,,0,"2023-11-11 16:08:21",@mrbert,"Gw capture nih komen terbaik gw post di instagram yaaa",1,UgyAV2rIX3z5H4bV1mB4AaABAg,@lestariprabowo5153
UgyAV2rIX3z5H4bV1mB4AaABAg.9wzDe2uf1Lc9wzHQmJAVf1,,0,"2023-11-11 16:15:20",@lestariprabowo5153,"@mrbert Ok semoga bermanfaat",1,UgyAV2rIX3z5H4bV1mB4AaABAg,@lestariprabowo5153
UgyAV2rIX3z5H4bV1mB4AaABAg.9wzDe2uf1Lc9x5wvPMEpTg,,0,"2023-11-14 15:41:20",@MrRyzQ,Setuju,1,UgyAV2rIX3z5H4bV1mB4AaABAg,@lestariprabowo5153
Ugx8D4Wcby40aYbwrDp4AaABAg,0,1,"2023-11-11 15:39:39",@mariedelights6132,"pas bikin MBanking apakah pegawai bank sempat pegang hpnya utk membantu? jd curiga 🫢🤔 jgn2 pegawai bank ada yg nakal",0,,
UgzN45GtF8Ho7CE3Wl54AaABAg,0,0,"2023-11-11 15:37:53",@newhop484,"Jd takut BCA juga jeboll gmn duit kita di BCA",0,,
Ugyugd3MlsssIqfGhEl4AaABAg,0,0,"2023-11-11 15:36:07",@devaccesskoizai1948,"gunakan sistem keamanan perbankan yg sudah teruji oleh waktu. mesin ATM --> internet banking --> mobile banking, saat ini sy msh pake internet banking dan baru ganti batere tokennya. hehe.. menurut sy mobile banking mmg paling empuk. ayo BCA pentest grey n white boxnya lagi",0,,
UgwGBzIRhQS6_wDphW94AaABAg,0,0,"2023-11-11 15:34:28",@I-NAEL,"Tameng 1, SIMCARD. Kayaknya clone sim card deh. Kayak kasus wartawan yang dulu pas dia ke luar negeri. Bisa jadi pemakai mendapatkan data2 pribadi dan simcard untuk bankingnya. Potensi orang dalam bank, atau keluarga/ teman terdekat. Mereka bisa akses kodenya dengan mudah, caranya Simpel, saking banyaknya aplikasi yang membutuhkan password dan PIN, secara tidak sadar kita membatasi diri kita pada 1 atau 2 PIN saja untuk semua aplikasi. Cukup tahu 1, kemungkinan dapat smua. Tameng 2, SOFTWARE. Data Keamanan jadi bocor. Klo Pernah service HP, pernah jual HP, Pernah kehilangan HP, itu agak gawat kalau tidak di factory reset. Pernah install aplikasi non standard, pernah isi login di website phising, itu celah yg lebih besar lagi. Tameng 3. TUHAN. krn sudah seaman apapun kita mengusahakan diri agar pertahanan perbankan kita tidak berpotensi diretas, kalau tetap jebol juga, ya berarti memang ada yang menargetkan kita tapi operasi bertarget seperti itu tidak kecil modal alat2nya. Setidaknya kita tahu diluaran sana ada orang yang seNIAT itu untuk membobol kita",0,,
UgxTfILwEeFHp0D97d14AaABAg,0,0,"2023-11-11 15:26:29",@betasuroboyp,"Nggak kaget sih, itu hpnya yg saya yakin 100% sudah dihack duluan sebelum dijual ke end user. Ganti saja hp nya & rekening baru. Kalau mau aman jangan pakai mbanking pakai saja ibanking. Karena ibanking pakai alat yg tidak bergantung koneksi internet alias offline yaitu key bca.",0,,
UgxAhThEUNem7XSBRtJ4AaABAg,1,0,"2023-11-11 15:25:53",@kimpoel33,"Kata anak gw, kemungkinan 1. nasabah install aplikasi phising atau aplikasi yg sudah di modif. 2. Hp kena hack ntah gimana caranya. 3. Hacker berhasil masuk sistem dan buat trial untuk baca data nasabah istilahnya ntah apa tadi ""burst"", makanya terjadi transaksi aneh berulang terus menerus. Makanya tidak ada motif ke device nasabah. Wahh ngeri kalau sudah main seperti itu. Biasanya duit lari bakal terputus melacaknya kalau kemudian buat transaksi uang virtual spt bitcoin, krypto dll",0,,
UgxAhThEUNem7XSBRtJ4AaABAg.9wzBlZ4-oZ49wzMey2ASwV,,0,"2023-11-11 17:01:06",@ManMan-f1z,"Kalo filing gw sih Ini ibu install apk yg aneh2. Ibu Ini kan bilang baru beberapa bulan pake mobile banking BCA, bisa diartikan baru pertama pake mobile banking gini.",1,UgxAhThEUNem7XSBRtJ4AaABAg,@kimpoel33
UgzgNa0yklEg4wC8E014AaABAg,2,0,"2023-11-11 15:17:00",@IlhamRizkiRamadhan,"Lagi nunggu comment BCA debest karna satpamnya 😂",0,,
UgzgNa0yklEg4wC8E014AaABAg.9wzAkZE9acj9wzB3t4ROh4,,0,"2023-11-11 15:19:47",@mrbert,"Hayooo kasi tahu yaaa . semoga cepat masalah ini slesai dan tetap jadi slesai",1,UgzgNa0yklEg4wC8E014AaABAg,@IlhamRizkiRamadhan
UgzgNa0yklEg4wC8E014AaABAg.9wzAkZE9acj9x-YljgvUpm,,0,"2023-11-12 04:06:07",@IlhamRizkiRamadhan,"​@mrbertAamiin semoga cepat selesai masalah ini. Saya pun berharap apapun banknya tidak akan ada lagi kasus seperti ini, dan setiap orang yg menggunakan aplikasi perbankan lebih berhati-hati lagi.",1,UgzgNa0yklEg4wC8E014AaABAg,@IlhamRizkiRamadhan
UgzzIcou2z3TEDssFL94AaABAg,0,0,"2023-11-11 15:13:47",@Aldobimos,"Pakai iPhone aman insha Allah",0,,
UgwRzDoQzylUYspvqpR4AaABAg,0,0,"2023-11-11 15:13:42",@lombokijostuff-channel9667,"Up terus koh..kok bisa rekening bisa muter2 uang sendiri tanpa pemiliknya yg ngendalikan..",0,,
UgwG1FSKKLQXYRoUKtx4AaABAg,0,0,"2023-11-11 15:12:28",@Herr0305,"kale ini berarti ya BCA nya juga patut diwaspdai apa ada hack",0,,
UgxrKcpWIvM82kjFfG54AaABAg,0,1,"2023-11-11 15:06:39",@BlissfulDay265,"BITCOIN : NOT YOUR KEYS NOT YOUR ASSETS Bitcoin dibuat untuk memperbaiki sistem bank. Eh becanda😅 nanti ada yang bilang bitcoin scam Bank kan pilihan terbaik ""rakyat""",0,,
Ugy3OEZH2nsN0tJQK4d4AaABAg,0,0,"2023-11-11 15:01:50",@belajarbermain2366,"coba diagnosa tu hp, soalnya temen pernah kena gitu, dia ngga ngaku kalo kena apk biadab, dia koar koar uang 5 jt hilang, karena kesulitan mencari masalahnya saya suruh flash hpnya dan instal ulang apk bcanya, akhirnya aman. setelah berapa minggu dia ngaku kalo pernah dapat whatsapp apk e-tilang dan ke install.",0,,
UgzO_F2B9NCNCOA9xVZ4AaABAg,0,0,"2023-11-11 14:55:45",@tmt7912,"Makanya sy gak percaya mbanking",0,,
UgwBZKpkUywB1IGrbul4AaABAg,0,0,"2023-11-11 14:39:56",@jokobleg-ec8ek,"Ngsri amad y",0,,
UgylsplZMfQP5jJCGNN4AaABAg,0,0,"2023-11-11 14:38:51",@ellysumarwaty2765,"Ijin share ya ko",0,,
Ugzs8PAK3Wz9Zox_QQd4AaABAg,0,0,"2023-11-11 14:35:55",@nndarhefqy3898,"Kawal terus smpe tuntas",0,,
Ugx9MYeGx8LPvzWJvoh4AaABAg,0,0,"2023-11-11 14:34:03",@arinarin7464,"Guna aje bank Maybank Cimb lagi bagus...tak usah guna bank indon",0,,
UgyDTBmiLJrW9DM2hOp4AaABAg,0,1,"2023-11-11 14:30:21",@agus8909,"Yg namanya dunia digital apa saja mungkin kalee...meski kita ga pernah QR tetap aja bisa mungkin dibuat ada transaksi pakai QR..",0,,
UgyTbwn0iCLGPb259Pt4AaABAg,1,0,"2023-11-11 14:20:00",@stevenahmad1474,"Mbak nasabah ini punya alibi yg sangat kuat sekali (posisi naik gunung, tdk ada sinyal, hape steril tdk ada aplikasi lain, hape tidak pernah dipakai org lain, dll), tapi kok jadinya malah mencurigakan yaa😅",0,,
UgyTbwn0iCLGPb259Pt4AaABAg.9wz4E3I8Zez9wzU0qWpHr6,,0,"2023-11-11 18:05:23",@alfanmaulana8130,"Semua kemungkinan bisa terjadi, soalnya bukan kita yang mengalami nya",1,UgyTbwn0iCLGPb259Pt4AaABAg,@stevenahmad1474
UgytBsh1K9PNJdeNba14AaABAg,0,0,"2023-11-11 14:17:23",@pandaboys5742,"asumsi saya sementara fix dari pihak bank.... kalo qris jelasnya tanpa id untuk meninggalkan jejak... bisa kok dicari di google membuat qris tanpa verifikasi id....",0,,
UgyPFU6cF-OJYD0K68R4AaABAg,0,1,"2023-11-11 14:08:36",@ganta82,"Customer selalu lemah lawan PT",0,,
UgwvFLI1XQv9Y7-L6M14AaABAg,1,2,"2023-11-11 14:05:55",@kamsirpratama6747,"Bca tanggung jawab tu, jadi merasa g aman nyimpan duit d BCA kalo kaya gini.",0,,
UgwvFLI1XQv9Y7-L6M14AaABAg.9wz2bwFHwtj9x0l_b60BXS,,0,"2023-11-12 15:26:02",@wawanwawan8791,"Jgn sembarangan komen mr bert. Yg namanya bang itu gak bisa gegabah dalam mengambil keputusan , semua nya perlu dilakukan investigasi secara memdalam, kalau memang kesalahan sistem Bank atau krn ulah nakal oknum Bank, dana nasabah pasti dijamin dikembalikan, tapi kalau memang kesalahan nasabah semdiri sampai data pribadi nya spt pin Dan nomor otp sampai diketahui org lain, ya Bank mana mau lah memgganti, kok enak sekali",1,UgwvFLI1XQv9Y7-L6M14AaABAg,@kamsirpratama6747
UgxhI_R3g5Fvha3YT8h4AaABAg,0,1,"2023-11-11 14:01:45",@apaapaserbasusah,"Fungsi OJK Dan LPSP ( Lembaga penjamin Simpanan) fungsinya apa ya?? Kalau udah terjadi seperti ini bank se akan akan cuci tangan, padahal kalau bank mau bekerja bisa lohh itu di telusuri transaksi nya dmn, Qris atas nama siapa, rek. Dan duit nya masuk mana, kok malah ibu ini sendiri yang cari pelakunya... Lahh kok aneh",0,,
UgxRVtKfG8eYIWROukF4AaABAg,0,1,"2023-11-11 14:01:34",@agussuprayogi5058,"Tlg pak..ibunya harus di tolong..bagaimana pihak bank hrs bertanggung jawab,jgn cm hanya spy content banyak di lihat...bca hrs tanggung jawab,jgn hanya bilang hrs lewat pihak ke 3...tanggung jwb lah",0,,
Ugw6EwgASo4z23HBo_l4AaABAg,1,1,"2023-11-11 13:52:49",@primaargo9866,"BCA yg kebobolan kenapa kesannya menyalahkan nasabah ya.. Wah gawat ini!",0,,
Ugw6EwgASo4z23HBo_l4AaABAg.9wz16trJ48v9x-IMumj65l,,1,"2023-11-12 01:42:47",@goplong,"Kasus yg udah2 emang begitu....demi menutupi kesalahan di sistemnya",1,Ugw6EwgASo4z23HBo_l4AaABAg,@primaargo9866
UgwwFJVBazFkOQ8epCB4AaABAg,0,1,"2023-11-11 13:48:06",@NurAlami88,"qris kan transaksi untuk merchant, tinggal cari merchant nya trus cek cctv outlet itu",0,,
UgwV4yH86RNU0MsQ8ex4AaABAg,0,0,"2023-11-11 13:46:52",@chefsari,"Transfer kemana apakah bank bisa tau ?",0,,
UgzCxowiIX-h_YzSvnh4AaABAg,0,0,"2023-11-11 13:44:44",@NurAlami88,"qris, tsfr ke rek outlet atau nama sapa, telusuri apa pernah kesana atau gak,",0,,
UgyuM6NRZGyE1VwoP8B4AaABAg,0,0,"2023-11-11 13:43:06",@idungGEDE,"QRIS BCA apakah langsung masuk rekening? Dana akan masuk ke rekening paling cepat 2 hari kerja dan paling lama 5 hari kerja setelah settlement dilakukan.",0,,
UgyKo0EB7_TLb4_2GPR4AaABAg,0,1,"2023-11-11 13:35:42",@alihanapiyahofficial24,"gmn sih BCA.. org di suruh pake cctv buat monitor HP😅",0,,
UgzJoDA4AtjOLFER2lR4AaABAg,2,1,"2023-11-11 13:35:05",@wongchiliek1262,"BCA jgn meng-ada2lah permintaannya...hrs ada bukti rekaman CCTV klw hp dipegang trs mba Evita...gk logis",0,,
UgzJoDA4AtjOLFER2lR4AaABAg.9wz-56QfQd49wz-fd3pF_R,,1,"2023-11-11 13:40:13",@mrbert,"Kamu harus hati2 kalo transaksi lagi boker harus pakai cctv lhooo",1,UgzJoDA4AtjOLFER2lR4AaABAg,@wongchiliek1262
UgzJoDA4AtjOLFER2lR4AaABAg.9wz-56QfQd49x-Kmu4oL8B,,1,"2023-11-12 02:03:57",@wongchiliek1262,"@mrbert hehehee..ko mbert, blgin ke BCA..shrs ya sbg bank dgn keuntungan tiap tahun triliunan rph, apa susahnya ganti 68jt kemudian mereka (BCA) melakukan investigasi total kedalam tim IT mencari dmn kebocoran sistem keamanan nasabah..",1,UgzJoDA4AtjOLFER2lR4AaABAg,@wongchiliek1262
Ugx2cx-HePUaWB25iK14AaABAg,2,0,"2023-11-11 13:33:10",@PNowplaying,"Mau nanya bang bert, apakah lini di maps google bisa aktif meski ga ada signal?",0,,
Ugx2cx-HePUaWB25iK14AaABAg.9wyzs5A_Iex9wz-s9G08Of,,1,"2023-11-11 13:41:55",@mrbert,"GPS Garmin bisa aktif tuhh walo ga ada signal. Signal itu memperkuat GPS sbrnnya. GPS asli ga perlu signal operator. Tapi signal operator sangat berpengaruh di hape. Tapi Garmin ga perlu signal sama skali karena nyambung ke satelit langsung",1,Ugx2cx-HePUaWB25iK14AaABAg,@PNowplaying
Ugx2cx-HePUaWB25iK14AaABAg.9wyzs5A_Iex9x07gDF4E7X,,0,"2023-11-12 09:28:41",@PNowplaying,"@mrbert terimakasih pencerahannya bang bert, menambah pengetahuan saya",1,Ugx2cx-HePUaWB25iK14AaABAg,@PNowplaying
UgxT_LieOYsY33RPnwt4AaABAg,0,0,"2023-11-11 13:30:21",@Husaini-q6b,"Intro: BCA adalah bank paling aman di indonesia. Ini versi siapa? Knapa langsung ngambil kesimpulan gitu? Gak ada bank yang paling aman.",0,,
Ugy_nWeZSfZGOoZqjah4AaABAg,0,0,"2023-11-11 13:29:10",@janganansubuh,"Pemerintah mana supportnya kepada konsumen???",0,,
UgyWBXokPriCqZ_cuMJ4AaABAg,0,1,"2023-11-11 13:28:59",@suparyantosuparyanto9895,"Ini yang kadang kalau ada inovasi baru jangan langsung di coba walaupun memudahkan,karena kemungkinan masih ada bug nya,tp kejadian seperti ini di perbankan kemungkinan jg ada keterlibatan dari oknum orang dalam, dan banyak nya jual beli data baik dr bank atau dari operator telekomunikasi",0,,
Ugxr9WfHwtoe8ANcQxZ4AaABAg,0,0,"2023-11-11 13:27:29",@lauren-o8f,"Anggap sedekah aja itu cuma 28jt kok😂😂😂 biar bca tambah kaya",0,,
UgzWbaa--S6FWkbKzS54AaABAg,0,1,"2023-11-11 13:24:13",@andryazman8981,"hp baru ya? ini hanya kemungkinan loh ya, karena bisa juga kalo beli perdana prabayar suka udah diaktivasi oleh si penjualnya dan kalo pascabayar, nomer pascabayar itu seringkali nomer yg recycle terutama utk yg nomer2 pilihan atau nomer cantik.",0,,
UgyrwMXJ8Qg7gxlJv0R4AaABAg,4,10,"2023-11-11 13:14:23",@LuQiYun,"Aku sih mulai pelan2 pindah ke ocbc. Apalagi biaya trf gratis meski ke bank lain dan bisa langsung beli valas juga krn sering berpergian ke luar negri jg pake ocbc memudahkan banget. Kalo pindah hp ga bisa langsung pindah tp harus dihapus dlu dari device lama (logout dlu) baru bisa log in ke device baru. Selama ini juga belum ada berita aneh2 soal apk ocbc. Yg terutama kalo trf/terima trf an notifnya langsung masuk ga ky bca, ga ada notif di aku kalo pake bca. Untuk kasus ibu ny itu mungkin bisa dibantu telusuri lewat toko yg bersangkutan, krn disana tertulis jelas nama toko, mungkin bisa dilacak pembelian ny biar ketemu siapa org yg make. Krn pembelian kalo berupa barang kan jelas akan ada alamat dan data pembeli.",0,,
UgyrwMXJ8Qg7gxlJv0R4AaABAg.9wyxiVHZP4c9x0dcYcmYGz,,2,"2023-11-12 14:16:32",@rerontokrengginang,"masalahnya pihak bank seolah lepas tangan kakak,, masa iya kita yg kehilangan kita pula yg telusuri sendiri 😂😂 memang di indonesia securiti nya si paling ancur",1,UgyrwMXJ8Qg7gxlJv0R4AaABAg,@LuQiYun
UgyrwMXJ8Qg7gxlJv0R4AaABAg.9wyxiVHZP4c9x0ep67m2Pu,,0,"2023-11-12 14:26:59",@LuQiYun,"@rerontokrengginang iya makanya yg pny duit harus pinter2 bagi asetnya jangan numpuk di satu bank. Emang susah kok disini buat dapetin uang yg ilang krn kesalahan bank, ujung2nya dilimpahin ke kita salahnya ""salah sendiri krg waspada"" krg lebih ky gitu lah",1,UgyrwMXJ8Qg7gxlJv0R4AaABAg,@LuQiYun
UgyrwMXJ8Qg7gxlJv0R4AaABAg.9wyxiVHZP4c9x0fiKiiOYj,,1,"2023-11-12 14:34:48",@rerontokrengginang,"@LuQiYun saya jg uda simpen di bnyk bank kok bos,, bpr juga punya biarpun ga bnyk duit tp waspada kejadian,,",1,UgyrwMXJ8Qg7gxlJv0R4AaABAg,@LuQiYun
UgyrwMXJ8Qg7gxlJv0R4AaABAg.9wyxiVHZP4c9x8KcRtpnqX,,1,"2023-11-15 13:55:41",@liabenz22,"Setuju banget … kenapa gak coba menghubungi toko yg bikin transaksi",1,UgyrwMXJ8Qg7gxlJv0R4AaABAg,@LuQiYun
Ugzrtke44jve1VTG_CF4AaABAg,0,0,"2023-11-11 13:13:49",@vivifarel86,"Itu QR nya milik siapa ? Bisa jadi QR nya suami atau anaknya , trus Hp juga bisa di hack sama orang terdekat !",0,,
UgwH_qmTMRX6KWiFpEh4AaABAg,0,0,"2023-11-11 13:10:02",@sonywijaya24,"Saya pake bca cuman buat nerima uang transaksi uang sisa saldo 20 rebu kalau ada sejuta 2 juta yah langsung ambil..",0,,
Ugz8odGc1YGwHLypG1F4AaABAg,0,0,"2023-11-11 13:06:53",@rulilasso2439,"ngeri juga nih",0,,
UgwTRjq8QXq5B7HDcgp4AaABAg,0,0,"2023-11-11 13:06:48",@hendryma4873,"Kalo dari cerita kak evita, cuma ada 2 kemungkinan. Dari Hp barunya atau dari kartu perdana telkomsel nya.",0,,
UgwW4lEuGkKeTvfLShx4AaABAg,0,0,"2023-11-11 13:06:04",@d43v11,"Lho itu transaksi qris semua, kenapa gak track ke yang penerima uang, disana jg salah 1 pasti ada yg punya rekaman cctv sehingga user qrisnya jg bisa dilihat di cctv. Klo transaksi jutaan gak ada rekaman cctv dr pemilik qris patut dicurigai jgn2 tempat ""cuci uang"".",0,,
UgzbjJFXvrEjJ5-Gd5Z4AaABAg,2,0,"2023-11-11 13:02:54",@littlerascal997,"Penyebab nya ganti kartu perdana kah... nomernya hasil recycle gak dari bekas orang lain..coba ditanya ko..setau gw sistem BCA ketat bgt",0,,
UgzbjJFXvrEjJ5-Gd5Z4AaABAg.9wywPOHANXB9wyws8NSTHq,,0,"2023-11-11 13:06:58",@mrbert,"Baca deskripsi agan ku. Udah jelas sekali aku tulis kan semuanya. Kalau pun Kartu nya recycle Kan udah jelas BCA ngomong transaksi itu berasal dari hapenya kak EVITA. LALU BAGAIMANA BISA ADA KEMBALIAN QRIS 2 KALI 2 JUTA. Nahh BCA juga ga menjelaskan detail dan justru minta rekaman CCTV. Kalo lu lagi di WC boker harus di rekam CCTV? Solusi apa itu?",1,UgzbjJFXvrEjJ5-Gd5Z4AaABAg,@littlerascal997
UgzbjJFXvrEjJ5-Gd5Z4AaABAg.9wywPOHANXB9wyxXUtQnh1,,0,"2023-11-11 13:12:45",@littlerascal997,"Gw udah sub koh..mau tau lanjutannya..moga terungkap,agak takut juga apalagi ni hape oprekan😢",1,UgzbjJFXvrEjJ5-Gd5Z4AaABAg,@littlerascal997
UgwIl3YFNr5GoCQYftd4AaABAg,0,1,"2023-11-11 13:02:41",@plazaherbalku7373,"Klo kk Evita joint Google bisa cek record pergi kemana saja di google gak perlu cctv lo piye to",0,,
UgwDDvaQBmDB2ICHSmZ4AaABAg,0,0,"2023-11-11 12:56:15",@boysuleman7991,"Telusuri aja pembayaran itu masuk ke rek mana dan utk pembelanjaan kah atau apa...",0,,
Ugy4moeosPEyqQZ_JH94AaABAg,1,0,"2023-11-11 12:55:51",@alvinnyotowijoyo5573,"Om Bert, cuma pemikiran liar aja, cba hp mbak evitanya di restore factory/format ulang semua, curiga saya hpnya refurbished atau juga bisa jadi terinstall aplikasi dr hacker.",0,,
Ugy4moeosPEyqQZ_JH94AaABAg.9wyvalEvU2C9wyx8UeFP3L,,0,"2023-11-11 13:09:20",@mrbert,"Agan ku coba baca Deskripsi. Super detail dan jelas kok kondisi hape nya bahkan ada link gambar nya dan bukti pembelian nya.",1,Ugy4moeosPEyqQZ_JH94AaABAg,@alvinnyotowijoyo5573
UgwUDbyRT6ZdH8F2OKp4AaABAg,0,0,"2023-11-11 12:55:36",@GangBecek-dt8gj,"hp nya terlalu smart ko bisa transfer sendiri",0,,
UgwwA7TJPy_xKpDlIiV4AaABAg,0,0,"2023-11-11 12:49:18",@setiabanendra1299,"itu di transefer ke siapa, atau beli brg apa , kan hrsnya terlacak, aneh ABC",0,,
UgzI-kDpJXRpavwjMAx4AaABAg,0,0,"2023-11-11 12:49:06",@Yoyo-r8d6c,"Alhamdulillah.. udah nggak pake bca..😊😊",0,,
UgwclKn1xkcwfY-MPUR4AaABAg,0,0,"2023-11-11 12:47:55",@sangbijak77,"Makanya malas pake transfer2 mending cash 😢",0,,
Ugz1ECrFTVbCHkHhvqB4AaABAg,0,0,"2023-11-11 12:46:06",@Sujanto-sm5um,"Bank tentunya ada pengamanan system, tdk mungkin bisa lolos trx ini kl hp itu tdk digunakan org terdekat atau kelalaian dari mba sendiri.",0,,
UgzzF4L9CdnrDWRyP_N4AaABAg,0,1,"2023-11-11 12:45:58",@abdulrohman2753,"Persis saya bca 27 dan bri 68jt .pusing ngurusin nya .bnyak makan waktu dan biaya sedangkan kerja .ga mungkin selalu izin",0,,
UgzdMV_pOP08ef4IK494AaABAg,0,0,"2023-11-11 12:45:02",@amboss7676,"Waaah bahayaaaa",0,,
Ugwa_vHGOzBkHxqFV394AaABAg,0,1,"2023-11-11 12:33:06",@panenraya4921,"Apakah kita bisa login dan melakukan transaksi ke akun mbangking terkait walaupun hanya mengetahui kode aksess, no kartu yg terdaftar, email terkait, tanpa megetahui pin untuk pembayaran?",0,,
UgxIro8FJtB-9KZBQ6F4AaABAg,1,2,"2023-11-11 12:30:52",@bambangutoro6505,"Maju terus Mr..agar BCA mau perbaiki system' demi ke amanan nasabah",0,,
UgxIro8FJtB-9KZBQ6F4AaABAg.9wysjmzfmEb9wysvuFg4kT,,0,"2023-11-11 12:32:32",@mrbert,"Itu tujuan kita. Bukan menjatuhkan karena diriku juga nasabah bank yg kita sayang ini",1,UgxIro8FJtB-9KZBQ6F4AaABAg,@bambangutoro6505
UgzPMp03bg7WH5mlpH14AaABAg,0,0,"2023-11-11 12:30:29",@clbkcilok220,"Makanya selama ini aku masih senang pakai cash daripada transfer pakai mbanking meskipun pihak tailor bank suruh saya download mbanking tapi saya tdk mau mending pakai atm buat transaksi daripada lewat HP kan tau sendiri hp sekarang mudah di disusupi hacker 😂😂😂",0,,
UgwqMMktGD-6joJS4eF4AaABAg,0,0,"2023-11-11 12:26:35",@SAHABATPETUALANGMISTERI,"Pihak bca hrs y tahu itu dana ngalir kmn....lapor k bca lgsg kntor pusat",0,,
UgyYzlKFgjIAIOxPHnx4AaABAg,0,0,"2023-11-11 12:24:20",@habermasian1141,"Gini lho bocil-bocil yang replies nyinyir, jika tidak lapor polisi, ""korban"" bisa dipidana fitnah dan pencemaran nama baik oleh BCA.... Bulan lalu ada kasus, duit di rekening lenyap Rp 200.000.000 , lapor polisi, ternyata anaknya yang pake untuk judi online.....",0,,
Ugwo-IP9kw4IPs7tg3Z4AaABAg,1,1,"2023-11-11 12:23:57",@Realist915,"Pernah juga sih saya punya pengalaman yg kurang menyenangkan dengan BCA ...dan ya gitu saat kita melakukan pengaduan malah dilempar lempar ...",0,,
Ugwo-IP9kw4IPs7tg3Z4AaABAg.9wyrx7RtHpR9wyzHy53VG7,,0,"2023-11-11 13:28:06",@fangxie5535,"betulin sekali",1,Ugwo-IP9kw4IPs7tg3Z4AaABAg,@Realist915
UgynJPgjXLQ-NXft30V4AaABAg,0,0,"2023-11-11 12:20:15",@hendyprayoga7491,"Viralkan terus supaya semakin lebih byk yg lebih tau berita ini,kemana ojk,BI,LPS dll?",0,,
UgyiSvqFWCx4jTwQeDV4AaABAg,0,0,"2023-11-11 12:15:56",@esdegan7176,"B I T C O I N NOT YOUR KEYS NOT YOUR ASSETS",0,,
Ugxe6Aan6VqssiyLn_Z4AaABAg,0,0,"2023-11-11 12:13:29",@JunaediAlam-le9qv,"Secanggih apapun itu sistimselama itu buatan manusia pasti bisa dihack",0,,
Ugzhznaopr8wDCRnprx4AaABAg,0,1,"2023-11-11 12:11:10",@doraKitty23,"Makanya tuh rek yg tersambung di HP aktif jgn diisi byk2 cukup 5-10jt aja utk transaksi apa aja jd aman. Yg belasan hingga ratusan juta ditaruh dlm rek offline gt.",0,,
UgxCpJU6Ti6syHJVf_J4AaABAg,0,0,"2023-11-11 12:10:30",@doraKitty23,"Makanya tuh rek yg tersambung di HP aktif jgn diisi byk2 cukup 5-10jt aja utk transaksi apa aja jd aman. Yg belasan hingga ratusan juta ditaruh dlm rek offline gt.",0,,
Ugy665F-qzNeUv9y3yh4AaABAg,0,0,"2023-11-11 12:09:49",@gigsselow4664,"Kemungkinan Yang Di Bobol Adalah Akses Email Dan Password HP , Karena Di Google Itu Ada Pemulihan Aplikasi, Dan Kalo Bisa Ceek Ulang Nomer GSM Yang Di Gunakan M Banking",0,,
Ugx0DqIcn8hRyYIr8KN4AaABAg,0,0,"2023-11-11 12:06:59",@Infinix123-m9r,"BCA BRI dan DANA jadi sasaran hacker. Berhati hati lah.sekarang.",0,,
UgyerW6Fn_QZPHDJcCV4AaABAg,0,0,"2023-11-11 12:05:50",@Infinix123-m9r,"Waduh....... saya kejadian jam 7 malam kemarin. Aplikasi dana meminta kode otp. Saya kehilangan saldo Rp.550.000",0,,
UgxZR3v0jPhdU1cBiIZ4AaABAg,2,0,"2023-11-11 12:05:23",@Infinity_Luck94,"Tinggal di trace aja itu QRIS nya ke mana susah amat BCA",0,,
UgxZR3v0jPhdU1cBiIZ4AaABAg.9wypp6VSnAd9wyuJLTOaLh,,0,"2023-11-11 12:44:36",@mrbert,"Ada standard operating procedure nya. Yang panjang itu. Dan kasus ini penting atau tidak atau mau di kasi tahu ke publik gak. Itu yang membedakan",1,UgxZR3v0jPhdU1cBiIZ4AaABAg,@Infinity_Luck94
UgxZR3v0jPhdU1cBiIZ4AaABAg.9wypp6VSnAd9wyz4ERQ9B_,,0,"2023-11-11 13:26:14",@Infinity_Luck94,"@mrbert Semangat koh.. Semoga dapat terungkap.. Banyak sekali User BCA",1,UgxZR3v0jPhdU1cBiIZ4AaABAg,@Infinity_Luck94
UgwGkUUQUIjkNJT1EC54AaABAg,1,0,"2023-11-11 12:05:03",@rimasari8764,"Mungkin ga sih...keluarganya (suami atau anaknya) bikin duplicat mobil bankingnya di hp lain...dengan data nomer hp dan email yg terdaftar di bca...jd org lain bisa akses mobil bankingnya dr hp lain....itu pemikiran sy sih....tp gatau sistem MBanking BCA bisa atau ga seperti itu bisa instal dan buka di 2 device yg berbeda..😁🤭",0,,
UgwGkUUQUIjkNJT1EC54AaABAg.9wypmghkT_r9wywoYmame3,,0,"2023-11-11 13:06:29",@sandhikaa,"Kalau simcardnya beda ya nggak bisa jalan, ganti hp aja dengan simcard yg sama verifikasi ulang.",1,UgwGkUUQUIjkNJT1EC54AaABAg,@rimasari8764
UgxNBLWCHD-kJF-5rKF4AaABAg,0,1,"2023-11-11 11:57:44",@yayakerawang9929,"HATI 2 TARIM UANG DI ATM.TARIK 1 JUTA RUPIAH,TAPI UANG YG KELUAR HANYA 900 RIBU. DI LAPIR JUGA GAK ADA G7NANYA. M-BANKING BERHASIL! TAPI B7KU DI CETAK TIDAK ADA TRANSFERAN UANGNYA.SUDAH LAPOR .",0,,
UgxQZA6dnSBGdtGxr7t4AaABAg,0,1,"2023-11-11 11:47:25",@Venlo731,"Aku berpuluh puluh taun jadi nasabah bca tidak pernah mengalami Hal Hal yang buruk alhamdulilah",0,,
Ugz4ERUX_dv4QtlWikh4AaABAg,0,0,"2023-11-11 11:43:45",@faozanzen9925,"Mantap infonya sangat baru & informatif.",0,,
UgxEVTfUF74PQzd3tgF4AaABAg,0,0,"2023-11-11 11:35:00",@BangBen2000,"yg paling mungkin hp dan simcard di cloning tp kemungkinan kecil",0,,
UgxQfg5xsTqom3pxj_J4AaABAg,0,0,"2023-11-11 11:34:42",@tommyhwang3353,"Dari dolo ga tertarik pake QRIS",0,,
Ugzihq-zkm7e4Bypa854AaABAg,0,0,"2023-11-11 11:31:51",@SronomCeuis-g6q,"Up pantau terus",0,,
Ugy23l9TYZSRKBwsJcJ4AaABAg,0,0,"2023-11-11 11:29:40",@dom4play,"Itu lah jelek na android klo masalah keamanan.. Pake Iphone ud ga sngaja install apk dr org ga dikenal jg aman2 aj..",0,,
UgyQS2lQwZXTD9N6xnR4AaABAg,0,0,"2023-11-11 11:24:05",@tinarini02,"Untung barusan udah q tarik lagi saldo di BCA 🤣",0,,
UgykIcXymyCYOnvt-tB4AaABAg,0,0,"2023-11-11 11:20:54",@Jay_19.45,"Viral kan",0,,
UgwMSO94ctCk_B6GA1t4AaABAg,0,0,"2023-11-11 11:12:47",@blackrx3701,"saya pake BNI dan setiap transaksi ada riwayat bukti,in/out.",0,,
UgwRWJHwL-Z9BCjwiJd4AaABAg,1,3,"2023-11-11 11:05:46",@pusico6555,"Mayoritas PEMBOBOLAN rekening / kartu kredit itu adalah SOCIAL ENGINEERING (baik secara sadar atau tidak sadar memberikan data penting ke penipu). Sistem perbankan ga semudah itu disusupi hacker dan sebagus apapun sistem keamanan kalau nasabahnya yang membocorkan data rahasia (baik secara sadar maupun tidak sadar) apakah bank harus bertanggung jawab? Secara tidak sadar itu banyak potensinya, entah pin terlalu mudah, hp disadap oleh aplikasi tertentu, kartu sim pernah di cloning, orang terdekat punya akses yang kita gak tau, dll",0,,
UgwRWJHwL-Z9BCjwiJd4AaABAg.9wyj-Ua_VgyA1bufZ1h6sd,,0,"2024-03-30 17:33:36",@adikaryadi9003,"Brati org dlm ya...",1,UgwRWJHwL-Z9BCjwiJd4AaABAg,@pusico6555
Ugy1r67bu9HYPK1ovsZ4AaABAg,0,0,"2023-11-11 10:55:00",@wawansalongaul2902,"Kok pihak BCA gak ada suara? Bener gak kasus ini",0,,
UgzUYQ-Ans68x8m7kKN4AaABAg,0,0,"2023-11-11 10:54:42",@ellia7623,"Riwayat aktivitas di akun google bisa jadi bukti juga kalo di minta cctv kaya gitu, coba buka riwayat aktivitas di akun google nya di ss aja itu",0,,
UgzxtYIBCXAk9UzcKN14AaABAg,1,0,"2023-11-11 10:52:54",@tanakabatik,"Kemungkinan besar ini bisa dilakukan oleh oknum orang dalam. Sekian",0,,
UgzxtYIBCXAk9UzcKN14AaABAg.9wyhXCx4ZrG9wyxQfwnue_,,0,"2023-11-11 13:11:49",@esdegan7176,"B I T C O I N NOT YOUR KEYS NOT YOUR ASSETS",1,UgzxtYIBCXAk9UzcKN14AaABAg,@tanakabatik
Ugxz0R3bTmxz64wbO414AaABAg,0,0,"2023-11-11 10:52:47",@ardiansahardi4860,"Tingal lacak aja dimana qr transaksi nya.",0,,
UgwIRj5i92lbKDpmL7d4AaABAg,0,0,"2023-11-11 10:52:02",@ellia7623,"Hp aku juga steril, tapi kmrn apk dana ada yg coba masuk akun ku cuma verifikasi gagal, kalo akun mbanking emang sengaja ga ku aktifkan, cuma daftar aja buat cek saldo doang ga bisa transaksi.",0,,
UgxayorFpOAQEingzDx4AaABAg,0,0,"2023-11-11 10:42:21",@tanakabatik,"Klo memang pake QRIS mba ini harus tuntut trs informasi kemana dia dikirim. Yah kode 951 td adalah kunci nya. Mungkin jadi ini permainan org dalam..",0,,
UgzKDuHCuj5HXNuw3zJ4AaABAg,0,0,"2023-11-11 10:31:28",@vanilla6551,"Kyky BCA agak ga aman. Sy sering di tlp sales asuransi setelah ke dokter byr pake debit BCA. Salesnya kok ya Tau Sy lg perawatan Gigi byr pake cashless BCA. Dpt Informasi drmn ini sales?????",0,,
UgzIsxTKcKCbgXQTHyB4AaABAg,0,1,"2023-11-11 10:28:25",@disuruhkantor1823,"ada kemungkinan ga pas pertama beli, langsung disisipin apk jahat sm penjualnya",0,,
Ugy8NQq7GtcF5i0Ha-14AaABAg,0,0,"2023-11-11 10:24:42",@ferryirawan8083,"Emang ga ada notifikasi nya? email notifikasi",0,,
UgzwfYBm8k7RArSC9BN4AaABAg,1,16,"2023-11-11 10:18:59",@storyofgika,"Saya doakan semoga permasalahan dari Ibu Evita bisa cepat terselesaikan dengan solusi yang adil. Kiranya pihak Bank mau membantu nasabahnya.",0,,
UgzwfYBm8k7RArSC9BN4AaABAg.9wyddlZ-N4L9wydxoyYsEY,,6,"2023-11-11 10:21:43",@mrbert,"Bener itu yang kita mau. Yang adil dan kejelasan aja. Ga minta aneh aneh. Kembalikan dana jika ada kesalahan System dan bener jika bukan Evita yg melakukan kesalahan.",1,UgzwfYBm8k7RArSC9BN4AaABAg,@storyofgika
Ugy2tyS3GvZLuXZ1Fo14AaABAg,2,0,"2023-11-11 10:18:52",@bumilangit,"HPnya di kloning? IMEI bocor? Hp beli bekas? Pernah servis? Apa ini terkait juga dengan kasus BCA di September kemarin tgl 25?",0,,
Ugy2tyS3GvZLuXZ1Fo14AaABAg.9wydcyCuS3v9wye-fyU0Q7,,1,"2023-11-11 10:22:06",@mrbert,"Semua udah dilakukan lapor polisi.periksa hape ke samsung. Periksa Kartu ke provider. Bahkan periksa semua detail data di google. Itu udah dilakukan laporan kepolisian. Kita tunggu hasilnya. Kita itu sangat penasaran bagaimana caranya.dan salahnya dimana. Evita di sini tidak mau menyalahkan siapapun.bahkan dia tidak menyalahkan BCA. HANYA SAJA DIA MAU JAWABAN. APAKAH ADA MUSUH DALAM SELIMUT ATAU BCA YG KENA HACK. ATAU APA. Jawaban itu yang dicari. Dan ga MrBert mau tahu salahnya dimana. Jika kesalahan di Evita yaaa Kita akan buat klarifikasi. Namun jika BCA yg salah. Yaaa kita mau BCA perbaiki system nya dan tetap jadi bank paling aman di Indonesia. Sesimple itu.",1,Ugy2tyS3GvZLuXZ1Fo14AaABAg,@bumilangit
Ugy2tyS3GvZLuXZ1Fo14AaABAg.9wydcyCuS3v9wyewCP-sg-,,0,"2023-11-11 10:30:14",@bumilangit,"@mrbert saya yakin BCA masih yang terbaik untuk melindungi & melayani nasabahnya sampai sekarang. Saya juga perlu mengikuti kasus ini buat pembelajaran bersama dan kewaspadaan. Terima kasih supportnya Mr. Bert",1,Ugy2tyS3GvZLuXZ1Fo14AaABAg,@bumilangit
UgyBjJkmTET8z8ffe5Z4AaABAg,0,0,"2023-11-11 10:13:00",@piteryeo2895,"Semua yg berhubungan dgn teknologi ush pst TDK aman..Krn teknologi diciptakan manusia..SDH pst ottak manusia dpt melampaui teknologi tersebut dan otak manusia dpt semakin berkembang...jd yg mau sy ktkan adlh dlm sebuah teknologi pasti ada sebuah celah",0,,
Ugwnb5w1x3884HAsU8F4AaABAg,0,0,"2023-11-11 10:11:08",@brodenishow,"Ini terjadi sama saya dengan CITIBANK.. saya sendiri sebagai pemilik dan pengguna kartu harus masukkin pin dan pindai sidik jari untuk menggunakan CITI APPS untuk transaksi.. Tapi beberapa bulan lalu ada beberapa kali transaksi dengan nominal sekitar 68 Juta di toko handphone di USA.. Beberapa jam kemudian saya dapat notifikasi transaksi dan saya langsung melaporkan ke CITIBANK.. Diperlakukan waktu minimal 40 hari kerja untuk investigasi laporan transaksi ilegal tersebut.. Sampai saat ini saya menulis sudah ada beberapa transaksi dibatalkan dan saya dinyatakan menang atas pengajuan banding tersebut.. tapi masih ada 2 transaksi yang masih menunggu hasil investigasi.. Jadi BANK seaman CITI aja dengan sangat mudah diretas orang.. Kita sebagai nasabah mempercayakan UANG kita kepada mereka.. tetapi mereka bisa menyalahkan nasabah ketika APPS nya kena retas.. Kalo orang yang duitnya ratusan milyar bagaimana nyimpan uangnya ya??",0,,
UgzXDCXDJPaiFgVxGxd4AaABAg,0,0,"2023-11-11 10:09:39",@rezatofani31,"Apakah hp sebelumnya aman??",0,,
Ugyw-AhbZUsQuBNbzKR4AaABAg,1,0,"2023-11-11 10:09:10",@JoenashRachmaninov,"Mungkinkah hp nya di cloning? Atau hacker nya nembak langsung API?",0,,
Ugyw-AhbZUsQuBNbzKR4AaABAg.9wycWwyTusW9wye5YoIaTb,,0,"2023-11-11 10:22:55",@mrbert,"Baca di deskrispi yaaa. hapenya baru kok",1,Ugyw-AhbZUsQuBNbzKR4AaABAg,@JoenashRachmaninov
UgynCEYW2Iefg5GZG4B4AaABAg,0,0,"2023-11-11 10:08:04",@charlessimanjuntak3799,"Saya curiga mbak ini ada sesuatu di hp lamanya, sampai akhirnya beli hp baru khusus m banking.",0,,
UgyDiVi5xVn6AMU9z0p4AaABAg,0,0,"2023-11-11 10:05:26",@lebihsatu1,"Follow the money...lacak aja uangnya pergi kemana..disitu kan tertera nama toko penerima uangnya...",0,,
UgyUSdVJYs9sKRsCiwN4AaABAg,0,0,"2023-11-11 09:54:11",@marisajocelyn1059,"Maaf, saya bukan ahli IT, cuma bertanya, apa bukan QRIS yang bermasalah?",0,,
Ugw-3irdUfqN8WLYoet4AaABAg,0,0,"2023-11-11 09:53:17",@albertirwanto,"suami kali maen slot judi online hihi....depo terus...kalah terus...",0,,
UgxkB5HpZDgzLmf3TA14AaABAg,0,0,"2023-11-11 09:50:58",@ArsyadReyn,"Itu tulisannya Pembayaran QRIS toko gerald ya? Bisa dilacak dong?",0,,
UgysqWYFx0vFhfo03ul4AaABAg,0,0,"2023-11-11 09:38:33",@jannahfirdausmediapro9621,"tabungan emas pegadaian + tabungan bank offline no online",0,,
UgymI4Y2J-vlOIOZ7Mt4AaABAg,0,0,"2023-11-11 09:25:12",@kasperbeta4602,"ADA YANG ENGGAK TERIMA SAMA KOMEN GW ,BUZEER KAH ???????",0,,
UgweBZCe4-9SeC6DmpR4AaABAg,6,0,"2023-11-11 09:24:18",@fajar79,"1 hal yang perlu diperhatikan, kenapa transaksi qrisnya 1 juta, karena qris bca menonaktifkan permintaan pin. saat transaksi diatas 1 juta, mobile bca baru meminta pin transaksi kalau filtur transaksi tanpa pin diaktifkan. aplikasi qris bca bisa menscan file di galeri, jadi sangat mungkin melakukan transaksi qris tanpa perlu didepan merchant. jadi sangat ada kemungkinan hp tertanam trojan, atau semacamnya. perlu ditanyakan juga itu hp beli baru, masih tersegel, atau beli second, kayaknya saya nggak mendengar informasi itu, karena si mbak bilang hp itu hanya untuk bank. soal mengakses mobile bca tanpa perlu, selama aplikasi tersebut pernah dibuka dalam dalam keadaan aktif di memori.",0,,
UgweBZCe4-9SeC6DmpR4AaABAg.9wyYOILps3u9wymXjC7o70,,0,"2023-11-11 11:36:40",@willyZhang-wt8rb,"Mungkin ini lah yang terjadi",1,UgweBZCe4-9SeC6DmpR4AaABAg,@fajar79
UgweBZCe4-9SeC6DmpR4AaABAg.9wyYOILps3u9x-G6WzMSal,,0,"2023-11-12 01:23:04",@MiCHIBiKU_,"Ini sih logika ku juga. HP nya dari awal sudah kena exploit vulrn...",1,UgweBZCe4-9SeC6DmpR4AaABAg,@fajar79
UgweBZCe4-9SeC6DmpR4AaABAg.9wyYOILps3u9x-JGLfdNfC,,0,"2023-11-12 01:50:38",@mrbert,"Baca Deskripsi yaaa. Bahkan ada photo pembelian nya dan kotak dan imei nya. Coba diliat yaaaa.",1,UgweBZCe4-9SeC6DmpR4AaABAg,@fajar79
UgweBZCe4-9SeC6DmpR4AaABAg.9wyYOILps3u9x-JGxv44Bv,,0,"2023-11-12 01:50:43",@mrbert,"Baca Deskripsi yaaa. Bahkan ada photo pembelian nya dan kotak dan imei nya. Coba diliat yaaaa.",1,UgweBZCe4-9SeC6DmpR4AaABAg,@fajar79
UgweBZCe4-9SeC6DmpR4AaABAg.9wyYOILps3u9x-JHwVnc1H,,0,"2023-11-12 01:50:51",@mrbert,"Baca Deskripsi yaaa. Bahkan ada photo pembelian nya dan kotak dan imei nya. Coba diliat yaaaa.",1,UgweBZCe4-9SeC6DmpR4AaABAg,@fajar79
UgweBZCe4-9SeC6DmpR4AaABAg.9wyYOILps3u9x-YbEY4BFG,,0,"2023-11-12 04:04:41",@fajar79,"@mrberthp boleh dibeli dari retail resmi, apa pernah update OS nya? setahu saya diakhir 2022 pernah ada kasus exploit via browser yang menyerang produk samsung, saya nggak tau apakah ini terkena apa nggak, dan itu sempat heboh di uni emirate arab. apalagi ini kan produk diperkenalkan oktober 2022, jadi kalau belum pernah update sangat mungkin membawa hole ini. kita coba mengeliminasi segala kemungkinan, ingat, saat mengaktifkan transaksi financial, ada penandatangan dokumen yang menyetujui segala transaksi perbankan di perangkat mobile jadi resiko pengguna. biarpun aplikasi/hp ada bug semacamnya, bank otomatis sudah dikeluarkan dari tanggungjawab ganti rugi.",1,UgweBZCe4-9SeC6DmpR4AaABAg,@fajar79
Ugy7TW3c9RwsWG8QaZt4AaABAg,1,0,"2023-11-11 09:20:52",@albertuskurniawan6529,"Oh itu Mr bert bkn hacker kayanya cupu bngt. Udah jelas data QRISNYA kebobolan. Yh 99% yg diminta bukan CCTVnya dong... itu kan gampang bngt dibobolnya. QRIS rumah sakitnya dong yg diminta... itu QRIS k Hacker 5 mnt lu telpon ke QRIS Customer service kan kelar masalahnya, asalkan.... ada bukti QRIS palsunya. Uangnya bisa balik 100% setau gw.",0,,
Ugy7TW3c9RwsWG8QaZt4AaABAg.9wyY-8cfRRL9wyYUc3TCuB,,0,"2023-11-11 09:25:10",@mrbert,"Agan. Coba lu jelaskan gmn kok ada kembalian qris payment 2 kali 2 juta. Dan kasian nasabah minta tolong ga ada kepastian malah diminta bukti CCTV. Kan sedih",1,Ugy7TW3c9RwsWG8QaZt4AaABAg,@albertuskurniawan6529
UgwvJvLydSYMwgdNoVp4AaABAg,0,1,"2023-11-11 09:16:05",@HannaYen-m4d,"Weleh kok serem ya😢😢..kok kaya ada orang dalamnya yg bermain ya🤔🤔🤔",0,,
UgyU-IXt3lPY7bdpmU14AaABAg,0,0,"2023-11-11 09:15:41",@AlvinSusanto-fr1bf,"Barcode berbeda dgn QR code ya... Org mention Barcode tp yg dibahas QRcode",0,,
UgyoWuZO5KGjhcRpJSN4AaABAg,0,0,"2023-11-11 09:08:21",@adw8112,"Ada informasi transaksi kemana? Harusnya tidak terlalu sulit memeriksa rekening tujuan transaksinya.",0,,
UgwFsUr6wET2DOCdH2p4AaABAg,3,10,"2023-11-11 09:02:11",@rivaldowijaya3411,"Beberapa kemungkinan yang saya pikirkan: 1. mbak ini kena gendam waktu turun gunung sehingga ga cuma terjadi transaksi uang keluar tapi juga data nya diambil pelaku gendam. 2. mungkin pakai hp baru tapi hp lama dijual dan belum direset total atau pernah klik link dari hacker sehingga ada data yg bisa dimanfaatkan hacker. 3. Videonya belum clear karena mbak ini belum menjelaskan apakah sudah menelusur toko aiden dimana, apakah sudah minta rekaman cctv toko aiden atau belum, ciri"" pelaku bagaimana.",0,,
UgwFsUr6wET2DOCdH2p4AaABAg.9wyVrG47XWq9wypUN4HNVs,,2,"2023-11-11 12:02:25",@pusico6555,"Setuju banget. Ngehack sistem IT bank ga semudah itu. Mayoritas pembobolan kartu kredit / rekening ya dari SOCIAL ENGINEERING baik secara SADAR / TIDAK SADAR kita memberikan akses / informasi penting ke penipu. Sebagus apapun IT dari bank kalau kita kasih OTP dan PIN ke penipu ya sama aja bohong",1,UgwFsUr6wET2DOCdH2p4AaABAg,@rivaldowijaya3411
UgwFsUr6wET2DOCdH2p4AaABAg.9wyVrG47XWq9x2QIGP5RDv,,0,"2023-11-13 06:49:47",@devigi777,"Mungkin juga pegawai bank sendiri pelakunya yg ngerti seluk2 beluknya buat membobol",1,UgwFsUr6wET2DOCdH2p4AaABAg,@rivaldowijaya3411
UgwFsUr6wET2DOCdH2p4AaABAg.9wyVrG47XWq9x3RhmzJwSf,,1,"2023-11-13 16:21:23",@tiararoxeanne1318,"OP gak bisa menelusuri identitas pemilik toko Aiden karena rekening bank toko Aiden (penerima dana) bukan rekening BCA☹️",1,UgwFsUr6wET2DOCdH2p4AaABAg,@rivaldowijaya3411
UgzTOb8V8zowJjfhx1Z4AaABAg,2,1,"2023-11-11 09:02:00",@rachmadsupriyansah3717,"TAPI KAN KALAU TRANSAKSI PAKAI QRIS BCA HARUS LOGIN KE M-BANKING BCA DAN KONFIRMASINYA HARUS PAKAI PIN. MASA IYA AKUN M-BANKINGNYA BISA DIKLONING DI HP LAIN.",0,,
UgzTOb8V8zowJjfhx1Z4AaABAg.9wyVpxJLl9t9wzNYOzltwh,,0,"2023-11-11 17:08:48",@swogblum,"setuju sama ini, selama pake BCA selalu dimintai pin kalau pencurinya bisa jebol pin, wah hebat sekali pencuri jaman sekarang",1,UgzTOb8V8zowJjfhx1Z4AaABAg,@rachmadsupriyansah3717
UgzTOb8V8zowJjfhx1Z4AaABAg.9wyVpxJLl9t9x-edHaUo1g,,0,"2023-11-12 05:06:08",@augustin996,"Klo menurut saya.... Kemungkinan akun email/google ibu itu sudah di jebol.... Biar pun HP n kartu SIM baru klo login ny pakai email yg lama ya ... Otomatis lgs terinstal semua....",1,UgzTOb8V8zowJjfhx1Z4AaABAg,@rachmadsupriyansah3717
UgzG5AvjJKnjUVA9JF14AaABAg,1,0,"2023-11-11 08:42:51",@mitaglad,"Ini apakah sudah cek alamat IP nya yang transaksi QRIS nya..?",0,,
UgzG5AvjJKnjUVA9JF14AaABAg.9wyTdhyGPSf9wyVSI88-cU,,0,"2023-11-11 08:58:38",@mrbert,"Yaaa itulah tugas IT nya sebenarnya bukan tugas EVITA dan malah disuruh kasi video CCTV",1,UgzG5AvjJKnjUVA9JF14AaABAg,@mitaglad
Ugxi3y0O62bGVaPjFuJ4AaABAg,1,20,"2023-11-11 08:33:24",@request_nomor,"Dr transaksinya aja udah gak wajar, transaksi di toko yg sama berkali2, dan jarak jam nya juga berdekatan, harusnya pihak BCA curiga kalau transaksi tsb janggal, harusnya direspon dan di teliti dulu sblm menyalahkan nasabah.",0,,
Ugxi3y0O62bGVaPjFuJ4AaABAg.9wySZW_va6IAFhvPr6SSHM,,0,"2025-03-16 00:55:01",@ChanelPN,"​lunaticstory5471emang apa yang aman?",1,Ugxi3y0O62bGVaPjFuJ4AaABAg,@request_nomor
Ugx7Ba2Aws5aJC9oU3R4AaABAg,1,0,"2023-11-11 08:32:25",@fis805,"Apakah mungkin pernah bertransaksi di gerai tersebut dan dari mesin EDC atau sejenisnya itu si kasir terserting perulangan pembayaran.. contoh sederhananya seperti bayar tagihan bulanan, otomatis kan di potong sesuai tanggalnya. Karena jujur saya sendiri gak pernah input via mesin yg mengeluarkan barcode itu (yg biasa di kasir) siapa tau sda setting perulangan disana.. sehingga transaksi nya berulang2 apalagi nominalnya sama. Jadi tinggal liat lagi aja histori sebelum2nya🙏🏼",0,,
Ugx7Ba2Aws5aJC9oU3R4AaABAg.9wySSJXrhue9wyxG-TQnY1,,0,"2023-11-11 13:10:22",@vidmusic222,"Bener. Kaya auto debit gitu.",1,Ugx7Ba2Aws5aJC9oU3R4AaABAg,@fis805
UgwqmHmkSpwg94XS_QZ4AaABAg,0,0,"2023-11-11 08:31:08",@addym2x619,"Emang lebih amann tarik tunai ,simpan cash",0,,
UgxlbUKwnxBPMzuqepN4AaABAg,0,0,"2023-11-11 08:30:29",@addym2x619,"Biasanya kalau all transaksi ada notif di hp keluar",0,,
Ugy0fUy-ul89Bx1kCaV4AaABAg,1,0,"2023-11-11 08:24:59",@stevenqiu4716,"Nama toko kan ada... bisa cek lgsg qris pakai dimana.... cek cctv di lokasi toko transaksi",0,,
Ugy0fUy-ul89Bx1kCaV4AaABAg.9wyRaqmyrGv9wyRhKTS9Cs,,0,"2023-11-11 08:25:52",@stevenqiu4716,"Manatahu nongol suaminya yg transaksi disana? Atau org tidak dikenal😂😂",1,Ugy0fUy-ul89Bx1kCaV4AaABAg,@stevenqiu4716
UgyxWEWoetTO2Og2rHt4AaABAg,0,2,"2023-11-11 08:20:42",@dedemeka,"Jgn pake kartu jgn mbanking lah kalo harta cuma segitu2nya...kalo hanya untuk transfer kecil2 lah taro 10 jt max... Pake buku tabungan aja tarik. Pindah buku kalo transaksi besar.. Bahaya dunia maya",0,,
UgxU9xNQyVCfzeoLqNd4AaABAg,1,0,"2023-11-11 08:16:43",@lala77515,"Duit gw gk di taruh di bank,bank hnya sbgai alat transportasi alias lewat doang 😂 gw gk percya dngan pegawai² bank di Indonesia hampir semua pegawai bank di Indonesia kotor 😂😂😂",0,,
UgxU9xNQyVCfzeoLqNd4AaABAg.9wyQeD5rokk9wz27GwLhcW,,0,"2023-11-11 14:01:36",@idungGEDE,"jadi inget si susu gede melinda ",1,UgxU9xNQyVCfzeoLqNd4AaABAg,@lala77515
Ugz9lf2_a2u-8ijwaGV4AaABAg,0,0,"2023-11-11 08:14:58",@SriRejekiTgr,"Amsiong... 😝",0,,
UgxZSie8xw_txTzydRB4AaABAg,0,0,"2023-11-11 08:09:40",@farinifriyyahulwa7603,"Dari berita beredar, bank2 jaman sekarang tak aman. Mending pakai bitcoin, semua dijaga sendiri",0,,
UgyGUrsWixoyh4HJ3rV4AaABAg,0,0,"2023-11-11 08:02:44",@ricoganteng6409,"Aku curiga itu bukan karena dari dibajak tapi krn sim card di clone. Atau karena hal lain seperti kesalahan sistem",0,,
UgxuAXMngvU7R4UJSzp4AaABAg,0,3,"2023-11-11 07:49:57",@solideogloria3650,"Apakah smartphone yang bermasalah. perlu dicek juga. Saya pikir BCA harus lebih serius untuk selesaikan hal ini. Sebagai salah satu pengguna BCA yang telah lama mengenal dan menggunakan jasa BCA saya pikir BCA harus tangani dengan baik cari penyebabnya dan juga solusi bagi Mb.nya.",0,,
UgzEue2zdLs1q0dlVOV4AaABAg,0,0,"2023-11-11 07:41:41",@solideogloria3650,"Bisa gak Ko Bert jika hp Mbnya itu di clone oleh orang rumah atau orang lain, apakah semua datanya dsbnya ikut diclone dan digunakan oleh pihak orang yang mengclone?",0,,
Ugzggkxc4_qY5fquH094AaABAg,0,6,"2023-11-11 07:40:55",@starlandhobbies4002,"Jd inget konten setahun lalu yg ada pak Dharma Pongrekun mengenai qris bs kita akses tapi qris bs akses kita juga😢. Smg ada jalan keluar buat mba Evita",0,,
UgyPjJITyDx10so-NLx4AaABAg,1,0,"2023-11-11 07:35:34",@Cip3ngp3ng,"Lah salah transfer saja bisa di minta kembali, apalagi transaksi begini, seharusnya rekening di bekukan. Ayo lah bca, apa mau berubah birokrasi sprti plat merah.",0,,
UgyPjJITyDx10so-NLx4AaABAg.9wyLwvWqIKH9wz7TXRdedY,,0,"2023-11-11 14:48:20",@armansaleh4451,"Kalau uda ditarik uangnya mau dibekukan bagaimana? Qris adalah alat transaksi yg dikelola melalui BI. perlu dirunut dr awal sih case ini. Ibu ini transaksi apa aja sblm kejadian dan melakukan apa aja dg HPnya.",1,UgyPjJITyDx10so-NLx4AaABAg,@Cip3ngp3ng
UgyriFkxxmWxAJ1J7nt4AaABAg,0,1,"2023-11-11 07:05:26",@geckosound,"Berarti utk semua Pengguna BCA yg pke QR kemana-mana hrs bawa CCTV 😅😅😂",0,,
Ugw_ijnrZdJCuzMeDhx4AaABAg,0,1,"2023-11-11 07:02:21",@geckosound,"Saya pengguna BCA itu maksudnya gmn hrs pke CCTV, pikir pke Logika dan akal sehat.. Gusti..... Hrsnya pihak BCA hrs bantu Telusuri,.. betul itu Mr Bert setuju...",0,,
UgwKqYGt_y2PnAObhDd4AaABAg,0,0,"2023-11-11 06:59:43",@octavianara99,"BCA bobrok..",0,,
Ugy2nFpnfGTFVjsgSSV4AaABAg,0,0,"2023-11-11 06:54:00",@adi9859,"gini aja coba ganti handphone pakai punya suami atau adik terus ganti pin bca ... jika masih bermasalah berarti dari pihak app",0,,
UgxD470BFU8a0jJSXbN4AaABAg,10,46,"2023-11-11 06:48:51",@herusetiawan9460,"Pada waktu ganti hp baru sering kita kloning dari hp lama, Hp lama jangan dijual sebelum mereset total hp lama, HP lama masih terhubung dengan HP baru, transaksi baru yg kita lakukan di HP baru juga terekam di HP lama,. Jadi wajib reset Hp lama ke setelan pabrik, atau hpnya jangan sembarangan dipakai orang. Ini yg kurang disadari kebanyakan orang.",0,,
UgxD470BFU8a0jJSXbN4AaABAg.9wyGamcR1ST9wybNP2cmxB,,5,"2023-11-11 09:59:08",@davidbagus6769,"Jgn pernah pakai mbanking, trust me mbanking itu akses utk nyedot saldo, kapok sumpah, kalo ditawari buat mbanking jgn mau dah 😅 yg bri Dan Mandiri jg gt",1,UgxD470BFU8a0jJSXbN4AaABAg,@herusetiawan9460
UgxD470BFU8a0jJSXbN4AaABAg.9wyGamcR1ST9wypLqABRwT,,8,"2023-11-11 12:01:15",@pusico6555,"Setuju banget. Ngehack sistem IT bank ga semudah itu. Mayoritas pembobolan kartu kredit / rekening ya dari SOCIAL ENGINEERING baik secara SADAR / TIDAK SADAR kita memberikan akses / informasi penting ke penipu. Sebagus apapun IT dari bank kalau kita kasih OTP dan PIN ke penipu ya sama aja bohong",1,UgxD470BFU8a0jJSXbN4AaABAg,@herusetiawan9460
UgxD470BFU8a0jJSXbN4AaABAg.9wyGamcR1ST9wzWY4EnTq6,,0,"2023-11-11 18:27:24",@daengriyung1892,"​@davidbagus6769..saya udah 3 tahun saat ada covid pake m banking 5 bank digital sampai sekarang aman2 saja",1,UgxD470BFU8a0jJSXbN4AaABAg,@herusetiawan9460
UgxD470BFU8a0jJSXbN4AaABAg.9wyGamcR1ST9x84Y91dpeT,,0,"2023-11-15 11:35:09",@Karinaismyname,"@davidbagus6769Lu kira ini jaman batu ga bolehin pake mbanking. 😂 mbanking justru mempermudah dan cepet klo butuh transfer bayar2 apa pun jg lebih gampang bro",1,UgxD470BFU8a0jJSXbN4AaABAg,@herusetiawan9460
UgxD470BFU8a0jJSXbN4AaABAg.9wyGamcR1STA0gFmY5OrWe,,0,"2024-03-07 13:32:22",@MasHar-v4j,"Betul, pakai mbanking emang ngeri. Apa lagi yang awam.",1,UgxD470BFU8a0jJSXbN4AaABAg,@herusetiawan9460
UgxD470BFU8a0jJSXbN4AaABAg.9wyGamcR1STA1TQ-hHh8Gm,,1,"2024-03-27 01:03:42",@AndraMujip,"iya hp lama itu masih PENTING BANGET! aku aja nihh login mobile legends gabisa gegara kekunci di hp lama sedangkan hp lama udah laku….ya bisa sihh login tapi ketika mau kirim”skin kirim charisma ganti pengaitan lepas pengaitan itu gabisa harus nunggu selama 30 hari dan itu LAMA BANGET. so jadi jangan remehin hp lama sebelum semua data”kepindah di hp baru.",1,UgxD470BFU8a0jJSXbN4AaABAg,@herusetiawan9460
UgxD470BFU8a0jJSXbN4AaABAg.9wyGamcR1STA5Sd-H-4qJk,,0,"2024-07-04 03:52:19",@BACKLOGCTRL,"masuk akal.. saya tiap jual hp selalu saya master reset ulang ke pengaturan pabrik sebelum saya jual .",1,UgxD470BFU8a0jJSXbN4AaABAg,@herusetiawan9460
UgxD470BFU8a0jJSXbN4AaABAg.9wyGamcR1STAAS5RxvmbGv,,0,"2024-11-05 05:27:22",@bug_on_internet,"Betul, apalagi hp yg sistem operasinya itu Android yg berarti menggunakan Akun Google di mana 1 akun aja semua transkasi apa saja bisa terekam di situ. Wajib instal ulang/reset ke pengaturan pabrik klu misalnya mau pindah ke hp baru atau di jual tanpa log in pake akun google manapun.",1,UgxD470BFU8a0jJSXbN4AaABAg,@herusetiawan9460
UgxD470BFU8a0jJSXbN4AaABAg.9wyGamcR1STAD61SRu-uH6,,0,"2025-01-10 05:23:22",@ibramnurdiansyah19,"gw pake bca,,bolak balik ganti HP,,gak pernah sekalipun ada transaksi mencurigakan. Biarpun HP dkloning,,mbanking bca harus pake simcard bawaannya. Double log in juga gak bisa. Rata2 mbanking lainnya juga gak bisa double login. Tapi ya entahlah",1,UgxD470BFU8a0jJSXbN4AaABAg,@herusetiawan9460
UgxD470BFU8a0jJSXbN4AaABAg.9wyGamcR1STADH0Z0uXT2B,,0,"2025-01-14 11:47:11",@muhammadagungsyahputra275,"​@davidbagus6769 Trus yang aman apa yak?",1,UgxD470BFU8a0jJSXbN4AaABAg,@herusetiawan9460
Ugz53X7WyhSlLuj3oYJ4AaABAg,0,1,"2023-11-11 06:44:07",@hilman3457,"Udah amannya taro uang jgn banyak2 di rekening bank 😊",0,,
Ugwu-AFaJRQa0a2GM0F4AaABAg,0,0,"2023-11-11 06:43:38",@ijencomdev,"Saya sudah stop pakai QRIS BCA buat transaksi di Toko. Dua kali transaksi gak ter withdraw, padahal laporan transaksi di konsumen sudah berhasil. Komplain ke BCA katanya bank pihak konsumen yg bermasalah... Lapor ke Bank Konsumen katanya transaksi sdh berhasil...",0,,
UgyGgJbIpbOIqP9R9mh4AaABAg,0,3,"2023-11-11 06:41:40",@gatotsukarno5891,"Berarti tidak satu orang saja....kemarin saudara saya di bergas ungaran juga ke tarik e banking ke Dana..setelah ke bca juga ndak bisa ngelacak..karena pakai dana..pihak bank hanya menyuruh ganti pin...saja. kehilangan 6 jt...transaksi transfer ke dana tgl 3..4..5 november 2023",0,,
Ugw_1A_MUbrRIL7LZhd4AaABAg,0,0,"2023-11-11 06:37:33",@Kuatkanhati,"Takuttt walau duit gua gk byk hanya 35jt",0,,
Ugx_YvyiL8SeAP4ScMh4AaABAg,0,0,"2023-11-11 06:36:16",@LihatlahDirimu,"Wah ngeri ye BCA g aman, untung duit gue lasung tarik jadiin emas tiap bulannya",0,,
UgyCd8kiL7VR2jS6mjZ4AaABAg,1,0,"2023-11-11 06:31:28",@wahyudiherwanto,"Mutasi rekening nya janggal apa betul itu dari BCA atau aplikasi BCA?klo emang ada kejanggalan laporkan aja agak aneh g ada sinyal bisa trasaksi QRIS sendiri 🤔",0,,
UgyCd8kiL7VR2jS6mjZ4AaABAg.9wyEbPqLrfG9wyFDHHOGsF,,0,"2023-11-11 06:36:46",@mrbert,"Udah lhoo agan.udah capek bahkan dia cari kebenaran makanya dia minta untuk di share ke sosmed. Bukan cari sensasi tapi karena merasa buntu.",1,UgyCd8kiL7VR2jS6mjZ4AaABAg,@wahyudiherwanto
UgwN_LhcE3AJK6dJqnB4AaABAg,1,1,"2023-11-11 06:30:37",@bennyconstantine7593,"Semua transaksi digital bisa dilacak apalagi dgn adanya single identitas...kalau mbaknya benar jgn pernah takut....pst uangnya kembali...",0,,
UgwN_LhcE3AJK6dJqnB4AaABAg.9wyEW7UP6_g9wyF6C04rvp,,0,"2023-11-11 06:35:48",@mrbert,"Love your comment.",1,UgwN_LhcE3AJK6dJqnB4AaABAg,@bennyconstantine7593
UgzwO9nMLcHBxbzJh-d4AaABAg,0,0,"2023-11-11 06:29:00",@walet8468,"Itu udah di ambil alih sistem Android di hack, lapor polisi ajah biar di lakukan penyelidikan bank pasti kasih tau yg punya QR itu, nanti ketawan tujuan uang itu, bank enggak berani beberkan data nasabah kalau enggak ada penyidikan polisi,😎",0,,
UgzTuOmqWLuyOKKazXh4AaABAg,0,0,"2023-11-11 06:26:32",@ibrohimbaim1474,"Jangan aktifasi qris di aplikasi manapun . .!??",0,,
UgyEXtOwETa-E5f8rA94AaABAg,0,17,"2023-11-11 06:21:16",@djatmikorasid123,"Jangan jadi korban iklan BCA ya, kecuali pegawainya malaikat semua.",0,,
UgyRIxfVwzfEW_CLLBJ4AaABAg,1,0,"2023-11-11 06:19:44",@bennyconstantine7593,"Kalau berasa dirugikan lapor ke polisi yaaa...jgn ngarang2 cerita...bahaya..... apalagi melibatkan nama bsr perbankan 😮😮😮",0,,
UgyRIxfVwzfEW_CLLBJ4AaABAg.9wyDGQaJi9S9wyDhz9gaS4,,0,"2023-11-11 06:23:37",@mrbert,"Lu udah baca Deskripsi gak?",1,UgyRIxfVwzfEW_CLLBJ4AaABAg,@bennyconstantine7593
UgwlYNg3zZelu55awW14AaABAg,1,0,"2023-11-11 06:14:28",@LiepingTahir-wr2pc,"Uang Transfer Sendiri ke QRIS , nah itu QRIS An. Siapaa mosok sampe skrg gak ketauann An. Siapa atau Bank apa uda sebulan lebih gini? Anehh😮",0,,
UgwlYNg3zZelu55awW14AaABAg.9wyCeqm_AbB9wyDrFueROz,,0,"2023-11-11 06:24:54",@mrbert,"Masih menunggu BCA klarifikasi apa. Tinggal liat komputer dan follow the money ga sampai sebulan lahhh itu",1,UgwlYNg3zZelu55awW14AaABAg,@LiepingTahir-wr2pc
UgyHJbgq9Y7LtuqjBkF4AaABAg,2,1,"2023-11-11 06:04:04",@Lis-qu1nd,"iya menurut sy BCA kurang penanganan masalah nya, waktu itu sy pernah salah transfer ke salah satu mitra kerjaan yg sy sbnr nya tdk kenal secara pribadi dan tdk pernah berkomunikasi sama sekali tp krn dulu urusan kerjaan jd sy pernah sekali trf jd tersimpan no rek nya, terjadilah sy salah trf & penerima itu kayak mau ga mau balikin dgn alesan udh terpakai sm istri nya jd mau di cicil. yah psti nya sy ga mau krn sy jg butuh,, akhir nya sy minta tlg di bantu di batalkan transaksi nya, tp awal nya mereka gak mau. smpai suami sy bilang mau viralin akhir nya di bantu lah tp cuma di sambungkan tlp nya. akhir nya si bpk yg penerima itu malu dan lgs trf balik.",0,,
UgyHJbgq9Y7LtuqjBkF4AaABAg.9wyBTi65b0e9x-SCl7wWHW,,0,"2023-11-12 03:08:47",@heumimi,"Batal transaksi lgsg gitu emg ga bisa mba biasanya dimediasiin aja, kl di bisa in lgsg batal transaksi, byk dong nanti yg blgnya “salah transfer” buat batalin, pdhl trnyata bayar beli barang/sesuatu begitu uang masuk dia dpt barang yg dimau sama duit dia balik,",1,UgyHJbgq9Y7LtuqjBkF4AaABAg,@Lis-qu1nd
UgyHJbgq9Y7LtuqjBkF4AaABAg.9wyBTi65b0e9x-Sx30zOdx,,0,"2023-11-12 03:15:14",@Lis-qu1nd,"@heumimi iya minta di sambungin ke penerima nya, bahwa memang bnr sy slh trf dan tdk beli brg apapun, bkn nya main lgs minta tarik lg uang nya. akhir nya di sambungin lgs sprti yg sy infokan tp stlah sy ngotot, kalau ga yah ga di sambungin tlp nya",1,UgyHJbgq9Y7LtuqjBkF4AaABAg,@Lis-qu1nd
UgwOmXmPLm1d3O4R8jx4AaABAg,0,0,"2023-11-11 06:00:08",@Gimana677,"pasti sebelumnya ada instal sesuatu atau klik link, jadi sebenarnya hp itu sudah di kuasai",0,,
UgydkYn1AJlQmzl3E7F4AaABAg,0,0,"2023-11-11 05:55:57",@rosokkeliling,Waduuuuuuuhhhh,0,,
UgyOddbWn9ySJLbLAlh4AaABAg,0,0,"2023-11-11 05:48:33",@venerdyindrawanto9958,"System algoritmanya ada yg tidak beres, dibuat gak sesuai tujuan, seharusnya aplikasi nya tdk memberikan akses melakukan transaksi sendiri.",0,,
UgznlBy_YjU1N8uqafl4AaABAg,0,0,"2023-11-11 05:37:17",@bejoandrianto1777,"Lapor polisi aja Bu, ke cybercrime bisa",0,,
UgzrtSPQVcJtA1FAAll4AaABAg,0,0,"2023-11-11 05:33:39",@untungku6882,"Lapor ke perlindungan konsumen OJK",0,,
UgxYm_yuX5KaJCqqG494AaABAg,0,2,"2023-11-11 05:27:22",@harry-10101,"Hrsnya byk edukasi ttg penipuan online dll di siaran tv utk mengedukasi masyarakat umum. Susah kl hanya lewat medsos. Smg pihak2 terkait bs mengiklankan hal begini di tv agar masyarakat terhindar.",0,,
Ugwpx5v6iQBvSSnymRJ4AaABAg,0,1,"2023-11-11 05:19:48",@sumariagusprasetyo9376,"jadi kepikiran dech, apakah pegawai BCA juga tiap hari hp-nya di sorot CCTV?",0,,
UgyBwPI5uG1xbkyf_vR4AaABAg,0,1,"2023-11-11 05:11:51",@dawnlight7629,"Kayak sepupuku tiba2 ada transaksi qris sebesar 3jt, kejadian habis maghrib pas jam istirahat ho di tinggal orangnya tidur, jam 8 an di buka ada notif transaksi 3jt 😢",0,,
Ugxk08vJqywnnVhzfPh4AaABAg,1,8,"2023-11-11 05:08:13",@deskysuwitra,"QRIS biasanya ada nama merchantnya coba di riwayat transaksi itu QRIS nama merchantnya apa?",0,,
Ugxk08vJqywnnVhzfPh4AaABAg.9wy54evjEGPAArL13eewDk,,0,"2024-11-15 10:03:46",@intanagustina18,"Saya mengalami hal seperti itu. Tapi BRI. Sudah lapor Bank, membuat pengaduan. Apakah saldo bisa kembali? Karena bank mengatakan ""bank belum tentu menjamin pengembalian"" Mohon solusinya. Terimakasih",1,Ugxk08vJqywnnVhzfPh4AaABAg,@deskysuwitra
UgxNuQTcgJJHmgbxvuV4AaABAg,0,1,"2023-11-11 05:07:03",@Ivan.Explore,"Wahh jd ngeriii... harus terungkap kasus ini biar kami sebagai nasabah ga takut simpen duit di bca",0,,
UgxBrLJZHdjqayMPlJB4AaABAg,0,0,"2023-11-11 04:57:03",@Val-nl2xt,"Menunggu penjelasan pihak bca .. wait",0,,
UgwtUuNnIF7LcalgHGN4AaABAg,0,0,"2023-11-11 04:48:44",@jokopurwanto7758,❤,0,,
UgxNt9U9r7-nqOW2IPt4AaABAg,0,0,"2023-11-11 04:40:29",@OMdimas212,"Mau qR pun mestinya ada notif email ... Masak tiap hari g ngecek email ?? Atu SMS mungkin ?",0,,
Ugw0SRQw-ibTQ67SMJB4AaABAg,0,0,"2023-11-11 04:36:10",@DuraTin-jf9ro,".... 👍👍👍..",0,,
Ugwuioo7UyKN8E9Mffh4AaABAg,1,0,"2023-11-11 04:26:30",@wanglinggau7065,"BCA bisa di akses tidak harus dari MobileBCA namun juga mibsa melalui MyBCA,",0,,
Ugwuioo7UyKN8E9Mffh4AaABAg.9wy0JBNdxf99wy0gDCB-K-,,0,"2023-11-11 04:29:47",@mrbert,"Bener. Tapi pihak BCA mengatakan itu dari device itu. Dari semua imei dan detail hape nya. Bingung kan?",1,Ugwuioo7UyKN8E9Mffh4AaABAg,@wanglinggau7065
Ugz4nphvJxPbZz_6CTR4AaABAg,1,0,"2023-11-11 04:20:04",@nawimahmud7397,"GW UD SHARE LINK VIDEO INI KE ANGGOTA DPR RI ! ! !",0,,
Ugz4nphvJxPbZz_6CTR4AaABAg.9wy-_1ro0199wykzwqtDGu,,0,"2023-11-11 11:23:10",@tinarini02,Mantap,1,Ugz4nphvJxPbZz_6CTR4AaABAg,@nawimahmud7397
UgxlOaDnN053djQpJS54AaABAg,0,0,"2023-11-11 04:16:32",@chiaaachiaoo,"KALO BCA AJA KEBOBOLAN TRUS HARUS PAKE BANK APA YG AMAN DI INDO??? SIMPAN BAWAH BANTAL KAH?😂",0,,
UgzPg3zLH53rpXm6lyN4AaABAg,0,0,"2023-11-11 04:11:15",@kasperbeta4602,"Mana neh om busman...???😂",0,,
Ugx5QEV053Q35c5LzNV4AaABAg,0,2,"2023-11-11 04:10:09",@kasperbeta4602,"Kalo neh bank macem2 tuntut saja mba kerugian immateri sebanyak triliunan,biar nyungsep neh bank ! ! kerugian psikis tak terhingga alias tak bs di ganti uang ! !",0,,
Ugz_jJ7ejBayghyBG3l4AaABAg,0,0,"2023-11-11 04:06:49",@dogymolly1836,"Ooh sama aku jg prnh dpt saldo masuk, tp cuma 125 rb..",0,,
UgyGQlJ3loDaKyPvkm94AaABAg,10,1,"2023-11-11 04:04:52",@kasperbeta4602,"BOIKOT SAJA NEH BANK ! ! BIAR MISKIN ! ! EMANG PALING AMAN SISTEMNYA,TAPI MANUSIA NYA TIDAK MEMBIARKAN SISTEM BEKERJA ! ! POKOK NYA VIRALKAN ...NO VIRAL NO JUSTICE ! ! !",0,,
UgyGQlJ3loDaKyPvkm94AaABAg.9wxypeqHMrm9wyT2l3Odzv,,0,"2023-11-11 08:37:40",@request_nomor,"Segampang itu anda ngomong. Bank yg banyak masalah aja sampai skrg masih ada, apalagi bca termasuk bank teraman diantara yg lain. Semua hrs diselidiki dulu siapa yg salah",1,UgyGQlJ3loDaKyPvkm94AaABAg,@kasperbeta4602
UgyGQlJ3loDaKyPvkm94AaABAg.9wxypeqHMrm9wyVz8RbzrL,,0,"2023-11-11 09:03:15",@kasperbeta4602,"@request_nomor anda anda...TAE ! ! !",1,UgyGQlJ3loDaKyPvkm94AaABAg,@kasperbeta4602
UgyGQlJ3loDaKyPvkm94AaABAg.9wxypeqHMrm9wyWCYvyP7Z,,0,"2023-11-11 09:05:13",@kasperbeta4602,"@request_nomor SAMA LO BAJINGANNYA ! ! !",1,UgyGQlJ3loDaKyPvkm94AaABAg,@kasperbeta4602
UgyGQlJ3loDaKyPvkm94AaABAg.9wxypeqHMrm9wyWY4HL2Dh,,0,"2023-11-11 09:08:10",@kasperbeta4602,"@request_nomor PASTI !!!!! SUATU SAAT LO ATAU KELUARGA LO PASTI DAPAT MUSIBAH LEBIH PARAH DARI NASABAH2 BANK TERSEBUT YANG SUDAH TERZALIMI,PASTI ,PASTI ,PASTI ! ! !",1,UgyGQlJ3loDaKyPvkm94AaABAg,@kasperbeta4602
UgyGQlJ3loDaKyPvkm94AaABAg.9wxypeqHMrm9wyXHpcFhjw,,0,"2023-11-11 09:14:41",@kasperbeta4602,"@request_nomor UD NONTON VIDEO NYA SAMPAI TUNTAS GEK ,??TAU APA KATANYA ORANG BCA?????EH DUNGU...KIRA2 PERKATAAN TUH BCA KONYOL APA ENGGAK ,SAPI LO ! !",1,UgyGQlJ3loDaKyPvkm94AaABAg,@kasperbeta4602
UgyGQlJ3loDaKyPvkm94AaABAg.9wxypeqHMrm9wyY133qcLA,,0,"2023-11-11 09:21:08",@kasperbeta4602,"@request_nomor LO TAU ENGAK NJEENGG ,BRP BANYAK KASUS RUMAH DILELANG TANPA SEPENGETAHUAN DEBITUR,LO TAU ENGGAK NYET,,ADA DEBITUR YANG MASIH MEMBAYAR ANGSURANNYA ,TIBA2 KETIKA DEBITUR MAU BAYAR ANGSURAN SPRTI BIASANYA ,RUMAH SUDAH DI LELANG TAU INI ENGGAK. LO SAPI ???????!!!!",1,UgyGQlJ3loDaKyPvkm94AaABAg,@kasperbeta4602
UgyGQlJ3loDaKyPvkm94AaABAg.9wxypeqHMrm9wyYn-ZhC2Q,,0,"2023-11-11 09:27:49",@kasperbeta4602,"@request_nomor ud kita kopdar aj ,kita baku hantam aj yuk ,gw paling demen neh kelahi sama model2 manusia dungu kek lu ! !",1,UgyGQlJ3loDaKyPvkm94AaABAg,@kasperbeta4602
UgyGQlJ3loDaKyPvkm94AaABAg.9wxypeqHMrm9wyZI15K6Q_,,0,"2023-11-11 09:32:11",@kasperbeta4602,"@request_nomor HEI BANGSAT ,LO KOMEN TUH SAMA ADMIN SEPERTI KOMEN LO KE GW YANG SOK MEMBELA BCA ,ADMIN YANG UPLOAD VIDEONYA !!! UD DEH KL SATU WILAYAH KITA BAKU HANTAM AJ LAH ,BETA DARI AMBON !!! LO PEGANG PARANG GW PEGANG PARANG , SENG PEDULI LAI ,MO AKANG SP PUN ITU ! ! ! DALAM PUKI LO ! ! !",1,UgyGQlJ3loDaKyPvkm94AaABAg,@kasperbeta4602
UgyGQlJ3loDaKyPvkm94AaABAg.9wxypeqHMrm9wzaR2S9Q3-,,0,"2023-11-11 19:10:08",@request_nomor,"@kasperbeta4602 yg gw bahas mengenai boikot bank gak segampang loe ngomong, semua hrs diselidiki dan ada prosedurnya. Gw balas komen loe pakai bahasa sopan, maksud loe apa ngeluarin kata2 binatang ke gw?",1,UgyGQlJ3loDaKyPvkm94AaABAg,@kasperbeta4602
UgyGQlJ3loDaKyPvkm94AaABAg.9wxypeqHMrm9wzi-xvP1jZ,,0,"2023-11-11 20:16:20",@kasperbeta4602,"@request_nomor KONTOL ! ! !",1,UgyGQlJ3loDaKyPvkm94AaABAg,@kasperbeta4602
UgxTqWUL9UavQC_8DVd4AaABAg,1,0,"2023-11-11 04:04:00",@felixfelix962,"OJK dan BI mandul hehehe, udah byk kasus2 seperti ini di perbankan indonesia, tapi pelakunya blm tertangkap dan bisa diganti uangnya ga ya ???",0,,
UgxTqWUL9UavQC_8DVd4AaABAg.9wxyjKoxgq_9wxz1JVVhAP,,0,"2023-11-11 04:06:35",@mrbert,"Hahaha.... Psst psst you know lahhh",1,UgxTqWUL9UavQC_8DVd4AaABAg,@felixfelix962
UgzfjHKQWv9aUWg81554AaABAg,0,1,"2023-11-11 03:58:03",@guanyenni6691,"Itu di 18:39 tulisannya bukan saldo masuk , tapi koreksi payment qris",0,,
Ugy2LSK543wkyP7GC8N4AaABAg,0,1,"2023-11-11 03:55:13",@kimvalas1817,"Kak maaf apakah hpnya pernah di pegang orang lain? Seperti orang mba atau mas toko hp? Atau pernah d colok ke komputer? Tapi kalau sampai akhir menurut saya pribadi ada peluang ini kesalahan sistem dari QRISnya dimana memang QRIS merupakan sistem yang bukan di create oleh BCA dari nol. Tapi ada campur tangan pihak lain di luar BCA. Tapi maaf saya juga bukan orang BCA atau pihak QRIS. Semoga kakak Evita bisa mendapatkan kejelasan dan dapat kembali saldo rekeningnya kembali.",0,,
UgxikA6Q9PW2hkeCbVN4AaABAg,29,56,"2023-11-11 03:52:14",@sweetpopcorn45,"Jangan pernah pake BCA buat tabungan, sisakan uang sedikit sekali mencapai minimal saldo soalnya BCA fix jadi incaran scammer 😂",0,,
UgxikA6Q9PW2hkeCbVN4AaABAg.9wxxO7w7in89wyb9m-_I9p,,8,"2023-11-11 09:57:16",@davidbagus6769,"Ahh yg penting jgn pakai mbanking 😅 asli bro mbanking itu bisa nyedot sendiri tanpa sepengetahuan kita, bank bri Dan Mandiri jg gt, kalo bisa jgn pakai fitur mbanking, prefer bayar debit aja atau transfer drpd gituan",1,UgxikA6Q9PW2hkeCbVN4AaABAg,@sweetpopcorn45
UgxikA6Q9PW2hkeCbVN4AaABAg.9wxxO7w7in89wyoXP9LM8G,,0,"2023-11-11 11:54:06",@AsapLambo,"@davidbagus6769 bener bgt bang saya pun gapake mbanking walaupun harus effort dulu bolak balik ATM kalo mau tf",1,UgxikA6Q9PW2hkeCbVN4AaABAg,@sweetpopcorn45
UgxikA6Q9PW2hkeCbVN4AaABAg.9wxxO7w7in89wytof8GlEo,,0,"2023-11-11 12:40:17",@rickyredfield5228,"​@davidbagus6769apa bedanya transfer dan mbanking ? aku blum pake mbanking",1,UgxikA6Q9PW2hkeCbVN4AaABAg,@sweetpopcorn45
UgxikA6Q9PW2hkeCbVN4AaABAg.9wxxO7w7in89wywH4gyIZY,,19,"2023-11-11 13:01:46",@triwidiati1819,"Lha blm lama ditangkap 4 org pegawai bank , yg membobol duit nasabah justru yg tdk pakai mbanking supaya tdk terkontrol kalau ada transaksi direkeningnya.",1,UgxikA6Q9PW2hkeCbVN4AaABAg,@sweetpopcorn45
UgxikA6Q9PW2hkeCbVN4AaABAg.9wxxO7w7in89wz-e1TB4kO,,0,"2023-11-11 13:40:00",@idungGEDE,"ateng sotoy loe ",1,UgxikA6Q9PW2hkeCbVN4AaABAg,@sweetpopcorn45
UgxikA6Q9PW2hkeCbVN4AaABAg.9wxxO7w7in89wz8VOZB0pw,,3,"2023-11-11 14:57:19",@fivebagsforlife7479,"Trus yang aman mana😂",1,UgxikA6Q9PW2hkeCbVN4AaABAg,@sweetpopcorn45
UgxikA6Q9PW2hkeCbVN4AaABAg.9wxxO7w7in89wzRs1Z1Ho7,,2,"2023-11-11 17:46:34",@Sagi_Life,"Mungkin para scammer pada tertantang ingin ngehack BCA karena selama ini sebagian besar netizen pada yang over muji2 BCA itu kali ya🙄",1,UgxikA6Q9PW2hkeCbVN4AaABAg,@sweetpopcorn45
UgxikA6Q9PW2hkeCbVN4AaABAg.9wxxO7w7in89wzY4FgJ50B,,0,"2023-11-11 18:40:48",@LenovoGinoga,"@fivebagsforlife7479 yang aman itu nabung pake brankas di rumah",1,UgxikA6Q9PW2hkeCbVN4AaABAg,@sweetpopcorn45
UgxikA6Q9PW2hkeCbVN4AaABAg.9wxxO7w7in89x-IqprdyYF,,0,"2023-11-12 01:47:00",@herudento9922,"BCA paling ketat dan ribet urusan keamanan. Apa harus pakai iOS ya yang katanya lebih aman",1,UgxikA6Q9PW2hkeCbVN4AaABAg,@sweetpopcorn45
UgxikA6Q9PW2hkeCbVN4AaABAg.9wxxO7w7in89x-pvZRHFCB,,0,"2023-11-12 06:44:45",@friendly776,"​@fivebagsforlife7479yg aman adalah jangan naro duit di bank 😂 .punya duit gede langsung beli emas aja 😂. Boleh punya rekening bank tapi gak usah di isi .😂",1,UgxikA6Q9PW2hkeCbVN4AaABAg,@sweetpopcorn45
UgxikA6Q9PW2hkeCbVN4AaABAg.9wxxO7w7in89x-rkF1lP_d,,0,"2023-11-12 07:00:41",@tutywinanto3818,"​@fivebagsforlife7479simpan di bawah kasur 😅",1,UgxikA6Q9PW2hkeCbVN4AaABAg,@sweetpopcorn45
UgxikA6Q9PW2hkeCbVN4AaABAg.9wxxO7w7in89x0A1y53hxz,,0,"2023-11-12 09:49:16",@henrydesmo6957,"​@herudento9922yg gw tau sistim keamanan IT bca paling canggih di banding bank2 lain, bahkan bca kalah 1 peringkat dgn sistim keamanan punya Pentagon ( departemen Pertahanan Amerika)",1,UgxikA6Q9PW2hkeCbVN4AaABAg,@sweetpopcorn45
UgxikA6Q9PW2hkeCbVN4AaABAg.9wxxO7w7in89x0C6b8Exm7,,0,"2023-11-12 10:07:22",@henrydesmo6957,"​@Sagi_Lifemenurut gw kayanya hacker yg melakukan",1,UgxikA6Q9PW2hkeCbVN4AaABAg,@sweetpopcorn45
UgxikA6Q9PW2hkeCbVN4AaABAg.9wxxO7w7in89x0_cbPHlic,,2,"2023-11-12 13:41:35",@dentasrilestari3004,"bca paling nyaman hanya buat transaksi keluar masuk aja, klu ada dana banyak taruh di bank lain dulu baru mau transaki di lewatkan bca😊 itu sih kalau aku,,",1,UgxikA6Q9PW2hkeCbVN4AaABAg,@sweetpopcorn45
UgxikA6Q9PW2hkeCbVN4AaABAg.9wxxO7w7in89x1M72FELRM,,0,"2023-11-12 20:54:03",@gamesordie8908,"Cara paling aman itu ya di pindah saldonya ke RDN, syaratnya punya dulu RDN nya.",1,UgxikA6Q9PW2hkeCbVN4AaABAg,@sweetpopcorn45
UgxikA6Q9PW2hkeCbVN4AaABAg.9wxxO7w7in89x1agJj4rZH,,7,"2023-11-12 23:10:05",@ucokkristian174,"Kayanya waktu pke mbanking pake wifi umum, mending pke data seluler pribadi.",1,UgxikA6Q9PW2hkeCbVN4AaABAg,@sweetpopcorn45
UgxikA6Q9PW2hkeCbVN4AaABAg.9wxxO7w7in89x1z8L5U06b,,0,"2023-11-13 02:43:45",@nuryantolohanata4126,"​@ucokkristian174 sependapat",1,UgxikA6Q9PW2hkeCbVN4AaABAg,@sweetpopcorn45
UgxikA6Q9PW2hkeCbVN4AaABAg.9wxxO7w7in89x25uyncXj9,,0,"2023-11-13 03:51:42",@wayaja141,"Kalau gw gak bikin mobile banking bca, tapi pakai klikbca yg token. Gimana, jadi lebih aman nggak?",1,UgxikA6Q9PW2hkeCbVN4AaABAg,@sweetpopcorn45
UgxikA6Q9PW2hkeCbVN4AaABAg.9wxxO7w7in89x2HCYZgofO,,0,"2023-11-13 05:30:21",@momliasari3228,"​@ucokkristian174betul, saya juga selalu pake data seluler kalau mau buka M Bangking biar aman. Wifi rawan kalau buka M Banking.",1,UgxikA6Q9PW2hkeCbVN4AaABAg,@sweetpopcorn45
UgxikA6Q9PW2hkeCbVN4AaABAg.9wxxO7w7in89x2draYWF5O,,1,"2023-11-13 08:57:04",@AndikSantuso-om4ck,"Klw punya uang di masukan kota amal itu lebih aman",1,UgxikA6Q9PW2hkeCbVN4AaABAg,@sweetpopcorn45
UgxikA6Q9PW2hkeCbVN4AaABAg.9wxxO7w7in89x3f5-qMg_3,,4,"2023-11-13 18:27:01",@yudachanel4277,"Yq jelas jngn suka pakai wifi sembarangan ...",1,UgxikA6Q9PW2hkeCbVN4AaABAg,@sweetpopcorn45
UgxikA6Q9PW2hkeCbVN4AaABAg.9wxxO7w7in89x3fPUwW68Z,,0,"2023-11-13 18:29:49",@yudachanel4277,"​@wayaja141semua aman.yq ga aman sering pakai internet gratisan ..😂😂😂sama adja ngasih kunci rumah ke malingnya..",1,UgxikA6Q9PW2hkeCbVN4AaABAg,@sweetpopcorn45
UgxikA6Q9PW2hkeCbVN4AaABAg.9wxxO7w7in89x5Uw1v7wF4,,0,"2023-11-14 11:28:01",@Ujang_galon33,"​@yudachanel4277bisa jadi ini, apalagi install aplikasi gk jelas",1,UgxikA6Q9PW2hkeCbVN4AaABAg,@sweetpopcorn45
UgxikA6Q9PW2hkeCbVN4AaABAg.9wxxO7w7in8A3N_2LkCY0R,,0,"2024-05-13 11:38:48",@djatmikorasid123,"Yg aman dibelanjakan ​@fivebagsforlife7479",1,UgxikA6Q9PW2hkeCbVN4AaABAg,@sweetpopcorn45
UgxikA6Q9PW2hkeCbVN4AaABAg.9wxxO7w7in8ADyIVBHYjpJ,,0,"2025-01-31 16:30:31",@yuliusdeddy1819,"​@fivebagsforlife7479taruk uang lu di bawah kasur.",1,UgxikA6Q9PW2hkeCbVN4AaABAg,@sweetpopcorn45
UgxikA6Q9PW2hkeCbVN4AaABAg.9wxxO7w7in8ADyIb7FL45X,,0,"2025-01-31 16:31:28",@yuliusdeddy1819,"​@AndikSantuso-om4ckkalau tidak pnya uang atau ada masalah. Ambil d kotak amal? Udah amal belum situ?",1,UgxikA6Q9PW2hkeCbVN4AaABAg,@sweetpopcorn45
UgxikA6Q9PW2hkeCbVN4AaABAg.9wxxO7w7in8ADyR2HHR0HQ,,0,"2025-01-31 17:45:13",@AndikSantuso-om4ck,"@yuliusdeddy1819 comen ga jelas",1,UgxikA6Q9PW2hkeCbVN4AaABAg,@sweetpopcorn45
UgxikA6Q9PW2hkeCbVN4AaABAg.9wxxO7w7in8AHWcbJNrPgG,,0,"2025-04-29 23:22:36",@Faj800,😅...,1,UgxikA6Q9PW2hkeCbVN4AaABAg,@sweetpopcorn45
UgxikA6Q9PW2hkeCbVN4AaABAg.9wxxO7w7in8AHXmUdfBrL9,,0,"2025-04-30 10:08:10",@AndikSantuso-om4ck,"@Faj800 😄",1,UgxikA6Q9PW2hkeCbVN4AaABAg,@sweetpopcorn45
UgxJSXKoTTA_MT4Dvax4AaABAg,0,0,"2023-11-11 03:46:54",@masbudi9507,"Kalau lihat transaksinya itu pembayaran ke Toko Aiden semua, berarti mesti cek itu Toko apa dan lokasi dimana?",0,,
UgxWQFyf5zO5Uo5Hmph4AaABAg,2,0,"2023-11-11 03:44:27",@fransgom,"follow the money saja. asalkan niat buka saja semua. ga mungkin ga bisa di trace lah. tergantung niat aja mau apa engga pihak Bank nya.",0,,
UgxWQFyf5zO5Uo5Hmph4AaABAg.9wxwV97YdZv9wxxRGUIT0e,,1,"2023-11-11 03:52:40",@mrbert,"Ga susah kan. Niat ada gak itu aja",1,UgxWQFyf5zO5Uo5Hmph4AaABAg,@fransgom
UgxWQFyf5zO5Uo5Hmph4AaABAg.9wxwV97YdZv9wyL_X41P9W,,0,"2023-11-11 07:32:23",@david3hdse33,"​@mrbertpercuma dl saya pernah ujung2nya suruh urus sendiri sudah bolak balik minta data ke bca dan akhirnya suruh urus sendiri ke yg terima uang , payah lah bank gk transparan",1,UgxWQFyf5zO5Uo5Hmph4AaABAg,@fransgom
Ugy8G2pLgIdrtEFYE3x4AaABAg,0,1,"2023-11-11 03:38:58",@lidialidia5337,"Gaaneh bcamah sering kena...kan karyawan sendiri dulu bukan yg dilacak tahunya ..padahal kalau mau ganti buku aja prosedur ribet bener...yang tandatangan beda dikit juga suruh rubah kalau ambil.uangwkkwkw taunya suka dijebol sendiri ...parah..kalau ga ingat BCA dimana mana mah malas",0,,
UgzPzkzcYAVLMXiOg-B4AaABAg,0,0,"2023-11-11 03:37:53",@penggunaconquerorhaki,Ngeri,0,,
UgxQZn7qiyfIHfNTzi54AaABAg,0,0,"2023-11-11 03:35:55",@Restoagus,Up,0,,
UgwK4-e3ph6kdioO3gh4AaABAg,0,0,"2023-11-11 03:35:14",@hilmirhamadhani5376,"Di share di IG ja lalu tag bank tersebut",0,,
UgwVeYmHNQcITQT42mF4AaABAg,0,2,"2023-11-11 03:21:25",@menthe4021,"Dari sni emng trx paling aman tu gunain CC sih . Kalau ada trx aneh2 tinggal sanggah aja.. biasa lebih cepat ditanggapin dan diproses krn pake uang bank dlu kan.. ketimbang uang nasabah lgsung yg hilang pasti prosesnya dilama2in.. sudah rahasia umum di bagian keuangan tu begtu",0,,
UgwJRwM_clK6BgeASY14AaABAg,0,1,"2023-11-11 03:15:07",@ParetoEmperor-jp6ke,"kena Leak vulnerabilities dan di exploit habis2an. bocornya kemungkinan di Swap Sim card, duplicate Imei, dan yang paling mencurigakan kena PHISING saat scan QR untuk membuat BACKDOOR link access ke hp serta pakai WIFI PUBLIC yang biasa dipakai jadi pancingan internet gratis dari scammer.",0,,
UgyEc-OjDWkBKZQsqd54AaABAg,1,0,"2023-11-11 03:06:47",@SarwantoHSwarso,"Logika awam, lalu lintas transaksi bisa dideteksi sepenuhnya oleh pihak bank, baik pengirim maupun penerima, bahkan semua HP bisa dideteksi posisinya dengan MAPS dan IPnya. Ini problem bersama.",0,,
UgyEc-OjDWkBKZQsqd54AaABAg.9wxsBF_7DKG9wxyYASkhsp,,0,"2023-11-11 04:02:20",@dogymolly1836,"Kl pelaku hacker ga kelihatan uang kapan keluar atau transaksi ke siapa, bahkan sy sebelum ambil uang sy di atm becea msh cek dana terakhir uang sy 61 juta delapan ratus delapan puluh delapan ribu sekian.. lalu sy tarik 1, 800 rb, setelah itu saldo sy menjd 59 jt, 39 rb sekian.. sy lapor ke becea, katanya knp ga phitoin monitor atmnya, sy blg ga mikir kesitu, kl masalah sy setiap sy transaksi baik m-benking, devit belanja, debit resto disitulah dana sy hilang, dan baru ngeh setelah sebulanan, lbhbkurang dana sy spertinya hilang hmpir 20 jt an, akhirnya sy tarik semua dana sy. Utk trsaksi berikutnya sy pinjem account temen",1,UgyEc-OjDWkBKZQsqd54AaABAg,@SarwantoHSwarso
UgyauohytXyV0f7qGr94AaABAg,0,0,"2023-11-11 03:02:28",@HADES00151,"kena PHISING SIH INI yakin gue, apalagi android paling gampang susupannya bro, bisa via link, browser, grup wa dll. eksekusi hacker gak serta merta langsung di eksekusi sih, ya mungkin si hacker mantau juga itu saldo pas lagi tinggi baru eksekusi, masalah sinyal naik turun, bukan mati plek sinyal nya kan, eksekusi remote pasti harus ada internet gak bisa offline. untuk notifikasi ada atau tidak, kalau hp udah kesadap pelaku bisa nonaktifkan pemberitahuan apps nya, dan dipastikan juga apakah si konsumen bca ini setting notifikasi pendebetan rekening atau peng kreditan rekening dengan batas transaksi berapa supaya ada notifikasi, baik dari sms maupun app. perlu di telusuri lebih jauh cara penggunaan handphone nya, backtrace juga pernahkah pakai wifi publik? dari vidio ko albert ini, perspektif pribadi saya saat ini ada di human error. semoga cepat terselesaikan kasus nya, berhubung kemarin sempat ada isu bug di aplikasi BCA mobile ya jadi kasus ini pun mungkin karna bug lain",0,,
Ugwr76cl-KZ04ajXFR54AaABAg,0,0,"2023-11-11 02:59:31",@tommyariesta8955,"Babi ngepet era digital haha",0,,
UgwelBUxjkY6jioMKYl4AaABAg,0,0,"2023-11-11 02:59:10",@londobirdfarm474,"Hebat hackernya.....kelas tinggi. Pingin tahu siapa orangnya. Sampai bisa ngerti kode bank dan security tercangih....di Asia. Mari kita tunggu episode selanjutnya atau korban selanjutnya.",0,,
UgwkfyzCxFiRBWbKiLd4AaABAg,0,0,"2023-11-11 02:51:36",@nokia_3315,"waw.... bagi orang kecil spt sy 60jt uda spt 1M.",0,,
Ugx4MBEht2asOBcFuCB4AaABAg,1,5,"2023-11-11 02:51:00",@amoswang1473,"Konsumen disuruh membuktikan sendiri. Padahal BCA bisa menelusuri ditransfer kemana dan ke siapa. Dulu teman saya juga pernah bermasalah, karena ada transaksi online. Padahal dia tidak pernah punya akun online dan rek nya tidak terkoneksi sama sekali ke inet. Perjuangan dia panjang walau duit nya akhirnya balik.",0,,
Ugx4MBEht2asOBcFuCB4AaABAg.9wxqNcY59y-9x0X1Eje0qw,,0,"2023-11-12 13:10:08",@sulaim4n57,"dulu itu pake Bca jg kah?",1,Ugx4MBEht2asOBcFuCB4AaABAg,@amoswang1473
UgzvVQdexVrxMoLi8nZ4AaABAg,0,0,"2023-11-11 02:47:12",@sondagstefanus,"Solusi bisa refund kok",0,,
UgwgL30CrhhCl0uL3tF4AaABAg,2,8,"2023-11-11 02:45:24",@sondagstefanus,"QRIS sebenarnya hanya mengubah Gambar ke URL yg mengarah ke server QR tertentu. tentu bisa saja di bobol",0,,
UgwgL30CrhhCl0uL3tF4AaABAg.9wxpj_woScn9wyjFxzKuHb,,1,"2023-11-11 11:08:01",@pusico6555,"Sok tau QRIS itu bukan URL ga bisa di akses tanpa aplikasi payment. QRIS itu isinya cuman nomor rekening merchant doang.",1,UgwgL30CrhhCl0uL3tF4AaABAg,@sondagstefanus
UgwgL30CrhhCl0uL3tF4AaABAg.9wxpj_woScn9x-WiJTp8Wn,,0,"2023-11-12 03:48:11",@frefghyhjjggryhhhtfff,"​@pusico6555betul bukan url, bahaya atuh wkwkwkwk Itu cod_acct_no, cod_merchant dll",1,UgwgL30CrhhCl0uL3tF4AaABAg,@sondagstefanus
UgwQ6GCx2aGxWO9eAht4AaABAg,0,0,"2023-11-11 02:41:34",@cat_lofer7,"Nggak pernah terima notif, mungkin krn notifnya dinon aktifin...",0,,
Ugx__opFAl4e1_apiaZ4AaABAg,0,0,"2023-11-11 02:38:41",@cat_lofer7,"QR nya udah difoto orang kayaknya...kan kalo bayar2 tinggal nunjukin QR😮",0,,
UgzscYZCIb3F1jXCx2x4AaABAg,0,3,"2023-11-11 02:36:07",@meffendy27,"Di menit 13 sekian, dia bilang dia menyatakan dia mau coba bayar pake qris. Pertanyaan nya adalah. Apakah di masa terjadi transaksi qris, qpakah ada pernah nyambung wifi ke rumah sakit atau tidak?",0,,
Ugzimo49swI4G5i_mel4AaABAg,0,0,"2023-11-11 02:29:35",@jefridion6514,"Mending buka rekening ambilnya manual.. g usah ada atm atau banking kayanya....",0,,
UgykdA94Pegm1950aER4AaABAg,0,1,"2023-11-11 02:27:42",@agungmuktasimbillah5556,"Pendapat saya, mngkin masalahnya di HP, jgn2 IMEI atw metadata HP tsb ada copy an nya, shg pelaku yg menjual HP spt ni bisa mengendalikan transaksi dr jauh, jd coba di cek keaslian HP nya, ni hanya pndapat awam sy",0,,
UgxleQhNYtag_b3sK9t4AaABAg,0,0,"2023-11-11 02:27:36",@FNKchannell,"Klo hp iphone bisa lebih aman gak sih koh..jadi ngeri2 seda yg kasus gini",0,,
Ugzd3_vw43aPgSTZNrR4AaABAg,0,1,"2023-11-11 02:26:55",@yo_wassupdude,"Jadi ada kemungkinan ada something wrong di QRIS?",0,,
UgwSGCT4OSblBMciGcp4AaABAg,0,0,"2023-11-11 02:11:57",@alipsunaryo,"Lapor polisi biar ada aduan",0,,
UgzFECbv80cPuqzFawx4AaABAg,0,2,"2023-11-11 02:10:45",@warsinoslank2872,"Seaman amanya bank pasti tidak aman untuk nasabah,, 😂😂",0,,
Ugxek6yDL_E28F0qzCB4AaABAg,1,0,"2023-11-11 02:09:54",@dodidarmawan4733,"Aku curiga itu ada hubungan sama cabang pembukaan rekening bank nya juga. Sama ada aplikasi backdoor yang terpasang. Caranya restart, kembalikan ke setelan pabrik hapenya. Sama coba cek pembaruan sistem di hapenya. Ada loh hape yang buset jeleknya sistemnya, kayak 'Evcos'. Kita udah balik ke pengaturan pabrik, eh masih bisa jebol juga. 🙈",0,,
Ugxek6yDL_E28F0qzCB4AaABAg.9wxlfcFEbvW9wxmIsuPmMj,,0,"2023-11-11 02:15:24",@dodidarmawan4733,"Sama buat password pake bahasa 4l4y. Anak @l4y kita dulu emang punya inovasi yang up-to-date",1,Ugxek6yDL_E28F0qzCB4AaABAg,@dodidarmawan4733
UgzNQRmemurY-638AnR4AaABAg,0,0,"2023-11-11 01:57:55",@cuansidchannel,"Kan bisa ke lacak transaksinya kemana",0,,
Ugxfc7CSrTHUB6cp1a94AaABAg,0,2,"2023-11-11 01:40:44",@mrdiazviera,"QR 915 = Flight Number Qatar Airways QR915 😊",0,,
UgwRf0CemFP-UgxKQRR4AaABAg,0,0,"2023-11-11 01:31:59",@Chafa25,"Apa mungkin hapemya yg g steril? pas beli dah diisiin mallware...",0,,
UgwXyeWP141i_AIl4px4AaABAg,1,2,"2023-11-11 01:23:05",@denbagus124,"Hallo BCA?? Kenapa ini.. jgn buat nasabahmu khawatir naruh uang ditempatmu.. jgn sampai nilau sahammu amblas dan nasabahmu berpindah ke bank lain.",0,,
UgwXyeWP141i_AIl4px4AaABAg.9wxgJnSI-Re9wypT-A87Wh,,0,"2023-11-11 12:02:14",@pusico6555,"Ngehack sistem IT bank ga semudah itu. Mayoritas pembobolan kartu kredit / rekening ya dari SOCIAL ENGINEERING baik secara SADAR / TIDAK SADAR kita memberikan akses / informasi penting ke penipu. Sebagus apapun IT dari bank kalau kita kasih OTP dan PIN ke penipu ya sama aja bohong. Intinya selama lu SMART dan JAGA BAIK-BAIK data2 penting itu ya lu aman mau bank BRI sekalipun",1,UgwXyeWP141i_AIl4px4AaABAg,@denbagus124
UgwtrQY5oR_OnvWQOFF4AaABAg,0,0,"2023-11-11 01:23:01",@majumaju-ms3jr,"lapor polisi. jk mau bentar saja terlacak cm biasanya no viral no justice",0,,
UgztRV2b1ZOpA1z5HOx4AaABAg,0,0,"2023-11-11 01:13:34",@rukianazali8411,"Mr.Bert...cari salahnya ada dimana tuyul BCA ini. Tuyul beneren ni",0,,
UgweguLlVBUucR36ayZ4AaABAg,0,1,"2023-11-11 01:09:31",@rukianazali8411,"Viralkan terusss, ada tuyul di dlm m.banking BCA. SOP nge prank,nasabah tetap korban.",0,,
Ugxkg9Mch3Spx930pHh4AaABAg,0,0,"2023-11-11 01:02:49",@channalairindonesia3712,"Makin ke sini makin cangih penjahatnya. Ini lah yg bikin males taro duit di rek bank. BISA KAPAN AJA BOBOL..malingnya bukan bongkar brankas, IT boss",0,,
UgzoOjZNeY7yAWQN96R4AaABAg,1,2,"2023-11-11 00:58:46",@irwanariyanto8835,"BCA gk ada laporan transaksi. Kalau mandiri ada laporan di sms kan ke pe.ilik rekening kalau ada transaksi debit/kredit itu bisa antisipasi kalau ada transaksi hack berulang",0,,
UgzoOjZNeY7yAWQN96R4AaABAg.9wxdXdny6479xGGLlMwXB0,,0,"2023-11-18 15:52:14",@wagirah115,"Biasanya ada tp pemilik rekening gak menggunakan/mendaftarkan notifikasi sms transaksi,,karna harus daftar dulu baru fitur itu aktif",1,UgzoOjZNeY7yAWQN96R4AaABAg,@irwanariyanto8835
UgwFAA9KsH4diutXItB4AaABAg,26,155,"2023-11-11 00:33:28",@alvinstefanus,"Kalau di luar negeri contohnya seperti Korea Selatan, Singapore, dan lainnya sudah pasti pemerintah melalui badan perlindungan konsumen turun tangan dan menekan perusahaan yang merugikan konsumen, walau mungkin itu belum tentu kesalahan perusahaan sepenuhnya. Lah di Indonesia, pemerintah melalui OJK/BI (dalam hal ini) mana mau peduli? Kalau ada masalah, konsumen/rakyat cuma bisa berharap pada Tuhan dan berjibaku sendiri menyelesaikan masalah...",0,,
UgwFAA9KsH4diutXItB4AaABAg.9wxadH6knqt9wyChZILiBB,,17,"2023-11-11 06:14:50",@djatmikorasid123,"Justru kalau nasabah lapor OJK dianggap merepotkan OJK , memang demikianlah OJK di negara 062 itu sdh diservice oleh bank2 dan menekan nasabah.",1,UgwFAA9KsH4diutXItB4AaABAg,@alvinstefanus
UgwFAA9KsH4diutXItB4AaABAg.9wxadH6knqt9wyIuHl49ZJ,,3,"2023-11-11 07:09:00",@braderjunot,"Badan perlindungan konsumen indo dibawah kementrian apa sih? Cb netizen rame2 speak up.",1,UgwFAA9KsH4diutXItB4AaABAg,@alvinstefanus
UgwFAA9KsH4diutXItB4AaABAg.9wxadH6knqt9wyQU3EYyys,,18,"2023-11-11 08:15:11",@alvinstefanus,"@djatmikorasid123 OJK/LPS/organisasi-organisasi BI cuma didirikan/dibentuk pemerintah seakan sebagai pajangan aja, biar seakan memperlihatkan konsumen selalu ""aman"" tapi nyatanya di lapangan, zero action. Padahal kita berhak mendapatkan layanan itu karena kita toh bayar pajak. Kita warga negara.",1,UgwFAA9KsH4diutXItB4AaABAg,@alvinstefanus
UgwFAA9KsH4diutXItB4AaABAg.9wxadH6knqt9wyQv0aXoue,,9,"2023-11-11 08:19:00",@alvinstefanus,"@braderjunot itulah bro, semua lembaga-lembaga ini ambigu... masyarakat juga bingung yurisdiksinya dibawah apa... yang ada satu sama lain saling oper masalah, kalau ada sesuatu seperti layanan ""customer service"" yang cuma dengerin keluhan tanpa solusi. Kerjanya juga belum tentu transparan. Apa OJK masih dibawah BI atau sudah independen juga tak tahu. LPS dibawah OJK atau BI juga tak tahu. Yang pasti rakyat cuma tahu semua itu dibawah presiden dan itu terlalu general...",1,UgwFAA9KsH4diutXItB4AaABAg,@alvinstefanus
UgwFAA9KsH4diutXItB4AaABAg.9wxadH6knqt9wyVOQpkodb,,5,"2023-11-11 08:58:06",@Daop3_Rm280,"Betul saya mengalami nya sendiri.... Parah emang",1,UgwFAA9KsH4diutXItB4AaABAg,@alvinstefanus
UgwFAA9KsH4diutXItB4AaABAg.9wxadH6knqt9wyqlH0HO-N,,7,"2023-11-11 12:13:36",@populervideo4101,"Benar Banget tuh. Di malaysia saya sempat ngalamin kejadian yang berisiko banget. Dalam hitungan detik via call Center langsung beres ditangani Di Konoha pernah juga ngalamin... Malah ribet dan muter2",1,UgwFAA9KsH4diutXItB4AaABAg,@alvinstefanus
UgwFAA9KsH4diutXItB4AaABAg.9wxadH6knqt9wz-L7SHLQS,,12,"2023-11-11 13:37:17",@idungGEDE,"kasus obat sirup yg memakan banyak korban anak2, bpom aja tidak ada yg di pecat .. apalagi malu trus mengundurkan diri hahahaha jabatan manis kursi empuk emang membutakan nurani dan kemaluan",1,UgwFAA9KsH4diutXItB4AaABAg,@alvinstefanus
UgwFAA9KsH4diutXItB4AaABAg.9wxadH6knqt9wz9VSgLCD0,,5,"2023-11-11 15:06:04",@kimpoel33,"@alvinstefanus coba ada yg tahu dana LPS (Lembaga Penjamin Simpanan), sanggup menalangi kalau terjad apa-apa dengan simpanan masyarakat. La wong duit yg tersimpan dalam bentuk saham gw saja lenyap. Ngga tahu timbanya. Apalagi fresh money..mumet dah kalau urusan birokrasi di sini.",1,UgwFAA9KsH4diutXItB4AaABAg,@alvinstefanus
UgwFAA9KsH4diutXItB4AaABAg.9wxadH6knqt9wzHu8D8qKu,,4,"2023-11-11 16:19:29",@okywinansyah,"terus gmn apa pindah bank saja...",1,UgwFAA9KsH4diutXItB4AaABAg,@alvinstefanus
UgwFAA9KsH4diutXItB4AaABAg.9wxadH6knqt9x04HEV59ga,,6,"2023-11-12 08:58:55",@andrianmonica1169,"Mau minta tolong polisi, harus siap ilang 40% kalo balik, buat komisi udah kerja 😂",1,UgwFAA9KsH4diutXItB4AaABAg,@alvinstefanus
UgwFAA9KsH4diutXItB4AaABAg.9wxadH6knqt9x1fWqTHQZw,,0,"2023-11-12 23:52:20",@thomashadi5051,"Kejauhan kalo ngomong😂😂",1,UgwFAA9KsH4diutXItB4AaABAg,@alvinstefanus
UgwFAA9KsH4diutXItB4AaABAg.9wxadH6knqt9x45GsWML6s,,3,"2023-11-13 22:24:34",@nonibelanda507,"​@timanmister2569bener... Aku benci makan soto sebeentar saja ada tukang parkir nya,,, dah gtu pernah ku kasih receh eh d lempar it duid.. Dy ga mao receh.. Na jis.. Aku benci skali sma tukang parkir",1,UgwFAA9KsH4diutXItB4AaABAg,@alvinstefanus
UgwFAA9KsH4diutXItB4AaABAg.9wxadH6knqt9x5gMq_91yq,,0,"2023-11-14 13:16:40",@eddysedtiabudiwijayal6312,"Bank anjing, BIADAB ngerampok nasabah nya",1,UgwFAA9KsH4diutXItB4AaABAg,@alvinstefanus
UgwFAA9KsH4diutXItB4AaABAg.9wxadH6knqt9x9AUinENZ8,,2,"2023-11-15 21:46:21",@uprakoprek69,"Coba hp ny di ganti ba takut ny hp ny kna virus",1,UgwFAA9KsH4diutXItB4AaABAg,@alvinstefanus
UgwFAA9KsH4diutXItB4AaABAg.9wxadH6knqt9xBCcpsFdhg,,0,"2023-11-16 16:43:33",@sumberdayavideo7621,"@timanmister2569iy memang bukan masa bodoh dan bodoh. Lha org dia nya jgn psti dpt kok 😂😂",1,UgwFAA9KsH4diutXItB4AaABAg,@alvinstefanus
UgwFAA9KsH4diutXItB4AaABAg.9wxadH6knqt9xDn4WYxgEn,,0,"2023-11-17 16:49:16",@nickwin9252,​@andrianmonica1169yes,1,UgwFAA9KsH4diutXItB4AaABAg,@alvinstefanus
UgwFAA9KsH4diutXItB4AaABAg.9wxadH6knqt9xDnKPOoEc6,,0,"2023-11-17 16:51:26",@nickwin9252,"Pasti ada sesuatu sampai bca gak mau ganti",1,UgwFAA9KsH4diutXItB4AaABAg,@alvinstefanus
UgwFAA9KsH4diutXItB4AaABAg.9wxadH6knqt9xqb-3zYrcg,,0,"2023-12-03 03:53:17",@eterniaaabadi1823,"yg jadi masalah kalo emang di dlm organisasi ini justru yg sengaja tahu kelemahan sistem sengaja rampok dan berliindung dalam hukum bank dengan menyalahkan nasabah...inget dolo ada kasus lama bayar passport pake internet kalo salah pilih bikin baru atau perpanjang duit hangus ilang...terus kalo dicek korban yg ilang duit dipikir juga banyakkk bangettt 350rb duit masuk mana...makanya gue sihh oke kalo teknologi canggih dipake tetapi service dan keamanan sebanding jangan sampe malah merugikan konsumen dianggap salah atau teledor terus hangus hahahahhaha ini konyolnya indonesia soal walau namanya dihack pun mereka jujur mesti tahu siapa yg hack duit diputer2 kemana hahahaha",1,UgwFAA9KsH4diutXItB4AaABAg,@alvinstefanus
UgwFAA9KsH4diutXItB4AaABAg.9wxadH6knqt9yCYiYJyxnJ,,0,"2023-12-12 01:47:12",@kangpai8104,"Anjay ,,,berjibakU sendiri 😂",1,UgwFAA9KsH4diutXItB4AaABAg,@alvinstefanus
UgwFAA9KsH4diutXItB4AaABAg.9wxadH6knqt9z2HGRnVR_8,,0,"2024-01-01 22:33:40",@MusicBaruku,"Badan perlindungan konsumen mungkin pegawainya sudah meninggal semua...jadi banyak penipu bebas berkeliaran diindo",1,UgwFAA9KsH4diutXItB4AaABAg,@alvinstefanus
UgwFAA9KsH4diutXItB4AaABAg.9wxadH6knqtA1gOOxOXc61,,0,"2024-04-01 11:19:03",@Sahararaka,"Nah klau sk instal apk game gmn",1,UgwFAA9KsH4diutXItB4AaABAg,@alvinstefanus
UgwFAA9KsH4diutXItB4AaABAg.9wxadH6knqtA3vhH0ibGai,,0,"2024-05-27 03:04:07",@gunawansantoso8575,"bank terlalu terlena, sampai dimana akan terjadi rush money baru deh pada bangun",1,UgwFAA9KsH4diutXItB4AaABAg,@alvinstefanus
UgwFAA9KsH4diutXItB4AaABAg.9wxadH6knqtA4xaZDgasfW,,0,"2024-06-21 17:15:19",@tanghenny1417,"betul bro ,,beli barang, pesan hotel double bayar atau transfer uang gak masuk lapor langsung ditanggapin asal benar uang balik ke reg pemilk,,semua merasa safety ,,,lah diindo masih jadul aja pelayanananya,semoga aja ada perbaikan dan perlindungan konsumen lebih diutamakan ya",1,UgwFAA9KsH4diutXItB4AaABAg,@alvinstefanus
UgwFAA9KsH4diutXItB4AaABAg.9wxadH6knqtACXOh3MMy6o,,2,"2024-12-26 23:54:35",@joelnasution1667,"Negeri ini sdh rusak ,aparat jadi backing penjahat ,korup,Judol,narkoba dllsbnya waspada , jaga diri sendiri jgn sampai berurusan dgn Polisi karena mereka penjahat berseragam akan memeras kita.",1,UgwFAA9KsH4diutXItB4AaABAg,@alvinstefanus
UgwFAA9KsH4diutXItB4AaABAg.9wxadH6knqtAEWVkjvq73v,,0,"2025-02-14 08:39:48",@pakjoko4100,"Ya betull kak.....pihak yg terkait terutama cyber polri.....dah kriminal ini. .",1,UgwFAA9KsH4diutXItB4AaABAg,@alvinstefanus
UgwFAA9KsH4diutXItB4AaABAg.9wxadH6knqtAFQPPLtSGB6,,0,"2025-03-08 20:20:16",@ariestaavril6232,"Beda bro di indo parah parah : (",1,UgwFAA9KsH4diutXItB4AaABAg,@alvinstefanus
UgwFAvTIV2ASbirylGl4AaABAg,0,1,"2023-11-11 00:27:53",@denwiro1377,"Apakah kl kita bayar2 dgn QRIS itu ada potensi bahaya ya?? dari dl saya nggak terlalu sreg bayar2 dgn QRIS..nahh ini kasus malah muncul",0,,
Ugzaey7HarcoQn1tfCV4AaABAg,0,1,"2023-11-11 00:19:44",@Andy_Leored,"BCA jangan coba coba cuci tangan ya!",0,,
Ugzyr9IFwS-Gd5wYwJR4AaABAg,0,0,"2023-11-11 00:09:32",@shelowman,"Penghuni gaib gunung mungkin mbak....?",0,,
UgxeUY0ddsNJo-fMZ-h4AaABAg,0,0,"2023-11-10 23:35:37",@popoiboss4200,"Untung sy gk punya uang banyak di tabungan. Paling cuman 1 jt....hihi..",0,,
UgxAqSg25sSWVEaS5bp4AaABAg,0,1,"2023-11-10 23:34:57",@uminartirokani8751,"BCA hrs tgjwb !!!nasabah trs2an di aniaya dg dalih ini itu ....😢.bank sebesar itu spt jg BRI suering bnyak yg kemalingan ... bgmn ngatur keamanan cyber ?? Msak tdk bisa dtlusuri ??? Ya Allah .....kpd spa kami hrs prcya ? Apa kmi hrs nyimpan uang dlm tanah ???😭😭😭",0,,
Ugy_u6NNV98RpRbF6k94AaABAg,0,1,"2023-11-10 23:33:10",@pemburukontenseru,"jangan jangan itu hp pernah di instal aplikasi kamera dari iklan di fb/snack video/tik tok atau dari iklan sosmed lainya. perlu diketahui, aplikasi kamera dari iklan iklan tersebut sekali di instal dan sekali diberi izin pengguna dia bisa mengakses semua data di hp. bahkan tanpa internet sekalipun. saya pernah ujicoba instal yang dari iklan di snack video dan begitu saya instal dan saya beri izin langsung seketika nomer hp yang terpasang otomatis berlangganan dengan banyak sekali konten tidak jelas dan setiap konten itu setiap hari akan mengambil pulsa dari nomer hp tersebut, dan semua langganan itu tidak akan bisa dibatalkan selama aplikasi itu masih ada di hp tersebut. intinya aplikasi itu bisa mengakses 100% data di ponsel kita, melalui internet maupun non internet.",0,,
UgwWead04H8rm4ADw9R4AaABAg,0,0,"2023-11-10 23:26:43",@bukanultraman789,"Wah semakin ngeri ya. Mungkin dpt virus lewat email, whatsapp dll. Mulaisekarang jangan sampai hp yg ada mbangking dipegang anak atau siapapun..",0,,
UgwK4B2m3q1t0gz9Rlh4AaABAg,0,1,"2023-11-10 23:07:35",@pasukanelit8222,"W prnah ngalamin,Qr sya transfer sndiri, tw2 ad notif trnfr ke orng,tpi di ewallet dana",0,,
Ugz7G3dKszSPopTejlt4AaABAg,0,0,"2023-11-10 22:55:44",@wargaviralchannel,"bubur ceker ayam",0,,
UgxwQ8dPyubglpEV-fd4AaABAg,3,8,"2023-11-10 22:41:13",@fairytales6718,"Menurutku ini ada kelalaian dari sisi nasabah, entah kena hack di bagian mana, tapi hal ini harusnya menjadi evaluasi juga buat BCA, untuk bisa kembangin aplikasi yang anti hack.",0,,
UgxwQ8dPyubglpEV-fd4AaABAg.9wxOnDdJc2z9x4IbO0I_iT,,0,"2023-11-14 00:21:06",@Ayasegaki,"Sehebat apapun sistem anti-hack tetap akan tembus karena kelalaian user.",1,UgxwQ8dPyubglpEV-fd4AaABAg,@fairytales6718
UgxwQ8dPyubglpEV-fd4AaABAg.9wxOnDdJc2z9x4JUOfgZqP,,0,"2023-11-14 00:28:45",@fairytales6718,"@Ayasegaki memang benar tpi stidaknya bisa meminimalkan kelalaian itu, misal : kenapa token biru bca hanya dipakai untuk internet banking aja? Bisa aja mbanking atau app mybca di kasih 2 steps verification juga, misal aktifin di setting klau mau login harus pake pin token bca, ya walau ttp kalau token nya ilang bsa kebobol, at least meminimalkan",1,UgxwQ8dPyubglpEV-fd4AaABAg,@fairytales6718
UgxwQ8dPyubglpEV-fd4AaABAg.9wxOnDdJc2zA8xKM4BSuP0,,0,"2024-09-29 00:50:33",@zanuarzanu7274,"​@Ayasegakiiya balik lagi ke user",1,UgxwQ8dPyubglpEV-fd4AaABAg,@fairytales6718
UgwSjnHZXPlM2tpQvS94AaABAg,0,0,"2023-11-10 22:30:03",@Wongnduesoo,"QR bisa scan lewat foto, tidak harus selalu datang ke tempat nya",0,,
UgyCcU-3Sr_xhvrXsxh4AaABAg,2,0,"2023-11-10 22:25:30",@edwingunawan891,"Justru karena hapenya baru, pertanyaan yg belum ditanyakan: hp lama kemana?",0,,
UgyCcU-3Sr_xhvrXsxh4AaABAg.9wxN-7TTgiB9wy2jy7jNbf,,0,"2023-11-11 04:47:47",@AlifianoSanjaya,"Apa hubungannya,semua nya baru.Hallloooo.coba putar ulang.",1,UgyCcU-3Sr_xhvrXsxh4AaABAg,@edwingunawan891
UgyCcU-3Sr_xhvrXsxh4AaABAg.9wxN-7TTgiB9wy3OpRwPkX,,0,"2023-11-11 04:53:30",@edwingunawan891,"@AlifianoSanjaya hp lama kemana? itu mengandung byk informasi..",1,UgyCcU-3Sr_xhvrXsxh4AaABAg,@edwingunawan891
UgyrojT5yfoW0f2_yPN4AaABAg,0,1,"2023-11-10 21:51:54",@gainothing,"makanya rekening yg buat mobile banking jangan gede2 isinya.. udah banyak kok kejadian",0,,
Ugwfc7Y9V_W7RYLDkuB4AaABAg,1,0,"2023-11-10 19:15:37",@fxtrader9408,"itu toko aiden aj di cari, transaksi nya ber ulang2 ke situ, emg ini toko aiden lg nyolong duit mu",0,,
Ugwfc7Y9V_W7RYLDkuB4AaABAg.9wx1GLO1LCT9wx7AJBupPH,,0,"2023-11-10 20:07:13",@mrbert,"Semua udah dilakukan lapor polisi.periksa hape ke samsung. Periksa Kartu ke provider. Bahkan periksa semua detail data di google. Itu udah dilakukan laporan kepolisian. Kita tunggu hasilnya. Kita itu sangat penasaran bagaimana caranya.dan salahnya dimana. Evita di sini tidak mau menyalahkan siapapun.bahkan dia tidak menyalahkan BCA. HANYA SAJA DIA MAU JAWABAN. APAKAH ADA MUSUH DALAM SELIMUT ATAU BCA YG KENA HACK. ATAU APA. Jawaban itu yang dicari. Dan ga MrBert mau tahu salahnya dimana. Jika kesalahan di Evita yaaa Kita akan buat klarifikasi. Namun jika BCA yg salah. Yaaa kita mau BCA perbaiki system nya dan tetap jadi bank paling aman di Indonesia. Sesimple itu.",1,Ugwfc7Y9V_W7RYLDkuB4AaABAg,@fxtrader9408
Ugyf9lIPl2D3FCgrlWZ4AaABAg,0,1,"2023-11-10 17:57:50",@jati.87,"Kita tunggu kabar dr Mt Bert... Semoga segera ada solusinya...",0,,
UgxoN0VEa5PnFThJ8054AaABAg,2,0,"2023-11-10 17:43:02",@dot_id,"Pemuja BC* apa kabar? Yg selalu di banggakan dll, inget semua bank tu sama saja, cuman bumbunya aja yg beda, so jangan fanatik 😏 krn yg fanatik barangkali punya saham disitu, jadi gapengen sahamnya anjlok wkwk",0,,
UgxoN0VEa5PnFThJ8054AaABAg.9wwrfHybzg19wxyn-hRMGh,,0,"2023-11-11 04:04:30",@idjusguwang,"Betul, saya buka rekening full online di bca, saya langsung pakai sebagai rek utama dan mindahin 80% uang disana, yg sebelumnya di BRI, semingu kemudian saya ditelp bergiliran sama sales"" bca life disuruh buka asuransi, no nya beda"" dan salesnya beda"".. mereka tau saya punya saldo berapa dibca, usaha saya dan alamat saya. Kejadian terus berlanjut sampai 3 bulanan, karna saya merasa risih dan menggangu jadi saya putuskan komplain di halo bca, disuruh kirim screenshot panggilan masuk. Ada dua puluh lebih no sales bca life, dan mereka mengakui no tersebut milik marketing bca life, dan admin halo bca minta maaf. Setelah itu gak ada lagi telp masuk lagi dari sales bca life😂. Tp setelah kejadian itu saya putuskan pakai bri saja sebagai rek. utama.",1,UgxoN0VEa5PnFThJ8054AaABAg,@dot_id
UgxoN0VEa5PnFThJ8054AaABAg.9wwrfHybzg19wz15foJ490,,0,"2023-11-11 13:52:38",@vidmusic222,"@idjusguwang mandiri juga gitu. Sering sekali pihak asuransi nya nelpon. Hampir gw kejebak kata2 nya. Untung cepat sadar dan langsung menolak asuransi tsb. Sampe marah gw ma tu sales asuransi",1,UgxoN0VEa5PnFThJ8054AaABAg,@dot_id
UgzYL2OriSXOCv2Hh8p4AaABAg,1,3,"2023-11-10 17:10:51",@kurniadidajan9270,"Dari awal mbanking dikenalkan sy selalu menolak, smp saat ini hanya pakai internet banking. Nampak tidak modern dan kolot, tapi saya senyum saja melihat teman2 panik saat bnyk kasus.",0,,
UgzYL2OriSXOCv2Hh8p4AaABAg.9wwnzZ3eI3K9x0f_A0yyA1,,1,"2023-11-12 14:33:33",@NNF-26,"Benar sekali bro... Saya juga masih pakai klik bca yg pakai token manual.... Emang terlihat ribet dan gak keren... Tapi bukan itu yg kita cari ya.... Tapi keamanan uang kita...",1,UgzYL2OriSXOCv2Hh8p4AaABAg,@kurniadidajan9270
UgyezTkERdZmMEcesnt4AaABAg,3,16,"2023-11-10 17:10:14",@lookman7047,"Klo BCA niat tinggal ""FOLLOW THE MONEY"" saja. Uang keluar dari rek bu Evita lalu masuk ke rek siapa. Dan transaksi harusnya bisa di trace kembali metode verifikasi bu Evita. Kenapa hp tidak ada signal (tidak ada digital verifikasi) koq system BCA bisa debitkan rekening dan pindahkan dana. Apakah mungkin orang dalam di cabang BCA bu Evita yg terlibat dalam hacking ini? Contohnya, teller bisa saja pindahkan dana dgn input sebagai transaksi QR. Smoga kasus ini segera dapet diselesaikan dgn baik oleh BCA.",0,,
UgyezTkERdZmMEcesnt4AaABAg.9wwnv-gzp6m9wwx6mhOxdU,,2,"2023-11-10 18:30:37",@mrbert,"Smart. I like the way you say. Follow the money.",1,UgyezTkERdZmMEcesnt4AaABAg,@lookman7047
UgyezTkERdZmMEcesnt4AaABAg.9wwnv-gzp6m9x0Oejg1oE3,,0,"2023-11-12 11:57:02",@dudimh5972,"BCA nya yg ngga smart.... atau menutupi kelemahan sistem... parah",1,UgyezTkERdZmMEcesnt4AaABAg,@lookman7047
UgyezTkERdZmMEcesnt4AaABAg.9wwnv-gzp6m9x2nazpBorl,,0,"2023-11-13 10:22:11",@gresikchannel271,"Pake aplikasi screen mirroring.. atau remote hp lain pake hp kita",1,UgyezTkERdZmMEcesnt4AaABAg,@lookman7047
Ugw8SdjEJ5uVBpCQVtZ4AaABAg,0,0,"2023-11-10 16:33:38",@sanding168,"ini hanya 1 ko, ini org IT bca yg main, ambil barcode customer, n lakuin transaksi. kemudian refund seadanya karena dia ngeri, tapi gak bisa refund semua. koko google DBS staff singapore jailed... udah puluhan orang bank DBS singapore, bank pemerintah sendiri, yg dipenjara ama pengadilan singapore... semua permainan orang dalem ko. Saya lulusan IT, jadi gak heran, ini semua orang dalem IT bca sendiri yg main... dan bca gak akan tau siapa karena gak ada jejak... tapi semua info itu mengarah ke orang dalem IT bca. karena untuk refund, nomer handphone ganti itu gak efek... handphone baru itu gak efek... karena orang dalem IT bca itu tau namanya. mereka hanya cek nama mbak ini, langsung tau nomer handphone yg baru berapa... utk refund, karena hp nomer baru, yg tau hanya Tuhan, Mbak nya, atau orang IT BCA yg bisa liat nomer barunya di sistim bca..,. ini 100% permainan orang dalem bca... tapi bca terlalu penakut dan bos bos bca gak mau tau dan gak ada yg mau ngaku salah. pelit akan membuat bca runtuh. Bedanya BCA dan DBS singapore... DBS sini laporin ke polisi dan terbuka, dan refund customernya selagi mereka cek apa yg salah... BCA gak terima salah dan gak mau refund pelit dan gak mau lapor polisi karena takut salah.... DBS singapore gak takut ngaku salah dan langsung lapor polisi dan refund customer dulu. itu bedanya ko.",0,,
UgzB1nLqoPbjNv6HlJx4AaABAg,0,1,"2023-11-10 16:16:45",@skimcoat0343,"Kawal terus sampai tuntas",0,,
UgyRHwYeZof4WKRUv8l4AaABAg,2,6,"2023-11-10 16:00:28",@ciparaycctv,"Mohon maap, itu kan transaksi ke merchant menggunakan Qris... kenapa tidak dilacak merchant nya.. lokasi dimana ? Barang / jasa nya apa. Maap .. hanya coba ikut berpikir..",0,,
UgyRHwYeZof4WKRUv8l4AaABAg.9wwfw0hqkQR9x5kNPkHT6A,,1,"2023-11-14 13:51:42",@rudynurdiansyah384,"Lahh. Udh nntn sampai habis?",1,UgyRHwYeZof4WKRUv8l4AaABAg,@ciparaycctv
UgyRHwYeZof4WKRUv8l4AaABAg.9wwfw0hqkQR9x7GyyjSegc,,0,"2023-11-15 04:04:34",@ciparaycctv,"@rudynurdiansyah384 kurang mudeng... 😅 soalnya setau saya kalo ada transaksi QRIS nanti ada info transaksi di MBanking kita, baik nama toko/merchant sama Afiliasi QR nya ke Bank apa uang kita terkirimnya. Mudah""an kasus ini segera terungkap karena bisa terjadi juga kepada nasabah lain. Kalo bisa berita ini diangkat ke TV nasional biar pihak B C A nya mau menangani kasus ini dengan serius. Terkadang kita berpikir ini ulah Hack er... tapi ternyata permainan orang dalam Bank nya sendiri ..",1,UgyRHwYeZof4WKRUv8l4AaABAg,@ciparaycctv
UgwF9nZiDDjmrTvhrK94AaABAg,0,0,"2023-11-10 15:58:02",@asephernawan426,"Saya g trlalu prcaya am bank. Mau swasta atau yg lain. Saldo paling besar sya paling cuma 10 rbu.. Tiap gaji masuk lngsung aku bagi"" buat kprluan.😊",0,,
UgyA1Igx6WmpdR3f78B4AaABAg,0,0,"2023-11-10 15:57:26",@hrsismanta,"Ya caranya ceknya dari cctv dimana transaksinya .",0,,
UgwKmGw_ZZjNDk5HlSd4AaABAg,2,2,"2023-11-10 15:47:46",@dwiwahyukurniawan8405,"Apakah ini melibatkan pihak internalnya sendiri ya? seperti data yg digandakan dan diremote transaksinya, seakan2 Evita yg melakukan scan barcode. Kasus yg sungguh unik.",0,,
UgwKmGw_ZZjNDk5HlSd4AaABAg.9wweTyPfPlS9wwf43rBBzC,,5,"2023-11-10 15:52:58",@mrbert,"nahhhh kalo emang bisa di remote. Maka BCA tidak aman lagi. Itu kalo bisa di remote yaaa. Itu yang mau kita tahu dan ini terlalu lama ga ada kabar BCA nya. Stelah di naiikkan ke sosmed baru di prioritaskan BCA. Fair ga menurut lu??",1,UgwKmGw_ZZjNDk5HlSd4AaABAg,@dwiwahyukurniawan8405
UgwKmGw_ZZjNDk5HlSd4AaABAg.9wweTyPfPlS9wwfXVhTLJC,,0,"2023-11-10 15:56:59",@dwiwahyukurniawan8405,"Dan sebenarnya simpel, BCA tinggal berikan informasi identitas QRIS penerima trx tsb dan dicek apakah msi ada saldonya, jika msi ada ya segera blokir. Menurut sya agak dicuekin krn nilainya kecil ya (imho), dan beranggapan impack kecil, taunya nasabahnya blow up.",1,UgwKmGw_ZZjNDk5HlSd4AaABAg,@dwiwahyukurniawan8405
UgxQKKcyWK0w1ZwKIL14AaABAg,3,2,"2023-11-10 15:37:48",@adifixedit,"Kenapa om bert ga fokus ke kartu provider selularnya ya? Kejadian pembobolan m-banking ini dulu pernah terjadi jg di surabaya, beda bank beda cara, kejadiannya adalah setelah yg bersangkutan menutup nomor kartu pasca bayarnya di sebuah provider, dan yg bersangkutan lupa kalau nomor tsb pernah didaftarkan M-banking di sebuah bank, setelah beberapa bln kemudian baru th kalau uangnya hilang, dilacak di bank memang ditransfer dg m-banking, di tgl setelah nomor tsb di non aktifkan, kejadiannya hampir mirip, yaitu terjadi saat nomor tsb tidak ada koneksi selular",0,,
UgxQKKcyWK0w1ZwKIL14AaABAg.9wwdL-VJ-Wt9wwfBMrIXU7,,1,"2023-11-10 15:53:58",@mrbert,"Bukti hape baru. https://drive.google.com/drive/folders/1PbaBlgzuVSUenQwrQMxL-r0OLNkM7sye?usp=drive_link Jadi jelas ini hape baru dan resmi. jadi bukan hape second atau hape oprekan. Garansi resmi dan samsung. Dan sudah diperiksa ke samsung center dan bahkan sudah periksa ke Operator telkomsel. itu bukan kartu recycle",1,UgxQKKcyWK0w1ZwKIL14AaABAg,@adifixedit
UgxQKKcyWK0w1ZwKIL14AaABAg.9wwdL-VJ-Wt9wxWmHG5oMx,,0,"2023-11-10 23:51:00",@adifixedit,"@mrbert kartu recycle/tdk, hrsnya tdk berpengaruh di kasus yg surabaya, karena kejadian pembobolan setelah kartu dinonaktifkan, sy hanya melihat kesamaan dimana saat tidak ada koneksi/signal pelaku bisa remote m-banking dg bebas, bukan menuduh tp ada kemungkinan nomor kartu selular di kloning, kan jg pernah ada kejadian pembobolan m-banking setelah melakukan penukaran kartu 4g",1,UgxQKKcyWK0w1ZwKIL14AaABAg,@adifixedit
UgxQKKcyWK0w1ZwKIL14AaABAg.9wwdL-VJ-Wt9wxZvQm7f7b,,0,"2023-11-11 00:18:28",@dedy6885,"​@adifixeditlah gimana caranya remote mbanking sedangkan hp yg terinstal mbanking gk ada sinyal. Klo gk ada sinyal jelas gk bisa di remote lah.",1,UgxQKKcyWK0w1ZwKIL14AaABAg,@adifixedit
UgziSu8zz2upoQZtnUd4AaABAg,1,0,"2023-11-10 15:21:45",@gudangsepedamakassar,"Cek merchant nya yg terscan qris",0,,
UgziSu8zz2upoQZtnUd4AaABAg.9wwbVQ0Sem-9wwbv2Fv1yD,,0,"2023-11-10 15:25:23",@mrbert,"nahhh itu ga semudah itu karena BCA membutuhkan pihak ke 3. Ya tahulah ISILOP dan jadi panjanggggg lah ceritanya. Dan hilang kambing jadi hilang sapi. Kamu mau???",1,UgziSu8zz2upoQZtnUd4AaABAg,@gudangsepedamakassar
UgxuBMw1plLd38iUVSV4AaABAg,2,0,"2023-11-10 15:19:19",@cobyryan7311,"hpnya baru itu refurbish atau bener2 baru ya kak? krn ada penjual yg menjual hp baru hasil modifikasi hp bekas",0,,
UgxuBMw1plLd38iUVSV4AaABAg.9wwbDco707z9wwbxQzMeOZ,,0,"2023-11-10 15:25:42",@mrbert,"baru ada bukti pembeliannya",1,UgxuBMw1plLd38iUVSV4AaABAg,@cobyryan7311
UgxuBMw1plLd38iUVSV4AaABAg.9wwbDco707z9wwdErWiMiF,,0,"2023-11-10 15:36:58",@mrbert,"Bukti hape baru. https://drive.google.com/drive/folders/1PbaBlgzuVSUenQwrQMxL-r0OLNkM7sye?usp=drive_link Jadi jelas ini hape baru dan resmi. jadi bukan hape second atau hape oprekan. Garansi resmi dan samsung. Dan sudah diperiksa ke samsung center dan bahkan sudah periksa ke Operator telkomsel.",1,UgxuBMw1plLd38iUVSV4AaABAg,@cobyryan7311
UgwyH7WkgFID3eOPO194AaABAg,1,0,"2023-11-10 15:02:57",@RickyrQ,"uangnya ngalir kemana hold aja dulu",0,,
UgwyH7WkgFID3eOPO194AaABAg.9ww_LitAYjT9wwc08D9L7w,,0,"2023-11-10 15:26:13",@mrbert,"udah lebih sebulan dan macam ga tahu aja kerja bank di indonesia",1,UgwyH7WkgFID3eOPO194AaABAg,@RickyrQ
UgxP7_KqIfYrrySRrTp4AaABAg,2,0,"2023-11-10 15:01:25",@RickyrQ,"hp nya beli dimana sekend apa baru wkwkwkwkwwk cek aja historical lokasi sim minta ke operator buat menyelidiki kasus ini.",0,,
UgxP7_KqIfYrrySRrTp4AaABAg.9ww_ASPeFcU9wwc2vSJGsf,,0,"2023-11-10 15:26:36",@mrbert,"BARUUUUUUUU ada di deskripsi bahkan",1,UgxP7_KqIfYrrySRrTp4AaABAg,@RickyrQ
UgxP7_KqIfYrrySRrTp4AaABAg.9ww_ASPeFcU9wwdG9tv5G9,,0,"2023-11-10 15:37:08",@mrbert,"Bukti hape baru. https://drive.google.com/drive/folders/1PbaBlgzuVSUenQwrQMxL-r0OLNkM7sye?usp=drive_link Jadi jelas ini hape baru dan resmi. jadi bukan hape second atau hape oprekan. Garansi resmi dan samsung. Dan sudah diperiksa ke samsung center dan bahkan sudah periksa ke Operator telkomsel.",1,UgxP7_KqIfYrrySRrTp4AaABAg,@RickyrQ
UgyfNu1hEfyO0CIfTCh4AaABAg,0,0,"2023-11-10 14:57:15",@joeljoelynwong4947,"Pantau terus donk kasus ini. Jd +ngeri nih",0,,
UgwbSUUC3bKnFHaMc8h4AaABAg,0,0,"2023-11-10 14:55:42",@joeljoelynwong4947,"Msih percaya dg pol?😂",0,,
UgxzChPMxODirlhlE5l4AaABAg,0,0,"2023-11-10 14:48:37",@duniaanimasi50,"Teman sy juga kehilangan dari bca mobile koh",0,,
UgxJjP3Zp_jg3MZ57014AaABAg,10,39,"2023-11-10 14:44:24",@infoinsaja,"Bank sebesar BCA mosok tidak punya IT yang handal membereskan masalah ini, NASABAH WAJIB dilindungin supaya Tetap dipercaya sebagai Bank yang Aman. saya juga nasabah BCA dari Video ini membuat kita jadi ragu ke bank yang sdh kita percaya selama ini😢",0,,
UgxJjP3Zp_jg3MZ57014AaABAg.9wwYDr6LRKg9wyCux3tt4S,,0,"2023-11-11 06:16:40",@djatmikorasid123,"Saya juga pernah dari Rp.1.000.000 jadi Nil .Stl itu BCA gak dipakai lagi",1,UgxJjP3Zp_jg3MZ57014AaABAg,@infoinsaja
UgxJjP3Zp_jg3MZ57014AaABAg.9wwYDr6LRKg9x-W49nhu2s,,0,"2023-11-12 03:42:33",@xtremeside8989,"@djatmikorasid123 saya pakai BCA dari awal mahasiswa sampai skrg udah 20 tahun lebih, kaga pernah kehilangan duit sepeserpun... kalau gaptek dan kaga aware soal mobile banking dan keamanannya, mendingan manual aja",1,UgxJjP3Zp_jg3MZ57014AaABAg,@infoinsaja
UgxJjP3Zp_jg3MZ57014AaABAg.9wwYDr6LRKg9xD2buGmcwO,,2,"2023-11-17 09:54:32",@khansaganesa7315,"​@djatmikorasid123pdhl katanya bca itu bank yg paling aman 😶 apa ada bank yg lebih aman selain bca? Maaf nanya krna sy masih bingung mau nabung dimana",1,UgxJjP3Zp_jg3MZ57014AaABAg,@infoinsaja
UgxJjP3Zp_jg3MZ57014AaABAg.9wwYDr6LRKgA0N4dcBmyKy,,1,"2024-02-28 17:30:13",@gomesneni4892,"takut juga,,, was was jadinya walaupun saldo saya tidak sebanyak dia",1,UgxJjP3Zp_jg3MZ57014AaABAg,@infoinsaja
UgxJjP3Zp_jg3MZ57014AaABAg.9wwYDr6LRKgA0fj__aAyB9,,0,"2024-03-07 08:42:14",@wikonurrahman9238,"​@khansaganesa7315jangan takut menurutku itu kesalahan ibunya dari sim /opt/ link/udah bisa masuk hacker nya ke akun tpi ada keamanan trus ini saya / atau ini bukan saya lalu sama ibu itu di setujui. Saya pengguna bca prioritas udah lama gak ada trobel cuma orang ini aja yg ngarang.kalau memang ya lapor polisi kan jangan cuma koar koar",1,UgxJjP3Zp_jg3MZ57014AaABAg,@infoinsaja
UgxJjP3Zp_jg3MZ57014AaABAg.9wwYDr6LRKgA2X9Fbl_abh,,0,"2024-04-22 08:25:41",@gilanggilang1520,"​@gomesneni4892Saya juga punya Niat Nabung simpan Uang di Bank BCA dan beli HP baru kusus M banking BCA ngerii juga ada kasus yg di luar logika gini😮",1,UgxJjP3Zp_jg3MZ57014AaABAg,@infoinsaja
UgxJjP3Zp_jg3MZ57014AaABAg.9wwYDr6LRKgA5TXCkQc3mk,,0,"2024-07-04 12:12:14",@ongteksiang8179,"Ngeri...kali utk simpan uang di bank saat ini,mendingan ditarik aja ya...atau nabung alakadarnya saja.kecuali masalah ini jelas bisa terungkap.",1,UgxJjP3Zp_jg3MZ57014AaABAg,@infoinsaja
UgxJjP3Zp_jg3MZ57014AaABAg.9wwYDr6LRKgA7aYeWxRRFx,,0,"2024-08-26 08:01:37",@rikaruswandy2659,"Harus nya pihak bank bisa menyelesaikan ini,saya baru saja tertipu 2.7jt gara2 penasaran sama aplikasi BCA paylater",1,UgxJjP3Zp_jg3MZ57014AaABAg,@infoinsaja
UgxJjP3Zp_jg3MZ57014AaABAg.9wwYDr6LRKgA7srOZ3Y2tu,,0,"2024-09-02 10:40:23",@Arini-lq3nx,"Aku pakai tabunganku katanya gx ada potongan ternyata kepotong tiap bulan",1,UgxJjP3Zp_jg3MZ57014AaABAg,@infoinsaja
UgxJjP3Zp_jg3MZ57014AaABAg.9wwYDr6LRKgAPnY-eF3f3b,,0,"2025-11-21 18:31:07",@tjemaman331,"Ga punya lah, wong buat pasang EDC sama ngirim sticker qr aja pke jasa vendor😂 1 bank isi ny kebanyakan orang vendor/titipan yg di gaji murah mana mau repot2 ngurusin duit ilang/komplenan duit receh kcuali anda nasabah prioritas😂",1,UgxJjP3Zp_jg3MZ57014AaABAg,@infoinsaja
UgxNe2I4PzjKCOmFkTN4AaABAg,2,0,"2023-11-10 14:42:40",@AturanBaru,"Saya curiga sama SIM-card nya, karena kebanyakan sekarang SIM-card recycle. Cuma kecurigaan saya loh.",0,,
UgxNe2I4PzjKCOmFkTN4AaABAg.9wwY1D25H0g9wwd7KhrSy0,,0,"2023-11-10 15:35:56",@mrbert,"Bukti hape baru. https://drive.google.com/drive/folders/1PbaBlgzuVSUenQwrQMxL-r0OLNkM7sye?usp=drive_link Jadi jelas ini hape baru dan resmi. jadi bukan hape second atau hape oprekan. Garansi resmi dan samsung. Dan sudah diperiksa ke samsung center dan bahkan sudah periksa ke Operator telkomsel.",1,UgxNe2I4PzjKCOmFkTN4AaABAg,@AturanBaru
UgxNe2I4PzjKCOmFkTN4AaABAg.9wwY1D25H0g9wxb2MLNjuj,,0,"2023-11-11 00:37:01",@dedy6885,"simcard recycle itu simcard lamanya udah gk ada sinyal. alias nomor yg sudah tidak aktif dalam sekian waktu.",1,UgxNe2I4PzjKCOmFkTN4AaABAg,@AturanBaru
UgzroFguPSl__b41Nmp4AaABAg,0,0,"2023-11-10 14:01:25",@DavidAvalon-y9d,"Transaksinya ke QR siapa ? Apa nggak bisa dilacak ya...??",0,,
UgzWASghXXHKM8UB8BF4AaABAg,0,1,"2023-11-10 14:00:19",@ndsk72,"Untung saldo ga prnh diatas 1jt.. jd amaaaaaaan.. ada sisi baiknya jg ya pengangguran 😂",0,,
UgyhLGgvyFbmfGurx454AaABAg,0,0,"2023-11-10 13:54:45",@missmedhok3422,"Ngeri bener",0,,
UgzAOwBw-I4gST1jB7x4AaABAg,0,0,"2023-11-10 13:44:22",@viralinstudio,"Lapor polisi",0,,
Ugx_acmzS7ut-WMdOG54AaABAg,0,0,"2023-11-10 13:38:43",@SuperIcux,"Kalau ini sih keliatannya kelalaian pengguna nya. Kalau memang bisa semudah itu di hack, pasti kasus seperti ini banyak terjadi. Kalau aku jadi hacker nya ya pilih2 nasabah, rek raffy ahmad misal nya duitnya lebih banyak 🤣🤣🤣",0,,
UgzipkdyAvJ6kdU3bO94AaABAg,0,1,"2023-11-10 13:37:55",@viralinstudio,"penerimanya siapa? tangkap saja penerimanya",0,,
UgzG9lHxBe5IcTUb7O94AaABAg,1,0,"2023-11-10 13:32:11",@Agus_simenz,"Akun di hp yang terhubung internet bangking idah di verivikasi 2 langkah belum ??",0,,
UgzG9lHxBe5IcTUb7O94AaABAg.9wwPxxoBG7W9wwdAhsUVnU,,1,"2023-11-10 15:36:24",@mrbert,"Bukti hape baru. https://drive.google.com/drive/folders/1PbaBlgzuVSUenQwrQMxL-r0OLNkM7sye?usp=drive_link Jadi jelas ini hape baru dan resmi. jadi bukan hape second atau hape oprekan. Garansi resmi dan samsung. Dan sudah diperiksa ke samsung center dan bahkan sudah periksa ke Operator telkomsel.",1,UgzG9lHxBe5IcTUb7O94AaABAg,@Agus_simenz
UgyApszM10SqQcWT4vN4AaABAg,1,0,"2023-11-10 13:31:01",@DistributorKonstruksi,"maaf sebelum nya saya mau tanya untuk HP samsung nya fresh baru atau repacking dengan segel samsung?",0,,
UgyApszM10SqQcWT4vN4AaABAg.9wwPpQXmT6d9wxaasfx5fX,,0,"2023-11-11 00:33:08",@dedy6885,"baru itu",1,UgyApszM10SqQcWT4vN4AaABAg,@DistributorKonstruksi
UgxjEgGPI6TcMx8RWI14AaABAg,0,0,"2023-11-10 13:30:17",@heripurwanto130,"Maju terus Mr Bert, sangat menolong",0,,
Ugz60IShhdx1KIKeO2F4AaABAg,0,0,"2023-11-10 13:29:49",@sumarlim4692,"Bca mau mensmg sendiri",0,,
UgyTVhQAE7xN4RjYJ7J4AaABAg,1,1,"2023-11-10 13:26:57",@D0.1234,#ReskrimsusPoldaJateng,0,,
UgyTVhQAE7xN4RjYJ7J4AaABAg.9wwPM_O9GNZ9wwSDkgZ5_g,,2,"2023-11-10 13:51:57",@D0.1234,"Tidak perlu pembuktian pakai CCTV kalau Hp selalu bersama pemilik, karena Hp bersama pemilik jg bisa buat transaksi..! Ini konyol..!! Tp yg justru logis kemana aliran dana itu mutasi, ke rekening siapa, transaksi nya apa ?? Nah di sini tugas Reskrimsus Polda berwenang untuk penyidikan...",1,UgyTVhQAE7xN4RjYJ7J4AaABAg,@D0.1234
UgxzXUD6vbAuIqwd7XZ4AaABAg,0,0,"2023-11-10 13:21:42",@erdepetech,"Kalau pengin aman di belikan bitcoin dan di simpan di cold walet. Kita mau ke negara manapun gampang menukar duit kita yg berupa bitcoin di tukar ke mata uang negara yg di tuju atau ke dolar Amerika tanpa melalui ke bank/penukaran mata uang asing.",0,,
UgwkxpzXbFt6Ub_Q9wV4AaABAg,1,0,"2023-11-10 13:13:05",@danill8562,"tdk pake ATM LBH aman tp y sdikit repot JK mau ambil uang ny..tp y GK pp' demi keamanan.",0,,
UgwkxpzXbFt6Ub_Q9wV4AaABAg.9wwNm3fwL5c9wwPYUo-DpT,,0,"2023-11-10 13:28:34",@ohmayjoko,"wkwkw tuyul",1,UgwkxpzXbFt6Ub_Q9wV4AaABAg,@danill8562
UgxRUm7Az7VOaUFx7vB4AaABAg,0,1,"2023-11-10 13:11:06",@dedenurcholis6643,"QRIS mulai tidak aman.... .",0,,
UgyPW5SpMHzUQGioFUB4AaABAg,1,0,"2023-11-10 12:44:54",@suriptosuripto3072,"Maksudnya gini mungkin om bert,dengan pake android sebetulnya kan bs dilacak tiap jam org ini kemn saja kam tahu",0,,
UgyPW5SpMHzUQGioFUB4AaABAg.9wwKY_NQ3kJ9wwNgVvcgn8,,0,"2023-11-10 13:12:19",@mrbert,"Bener. Kan itu ada di lini masa. Yang aneh itu adalah adanya kembali QRIS 2 kali. Itu sangat aneh.",1,UgyPW5SpMHzUQGioFUB4AaABAg,@suriptosuripto3072
Ugy-FIW8dYjVKoZ_tN94AaABAg,1,0,"2023-11-10 12:29:22",@kerryomo,"Kartu nomor HP bekas mungkin aktif kembali, atau double sim card",0,,
Ugy-FIW8dYjVKoZ_tN94AaABAg.9wwIlrfi4ou9wwJ7wjsaeG,,0,"2023-11-10 12:32:31",@mrbert,"Ga mwnjawab ada qris masuk 2 kali.",1,Ugy-FIW8dYjVKoZ_tN94AaABAg,@kerryomo
UgxHpq--AtgsXIB7-4p4AaABAg,0,0,"2023-11-10 12:28:01",@sunusetionugroho8583,"Aneh juga ya.... apalagi saat punya ATM baru, PIN baru kok ada saldo masuk lewat Qris...",0,,
UgyLEpf7ddCBjT3ijch4AaABAg,1,0,"2023-11-10 12:27:45",@yudipodium1545,"transaksi Qris ke Toko Aiden . bca track toko Aiden dimana ?",0,,
UgyLEpf7ddCBjT3ijch4AaABAg.9wwIa1-MFaC9wwJDnaRcIl,,0,"2023-11-10 12:33:19",@mrbert,"Bener. Nahhhh itu pun perlu kerja sama dengan pihak ke 3. Ngerti kan maksud nya? ISILOP",1,UgyLEpf7ddCBjT3ijch4AaABAg,@yudipodium1545
UgxALnG0qNMQpearVXt4AaABAg,0,0,"2023-11-10 12:26:49",@whitefata104,"Hpnya ganti😂 pindah ke ios terbaru",0,,
UgzJG-2fKoQc6kLKraV4AaABAg,1,0,"2023-11-10 12:26:37",@yudipodium1545,"itu transaksi Qris ke toko AIDEN . bca pasti punya alamat toko itu , cek di mana lokasi toko itu , dan no rek BCA toko AIDEN kan ada . BCA TRACKING dong",0,,
UgzJG-2fKoQc6kLKraV4AaABAg.9wwISmJ-wSK9wxjLFe_JQL,,0,"2023-11-11 01:49:30",@lindayani1244,"Pastinya BCA sdh tau langkah2 gitu. Tp pastinya BCA butuh waktu. Saya aja yg waktu itu nrik duit di ATM dan krn kelalaian saya, duitnya lupa saya ambil, butuh 3 mg hanya buat dpt laporan cctv",1,UgzJG-2fKoQc6kLKraV4AaABAg,@yudipodium1545
UgxN9u7wPiqIsM8iKJJ4AaABAg,7,3,"2023-11-10 12:24:11",@rick507,"lebih aman pake internet banking, bawa token kemana2, jadi butuh verifikasi yang ga dari HP, kadang kita ga sengaja klik web atau link, yang kita ga tau... atau sekarang kalo kita scan QRIS jadi terkonek juga mungkin?",0,,
UgxN9u7wPiqIsM8iKJJ4AaABAg.9wwIAw7-aAW9wx--75hDsg,,0,"2023-11-10 18:55:47",@luqar1f,"betul... setuju dg anda... itu juga yg saya lakukan.... ribet tapi aman...",1,UgxN9u7wPiqIsM8iKJJ4AaABAg,@rick507
UgxN9u7wPiqIsM8iKJJ4AaABAg.9wwIAw7-aAW9wxsc8HGuFr,,0,"2023-11-11 03:10:35",@HADES00151,"betul ini, kalau saya sikapi ini lebih condong human error ke phising",1,UgxN9u7wPiqIsM8iKJJ4AaABAg,@rick507
UgxN9u7wPiqIsM8iKJJ4AaABAg.9wwIAw7-aAW9wxz_mE2n2-,,0,"2023-11-11 04:11:26",@dogymolly1836,"Itu bkn krn pengguna q-ris, kl kejadian sy malah setuap transaksi apa sj pasti lgsg hackernya kesempatan hilang uang sy",1,UgxN9u7wPiqIsM8iKJJ4AaABAg,@rick507
UgxN9u7wPiqIsM8iKJJ4AaABAg.9wwIAw7-aAW9wzJL7t2c-S,,0,"2023-11-11 16:32:02",@ManMan-f1z,"​@dogymolly1836pantesan hilang, lo mau ngetik apa jg ga becus, ORANG TOLOL SIH LO",1,UgxN9u7wPiqIsM8iKJJ4AaABAg,@rick507
UgxN9u7wPiqIsM8iKJJ4AaABAg.9wwIAw7-aAW9x0gII9w8iT,,0,"2023-11-12 14:39:51",@NNF-26,"Benar sekali memang terlihat ribet dan gak keren... Tapi bukan itu yg di cari... Yg di cari keamanan uang kita...",1,UgxN9u7wPiqIsM8iKJJ4AaABAg,@rick507
UgxN9u7wPiqIsM8iKJJ4AaABAg.9wwIAw7-aAW9x21_jjbuYB,,0,"2023-11-13 03:13:51",@sempaxbolong6259,"betul, token biru is the best",1,UgxN9u7wPiqIsM8iKJJ4AaABAg,@rick507
UgxN9u7wPiqIsM8iKJJ4AaABAg.9wwIAw7-aAW9znB46IYkNU,,0,"2024-01-20 13:03:06",@topiknugroho,"Harusnya balik seperti jaman dulu pakai token bca aja",1,UgxN9u7wPiqIsM8iKJJ4AaABAg,@rick507
Ugwm4SUwdEkwEJflA4d4AaABAg,1,3,"2023-11-10 12:14:36",@Haifaimut_01,"😅sebenarnya kalau ada itikad baik mudah ditelusuri kok, tinggal itu uang yg hilang masuk ke rekening siapa gitu aja repot, masalahnya semua bank tidak mau buka 😅😅",0,,
Ugwm4SUwdEkwEJflA4d4AaABAg.9wwH4j5Pdqr9x-dDZnQwQb,,0,"2023-11-12 04:53:45",@IstiFaradisa,"Terkadang jg sifatnya terbatas, kalo pun terdeteksi datanya. Mhn maaf bang, setau saya ada undang2 perbankan dimana bank diwajibkan menjaga kerahasiaan data nasabah",1,Ugwm4SUwdEkwEJflA4d4AaABAg,@Haifaimut_01
Ugxza3R3nXtP5p6UYrZ4AaABAg,2,0,"2023-11-10 12:09:54",@AmirSofyan-pm1zj,"Bisa aja itu ngga dihack, tapi ada yang moto QR Code mbanya waktu di kasir. Ketika udah dapet foto QRISnya kan bisa dipake buat transaksi itu. Sesimpel itu..",0,,
Ugxza3R3nXtP5p6UYrZ4AaABAg.9wwGYIR9RQe9wxWVoeyHpj,,0,"2023-11-10 23:48:37",@aldien03,"Mksdnya gmn kalo org mpto QR qta harusnya uang masuk bukan uang keluar?",1,Ugxza3R3nXtP5p6UYrZ4AaABAg,@AmirSofyan-pm1zj
Ugxza3R3nXtP5p6UYrZ4AaABAg.9wwGYIR9RQe9wx_YEc8tPk,,0,"2023-11-11 00:23:54",@dedy6885,"QR code itu prosedur bikinnya ribet, harus punya usaha juga. Lagian ""moto qr mbanya"" transaksinya uang masuk ke rekening, bukan keluar",1,Ugxza3R3nXtP5p6UYrZ4AaABAg,@AmirSofyan-pm1zj
UgyKz-YoajR2vPFZBNV4AaABAg,2,1,"2023-11-10 12:05:40",@thophintoska,"Klo hpnya ga di buat apa apa, khusus mbanking. Kenapa di bawa ke gunung?",0,,
UgyKz-YoajR2vPFZBNV4AaABAg.9wwG3FO2-Cg9wwm_lIRJ8S,,0,"2023-11-10 16:58:36",@creativestudiochannel2488,"itukan salah satu harta yg ada di hp ya mungkin barang kali butuh untuk bayar2..",1,UgyKz-YoajR2vPFZBNV4AaABAg,@thophintoska
UgyKz-YoajR2vPFZBNV4AaABAg.9wwG3FO2-Cg9wxc90USh4x,,0,"2023-11-11 00:46:40",@dedy6885,"emangnya rumah tepat dibawah gunung? kan bisa saat perjalanan butuh mbanking.",1,UgyKz-YoajR2vPFZBNV4AaABAg,@thophintoska
UgyXyoMbBOCbJ-nQnyl4AaABAg,0,0,"2023-11-10 11:55:44",@purwantowidodo3906,"Ya Allah 🤲🙏",0,,
UgzhpMcpPWeZC05WAMF4AaABAg,0,1,"2023-11-10 11:55:36",@carakajayaniaga,"Email notifikasi transaksi biasanya ada. Atau ada trasaksi terjadwal ? Atau Qris nya blm di kalibrasi.? Kenapa BCA nggak mau buka siapa penerima transaksi itu utk membuktikan mba Vita ini bener atau tdk laporannya",0,,
Ugyz0Ica-KzCfBba5C94AaABAg,1,0,"2023-11-10 11:52:49",@ratnairawati5439,"Semoga cepet selesai masalah. Nti pelan- pelan di telusuri juga ketahuan..kan kalo hp di pake ada kartu...SIM nya,. ..jam berapa, waktu kejadian hp ada di mana..",0,,
Ugyz0Ica-KzCfBba5C94AaABAg.9wwEaB7996O9wxWGysSpdD,,0,"2023-11-10 23:46:35",@aldien03,"Kan uda diceritain, ntn dl baru komen",1,Ugyz0Ica-KzCfBba5C94AaABAg,@ratnairawati5439
UgweVTfGcKRtyclNPGB4AaABAg,1,0,"2023-11-10 11:50:19",@హాంగ్టేపాడారు,"malware bkn cm download apk sj ngecas di tempat umum menggunakan usb jg bisa data hp pindah.",0,,
UgweVTfGcKRtyclNPGB4AaABAg.9wwEIs-oi0N9wxz4m8JOJS,,0,"2023-11-11 04:07:04",@idjusguwang,"Kalau ngecas langsung ke colokan listrik pakai adaptor mana mungkin data pindah",1,UgweVTfGcKRtyclNPGB4AaABAg,@హాంగ్టేపాడారు
UgzCHmzFJgrscBhG4lJ4AaABAg,0,0,"2023-11-10 11:49:54",@ianxiaomi7529,"vpn itu. ataw. wifi gratis",0,,
UgwNFgyPfr8ooQQiUtx4AaABAg,0,0,"2023-11-10 11:43:11",@ableh6481,"Mr Bert harus check itu HP, semua apk yang terinstal...you must to !",0,,
UgzgpI26xuUBCThcxLx4AaABAg,0,0,"2023-11-10 11:41:46",@beginilagi1137,"mungkin teledor. setiap orang punya self defense, walau salah tetap gak mau disalahkan. temen gw fbnya kena hack padahal pakai OTP, ternyata dia ada GB WA.",0,,
UgxiN76HnBBhAl3erLB4AaABAg,0,1,"2023-11-10 11:41:42",@Art32Lnd,"Kalau g slah transaksi qris brti bs dicek dong qris toko atw lokasix dmn ? Trus d cek cctv toko atw t4 transaksi tsb pada wkt T tsb siapa yg transaksi benar g sih ? Mgkn mksdx bank pihak ke 3 adlh pihak berwajib krn mereka yg punya kewenangan utk meminta data krn ada trjadi tindak pidana",0,,
UgwHsP6nmSII8GdUEyx4AaABAg,0,0,"2023-11-10 11:40:37",@SYAIKHUAkramuddin,"saya sampai saat ini gak pakai mobilbanking BCA saya masih pakai internet banking BCA pakai token, emang ribet sih tapi relatif lebih aman...",0,,
UgzizeMuOrhLEtQoef14AaABAg,0,0,"2023-11-10 11:40:21",@hendryhidayathidayat3316,"Bca gimana?",0,,
UgxeVyxrywQ57OvUM5N4AaABAg,0,1,"2023-11-10 11:38:20",@SYAIKHUAkramuddin,"mestinya disa di telusuri transaksinya kemana apalagi kalau transasi QRIS, krn setau saya yg buat QRIS itu ada izin bank dgn titik bengeknya, bank mestinya mudah aja telusuri.",0,,
UgzcpIEO5v6C9g2QVhh4AaABAg,2,17,"2023-11-10 11:33:15",@adenormz8543,"BCA pls clear this up ASAP, dont jeopardize ur great reputation for that much money Ini semua by system, gampang aj utk BCA liat mutasi tsb, cek toko Aiden, hub toko itu, dimediasikan apa yg terjadi, libatkan polisi dan pihak terkait lainnya",0,,
UgzcpIEO5v6C9g2QVhh4AaABAg.9wwCLtdZPVL9wwL39Gzxqy,,2,"2023-11-10 12:49:20",@alankplanet,"Kuncinya di toko aiden...ada dimana dan konfirmasi dari sana",1,UgzcpIEO5v6C9g2QVhh4AaABAg,@adenormz8543
UgzcpIEO5v6C9g2QVhh4AaABAg.9wwCLtdZPVLAJ2oCHif7hy,,0,"2025-06-07 02:29:28",@rinapuspa2471,"Cara cek tokonya gimana kak?",1,UgzcpIEO5v6C9g2QVhh4AaABAg,@adenormz8543
UgzAhFhVB14b6Q2tLmF4AaABAg,1,0,"2023-11-10 11:31:25",@imam_fatoni,"Curigaku sih dari device HP mbaknya, Pertanyaanku : 1. Itu Hp baru buka segel apa baru beli second hand? kalo HP second bisa jadi udah di pasang si hacker virus buat cloning data. Kalo HP baru buka segel dari toko, curigaku ke2 si mbaknya habis instal aplikasi mungkin yg gak resmi atu klik link sembarangan yg mungkin lupa jd gak ngerasa instal apk atau klik link sembarangan. Kalo semua 2 indikasi tadi emang bener gak terjadi, berarti kesalahan data bocor di pihak BCA.",0,,
UgzAhFhVB14b6Q2tLmF4AaABAg.9wwC8Sdut6C9wx_0NP0sIe,,0,"2023-11-11 00:19:16",@dedy6885,"itu hp baru dan sudah di verifikasi pihak Samsung bahwa hp itu clean.",1,UgzAhFhVB14b6Q2tLmF4AaABAg,@imam_fatoni
UgwxQ2kzUpxQT6o59Yd4AaABAg,12,4,"2023-11-10 11:17:51",@ARDIC_OFFICIAL,"untung saya dah ga pakai BCA lagi. . semenjak kena one klik bca atau apa namanya lupa, raib 200rb, pura2 nya pembeli beli helm saya yg saya jual harga 450rb, digiring ke one klik bca, feeling saya nda enak tapi saya coba, eh ternyata beneran raib 200rb, spekulasi keamanannya, ternyata ga aman dan semudah itu dijebol. uang kesedot sendiri pindah ke rekening lain, itu mungkin kalau ada 20-200juta, bisa habis itu uang . di saya, dia ambilnya dikit2. . 20rb. .50rb cuman cepat sekali. . ga ada kesempatan mikir. alhamdulillah cuman kena segitu. bukan menuduh ya, mungkin juga karena saya yang kurang hati2.",0,,
UgwxQ2kzUpxQT6o59Yd4AaABAg.9wwAa43A6Zm9wwwidblSyi,,4,"2023-11-10 18:27:11",@BorsRusss,"Emang loe ny yg kena tipu. Koq salahnya bank.🤣🤣🤣",1,UgwxQ2kzUpxQT6o59Yd4AaABAg,@ARDIC_OFFICIAL
UgwxQ2kzUpxQT6o59Yd4AaABAg.9wwAa43A6Zm9wx0gbQwQFr,,2,"2023-11-10 19:10:36",@FullPremium-nv1qe,"Kalau kayak itu mah lu kena tipu",1,UgwxQ2kzUpxQT6o59Yd4AaABAg,@ARDIC_OFFICIAL
UgwxQ2kzUpxQT6o59Yd4AaABAg.9wwAa43A6Zm9wxhy-7emOs,,0,"2023-11-11 01:37:27",@lindayani1244,"Itu mah lalainya di kamu",1,UgwxQ2kzUpxQT6o59Yd4AaABAg,@ARDIC_OFFICIAL
UgwxQ2kzUpxQT6o59Yd4AaABAg.9wwAa43A6Zm9wybr7hMz3W,,0,"2023-11-11 10:03:20",@davidbagus6769,"Kalo itu sih bukan Salah bank 😅 pokoknya jgn pernah pake mbanking mau Dari bank apapun itu, itu akses termudah satu satunya ke saldo bank, bahaya asli",1,UgwxQ2kzUpxQT6o59Yd4AaABAg,@ARDIC_OFFICIAL
UgwxQ2kzUpxQT6o59Yd4AaABAg.9wwAa43A6Zm9wzMGBoGpMu,,0,"2023-11-11 16:57:35",@adhimahadi1633,"saya transaksi ratusan juta pake BCA oneklik... alhamdulillah aman2 aja,, itu mah ente yg kena tipu",1,UgwxQ2kzUpxQT6o59Yd4AaABAg,@ARDIC_OFFICIAL
UgwxQ2kzUpxQT6o59Yd4AaABAg.9wwAa43A6Zm9x-MWgcbrQi,,0,"2023-11-12 02:19:04",@ARDIC_OFFICIAL,"ya mudah2an aman trus ya amin@adhimahadi1633",1,UgwxQ2kzUpxQT6o59Yd4AaABAg,@ARDIC_OFFICIAL
UgwxQ2kzUpxQT6o59Yd4AaABAg.9wwAa43A6Zm9x-M_gCyeYp,,0,"2023-11-12 02:19:37",@ARDIC_OFFICIAL,"la emang iya, ya ati2 aja, semoga aman terus@BorsRusss",1,UgwxQ2kzUpxQT6o59Yd4AaABAg,@ARDIC_OFFICIAL
UgwxQ2kzUpxQT6o59Yd4AaABAg.9wwAa43A6Zm9x-MboQigK2,,0,"2023-11-12 02:19:54",@ARDIC_OFFICIAL,"semoga aman trus ya@FullPremium-nv1qe",1,UgwxQ2kzUpxQT6o59Yd4AaABAg,@ARDIC_OFFICIAL
UgwxQ2kzUpxQT6o59Yd4AaABAg.9wwAa43A6Zm9x-Mdh36uCx,,0,"2023-11-12 02:20:10",@ARDIC_OFFICIAL,"siap. . semoga aman terus ya. . hehe@lindayani1244",1,UgwxQ2kzUpxQT6o59Yd4AaABAg,@ARDIC_OFFICIAL
UgwxQ2kzUpxQT6o59Yd4AaABAg.9wwAa43A6Zm9x-R9sVLJ5s,,0,"2023-11-12 02:59:39",@heumimi,Hahaha,1,UgwxQ2kzUpxQT6o59Yd4AaABAg,@ARDIC_OFFICIAL
UgwxQ2kzUpxQT6o59Yd4AaABAg.9wwAa43A6Zm9x21WoTfMcO,,0,"2023-11-13 03:13:19",@sempaxbolong6259,"makanya jangan diaktifin one klik bca nya, parah ente masih gaptek aja hari gini",1,UgwxQ2kzUpxQT6o59Yd4AaABAg,@ARDIC_OFFICIAL
UgwxQ2kzUpxQT6o59Yd4AaABAg.9wwAa43A6Zm9x7JIr6R78D,,0,"2023-11-15 04:24:53",@tokosby1994,"​@sempaxbolong6259lah itu yg diatas komen transaksi ratusan juta pake oneklik BCA dia blg aman2 aja. Bingung jg jdny",1,UgwxQ2kzUpxQT6o59Yd4AaABAg,@ARDIC_OFFICIAL
Ugzd6DgoMnK6t3i_tHl4AaABAg,1,0,"2023-11-10 11:12:47",@axelia_ashley,"Boleh tahu hpnya merk apa? Penting ini @mr bert",0,,
Ugzd6DgoMnK6t3i_tHl4AaABAg.9wwA-zXHAKy9wwR6TGRhFh,,0,"2023-11-10 13:42:13",@SuperIcux,Samsul,1,Ugzd6DgoMnK6t3i_tHl4AaABAg,@axelia_ashley
Ugz7gtrs8BwOvPZ13_R4AaABAg,0,0,"2023-11-10 11:11:54",@jayusjembel5402,"Dibalik aja om trx qris dimana nah klu di kasir kan pasti ada cctv dong, siapa yg trx di situ",0,,
Ugxj01kYIGxRiGN_h194AaABAg,1,0,"2023-11-10 11:08:25",@kathlen76,"Kasus Bobol Bank di Indonesia selalu pakai HP ANDROID.... ANDROID.... ANDROID...",0,,
Ugxj01kYIGxRiGN_h194AaABAg.9ww9VzQ-W4J9wykMNiSqb6,,0,"2023-11-11 11:17:38",@tinarini02,"Iyah 🤣🤣🤣",1,Ugxj01kYIGxRiGN_h194AaABAg,@kathlen76
UgyY6CTfk0-KcB1SvMJ4AaABAg,0,0,"2023-11-10 11:01:10",@mmurtinitini1720,"Zaman semakin canggih kok malingg merajela aduhhh",0,,
UgzbdqBfikSnvb9mZbd4AaABAg,0,0,"2023-11-10 10:57:38",@susantod8579,"ada kemungkinan ada pengguna lain yg mendapat qris yg indentik dgn qris nya mbak evita",0,,
Ugzeq7WD7IE5bxg3at14AaABAg,1,2,"2023-11-10 10:55:54",@ridingdowntheroad,"berarti, cs bca meminta agar sebagai nasabah bank kita harus bisa membuktikan bahwa hp kita terekam cctv pada jam transaksi yg TIDAK kita ketahui kapan transaksi tersebut dilakukan oleh pelaku. 😮",0,,
Ugzeq7WD7IE5bxg3at14AaABAg.9ww84LdpP0K9x-VtYntZT6,,0,"2023-11-12 03:40:58",@childboardinghouse5487,"Ngelawak, jika ini terjadi maka Nasabah dituduh melakukan ""Kejahatan terencana""... pdhl pihak bank pusat bisa aja ngecek itu duit Ujung2nya lari kemana.... Knpa BCA malah bilang begitu?😂 Tebak sendiri",1,Ugzeq7WD7IE5bxg3at14AaABAg,@ridingdowntheroad
Ugy8xEmBkuG_XwZElK54AaABAg,0,0,"2023-11-10 10:43:30",@noteshpku4776,"Kan ada track linimasa, berarti ada email gmail, selanjutnya buka histori email masuk transaksi dari BCA",0,,
UgwPcAXV5bFG-lS8ak94AaABAg,0,0,"2023-11-10 10:39:03",@TheLighty37,"Kak evita saya takut hpnya kena malware deh",0,,
UgxT20kPz4YbRIasVOd4AaABAg,0,0,"2023-11-10 10:38:50",@ismailchannel1159,"mba evita apa sudah coba minta log system transaction di system software BCA nya ?",0,,
UgyT4M5iUxx0ieW-axJ4AaABAg,1,0,"2023-11-10 10:20:17",@permanaok7682,"bisa langsung lapor polisi gak kalau kasus kaya gini?",0,,
UgyT4M5iUxx0ieW-axJ4AaABAg.9ww4-QQ3w4K9wyPiXEuNjS,,0,"2023-11-11 08:08:33",@ferdyputralampung9716,"Bisa aja. Kalo bukti nya kuat....",1,UgyT4M5iUxx0ieW-axJ4AaABAg,@permanaok7682
UgyXp3CXx0ij4WiVgKB4AaABAg,15,70,"2023-11-10 10:19:32",@047daverefain,"Om Bert mengangkat kasus ini karena merasa ada yang aneh, sebenernya tidak terlalu sulit jika kasusnya monoton seperti itu, teliti itu QR punya siapa, trus ada juga kemungkinan orang dalam terlibat, seharusnya BCA usut sampai tuntas nih, koq malah cenderung menyudutkan pelapor sampai harus ada CCTV megang HP segala Hhhhh.",0,,
UgyXp3CXx0ij4WiVgKB4AaABAg.9ww3utbuuPc9wxj_bNMEYB,,12,"2023-11-11 01:51:36",@mrdiazviera,"Yup, itu cara yg paling visible utk bisa dilakukan trace back, instead of looking for user's activities, better to see the destination account and/or the apps they're used",1,UgyXp3CXx0ij4WiVgKB4AaABAg,@047daverefain
UgyXp3CXx0ij4WiVgKB4AaABAg.9ww3utbuuPc9wyIMAWthGf,,11,"2023-11-11 07:04:12",@geckosound,"Nah itu dia.. BCA mlh menyalahkan Pelapor",1,UgyXp3CXx0ij4WiVgKB4AaABAg,@047daverefain
UgyXp3CXx0ij4WiVgKB4AaABAg.9ww3utbuuPc9wyj6tj4s3d,,9,"2023-11-11 11:06:47",@pusico6555,"Daftar QRIS sama kaya daftar rekening harus ada KTP bahkan NPWP jadi harusnya gampang untuk dilacak",1,UgyXp3CXx0ij4WiVgKB4AaABAg,@047daverefain
UgyXp3CXx0ij4WiVgKB4AaABAg.9ww3utbuuPc9wz8FmEDT2R,,6,"2023-11-11 14:55:11",@mujjexradio7160,"Iya harus nya tinggal ikutin aja itu duit ujung nya ke rekening siapa.",1,UgyXp3CXx0ij4WiVgKB4AaABAg,@047daverefain
UgyXp3CXx0ij4WiVgKB4AaABAg.9ww3utbuuPc9x0dEevY8hb,,5,"2023-11-12 14:13:08",@rerontokrengginang,"masalahnya di negri kita ini kalo orang awam kalo belum viral belum heboh belum ditindaklanjuti dgn serius,, beda kalo kita punya jabatan n uang banyak baru deh beda cerita 😂😂",1,UgyXp3CXx0ij4WiVgKB4AaABAg,@047daverefain
UgyXp3CXx0ij4WiVgKB4AaABAg.9ww3utbuuPc9x22sWD85po,,3,"2023-11-13 03:25:09",@thomas879,"@rerontokrengginang. Tidak boleh begitu, ini WAJIB di laporkan ke POLISI. Ini tdk boleh hanya warning ke BCA tetapi HARUS ada tindakan dan kerjasama. Artinya ini ancaman bagi masyarakat yg membutuhkan KEAMANAN dlm segala hal baik yg terlihat dan yg tdk terlihat seperti yg bersifat Rahasia(4 mata). Ini wajib ditelusuri. Di cari dan di usut spi tuntas.",1,UgyXp3CXx0ij4WiVgKB4AaABAg,@047daverefain
UgyXp3CXx0ij4WiVgKB4AaABAg.9ww3utbuuPc9x238IyRpVc,,1,"2023-11-13 03:27:26",@thomas879,"@mujjexradio7160. Polisi☝️ ini tugas mereka. Wajib di usut. Itu.",1,UgyXp3CXx0ij4WiVgKB4AaABAg,@047daverefain
UgyXp3CXx0ij4WiVgKB4AaABAg.9ww3utbuuPc9x23Tz8PEdT,,3,"2023-11-13 03:30:24",@thomas879,"Mmg HARUS di usut, dan Dan ini tugas Polisi ahli syber criminal. Dan kita ikuti krn ini menyangkut KEAMANAN kita.",1,UgyXp3CXx0ij4WiVgKB4AaABAg,@047daverefain
UgyXp3CXx0ij4WiVgKB4AaABAg.9ww3utbuuPc9x2B6Pi6iGM,,2,"2023-11-13 04:37:05",@rerontokrengginang,"@thomas879 sudah banyak juga kasus serupa yg dilaporkan kasus banking ini tidak hanya pihak polisi n bank yg bersangkutan tp juga melibatkan operator seluler,, n itu hanya bisa dibuka oleh pihak polri selaku penegak hukum,, intinya itu di pihak kepolisian karna bank n operator seluler buka data bila dia yg minta",1,UgyXp3CXx0ij4WiVgKB4AaABAg,@047daverefain
UgyXp3CXx0ij4WiVgKB4AaABAg.9ww3utbuuPc9x2VkahEzlu,,0,"2023-11-13 07:37:28",@cakwemeripluit3818,"@geckosound pasti donkkk",1,UgyXp3CXx0ij4WiVgKB4AaABAg,@047daverefain
UgyXp3CXx0ij4WiVgKB4AaABAg.9ww3utbuuPc9x5H57Wb1H2,,2,"2023-11-14 09:27:04",@rilsyahsyahruzad8756,"Solusinya: follow the money. Gampang banget. Masalahnya si BCA lepas tangan.",1,UgyXp3CXx0ij4WiVgKB4AaABAg,@047daverefain
UgyXp3CXx0ij4WiVgKB4AaABAg.9ww3utbuuPc9x5_AtHfP8q,,3,"2023-11-14 12:13:52",@thomas879,"@rerontokrengginang Coba kamu baca tulisanmu itu, muter2 ehhhh ke POLISI kan, emang TUGAS/PEKERJAAN polisi yg mengusutnya. Artinya polisi mencari di mana letak kesalahannya. Itu nanti kalau polisi Indonesia ini bertugas/bekerja seperti di luar negri nanti ketemu siapa yg penipunya/pencurinya/Sindikatnya. Disini tdk perlu lagi siapa yg mau atau tdk mau. Ada laporan keamanan negara/rakyat terganggu itu tugasnya POLISI ☝️✅. DAN Ada CARA POLISI bagian Cyber Criminal mengusutnya.",1,UgyXp3CXx0ij4WiVgKB4AaABAg,@047daverefain
UgyXp3CXx0ij4WiVgKB4AaABAg.9ww3utbuuPc9x5_wzahy2N,,1,"2023-11-14 12:20:34",@thomas879,"@rilsyahsyahruzad8756 Ini lagi perhatikan itu si korban Evita sdh mengikutin kmn uangnya, Emang uang dia gampang dong di rugikan, dan nasabah itu ber HAK mencari keadilan, seandainya segera mendapat solusi BCA bekerjasama dgn KEPOLISIAN Indonesia artinya nanti yg bergerak lawyer Evita dan Lawyer Bank BCA. Begitu baru yg bener. Kemudian sebarkan hasilnya di televisi biar ketahuan siapa oknum yg brengsek di di negara ini.",1,UgyXp3CXx0ij4WiVgKB4AaABAg,@047daverefain
UgyXp3CXx0ij4WiVgKB4AaABAg.9ww3utbuuPc9x7P5n8OfC0,,0,"2023-11-15 05:15:32",@rerontokrengginang,"@thomas879 iya bos iya warga biasa seperti saya ini selalu nungu kok polisi kita bekerja seperti luar negri tenang saja,, saking nunguinya sampe mimpi malah",1,UgyXp3CXx0ij4WiVgKB4AaABAg,@047daverefain
UgyXp3CXx0ij4WiVgKB4AaABAg.9ww3utbuuPc9x7nYnakeb9,,1,"2023-11-15 08:57:57",@thomas879,"@rerontokrengginang Iya mmg, polisi Indonesia nungguin gajinya doang, ngak ngerti kerjaan nya. Polisi Indonesia buruk penikmat gaji buta dan mimpi punya istri 5 di setiap pojok kota2 di Indonesia sok ke gantengan.",1,UgyXp3CXx0ij4WiVgKB4AaABAg,@047daverefain
UgwxlldvxoaHz-RvnUt4AaABAg,0,0,"2023-11-10 10:16:46",@Ndablek264,"Duh gimana dunk.. untung guwa ga open rek BCA 😅😂",0,,
Ugy3NISC9BGkfbz2iCp4AaABAg,1,0,"2023-11-10 10:11:05",@Widya11167,"Kalau Qris bukannya ketauan penerima dananya siapa",0,,
Ugy3NISC9BGkfbz2iCp4AaABAg.9ww2x2GlWSE9ww3r47zOpH,,0,"2023-11-10 10:19:00",@mrbert,"TEPAT SEKALI. Namun Kenapa susah untuk mencari tahu kan. Padahal udah dilapor lebih sebulan kok ga ada kabar. So gimana donk?? Evita udah memberikan bukti sekuat apa lagi. namun ya gitu lahhhh. Masa ga bisa di telusuri.",1,Ugy3NISC9BGkfbz2iCp4AaABAg,@Widya11167
Ugxu39AZuM8JmrOpxeN4AaABAg,1,0,"2023-11-10 10:05:06",@erwintandi1826,"Itu HP nya kena Hack... Model undangan, kirim paket...",0,,
Ugxu39AZuM8JmrOpxeN4AaABAg.9ww2GBV9eDX9ww3eFCAF5R,,0,"2023-11-10 10:17:15",@mrbert,"HAPENYA BARU AGANKU. STERIL AGANKU. BAHKAN GA ADA WHATSAPP AGANKU",1,Ugxu39AZuM8JmrOpxeN4AaABAg,@erwintandi1826
UgxzPQQNKzXjPOf9xbJ4AaABAg,1,1,"2023-11-10 09:42:52",@tungliha8129,"Please banget pihak BCA utk menyelesaikan masalah ini. Secara bank ini tu bank yg sy gunakan sejak sy SD jd sangat mempercayai bank ini. Mau nabung dimana lagi kl begini. Dulu sy jg pernah hilang uang di BRO 25 jt urus sampai capek ngak kembali jg uangnya",0,,
UgxzPQQNKzXjPOf9xbJ4AaABAg.9ww-iOnvfxk9wyxDPkLP2a,,0,"2023-11-11 13:10:00",@esdegan7176,"kenapa hilangnya? salah kamu apa salah bri?",1,UgxzPQQNKzXjPOf9xbJ4AaABAg,@tungliha8129
UgwUMSKZwOjY8cgo92J4AaABAg,0,0,"2023-11-10 09:40:19",@rmdwiisnugroho5463,"Waduh piye iki jaan tobat , nyimpen di celengan Jago saja lah , karena BCA sekarang buka tabungan bisa tanpa buku tabungan , cukup Via Vidcall dll",0,,
UgxsWGp7KDcPJz69ReR4AaABAg,2,0,"2023-11-10 09:33:23",@RaydenWijaya,"Pakai iPhone aja sis lebih aman dan lebih murah 😅 dari kebobolan 68 juta",0,,
UgxsWGp7KDcPJz69ReR4AaABAg.9wvzcya6sL19wx_kP_KVbz,,0,"2023-11-11 00:25:42",@dedy6885,"lah mau pakai iPhone klo celahnya di sistem qris tetap aja jebol",1,UgxsWGp7KDcPJz69ReR4AaABAg,@RaydenWijaya
UgxsWGp7KDcPJz69ReR4AaABAg.9wvzcya6sL19wxdA9PVKvH,,0,"2023-11-11 00:55:33",@RaydenWijaya,"@dedy6885 QRIS kalau mau dibobol perlu keylogger dan RCE. Di iPhone keylogger dan RCE susah jalan...",1,UgxsWGp7KDcPJz69ReR4AaABAg,@RaydenWijaya
Ugzqimw4FpszhlJOWN94AaABAg,1,0,"2023-11-10 09:26:46",@muhiddinn207,"ko ngk lapor ke polisi dan pihak bank....malah koar2 di medsos😂😂",0,,
Ugzqimw4FpszhlJOWN94AaABAg.9wvysTFmoys9ww-K3LsMzm,,2,"2023-11-10 09:39:25",@mrbert,"Muncung kau itu jaga. Dia udah sebut 'pihak ketiga'. Dan dia sekarang justru dapat tekanan dari kepolisian ngerti kau?. Kadang kau dikasi info tapi ga liat keseluruhan dan ga baca Deskripsi udah ngebacot duluan.",1,Ugzqimw4FpszhlJOWN94AaABAg,@muhiddinn207
Ugw_Ci9wGG3MN5TJVvV4AaABAg,0,0,"2023-11-10 09:24:32",@indrarahmat926,"bisa jadi orang dalam",0,,
UgyNXvvz2S9U-h_s1w14AaABAg,0,14,"2023-11-10 09:22:19",@jdkuncoro1028,"Kalau sudah begini BANK tidak mau bertanggungjawab. Lawan terus mbak dan Bert.",0,,
UgwbEqkqN9aTH5U-SEB4AaABAg,1,5,"2023-11-10 09:12:57",@hadinatasimbolon3787,"Masalah begini ISILOP jago bgt klo tracing hal bgnian. Alat² dan metodenya uduh cukup memadai. Wong Teroris yg licin bgtu aja bs ketangkep. Ini cm msalah mw atau ga aja ditangani. Dan ini bkan ttg perkara uangnya dibawa kabur ke sp. (Tanpa mengurangi rasa hormat dan prihatin saya kepada korban) Tp ini urusannya sdh menjadi skala nasional. Wajar dong para nasabah BCA khawatir dgn nasib uang mereka di bank BCA kl mmg sistem keamanan mereka jebol. Krn tdk ad kepastian. Kan tkut ad kejadian kyk gni lg. Si penjahat tnggal cap cip cup aja memilih korban berikutnya spa lg Gimana ga was was kita",0,,
UgwbEqkqN9aTH5U-SEB4AaABAg.9wvxIH6S_fM9wyDA4wV-kg,,0,"2023-11-11 06:18:52",@djatmikorasid123,"Gak selalu pembunuhan inundan anak saja sampai 2 tahun baru selesai .kalau terorist kan sdh ada yg program.",1,UgwbEqkqN9aTH5U-SEB4AaABAg,@hadinatasimbolon3787
Ugwz1i_j8WA0_LDkSkt4AaABAg,2,1,"2023-11-10 09:02:55",@eka16888,"Mr bert, ini pikiran saya sendiri aja Ada 1 celah si yg saya kepikiran Itu hp baru. Hp nya beli segel pabrik / repack. Waktu beli sudah di pastikan belum imei nya belum di aktivasi Soalnya banyak sekali sekarang ngaku nya hp baru tapi hp repack Saya sangat anti beli hp repack apapun alasannya",0,,
Ugwz1i_j8WA0_LDkSkt4AaABAg.9wvw8qCkhJg9wvwTvQokb9,,0,"2023-11-10 09:05:48",@eka16888,"Saya waktu beli hp samsung via onlen dengan cara ribet. Foto imei wa ke samsung memastikan bahwa hp na bener2 baru segel pabrik Repack = sudah di hijack apapun alasannya saya berfikir demikian",1,Ugwz1i_j8WA0_LDkSkt4AaABAg,@eka16888
Ugwz1i_j8WA0_LDkSkt4AaABAg.9wvw8qCkhJg9wwFyhyDX7S,,0,"2023-11-10 12:04:54",@adiputra-sw9gy,"​@eka16888kalu sy beli hp second, saya ampe factory reset ampe 2x, selama ini aplikasi bank aman semua, inti nya jgn instal aplikasi dari pihak luar aja",1,Ugwz1i_j8WA0_LDkSkt4AaABAg,@eka16888
UgzqOSWab6D2tMJn9eZ4AaABAg,5,5,"2023-11-10 09:02:37",@masbe4624,"BCA sudah jarang saya pake semenjak sering duit ilang & anehnya ga ada di history mutasi. Ga banyak sih yg ilang mulai dr 4 ribu, 7 ribu, 38 ribu. Tapi kejadian duit ilang itu sering banget. Btw, saya ojol yg hampir tiap saat transaksi pake m bangking buat top up saldo driver, jd saya tahu banget jumlah saldo di mBanking saya.",0,,
UgzqOSWab6D2tMJn9eZ4AaABAg.9wvw6XOhlWO9wxVHZpwZK8,,1,"2023-11-10 23:37:56",@uminartirokani8751,"😢😢😢brppun jumlah smua brhrga bang .",1,UgzqOSWab6D2tMJn9eZ4AaABAg,@masbe4624
UgzqOSWab6D2tMJn9eZ4AaABAg.9wvw6XOhlWO9wxceiZA43-,,1,"2023-11-11 00:51:08",@idjusguwang,"Bantu jawab, saya juga gitu, itu karna kita sering NOL'kan saldo, jadi belum sempet bank potong biaya admin saldo kita sudah habis, jadi tagihan itu diakumulasi bulan selanjutnya",1,UgzqOSWab6D2tMJn9eZ4AaABAg,@masbe4624
UgzqOSWab6D2tMJn9eZ4AaABAg.9wvw6XOhlWO9wxitobcNvh,,0,"2023-11-11 01:45:37",@gembellisme,"​@idjusguwangwkwkwk bener",1,UgzqOSWab6D2tMJn9eZ4AaABAg,@masbe4624
UgzqOSWab6D2tMJn9eZ4AaABAg.9wvw6XOhlWO9wyxgMvORwj,,2,"2023-11-11 13:14:06",@esdegan7176,"SALDO DIBAWAH RATA-RATA KENA TAMBAHAN ADMIN, DENDA BIAYA ADMIN BULAN LALU YANG BELUM TERBAYAR. BISA TERAKUMULASI SAMPAI RATUSAN RIBU.",1,UgzqOSWab6D2tMJn9eZ4AaABAg,@masbe4624
UgzqOSWab6D2tMJn9eZ4AaABAg.9wvw6XOhlWOA4mu14YnLjz,,1,"2024-06-17 13:33:46",@azidebarons2280,"Ada 2 ancaman simpan uang di bank: ancaman pertama yg datang dari luar yaitu hacker, bisa hape nasabah sendiri yang kena hack atau sistem bank-nya yg sudah kena hack, ancaman kedua datang dari dalam yaitu Ordal yg mencuri uang dari dalam bank-nya",1,UgzqOSWab6D2tMJn9eZ4AaABAg,@masbe4624
Ugwz6nPSo9Pt85e7_4B4AaABAg,0,1,"2023-11-10 08:56:54",@ardisulung,"Mungkin orang dalam bca🗿",0,,
UgybMJfDY4TtgCZ-GNl4AaABAg,0,0,"2023-11-10 08:52:37",@bangrasiyd7949,"Mukin hp nya ada yg megang orang terdekatnya di situ mungkin",0,,
UgwA5KVZByHoPsJZxTR4AaABAg,1,0,"2023-11-10 08:50:37",@MasManunggal,"Baru kali ini bca ke bobolan hacker",0,,
UgwA5KVZByHoPsJZxTR4AaABAg.9wvuji3l_kk9ww6K67xYC8,,1,"2023-11-10 10:40:35",@yangmulia8926,"Ms sih?sama tukang becak aja kebobolan kok",1,UgwA5KVZByHoPsJZxTR4AaABAg,@MasManunggal
Ugx19fwXdxCg1VcPHLp4AaABAg,0,0,"2023-11-10 08:28:57",@ajirubiyantogoogle,"Berarti ada tuyul yang lakukan ituuu",0,,
UgxP4ejAqQXcju2lUPh4AaABAg,4,0,"2023-11-10 08:24:33",@kalengkaleng8087,"mungkinkah ada mengcopy sim-card. oleh pihak tidak bertanggung jawab. mungkin pernah servis handphone. tanpa sadar di copy sim cardnya",0,,
UgxP4ejAqQXcju2lUPh4AaABAg.9wvrkoCon4X9ww3c6y3cP5,,0,"2023-11-10 10:16:58",@kaoskaki8792,"Aneh 2 aja.mana ada simcard dicopy.walaupun bisa harus ke GraPARI dulu.itupun harus nunjukin ktp😅",1,UgxP4ejAqQXcju2lUPh4AaABAg,@kalengkaleng8087
UgxP4ejAqQXcju2lUPh4AaABAg.9wvrkoCon4X9ww6BpwluFy,,0,"2023-11-10 10:39:27",@yangmulia8926,"Nah ini pinter",1,UgxP4ejAqQXcju2lUPh4AaABAg,@kalengkaleng8087
UgxP4ejAqQXcju2lUPh4AaABAg.9wvrkoCon4X9wxbUF8uhUw,,0,"2023-11-11 00:40:50",@dedy6885,"tunjukin mana tukang servis hp yg bisa copy simcard. Ngayalnya kejauhan atuh",1,UgxP4ejAqQXcju2lUPh4AaABAg,@kalengkaleng8087
UgxP4ejAqQXcju2lUPh4AaABAg.9wvrkoCon4X9wxkP-yNlWz,,0,"2023-11-11 01:58:45",@kalengkaleng8087,"namanya juga ilegal itu kan cuma kemungkinan aja. kartu kredit aja diluar negri di taping aja bisa kecolong",1,UgxP4ejAqQXcju2lUPh4AaABAg,@kalengkaleng8087
Ugw7F7m6GfGb9NdfQnd4AaABAg,0,2,"2023-11-10 08:23:27",@muhammadfaisalabdullatif6050,"2 hari lalu istriku juga sama 800 rb menghilang tau² ada transfer ke dana orang asing. Tetep semangat mbak perjuangkan haknya. #bcalagigakbaik2saja",0,,
Ugz_ha9f_MJqYKmqSm14AaABAg,0,1,"2023-11-10 08:14:01",@alfinaprianto,"Paling aman bank ayam :v",0,,
Ugxhz9UeXRtWM6QrKnB4AaABAg,0,0,"2023-11-10 08:08:20",@beibeichuan2401,"kl ada Transaksi . . pastiada tujuan Rekening yang di tuju . . mbak. . . rekeningnya kemana ? itu bisa dilacak . . kl ada tujuan Rekeningn yg dituju . .",0,,
Ugy5uz7AmgMA5wJja6V4AaABAg,0,2,"2023-11-10 08:06:08",@muchtartan4299,"Gila ya udh begitu kuat penjelasan ibu nya tapi masih blm bisa dipecahkan masalah nya? Mengerikan sekali",0,,
UgyQoUJDnFoxM8ATX6F4AaABAg,0,0,"2023-11-10 07:56:53",@Turangga777,"Bca emang gak aman.bisa tukar no hp tanpa verifikasi cs dan bisa trf dana",0,,
UgzNTMepaImookTusU94AaABAg,1,3,"2023-11-10 07:46:31",@FerryLiang,"Kalau di transaksi Inbox Mobile BCA nya bagaimana mba? apakah ada history transaksinya? Karena kalau di mobile BCA itu biasanya ketika akan eksekusi transaksi butuh PIN ATM.",0,,
UgzNTMepaImookTusU94AaABAg.9wvnPAryPBr9wyXRbVcK7g,,0,"2023-11-11 09:16:01",@fajar79,"kalau transaksi dilakukan si mbak, maka akan ada data di inbox. masalahnya data itu akan hilang saat aplikasi di uninstall. mobile bca akan menghapus semua data termasuk daftar transaksi saat aplikasi di install ulang. data nggak disimpan di server.",1,UgzNTMepaImookTusU94AaABAg,@FerryLiang
UgzIujmMY_mVR4rfLFF4AaABAg,0,1,"2023-11-10 07:34:31",@DaJia-z1j,"Makanya mending pake kartu kredit aja mbak. Kasih limit",0,,
UgxBnoqHj1rIszhQ_O54AaABAg,0,0,"2023-11-10 07:27:57",@antoksiyanto,"Wah BCA ya,,, waduh...",0,,
UgzL7_VLw5KRUK-miVJ4AaABAg,1,0,"2023-11-10 07:14:50",@hendrajaya5858,"Coba disebutkan pakai hp merk apa?",0,,
UgzL7_VLw5KRUK-miVJ4AaABAg.9wvjm7H6w4E9ww64cO7xjG,,0,"2023-11-10 10:38:28",@yangmulia8926,"Oppo maneh",1,UgzL7_VLw5KRUK-miVJ4AaABAg,@hendrajaya5858
UgwpepCL_I0SxxWnxoR4AaABAg,1,0,"2023-11-10 07:14:31",@ryohamaru,"makanya saya gake pernah pake mbanking apapun sampe skrg",0,,
UgwpepCL_I0SxxWnxoR4AaABAg.9wvjjpDoN489wxmiw5Qp9x,,0,"2023-11-11 02:19:05",@ryohamaru,"@yuniartos540 ATM aja ato tarik tunai bang",1,UgwpepCL_I0SxxWnxoR4AaABAg,@ryohamaru
UgygCheUW5FCi62xKDp4AaABAg,1,0,"2023-11-10 07:12:56",@blendespull,"PROGRAM SELURUH BANK SWASTA DI INDONESIA, ITUUUUUUU PROGRAAAAAM PEKOOOOK ASAL ADA.. INGAT YAAAAAAAAAAA.. SEMUA PROGRAM BANK ITU PEKOK ASAL ADA ASAL DIANGGAP CANGGIH.. SELURUH BANK SWASTA DI INDONESIA ITU TAK MAU KELUAR DUIT MAAAAAAAAAHAAAAAAAL HANYA UNTUK PROGRAM.. PROOOGRAAAAAMEEEEERNYA AJA ASAL ADA.. PROGRAAAAMEEEERNYA AJA BERULANGKALI JADI TUMBAL, KAAAAAAAREEEENAAAAAAAA BANK SWASTA ITU TAAAAAAK MAU BAYAR MAAAAAHAAAAL UTK PROGRAM.. UJUNG UJUNGNYA BANK SWASTA TETAP BAKAL TAK MAU TAHUUUUUUUUU & TAK MAU TANGGUNGJAWAB, KARENA ASURANSI DANA JUGA MEMBERLAKUKAN YG SAMA..",0,,
UgygCheUW5FCi62xKDp4AaABAg.9wvjZCE5J029wxbI7t9WQ8,,0,"2023-11-11 00:39:10",@dedy6885,"ribet amat, klo takut gk usah aktifin mbanking. Balik ke jaman dulu tiap transaksi dateng ke bank, antri terserah mau setor atau tarik tunai.",1,UgygCheUW5FCi62xKDp4AaABAg,@blendespull
UgwW3lLBjnA0rxd7oHV4AaABAg,3,42,"2023-11-10 07:09:01",@haznify,"Om Bert.... Krn begitu banyaknya kasus kejahatan online, rasaya sebagai pembayar pajak kita harus menuntut NEGARA HADIR dalam area ini. Bagaimana caranya, pusat pengaduan harus di kelola oleh otoritas negara dalam hal ini BI atau LPS, karena kita tidak bisa berharap pada ""kebaikan pihak bank"", dlm banyak kasus nasabah selalu dipersalahkan, dan selalu memaksa nasabah untuk bergerak, bukannya fihak bank bergerak menyelidiki. Dengan cara ini, tingkat keamanan transaksi online banking bisa di standarisasi, dimonitor, dan KPI bs diukur serta diperbaiki, dan akan mendrive bank sebagai fihak harus menginitiate proses ini, dan memaksa bank memperbaiki sistem mrk jk benar salah... sekali lagi jangan berharap ""budi baik bank"", itu bullshit, apalagi kalau kesalahan itu ada di fihak bank, pasti nasabah yg dipersalahkan. Caranya: BI/LPS harus membuat/mendesain Sistem Pelaporan yg bisa diakses/dilaporkan secara onlile oleg publik, semua nasabah online secara otomatis memiliki akun dlm sistem ini, dan penting... bisnis proses sistem ini harus di audit tingkat sekuritasnya oleh badan yg berwenang, kalau perlu audit entitas international. Cost dlm proses ini sedianya sdh dicover dlm tingkat suku bunga, jadi jaminan LPS bukan cuman soal si bank bangkrut, tapi jg hal2 semacam ini... Contoh proses spt ini, (1) nasabah melaporkan dan mendapat nomor pengaduan unique, (2) laporan terima control center BI/LPS, dan jk valid diteruskan ke bank, (3) Bank menerima pelaporan, dan scr online/voice menghubungi nasabah pelapor (BUKAN NASABAH YG MENG HUB BANK, BUKAN!!!), minta data/bukti yg diperlukan, (4) penyeidikan dikerjakan oleh bank (OLEH BANK), kalau perlu menghub fihak lain spt PPATK/Polisi/dll, (5) temuan & penyelesaian kasus, (6) tidak lanjut kasus, report & status pelaporan di tutup, (7) proses kembali ke BI/LPS utk mengawal langkah perbaikan fihak bank.  Analoginya, kalau bank membangun sistem jembatan sungai tanpa pagar, lalu si penyebrang kecemplung sungai, ITU SALAH PEMBUAT JEMBATAN, bukannya malah menyalahkan si penyeberang yg sdh cilaka... Buat dong jembatan lengkap dgn pagar dan petunjuk, baru dibuka.... Sekedar masukan, sy gregetan, mudahan didengar oleh om Bert dan BI/LPS....",0,,
UgwW3lLBjnA0rxd7oHV4AaABAg.9wvj6a3AdKR9x-JN6XkZER,,6,"2023-11-12 01:51:33",@mrbert,"Mantaph. Tapi kita harus akui negara kita terlalu ribet utk masalah keuangan",1,UgwW3lLBjnA0rxd7oHV4AaABAg,@haznify
UgwW3lLBjnA0rxd7oHV4AaABAg.9wvj6a3AdKR9x1VmxRh_lS,,4,"2023-11-12 22:18:33",@luis123putra123,"Syulit, B*A sendiri tutup mata sama akun2 rekening scam, pas di mintain data2 bertele2 dan seakan melindungi data2 rek scam.. padahal cara paling gampang kalau ketahuan scam blokir rek, kasih data ke polisi (kalau itu akun rekening yg di jual tangkap yg jual nya dan suruh ngaku jual ke siapa) dengan begitu ga sampe setahun scam, judol, pinjol ilegal pasti bersih di indonesia",1,UgwW3lLBjnA0rxd7oHV4AaABAg,@haznify
UgwW3lLBjnA0rxd7oHV4AaABAg.9wvj6a3AdKR9x3P1R1xLQE,,0,"2023-11-13 15:57:59",@tiararoxeanne1318,"@luis123putra123 Rekening tujuan transfer bukan rekening BCA. Jadi BCA tidak bisa langsung tahu identitas pemilik rekening tujuan transfer, apalagi mem-blokir rekening tersebut.",1,UgwW3lLBjnA0rxd7oHV4AaABAg,@haznify
UgyHVBMDZ7QploiORwx4AaABAg,0,0,"2023-11-10 07:01:44",@aryalesmana2944,"Wahhh ngerii ini !! Halo BCA😅😅",0,,
Ugzo0C8cvVzOVO9VAqd4AaABAg,0,0,"2023-11-10 06:54:11",@XenvaMerchant,"Bca terlalu percaya diri akan sistemnya mereka sendiri, saya sendiri pernah ngalamin setor tunai di bank bca, dan teller mengarahkan untuk taruh uang di mesin penghitung uang yg tertutup. Dan karena saya ""percaya"" bca sebagai bank terbaik di indonesia, saya taruh uangnya di mesin tersebut, Dan akhirnya teller mengatakan uangnya kurang 500rb, padahal saya sebelum setor, dirumah saya hitung manual 5x, Dan akhirnya saya debat dengan teller, tp teller memanggil supervisor dan supervisor dengan sombongnya mengatakan ""mesin kami tidak pernah salah"", padahal menurut pengalaman saya mesin penghitung uang yg lama sering salah, Dan akhirnya setelah debat lumayan panjang, supervisor mengundang saya untuk menghitung bersama ketika bank closing jam 3an, Tapi ternyata, hanya ditelpon saja dan mengatakan uang di mesin mereka pas dan terjadi debat, tp karena cape dan males berurusan dengan mereka saya relakan, bagi saya uang 500rb kecil, tapi profesionalisme mereka sangat buruk ditutupi dengan senyum sapa karyawannya. Semenjak saat itu saya sangat kecewa dengan bank bca, dan membuat saya semakin skeptis dengan semua bank.",0,,
Ugzmwb6Q8TyB3sxdCxJ4AaABAg,0,0,"2023-11-10 06:37:20",@hutamisetyowati5875,"Transaksi online makin kesini semakin tidak aman,, makin ragu2 saja saya buka aplikasi e-banking apa saja",0,,
UgzXr1MLe_NuGdI2rRt4AaABAg,2,2,"2023-11-10 06:35:38",@Vino5758_,"Coba di Cek sapa Tau Diam"" Suami nya yg DEPO judi pake QRIS 😂😂😂😂",0,,
UgzXr1MLe_NuGdI2rRt4AaABAg.9wvfHzzKXHz9wvkn7zd-Ho,,0,"2023-11-10 07:23:42",@onepuncchman,"Bisa jadi bisa jadi😂",1,UgzXr1MLe_NuGdI2rRt4AaABAg,@Vino5758_
UgzXr1MLe_NuGdI2rRt4AaABAg.9wvfHzzKXHz9wz-WWsVkPO,,0,"2023-11-11 13:38:50",@vidmusic222,"Seprti tanteku.kehilangan saldo di rek bri. Total 18 juta. Transaksinya sedikit2 . Eh lama2 ketahuan ternyata mantu nya yang nyuri atm nya.. karna mantunya tau pin nya.",1,UgzXr1MLe_NuGdI2rRt4AaABAg,@Vino5758_
UgwfZIoMsfxmNB8XVNZ4AaABAg,0,0,"2023-11-10 06:28:55",@donnypangabdi8825,"Internet online sih bagus bikin apa2 tuh simpel dan cepat , tapi keamanan nya tuh loh perlu di tingkatin banget",0,,
UgzxZoKq1SyPHU3zIMJ4AaABAg,1,0,"2023-11-10 06:28:25",@andraandraa9789,"Pihak ke 3 ????? tanda kutip ?? siapa ??",0,,
UgzxZoKq1SyPHU3zIMJ4AaABAg.9wveTDu8rHd9wvg32LYcFB,,0,"2023-11-10 06:42:19",@mrbert,ISILOP,1,UgzxZoKq1SyPHU3zIMJ4AaABAg,@andraandraa9789
Ugw3tQTDs1yxgDFDOVt4AaABAg,0,0,"2023-11-10 06:24:28",@brewogshooter2259,"Nggak ada konglomerat nyimpen duit di Bank!! Otak seorang konglomerat nggak segoblok itu",0,,
UgyWaE4HUlOw0Arnw1d4AaABAg,0,0,"2023-11-10 06:23:42",@noadstv,"paling aman pakai key bca aja utk internet banking. utk transaksi kecil seperti qris dll pakai rek khusus dgn saldo kecil saja.",0,,
UgwUWPRsrGsTHKqpsaJ4AaABAg,0,1,"2023-11-10 06:19:10",@cataleya0955,"Oh y satu hal….skarang jaman TEKNOKOGI CANGGIH, so segala kemungkinan bisa TERJADI!!!",0,,
Ugxde2nNfzw4SomT1st4AaABAg,1,5,"2023-11-10 06:15:49",@cataleya0955,"@Admin ; Anda berkali2 bilang BCA Bank PALING AMAN….tp buktinya apa.??!! Jawban BCA GAK JELAS!!!! Padahal Si Mba udah bicara dgn JELAS… Anda bilang juga BANK TDK MAU DISALAHKAN DGN ALASAN YG GAK MASUK AKAL…itu namanya DEFENSE…!! Menrut gw BCA YG KATANYA BANK PALING AMAN YG NGECEK BUKAN nasabahnya yg di suruh nelusurin…!!!! Maap y….semua udah CLEAR JADI TINGGAL PIHAK BCA YG HARUS MENUNJUKAN ITIKAT BAIK…!!!! Dari si Mba TIDAK TERLIHAT HUMAN ERROR.",0,,
Ugxde2nNfzw4SomT1st4AaABAg.9wvd0x7ta7A9wyxwI9odf3,,0,"2023-11-11 13:16:16",@esdegan7176,"B I T C O I N NOT YOUR KEYS NOT YOUR ASSETS",1,Ugxde2nNfzw4SomT1st4AaABAg,@cataleya0955
UgxVJv3XS24bFLGpNox4AaABAg,0,0,"2023-11-10 06:14:34",@My_Hyundai,"Gw udh pernah jg kena, mendadak duit ketarik di rek BCA , pas di cek lari ke negara swedia kalo ga salah dulu.. Gw laporan , di cek , ga sampe 2hari duit gw balik dr BCA ke rek gw & di tlp lg sm BCA ..",0,,
UgwHpMiQvsgnqFL11_B4AaABAg,0,0,"2023-11-10 06:13:26",@onepuncchman,"BCA harus tau ni, kasus baru",0,,
UgzBAQyRVD083zi3kFh4AaABAg,0,0,"2023-11-10 05:59:25",@ambsk-hl1cp,"Ribet itu kan ada transaksi QRIS tinggal di cari kocak😂😂😂",0,,
Ugxf01oWJdGR5W3E1RZ4AaABAg,0,0,"2023-11-10 05:51:25",@behappysmille342,"goblok gak masuk akal dimintai cctv alasan mereka saja biar bisa ngelak",0,,
UgwujA7h4i6dcyBAtOh4AaABAg,0,0,"2023-11-10 05:49:55",@thelast8643,"Kalo pake iphone bgmna ?",0,,
UgwlKle-OYtRxUzYZVJ4AaABAg,0,0,"2023-11-10 05:42:33",@sigit.z4202,"Lebih baik di tabung di dalam.bambu aman😂",0,,
UgxHNvk_ncvgvZ7g6zl4AaABAg,0,1,"2023-11-10 05:37:37",@wopmandiri,"Makanya Para KORUPTOR,BANDAR NARKOBA UANG MEREKA BANYAK JARANG DITARO DI BANK 😀....MEREKA SIMPAN UANG DI GUDANG(UANG FISIK)",0,,
UgwvrIe9kLaYPAmVhEJ4AaABAg,1,0,"2023-11-10 05:36:03",@wopmandiri,"Beralih ke Cripto....hacker semakin canggih... Security Bank bisa dibobol sm Hacker",0,,
UgwvrIe9kLaYPAmVhEJ4AaABAg.9wvZTgmYA3Y9wxokPl8tZv,,0,"2023-11-11 02:36:46",@gembellisme,🙄,1,UgwvrIe9kLaYPAmVhEJ4AaABAg,@wopmandiri
Ugx7-0TFbB7k4XzaucJ4AaABAg,5,0,"2023-11-10 05:29:05",@PanchaKRW,"Fix cloning",0,,
Ugx7-0TFbB7k4XzaucJ4AaABAg.9wvYfaqnMOY9wvZ4Sjunw2,,0,"2023-11-10 05:32:37",@mrbert,"Nahhh Kalo beneran bisa di cloning gimana kita bisa percaya lagi.",1,Ugx7-0TFbB7k4XzaucJ4AaABAg,@PanchaKRW
Ugx7-0TFbB7k4XzaucJ4AaABAg.9wvYfaqnMOY9wvZdkw-Vy2,,0,"2023-11-10 05:37:34",@PanchaKRW,"@mrbert kalau saya tafsir. Mungkin hapenya sudah ter infect",1,Ugx7-0TFbB7k4XzaucJ4AaABAg,@PanchaKRW
Ugx7-0TFbB7k4XzaucJ4AaABAg.9wvYfaqnMOY9wvZoQlxjGM,,0,"2023-11-10 05:39:01",@PanchaKRW,"@mrbert saran dari saya tutup Itu rekening, buat rekening baru, kalau bs jgn menggunakan M-bca, pakai saya token BCA (klikbca)",1,Ugx7-0TFbB7k4XzaucJ4AaABAg,@PanchaKRW
Ugx7-0TFbB7k4XzaucJ4AaABAg.9wvYfaqnMOY9wv_OdmR7xR,,0,"2023-11-10 05:44:06",@mrbert,"Terinfeksi apa? Ingat BCA itu ada verifikasi 2 langkah. Dan QRIS itu harus pakai scan camera. Ingat kalo bank lainnya. Gw ga peduli sama skali karena standar keamanan bank Indonesia itu BCA. Kalo terinfeksi harusnya hacker ga capek capek pakai QRIS puluhan kali langsung main tranfer aja. Dan ga menjelaskan kenapa tiba tiba masuk QRIS 2 kali. Aneh kan. Ini kenapa kita harus cari tahu.",1,Ugx7-0TFbB7k4XzaucJ4AaABAg,@PanchaKRW
Ugx7-0TFbB7k4XzaucJ4AaABAg.9wvYfaqnMOY9wvoJN23r3S,,0,"2023-11-10 07:54:27",@yuliusmotovlog3332,"​​@mrbertapakah mungkin error dr BCA nya? bisa ga terjadi seperti itu? saya pernah transaksi beli Pizza Hut di Rawamangun sebesar 79rb, saya bayar pk QRIS begitu saya pulang di rumah saya check saldo kok kepotong 2x pembayaran yg di Pizza Hut tadi, jd 79rb x 2, akhirnya saya telp BCA komplain besoknya baru di kembalikan",1,Ugx7-0TFbB7k4XzaucJ4AaABAg,@PanchaKRW
UgwKj0N8nc7fQitxu454AaABAg,3,1,"2023-11-10 05:08:48",@anandabarata,"Laporkan ke OJK sebagai pengelola bank; laporkan juga ke Bank Indonesia sebagai pengelola Sistem Pembayaran (QRIS); laporkan ke polisi utk selidiki rekening penerima (rahasia bank). Semoga dapat membantu..",0,,
UgwKj0N8nc7fQitxu454AaABAg.9wvWM22GeuT9wvYxJNN_o-,,0,"2023-11-10 05:31:30",@mrbert,"Sudah. Ya tapi... Ya begitulah",1,UgwKj0N8nc7fQitxu454AaABAg,@anandabarata
UgwKj0N8nc7fQitxu454AaABAg.9wvWM22GeuT9wySIj8lee0,,0,"2023-11-11 08:31:07",@stevenqiu4716,"Ojk... jgn diharap... investasi online sj gk bisa ditangkap pelakuny... tanifund,dll terkesan lepas tangan kalau ada mslh..",1,UgwKj0N8nc7fQitxu454AaABAg,@anandabarata
UgwKj0N8nc7fQitxu454AaABAg.9wvWM22GeuT9wz859PrfnF,,0,"2023-11-11 14:53:44",@bossepang941,"Ribet sekali Indon ini lapor satu-satu.. bisa gk sih lapor ke satu instansi terus instansi koordinasi langsung berbagI instansi",1,UgwKj0N8nc7fQitxu454AaABAg,@anandabarata
Ugzf2FgWUCSTZE5KBep4AaABAg,0,0,"2023-11-10 04:55:45",@abalxlatihan,"bank adalah tempat menyimpan uang yg paling tidak aman buktikan sendiri, anda naruh uang anda dibank , 1menit kemudian ambil aja dah, kan bakal ribet",0,,
UgyNJyyvOvp25Dbgcll4AaABAg,2,3,"2023-11-10 04:33:50",@putcat29,"Coba kerjasama dengan polisi hub operator telpon nya kan mereka ada riwayat posisi simcard dan historisnya (saya bukan orang tehnik sih cuma logika aja)",0,,
UgyNJyyvOvp25Dbgcll4AaABAg.9wvSLzlT-dY9wwe8p27qdh,,0,"2023-11-10 15:44:53",@mrbert,"sudah kok cuma mau tunggu berapa lamaaaaa????",1,UgyNJyyvOvp25Dbgcll4AaABAg,@putcat29
UgyNJyyvOvp25Dbgcll4AaABAg.9wvSLzlT-dY9wxLatMoibJ,,0,"2023-11-10 22:13:19",@putcat29,"@mrbert hehe iya ya duh berapa lamaa yaa? repot ya",1,UgyNJyyvOvp25Dbgcll4AaABAg,@putcat29
Ugy_VMrPF0NNwynS2rl4AaABAg,1,0,"2023-11-10 04:13:02",@agusedyanto3324,"Jadi takut nabung banyak2 di bank kalo begini !",0,,
Ugy_VMrPF0NNwynS2rl4AaABAg.9wvPybNublW9ww5eHHq_XP,,0,"2023-11-10 10:34:44",@yangmulia8926,"Simpan ke sy aja.",1,Ugy_VMrPF0NNwynS2rl4AaABAg,@agusedyanto3324
Ugymln4RKDbrba8Qb7V4AaABAg,7,44,"2023-11-10 04:07:03",@feriirawan2459,"Saya nasabah BCA, bahkan saking percayanya sama Bank ini, uang saya yg sedikit dan saya sangat jaga ini karna hasil keringat banting tulang tiap hari saya simpan semuanya di Bank ini. Jadi mohon sama pihak BCA tolong selesaikan kasus ini, beri kami kenyamanan dalam menyimpan uang & lindungi hak hak kami sebagai nasabah karna kami percaya bahwa BCA adalah Bank terbaik. Bismillah... semoga tidak terjadi lagi kasus serupa bagi nasabah BCA maupun Bank Bank lainnya karna kami percaya bahwa Bank adalah tempat teraman untuk menyimpan uang.",0,,
Ugymln4RKDbrba8Qb7V4AaABAg.9wvPHoST2NG9wwzif8CAs3,,0,"2023-11-10 18:53:24",@luqar1f,"harus punya rekening sendiri buat save money yang tidak terhubung dg mobile phone... dijamin aman. yg terhubung dg mobile phone cukup yg digunakan untuk transaksi keuangan dg saldo yg terbatas.",1,Ugymln4RKDbrba8Qb7V4AaABAg,@feriirawan2459
Ugymln4RKDbrba8Qb7V4AaABAg.9wvPHoST2NG9wy0RK7ZSTv,,1,"2023-11-11 04:27:37",@kasperbeta4602,"Bagus deh...lu tunggu aja kejadian SM diri lu, temen lu,tetangga lu ,keluarga lu ..padahal sinyal sdh ada..kucing aj di hush hush...ngerti dia...manusia di beri sinyal masih Bolot..kalah sama kucing ,katanya punya akal ...ko enggak di pake ..doa itu cuman harapan ...😂",1,Ugymln4RKDbrba8Qb7V4AaABAg,@feriirawan2459
Ugymln4RKDbrba8Qb7V4AaABAg.9wvPHoST2NG9x0eI7hQWXk,,7,"2023-11-12 14:22:21",@rerontokrengginang,"saran saja kakak jangan simpan duit lu di 1 bank,, karna kalo apesnya kejadian ludes duit lu semua misal simpan di 4 bank,, 1bank untuk banking n 3 bank lainya untuk simpan saja n ga usah ada kartu ATM,, itu lebih aman n terjaga",1,Ugymln4RKDbrba8Qb7V4AaABAg,@feriirawan2459
Ugymln4RKDbrba8Qb7V4AaABAg.9wvPHoST2NG9x0fHHFRTQQ,,3,"2023-11-12 14:30:58",@NNF-26,"Gak perlu aktifkan mbca di hp yg kirim kirim otp kak saya sarankan.... Cukup aktifkan klik bca yg pakai token manual... InsyaAllah aman... Saya udah dari tahun 2001 aman... Dan semoga masih bisa di percaya terus....",1,Ugymln4RKDbrba8Qb7V4AaABAg,@feriirawan2459
Ugymln4RKDbrba8Qb7V4AaABAg.9wvPHoST2NGA2RNgZHSlrA,,0,"2024-04-20 02:36:24",@langitbiru7871,"​@NNF-26aku jg dari dulu cuma pakai klik bca, tapi masalahnya klik bca gk ada aplikasi QRIS. Sedangkan akhir2 ini banyak merchant yg cuma mau nerima pembayaran pakai QRIS. Jadi mau gk mau harus instal aplikasi mbanking bca",1,Ugymln4RKDbrba8Qb7V4AaABAg,@feriirawan2459
Ugymln4RKDbrba8Qb7V4AaABAg.9wvPHoST2NGABruEElK7ab,,0,"2024-12-10 11:51:31",@kontwol-z3d,"Mana ada istilah bank terbaik? Lu nyimpen duit lewat jasa mereka... trus pegawai bank , cleaning service, security, tukang parkir, tukang kebon, tukang ngurus gedung... mereka semua kerja di bank yang gaji siapa kalo bukan duit² dari anda sekalian? 🤧 Duit anda masih aman karna belum jadi target🤭",1,Ugymln4RKDbrba8Qb7V4AaABAg,@feriirawan2459
Ugymln4RKDbrba8Qb7V4AaABAg.9wvPHoST2NGAPnYlJOj8PQ,,0,"2025-11-21 18:37:45",@tjemaman331,"Nyimpen duit mending di ewallet ga kegerus admin buat bayar ini itu juga bisa transfer jg bisa mlah ada yg gratisin biaya transfer mo ngapain pke bank. Bank indo bobrok smua ga ad yg bner Laporan scam duit ilang belum ratusan juta mana di gubris😂",1,Ugymln4RKDbrba8Qb7V4AaABAg,@feriirawan2459
UgyjuXyXh7tsU5Dwp5R4AaABAg,0,2,"2023-11-10 03:59:22",@budilim800,"Cukup membagongkan jika kasus spt ini bisa transaksi Qris sendiri.., sebab mBCA atau MyBCA cabut SIM Card saja itu Apk sudah tidak dpt diakses.., apalagi bisa berpindah data atau remote dr HP lain tanpa SIM card terdaftar.",0,,
Ugzu6_xJz2Jyk1qG_z94AaABAg,0,0,"2023-11-10 03:50:22",@abdullathifmuhammadarifin9999,"Kalau uang masuk ke rekening saya juga pernah, waktu itu masuk 2 jt. Gak tau siapa yang ngirim. Saya dapat uang segitu bukan seneng, malah ngeri takutnya kedepannya malah jadi masalah. Akhirnya saya hubungi HalloBCA dan beberapa hari kemudian saya di telepon oleh pihak BCA dan uangnya ditarik lagi oleh pihak BCA.",0,,
UgxlQBeBRSyP2FFQqBR4AaABAg,1,0,"2023-11-10 03:46:53",@Bennyoowek,"Lapor polisi blm ten tu jalan wkwkwk",0,,
UgxlQBeBRSyP2FFQqBR4AaABAg.9wvMz1nJGMU9wxakG4Km24,,0,"2023-11-11 00:34:25",@dedy6885,"lapor polisi itu biar dapat surat pelaporan jd bisa memaksa pihak bank untuk telusuri transaksi",1,UgxlQBeBRSyP2FFQqBR4AaABAg,@Bennyoowek
UgxbFhYXLscynbyb5pR4AaABAg,0,0,"2023-11-10 03:46:11",@yuvicfiasco6807,"hapenya kena hack di MIRROR gak sih?",0,,
UgxDMwYdNzUtgNpGQdR4AaABAg,0,0,"2023-11-10 03:44:15",@agness6527,"Bandungan deket sama aku ambarawa",0,,
UgzvUZa7nSzVX_iPpBF4AaABAg,0,0,"2023-11-10 03:33:12",@bensuba,"Ganti dulu semua password myBCA mbca nya yang bisa qris",0,,
UgzaeUn7Rv_rj_fJaOd4AaABAg,52,302,"2023-11-10 03:24:03",@petualangcinta1650,"KAWAL TERUS MRBERT. Evita bagus sekali bisa berikan semua data. Perjuangkan uangmu. BCA kasi solusi liat video CCTV. Guoblokkkk bener. Solusi tholollllll macam apa itu. KAWAL TERUS MRBERT. Karena saya nasabah BCA. Terima kasih MrBert ga masuk angin disini. Kak Evita pasti dapat tekanan juga tuh. Selama bener tetap berjuang. Kita tunggu video keduanya.",0,,
UgzaeUn7Rv_rj_fJaOd4AaABAg.9wvKMqL8-xN9wvuxfZDJvs,,6,"2023-11-10 08:52:32",@ardisulung,"Kocak elu, elu pikir semudah itu melapor, ntr kata polisi itu kesalahan ibu nga teliti🗿🗿",1,UgzaeUn7Rv_rj_fJaOd4AaABAg,@petualangcinta1650
UgzaeUn7Rv_rj_fJaOd4AaABAg.9wvKMqL8-xN9ww9Wsdo7M4,,10,"2023-11-10 11:08:32",@kathlen76,"Kasus Bobol Bank di Indonesia selalu pakai HP ANDROID.... ANDROID.... ANDROID...",1,UgzaeUn7Rv_rj_fJaOd4AaABAg,@petualangcinta1650
UgzaeUn7Rv_rj_fJaOd4AaABAg.9wvKMqL8-xN9wwQt5dQLIX,,1,"2023-11-10 13:40:15",@YESRICHARD-o9k,"Pake rat remote akses trojan gw punya bisa akses crypto wallet korban juga",1,UgzaeUn7Rv_rj_fJaOd4AaABAg,@petualangcinta1650
UgzaeUn7Rv_rj_fJaOd4AaABAg.9wvKMqL8-xN9wwSzjFLDK4,,19,"2023-11-10 13:58:38",@D0.1234,"Wkwkwkwk emg goblok😂 masa iya harus kasih bukti cctv bahwa hp selalu bersama pemilik ?? Lah hp bersama pemilik di rekam cctv tp buat transaksi ya sama aja...😂 Ngga nalar gtu yah solusi nya BCA Salatiga...😅 Solusi nya ya Tracking itu mutasi nya ke siapa, untuk transaksi apa misal nya.. Nah di situ memang kewenangan Bareskrim Polri, untuk melacak menyidik kemana saja mutasi nya untuk kemudian di lanjut siapa pemilik rekening penerima mutasi kas tsb, sampai siapa pelaku nya..",1,UgzaeUn7Rv_rj_fJaOd4AaABAg,@petualangcinta1650
UgzaeUn7Rv_rj_fJaOd4AaABAg.9wvKMqL8-xN9wxsUlQ7abJ,,5,"2023-11-11 03:09:27",@Muchamadchaaaabq,"Anjir gara2 nonton ini, gue lngsng parno lihat MBCA gue, kmrn baru belanja pakai Qris, padahal gak pernah Qris gara2 bini yg maksa biar cepet, karena selalu bayar emang ambil cash, kalau ga yg kasih kartu gitu jadi klo ada apa2 pembayaran tahu entah kelebihan atau gak 😅",1,UgzaeUn7Rv_rj_fJaOd4AaABAg,@petualangcinta1650
UgzaeUn7Rv_rj_fJaOd4AaABAg.9wvKMqL8-xN9wy0-CiX4d5,,0,"2023-11-11 04:23:47",@kasperbeta4602,"​@Muchamadchaaaabqtutup aja rek.bca Lo bro,ini bank ud mulai nakal.",1,UgzaeUn7Rv_rj_fJaOd4AaABAg,@petualangcinta1650
UgzaeUn7Rv_rj_fJaOd4AaABAg.9wvKMqL8-xN9wyoyeMOTWC,,1,"2023-11-11 11:57:57",@nkaldo2614,"Bisa lapor polisi, sudah cukup bukti transaksi mencurigakan agar diusut.",1,UgzaeUn7Rv_rj_fJaOd4AaABAg,@petualangcinta1650
UgzaeUn7Rv_rj_fJaOd4AaABAg.9wvKMqL8-xN9wypczSrl-Y,,16,"2023-11-11 12:03:44",@nkaldo2614,"Jika kasus ini benar. Yg ada dipikiran saya, kemungkinan: 1. HP sudah dibajak hacker 2. Data dipegang dan disalahgunakan oleh oknum bank 3. Terjadi kesalahan sistem, yg mana akun BCA mbaknya tertukar oleh akun BCA orang lain.",1,UgzaeUn7Rv_rj_fJaOd4AaABAg,@petualangcinta1650
UgzaeUn7Rv_rj_fJaOd4AaABAg.9wvKMqL8-xN9wyqfxFYv1u,,7,"2023-11-11 12:12:52",@nkaldo2614,"Ketika transaksi terjadi bisa dilihat IP Address dari perangkat yg digunakan. IP Address juga bisa menunjukkan lokasi. Bisa juga dilihat informasi perangkat, apakah android, ios, atau lainnya.",1,UgzaeUn7Rv_rj_fJaOd4AaABAg,@petualangcinta1650
UgzaeUn7Rv_rj_fJaOd4AaABAg.9wvKMqL8-xN9wyt7QHh1R_,,3,"2023-11-11 12:34:14",@mrbert,"@nkaldo2614 bisa donk. Jelas bisa ditelusuri.masalahnya mau gak? Itu aja kok",1,UgzaeUn7Rv_rj_fJaOd4AaABAg,@petualangcinta1650
UgzaeUn7Rv_rj_fJaOd4AaABAg.9wvKMqL8-xN9wywUK52Jvk,,0,"2023-11-11 13:03:35",@tommywasissugihono6282,"@nkaldo2614 atau (maaf) mbaknya di video yang bohong.",1,UgzaeUn7Rv_rj_fJaOd4AaABAg,@petualangcinta1650
UgzaeUn7Rv_rj_fJaOd4AaABAg.9wvKMqL8-xN9wywqNnDxdO,,0,"2023-11-11 13:06:43",@esdegan7176,"B I T C O I N NOT YOUR KEYS NOT YOUR ASSETS",1,UgzaeUn7Rv_rj_fJaOd4AaABAg,@petualangcinta1650
UgzaeUn7Rv_rj_fJaOd4AaABAg.9wvKMqL8-xN9wz-yRTpM7l,,0,"2023-11-11 13:42:47",@annassinagabfc4729,"​@esdegan7176sama aja wallet saya jg abis kena retas..pdhal gk pernah aneh2",1,UgzaeUn7Rv_rj_fJaOd4AaABAg,@petualangcinta1650
UgzaeUn7Rv_rj_fJaOd4AaABAg.9wvKMqL8-xN9wzBtMwdGXC,,6,"2023-11-11 15:26:57",@cutethings6897,"Ga nyangka BCA bisa kasih solusi suruh buktiin pake CCTV. Ngakak. Bisa Tracing aliran dana, tapi juga gamau buka aliran dananya kemana",1,UgzaeUn7Rv_rj_fJaOd4AaABAg,@petualangcinta1650
UgzaeUn7Rv_rj_fJaOd4AaABAg.9wvKMqL8-xN9wzxcyX8yB-,,3,"2023-11-11 22:32:53",@kangdebutter752,"Minta BÇA untuk ngeprint siapa aja vendor2nya dan transaksi apa aja dooooonkkkkk. Dari situ kan bisa ditrace dan didetect sekaligus bukti valid klau jadi korban phising. Ayooo jangan mau dilemahkan oleh bank.",1,UgzaeUn7Rv_rj_fJaOd4AaABAg,@petualangcinta1650
UgzaeUn7Rv_rj_fJaOd4AaABAg.9wvKMqL8-xN9x-SRcOuTN7,,9,"2023-11-12 03:10:48",@sabrinaawalluna5761,"Maaf, semenjak bank bca kerja sama dengan asuransi kok saldo di rekening sering ilang sendiri,saya curiga sama oknum yang nawarin asuransi",1,UgzaeUn7Rv_rj_fJaOd4AaABAg,@petualangcinta1650
UgzaeUn7Rv_rj_fJaOd4AaABAg.9wvKMqL8-xN9x-dx2oiRjC,,0,"2023-11-12 05:00:06",@rikiagungsaputrascoot,"​@sabrinaawalluna5761 saldo yg ilang berapa mas ? terus di pastikan ngga ketika di hubungi pihak asuransi yg mengatas namakan kerjasama dengan BCA itu mas nya bilang setuju nggak ?",1,UgzaeUn7Rv_rj_fJaOd4AaABAg,@petualangcinta1650
UgzaeUn7Rv_rj_fJaOd4AaABAg.9wvKMqL8-xN9x-r73v8rgA,,0,"2023-11-12 06:55:12",@noeaztristianto,"Mungkin ini masalah besar, dan BCA belum tau apa itu internet.🤭🤭.. Bisa nunggu 5tahun baru teratasi jika orang sabar",1,UgzaeUn7Rv_rj_fJaOd4AaABAg,@petualangcinta1650
UgzaeUn7Rv_rj_fJaOd4AaABAg.9wvKMqL8-xN9x0QJoAU3PD,,2,"2023-11-12 12:11:30",@darmantjen8548,"Ud paling aman pake Iphone 😂",1,UgzaeUn7Rv_rj_fJaOd4AaABAg,@petualangcinta1650
UgzaeUn7Rv_rj_fJaOd4AaABAg.9wvKMqL8-xN9x20Phbgah0,,0,"2023-11-13 03:03:36",@ronigumilar7295,"​@JessindoPrakarsabank panin gmn?",1,UgzaeUn7Rv_rj_fJaOd4AaABAg,@petualangcinta1650
UgzaeUn7Rv_rj_fJaOd4AaABAg.9wvKMqL8-xN9x20Z2ZtlCF,,2,"2023-11-13 03:04:53",@ronigumilar7295,"Parah sih.... Harus nya dsaat ada transaksi dluar kuasa pemilik rekening, harus nya pihak bank fokus menelusuri kemana dan ke pihak siapa aliran dana tsb dkirim....!!!!! Jgn lagi menanyakan proses pada saat transaksi, udh jelas force majure transaksi dluar kuasa pemilik rekening",1,UgzaeUn7Rv_rj_fJaOd4AaABAg,@petualangcinta1650
UgzaeUn7Rv_rj_fJaOd4AaABAg.9wvKMqL8-xN9x24QT-EArD,,5,"2023-11-13 03:38:39",@thomas879,"@cutethings6897. Seharusnya pihak BCA tdk menjawab begitu, seperti memperlihatkan mmg itu ulah Bank tersebut begitu dan baru ketahuan oleh mbak Evita itu dan Evita2 yg lain. Untung ada yg berani memblow up nya. Kawal ini, krn menyangkut keamanan masyarakat pengguna Bank/nasabah.",1,UgzaeUn7Rv_rj_fJaOd4AaABAg,@petualangcinta1650
UgzaeUn7Rv_rj_fJaOd4AaABAg.9wvKMqL8-xN9x25h4OpiTG,,5,"2023-11-13 03:49:48",@thomas879,"Terkadang DIAM mmg merugikan☝️. Kejar uang mu, tuntut keamanannya dan tuntut nominal seharusnya, ini tdk boleh di biarkan. Kejar jawaban kita semua tuntut KEAMANAN baik lingkungan dan uang kita semuanya. KAWAL spi goal. Polisi ahli syber criminal kudunya menjadi penjawab teka teki berbahaya ini. Pasti ada oknum di BCA, dgn solusi terkesan jawaban anak TK yg mengakibatkan Bank ini pengaruhnya menjadi jatuh. Kita tunggu sampai ada apanya kenapanya kok bisa terjadi ini TUNTAS.",1,UgzaeUn7Rv_rj_fJaOd4AaABAg,@petualangcinta1650
UgzaeUn7Rv_rj_fJaOd4AaABAg.9wvKMqL8-xN9x2MwHtfU34,,3,"2023-11-13 06:20:25",@mrbert,"Yakin iphone aman.udah liat video gw bisa jebol iPhone hanya satu click aja??",1,UgzaeUn7Rv_rj_fJaOd4AaABAg,@petualangcinta1650
UgzaeUn7Rv_rj_fJaOd4AaABAg.9wvKMqL8-xN9x3FY2SBdlG,,2,"2023-11-13 14:35:03",@cowokbaik-baik,"Smoga cepet ketemu titik terangnya ya.",1,UgzaeUn7Rv_rj_fJaOd4AaABAg,@petualangcinta1650
UgzaeUn7Rv_rj_fJaOd4AaABAg.9wvKMqL8-xN9x5qrK4X4ef,,1,"2023-11-14 14:48:21",@chaerrullfebriansyah3965,"Mau info aja koh, app mbca itu ternyata bisa terinstal di 2 hp. Install bca dan Ganti hp baru gak termasuk logout akun dari hp lama. Real kasus mbca saya sekarang ada di 2 hp koh 😂",1,UgzaeUn7Rv_rj_fJaOd4AaABAg,@petualangcinta1650
UgzaeUn7Rv_rj_fJaOd4AaABAg.9wvKMqL8-xN9x5xD3fN1BL,,2,"2023-11-14 15:43:53",@thomas879,"@chaerrullfebriansyah3965 ☝️😆 Genius. Ganti HP mmg sama saja tdk menghentikan Criminal krn ada yg “tdk di perbaharui/di rubah yg bersifat rahasia”. Jelas saja uang terus di scammer oleh Sindikat/maling/penipu. Mau ganti 100 HP sama dgn meng clonning Aap Online Bank klu begitu.",1,UgzaeUn7Rv_rj_fJaOd4AaABAg,@petualangcinta1650
UgzaeUn7Rv_rj_fJaOd4AaABAg.9wvKMqL8-xN9x79wz0m0Qv,,2,"2023-11-15 03:03:08",@dannydanny5051,"Ini BCA pintar banget y apalagi ngelawak.. . Masa suruh kasih bukti Cctv sedangkan lagi mengedarai mobil dan dikamar",1,UgzaeUn7Rv_rj_fJaOd4AaABAg,@petualangcinta1650
UgzaeUn7Rv_rj_fJaOd4AaABAg.9wvKMqL8-xN9x9OQrSu-vW,,0,"2023-11-15 23:48:09",@Lia-qv5lo,"Apakah ada orang yang mengetahui bahwa hp tersebut khusus untuk mobile banking selain keluarga dekat?",1,UgzaeUn7Rv_rj_fJaOd4AaABAg,@petualangcinta1650
UgzaeUn7Rv_rj_fJaOd4AaABAg.9wvKMqL8-xN9xCnUXI-zJ_,,0,"2023-11-17 07:33:34",@MrDunk922,"​@vint9226bca terlalu besar untuk uang 68 juta😂, ga mungkin nama besar bca cuma sebesar 68 juta😂",1,UgzaeUn7Rv_rj_fJaOd4AaABAg,@petualangcinta1650
UgzaeUn7Rv_rj_fJaOd4AaABAg.9wvKMqL8-xN9xDd6Mb1Ky8,,0,"2023-11-17 15:22:08",@tjahjadikosasih4988,"Saya juga uangnya lenyap 20 juta bulan yg sama yaitu september serem ya skrg",1,UgzaeUn7Rv_rj_fJaOd4AaABAg,@petualangcinta1650
UgzaeUn7Rv_rj_fJaOd4AaABAg.9wvKMqL8-xN9xEx8hiJ8PL,,0,"2023-11-18 03:36:27",@abriannatan8412,"Ibu evita harus ganti hp android ke hp iphone lebih aman",1,UgzaeUn7Rv_rj_fJaOd4AaABAg,@petualangcinta1650
UgzaeUn7Rv_rj_fJaOd4AaABAg.9wvKMqL8-xN9xGCihPNBG0,,0,"2023-11-18 15:20:33",@Anji.k-r6j,"untung Q pakai BRI",1,UgzaeUn7Rv_rj_fJaOd4AaABAg,@petualangcinta1650
UgzaeUn7Rv_rj_fJaOd4AaABAg.9wvKMqL8-xN9xGD0TBDqnq,,1,"2023-11-18 15:23:07",@mrbert,"@user-zh4hf8lu2h hahhahahahha itu bank yang paling rentan di jebol agannnnnn. Jauh lebih aman BCA",1,UgzaeUn7Rv_rj_fJaOd4AaABAg,@petualangcinta1650
UgzaeUn7Rv_rj_fJaOd4AaABAg.9wvKMqL8-xN9xGD0X3PBrj,,1,"2023-11-18 15:23:07",@Anji.k-r6j,"hacker makin canggih...lebih aman pakai manual...",1,UgzaeUn7Rv_rj_fJaOd4AaABAg,@petualangcinta1650
UgzaeUn7Rv_rj_fJaOd4AaABAg.9wvKMqL8-xN9xGvJKOaK2E,,0,"2023-11-18 21:58:54",@thomas879,"@Anji.k-r6j Aku setuju, manual lebih aman, dan usahakan semua kerahasuaan data tdk sampai ke org ke 3. Rata2 angka kriminal tinggi sejak semuanya online. Hackers dan Scanmers semakin jago.",1,UgzaeUn7Rv_rj_fJaOd4AaABAg,@petualangcinta1650
UgzaeUn7Rv_rj_fJaOd4AaABAg.9wvKMqL8-xN9xHzVmP8UVG,,0,"2023-11-19 07:54:48",@lgoritme,"​@chaerrullfebriansyah3965masak bukanya sekarng ganti device musti verifikasi wajah",1,UgzaeUn7Rv_rj_fJaOd4AaABAg,@petualangcinta1650
UgzaeUn7Rv_rj_fJaOd4AaABAg.9wvKMqL8-xN9xKwPHB-Fvk,,0,"2023-11-20 11:25:25",@gala.ga22,"Ipadress emang bisa di lacak lokasi mas cuma kalo track nya asal² an ga akurat, kecuali pihak tertentu seperti polisi bisa ketemu lokasi aslinya",1,UgzaeUn7Rv_rj_fJaOd4AaABAg,@petualangcinta1650
UgzaeUn7Rv_rj_fJaOd4AaABAg.9wvKMqL8-xN9xMHGNX2dlp,,0,"2023-11-20 23:55:41",@CipancyKasim-hi1ok,"Bukti cctv klu hp ditangan kita trus ya susah lah bos ...ampun dah",1,UgzaeUn7Rv_rj_fJaOd4AaABAg,@petualangcinta1650
UgzaeUn7Rv_rj_fJaOd4AaABAg.9wvKMqL8-xN9xO4E8GBSJl,,1,"2023-11-21 16:40:16",@tazaeinc2089,"Sorry diluar topik mr.bert BS bahas tentang investasi stsu trading kyknya namanya SMART WALLET. apakah itu investasi bodong sejenisnya sebab Uda byk... Uda rame😮",1,UgzaeUn7Rv_rj_fJaOd4AaABAg,@petualangcinta1650
UgzaeUn7Rv_rj_fJaOd4AaABAg.9wvKMqL8-xN9xO5ck9g1U3,,0,"2023-11-21 16:52:30",@lgoritme,"Udah masuk berita CNBC, ngeri bgt",1,UgzaeUn7Rv_rj_fJaOd4AaABAg,@petualangcinta1650
UgzaeUn7Rv_rj_fJaOd4AaABAg.9wvKMqL8-xN9xP3Eer5Mss,,0,"2023-11-22 01:50:50",@dot_id,"​@vint9226takut saham nya jeblok 🤭",1,UgzaeUn7Rv_rj_fJaOd4AaABAg,@petualangcinta1650
UgzaeUn7Rv_rj_fJaOd4AaABAg.9wvKMqL8-xN9xQvASfO6vM,,0,"2023-11-22 19:10:06",@Kymaxai,"@vint9226 nah logis nihh",1,UgzaeUn7Rv_rj_fJaOd4AaABAg,@petualangcinta1650
UgzaeUn7Rv_rj_fJaOd4AaABAg.9wvKMqL8-xN9yVtRYlCCqp,,0,"2023-12-19 14:02:34",@teknikplcarduinodancnc1700,"​@thomas879team BCA nya harusnya pinter dan bisa tahu jelas dan usut pelakunya, jangan buat alasan yg menyulitkan pelanggan tinggal, jujur aja kalau mau masih dipercaya publik dan usahakan pengembalikan uangnya ke pelanggan.",1,UgzaeUn7Rv_rj_fJaOd4AaABAg,@petualangcinta1650
UgzaeUn7Rv_rj_fJaOd4AaABAg.9wvKMqL8-xN9ycA8P68vHw,,1,"2023-12-22 09:51:55",@LimChen-t6y,"Jadi takut simpan uang di bca",1,UgzaeUn7Rv_rj_fJaOd4AaABAg,@petualangcinta1650
UgzaeUn7Rv_rj_fJaOd4AaABAg.9wvKMqL8-xN9zuTgIA1jeJ,,0,"2024-01-23 09:00:25",@istorie.memories,"​@kathlen76helooo... Apa susahnya sih skrg cari info di google? 🤣🤣. Banyak korban rekening di bobol, pdhl sdh pake iphone..",1,UgzaeUn7Rv_rj_fJaOd4AaABAg,@petualangcinta1650
UgzaeUn7Rv_rj_fJaOd4AaABAg.9wvKMqL8-xNA3LRfLZdl9P,,0,"2024-05-12 15:47:08",@ariyaditowicaksono4422,"​@chaerrullfebriansyah3965kok bs? Simcard nya sama ada 2 jg di 2 hp? Mbca terkunci ke no simcard kan ya?",1,UgzaeUn7Rv_rj_fJaOd4AaABAg,@petualangcinta1650
UgzaeUn7Rv_rj_fJaOd4AaABAg.9wvKMqL8-xNA3qK-6T09Fe,,0,"2024-05-25 00:55:45",@fatihchanel4272,"Wow.buktimya kumplit",1,UgzaeUn7Rv_rj_fJaOd4AaABAg,@petualangcinta1650
UgzaeUn7Rv_rj_fJaOd4AaABAg.9wvKMqL8-xNA7GgQA405JO,,0,"2024-08-18 05:34:06",@Godprovides2220,"Just info saja... QRIS national (GPN) biasanya dikelola oleh PIHAK KETIGA ( Seperti ATM BERSAMA-GPN), krn pemerintah yang ""mengatur"" (dulu ada QRIS BCA, namun dihapuskan krn peraturan BI atau pemerintah) Jadi jalurnya.... NASABAH-BCA-GPN-TOKO.... JALURNYA SIAPA YG DI HACK/sistem looping/sengaja diloopingkan di salah satu pihak. semua bisa terjadi... (SISTEM dan TRAFFIC) 1. NASABAH dan semua perangkatnya dan ""jalur""nya (variabelnya tidak sedikit) 2. ""jalur"" nasabah KE BCA, sistem BCA (variabelnya tidak sedikit) 3. ""jalur"" dari BCA ke GPN, sistem GPN (variabelnya tidak sedikit) 4. ""jalur"" GPN ke toko (variabelnya tidak sedikit) 5. sistem TOKO (variabelnya tidak sedikit) Saya yakin sekali... jika permasalahannya di BCA, dalam waktu 1x24 jam pasti sudah diselesaikan. Karena Brand BCA terlalu mahal untuk dipertaruhkan (ada yg tahu nilai Brand BCA di pasar modal ?). Kalau yg lain saya tdk jamin siii Sesuai kode etik, BCA tidak akan menggembar-gemborkan sistem siapa yg bocor. Namun BCA yang kena getahnya, krn NASABAH BCA yang kena. Maaf saya bukan membela BCA dan bukan orang BCA atau dibayar oleh BCA, hanya mengungkapkan apa yg saya pikirkan saja. Bisa salah juga.",1,UgzaeUn7Rv_rj_fJaOd4AaABAg,@petualangcinta1650
UgzaeUn7Rv_rj_fJaOd4AaABAg.9wvKMqL8-xNA7JItgOc9CK,,0,"2024-08-19 05:57:32",@asepsudarmawan7126,"semakin mengikuti dunia digital , tanpa di sadari ini adalah jebakan para penjahat 😂😂",1,UgzaeUn7Rv_rj_fJaOd4AaABAg,@petualangcinta1650
UgzaeUn7Rv_rj_fJaOd4AaABAg.9wvKMqL8-xNAQxYw_VuVCN,,1,"2025-12-20 12:23:05",@AEROSIX_,"​@mrbertmas ini kasus yang sama dengan di alami om saya di bank mandiri kesedot ke merchant qris yg gajelas dengan total nominal 14jt dalam waktu 2 hari. Dan hpnom saya itu iphone 16 promax loh ! Ga menjamin.sama persis kejadiannya hp selalu di pegang om saya karena beliau bisnisman yg selalu di telpon sama rekan bisnisnya.",1,UgzaeUn7Rv_rj_fJaOd4AaABAg,@petualangcinta1650
UgzaeUn7Rv_rj_fJaOd4AaABAg.9wvKMqL8-xNAQxZALGiV-W,,0,"2025-12-20 12:25:06",@AEROSIX_,"Ini di aplikasi Livin dan pihak bank malah menyepelekan karena mereka bilang livin sangat aman dan tidak mungkin untuk kebobolan. Malah menuduh orang2 terdekat yang bisa saja melakukan itu karena terlihat qr merchantnya seperti qr judol 😅",1,UgzaeUn7Rv_rj_fJaOd4AaABAg,@petualangcinta1650
UgzwSTeDAR5eeNQc52N4AaABAg,0,0,"2023-11-10 03:14:43",@gunawangoedanglaptop8444,"serius nanya, HP lamanya masi dalam penguasaannya atau sudah dipindahtangankan / dijual. rasaku kuncinya di HP lama itu.",0,,
UgxlxaPMUxXJTciaJdd4AaABAg,0,0,"2023-11-10 03:13:29",@furqonali4422,"Hpnya buatan china jd di hack",0,,
Ugw4uBBxab9sApNp4jd4AaABAg,0,0,"2023-11-10 02:50:27",@ton26ton58,"ini berandai andai saja............apakah mungkin komputer bca telah tersusupi virus di tempat mbak buka rekening",0,,
UgyU8MOI5pEK0R9osap4AaABAg,0,0,"2023-11-10 02:46:34",@agusdatacomputer,"Bisa itu lempar bola",0,,
UgyNDe5Mzu1X2J0vvEd4AaABAg,2,0,"2023-11-10 02:42:27",@Pinbarnacci,"Seperti nya handphonenya yang bermasalah, perlu di cek asal handphone terebut.",0,,
UgyNDe5Mzu1X2J0vvEd4AaABAg.9wvFb97QGIi9wvzGeR1D0X,,0,"2023-11-10 09:30:12",@joss8056,"Walaupun HP nya sdh pernah di kloning, tapi di kasus kedua dia kan sudah beli nomer SIM card baru... Mobile BCA kan tidak bisa berjalan kalau SIM cardnya tidak nempel di HP nya.... Hackernya harus kloning HP berikut SIM card barunya juga..",1,UgyNDe5Mzu1X2J0vvEd4AaABAg,@Pinbarnacci
UgyNDe5Mzu1X2J0vvEd4AaABAg.9wvFb97QGIi9wxbaq2gruN,,0,"2023-11-11 00:41:52",@dedy6885,"itu hp baru, sudah di cek ke Samsung juga gak ada masalah",1,UgyNDe5Mzu1X2J0vvEd4AaABAg,@Pinbarnacci
Ugx6lyJTjlQtc9nzviV4AaABAg,3,1,"2023-11-10 02:42:05",@mr.rojerrojer5496,"Just info aja.. BCA sekarang pindah HP lebih mudah, klo dlu utk verifikasi pindah HP kita harus ke kantor BCA utk vermuk dan sidik jari.. Skrg tidak, belum lama sy gantibHP..kmudian sy login banking bc di hp baru..tyt mudah...sy jg agak heran, kok bca menurunkan standar securitynya ya..",0,,
Ugx6lyJTjlQtc9nzviV4AaABAg.9wvFZRbTglA9wvHCbyeCh3,,0,"2023-11-10 02:56:26",@peigybiantoro8583,"iya betul. saya juga begitu ga usah verifikasi lagi",1,Ugx6lyJTjlQtc9nzviV4AaABAg,@mr.rojerrojer5496
Ugx6lyJTjlQtc9nzviV4AaABAg.9wvFZRbTglA9ww13Eq3p_X,,1,"2023-11-10 09:54:35",@Renz007,"Login kan pakai nomor HP yg terdaftar pak atau email",1,Ugx6lyJTjlQtc9nzviV4AaABAg,@mr.rojerrojer5496
Ugx6lyJTjlQtc9nzviV4AaABAg.9wvFZRbTglA9wxaY6oZaIr,,1,"2023-11-11 00:32:37",@dedy6885,"klo di hp baru bukannya harus isi data dari awal lagi, termasuk isi nomor rekening, nomor debit card, dan data pribadi lainnya. gak sesimpel pindah hp lgsg bisa login",1,Ugx6lyJTjlQtc9nzviV4AaABAg,@mr.rojerrojer5496
Ugzm9noN9ILZemhjzjJ4AaABAg,0,0,"2023-11-10 02:20:39",@JivitaPani,"toko aidan & toko gerald",0,,
UgyrUthpf2vDauYqdQB4AaABAg,1,0,"2023-11-10 02:20:25",@pentolijo,"Kalau menurut saya , yg harus diperiksa HP nya karena sudah ""gak aman"" itu dulu saja.",0,,
UgyrUthpf2vDauYqdQB4AaABAg.9wvD4qHUmBm9wvDHFxLsQp,,0,"2023-11-10 02:22:07",@mrbert,"Udah.bahkan sudah dibawa ke samsung dan kepolisian.",1,UgyrUthpf2vDauYqdQB4AaABAg,@pentolijo
UgwnG1SVARDhOg_NQY94AaABAg,0,0,"2023-11-10 02:18:33",@fahrihussain2241,"ngeri kali BCA klo gini😅😅",0,,
Ugye1Z2fT_YG7fWLhMN4AaABAg,0,1,"2023-11-10 01:49:37",@Cendana-fz1dx,"Paling2 hp nya di pegang suami atau anaknya",0,,
Ugya3DENxcBN3oJVKf94AaABAg,1,1,"2023-11-10 01:41:46",@dewapedang6467,"Kemungkinannya: 1. Aplikasi bca nya sdh tersusupi hacker 2. Ada masalah di system QRIS --> salah transfer. Bisa jadi tersusupi hacker juga di aplikasi transfer antar bank di system QRIS nya",0,,
Ugya3DENxcBN3oJVKf94AaABAg.9wv8eftBzAh9wxzxs4unNT,,0,"2023-11-11 04:14:43",@dogymolly1836,"Yg bkn q-ris jg terjadi hilng dana.",1,Ugya3DENxcBN3oJVKf94AaABAg,@dewapedang6467
UgzYhf8vHSJ048v9Bfx4AaABAg,1,0,"2023-11-10 01:41:37",@edysihombing9231,"berarti handphonenya di mirroring ini. ada di duplikat",0,,
UgzYhf8vHSJ048v9Bfx4AaABAg.9wv8dcmXaVW9wxYtLwGbnO,,0,"2023-11-11 00:09:26",@msoe7775,"Waww ada teknologi baru mirroring hp, kaga softwarenya atau simcard ya Pak yg di mirror ..",1,UgzYhf8vHSJ048v9Bfx4AaABAg,@edysihombing9231
Ugz7BWYW_WuM6c_vFXl4AaABAg,0,0,"2023-11-10 01:34:49",@naikturun8,"ya gini nih ribet urusan nya,,,yang jadi masalah tuh bank keliatan kek ngk mau,,,""kerjasama"",,,biasa di balikin ke korban nasabah nya,,,,harus nya 2-2 nya kerjasama,,, paling kerjasama nya urusan mereka degan kronologis kejadian nya,,,emang makan waktu,,,kek cek cctv,,,hal hal gt,,buat korban makin kesel,,,,dan bisa nya bank interview,,,,,itu si ibu di interview,,sebenr nya ada orang bank nya yang punya skill membaca kejujuran orang,,, ini pelapor jujur ato tidak,,,, balik lagi kasus kek gini harus nya bisa di pecahkan,,biar korban korabn baru tidak ada lagi,,,termasuk bank dan korban kalo disatukan info nya biasa nya ada solusi,,,,,biasanya si bank itu udah tau jawaban nya ,,,,tapi susah buat diungkapkan ke public..",0,,
Ugwf89VrszkgA6f7rKh4AaABAg,3,5,"2023-11-10 01:05:20",@blackbox1104,"Tolong dikawal ya mr.bert. biar kita masyarakat juga tahu masalahnya seperti apa. buat pembelajaran kita juga",0,,
Ugwf89VrszkgA6f7rKh4AaABAg.9wv4UtAXOJC9ww7IxXxfVV,,1,"2023-11-10 10:49:10",@mrbert,"Pasti itu tujuan nya. Kita mau tahu kemana uang itu.",1,Ugwf89VrszkgA6f7rKh4AaABAg,@blackbox1104
Ugwf89VrszkgA6f7rKh4AaABAg.9wv4UtAXOJCA-sfg7hAmgV,,0,"2024-02-16 12:46:55",@pppppp7191,"Mr Bert saya korban seperti ibu Evita...tolong Mr Bert",1,Ugwf89VrszkgA6f7rKh4AaABAg,@blackbox1104
Ugwf89VrszkgA6f7rKh4AaABAg.9wv4UtAXOJCA-sfk5yZfUD,,0,"2024-02-16 12:47:27",@pppppp7191,"Saya dari karawang kota",1,Ugwf89VrszkgA6f7rKh4AaABAg,@blackbox1104
Ugyxj73pCHzIXiCMjLl4AaABAg,0,0,"2023-11-10 01:01:58",@khendy07,"HP nya HP baru atau seken waktu belinya?",0,,
UgxDXn3VlWkaRg8m_cp4AaABAg,1,1,"2023-11-10 00:55:56",@Mheruyudha,"Membuktikan Mau bank manapun sebenernya bisa dibobol sceaming ,kembali ke kita untuk lebih waspada dan hati2... Salam cerdas perbankan",0,,
UgxDXn3VlWkaRg8m_cp4AaABAg.9wv3Q3ePbJT9wv4KDRKqFN,,0,"2023-11-10 01:03:53",@Mheruyudha,"Kalau kesalahan bukan dari nasabah bisa harusnya dapat penggantian dari bank ya,😊",1,UgxDXn3VlWkaRg8m_cp4AaABAg,@Mheruyudha
UgxragK4lcOOswIuuqd4AaABAg,0,0,"2023-11-10 00:42:46",@erlinunindra,"Ada indikasi oknum yg menggunakan rekening orang lain utk pencucian uang ga?",0,,
UgzcvKBi-f6QTzloGDh4AaABAg,0,0,"2023-11-10 00:40:17",@Angga-v8i,"Lebih aman uang disimpan di brangkas, jgn percaya sama bank",0,,
Ugy7y-bKsBY2abh5fth4AaABAg,0,0,"2023-11-10 00:26:40",@rald7823,"jadi inget pilem unlock",0,,
UgwxG9YRxiLW_RdGZGh4AaABAg,0,0,"2023-11-10 00:01:14",@jeffkusnadi,Nyimak,0,,
Ugy9aqBRu4LbI8rjh0F4AaABAg,4,37,"2023-11-10 00:00:48",@arjunagasari8041,"bank selalu mau menjaga nama baiknya, bank selalu tidak mau disalahkan, nasabah selalu yang disalahkan. dengan bukti yang ada pun, bank tidak akan pernah salah. saya pernah mengalami kehilangan uang dibank yang diambil oleh oknum dengan jumlah pecahan, tapi kode laporan atau print buku bank diambil dari atm. padahal mana bisa ambil uang cash di atm dalam bentuk pecahan ada desimalnya. uang itu harus saya relakan hilang karena bank tidak mau disalahkan dan bertanggung jawab atas kejadian itu. menurut saya, hal ini terjadi karena ada oknum IT dibidang ini yang mem-bypass semua keamanan bank. dan oknum ini merasa aman karena di secara tidak langsung di lindungi oleh bank dengan mengorbankan nasabahnya.",0,,
Ugy9aqBRu4LbI8rjh0F4AaABAg.9wuy69JHqmT9wvD9dc9N0K,,2,"2023-11-10 02:21:05",@mrbert,"Psst psst jangan keras keras",1,Ugy9aqBRu4LbI8rjh0F4AaABAg,@arjunagasari8041
Ugy9aqBRu4LbI8rjh0F4AaABAg.9wuy69JHqmT9wya5Vn-3PU,,3,"2023-11-11 09:47:57",@ajisuseno4221,"Kok gw menarik dgn penjelasan ini. Krn memang dlm internal perusahaan pun, ada istilah ""Krn tmn baik, gw ksh deh akses. Supaya lebih mudah dia dpt informasi internal perusahaan."" Namun, klo emg ini bisa terjadi krn salah satu oknum. Wah kacicau deh ini. Untuk BCA, SOP penanganan atas permasalahan nasabah is always text book. Jd ga aneh deh buat jwbn2 yg mnrt kita aneh yg dijwb dr pihak bank tsb.",1,Ugy9aqBRu4LbI8rjh0F4AaABAg,@arjunagasari8041
Ugy9aqBRu4LbI8rjh0F4AaABAg.9wuy69JHqmT9wybB6Xo3SI,,2,"2023-11-11 09:57:27",@ajisuseno4221,"Oh iya koh Bert. Mngkn bs dibuktikan dulu selama ini apakah kak Evita pernah melakukan transaksi keluar melalui QRIS dan apakah pernah di QRIS yg ada dibukti transaksi janggalnya beliau. Krn dlu pernah pake QRIS. Namun, trjadi loss connection transaksi, namun dimutasi sdh terlihat transaksi berhasil tercetak namun msh pending. Tetapi, dana belum masuk ke rekening seller. Akhir telp bank BCA untuk di tindak lanjut, agar dana trsbt masuk ke rekening penjual sbnyak 2x. Setelah itu, sdh ndak pernah mau lagi melakukan transaksi pake QRIS lg, kecuali tdk bawa cash & debit card. Hanya berfikir, terjadi transaksi dan loss koneksi, namun tercetak bukti transaksi, tp tdk masuk ke rekening tujuan. TAKUTNYA dan berfikir, semua sistem menjalankan batch job transaksi nasabah. Tp, apakah jgn2 ini akan bs trjadi looping proses yg ada transaksi gagal/nyangkut trs menerus.",1,Ugy9aqBRu4LbI8rjh0F4AaABAg,@arjunagasari8041
Ugy9aqBRu4LbI8rjh0F4AaABAg.9wuy69JHqmT9wzZg8yoo9s,,3,"2023-11-11 18:54:51",@denjaya3322,"Menarik nih, pasti ada berkaitan orang dalam.. jarang2 juga orang IT mau speak up kyk gini.. beda cerita klo udah ada uang tempel🤣 ngga ada alasan apapun, tinggal dipikir logika aja deh. jangan mau dikadalin. seharus nya IP dari BCA bisa ngetrack 🤭",1,Ugy9aqBRu4LbI8rjh0F4AaABAg,@arjunagasari8041
Ugx60VNuit4CgeQfhNZ4AaABAg,1,0,"2023-11-09 23:37:31",@PembelaYangBenar,"di bank itu gak aman karna uangnya bisa dicetak semaunya",0,,
Ugx60VNuit4CgeQfhNZ4AaABAg.9wuvRg0C9Wa9wxohRqH_sL,,0,"2023-11-11 02:36:22",@PembelaYangBenar,"@yuniartos540 betul tapi bank lain dapat persetujuan bank BI untuk mencetak uang di bank masing masing",1,Ugx60VNuit4CgeQfhNZ4AaABAg,@PembelaYangBenar
UgwJ10lTpvDthQuqtWh4AaABAg,0,0,"2023-11-09 23:21:05",@AnonimAngelrest,"@mr.bert buat tutor masuk grup tele dan ambil alih grup om.. karena untuk menipu.. sy korbn ny😢",0,,
UgzkredE2m7jpT7wKCp4AaABAg,0,6,"2023-11-09 23:01:01",@TheSuperx88,"Kan bisa nampak, uangnya masuk n transfer kemana ? Cari tahu aj siapa penerima uang tsb.",0,,
Ugwrdo2j0f337KCj77V4AaABAg,0,0,"2023-11-09 22:54:21",@aryonoX,"Dia ada klik link apk rasa nya di hp itu , harus reset ulang hp nya mbak",0,,
UgyQzz3dcqLfio_oqLV4AaABAg,0,0,"2023-11-09 22:39:54",@aryonoX,"Iphone tetap terbaik 😂😂👍👍",0,,
UgxGJOXxtb_hV3wt-zl4AaABAg,4,2,"2023-11-09 22:30:07",@doninurdiansyah3423,"Hp istri saya juga pernah kena hack, dan langsung dikuras saldo BRIMO ya walaupun gak besar jumlahnya hanya 3jt. Saya udah selidiki, dan sudah punya bukti kuat. Tinggal bikin laporan ke pihak kepolisian, agar bisa dibantu diproses oleh pihak Bank terkait data nasabah terduga pelaku yang sudah saya selidiki. Tapi istri saya bilang ""udahlah ikhlasin aja"". Ya udah gak saya lanjutkan",0,,
UgxGJOXxtb_hV3wt-zl4AaABAg.9wuniy_gdeJ9x-GlI20-82,,0,"2023-11-12 01:28:46",@MiCHIBiKU_,"Wah... Detail nya bagaimana bang? Cerita bang",1,UgxGJOXxtb_hV3wt-zl4AaABAg,@doninurdiansyah3423
UgxGJOXxtb_hV3wt-zl4AaABAg.9wuniy_gdeJ9x-J-zl7S9V,,0,"2023-11-12 01:48:23",@mrbert,"Kalo jgn samakan BCA dengan BR* itu sih kebobolan setiap saat.",1,UgxGJOXxtb_hV3wt-zl4AaABAg,@doninurdiansyah3423
UgxGJOXxtb_hV3wt-zl4AaABAg.9wuniy_gdeJ9x02yITOf00,,0,"2023-11-12 08:47:27",@doninurdiansyah3423,"@MiCHIBiKU_ kena modus Undangan WA ka. Awalnya pas saya interogasi, saya tanya km habis install aplikasi apa td malem? istri saya bilang install game dr Instagram. Tp pas saya cek di Instagramnya itu langsung diarahkan ke Play store buat download jd menurut saya bukan aplikasi ini penyebabnya. Terus saya tanya lg, coba inget2 smlm km ngapain lg selain install game? Nahh istri saya baru inget ada WA Undangan Pernikahan tp gak tau dr siapa. Dan istri saya GK tau modus2 kejahatan hacking. Di klik lah sm dia WA itu krn pengen tau yg nikah siapa katanya, takutnya dr pelanggan krn kebetulan kami ini pedagang. Ohh y udh saya bilang hp km dihack, krn pas saya cek ada email kode OTP dr BRI. Jd pelaku ini hack email buat minta kode OTP buat mindahin BRIMO ke perangkat pelaku. Saya cek di mutasi rekening ada riwayat 2 kali transfer ke rekening pelaku, saya lihat kode Bank nya saya kaget ternyata kode BRI cabang di tempat kelahiran saya. Bahkan saya pun tau tipe hp yg digunakan pelaku dr aplikasi ""Cari Perangkat"" punya Gugel itu lho. Krn kami sibuk buat ngurus2nya ydh jd diikhlasin aja. Gitu kak ceritanya..",1,UgxGJOXxtb_hV3wt-zl4AaABAg,@doninurdiansyah3423
UgxGJOXxtb_hV3wt-zl4AaABAg.9wuniy_gdeJ9x03p5Sgx_f,,0,"2023-11-12 08:54:56",@doninurdiansyah3423,"​@mrbertbukan menyamakan, dlm kasus mbak ini harus ditangani oleh pihak berwajib agar bisa dibantu oleh pihak Bank BCA.",1,UgxGJOXxtb_hV3wt-zl4AaABAg,@doninurdiansyah3423
UgzJaTPDlTPOCsajKVt4AaABAg,0,6,"2023-11-09 22:22:08",@doninurdiansyah3423,"Saran saya sekarang cek dulu hp mbaknya, email akun terhubung dengan aplikasi apa aja? Setelah itu cek juga hp suami dan orang2 serumah emailnya, akun2 yang lain jg. Bukan menuduh, takutnya orang terdekat pelakunya. Kalaupun tidak mungkin saja hp orang serumah yang kena hack dan kebetulan ada data2 penting di hp tersebut.",0,,
UgxVnHfztynw0qGCQdR4AaABAg,0,0,"2023-11-09 22:22:06",@yogor7,"Gw sudah 6thn mke bca mobile aman2 aja 😂",0,,
Ugz_q9dV0taiKn2gFSd4AaABAg,0,0,"2023-11-09 22:21:34",@LordTaurus-s6d,"Untung w gk ad mbaking,mending pake Atm aj dah aman",0,,
Ugx_bYqFiAFaAKjsnLt4AaABAg,5,1,"2023-11-09 22:07:01",@IndraAdiGunawan,"parah ini bank... kalau begini terus nasabah bakal gk percaya lagi ini bank.. seharusnya diselesaikan dg cepat dan bertanggung jawab sepenuhnya jangan dilempar tanggung jawab semuanya ke nasabah..",0,,
Ugx_bYqFiAFaAKjsnLt4AaABAg.9wul4qgch889wv9GXPgiBE,,0,"2023-11-10 01:47:04",@antondamian9582,"Emang yg punya masalah cuma bank BCA, yang lain ada x tapi ga diumumin",1,Ugx_bYqFiAFaAKjsnLt4AaABAg,@IndraAdiGunawan
Ugx_bYqFiAFaAKjsnLt4AaABAg.9wul4qgch889wvCwkA9jgW,,0,"2023-11-10 02:19:11",@mrbert,"@antondamian9582 yg lain gw ga peduli karena bank lain itu masalahnya sudah sangat banyak.tapi bca adalah bank yg aku klaim paling aman. Nahhh ini bentuk cara ku utk push bank kita smua utk memperbaiki diri dan jadi lebih baik.",1,Ugx_bYqFiAFaAKjsnLt4AaABAg,@IndraAdiGunawan
Ugx_bYqFiAFaAKjsnLt4AaABAg.9wul4qgch889wvDQaqI7qo,,0,"2023-11-10 02:23:24",@fahrihussain2241,"@mrbert tapi fakta nya jebol jg kan bank BCA nya😄",1,Ugx_bYqFiAFaAKjsnLt4AaABAg,@IndraAdiGunawan
Ugx_bYqFiAFaAKjsnLt4AaABAg.9wul4qgch889wvwTeLonBc,,0,"2023-11-10 09:05:46",@hadinatasimbolon3787,"Pertanyaanya, boss BCA simpen duit dy dmn? Di bank apa? Nah loh",1,Ugx_bYqFiAFaAKjsnLt4AaABAg,@IndraAdiGunawan
Ugx_bYqFiAFaAKjsnLt4AaABAg.9wul4qgch889wvwZ3vFgef,,0,"2023-11-10 09:06:30",@hadinatasimbolon3787,"Logikanya kan kl seorang boss BCA menyimpan uangnya di bank tertentu, brarti bank tsb dianggap aman oleh boss BCA kan? 😅",1,Ugx_bYqFiAFaAKjsnLt4AaABAg,@IndraAdiGunawan
Ugzt5Not029vNk2CWdV4AaABAg,1,15,"2023-11-09 22:04:38",@doninurdiansyah3423,"Pihak bank gak bisa ngasih data nasabah sembarangan dengan alasan apapun. Jadi harus bikin surat laporan ke pihak kepolisan dulu",0,,
Ugzt5Not029vNk2CWdV4AaABAg.9wukoL3G5UN9zBigfhcmck,,0,"2024-01-05 14:35:13",@nianurazizah5518,"Hanya sebatas ke kantor polisi. Udah disana mandeg",1,Ugzt5Not029vNk2CWdV4AaABAg,@doninurdiansyah3423
UgzSYf21Mkysy_oE0W94AaABAg,0,0,"2023-11-09 20:59:54",@rajakumpay8964,"Ada lg kejadian teman saya belum satu bulan kejadiannya akun Dana teman saya mengirim sendiri pertama 490rb yg kedua 20rb di tanya ke cs nya jawqbannya muter2 alhasil sampe sekarang lenyappp",0,,
UgzpcM3zg1Qqt7pL_A94AaABAg,0,0,"2023-11-09 19:21:34",@FriedChocobo,"Oh Android.. pantesan…",0,,
UgxeyB4oaAQm4YQKjFd4AaABAg,0,0,"2023-11-09 18:54:47",@driepatch,"hb baru kalo hp baru nya ada aplikasi bawaaan yang kaga jelas contoh nya hp kriditan itu biasa nya ada aplikasi lock, macam payku dll, samsung juga one ui ada aplikasi bawaan yg aneh aneh apa lagi hp infinix, xiaomi dkk hp cina lain os global nya ada adware, hp yang aman itu menurut gue si ios sama android stock pure yang di pake google pixel, atau nokia",0,,
UgzfOpdxXgysbbnrlTR4AaABAg,0,0,"2023-11-09 18:49:58",@ayahabi2142,"kalo bca tidak menemukan solusi nya, salahkan para tuyul-tuyul bahwa mereka sudah canggih dan mengerti teknologi..",0,,
Ugz0IifFc3xn0sSW4cp4AaABAg,0,0,"2023-11-09 18:48:42",@litaaryani6851,"Ya ampun jadi takut kejadian seperti ini juga di tabungan aku. Semoga jika ini celah di bank bca cepat di selesaikan dan semoga tidak ada lagi korban selanjutnya",0,,
UgwouJkOX5n2zLBnnn54AaABAg,0,0,"2023-11-09 17:16:25",@Rumah_Retro_meubel,"Bantu share , semoga pihak dari bank nya memberikan solusi terbaik agar nasabah tidak kecewa",0,,
UgxWvU79jyDN8_9LCdB4AaABAg,4,0,"2023-11-09 17:16:22",@yosafattoni1857,"Curiga transaksinya menggunakan wifi umum, ketika melakukan transaksi request tersebut disimpan atau diintercept 😅",0,,
UgxWvU79jyDN8_9LCdB4AaABAg.9wuEp3XQ5vJ9wubHfQD_S8,,0,"2023-11-09 20:41:23",@mrbert,"Turun Gunung agan ku. Lagi di Gunung agan.",1,UgxWvU79jyDN8_9LCdB4AaABAg,@yosafattoni1857
UgxWvU79jyDN8_9LCdB4AaABAg.9wuEp3XQ5vJ9wvFd50gRCn,,0,"2023-11-10 02:42:43",@yosafattoni1857,"Maksudku sebelum kejadian itu berlangsung, mungkin pernah transaksi menggunakan wifi umum…",1,UgxWvU79jyDN8_9LCdB4AaABAg,@yosafattoni1857
UgxWvU79jyDN8_9LCdB4AaABAg.9wuEp3XQ5vJ9wwtRaBZ_ul,,0,"2023-11-10 17:58:30",@jedylan6207,"Turun gunung itu kan kejadian transaksi nya bang,,nyusupin ransomware nya seminggu sebelum nya juga kan bisa..@mrbert",1,UgxWvU79jyDN8_9LCdB4AaABAg,@yosafattoni1857
UgxWvU79jyDN8_9LCdB4AaABAg.9wuEp3XQ5vJ9wxb8sCcPn-,,0,"2023-11-11 00:37:54",@dedy6885,"​@yosafattoni1857itu transaksi qris. mana ada org turun gunung gk ada sinyal bisa transaksi qris",1,UgxWvU79jyDN8_9LCdB4AaABAg,@yosafattoni1857
UgwZ0L9N1wA5NvZVm8h4AaABAg,1,1,"2023-11-09 17:10:01",@Rumah_Retro_meubel,"Waduhhh..... Baru pindah ke BCA saya kira aman , tolong di up biar permasalahan nya jelas",0,,
UgwZ0L9N1wA5NvZVm8h4AaABAg.9wuE5Y9Wj7k9wwPlziJS8f,,0,"2023-11-10 13:30:33",@victorf.f.s5667,"saya pakai BCA dari tahun 2012 dan masih aman...",1,UgwZ0L9N1wA5NvZVm8h4AaABAg,@Rumah_Retro_meubel
Ugyf-3Z60M_CNc07WeJ4AaABAg,0,0,"2023-11-09 16:32:30",@hadinatasimbolon3787,"Udah bener dr dulu pake KeyBCA sangat secure krn hrs pake kode OTP dari token fisik. Lah ini makin ke sini malah makin rentan. Pake aplikasi mobile banking segala. Yg namanya keamanan digabung dlm 1 device tetaplah rentan. Kedepannya dunia perbankan kembali lg lah pake token fisik.",0,,
Ugxhn4C-lpgmcu8wJNN4AaABAg,2,0,"2023-11-09 16:26:32",@KEADILAN-b7m,"Pak mohon di naikan,sekarang lg marak kasus penipuan mengatasnamakan amazonk,korbanya sudah banyak sekali.",0,,
Ugxhn4C-lpgmcu8wJNN4AaABAg.9wu97-xuMKj9wu9haY4E2q,,1,"2023-11-09 16:31:39",@mrbert,Baik.segera,1,Ugxhn4C-lpgmcu8wJNN4AaABAg,@KEADILAN-b7m
Ugxhn4C-lpgmcu8wJNN4AaABAg.9wu97-xuMKj9wurQKW2I33,,0,"2023-11-09 23:02:23",@KEADILAN-b7m,"@mrbert Baik kami tunggu kabar baiknya",1,Ugxhn4C-lpgmcu8wJNN4AaABAg,@KEADILAN-b7m
UgzWzi2TFZIsZIbzRP54AaABAg,0,0,"2023-11-09 16:19:40",@tjihenky2778,"Wah bahaya juga, taroh di bantal saja",0,,
Ugxd3YagqZpPcADYJ4p4AaABAg,7,9,"2023-11-09 15:51:47",@tommywasissugihono6282,"di cerita kan itu hp baru, dan kartu baru. Bagaimana ya jika itu yang terjadi adalah kartu cloning? In case operator ada ""oknum nakal"" dan terjadi 2 kartu yang sama dan keduanya aktif, jika "" 2 user mybca"" tidak melakukan transaksi di waktu yang bersamaan (sangat mungkin terjadi), apakah bisa terjadi seperti di cerita? Mungkin pihak BCA bisa disiplin sebagai bank, tapi kalau kartu operator bisa aja ada ""oknum nakal"" seperti kasus tempo hari?",0,,
Ugxd3YagqZpPcADYJ4p4AaABAg.9wu58W8bXCx9wuqjS7yNPU,,0,"2023-11-09 22:56:23",@WarRobotsGameroom,"itu mbanya dah bilang request kartu yang bener2 tidak pernah di pakai sebelumnya",1,Ugxd3YagqZpPcADYJ4p4AaABAg,@tommywasissugihono6282
Ugxd3YagqZpPcADYJ4p4AaABAg.9wu58W8bXCx9wvhL0PShmT,,4,"2023-11-10 06:53:31",@lightfilbert8367,"HP barunya beli di counter atau online kali bukan dari official storenya, bisa aja udah di inject aneh2, HP nya sendiri itu perlu di investivigasi ama profesional, hp itu juga enggak pake system blokchain jadi bisa di cloning, punya seri yang sama cloning 100% serupa, jadi klo app BCA di HP A pindah ke HP B , pastinya ada yang di identifikasi berbeda sama app BCA? tapi krna kedetect sama makanya gpp. apa sih yang gak mungkin sama program buatan manusia, Ai aja udah cukup canggih ? klo emang tech amerika canggih tujuannya buat collapse bank central asia , mana tau kejadian kayak Silicon valley bank, lumayan buat bahan konspirasi wkwkwk kan belakangan ini emang dunia lagi kacau, 69 teroris di indonesia aja ketangkep tujuan mereka mau menggagalkan calpres 14 feb 24 nanti, bisnis senjata ini kayaknya wkwkwk",1,Ugxd3YagqZpPcADYJ4p4AaABAg,@tommywasissugihono6282
Ugxd3YagqZpPcADYJ4p4AaABAg.9wu58W8bXCx9ww0IhCIBe-,,1,"2023-11-10 09:47:58",@cibuq,"Klo td mbanya bilang buka akun baru dg simcard baru yg bnr² baru (kita anggap ini lgs dr telkomsel) dan ttp terjadi hal yg aneh. Skrg hp itu kata mbanya kan baru tp gak dijelasin belinya dimana? Krn pernah ketemu hp beli baru aja kadang gak clean, jd mesti uji forensik dl itu hpnya bnr² steril apa tdk, jk hp streril baru berikutnya ke sistem bca yg sebenarnya bisa menelusuri kemana aja transaksi qris dsb itu walau pasti prosedurnya ribet seperti kata mrbert. Semoga ada titik terang dan mbanya bisa menerima kembali haknya",1,Ugxd3YagqZpPcADYJ4p4AaABAg,@tommywasissugihono6282
Ugxd3YagqZpPcADYJ4p4AaABAg.9wu58W8bXCx9wxUU8WdRfK,,1,"2023-11-10 23:30:54",@dedy6885,"gk bisa juga. Klo nomor aktif di hp lain maka app di hp lama bakalan gagal login. intinya cuma bisa aktif di 1 device",1,Ugxd3YagqZpPcADYJ4p4AaABAg,@tommywasissugihono6282
Ugxd3YagqZpPcADYJ4p4AaABAg.9wu58W8bXCx9wypXWGYkeH,,0,"2023-11-11 12:02:51",@pusico6555,"Setuju banget. Ngehack sistem IT bank ga semudah itu. Mayoritas pembobolan kartu kredit / rekening ya dari SOCIAL ENGINEERING baik secara SADAR / TIDAK SADAR kita memberikan akses / informasi penting ke penipu. Sebagus apapun IT dari bank kalau kita kasih OTP dan PIN ke penipu ya sama aja bohong",1,Ugxd3YagqZpPcADYJ4p4AaABAg,@tommywasissugihono6282
Ugxd3YagqZpPcADYJ4p4AaABAg.9wu58W8bXCx9wysWViMPYc,,0,"2023-11-11 12:28:55",@panenraya4921,"Lah gmna caranya kita login ke mbca bangking ke mbca bangking terkait tanpa tau pin bangkingnya?",1,Ugxd3YagqZpPcADYJ4p4AaABAg,@tommywasissugihono6282
Ugxd3YagqZpPcADYJ4p4AaABAg.9wu58W8bXCx9x02xjdX2y2,,0,"2023-11-12 08:47:23",@yuliantow7566,"kenapa kita bs blg oknum nakal di operator , tapi tidak bs oknum nakal dr bank? apa memang oknum nakal di bank tidak bs 100% ambil uang?",1,Ugxd3YagqZpPcADYJ4p4AaABAg,@tommywasissugihono6282
Ugwmc1qXOS9MlUYn5gF4AaABAg,2,1,"2023-11-09 15:49:37",@IMDJHONIS,"wah.....""pihak ketiga""nya di sensor???? hehehehehehe",0,,
Ugwmc1qXOS9MlUYn5gF4AaABAg.9wu4tfcfBud9wu6eBxhE4y,,1,"2023-11-09 16:04:59",@mrbert,"Pintar. Karena pihak ketiga di sebut. Bisa kena undang undang ITE. Hahhahahha",1,Ugwmc1qXOS9MlUYn5gF4AaABAg,@IMDJHONIS
Ugwmc1qXOS9MlUYn5gF4AaABAg.9wu4tfcfBud9wuDg6Iun1h,,0,"2023-11-09 17:06:25",@IMDJHONIS,"@mrbert waahhhh bahaya berarti.....😱😱",1,Ugwmc1qXOS9MlUYn5gF4AaABAg,@IMDJHONIS
UgzyvAJVgnPMHlDV28p4AaABAg,4,0,"2023-11-09 15:27:31",@mingming4811,"Siap2 saham nya terjun payung 😅",0,,
UgzyvAJVgnPMHlDV28p4AaABAg.9wu2Mly5NTk9wuYXlUh90Y,,0,"2023-11-09 20:08:38",@gylynnevyfaya3606,"tidak semudah itu bang. saham bca blue chip indo, gk akan terpengaruh sangat dgn hal ini",1,UgzyvAJVgnPMHlDV28p4AaABAg,@mingming4811
UgzyvAJVgnPMHlDV28p4AaABAg.9wu2Mly5NTk9wvYTKkY321,,0,"2023-11-10 05:27:16",@gylynnevyfaya3606,"PINANG5 wkwk si paling komen",1,UgzyvAJVgnPMHlDV28p4AaABAg,@mingming4811
UgzyvAJVgnPMHlDV28p4AaABAg.9wu2Mly5NTk9wwQG59a9SW,,0,"2023-11-10 13:34:48",@SuperIcux,"Pantes hari ini saham bca rungkat 🤣🤣🤣",1,UgzyvAJVgnPMHlDV28p4AaABAg,@mingming4811
UgzyvAJVgnPMHlDV28p4AaABAg.9wu2Mly5NTk9wxY8Xr7fWJ,,0,"2023-11-11 00:02:55",@gylynnevyfaya3606,"@SuperIcux Bukan karna itu bang. Karena kebijakan Hawkish the fed us yg menyebabkan org tidak optimis di saham perbankan",1,UgzyvAJVgnPMHlDV28p4AaABAg,@mingming4811
Ugyaf7cUwvXZDHcuD2B4AaABAg,0,0,"2023-11-09 15:22:08",@and5u360,"Saya curiga hp sebelumnya...masih ada jejak digital yg bisa dibobol",0,,
Ugxd_4tiskMMDVMK6_x4AaABAg,0,0,"2023-11-09 15:19:55",@toolongtime5504,"Qris bca sudah mati kenapa bisa kirim uang!!!🤦",0,,
UgwaooPwDlaQ7XEsqRl4AaABAg,1,0,"2023-11-09 14:57:57",@aqsal_19,"Ngeri ye jadi sulit untuk percaya untuk taro uang di perbankan, BCA aja bisa di jebol apalagi bank yang laen Padahal waktu itu mr. Beart pernah di ajak diskusi oleh owner dan para pegawai BCA tentang isu keamanan data nasabah yg di hack sekarang ternyata hal itu terjadi secara nyata, simpan uang di BANK di hack simpan uang di celengan di makan rayap dan tuyul bingung ye Orang kaya banyak duit bingung naro duitnya Orang yg miskin bingung nyari uangnya buat makan ALLAH memang maha adil ye",0,,
UgwaooPwDlaQ7XEsqRl4AaABAg.9wtzzDywIz59wulhmTq2pY,,1,"2023-11-09 22:12:28",@IndraAdiGunawan,"mudah kok.. simpan uangnya dalam bentuk emas.. gk dimakan rayap..",1,UgwaooPwDlaQ7XEsqRl4AaABAg,@aqsal_19
Ugzi7XdcsUcf54Ewqyl4AaABAg,11,9,"2023-11-09 14:48:01",@IndraVexed,"up up... ternyata yg paling aman itu tetap monolog 😂. duit cash on my hand..selebihnya simpan dibawah kasur 🤣",0,,
Ugzi7XdcsUcf54Ewqyl4AaABAg.9wtyqWH2N9f9wvHJsM2Ft7,,0,"2023-11-10 02:57:26",@smartstudent4431,"analog bang, monolog mau monolog apaan wkwk",1,Ugzi7XdcsUcf54Ewqyl4AaABAg,@IndraVexed
Ugzi7XdcsUcf54Ewqyl4AaABAg.9wtyqWH2N9f9wvic6dEH_l,,0,"2023-11-10 07:04:43",@hendrajaya5858,"Dibawah kasur juga bisa dimakan rayap. 😂",1,Ugzi7XdcsUcf54Ewqyl4AaABAg,@IndraVexed
Ugzi7XdcsUcf54Ewqyl4AaABAg.9wtyqWH2N9f9wvo_w1D32P,,0,"2023-11-10 07:56:51",@MasShiro-nh4fc,"Monolog stand up?",1,Ugzi7XdcsUcf54Ewqyl4AaABAg,@IndraVexed
Ugzi7XdcsUcf54Ewqyl4AaABAg.9wtyqWH2N9f9wvzcvOg5li,,0,"2023-11-10 09:33:23",@rikyandreannn,"Monolog apaan dah",1,Ugzi7XdcsUcf54Ewqyl4AaABAg,@IndraVexed
Ugzi7XdcsUcf54Ewqyl4AaABAg.9wtyqWH2N9f9ww093vwvB9,,1,"2023-11-10 09:46:39",@tungliha8129,"Mungkin bagusnya bang beli jadi emas supaya ngak dimakan rayap kl taru dibawah kasur😂😂",1,Ugzi7XdcsUcf54Ewqyl4AaABAg,@IndraVexed
Ugzi7XdcsUcf54Ewqyl4AaABAg.9wtyqWH2N9f9wwAX_jX5Bi,,0,"2023-11-10 11:17:22",@mandi.kembang,"taro brankas bang. cari yg seberat godzilla. wong pejabat aja ogah naro banyak2 di rekening. kalo ilang, yg tau kuncinya cuma kita/bini kita. gampang nuduhnya ",1,Ugzi7XdcsUcf54Ewqyl4AaABAg,@IndraVexed
Ugzi7XdcsUcf54Ewqyl4AaABAg.9wtyqWH2N9f9wweH4EPKGX,,0,"2023-11-10 15:46:00",@harriskristanto101,"Ttp gak aman .. klo terjadi kebakaran habis",1,Ugzi7XdcsUcf54Ewqyl4AaABAg,@IndraVexed
Ugzi7XdcsUcf54Ewqyl4AaABAg.9wtyqWH2N9f9wxTiih31ds,,0,"2023-11-10 23:24:18",@BMusic-Plus,"plg aman convert ke gold taroh di brankas kalau ekonominya aneh2 value nya msh kejaga....",1,Ugzi7XdcsUcf54Ewqyl4AaABAg,@IndraVexed
Ugzi7XdcsUcf54Ewqyl4AaABAg.9wtyqWH2N9f9wxzEQWlUp-,,0,"2023-11-11 04:08:23",@dogymolly1836,"Iyah bener, sejak kejadian itu, sy sdh seminggu lbh bawa kes kemana2,",1,Ugzi7XdcsUcf54Ewqyl4AaABAg,@IndraVexed
Ugzi7XdcsUcf54Ewqyl4AaABAg.9wtyqWH2N9f9wynKtopVpz,,0,"2023-11-11 11:43:39",@wtfgadget,"Dialog bang",1,Ugzi7XdcsUcf54Ewqyl4AaABAg,@IndraVexed
Ugzi7XdcsUcf54Ewqyl4AaABAg.9wtyqWH2N9f9x-gw9UVz-a,,0,"2023-11-12 05:26:11",@neneklampir6664,"Pakai cash nanti dikira hasil uang korupsi 😂",1,Ugzi7XdcsUcf54Ewqyl4AaABAg,@IndraVexed
Ugz7TvHD8mTHocBpKXN4AaABAg,0,0,"2023-11-09 14:43:07",@TiurSimbolon-c5p,"Semoga cepat tertangani kasus yg aneh ini",0,,
Ugyj68NR_hhTK8YEmXV4AaABAg,0,0,"2023-11-09 14:38:01",@rajajawa5614,Laporkan,0,,
Ugy7j5SJNLwoo_LWvKB4AaABAg,0,1,"2023-11-09 14:37:34",@Aleeeee_yl,"Apa iya android itu kurang aman dibandingkan ios? Kok jarang dengar ios kena hack mbanking apalagi pakai ios yang di hack bca",0,,
Ugy3uKC_cK7_R9AETyt4AaABAg,0,0,"2023-11-09 14:29:31",@ycfplay,"itu jngan jngan pegawai bank nya bang yg nyuri.😂",0,,
UgwpXGJUa5reG0FviOx4AaABAg,0,1,"2023-11-09 14:25:39",@tsuruga10,"Transaksi nya ke Toko Aiden semua. Apa ga bisa dilacak ke tokonya? Toko apa itu. Lokasi dmn.",0,,
UgwFQnbA8P8ZSNsqH5x4AaABAg,0,5,"2023-11-09 14:24:41",@robertyusmil2169,"HAYOOOOLOHHHH BCA.. ini BCA.. (kayaknya tiap unit punya tipikal yang berbeda-beda utk menyelesaikan masalah.. pernah saya alami dengan bank lain.. semoga pusat bisa menyelesaikan hal ini terlepas berapapun nominalnya)",0,,
UgxMXHZd8RFncDItmG54AaABAg,1,38,"2023-11-09 13:49:38",@nazaralwaslyalwasly1387,"BCA harus nya menelusuri qris yg ditunjukkin kalo ga salah 915 td. Harus diinvestigasi ulang",0,,
UgxMXHZd8RFncDItmG54AaABAg.9wts9qEgFfhAMuCoAnrBaP,,0,"2025-09-10 19:06:24",@AchmadBasuni-g2f,"transaksi saya barusan kepotong di QR 915 Ini juga , kesini garagara saldo ilang",1,UgxMXHZd8RFncDItmG54AaABAg,@nazaralwaslyalwasly1387
Ugzmm4oD4StpMUhErNp4AaABAg,5,46,"2023-11-09 13:44:04",@AnthonyTumiwa,"BCA harus membentuk kelompok grup khusus yang masalah keamanan. karena akan selalu ada kasus baru. Jangan lempar ke pelanggan terus.",0,,
Ugzmm4oD4StpMUhErNp4AaABAg.9wtrX9wCRDs9wtrjetRxy4,,4,"2023-11-09 13:45:55",@mrbert,"Setuju sekali",1,Ugzmm4oD4StpMUhErNp4AaABAg,@AnthonyTumiwa
Ugzmm4oD4StpMUhErNp4AaABAg.9wtrX9wCRDs9wxWmj3cse4,,1,"2023-11-10 23:51:03",@harijosolofi,"Setuju bang, setiap ada kasus gini selaku dilempar ke nasabah, dan gakmau tanggung jawab dengan alasan transaksinya Sah secara sistim. 😢",1,Ugzmm4oD4StpMUhErNp4AaABAg,@AnthonyTumiwa
Ugzmm4oD4StpMUhErNp4AaABAg.9wtrX9wCRDs9wz3LYMfXQL,,4,"2023-11-11 14:12:17",@rangawam7059,"Udah jelas orang dalam lah ini mah, pelaku bukan satu orang melainkan kelompok terorganisir. Gampang ini mah dilacak, mereka main database. Pemilik rekening toko Aiden bisa di penjara karna tempat transit duit curian",1,Ugzmm4oD4StpMUhErNp4AaABAg,@AnthonyTumiwa
Ugzmm4oD4StpMUhErNp4AaABAg.9wtrX9wCRDs9wzY2BXu2tF,,1,"2023-11-11 18:40:32",@ongkyiceroc6397,"pke notaris bisa cetak dan cari comp profile ny, toko alden ny lgsg temuin owner ny... lapor in polisi bruan",1,Ugzmm4oD4StpMUhErNp4AaABAg,@AnthonyTumiwa
Ugzmm4oD4StpMUhErNp4AaABAg.9wtrX9wCRDs9zskMvf7t0P,,0,"2024-01-22 16:56:27",@marsantomarsanto463,"Ya bener saya barusan mengalami hal sperti ini",1,Ugzmm4oD4StpMUhErNp4AaABAg,@AnthonyTumiwa
UgxprZ7iWqB-s5UM2CR4AaABAg,0,0,"2023-11-09 13:01:27",@A1_projek,"Kalau hp baru nomer baru tapi pakai email yang lama, apakah tidak pengaruh dengan Mbanking nya ??",0,,
UgydYk_MH5W1mNI7DZh4AaABAg,1,0,"2023-11-09 12:56:33",@cesarmyid,"kenapa belum dilaporkan ke pihak berwenang?",0,,
UgydYk_MH5W1mNI7DZh4AaABAg.9wtm58SCllq9wtnCaRnsJS,,0,"2023-11-09 13:06:19",@mrbert,"Udah kok. Nanti part 2 kita akan jelaskan. Dan tekanan dari pihak BCA juga",1,UgydYk_MH5W1mNI7DZh4AaABAg,@cesarmyid
UgxGEuYMULOgWD1vzRN4AaABAg,0,0,"2023-11-09 12:36:07",@rmmurahmeriahmasakanpadang6141,"Hp nya mungkin pernah tersambung ke Wifi umum gratis, itu biasa nya kelakuan Hacker juga..",0,,
UgwV8GeTaoyvvszOnrZ4AaABAg,10,14,"2023-11-09 12:30:08",@zhelo212,"Bingung juga kok bisa BCA sperti ini y..ayo mr.bert kawal terus smpe ad titik terangnya..sehat selalu Mr.bert...",0,,
UgwV8GeTaoyvvszOnrZ4AaABAg.9wtj3bq4Pfp9wtkkRwXmF0,,5,"2023-11-09 12:44:51",@mrbert,"Ini akan kita tetap KAWAL",1,UgwV8GeTaoyvvszOnrZ4AaABAg,@zhelo212
UgwV8GeTaoyvvszOnrZ4AaABAg.9wtj3bq4Pfp9wtrLAUp1ox,,3,"2023-11-09 13:42:26",@andykurniawan4749,"BCA harus ikut aktif membereskan masalah ini. Takut nanti nasabah ga percaya lagi bahaya nih BBCA",1,UgwV8GeTaoyvvszOnrZ4AaABAg,@zhelo212
UgwV8GeTaoyvvszOnrZ4AaABAg.9wtj3bq4Pfp9wuTw9sUizy,,1,"2023-11-09 19:28:24",@Ambudhin,"Please 🙏dikawal mr Bert",1,UgwV8GeTaoyvvszOnrZ4AaABAg,@zhelo212
UgwV8GeTaoyvvszOnrZ4AaABAg.9wtj3bq4Pfp9wumLeuGnhh,,0,"2023-11-09 22:18:03",@WarRobotsGameroom,"aku gak ada pilihan tetep make BCA :V walau harus pengamanan di hp install ini itu @andykurniawan4749",1,UgwV8GeTaoyvvszOnrZ4AaABAg,@zhelo212
UgwV8GeTaoyvvszOnrZ4AaABAg.9wtj3bq4Pfp9wumyYcnlaF,,1,"2023-11-09 22:23:30",@suntosoasun8609,"Lapor polisi",1,UgwV8GeTaoyvvszOnrZ4AaABAg,@zhelo212
UgwV8GeTaoyvvszOnrZ4AaABAg.9wtj3bq4Pfp9wv6_0bPwtB,,0,"2023-11-10 01:23:31",@andykurniawan4749,"Kalau di rush mungkin ga?",1,UgwV8GeTaoyvvszOnrZ4AaABAg,@zhelo212
UgwV8GeTaoyvvszOnrZ4AaABAg.9wtj3bq4Pfp9wv87drPrSm,,0,"2023-11-10 01:37:07",@Vespaboys71,"Apakah di clone hp nya?",1,UgwV8GeTaoyvvszOnrZ4AaABAg,@zhelo212
UgwV8GeTaoyvvszOnrZ4AaABAg.9wtj3bq4Pfp9wvAr6EEXhC,,0,"2023-11-10 02:00:56",@adimfauzul,"Pret kalau emang bener lapor polisi aja #gitu aja ribet",1,UgwV8GeTaoyvvszOnrZ4AaABAg,@zhelo212
UgwV8GeTaoyvvszOnrZ4AaABAg.9wtj3bq4Pfp9wvKH_XK5Ph,,0,"2023-11-10 03:23:20",@hanzz.1717,"ini pakai apps m-banking atau mybca@mrbert awalnya dia cuma bilang e-banking",1,UgwV8GeTaoyvvszOnrZ4AaABAg,@zhelo212
UgwV8GeTaoyvvszOnrZ4AaABAg.9wtj3bq4PfpA8xIkNGL55s,,0,"2024-09-29 00:36:31",@zanuarzanu7274,"​@adimfauzuliya sih ya kok aneh ya",1,UgwV8GeTaoyvvszOnrZ4AaABAg,@zhelo212
UgxZadHtHlbiDrVFpMR4AaABAg,0,1,"2023-11-09 12:28:14",@primaabadi5519,"Ada beberaa Bank yang transaksi harus mbanking dan menonaktifkan system internet banking melalui token fisik. Bank yang seperti itu saya tinggalkan karena saya tidak mau transaksi via software di HP karena sekali HP terhack maka akan bahaya termasuk QRIS BCA. Jadi saya lebih memilih transaksi melalui internet banking tanpa instalasi software dan kode melalui token fisik bukan kode/otp yang dikirim via sms/WA. Karena sekali HP kena hack maka si hacker bisa saja mengalihkan transaksi yang masuk ke nomor pribadinya sehingga sms transaksi tdk masuk ke Hp korban. Jadi saran saya lebih baik gunakan token fisik saja (jgn hp) dan tinggalkan yang mode transaksi menggunakan aplikasi/software",0,,
Ugzg89ccv_KhAQsoAdR4AaABAg,1,0,"2023-11-09 12:21:30",@lt2yogawith_shintaShinta,"dimana setiap transaksi yg tdk saya lakukan tersebut ada angka terakhir 756. entah angka apa",0,,
Ugzg89ccv_KhAQsoAdR4AaABAg.9wti4LcpATB9wtjgkvwUe4,,0,"2023-11-09 12:35:37",@rk4768,"angka togel",1,Ugzg89ccv_KhAQsoAdR4AaABAg,@lt2yogawith_shintaShinta
UgyvvNe_0r5sYSDFZoJ4AaABAg,7,8,"2023-11-09 12:19:22",@lt2yogawith_shintaShinta,"Pengalaman sy maret thn ini lenyap 110 jt sdh lapor dll juga ke OJK & kepolisian.transaksi yg tdk sy lakukan apalagi di jam 3 pagi. karena itu sy melapor. sampai saat ini sy hanya berharap ada keajaiban.",0,,
UgyvvNe_0r5sYSDFZoJ4AaABAg.9wthpiKrO8n9wtwojTPvs6,,0,"2023-11-09 14:30:18",@mamiyongatik,"Dibank apa?",1,UgyvvNe_0r5sYSDFZoJ4AaABAg,@lt2yogawith_shintaShinta
UgyvvNe_0r5sYSDFZoJ4AaABAg.9wthpiKrO8n9wu4saZGC7l,,1,"2023-11-09 15:49:29",@KRISDONGO_BAU_JIGONG_YAHUDI,"Dibank apa",1,UgyvvNe_0r5sYSDFZoJ4AaABAg,@lt2yogawith_shintaShinta
UgyvvNe_0r5sYSDFZoJ4AaABAg.9wthpiKrO8n9wutwP6FQ5I,,0,"2023-11-09 23:24:22",@PembelaYangBenar,"skrg percuma lapor polisi.. ibarat nunggu emas jatuh dari langit",1,UgyvvNe_0r5sYSDFZoJ4AaABAg,@lt2yogawith_shintaShinta
UgyvvNe_0r5sYSDFZoJ4AaABAg.9wthpiKrO8n9wvivjO5B4z,,0,"2023-11-10 07:07:24",@wowcam84,"Apa BanK",1,UgyvvNe_0r5sYSDFZoJ4AaABAg,@lt2yogawith_shintaShinta
UgyvvNe_0r5sYSDFZoJ4AaABAg.9wthpiKrO8n9wxW-puU7MK,,2,"2023-11-10 23:44:15",@BMusic-Plus,"plg baik simpan aset dlm gold atau buka rekening yg tdk terhubung m banking atau i banking utk uang diatas 5 juta tanpa admin dan transaksi tf dll lwt teller manual setahu sy bca ada....",1,UgyvvNe_0r5sYSDFZoJ4AaABAg,@lt2yogawith_shintaShinta
UgyvvNe_0r5sYSDFZoJ4AaABAg.9wthpiKrO8nA4mreqXbHM2,,1,"2024-06-17 13:13:07",@azidebarons2280,"Dijawab dong di bank apa? Biar orang tau bank yg tdk aman jangan buka rekening di sana",1,UgyvvNe_0r5sYSDFZoJ4AaABAg,@lt2yogawith_shintaShinta
UgyvvNe_0r5sYSDFZoJ4AaABAg.9wthpiKrO8nAFQU3Qh8SvP,,0,"2025-03-08 21:00:58",@ariestaavril6232,"Gila 110jt , gimana kasus nya sekarang bang udah 1 tahun nih?",1,UgyvvNe_0r5sYSDFZoJ4AaABAg,@lt2yogawith_shintaShinta
UgzvVb1SFnGsaUriU9B4AaABAg,0,1,"2023-11-09 12:18:21",@riorioriorio7775,"mr bert apakabar...senang bisa lihat koko lagi😊😊",0,,
UgyqSKJ5JmzcAKGrBcp4AaABAg,0,1,"2023-11-09 12:15:57",@mahattakamil,"Brarti hapenya udah dikloning? Wah kok ngeri ya? Nyimak ya Pak, mohon utk update terus kasus ini, sebagai sesama nasabah bca waswas juga dgn kondisi seperti itu. Terima kasih.",0,,
UgySwhDQDwewZPD6T5Z4AaABAg,2,3,"2023-11-09 12:07:22",@glewobtchannel6036,"Hati hati dg hp baru...jangan jangan sdh ada virusnya.Begitu hpnya on...data kita sdh terpantau oleh hacker😢..gak bahaya ta..??",0,,
UgySwhDQDwewZPD6T5Z4AaABAg.9wtgSr91D_c9ww5okQAHdc,,1,"2023-11-10 10:36:10",@yangmulia8926,"Bs jadi",1,UgySwhDQDwewZPD6T5Z4AaABAg,@glewobtchannel6036
UgySwhDQDwewZPD6T5Z4AaABAg.9wtgSr91D_c9wxa95t9fNy,,0,"2023-11-11 00:29:12",@dedy6885,"ngasal aja ini mah. namanya hp baru ya clean, makanya saat nyalakan hp di awal ada setup yg mesti dilakukan.",1,UgySwhDQDwewZPD6T5Z4AaABAg,@glewobtchannel6036
Ugwll2RnknIxIWjoQVd4AaABAg,1,5,"2023-11-09 12:06:09",@animalloverstory4556,"kemungkinan saja nih , apa mgkin mbaknya beli hp seken yang sudah di sadap, kemungkinan lain ,mungkin ada orang dekat yang mendaftarkan mybca krn selain mobile bca, bisa menggunakan mybca untuk transfer2",0,,
Ugwll2RnknIxIWjoQVd4AaABAg.9wtgJwFg_og9wxYo55ssri,,1,"2023-11-11 00:08:43",@dedy6885,"qris itu scan barcode saat transaksi. jadi dugaan anda udah salah diawal.",1,Ugwll2RnknIxIWjoQVd4AaABAg,@animalloverstory4556
UgylP3yfMLaloyBex-94AaABAg,5,5,"2023-11-09 12:02:46",@andikasavana4539,"mba ini sudah benar dg memisahkan hape khusus transaksi. tapi kalo pakai iPhone mungkin akan lebih aman (meskipun tetap ada kemungkina hack jg)",0,,
UgylP3yfMLaloyBex-94AaABAg.9wtfwBobAF-9ww9cejgrFg,,0,"2023-11-10 11:09:28",@kathlen76,"Kasus Bobol Bank di Indonesia selalu pakai HP ANDROID.... ANDROID.... ANDROID...",1,UgylP3yfMLaloyBex-94AaABAg,@andikasavana4539
UgylP3yfMLaloyBex-94AaABAg.9wtfwBobAF-9wwCqC6Jy25,,0,"2023-11-10 11:37:32",@cratzcats6305,"iphone aman bang",1,UgylP3yfMLaloyBex-94AaABAg,@andikasavana4539
UgylP3yfMLaloyBex-94AaABAg.9wtfwBobAF-9wxbcAptlb1,,0,"2023-11-11 00:42:03",@idjusguwang,"​@kathlen76secara pengguna android juga besar 89% di indonesia.",1,UgylP3yfMLaloyBex-94AaABAg,@andikasavana4539
UgylP3yfMLaloyBex-94AaABAg.9wtfwBobAF-9wxlhwrGZ9z,,3,"2023-11-11 02:10:13",@middleclass2305,"kalo bgni mending transaksi manual aja ya drpd pake apk tp gk aman😢😢",1,UgylP3yfMLaloyBex-94AaABAg,@andikasavana4539
UgylP3yfMLaloyBex-94AaABAg.9wtfwBobAF-9wxyrV7p6xz,,0,"2023-11-11 04:05:07",@dogymolly1836,"​@middleclass2305sm sj . Kejadian sy malah pas transaksi di atm lgsg hilang 1jt saat sls transaksi.",1,UgylP3yfMLaloyBex-94AaABAg,@andikasavana4539
UgwO7V9JhgSwGdhiXrZ4AaABAg,1,11,"2023-11-09 12:01:56",@bibibububaba,"gw liat Om Bert tulus membantu .. gw share ahh biar jadi aware kita smua",0,,
UgwO7V9JhgSwGdhiXrZ4AaABAg.9wtfq6hATp59xGFvSRQ3e6,,0,"2023-11-18 15:48:31",@wagirah115,"Gak bener2 tulus kok dia dpt konten dan dapet duit...pahamkan",1,UgwO7V9JhgSwGdhiXrZ4AaABAg,@bibibububaba
Ugyxz7NZ7d35eSr5WP54AaABAg,0,0,"2023-11-09 12:01:53",@fgyt2026,"Menarik nih utk ditunggu kelanjutannya.",0,,
UgwDkGSjJhbnZLM0aTB4AaABAg,0,4,"2023-11-09 12:00:54",@BiruYono,"hp di pegang d suruh cctv, org bca nya tol**. haha...",0,,
Ugzq-wcpFvTvebJnc854AaABAg,0,1,"2023-11-09 11:58:26",@manyarindah3762,Ngeri,0,,
UgzV2PKx9Yv7f6H5IzV4AaABAg,0,0,"2023-11-09 11:56:20",@gustipuspa484,"Kok BCA jadi ngeri begini?😮",0,,
UgwUnh4jQsNQbl8MPM54AaABAg,0,6,"2023-11-09 11:54:28",@bibibububaba,"moga2 BCA sistem notifikasi email harus lebih aktif ,, bahkan Qris,semua transaksi bahkan loginpun musti kirim notifikasi email ,, jadi nasabah bisa aware lebih dini",0,,
UgyrZWjQPo6XqkGgW-Z4AaABAg,0,0,"2023-11-09 11:53:12",@Anginsejuk234,"Maximal transaksi qris per hari adalah 25juta",0,,
Ugxjya8qeqYNmiX1vXZ4AaABAg,0,1,"2023-11-09 11:53:02",@jejeadon7426,"Maap saya numpang komentar,apa mungkin hp baru ada hackernya.",0,,
UgxdfM6V_8bD-PfI94F4AaABAg,0,0,"2023-11-09 11:51:05",@ridhopraja3273,"hp nya mesti di check itu ko",0,,
Ugwt7LN3TQsopbwKpiN4AaABAg,0,0,"2023-11-09 11:50:29",@rudwanabdul9772,"sangat aneh",0,,
UgwMR64IOsL9z9I82814AaABAg,0,0,"2023-11-09 11:49:17",@ВладимирПутин-ч9е,"Klo reputase BCA sebagai bank terbaik bisa rusak karena ini makanya kejadian ini di tenggelamkan pdhl BCA bisa ngelacak kmn tuh duit.",0,,
UgyDBRhosadMV49p5yB4AaABAg,2,4,"2023-11-09 11:48:46",@mamiyongatik,"Semoga bisa segera ketemu masalah ini. Serem jg kalau sampai BCA yg selama ini terkenal keamanan bank nya di Indonesia ini, bisa sampai terbobol.",0,,
UgyDBRhosadMV49p5yB4AaABAg.9wteKb4tKMw9wun9ZTuz8H,,1,"2023-11-09 22:25:08",@WarRobotsGameroom,"logikanya klo BCA kena, ya yang lain apalagi pasti sama potensi wkwkw",1,UgyDBRhosadMV49p5yB4AaABAg,@mamiyongatik
UgyDBRhosadMV49p5yB4AaABAg.9wteKb4tKMw9xe1LHOORPQ,,0,"2023-11-28 06:42:07",@chanuchan3456,"Kalau yg sy pernah alami BCA nya masih bertanggung jawab,dan respon cepat,misalnya kartu kredit ku kebobolan dipakai transaksi diluar negeri,dari pihak BCA pusat menelpon untuk memastikan apa pernah melakukan trnasaksi tersebut,krna sy jawab tidak, mereka meggantikan sy kartu baru,yg lama di blok dan uangnya kembali,tidak ada tagihan untuk transaksi tersebut.",1,UgyDBRhosadMV49p5yB4AaABAg,@mamiyongatik
UgzlnLooAAZctTboY3d4AaABAg,0,2,"2023-11-09 11:48:02",@yudiwijaya8597,"Aneh...Seperti nya org dalam, hp nya sudah di cloning...",0,,
Ugw07cwTsAaJFoIHUWB4AaABAg,0,0,"2023-11-09 11:41:26",@residentevil999,"wew, padahal barusan pihak bca klarifikasi masalah data jebol, skrng udah ada lagi kasus ini, sudahlah ganti bank saja, wkwkwkwkwk",0,,
UgwvhR0dRYe3w7oAsxd4AaABAg,0,5,"2023-11-09 11:40:57",@noormansaputra8289,"Orang dalem sih itu,masa iya bca bisa kebobol secepet itu dengan user baru?",0,,
UgxR3PnuezANR1K5gst4AaABAg,79,48,"2023-11-09 11:37:28",@edyt2525,"Lapor aja polisi, nanti polisi akan telusuri kebenarannya kalau cuma pengakuan sepihak belum bisa dijadikan bukti, apalagi saat ini banyak kejadian aneh2 demi utk viral, mohon maaf kalau komen sy kurang sopan🙏🙏🙏",0,,
UgxR3PnuezANR1K5gst4AaABAg.9wtd1tbZhIM9wtxqGpHdKl,,30,"2023-11-09 14:39:15",@ibnuhajarulinnuha6288,"lapor polisi ? hehehehehehhehehehe",1,UgxR3PnuezANR1K5gst4AaABAg,@edyt2525
UgxR3PnuezANR1K5gst4AaABAg.9wtd1tbZhIM9wtzU2rGBW2,,20,"2023-11-09 14:53:33",@char_coc7615,"Lapor polisi.....? Yakin nih 😂😂😂😂😂",1,UgxR3PnuezANR1K5gst4AaABAg,@edyt2525
UgxR3PnuezANR1K5gst4AaABAg.9wtd1tbZhIM9wtzmVvDOUq,,19,"2023-11-09 14:56:13",@mrbert,"@char_coc7615 udah di lapor kok. Semoga ga makin ribet",1,UgxR3PnuezANR1K5gst4AaABAg,@edyt2525
UgxR3PnuezANR1K5gst4AaABAg.9wtd1tbZhIM9wuKhUOkQsX,,15,"2023-11-09 18:07:46",@Sethsosad,"Percuma lapor doang, kasus saya saja sudah setahun, nga tahunya polisi cybernya lagi di ganti...",1,UgxR3PnuezANR1K5gst4AaABAg,@edyt2525
UgxR3PnuezANR1K5gst4AaABAg.9wtd1tbZhIM9wvAKDXV8mJ,,0,"2023-11-10 01:56:19",@andyharyanto8953,😂,1,UgxR3PnuezANR1K5gst4AaABAg,@edyt2525
UgxR3PnuezANR1K5gst4AaABAg.9wtd1tbZhIM9wvCvbQCkUD,,20,"2023-11-10 02:19:02",@amimachmud6631,"Udah banyak laporan, ga di proses, bahkan pernah ada yg ngelakuin tracking sendiri, disamperin tuh lokasinya, malah muncul dua polisi dan yg tracking di ancam, gila sih",1,UgxR3PnuezANR1K5gst4AaABAg,@edyt2525
UgxR3PnuezANR1K5gst4AaABAg.9wtd1tbZhIM9wvPgy016nt,,8,"2023-11-10 04:10:37",@mdhb2,"Polisi?? 😂😂😂😂😂",1,UgxR3PnuezANR1K5gst4AaABAg,@edyt2525
UgxR3PnuezANR1K5gst4AaABAg.9wtd1tbZhIM9wvYh6idIrV,,0,"2023-11-10 05:29:17",@helenmariani4763,"@amimachmud6631 ini perlu di up sih. kalau viral, tuh polisi biar ditindak. dan biar masyarakat tau, oknum2 polisi pada ngapain..",1,UgxR3PnuezANR1K5gst4AaABAg,@edyt2525
UgxR3PnuezANR1K5gst4AaABAg.9wtd1tbZhIM9wvnYRZPeS5,,23,"2023-11-10 07:47:47",@pansky7656,"Lapor polisi??? Laporin puluhan juta, abisnya bisa ratusan juta 😅😅😅",1,UgxR3PnuezANR1K5gst4AaABAg,@edyt2525
UgxR3PnuezANR1K5gst4AaABAg.9wtd1tbZhIM9wvvhGPZMpq,,10,"2023-11-10 08:59:01",@syafruddin5648,"Nah..... Sudah habis kepercayaan masyarakat PD Polisi. Dosa sebagian Oknum di tanggung semuanya. Atau Ter balik , Dosa semuanya di tanggung sebagian oknum..... Bagai mana kalau coba - coba ke OJK",1,UgxR3PnuezANR1K5gst4AaABAg,@edyt2525
UgxR3PnuezANR1K5gst4AaABAg.9wtd1tbZhIM9wwC03oDP7r,,0,"2023-11-10 11:30:16",@katakita6932,😇,1,UgxR3PnuezANR1K5gst4AaABAg,@edyt2525
UgxR3PnuezANR1K5gst4AaABAg.9wtd1tbZhIM9wwD13NdsiP,,5,"2023-11-10 11:39:09",@alexlex3913,"Masih bnyk orang udik dan kurang literasi komentarnya asal njeplak. Maksud dr lapor polisi sangat d perlukan untuk urusan administrasi kekuatan hukum dan korban tidak sedang bercanda,mengalami tindak kriminal. Lapor polisi bukan berarti seluruh kasus akan d selesaikan/d investigasi polisi.",1,UgxR3PnuezANR1K5gst4AaABAg,@edyt2525
UgxR3PnuezANR1K5gst4AaABAg.9wtd1tbZhIM9wwDsVMWLeT,,0,"2023-11-10 11:46:35",@Art32Lnd,"Trus mau lapor siapa ? Security ? 😅 ada2 sj yg komentar lucu",1,UgxR3PnuezANR1K5gst4AaABAg,@edyt2525
UgxR3PnuezANR1K5gst4AaABAg.9wtd1tbZhIM9wwErpGuZRQ,,2,"2023-11-10 11:55:14",@evirahmawati8540,"Komen anda bukan kurang sopan sih, tp kurang cerdas. Anda pikir lapor ke polisi tu ky anak lapor ke orangtuanya? Apalagi lapor yg berurusan dg bank. Memangnya si mbak pemilik rekening itu kliatan kayak orang cari sensasi pingin viral gitu? Mbok ya jgn cuma dilihat, tp dicermati gitu lho 😅😅😅",1,UgxR3PnuezANR1K5gst4AaABAg,@edyt2525
UgxR3PnuezANR1K5gst4AaABAg.9wtd1tbZhIM9wwH6xlAJbm,,10,"2023-11-10 12:14:54",@jmsstudiohendz,"Aku korban penipuan juga... Dari pengalaman ku polisi ga guna Dan bahkan ditertawakan saat melapor Memang percuma Dan ga guna polisi",1,UgxR3PnuezANR1K5gst4AaABAg,@edyt2525
UgxR3PnuezANR1K5gst4AaABAg.9wtd1tbZhIM9wwJcNlnxus,,4,"2023-11-10 12:36:49",@themanthe4745,"Lapor polisi ya tambah hilang lebih duit anda 😂😂😂",1,UgxR3PnuezANR1K5gst4AaABAg,@edyt2525
UgxR3PnuezANR1K5gst4AaABAg.9wtd1tbZhIM9wwQDO80cag,,1,"2023-11-10 13:34:26",@D0.1234,"​@amimachmud6631polisi nya seret ke Propam Polda. Kejadian dmn itu ?",1,UgxR3PnuezANR1K5gst4AaABAg,@edyt2525
UgxR3PnuezANR1K5gst4AaABAg.9wtd1tbZhIM9wwkGDVl-ZO,,5,"2023-11-10 16:38:19",@mariafingkreuw6458,"Pernah lapor polisi, jawaban polisi, percuma mba, masalah nya pihak bank gak mau buka data konsumen karena melindungi nasabah",1,UgxR3PnuezANR1K5gst4AaABAg,@edyt2525
UgxR3PnuezANR1K5gst4AaABAg.9wtd1tbZhIM9wxVFpOw8kp,,2,"2023-11-10 23:37:41",@rorinolimit3564,"Kuncinya hrs di tujuan transfer, siapa yg menerima itu hrs kebuka dan dicek baru jelas dn hal ini tugas bank krn ada laporan.",1,UgxR3PnuezANR1K5gst4AaABAg,@edyt2525
UgxR3PnuezANR1K5gst4AaABAg.9wtd1tbZhIM9wxXgpSIKS4,,0,"2023-11-10 23:58:59",@dedy6885,"​@evirahmawati8540lapor polisi tujuannya punya surat pelaporan, dengan begitu nasabah bisa memaksa pihak bank untuk menulusuri kejanggalan transaksi.",1,UgxR3PnuezANR1K5gst4AaABAg,@edyt2525
UgxR3PnuezANR1K5gst4AaABAg.9wtd1tbZhIM9wxe-1Ednh8,,0,"2023-11-11 01:02:47",@LindaAgustin0607,"​@jmsstudiohendzbetulll banget, nasib kita sama😂",1,UgxR3PnuezANR1K5gst4AaABAg,@edyt2525
UgxR3PnuezANR1K5gst4AaABAg.9wtd1tbZhIM9wxgCJOqZxk,,3,"2023-11-11 01:22:04",@dengi1993,"Lapor polisi?? Anda pasti juga tau polisi2 indo kyk apa😅",1,UgxR3PnuezANR1K5gst4AaABAg,@edyt2525
UgxR3PnuezANR1K5gst4AaABAg.9wtd1tbZhIM9wxjOp7AbIU,,3,"2023-11-11 01:49:59",@dnddnd3457,"🤣🤣🤣🤣 lapor polisi, kasihan mbaknya ini uang saja sisa 10jt, terus mau lapor polisi?.... 🤣🤣🤣🤣🤣 mana cukup uangnya",1,UgxR3PnuezANR1K5gst4AaABAg,@edyt2525
UgxR3PnuezANR1K5gst4AaABAg.9wtd1tbZhIM9wxjZvplBCf,,0,"2023-11-11 01:51:30",@dnddnd3457,"​@amimachmud6631waduhhhh parah sekali, oanggikan warga setempat buat bukti, ajak duel polisinya",1,UgxR3PnuezANR1K5gst4AaABAg,@edyt2525
UgxR3PnuezANR1K5gst4AaABAg.9wtd1tbZhIM9wxpczI-kq6,,0,"2023-11-11 02:44:29",@orangmales2609,"Lapor pak trans 7 aja,",1,UgxR3PnuezANR1K5gst4AaABAg,@edyt2525
UgxR3PnuezANR1K5gst4AaABAg.9wtd1tbZhIM9wxr01Ng8Cq,,3,"2023-11-11 02:56:31",@Colonelwiliys,"Wahhhh lapor Isilop lagi,, paling di kasih tau “ Hati hati ya lain kali”",1,UgxR3PnuezANR1K5gst4AaABAg,@edyt2525
UgxR3PnuezANR1K5gst4AaABAg.9wtd1tbZhIM9wxvw-Kq0Ji,,0,"2023-11-11 03:39:31",@edyt2525,"@dengi1993 maaf sy bertugas dikepolisian, tdk semua benar yg anda tuduhkan, hati2 dalam menjudge 🙏",1,UgxR3PnuezANR1K5gst4AaABAg,@edyt2525
UgxR3PnuezANR1K5gst4AaABAg.9wtd1tbZhIM9wxxRyyXoey,,2,"2023-11-11 03:52:45",@dogymolly1836,"Sy jg mengalami hal yg sm, kehilangan saldo, sy cb ngeprint ke becea tp tdk ditemukan uang keluar yg hilang, kl menurut dugaan sy ada hacker yg melakukan, jd tdk kelihatan dana keluar yg di ambil si pelaku., sy sdh lapor ke becea, namun sy disarankan lapor polis, sy ga mau buat laporan, yg ada hilang kambing akn hilang kerbau.",1,UgxR3PnuezANR1K5gst4AaABAg,@edyt2525
UgxR3PnuezANR1K5gst4AaABAg.9wtd1tbZhIM9wy5l0rjLq3,,0,"2023-11-11 05:14:08",@kristzeinz4647,"Perlu viral Dulu biar polisi semangat langsung tanganin kasusnya.",1,UgxR3PnuezANR1K5gst4AaABAg,@edyt2525
UgxR3PnuezANR1K5gst4AaABAg.9wtd1tbZhIM9wyB0Hz-S5s,,0,"2023-11-11 06:00:03",@rinar.sukandhi7103,"Percuma lapor dan saya pernah punya pengalaman suami saya tertipu hampir 100 jt krn dihipnotis via hp disuruh trsf BCA. Kl mau pelakunya ketangkap hrs lapor ke polda krn disana mempunyai alat utk diteksi tp biy nya mahal😊",1,UgxR3PnuezANR1K5gst4AaABAg,@edyt2525
UgxR3PnuezANR1K5gst4AaABAg.9wtd1tbZhIM9wyC6EhdkI6,,0,"2023-11-11 06:09:36",@djatmikorasid123,"BCA pun bayar buzzer ya?",1,UgxR3PnuezANR1K5gst4AaABAg,@edyt2525
UgxR3PnuezANR1K5gst4AaABAg.9wtd1tbZhIM9wyCSfm_y9J,,1,"2023-11-11 06:12:40",@pitterw6796,"Bray polisi ga begitu garcep nanganin kasus bank. Jangan ASAL keluarin statement. Kalo u ga percaya u ke polda coba apa katanya 😅 uda sotoy ngaco lagi 😂",1,UgxR3PnuezANR1K5gst4AaABAg,@edyt2525
UgxR3PnuezANR1K5gst4AaABAg.9wtd1tbZhIM9wyGU57U6z7,,2,"2023-11-11 06:47:49",@sioyen-y8g,"LAPOR POLISIIIIIIII???????? 🤣🤣🤣🤣🤣🤣🤣🤣🤣🤣🤣🤣🤣🤣🤣🤣🤣🤣🤣🤣🤣🤣🤣🤣🤣🤣🤣🤣",1,UgxR3PnuezANR1K5gst4AaABAg,@edyt2525
UgxR3PnuezANR1K5gst4AaABAg.9wtd1tbZhIM9wyHgV36OJm,,0,"2023-11-11 06:58:23",@apriantosubagyo000,"Lapor polisi ya hilang 68 juta lagi bro 😂😂😂",1,UgxR3PnuezANR1K5gst4AaABAg,@edyt2525
UgxR3PnuezANR1K5gst4AaABAg.9wtd1tbZhIM9wyIh3nu_V4,,0,"2023-11-11 07:07:12",@braderjunot,"Wkwkwk.. lapor polisi cuma dpt bukti laporan doank..dulu gw prnah kena tipu perush pas lapor polisi mnt uang uti investigasi.. banyangin??.,akhirnya gw relakan uang sy hilang.",1,UgxR3PnuezANR1K5gst4AaABAg,@edyt2525
UgxR3PnuezANR1K5gst4AaABAg.9wtd1tbZhIM9wyNqSBMX4z,,1,"2023-11-11 07:52:10",@endangeser2567,"Biasakan simak konten sampe selesai",1,UgxR3PnuezANR1K5gst4AaABAg,@edyt2525
UgxR3PnuezANR1K5gst4AaABAg.9wtd1tbZhIM9wyOUHpS7Td,,1,"2023-11-11 07:57:44",@tanimaju5446,"Lawyer dan Preman nyebut Polisi itu rajanya penjahat Tau sendirilah kelakuannya.",1,UgxR3PnuezANR1K5gst4AaABAg,@edyt2525
UgxR3PnuezANR1K5gst4AaABAg.9wtd1tbZhIM9wyXC03xU_i,,1,"2023-11-11 09:13:53",@stellamenari9928,"Duh semoga cepet selesai yah mbak Evita….dapet keadilan dan uangnya bs balik..",1,UgxR3PnuezANR1K5gst4AaABAg,@edyt2525
UgxR3PnuezANR1K5gst4AaABAg.9wtd1tbZhIM9wyd1oNfLXq,,1,"2023-11-11 10:13:40",@kedairahmat4762,"Logika kita di negeri ini sudah di obrak-abrik. Sebetulnya, penelusuran macam ini gak sesulit nyari anggota isis loh. Tinggal polisi Terima laporan, terus ke bank'nya, terus lacak aliran dana kemana, panggil pemilik rekening tujuan, introgasi. Selanjutnya polisi yg tangani... Simple loh kalau mau dijalanin dan dipermudah... Tapi, yah beginilah keadaannya... Kalau sudah kehilangan kepercayaan masyarakat, baru panik...",1,UgxR3PnuezANR1K5gst4AaABAg,@edyt2525
UgxR3PnuezANR1K5gst4AaABAg.9wtd1tbZhIM9wydBZ3iykW,,1,"2023-11-11 10:14:59",@storyofgika,"Belum pernah lapor polisi, ya? Sedih banget. Kalau pernah, pasti gakan berkomentar seperti itu.",1,UgxR3PnuezANR1K5gst4AaABAg,@edyt2525
UgxR3PnuezANR1K5gst4AaABAg.9wtd1tbZhIM9wydwB52GzA,,2,"2023-11-11 10:21:30",@brodenishow,"Lapor polisi? Laporan gw udah bertahun2 gak ada hasil.. padahal terlapor sudah dinyatakan tersangka.. yaudah tersangka aja.. gak ada apa apa lagi..",1,UgxR3PnuezANR1K5gst4AaABAg,@edyt2525
UgxR3PnuezANR1K5gst4AaABAg.9wtd1tbZhIM9wyeDHhOesW,,1,"2023-11-11 10:23:58",@storyofgika,"​@brodenishowsaya lapor juga pencurian tahun lalu. Polisi minta CCTV yang isinya gambar pencuri masuk ke rumah mengambil barang2 dengan wajah yang sangat jelas. Lucu kalau dipikir2. Terus, mereka meminta saya mencari alamat rumah pencuri. 😂😂😂😂😂 Korban harus mencari pencuri.",1,UgxR3PnuezANR1K5gst4AaABAg,@edyt2525
UgxR3PnuezANR1K5gst4AaABAg.9wtd1tbZhIM9wyitzzHOl3,,0,"2023-11-11 11:04:53",@abjall_81,"Prestasi divisi cybercrime apa sih, koq ga tau saya ...?",1,UgxR3PnuezANR1K5gst4AaABAg,@edyt2525
UgxR3PnuezANR1K5gst4AaABAg.9wtd1tbZhIM9wykbDrpWV6,,1,"2023-11-11 11:19:48",@aliencat585,"Palingan ntar dioper ma polisinya ke cyber crime, polisi mana ngurusin beginian, rekening gua pernah kesedot BCA karena tergiur hadiah lewat telpon, gua gak nyadar itu modus penipuan dengan kasih kode akses ke gua katanya tranfer uang hadiah. Pas gua cek lagi ada error code di ATM BCA, besoknya gua cek lagi isinya akunnya RP. 0.Banyak yg kena gini kayak gua cuma ngakunya dihipnotis padahal kena tipu",1,UgxR3PnuezANR1K5gst4AaABAg,@edyt2525
UgxR3PnuezANR1K5gst4AaABAg.9wtd1tbZhIM9wylVaogpG1,,0,"2023-11-11 11:27:38",@adiwiyanto1949,"lapor polisi..😂😂😂😂😂😂....percuma",1,UgxR3PnuezANR1K5gst4AaABAg,@edyt2525
UgxR3PnuezANR1K5gst4AaABAg.9wtd1tbZhIM9wyrlfuXEDl,,0,"2023-11-11 12:22:24",@habermasian1141,"Gini lho bocil-bocil yang replies nyinyir, jika tidak lapor polisi, ""korban"" bisa dituntut fitnah dan pencemaran nama baik oleh BCA.... Bulan lalu ada kasus, duit di rekening lenyap Rp 200.000.000 , lapor polisi, ternyata anaknya yang pake untuk judi online.....",1,UgxR3PnuezANR1K5gst4AaABAg,@edyt2525
UgxR3PnuezANR1K5gst4AaABAg.9wtd1tbZhIM9wyrpb7KUNM,,0,"2023-11-11 12:22:56",@habermasian1141,"​@mariafingkreuw6458iya bank dilindungi UU",1,UgxR3PnuezANR1K5gst4AaABAg,@edyt2525
UgxR3PnuezANR1K5gst4AaABAg.9wtd1tbZhIM9wyt18mmNJO,,0,"2023-11-11 12:33:23",@mrbert,"@habermasian1141 udah baca Deskripsi agan ku. Kan kak Evita nya udah lapor. Sampai polres bahkan.",1,UgxR3PnuezANR1K5gst4AaABAg,@edyt2525
UgxR3PnuezANR1K5gst4AaABAg.9wtd1tbZhIM9wyuStdisFK,,0,"2023-11-11 12:45:54",@amboss7676,"Kan sudah lapor",1,UgxR3PnuezANR1K5gst4AaABAg,@edyt2525
UgxR3PnuezANR1K5gst4AaABAg.9wtd1tbZhIM9wyuZ1nvsz3,,0,"2023-11-11 12:46:45",@amboss7676,Buzzer,1,UgxR3PnuezANR1K5gst4AaABAg,@edyt2525
UgxR3PnuezANR1K5gst4AaABAg.9wtd1tbZhIM9wyugwl7bSw,,0,"2023-11-11 12:47:58",@temmon8493,"Loe tuh culun n guoblok 😅😅😅",1,UgxR3PnuezANR1K5gst4AaABAg,@edyt2525
UgxR3PnuezANR1K5gst4AaABAg.9wtd1tbZhIM9wyv-pIX1Iu,,0,"2023-11-11 12:50:41",@KangOpiMoring,"pin men",1,UgxR3PnuezANR1K5gst4AaABAg,@edyt2525
UgxR3PnuezANR1K5gst4AaABAg.9wtd1tbZhIM9wywWGcvaFp,,1,"2023-11-11 13:03:51",@temmon8493,"Belum pernah kasus uang hilang direkening nasabah menang lawan bank 🏦 😅😅😅",1,UgxR3PnuezANR1K5gst4AaABAg,@edyt2525
UgxR3PnuezANR1K5gst4AaABAg.9wtd1tbZhIM9wyx08eJHn1,,1,"2023-11-11 13:08:12",@mrbert,"@temmon8493 kita usahakan ini pertama.asal emang bisa dibuktikan",1,UgxR3PnuezANR1K5gst4AaABAg,@edyt2525
UgxR3PnuezANR1K5gst4AaABAg.9wtd1tbZhIM9wyx3dur2MH,,0,"2023-11-11 13:08:40",@storyaisya,"Lapor Polisi??",1,UgxR3PnuezANR1K5gst4AaABAg,@edyt2525
UgxR3PnuezANR1K5gst4AaABAg.9wtd1tbZhIM9wyxl-2U5Ah,,0,"2023-11-11 13:14:44",@esdegan7176,"B I T C O I N NOT YOUR KEYS NOT YOUR ASSETS B I T C O I N NOT YOUR KEYS NOT YOUR ASSETS B I T C O I N NOT YOUR KEYS NOT YOUR ASSETS",1,UgxR3PnuezANR1K5gst4AaABAg,@edyt2525
UgxR3PnuezANR1K5gst4AaABAg.9wtd1tbZhIM9wz26PU7jT9,,0,"2023-11-11 14:01:29",@danangmanto2997,"lapor ojk",1,UgxR3PnuezANR1K5gst4AaABAg,@edyt2525
UgxR3PnuezANR1K5gst4AaABAg.9wtd1tbZhIM9wz31nCl6OP,,0,"2023-11-11 14:09:35",@Matnasir-y3w,"Jawaban Anda sama sekali tidak lucu. Cukup bagus dan mantap. Cuma izinkan saya ketawa yaa... Wkwkwkwk😅😂",1,UgxR3PnuezANR1K5gst4AaABAg,@edyt2525
UgxR3PnuezANR1K5gst4AaABAg.9wtd1tbZhIM9wz37NYfOQI,,0,"2023-11-11 14:10:21",@LieTjhaiJean,"Percuma lapor polisi. Kasus sy uda 4 tahun. Cuma dikasih surat lapor aj. Bank juga janji investigasi uda itu telp bilang case closed. Ada 1 bank swasta (bukan bca) yg benar² bagus cc sy kena hack langsung diganti. tanpa",1,UgxR3PnuezANR1K5gst4AaABAg,@edyt2525
UgxR3PnuezANR1K5gst4AaABAg.9wtd1tbZhIM9wz90yLQvld,,1,"2023-11-11 15:01:54",@kimpoel33,"Gimana ya lapor polisi itu jadi kayak dilema. Karena ini juga menyangkut kerahasiaan bank. Paling juga dicatat doang. Coba kalau ada yg pengalaman seperti itu kmd lapor polisi hasilnya memuaskan? Sileh share disini. Atau buat saja polling tingkat kepuasan layanan kepolisian. Semakin luas cakupan masyarakat semakin obyektif? Berani? Tujuan juga untuk kebaikan bersama. Krn kepolisian sebenarnya juga sangat dibutuhkan masyarakat. Tapi ya itu dia kurang memuaskan. Kan ada kalimat satir: ""kalau lapor, kehilangan ayam malah kemudian bisa kehilangan kambing.""",1,UgxR3PnuezANR1K5gst4AaABAg,@edyt2525
UgxR3PnuezANR1K5gst4AaABAg.9wtd1tbZhIM9wz9ihjH-5H,,0,"2023-11-11 15:08:01",@Popo-f6p,"Laapooor pooliisiii????",1,UgxR3PnuezANR1K5gst4AaABAg,@edyt2525
UgxR3PnuezANR1K5gst4AaABAg.9wtd1tbZhIM9wzDCrgEaCi,,0,"2023-11-11 15:38:29",@caesar.caesar,"Lapor polisi?? Hellooooww? Lu pasti tinggal di dasar laut y slama ini?? Ampe ga pernah tau fakta hidup di indonesia?? 🤣🤣🤣",1,UgxR3PnuezANR1K5gst4AaABAg,@edyt2525
UgxR3PnuezANR1K5gst4AaABAg.9wtd1tbZhIM9wzFDOHOYxt,,0,"2023-11-11 15:56:02",@agungtowafa6978,"Polisi? Uang tambah ludes iya",1,UgxR3PnuezANR1K5gst4AaABAg,@edyt2525
UgxR3PnuezANR1K5gst4AaABAg.9wtd1tbZhIM9wzGYrgekdO,,0,"2023-11-11 16:07:42",@mrbert,"@agungtowafa6978 psst psst jangan keras keras",1,UgxR3PnuezANR1K5gst4AaABAg,@edyt2525
UgxR3PnuezANR1K5gst4AaABAg.9wtd1tbZhIM9wzSIGxeGcO,,0,"2023-11-11 17:50:17",@lgoritme,"​@ibnuhajarulinnuha6288ga bakal ditindak sama polisi, kmrn kemalingan HP n tablet, kerugian 9jt++",1,UgxR3PnuezANR1K5gst4AaABAg,@edyt2525
UgxR3PnuezANR1K5gst4AaABAg.9wtd1tbZhIM9x-R8vsW81G,,0,"2023-11-12 02:59:31",@rusdiyanto2362,"Saya lapor motor hilang smpi sekarang (21 thn) tdk ada kabar nya dri kepolisian....",1,UgxR3PnuezANR1K5gst4AaABAg,@edyt2525
UgxR3PnuezANR1K5gst4AaABAg.9wtd1tbZhIM9x-WWdNVwF2,,1,"2023-11-12 03:46:27",@michsmith9635,"Polisi operasi komputer saja kagak bisa 😂",1,UgxR3PnuezANR1K5gst4AaABAg,@edyt2525
UgxR3PnuezANR1K5gst4AaABAg.9wtd1tbZhIM9x-ZKLNUil8,,0,"2023-11-12 04:10:59",@edyt2525,"@michsmith9635 anda terlalu merendahkan lembaga kepolisian",1,UgxR3PnuezANR1K5gst4AaABAg,@edyt2525
UgxR3PnuezANR1K5gst4AaABAg.9wtd1tbZhIM9x-_0uwGXD2,,0,"2023-11-12 04:17:04",@momotmeco123,"Jual sapi dulu",1,UgxR3PnuezANR1K5gst4AaABAg,@edyt2525
UgxR3PnuezANR1K5gst4AaABAg.9wtd1tbZhIM9x-lONANfQz,,1,"2023-11-12 06:05:08",@michsmith9635,"@edyt2525 Memang kenyataan koq kalau polisi itu gaptek dan masih cetek, apalagi dalam bidang keamanan siber. Coba saya tanya, apakah kepolisian itu tau dan memakai produk siber canggih milik Israel NGFW CheckPoint? Kalo nggak tau ya jelas masih kampungan dan tidak akan pernah mampu dalam menangani masalah keamanan siber.",1,UgxR3PnuezANR1K5gst4AaABAg,@edyt2525
UgxR3PnuezANR1K5gst4AaABAg.9wtd1tbZhIM9x04dwZc6mm,,0,"2023-11-12 09:02:09",@andrianmonica1169,"Lapor polisi duit lu diminta 40%, buat ongkos mreka kerja, tau kan polisi buncit mana mau gerak kalo g dpecut duit...",1,UgxR3PnuezANR1K5gst4AaABAg,@edyt2525
UgxR3PnuezANR1K5gst4AaABAg.9wtd1tbZhIM9x06-WS8AYz,,0,"2023-11-12 09:13:58",@heri_sopo2098,"Polisi india",1,UgxR3PnuezANR1K5gst4AaABAg,@edyt2525
UgxR3PnuezANR1K5gst4AaABAg.9wtd1tbZhIM9x0AwrJHR_K,,0,"2023-11-12 09:57:10",@Bakhri-insight,"Mending laporpak di tv 😅",1,UgxR3PnuezANR1K5gst4AaABAg,@edyt2525
UgxR3PnuezANR1K5gst4AaABAg.9wtd1tbZhIM9x0KhKVRbiT,,0,"2023-11-12 11:22:26",@nongkogede1004,"Hahaha... Lapor polisi hilang kambing sapi ikut ilang",1,UgxR3PnuezANR1K5gst4AaABAg,@edyt2525
UgxR3PnuezANR1K5gst4AaABAg.9wtd1tbZhIM9x0MtBFjrz6,,0,"2023-11-12 11:41:31",@lockpos1011,"​@mrbert bang bert mohon maaf agak melenceng.... Saya mau minta tolong bang bert buat mengembalikan akun fb saya yang kena hack bang..... MOHON BANTUANYA",1,UgxR3PnuezANR1K5gst4AaABAg,@edyt2525
UgxR3PnuezANR1K5gst4AaABAg.9wtd1tbZhIM9x0RcnC138z,,0,"2023-11-12 12:22:58",@elzahsentiawati5470,"Saya jg prnh kena kasus penipuan korban giveaway kena 8,5jt transfer dr bank Bca ke Bri ,sudah lapor polisi jg, kata pihak bank 20hari krj tp sampai skrang gk da info apa apa, jd y intiny cm lapor aja, sampe saya googline buat cari hacker 😂😂😢",1,UgxR3PnuezANR1K5gst4AaABAg,@edyt2525
UgxR3PnuezANR1K5gst4AaABAg.9wtd1tbZhIM9x0f0OLM2-G,,0,"2023-11-12 14:28:40",@mirandaasima8611,"Tolonglaaahh.... Polisi itu gak akan gerak sebelum viral dan klo lapor polisi itu harus ada duitnya juga.... orang udah kehilangan malah makin kehilangan lagi.... nyokap gua kehilangan emas kena rampok, eeehh polisi minta duit buat proses dan itu juga mereka ga mau janjiin apa2 walau udah minta duit... ya kaliiii.... Klo bukan ""orang besar"" ga akan di usut... kasus begini bukan 1x - 2x",1,UgxR3PnuezANR1K5gst4AaABAg,@edyt2525
UgxR3PnuezANR1K5gst4AaABAg.9wtd1tbZhIM9x13LXUP1Tv,,0,"2023-11-12 18:10:00",@nawicp9408,"Lapor mana mau nanggapi polisi",1,UgxR3PnuezANR1K5gst4AaABAg,@edyt2525
UgxR3PnuezANR1K5gst4AaABAg.9wtd1tbZhIM9x4z9BBPV52,,0,"2023-11-14 06:41:35",@BarJa99,"​@LieTjhaiJeanbank apa kak yang bagus?",1,UgxR3PnuezANR1K5gst4AaABAg,@edyt2525
UgxNvLm-ncD02oAbRkd4AaABAg,0,0,"2023-11-09 11:33:44",@Yudha_Biantoro,aneh,0,,
UgxA-b9YbKal358Sz0p4AaABAg,0,0,"2023-11-09 11:32:19",@masih_koma3377,"Numpang belajar ..GBU and me always 💪🏼💪🏼",0,,
UgxRd1Lp-0Lkk4tWUTV4AaABAg,0,1,"2023-11-09 11:32:15",@veroniqueyonata,"Klu bs klu shopping atau yg lain nya , mending jgn pki MB atau Qris ...lbh baik pki ATM atau lgsg ke gerai ATM atau lgsg ke Bank ...klu jmlh ckp bnyk... jdi data2 qta tdk bs di ketahui oleh si hacker .",0,,
Ugx7UlfMFq5dUg2A-Cl4AaABAg,1,9,"2023-11-09 11:21:32",@ediwl2233,"Biasa nya org yg kena korban,kebanyakan org hutang pinjol /pernah daftar di pinjol...",0,,
Ugx7UlfMFq5dUg2A-Cl4AaABAg.9wtbDBwszam9x-DeEaEYrE,,0,"2023-11-12 01:01:36",@duniaanak5110,"Wkwk sok tau , justru orang yg gk pinjol yg kena , orang punya hutang yg di scam apa nya ? Orang duit aja utang",1,Ugx7UlfMFq5dUg2A-Cl4AaABAg,@ediwl2233
UgxmTNLgZXq-EWOoZ0J4AaABAg,0,0,"2023-11-09 11:18:01",@rasmanagende5463,"bandung hadir kka...salm kenal.",0,,
Ugy8fnMF2lV4U2_wO7V4AaABAg,0,0,"2023-11-09 11:02:40",@BE_217_AN,nyimak,0,,
UgxS494tSv5iHBXQNBJ4AaABAg,1,25,"2023-11-09 11:01:39",@rafitechnic,"Semoga kita selalu dalam keadaan sehat & terlindung dari segala kejahatan",0,,
UgxS494tSv5iHBXQNBJ4AaABAg.9wtZwURg7ucA-Hc7tnpSUc,,0,"2024-02-01 18:04:45",@mnurhilalanwar3930,Amiiinn,1,UgxS494tSv5iHBXQNBJ4AaABAg,@rafitechnic
