id,replyCount,likeCount,publishedAt,authorName,text,isReply,isReplyTo,isReplyToName
UgyxhTynLBA-UPBrhJR4AaABAg,0,0,"2025-08-29 15:15:41",@user-el6ro1iy5q,"Liat mukanya udah enek bgt gw",0,,
Ugy8MfVo8hPdGeiAgad4AaABAg,0,0,"2025-07-26 03:48:42",@creeper30133,"Malukakn atau melakukan?",0,,
UgyXnRN6-X77pUfjlAp4AaABAg,0,0,"2025-07-20 08:25:11",@lova3062,"dah tua harusnya banyakin ibadah.malah nipu.",0,,
UgxcV16ixOeaUxkGGBt4AaABAg,0,0,"2025-07-04 07:15:16",@hachiroku_san4991,"Pokoknya kalo ga keliatan uangnya jangan diisikan dulu",0,,
UgxvsDxsQHW4fU1VzmF4AaABAg,0,0,"2025-07-01 11:44:04",@drizzersilverberg,"ga hanya pulsa/saldo aja, mesti siaga buat barang dagangan juga bisa jadi orang nya ambil barang terus kabur pake motor temennya",0,,
Ugw4_LovnQO8gWmfBXR4AaABAg,0,0,"2025-06-02 13:32:32",@canchandrah154,"Bangsat emg orang2 kek gini.. merugikan banyak orang (termasuk gua sebagai customer). Gua jadi was2 kalau mau tarik tunai di toko madura, takut dikira komplotan penipu niirrr 😂😂😂😂",0,,
UgwUB8KosRzG6M4Yfz94AaABAg,0,0,"2025-03-09 05:09:45",@WiwinWidiawati-i8k,"Intinya penjaga conter hrs waspada terima dilu uangnya itung periksa baru isi",0,,
UgwUuha5LvbylqTNnzR4AaABAg,0,0,"2025-01-30 06:26:57",@endangsriwinarni152,"Keren mas ! Pinter mas nya, cb kl sudah di isi beneran kan raib tuh duit 200 rb....",0,,
UgxSKyj6CZcgm-9MwvR4AaABAg,0,0,"2025-01-27 06:04:55",@cakalwichannel,"😂😂😂buaya dikadali",0,,
UgwGva1U0EAXYAAeJmt4AaABAg,0,0,"2025-01-24 13:29:45",@SulastriSulastri-qn2oz,"Untung mas nya pinter👍👍👍👍",0,,
UgwXQf8aroOUML52orx4AaABAg,0,0,"2025-01-24 13:29:45",@SulastriSulastri-qn2oz,"Untung mas nya pinter👍👍👍👍",0,,
UgwS03xpcHy4aWT2F3h4AaABAg,0,1,"2025-01-23 09:08:42",@aasan8890,"Sederhana saja. Bayar dulu baru saldo ditransfer 😂",0,,
UgzBZYq0Q7mWMfID_jp4AaABAg,0,0,"2025-01-22 16:11:18",@ijonkdvs6022,"MUKANYA AJA UDH TOLOOL BEGITU",0,,
UgyQ-pSnzYEUYsvVNyl4AaABAg,0,0,"2025-01-20 22:19:13",@naufalalwan2174,"Orang manqtuh",0,,
UgzyCbwTJON2q0lUrXR4AaABAg,0,0,"2025-01-19 23:57:26",@uprasetyom,"Minta uang nya dulu baru isi dana jangan mau modus seperti ini ,ini ibu-ibu kurang ajar bukan nya taubat malah nipu",0,,
UgzHj-pGA7KDyp486fB4AaABAg,0,0,"2025-01-14 16:07:45",@jamalsopo4305,"😂Mas ngisi dana dong dasar penipu udah tua masih aja menipu orang ?",0,,
UgyuonJ8tlEKQj7kYq94AaABAg,0,0,"2025-01-09 14:50:43",@antonsukarwi8899,"😂😂😂😂 ntar d cek zonkkk ngasakkk mkn tuh anginnn",0,,
UgyHw7TPOQ0Rjc-SQ7J4AaABAg,0,0,"2025-01-09 04:32:08",@nolkecil7640,"Nah ini bisa dijadikan trik buat keamanan",0,,
UgzIaVPZpb-aSKD_Lyl4AaABAg,0,0,"2025-01-06 03:56:03",@sumarnawijaya7971,"Hati"" juga bagi ojol .Sabtu kemarin sy ditipu SM Ema""minta anterin kepasar Mampang..eh pas sampai ditempat ngga bw duit..dia kasih no suaminya..sy tlp suaminya dia minta no rek sy..suaminya bilang ditunggu ya..smpai saat ini blm ditf udh seminggu..sy driver grab lnteng agung",0,,
UgxVLOVhvCZNUUse29J4AaABAg,0,0,"2025-01-05 07:56:35",@GodelGodel-r9p,"Tangkep....sebar wajah pelaku untuk hati"".. .",0,,
Ugyz35PGqy1dQEivzel4AaABAg,0,0,"2024-12-29 09:22:15",@AndiSuwandi-b1i,"Kenapa sihdah tua Mak masih menipu itu gak halal dan ada pertanggung jawaban nanti .saya saja kerja keras biar dapat s dikit yg penting hasil keringat sendiri gak nipu orang",0,,
UgwDC0axzDG2Mf89NwN4AaABAg,0,0,"2024-12-23 15:44:34",@HariSyaputra-lx9gx,"kasiahn emak emaknya,, klo saya warung di sana kirim aja pake dana saya 1000 atau 2000.. angap aja sedekah..",0,,
UgyNQxP_r663eCtautp4AaABAg,0,0,"2024-12-14 06:29:17",@rendychristian6409,"Okee bagus2.",0,,
UgxxVtj8CWDwJ5wpcpJ4AaABAg,0,0,"2024-12-02 11:02:18",@HIBURAN_NUSANTARAA,"Kasihan itu cari nafkah buat anak istri, tangkap saja laporkan",0,,
UgyAp4p-L_oG5k8tn_t4AaABAg,0,0,"2024-11-29 02:47:05",@nurhayatiyayat9848,"Tangkap aja bang tuman",0,,
UgyN07o91HzDN3ihi8N4AaABAg,0,0,"2024-11-05 07:48:59",@Hilmiatini,"D kira gda cctv y bu. Skrg dh bnyk cctv yg ngumpet..",0,,
Ugwxvy4d1RxnsdqalMd4AaABAg,0,0,"2024-11-02 23:09:30",@samadhit6916,"Inti nya minta duit dulu baru isi saldo nya,dah bnyak modus seperti itu pura2 isi saldo tpi gk punya uang..",0,,
UgxocnQ8V64WJ6QeDpl4AaABAg,0,0,"2024-11-02 22:38:00",@NoviaIca,"pinter bang",0,,
UgyQTbtwNMiONpnqmmt4AaABAg,0,0,"2024-11-02 22:24:46",@Ss80824,"Ada uang = ada barang,,,alias uangnya mesti dminta dulu baru transaksi di proses.",0,,
UgwpodS20KZT4eQYW5J4AaABAg,0,0,"2024-11-02 15:51:15",@lauradewi2203,"Aksi gagal, wajahnya terkenal....😂😂",0,,
UgwjOGIkxoNIUJniudd4AaABAg,0,0,"2024-11-02 15:35:00",@suciptoragil7381,"Gara2 uang nopek malunya dibawa mati",0,,
UgwnGg5-stZOHdH5vVt4AaABAg,0,1,"2024-10-30 07:10:22",@hendri_s,"Cash is king !!....... selama belum ada duit ditangan modus apapun jangan dipercaya",0,,
Ugxj4sJ2wP9IriN5JjF4AaABAg,0,0,"2024-10-28 11:24:00",@NatanielNanlohy-k6m,"Top Up 1T ah tanggung 328T aja deh trs aku kabur yeeee😅😅😅😂😂😂",0,,
UgzNYJP9XuEomHA4a3F4AaABAg,0,0,"2024-10-13 08:40:20",@inpo7666,"malukaken itu berasal dr bhsa mana sih?",0,,
UgxrHHhpXsT3xvKyK3l4AaABAg,0,0,"2024-10-12 13:30:02",@GodelGodel-r9p,"Ini orang komplotan yang selalu melakukan penipuan di seluruh warung"" sekitarnya. Kalau gak bisa tertangkap pelakunya..... kebangeten....",0,,
UgxmbKp8o6FECI8TXZF4AaABAg,0,0,"2024-10-08 01:58:22",@michaeloeloem2181,"Orang madura itu emang pinter sedari dulu, yg bodoh itu yg bilang orang madura gak pinter..",0,,
UgxOk4iY0XPLOPlRLsd4AaABAg,0,0,"2024-10-05 01:16:27",@Uiii514,"Malu nya seluruh Indonesia...Mak siapa kah itu😂😂",0,,
UgzR_Kpk19hxXMVM_2Z4AaABAg,0,0,"2024-10-04 11:23:30",@silvylistya,"Mau kiamat, yg jahil merajalela 🤫🤭",0,,
UgzALZVsajEWDbiRxCB4AaABAg,0,0,"2024-09-28 15:09:04",@suhardiHardi-re9hx,"Hayooo emaknya siapa tuh ngaku ngaku 😁😁😁",0,,
Ugwanz2PUN6nQNyPxSl4AaABAg,0,0,"2024-09-25 12:15:47",@Muisi2100,"Paling mau buat main judol😂",0,,
UgxuVRmx-ExOF1O3ogF4AaABAg,0,0,"2024-09-25 01:01:14",@mastikatika187,Cerdas,0,,
UgyT9-Y5yFpB1ffsQzl4AaABAg,0,0,"2024-09-18 23:35:13",@jawahalmahera,"Makasih infonya sangat bermanfaat",0,,
Ugzl_sNgqct6eKoiXRF4AaABAg,0,0,"2024-09-15 07:24:23",@bear-ppp,"Klo saya jualan minta uang nya dulu baru dikirim saldonya",0,,
UgyMAYX9n05HmVFnr8N4AaABAg,0,0,"2024-09-13 18:00:04",@VarmolenDovanka,"Mampus.. Itu karma. Bnyk orang2 madura yg nipu orang lewat tlp, Itu kbnykan orang2 warung madura. Dari papa minta pulsa, ibu ketabrak lah. Itu rata2 orang madura yg punya warung. Gak ada kerjaan dia kerjain orang. Dari logat nya aja orng madura",0,,
UgyZ7MfWp-vhmCTjaDt4AaABAg,0,0,"2024-09-13 18:00:00",@VarmolenDovanka,"Mampus.. Itu karma. Bnyk orang2 madura yg nipu orang lewat tlp, Itu kbnykan orang2 warung madura. Dari papa minta pulsa, ibu ketabrak lah. Itu rata2 orang madura yg punya warung. Gak ada kerjaan dia kerjain orang. Dari logat nya aja orng madura",0,,
UgzNfDyJ0EUo8t9r1Vx4AaABAg,0,0,"2024-09-11 02:59:48",@verlan2736,"Terima dulu duit y baru d isi..klu orang ngotot mnta d isi dulu jgn mau",0,,
UgxHeNEpnM7I6iPKokp4AaABAg,0,0,"2024-09-10 12:52:29",@grahaltmills472,"Udah tua miskin nipu lagi😂",0,,
UgwfI-LyRffk4LT94A94AaABAg,0,0,"2024-09-10 08:45:26",@ArghaPakpahan,"Semoga mati nya sengsara bagi pelaku² penipu rakyat kecil...... Udah bau tanah masih juga melakukan hal seperti itu.....",0,,
UgzrhBbyXKTvAJ_ww2Z4AaABAg,0,0,"2024-09-06 15:07:31",@rhakaislam2623,"Mantap harus lebih hati2 klo kira2 gak ada yg beres..",0,,
UgxxwH-x6Sd58t-9PoR4AaABAg,0,0,"2024-09-05 05:20:19",@muhammadnadhifibnuwirawan5533,"Udah ngga dapet uangnya, VIRAL lagi satu INDONESIA tahu muka lu.",0,,
Ugw11usmtyGXlh68Vk54AaABAg,0,0,"2024-09-03 16:19:46",@alfathprint96,"dulu di warung ane ada orang katanya mau beli sambil bawa daftar belanja, sambil minta barangnya disiapin, dia minta tambah rokok sebungkus, lalu dibawalah rokok tu & bilang bentar lagi mau ambil duit dulu, rokoknya masi dipegang, mana belum dibayar lagi rokoknya, akhirnya dikejar pula tu orang sama emak ane, suruh kembaliin tu rokok sebungkus😂 & akhirnya memang gak balik lagi ke warung ane😅",0,,
UgxrYHDohOpB6VJCfex4AaABAg,0,0,"2024-09-02 12:06:45",@paddyjun,"Logikanya terima uang dulu, krn warung ga bakal jalan",0,,
Ugx9Py_5R9GAz7sTxbt4AaABAg,0,15,"2024-09-02 05:32:02",@SalesCounterRatnaAsiaDNY,"Izin share juga, toko kami sering mendapatkan orderan by WA, biasanya tsk pilih barang kami yang termahal, kirim bukti transfer editan, lalu buru2 order gocar supaya kita dibuat tergesa-gesa lalu menyerahkan barang ke driver. Untung SOP kami barang boleh dilepas hanya jika div akunting sudah mengkonfirm dana masuk. TOLONG WASPADA",0,,
UgyDLf7GHlNVJgOB3kJ4AaABAg,0,0,"2024-08-31 04:06:23",@mechatronrasky,"topup DANA..... judol kah?",0,,
Ugx809NVQFosmeYcHDl4AaABAg,0,0,"2024-08-30 10:18:58",@Metalmetal7752,"Save nomor nya😂",0,,
Ugz4grp4POX7MtVZUcJ4AaABAg,0,0,"2024-08-29 07:22:30",@ahmadkholilullah2809,sampah,0,,
UgyFh21UK-iPTPSC6Xt4AaABAg,0,1,"2024-08-29 05:37:17",@ahmadparhani3071,"Dari pengalaman jaga warung emak ku, tidak ada pelayanan jika tidak ada pembayaran, mau bagaimanapun warung itu gak bakal kemana mana jadi kemungkinan nipu nya lebih kecil dari pada pembeli yang menipu",0,,
Ugyyo6hz-ZrP9h9uEpx4AaABAg,0,0,"2024-08-29 02:49:06",@JagurYuk,"Mungkin mak2 itu memang lagi butuh.",0,,
UgyfHkagSCmNS86iVB94AaABAg,0,0,"2024-08-29 00:13:40",@btoahdo4458,"Udah tua bukannya tobat malah nipu.",0,,
UgzBoXSVmZ_2nImSsjR4AaABAg,0,0,"2024-08-28 07:56:42",@ZetZit-ll3ss,"Modusnya sama. Gimana kl ketika transaksi abang warung menghubungi siapa saja lewat WA untuk bersiaga meringkus pelaku.ketika pelaku akan melarikan diri maka segera disergap. Dan pelaku ditangkap jgn main hakim sendiri, video ini mungkin sdh diketahui oleh pelaku dan keluarganya.semoga ""ibunipu"" itu sadar",0,,
UgxevGFGRHR-Bm_MQGJ4AaABAg,0,0,"2024-08-26 22:28:47",@Naidre.F,"Yg jadi anaknya malu sih muka emaknya dimana²",0,,
UgzrMZ20ldaKfoITm954AaABAg,0,0,"2024-08-26 17:23:06",@Mama_Najwa,"Pantesan pas mampir kewarung madura tempo hari pakai masker tatapan mata penjaganya tajem bener... rupanya lagi dicurigain emak2 mau modus wkwkwk",0,,
UgzXfYn7sqFUXL-s-Yh4AaABAg,0,0,"2024-08-25 16:16:01",@Paseo_heheboi,"Ingat bro kita hidup di negara dengan mayoritas orang2 seperti ini Pesan moralnya Patuhi aturan dalam bertransaksi Ada uang ada barang 😬 Gak ada uang,tapi minta barang skip 🤐",0,,
UgyyvjbNXvXqqmh1Ll94AaABAg,0,0,"2024-08-25 13:44:57",@sastinda,"Iya sama saya jg gitu. saya duit udah ditangan aja kurang 2.000 saya tungguin sampe dia balik klo udah lunas pas uangnya baru ku isi'in 😂",0,,
UgyCxvRG3BpAPpJG0Jh4AaABAg,0,0,"2024-08-25 09:32:28",@adinugroho057,"saya orang madura jadi saya bangga pada para pejuang rupiah di kota sana. jangan sampai kalian tertipu oleh wanita2 busuk ini😂😂😂",0,,
UgyUwI6d9IEsPzZjB8x4AaABAg,0,0,"2024-08-25 02:37:45",@ente_kadang2_ya158,"klo di mart, mereka nunggu pembeli letak uang dulu sesuai yg diminta.",0,,
UgxhIu306gXNiKGi8gp4AaABAg,0,0,"2024-08-25 01:20:09",@chiwachiwa3505,"SOP yang bener : minta uangnya dulu 🙏🏼 baru transaksi",0,,
UgxZ1kq6ghSMh8QjNbh4AaABAg,0,0,"2024-08-24 10:58:09",@ALURKREATIF,"Cerdas bgd pemilik warung",0,,
UgwchJxnsiCpNn8zP314AaABAg,0,0,"2024-08-23 06:55:57",@Moonton_pligyat,"Gua biasa top up saldo, baru bayar setelah masuk. Btw trik nya boleh juga.",0,,
UgzgXzNBlOQ2S05_Q8Z4AaABAg,0,0,"2024-08-22 10:25:33",@diazpratama3213,"Terimakasih triknya bagus",0,,
UgxNxSxBL2ZTdCyUJ5F4AaABAg,0,0,"2024-08-22 06:03:30",@AwankABLG,"Mantull... Mau nipu ketipu 😂",0,,
Ugxw6QgjOoWSokRJUkp4AaABAg,0,0,"2024-08-21 11:02:02",@RyokoRyuumaru,"Mukanya sdh jelas kyk gitu,, ayo dilapor! 😂",0,,
UgxZ9D2x-oKwiG4oLvd4AaABAg,0,0,"2024-08-19 23:48:35",@wiwik518,"Emaknya sapa ini?",0,,
UgyfG6LB7UR_SM-vKGl4AaABAg,0,0,"2024-08-19 01:33:55",@bijantojanto5453,"Aku pernah ini nyata alami begitu aku topup. dana gak ada lima menit uang yg aku topup dibobol. dan ketika aku. Tanya kekonter pak udah masuk tapi kok merek lain, jadi hati hati tmn bila top up",0,,
UgzKTIciTHe4w6XaxHF4AaABAg,0,0,"2024-08-17 07:06:13",@IbuIya-q3h,"PENIPU DITIPU..😅😅😅😅",0,,
Ugxs0JOI_IY3AIIUioR4AaABAg,0,1,"2024-08-16 06:19:28",@azizfukiyamathesolister1799,"Mana jelas banget lagu mukanya 😂",0,,
Ugy_PCXHC6jOeZVKzoB4AaABAg,0,0,"2024-08-13 12:53:45",@niamellek9647,"salut pinter sekali yg punya toko, mantab sampe rumah ibu itu garuk kepala lakok zonx???",0,,
UgyNKAyukvnjbkzDaAB4AaABAg,0,0,"2024-08-13 11:35:24",@robbykurniawan200,"Dari wajahnya sdh kelihtan wajah iblis wkwkwkkw ya allah semoga banyak toko2 yang melihat ini. Supaya tau ada emak2 iblis ini.",0,,
UgyjsqTnQLfJtOpS8jZ4AaABAg,0,0,"2024-07-30 19:14:28",@mahasantri9948,"Penipu kenak tipu😅😅😅",0,,
UgySylaQddW3aU4cxZV4AaABAg,0,0,"2024-07-27 08:40:13",@sriastuti1761,"cari uang sulit sehingga bnyk orang dgn cara ap pun menipu ,nyopet ,maling ,begal dan berbagai modus .ber hati 2 lah bro ,jgn sampe kejadian itu pd kita .jgn ksh orang kesempatan utk orang jahat mereka bajingan yg tanpa punya prikemanusiaan",0,,
UgzXg_yjkvF2MMxKMex4AaABAg,0,0,"2024-07-16 06:05:36",@ENKI_ANUNNAKI,"*GA JAUH PASTI BUAT DEPO JUDI ONLINE..*",0,,
Ugy8-cBxQ9Nz6TCzL_J4AaABAg,0,0,"2024-07-03 11:53:00",@saiminsaimin5226,"Warung cerdas",0,,
UgxoPO2lxYKkb1qgEyN4AaABAg,0,0,"2024-06-21 07:40:56",@iwankarhadi4765,"Videonya jelas banget.. Ini tinggal gimana polisinya aj. Mo nangkep apa nggk..?",0,,
UgxxzXm-u7Osin5p6Wd4AaABAg,0,0,"2024-05-21 13:51:13",@dwikinoerramadhan7191,"Patut ditiru pemilik warung nih",0,,
Ugz3jJO2P5-N6z6AAlx4AaABAg,0,0,"2024-05-19 14:52:47",@Johansy-z4o,"Nggak tua,nggak muda,nggak laki , nggak perempuan ...nipu aja kerja nya",0,,
UgwSwJ6jTHAlKkschCZ4AaABAg,0,1,"2024-05-17 08:02:25",@ZainalFitri76,"😂😂😂IBU2 di Indon menghiburkn",0,,
UgwtvchS_3ljtqvGg0l4AaABAg,0,0,"2024-05-08 18:58:43",@Muay1993-z1k,"Modus malah di tipu wkwk",0,,
UgzbNpfWH1I6vmzu6hV4AaABAg,0,0,"2024-05-07 15:11:36",@bundakeny8343,Pinter❤❤❤,0,,
UgzIVQDKvQXh0TwOcdd4AaABAg,0,0,"2024-05-06 16:27:45",@DoxaslamSlamTap,"Duh salfok sama abng nya gak pake baju 😊❤ bodynya bgus ..btw moga kita smua terhindar dari kasus kayak gini",0,,
UgwI1YEoAx41c4SPPdV4AaABAg,0,0,"2024-05-05 18:23:40",@gudingneo7710,"Penjaga warungnya kok ga pake baju😄",0,,
UgzNMiR9Yhj-u8aMyKV4AaABAg,0,0,"2024-05-05 12:32:17",@Teguhdermawan483,"Udah jelek maling lagi",0,,
UgzUinnW-LLb6QWjcvt4AaABAg,0,0,"2024-05-02 06:39:16",@davinaaudy8303,"200 REBUK PENTING BUAT SI WARUNG LAH, 😂 DI TIPU BALIK SI EMAK MAKAN TUH SALDO GOHIB 200 REBUK 😂",0,,
UgwuPuXFHk6rW_xD6tl4AaABAg,0,0,"2024-05-01 14:11:10",@teddysh6887,"Semoga segera tobat sebelum mampus...",0,,
Ugwqgho-h8T1eiZ2bfl4AaABAg,0,0,"2024-04-29 22:55:41",@KhairunnisaIslamiyah,"Kalau transaksi dengan uang palsu tetapi yang bersangkutan juga tidak tahu uang tersebut palsu (korban juga) apakah dapat terkena pidana?",0,,
UgyoTPf3WRFc7J7l5uZ4AaABAg,0,0,"2024-04-28 00:41:27",@ekos909,"ngeri nya ini ibu di suruh anaknya duit nya buat main judi online",0,,
Ugzb9_mxx9UfnIeKRil4AaABAg,0,0,"2024-04-26 18:04:05",@MamiSumiyati-vf1qf,"Warga Madura kebanyakan ulet n cerdas dlm perdagangan....👌👌👌",0,,
Ugxkqgkkxsxx0ImoHcR4AaABAg,0,4,"2024-04-25 12:26:18",@SmithyWebermanJaegermanJensen,"Pernah ngalamin yg hampir mirip. Jadi ceritanya pas sore gitu, ada remaja tanggung naik motor singgah di toko gw, bilangnya mau mau top up dana 35k, pas dia mastikan nanya ""udah sampe bg?"" gw jawab ""udah bg, jadinya 38k"" padahal belum gw kirim, terus dia bilang ""tunggu bentar ya bg, dompet saya ketinggalan di warnet"". Terus dia ngacir kagak balik lagi, dikiranya udah berhasil ditipu gw. Untung belum gw kirim",0,,
UgwGczL0Ovh2ybtOKsV4AaABAg,0,0,"2024-04-23 00:40:13",@henifarel3871,"Arboegrebornyte ornyrs rornnoroevoeborhybe pe❤",0,,
Ugw-Kx4ck0apDbbW35F4AaABAg,0,0,"2024-04-17 15:41:34",@Juliana_Susanti,"Penipu.. ketipu ya ini",0,,
UgzVP7jNCIlrfMFyoGV4AaABAg,0,0,"2024-04-17 14:57:48",@bangsatya889,"KeDZOLIMan terus berlanjut bukan karena banyaknya orang jahat tapi karena banyak DIAMnya orang-orang yang BAIK Kasihan .... Pantes negeri ini jadi tidak punya BERKAH Pantesan sulit jadi negara MAJU ternyata masih banyak ODGJ = Orang Dungu Gak Jelas .... Akibat pengaruh dari PPKM = Plonga Plongo Kagak Malu ........ ISLAM ajarkan KeJUJURan KeBENARan KeBAIKan KeADILan KeDAMAIan bukan keCURANGan dan keMUNAFIKan",0,,
Ugx-VIHqdoCodVImo4F4AaABAg,0,0,"2024-04-16 11:17:55",@kopimanis5478,"Maling kelas CERE",0,,
UgxcZKZ3IayQJ1xXRQ14AaABAg,0,0,"2024-04-14 13:35:06",@johngordon5892,"Orang madura di malaysia kelakuan nya yg jahat.. Maling, merampok dan membunuh.. Kami di malaysia kalau nama madura harus hati2",0,,
UgyT6eTPZlI3wVYQaaV4AaABAg,0,0,"2024-04-14 12:28:38",@jasafollowerzz,"Si penjual santai santai aja kok , trus apanya yg perlu diviralin ?? 😂😂😂",0,,
Ugwfmaxjg6aKC-WdK2p4AaABAg,0,0,"2024-04-14 08:07:42",@kamarudinbinhanipah7918,"Di Indo banyak ruang untuk curangi.......... misalnya ini dan juga mengisi bensin. Kalau di Malaysia semuanya dilakukan sendiri makanya tiada ruang untuk di scam. Masukin wang dan tekan tombol berapa yg mahu dibeli misalnya atau beli langsung guna aplikasi di HP masing2😂",0,,
UgxDtaRVtYuyD7WCr1t4AaABAg,1,0,"2024-04-12 12:46:02",@pedakgems,"Lah itu sih orang gak dikenal. Yang gw alami tetangga depan rumah cok, bininya beli kuota ngutang gak dibayar lakinya beli kuota bilangnya mau ambil duit lari kerumahnya ampe sekarang ga dibayar tu laki bini anjay",0,,
UgxDtaRVtYuyD7WCr1t4AaABAg.A27s5g9l6d8A2LJRKz3Pe2,,0,"2024-04-17 18:03:47",@MiftahYasarudin-um9jz,😂😂,1,UgxDtaRVtYuyD7WCr1t4AaABAg,@pedakgems
UgyteWIMv7Q7ndKoTAB4AaABAg,0,0,"2024-04-11 03:25:04",@candrairawan-x1f,"yang isi dompet itu pasti ga jauh2 dari slot online.",0,,
UgzA4uH4yLbq0jZkObt4AaABAg,0,0,"2024-04-10 07:56:21",@yadifitri8506,"Polisi usut tuh gw pengen liat video ibu ini d tangkap😬",0,,
UgzFmuJ7S9OTPRdbDRd4AaABAg,0,0,"2024-04-04 21:26:30",@lukmanch-cb1cr,"pantas saja Indonesia ngk bakal berkah,ngk maju2 ,,,ngk pemerintah,pejabat,president sampai rakyatnya suka makan yg haram2 suka nipu...subahanaAlah...",0,,
UgxuPeqnSwlT9NEbFUR4AaABAg,0,0,"2024-04-04 12:37:22",@bayusegara8971,"jangan di top up dulu, kalau gua minta duit dulu, misal 200 jadi 205 , kalau udah terima uangnya baru exekusi, penipunya juga goblok banget😂😂, gak lihat dan cek masuk apa gak😂😂main kabur aja 😂😂",0,,
UgyfU2e9FAWZR7be8s54AaABAg,0,0,"2024-03-30 23:07:39",@faisolrahman6751,"Cocok jadi pejabat Indonesia itu ibu... wkwkw",0,,
UgzTTeZ6pWfa-67Fxl94AaABAg,0,0,"2024-03-30 23:04:56",@IQpower-w8m,"orang seperti ini harusnya dihukum penjara dan cambuk",0,,
UgxLx74ly91I7W37G3V4AaABAg,0,0,"2024-03-30 03:55:52",@ADiYSBD,"tetangga gua tuh",0,,
Ugw3sllsgzwAMeutRLB4AaABAg,0,0,"2024-03-30 02:58:41",@escanor7938,"Udah tau kan betapa pentingnya pendidikan ? Agar kita tidak bisa di bodoh bodohi",0,,
Ugwi6D8sO7AvDS37Dsx4AaABAg,0,0,"2024-03-27 13:46:45",@SupriAdi-py5hv,"Barusan kemarin ke toko ibukku, modusnya minta tarik dana",0,,
UgzpXxG9FlHfjaYSQkh4AaABAg,0,0,"2024-03-24 05:14:39",@yannikey136,"Ternyata penipuny gampang d tipu😅",0,,
Ugyip00MK4PcbgyBa8N4AaABAg,0,0,"2024-03-18 10:01:14",@kurniawaniwan4381,"Pedagangnya cerdas,.......ngga mudah ketipu. Utk menjadi perhatian pedangan yang lainya....",0,,
UgxWoZ0Tx5XEaqe0fkh4AaABAg,0,0,"2024-03-16 10:38:55",@catattention,"Untung si abang pinter, belom di OKE in transaksinya 😂",0,,
UgwXDC4ItTDo7oEUcM94AaABAg,0,0,"2024-03-16 02:23:36",@epamudjisugiarto1443,"Wajahnya,sangat jelas.",0,,
UgxB4-98sOZfgg4l46B4AaABAg,0,0,"2024-03-09 17:26:27",@lingkarbadai4043,"Muka nya mirip pendukung 02. Muka-muka geratisan😅",0,,
Ugwijw16No5C3DZm-0J4AaABAg,0,0,"2024-03-09 04:25:24",@masnana5075,"Gila , udah tua masih niat nipu orang",0,,
Ugyp-apAIgtcnn1qZu54AaABAg,0,0,"2024-03-08 14:58:58",@raqmurall,"Emaknya siapa tuh?",0,,
UgwHp2wUCPGvLghfSx54AaABAg,0,0,"2024-03-08 14:26:25",@anakjawa4992,"Penipuan dimana2. Pejabat korup dimana2. Semoga Allah bersihkan bangsa ini dr para penipu",0,,
UgxEbJ0QkCJRK2b1k7B4AaABAg,0,0,"2024-03-08 13:08:27",@yanyanhumus8074,"Mas semoga lancar usaha nya.. Dan menjadi kan contoh.. Bagi yg lain...",0,,
UgxptuF7elGgQlFPV8V4AaABAg,0,0,"2024-03-07 08:37:16",@moveinfo1,"Apa susahnya bilang uang nya dulu baru di proses",0,,
UgysV68HVAUdkPXjeB94AaABAg,0,0,"2024-03-07 06:31:19",@muhammadnur4122,"Nah ini baru pedagang pintar, walau pembeli adalah raja.. Ada uang ada barang, gak ada uang proses tertunda/batal",0,,
Ugw8b4xBABMunJDZthF4AaABAg,0,1,"2024-03-06 06:33:01",@RafanzaRafka,"Saya pernah beli di warung madura,, pda hal beli jajan banyak bgt 1 kantong kresek pas bayar gk sampe 20k,, sampe saya tanya ini beneran harga nya segini,, klo di tempat lain mah udah sampe 30k ke atas mungkin,, org madura org nya ramah sekali,, 🙏🙏",0,,
UgyFuApftFccrRvBlAR4AaABAg,0,1,"2024-03-05 19:27:04",@ayrin_12,"warung madura sering banget kena modus penipuan....sabar yang bang semua ada hikmah ya.....",0,,
Ugz1PuPTRsHNyHlMo_h4AaABAg,0,0,"2024-03-05 06:49:57",@Fachrul_lvcx.04.13,"ya ngapain diisi klo ga dikasih duitnya dlu",0,,
UgwiFNCJVdoOUckhXU14AaABAg,0,0,"2024-03-04 20:36:43",@opanime1735,"Gila modus zaman sekarang, makin parah",0,,
UgzJvzDUICm6eHDAlCF4AaABAg,0,0,"2024-03-04 03:54:14",@woles_project9122,"Usut. Tangkap. Perencanaan penipuan.",0,,
Ugyzdok0fF6cXyZft0p4AaABAg,0,0,"2024-03-04 01:22:39",@FajriSitumorang-wl2dk,"Laporkan polisi",0,,
Ugx6Fe6vMJ44__oY9yp4AaABAg,0,0,"2024-03-03 11:14:34",@bangajieh,"Seharusnya di carok saja",0,,
Ugwflln7UwyX__bi9EZ4AaABAg,0,0,"2024-03-03 02:55:26",@hasansadikin9759,"Kriminal itu budaya",0,,
UgzU6dRy_gMIGNHm6YB4AaABAg,0,0,"2024-03-02 19:12:49",@wahyumrt2288,"Setelah muka bininya viral gini nanti mereka tukar posisi, lakinya yg turun bininya nunggu di motor, lanjut nipu kalo belum dihajar masa",0,,
UgyDSMCp_Sq8QK3EhmV4AaABAg,0,0,"2024-03-01 16:43:47",@Tolong-saya_tuhan,"Lain kli Klo ada yg mau top up lg ..minta dulu duitnye",0,,
Ugxq6TJbYDa_NM0P2SR4AaABAg,0,0,"2024-03-01 12:52:07",@sijamMGL,"semoga ga ada warung/konter lain yg kena",0,,
UgwopI4UdXp-RWQCdVx4AaABAg,0,0,"2024-03-01 06:35:55",@s4w4mura,"Pantes warung madura deket rmh ane skrg ada cctv nya",0,,
UgxM9ryMT3wFfRls4rZ4AaABAg,0,0,"2024-03-01 03:36:29",@awansetiyawan8229,Savage😂😂😂,0,,
Ugz760HZCwby1VAEXgx4AaABAg,0,2,"2024-02-28 12:42:09",@muthiamuthiaa7502,"Selamat anda sudah viral tanpa susah payah Bu, dan semoga anda segera mendapat surat cinta dari kepolisian",0,,
UgwShDDTWBpR2TSjHGt4AaABAg,0,0,"2024-02-28 11:34:11",@susianadelila4076,"terima kasih infonya 🙏🙏, dan saya punya usaha serupa jadi harus berhati-hati pada modus tersebut",0,,
Ugz8KjVYGST6UEzkAlp4AaABAg,0,0,"2024-02-26 17:37:04",@VURARIZ,"Dah keliatan mukanya",0,,
UgwlFamtgsjg4qJr7Bt4AaABAg,0,0,"2024-02-24 00:56:51",@elissetiawati9788,"Gara2 warung suka ditipu pembeli tak bertanggung jwb, kami yg bener2 membeli sk dicurigai, diawasi, dijutekin...aq pernah ngalamain , dr situ aq ga pernah beli di warung2 kecil, termasuk minimarket, mknya aa sm suami klo mau jln, sk persiapan dulu sehari sebelumnya ( beli di wrg dket rmh yg mau antarin yg sdh kenal ) 😅😅😅",0,,
UgxiU-Xi1n0QyX0tUvB4AaABAg,0,0,"2024-02-23 22:46:56",@denysetiawan8632,"Duit hasil nipu gk dapet ,justru malu yg didapet,,,😅astagfirullah,,,",0,,
UgwJavZhfSIXQeSEX5R4AaABAg,0,0,"2024-02-23 11:02:57",@silviadewi548,"Penipuuu tertipuuuu....",0,,
UgxU0vq6es2MUxyFchh4AaABAg,0,1,"2024-02-22 22:52:14",@GitaAlviana-f4n,"Penipu balas dgn tipu. Rugi di balas rugi curang di balas curang",0,,
UgwVq_F5BkmXw69mZjt4AaABAg,0,0,"2024-02-22 13:00:19",@dapurofficer7934,"Rakyatnya Mahfud MD gayanya... gimana tuh etiknya...",0,,
UgwsnuY_jhdsR2Gp75N4AaABAg,0,0,"2024-02-22 05:28:19",@sugengmts1317,"Kenalin dah wajahnya😂😂😂😂😂😂",0,,
UgyD-fd3BMDvaOwkctV4AaABAg,0,0,"2024-02-22 02:48:28",@nk_miko8059,"Termasuk cara jitu menghindari yg hutang pls",0,,
Ugw4J1HG9vDlgYhIsK54AaABAg,0,0,"2024-02-21 10:33:41",@olaisti1625,"Ini salah satu contoh, rakyat INA masih buanyaaak yng menjadi penipu spt ini, Thus jangan berharap akan mendptkan pemimpin negeri INA yng jujur dan amanah. Perbuatan atak akhlaq pemimpin adalah cerminan dar8 akhlaq dan perbuatan rakyat di sebuah negeri.",0,,
UgxigvMTsPKmuP5SpMV4AaABAg,0,0,"2024-02-21 10:20:08",@nazimannasir90,"susah betul hidup dia",0,,
UgxVNZL2zg98io7sFKF4AaABAg,0,0,"2024-02-21 09:40:15",@Nanil828,"Pintar & cerdas mau nipu ganti ditipu",0,,
UgxecHgLEj5XF4jyazN4AaABAg,0,0,"2024-02-21 08:57:46",@gadispekerjapendukungIRT4114,"Saya pun pernah kepikiran kalau pas jualan ada modus kayak gini, eh, ternyata emang ada yang ngelakuin, untung, masnya intuisinya bagus",0,,
UgzmktSNP9IE5DMbAw54AaABAg,0,0,"2024-02-21 08:57:46",@gadispekerjapendukungIRT4114,"Saya pun pernah kepikiran kalau pas jualan ada modus kayak gini, eh, ternyata emang ada yang ngelakuin, untung, masnya intuisinya bagus",0,,
UgwPfuZ8sQSHQuWa2l54AaABAg,0,0,"2024-02-20 22:18:37",@Ririf_13.18,"Seperti halnya di bank, kalo mau transfer atau ngisi saldo harus ada uangnya dulu. Kalo tidak ada uang, jangan dilakukan",0,,
Ugxizu_9V52ZxL55mKN4AaABAg,0,0,"2024-02-20 22:13:02",@mukhrotunmukhrotun1076,"Bisa dipidanakan ini bang,",0,,
Ugx4lZ1jpS1tFM3EfB94AaABAg,0,0,"2024-02-20 15:34:38",@augustexart3654,"Muka nya muka orang susah dan miskin 😢",0,,
Ugyv3I6e0DKogCRBshx4AaABAg,0,0,"2024-02-19 14:48:40",@wahyuharyadi8138,"Harus tetep waspada maling dan penipu sudah watak dan tabiat",0,,
UgyDoYU4YPYB1RsHV_Z4AaABAg,0,0,"2024-02-19 07:37:26",@atikatik7140,"FASAR MAK MAK SMG JM SADAR MAK MAKKKKK",0,,
UgyJtmfqjk-nn60eF9p4AaABAg,0,0,"2024-02-18 14:29:11",@chofficial8480,"Gw kira bunda corla",0,,
UgwPWXcBQTBKbs0Icnx4AaABAg,0,0,"2024-02-18 13:04:04",@hendrawidiyanto6957,"Ada yang kenal si pelaku?",0,,
UgyMurFuNCw_RJmerix4AaABAg,0,0,"2024-02-17 15:01:16",@abdullahserka6084,"😂😂😂 cerdaaas, kesiaan itu ema2 zoonk udh girang2 asiik 200'rb buat makan 2'hari😂😂😂",0,,
Ugy6lbZFJ9tOAPe0OTR4AaABAg,0,1,"2024-02-17 06:35:17",@zacnorilsk,"warung madura dilawan 😅 jgn macem2 dah,blm aja diajakin carok lu 😂",0,,
Ugx3bhhG85R81uYp0rt4AaABAg,0,0,"2024-02-16 10:40:46",@yusupsadi5404,"Mantab bang. Sukses ngeprank emak2",0,,
UgyrNCdx18ofKVpz38h4AaABAg,0,0,"2024-02-16 09:16:12",@safinahinah6111,"TANDAI WAJAH NYA",0,,
Ugwdk3G7lAw9x8M7vZ54AaABAg,0,0,"2024-02-15 19:55:43",@eddysupriatna9377,"Udah tua bukan mikir mak, malah Nipu sptnya bosen hdp bebas, untungnya yg ditipu cerdas",0,,
Ugz4uB_bzf3BdxeweBp4AaABAg,0,0,"2024-02-15 16:44:16",@MingMH2,"moga viral itu muka biar malu dan bergegas pindah jauh2 dari habitat sekarang",0,,
UgwySvtiSKiNZ5662bN4AaABAg,0,0,"2024-02-14 19:10:33",@sangpetualangan9604,"Ini orang satu kontrakan dengan saya hp saya aja di maling diaa tapi sekarang udh pindah",0,,
Ugw4jZbBa12Q5gnAMZ94AaABAg,0,0,"2024-02-14 09:26:01",@JUNEDI-ye2qo,Hati2,0,,
Ugzcqqr28UqHneBHFct4AaABAg,0,0,"2024-02-14 07:22:27",@suwarto3548,"Madura yang bermasalah itu fpi sidoarjo itu harusnya dihukum mati",0,,
UgzsNHMdOlCOv5T4Tuh4AaABAg,0,0,"2024-02-14 02:18:12",@yangmulia8926,"modus penipuan melalui telpon suara cewek,,,https://www.youtube.com/watch?v=GFnEJM0Jtyc",0,,
UgxSgVmH3k-GKygkUS94AaABAg,0,0,"2024-02-12 22:51:31",@firyaalcaem2892,"Ya emang harus gitu kita Terima duit dulu baru proses 😂😂😂😂",0,,
UgyG0r07MNVv_LIOf314AaABAg,0,0,"2024-02-09 15:03:29",@Bangbex2000,"Malu amat ama tetangga videonya kesebar😂😂😂 ksian anaknya di sekolah tau ortu nya tukang tepu habis harga diri",0,,
UgwNdzrGeexz9ldOmfF4AaABAg,0,1,"2024-02-09 11:41:49",@retnowidiastuti2427,"Saya mengalaminya sekali, dua kali saya tau triknya mereka dan g mau dibodohi lagi, wkwkwkwkwk, emang enakk😂",0,,
Ugy9xHGGPFAYeoSXGMB4AaABAg,0,1,"2024-02-03 17:10:45",@divaamelevia4557,"sudah jelek,penipu lagi.....",0,,
UgzpgnHv9NM0_BGgYPF4AaABAg,0,0,"2024-02-03 16:19:57",@mukhlismukhlis620,"ITU IBUNYA SIAPA, MUKANYA KAYAK IBLIS, DAJJAL, LENGKAP DEH.",0,,
UgxzeW3MpK9UUjbrhLV4AaABAg,0,0,"2024-02-02 07:34:16",@dodonmaridah-ff6cj,"D'tulis nya emak""d'bacanya ema"" bapak""d'bacanya bapa""...",0,,
UgzEJBd0l_nv9iBn4pJ4AaABAg,0,0,"2024-01-30 09:52:31",@idamudjiprijanto5252,"Mantuuullll.... Tp sadar gak ya si emak"" ninggalkan identitas diri berupa nomor hpnya ke penjual...",0,,
UgwCLYIhSilSVuzN9I94AaABAg,0,0,"2024-01-28 12:58:43",@YoNabung,"Tak titeni😅",0,,
UgwMbFFZQMwg3H-M4Et4AaABAg,0,0,"2024-01-25 01:12:49",@muhammadhuseinhafiz,"di cetak fotonya terus di print sebar di semua warung madura di tempel fotonya",0,,
Ugxe90Vs1Qs9pb5ljWx4AaABAg,0,0,"2024-01-24 02:32:45",@maulanafitry3078,"Paling bagus foto mukanya di cetak yg banyak terus bagiin di setiap warung biar warung tau KLO tampang muka penipu itu.",0,,
UgyOFKuEKnlj--GMru54AaABAg,0,0,"2024-01-20 22:42:35",@ikaipiet8275,"Aku pernah ketipu 100 rbu,,awalnya minta 200 tpi aku bilang ga ada akhire isi 100 dan kabur jadi buat pelajaran skrg kalau isi banyak ga aku isi dulu",0,,
UgzutYuidU5EVqpJjkB4AaABAg,0,0,"2024-01-20 09:53:15",@sidorahadi6965,"Ayo netizen, cari ibu itu... Spy pelaku lain tau kekuatan netizen indonesia",0,,
UgwRarQEdZGeAM7KLzV4AaABAg,0,0,"2024-01-18 09:37:49",@tantizzau5502,"Dmna"" jga hrsnya duit dlu. Baru barang. Bayar dlu. Baru isi Bkn sbaliknya😢😢😢.",0,,
Ugwa67xpy_QEI02cbcN4AaABAg,0,0,"2024-01-16 23:02:32",@khairulazzam555,"Jdi terkenal ini ibu...",0,,
UgwLsodBCIzDQKENKnp4AaABAg,0,0,"2024-01-13 12:16:23",@xvddbbfgbb,"Zonk deh",0,,
Ugww0sD1vnPuQfFH6xd4AaABAg,0,0,"2024-01-09 22:59:07",@CandraIrawan-m4v,"Apakah dipakai buat judi slot ya ? Karena pernah tanyain yang sering isi katanya buat saldo main judi.",0,,
UgwPgRqv9dzp_AnI5gp4AaABAg,0,0,"2024-01-06 15:13:17",@Fnywu,"Share terus video nya. Biar wajahnya dikenal org banyak, biar masyarakat ga kena tipu lagi",0,,
UgyZ5L_eAQFzE12JD_N4AaABAg,0,0,"2024-01-05 12:39:59",@hanifabdullah8745,Parahh,0,,
UgzJ3WIVCn6QFvBBglx4AaABAg,0,0,"2024-01-04 19:19:32",@Chiroyaguysya,"disini jngan pun orang asing, orang yg di kenal aja harus kasih uang dlu, takut ngutang",0,,
UgzLS4hDM8z4D3XgKLt4AaABAg,0,0,"2023-12-31 10:06:23",@captainwarner4493,"Gini guys, kita kl sm orang yg mencurigakan, bawa kaleng spray isi alcohol sm korek smp aneh2, sembur itu alkohol ke korek... samber mukanya biar kebakaran.",0,,
UgytIhGJ9fiLuWuCnJ54AaABAg,0,0,"2023-12-29 23:05:46",@DedeRukmana-e1n,"Ribet amat, no money no transaksi gw mah",0,,
UgzoEmjbUx-DVM7VrXp4AaABAg,0,1,"2023-12-28 22:18:35",@BangTebePB,"Dari muka nya aja sudah di tandai malaikat.",0,,
Ugxgh_DkDtuV5Enas6J4AaABAg,0,0,"2023-12-19 01:26:46",@suryonos.pd.i7217,"Ohhh knapa blm dikirim...modus ygudh ktahuan duluan...brarti dh bnyk yg kyk gini yaa jdnya yaaa terantisipasi.",0,,
UgzxZ0nNnBU1ZPJRPeB4AaABAg,0,0,"2023-12-17 12:40:24",@bachrul_daily,"Pintar sekali bapak ini🎉",0,,
UgyoAyTON4froddEHUp4AaABAg,0,0,"2023-12-15 14:55:15",@jjjjwwjwww,"Wajah pelaku sangat jelas, mari kita tandai dan hati² sllu.",0,,
UgwmiBNBYgIuEhQ-dnR4AaABAg,0,0,"2023-12-14 15:42:18",@nobaryuk3134,"Yap, modus selanjutnya adalah modus salah nomor,.. Padahal pelaku punya dua nomer dana,.... Hati2 buat semua pejuang keluarga,.. Jangan sampai uang hasil jerih payah untuk keluarga malah di makan sama penipu bajingan",0,,
Ugy1Lf9VkFBEtaXumh14AaABAg,0,0,"2023-12-12 12:15:29",@dasril4062,"Kalo mau nipu sasarannya jgn pedagang apalagi pedagang kecil Susah susah cari duit seperak dua perak malah ditipu Kalau mau kau tipulah pemilik sorum yg uda bergelimang harta, artis kalau perlu kau tipu ga bakal peduli gua Jgn nipu rakyat kecil kena sumpah orang kau hidup makin kacau",0,,
UgywBKKmMLdm7xrdKAR4AaABAg,0,0,"2023-12-12 12:13:53",@dasril4062,"Jahat gua benci penipu yang menipu pedagang kecil",0,,
UgwMdf1rQ8pfVfG5trh4AaABAg,0,0,"2023-12-09 02:27:16",@LhendyFhajriyanto-ch3bv,"JagoanKampung Channel : subhanallah bu bu istiqfar inget umur bu ya Allah",0,,
Ugz6J5GznGmGJ7Z7Ck94AaABAg,0,0,"2023-12-07 08:14:49",@sayidali8969,"Ternyata penjualnya lebih pro.. Pdhal belum tekan pin transaksi..wkwkk Sbnernya kalau dia udah keluarkan uang jelas langsung dimasukan pin lalu pencet benar",0,,
UgytGxfMbDvjTPZY6jN4AaABAg,0,0,"2023-12-06 09:24:55",@segitiga-youtube,"PENIPU Kayak Gini Harus nya Di AMUK MASSA 😄😄😄",0,,
Ugx65l-_DUhNfE_NevZ4AaABAg,0,1,"2023-12-02 21:31:33",@Anadsansila,"Sial si emak2..mampuss kauu!!!😂😂😂",0,,
UgwLUzmmSemccl8O3OR4AaABAg,0,0,"2023-12-02 11:44:26",@MochammadShonHadi,Smart👍,0,,
UgxEXa2M7IhD6E8pGAp4AaABAg,0,1,"2023-11-29 04:48:37",@tiarabima6688,"Saya kalo tf dana .. saya berikan uang dahulu sambil tanya ongkosnya? Lha ini modal bacot sama no rek.. Intinya kalo belum ada uang reelnya .. pura2 aja bilang udah masuk. Kalo beneran dibayar gampang tnggal klik sbntar jg masuk. Pedagang tsb memang cerdiik 👍",0,,
UgwjRDBMw35DbG0mJ3N4AaABAg,0,0,"2023-11-29 00:02:40",@derisetiawan4077,"Gak paham gua nipunya dimana",0,,
Ugx7vFJyvWAgaq1Hso14AaABAg,0,0,"2023-11-28 16:57:05",@akbaraulia8271,"Reng madureh pojur situng due tretan",0,,
Ugw73g-k5MejL8JKXot4AaABAg,0,0,"2023-11-28 13:46:35",@asifasifa7452,"BEKAS JABLAY KAGA LAKU SKARANG UDA MAU TIPU2 WAJAHNYA UDA GUA POTO DIA SERING TU TIPU2 KAYA GITU YG PUNYA WARUNG MADURA POTO WAJAHNYA INGETIN MUKANYA JELEK BANGAT BIAR PUN EMAK2 KALO TANGKAP GEBUKIN AJA SAMPE BNYOK. InFONYA DIA BARU KLUAR DARI PENJARA",0,,
UgzgQKbn00SPYmvw_Zh4AaABAg,0,0,"2023-11-28 07:40:37",@cikasri1537,"Penipu yang tertipu 😂",0,,
UgxTmMhWtLeyKk1Qju54AaABAg,0,0,"2023-11-28 06:09:12",@palacioahoy1392,"Emak bapak itu udah girang pasti di jalan hahaha ternyata penipu di tipu😂",0,,
UgyYRUIZV9IOsDaAIxx4AaABAg,0,0,"2023-11-28 00:56:56",@Janeong07,"Khusus untuk pembelian saldo kayak gini, mau di minimarket atau di warung sembako kecil kecilan, usahakan uangnya dulu diterima. Setahun lalu ada kejadian org isi dana shopeepay 2 juta di minimarket dekat rumah saya. Alasannya lupa bawa dompet, alhasil kabur sama suaminya. Untung langsung diteriakin maling dan dibantu tukang jualan dan tukang parkir yg lagi jaga. Emang brengsek sih org org kayak gini",0,,
Ugx4l2x1W1uZfSpKxBd4AaABAg,0,0,"2023-11-27 14:49:56",@Nomad44-s1d,"😂😂😂..pasti smpe rumah di bego2in tu sama suami nya..goblok lu..bukan di cek dlu pas di warung dh masuk apa blom...dan alhirnya mereka bercerai..gara2 kebegoan sang istri/emak2 bermasker",0,,
UgxPiF5-gjqU4IMS53Z4AaABAg,0,0,"2023-11-27 13:08:46",@dandysumatha,"Pinter... Jika sudah dibayar nanti baru di transfer....😂😅",0,,
UgzoxdsRumQst1MHEIt4AaABAg,0,5,"2023-11-27 12:40:04",@misskitty3112,"saya paling tdk nyaman kalau pergi ke warung,penjualnya tdk pakai baju",0,,
UgwWtu9AUNcCYEO-rGB4AaABAg,0,0,"2023-11-27 12:37:48",@idingbiling1146,"Emak emak culas",0,,
UgxrGPcbKmZJmkvsIAN4AaABAg,0,0,"2023-11-27 11:50:04",@dinarhasta,"Emak emak😂.....",0,,
Ugw7zpjmJEnV0mLaqqB4AaABAg,0,0,"2023-11-27 11:32:08",@muhammadirfanhafid1168,"wah ketahuan mukanya tuh ibu... jadi malu kan?",0,,
UgxadrTTaxVfDY9yEuJ4AaABAg,0,0,"2023-11-27 11:19:08",@iswantojoko6192,"Viralkannn Guys.. biar emak ini nginep di sel.. hehe",0,,
UgxnsWBbr8n0epaNqap4AaABAg,0,0,"2023-11-27 11:07:39",@Kriminalogy,"Telusuri no dana y .. pasti ketauan pelaku ya . Tangkap lalu jebloskan k got.",0,,
Ugzvx0wMhzlHiWhyFn14AaABAg,0,0,"2023-11-27 10:15:50",@kiutwibisono8985,"Sian dehhh buk bukkkkk 😂😂😂😂 tangan kosong laripun kencang 😂😂😂😂😂 next minta dulu uang nya baru diisiin pulsa nya",0,,
UgznYqB_ceeMoGznpoh4AaABAg,0,0,"2023-11-27 09:15:57",@ZveaOfficial,"kl saya. sy minta dl uangnya baru berani kirim pulsa/topup ke costumer.",0,,
UgxtUgsqIkP9PpFa6oV4AaABAg,0,0,"2023-11-27 08:40:54",@Oneminutes432,"yg komen pertama pasti emaknya",0,,
UgxLyIaGopMQMrOcDbJ4AaABAg,0,0,"2023-11-27 07:42:18",@fidhaaim5130,"kakakku pernah mengalami kejadian persisi seperti ini dan mengalami kerugian sebesar 700 rb",0,,
Ugzy2uUdvKKd0MkwkGB4AaABAg,0,0,"2023-11-27 07:34:36",@AuraSandra-h6n,"Wajib bayar dulu baru transfer , itu baru betul.😊",0,,
Ugz-l5UbnmPtWHxwyz54AaABAg,0,0,"2023-11-27 07:33:48",@yurniumar8757,"Tandai wajahnya kalau mampir ketoko kita mau isi saldominta uanya lebih dahulu",0,,
UgylPwFrvXxURbsTeoJ4AaABAg,0,1,"2023-11-27 07:27:17",@sitizubaidah7404,"Lom aja Ketangkep tu emak2. Yakin pd Karma 😃😃😃",0,,
Ugxmms8-TYVS8b_Ja5J4AaABAg,0,0,"2023-11-27 07:03:32",@yudistirarosadi9959,"Yg bego aslinya yg emak2 pas di pke tu hp kga bisa emang enak 😅😂",0,,
UgwWxXk2s201c7mRlNl4AaABAg,0,0,"2023-11-27 06:48:44",@dinibandini-xg9gi,"Pernah bgtu dan saya berhasil di tipu 😌",0,,
UgwIiTtY9ktr5jpLTkl4AaABAg,0,0,"2023-11-27 06:44:26",@asepaank3123,"cerdas abangnya",0,,
Ugzi1IGUSTelkw52Q8h4AaABAg,0,0,"2023-11-27 05:10:40",@bocahkalem6243,"Buat mkan..... Kaalau apes Mala di makan",0,,
Ugz6Ge9sJthYfII0pHZ4AaABAg,0,0,"2023-11-27 05:05:17",@dutamidlaner,"Jadi siapa yang menipu ?",0,,
Ugza9cIuGlLaQkVpdNF4AaABAg,0,0,"2023-11-27 03:45:09",@herupurwani769,"Untung cerdas",0,,
UgyjUUAifAMzUUQoBqB4AaABAg,0,4,"2023-11-27 01:19:04",@Mambo1965,"Pasti si emak itu tau.. Dan tidak berani keluar rumah... Dan mencari alasan terbaik agar tidak malu atau terjerat hukum..",0,,
UgyGEUEDUpIBEmaVJMl4AaABAg,0,0,"2023-11-27 00:23:38",@unnamed6636,"Mukanya saja tidak meyakinkan",0,,
UgzQGhnsb7aLoYN3o5h4AaABAg,0,0,"2023-11-26 22:04:56",@andax-oc9po,Hadue,0,,
UgxlyWHDnU4wlFUJ0ZF4AaABAg,0,0,"2023-11-26 10:43:42",@Hariman-iman2019,"Bravo penjaga warung",0,,
UgxEtugmQO0tzPZexed4AaABAg,0,0,"2023-11-26 08:57:25",@Cat-Kreatif,"Insting seorang pedagang yg sangat tajam dan jenius .",0,,
Ugydxxf0GPMY6KLEDel4AaABAg,0,0,"2023-11-26 07:40:43",@pemburupzuri,"aku ngisi di indomart aja uangnya dulu",0,,
UgzeFcd47_9wgJ2LEEh4AaABAg,0,0,"2023-11-26 06:17:51",@trapesium1234,"kira² wanita penipu itu sudah tertangkap belum ya ???? gambar mukanya sangat jelas terekam. aparat yg berwenangnya gimana nih ???",0,,
Ugwpv0Lc0FaRIf8VsYJ4AaABAg,0,0,"2023-11-25 17:40:52",@sabogaainur6235,"Madura dilawan,,, Madura terdepan",0,,
Ugx5u2uek8c_wKQn7ux4AaABAg,0,0,"2023-11-25 06:53:46",@sadely8286,"Viralkan 😅😅",0,,
UgwOTcOnWJwMwezXvGh4AaABAg,0,0,"2023-11-25 06:51:40",@sriyantibarokah1410,😁👍,0,,
UgygMVMJXCbIsY-vKAZ4AaABAg,0,0,"2023-11-25 06:48:17",@nauradwita8466,"Penipu nya kena tipu.. Wkwkwk",0,,
UgxKXP76kjTdD2SRnx14AaABAg,0,0,"2023-11-25 05:38:15",@momandsonneo2808,"Skrg usaha begitu mending minta duitnya dulu, cek palsu enggaknya baru isiin, ga usah pake ga enak",0,,
Ugy_qVnSmTEv4ovMvvt4AaABAg,0,0,"2023-11-25 05:26:58",@Shfujiwara26,"Warung Madura baru tutup menjelang Kiamat itu pun masih buka setengah hari 😂😂😊",0,,
UgxapbfhG92dpNq-B6B4AaABAg,1,16,"2023-11-25 05:22:29",@FatMilyar,"Alhamdulillah bapak warung msh di lindungi sm Allah... tetap harus waspada.",0,,
UgxapbfhG92dpNq-B6B4AaABAg.9xX9qSKAS4g9yPtadOS3Sh,,0,"2023-12-17 06:08:29",@indonesiajuara123,😂,1,UgxapbfhG92dpNq-B6B4AaABAg,@FatMilyar
Ugy5vV400uOHbt1pU554AaABAg,0,0,"2023-11-25 05:13:52",@arvanmedan7653,😂😂😂👍👍👍,0,,
UgyWlJ1aJY2tlWYD5854AaABAg,0,0,"2023-11-24 17:56:09",@rudiiswan2759,"Tukang tipu ditipu 😂",0,,
UgwYnpGY3uuAUFy7zuB4AaABAg,0,0,"2023-11-24 16:56:46",@NinjaZX_OriIndonesia,"Viralkan ... ditunggu update bebek belurnya",0,,
Ugwm4jO7zgZCPc8aJO14AaABAg,0,0,"2023-11-24 13:46:04",@sugiyanto8187,"Polisi kok gak lacak?",0,,
UgwEMznSpBkRuhVczTN4AaABAg,0,0,"2023-11-24 06:10:57",@yumnanayla5450,"Mas nya belajar dari pegalaman",0,,
UgzfG5Xfuhgt0WpV9ul4AaABAg,1,0,"2023-11-23 12:07:19",@Iskandar-w1o,"Diakibatkan sulitnya pekerjaan yg halal d pemimpin yg amburadul..rakyat semakin banyak menempuh jalan penipuan..untung gak seberapa hukumannya berat..itupun banyak sebahagian orang sanggup melukai d merugikan orang lain..marilah SM SM kita memilih pemimpin yg berwibawa bijak d faham artinya Pancasila...jangan dipilih lagi partai yg berbau banteng..pilih yg lain selain banteng..d berasaskan agama islam",0,,
UgzfG5Xfuhgt0WpV9ul4AaABAg.9xSj_oRNpWC9xUdUITzbeZ,,0,"2023-11-24 05:52:29",@achmadbastomi,"Pekerjaan HALAL banyak, cuma kebanyakan pengennya pekerjaan yg hasilnya GEDE dan MUDAH, ya apalagi klo bukan pekerjaan HARAM. Yg butuh KULI angkut banyak di pasar, tapi jarang anak muda yg mau, padahal halal.",1,UgzfG5Xfuhgt0WpV9ul4AaABAg,@Iskandar-w1o
Ugx-JN4g2rq3i_G9eeN4AaABAg,0,0,"2023-11-23 03:32:32",@prionopriono5483,"Buat laporan kepolisi , ditindak lanjuti ato gak , mukanya emak emak sdh dikantor polisi",0,,
UgzMjr50r0OdfIau8iV4AaABAg,0,0,"2023-11-23 03:21:28",@simbolonsimbolon3815,Mntapppppp,0,,
UgwUt96ahWNHvChGIml4AaABAg,0,0,"2023-11-23 01:48:37",@senjuu09,"dulu pulsa pura2 isi pulsa setelah diisi kabur....😅😅😅😅",0,,
UgzAEBmDfJAOA8w5_YN4AaABAg,0,1,"2023-11-22 23:56:12",@azrazanata5153,"Begitulah orang² yg berniat jahat tdk pada lelaki namun perempuan jg sama ada jiwa nya yg buruk, mencuri menipu trik dgn bermacam modus",0,,
UgzzmdPBNEtw7te5rld4AaABAg,0,0,"2023-11-22 23:52:31",@vanillamoon9901,"Terima uangnya dulu baru kirim saldonya",0,,
Ugw59P0VtpqKXUQzts14AaABAg,0,0,"2023-11-22 17:10:16",@PutraKopaska-oh9kn,"Tandai org tua itu. Abg itu sugguh cerdas",0,,
UgzQzGNnVwUGcVVxqnZ4AaABAg,0,0,"2023-11-22 16:34:53",@ulilamri7322,"Mas nya pasti udah keseringan nih",0,,
Ugyg8eTf4cDUqyGkTe14AaABAg,0,0,"2023-11-22 15:22:00",@KandekenLow-jx1bp,"Keren mas👍😂",0,,
UgxxP6TLOPw6cjYFFid4AaABAg,0,0,"2023-11-22 15:20:33",@RizzCandra,"Tinggal polisi mau tangkap ngak dah di bantu scam waja .utung counter pulsa ortu 100rbu aja kabur model begni",0,,
Ugwqfhb4IVbaE-YRm-x4AaABAg,0,0,"2023-11-22 14:33:52",@KICAU_MDR,"Cerdik, tips buat yang lain juga",0,,
UgzBdYrTv24iIt7ZiQB4AaABAg,0,0,"2023-11-22 14:06:49",@kodrinuruddin1965,"Ayo sebar luaskan vidio ini biar tau rasa",0,,
UgxivxC6xgFmYtJS11R4AaABAg,0,0,"2023-11-22 12:38:42",@skalongan,"Mukanya nyebelin banget",0,,
UgxeXhbxLCL69rNxsQ14AaABAg,0,0,"2023-11-22 10:13:01",@supom026,"Kaya kenal Ama tuh warung, kaya warung langganan di Citayam 😬😬",0,,
UgygeC64W498bO6TTA54AaABAg,0,0,"2023-11-22 09:38:51",@capluynoits9761,"Goblog geus kolot oge",0,,
Ugxo_DU6NUcFE6i1NSN4AaABAg,0,0,"2023-11-22 09:19:59",@zulirhamm5998,"Emak2 udah bau kuburan masih niou juga 😂😂😂😂",0,,
Ugxi61vSFOuhFTvrsal4AaABAg,0,0,"2023-11-22 09:10:23",@DoniSutiyandi,"Pp😮9 oo😮 Iin oo oo oo",0,,
UgzFYpQtjWiU1jGq9yx4AaABAg,0,0,"2023-11-22 08:38:05",@wahyuhadi4774,"Viralkan mas, ini penting untuk kita semua khususnya toko/warung2 yg menyediakan jasa isi ulang (pulsa telp, token, bayar rekening, top up emoney) dll. Hati2 dan siapkan buku catatan : Nama pemesan, No. HP, Jumlah uang. Terima dulu uangnya baru layani 1:35",0,,
UgwLZKn_isq_l2-v25t4AaABAg,0,0,"2023-11-22 07:40:32",@Supir008,"Wkwk penipu kena tipu.. Mantap kang warung cerdas lu😂😂",0,,
UgxLAoZiQkvxaVfqdvV4AaABAg,0,0,"2023-11-22 07:21:59",@STBAADMBI,"E.alah emak2 saja kok bisa begitu kelakuannya",0,,
UgwUzoPpMQWHFOmZjoZ4AaABAg,0,0,"2023-11-22 07:06:59",@budiheryanto9298,"SELAMAT BUK ANDA JADI ARTIS WKWKWKKWKWKWKW",0,,
UgyroyX-urCE5JeMALl4AaABAg,0,0,"2023-11-22 06:15:05",@mamanabilashanum2399,"Cerdas penjualx😂",0,,
UgxyR64KjnApY9sT0dp4AaABAg,0,1,"2023-11-22 05:48:37",@abip2069,"Haha suwe..Penipu kena prank, mantab mesti cerdas gtu jd pnjaga warung, patut dicontoh biar gk kena tipu mintain dlu uang nya ya..",0,,
UgwRmPfDmNJXZropAvN4AaABAg,0,1,"2023-11-22 05:30:18",@NicoNgampas-oy7kh,"Penjaga warung antisipasi penipuan, seandainya ibu jujur dan membayar, penjaga warung akan mengulang mentrasfer dana yg benar",0,,
UgywFGGZncYBYZ3gQfh4AaABAg,0,0,"2023-11-22 05:18:25",@dedisiswadi1137,"Tenyata DANA bisa untuk menipu warung. Makanya warung jangan pakai aplikasi DANA atau sejenisnya .",0,,
Ugz7NN0ogBt2380CfrF4AaABAg,0,0,"2023-11-22 05:13:21",@dedisiswadi1137,"Ada iblis betina mau menipu tetapi terbaca",0,,
UgzGaG8BBdDfgHzV3aV4AaABAg,0,0,"2023-11-22 05:00:17",@KDM_JAMBI,"Sepertinya ada kelompok/sindikat yg melatih emak emak ini. Mereka tdk dilatih gk paham, beda dengan tante tante rata rata mereka paham dgn transaksi elektronik.",0,,
UgwmZCxpQSvzDUeD8L54AaABAg,0,0,"2023-11-22 04:56:01",@rudieffendi2906,"emak2 kena prank sama abang nya",0,,
UgwqYxqALpOZ6TYxJyd4AaABAg,0,0,"2023-11-22 04:49:41",@khairuddinsiai4905,"Si abg tetap aja ada ruginya,rugi waktu,rug kalori ABG itu juga ada kluar waktu ngurusin itu emak emak, intinya tetap si ABG ada ruginya😅",0,,
UgzfxwDZ5VlRFe6-HzN4AaABAg,0,2,"2023-11-22 04:31:52",@choco4347,"Pantesan pernah isi shopeepay di Indomaret mbak nya bilang boleh minta uang dulu mbak. Waktu itu emg duit nya udah saya pegang. Makanya dari situ setelah saya kasih nomor nya langsung saya letakkan duit nya di meja kasir. Karna kasir nya jg hitung duit nya dulu baru di selesaikan transaksi nya. Bagus jg sih gtu, jg ga ada yg di rugikan.",0,,
UgxVTBKeJ0K-WiA8-vx4AaABAg,0,0,"2023-11-22 03:51:01",@mohramsi2208,"Mantap....tukang tipux jadi cengengesan... Maux menipu... akhirnya kena jebak Batman Madura..😃😃😃😃😃",0,,
UgxqemvQMF0VNEXFmLl4AaABAg,0,0,"2023-11-22 03:45:41",@ahmadzakkialmubarrok3910,"Wajah udh kelihatan jelas tinggal laporin",0,,
Ugz1igy0p2WUSVCJ_MZ4AaABAg,0,0,"2023-11-22 03:25:04",@TantoSetiwan,"wajah nya kelihatan jelas masa gk ada yg kenal sih..jika itu org adalah ibu kamu atau sodatamu ,teman mu atau tetangga mu ayo kemendong....jgn ragu2 ya ane tunggu 😂",0,,
UgzumeFksMaFYjdLHPd4AaABAg,0,0,"2023-11-22 03:03:32",@MagdalenaKoyong,"Gimana perasaan si emak² itu ya pas cek gak ada dana yg masuk 😅😅😅",0,,
UgxYmJbBuQoFL4nl_Yd4AaABAg,0,0,"2023-11-22 02:37:37",@sitimustaqimah6786,"Yakin duit dana nya buat judi slot",0,,
UgyGCvOpHGw3XiGEvcB4AaABAg,0,1,"2023-11-22 02:32:43",@Hobinontonyt24jam,"Orang madura di lawan, seandainya pun sudah dikirim dan belum bayar lalu emak2 nya lari,, ke ujung dunia pun tk akan berhenti di kejar,, semangat saudaraku 💪💪💪🙏",0,,
Ugwpv7FWwcZC172dz6x4AaABAg,0,0,"2023-11-22 02:25:29",@lakos75890,"Tukang tipu kena Ulty.. Naaaiseeee😂😂",0,,
UgxOJUElfwoMQcNCszN4AaABAg,0,0,"2023-11-22 02:20:41",@dadonchanel,"reng medureh dilawan..salut ..selangkong",0,,
UgxtmcTMwaEYi5Uu3_B4AaABAg,0,0,"2023-11-22 02:16:22",@joehardy494,"Jadi pelajaran klo transaksinya top up atau isi uang, maka pembayaran sebisa mungkin di minta dahulu kemudian di cek keasliannya baru lakukan top up.",0,,
Ugxj2LEq5W0twFiIpWR4AaABAg,0,0,"2023-11-22 01:47:33",@dwisurya4149,"Semoga cepat di tangkap",0,,
UgwNiRosPVRtEZBToyJ4AaABAg,0,0,"2023-11-22 01:36:41",@RIZKI00918,"Cerdas dan mksh",0,,
Ugzf2vCB4qn7Z4NfplN4AaABAg,0,0,"2023-11-22 01:24:50",@gratistertawa5245,"Sy tidak pernah kirim sebelom oranģ membayar.",0,,
UgwQAAV_UCfWDo8r-NJ4AaABAg,1,3,"2023-11-22 00:31:08",@faizwahyutriono,"Kasus ini segera di laporkan ke kantor polisi agar itu sih pelaku kapok",0,,
UgwQAAV_UCfWDo8r-NJ4AaABAg.9xOv6smIroGA7BX7Xi2yHX,,0,"2024-08-16 05:27:59",@yy5717,"Percumaaaa bang",1,UgwQAAV_UCfWDo8r-NJ4AaABAg,@faizwahyutriono
UgzRCsyz9GeLvu9f08p4AaABAg,0,0,"2023-11-22 00:14:14",@NurLaela-oq8km,"Sebelum uang ditangan jangan di klik!!!",0,,
UgxjIePhtbSyro2Kbnt4AaABAg,0,0,"2023-11-22 00:02:18",@kukuhaditya1987,"Wajah sudah terlihat tinggal lapor polisi langsung cepet",0,,
Ugz_45JunqSMphzzoVZ4AaABAg,0,0,"2023-11-21 23:54:37",@haniffudin6701,"Duit dulu baru isi sekarang banyak modus",0,,
UgwlCQ3Da4GOTpEh6RZ4AaABAg,0,0,"2023-11-21 22:13:35",@asmimubarik5785,"Muka penipu",0,,
UgzHArrAhU22gbeO8FN4AaABAg,0,0,"2023-11-21 21:15:14",@risahrisah6398,"Bagus memang hati2 di pinggir jalan bilang saja sudah di kirim sedang proses setelah menyerahkan uang baru boleh di klik (kirim) elektrik sama dg pocer harus kasih uang dulu klo belum menenyerah kan uang biar jangan di klik dulu suruh tunggu sampai bongkok 😴hehehe 😃",0,,
Ugw2-aMOEBProGsjwK14AaABAg,0,0,"2023-11-21 21:12:05",@sodiqsodiq9113,"Madura lebih cerdik dr si emak "" 👍",0,,
UgxVEGVik4J4jt6d6Pl4AaABAg,1,0,"2023-11-21 18:07:43",@pandoratoromakto5882,"Seharusnya jika pemilik warung merasa curiga dengan konsumenya,apalagi sudah pengalaman di tipu.ga ada salahnya langsung to the point, Bu,maaf duitnya dulu.... Jika si ibu it tidak mau memberi baru bisa kita katakan kalau dia mau nipu.... Jelas jelas si ibu it datang minta di isikan dana langsung buka masker,jadi saya rasa si ibu ini ga ada niat mau nipu....",0,,
UgxVEGVik4J4jt6d6Pl4AaABAg.9xOEEdTPmPH9xbpleVIWeA,,0,"2023-11-27 10:13:47",@lestariwidodo1165,"Kalau gak ada niat, ngapain kabur pdhal blum bayar hadeh",1,UgxVEGVik4J4jt6d6Pl4AaABAg,@pandoratoromakto5882
UgxLJQb5UIY2lq1fCDp4AaABAg,0,0,"2023-11-21 18:03:53",@tommydemiandroabraham5742,"Naratornya jangan pake bot, jelek banget ngucapin kata ""emak-emak"",...",0,,
UgxnZGiCtVlcoT7X3nV4AaABAg,0,0,"2023-11-21 17:53:41",@dviosa,"Emak nya siapa itu...!!! Cocok buat CALEG..",0,,
Ugwif6gfDbVxoZCxcUV4AaABAg,0,0,"2023-11-21 17:46:46",@rudetanjink,"👇🏼 *nih anak si emak di bawah gue*",0,,
UgwugW8kdeNZGhfhn6F4AaABAg,0,0,"2023-11-21 17:02:19",@jambangbewok,"Gak bakalan sadar karena memang sudah hobinya",0,,
UgxheNOD6fFWaaJlg2d4AaABAg,0,0,"2023-11-21 16:59:49",@trin6451,"Dan semua itu hanya iklan",0,,
Ugx5NsFl33rzQ1IMRcx4AaABAg,0,0,"2023-11-21 16:19:25",@respatiahmad9942,"Gagal gendam 😂",0,,
UgyG0ovoldOsLGJ9Lzl4AaABAg,0,0,"2023-11-21 16:19:08",@initiald3696,"2 iblis pas di motor pasti udah seneng duluan ""hahaha dapet kita pak"" ehhh setelah puas ketawa liat hape ""lah kok ga ada pak?"" Dan sekarang muka si ibu udah jadi bahan tertawaan netizen se-indonesia🤣🤣🤣 bagus nih buat mentahan meme hahaha",0,,
Ugz9M52Gk6CcYl37m8t4AaABAg,0,0,"2023-11-21 16:13:14",@bocil-kw,"Wkwkwkwk ayo rame yg komen siapa tetangga ny ibu ini kalau ad kenal komen dong",0,,
Ugz9z0yqeV9rd9mqTgF4AaABAg,0,0,"2023-11-21 15:50:18",@irawnnova1402,"Roko aja kadang ada yang mau kabur. Ga mau bayar.. biasakan terima uang dulu.. apapun transakssinya... Misal beli roko sebungkus. Mau di buka . Sambil beli kopi seduh... Suruh bayar dulu.. kalo ga mau. Ya roko nya kita pegang dulu.",0,,
UgxV4FIBERUd4mlzxwl4AaABAg,0,0,"2023-11-21 15:44:20",@ariefjoel2499,Hahaha,0,,
Ugx-VKdo3mLJoF9aToV4AaABAg,0,0,"2023-11-21 15:40:13",@ahmedlag4909,"ada duit ada barang'/jasa ngga ada duit, ya silakan pergi :v",0,,
UgwX83dLNoBzw5dyXIF4AaABAg,0,0,"2023-11-21 15:36:31",@badude3563,"Tapi ya apa ga mikir itu ibu2 nipu cara gitu gampang bgt dilacaknya, nipunya cuma dapet 200rb, tp ancaman penjaranya bisa tahunan",0,,
UgwWdSjOskEDKEOz1nd4AaABAg,9,5,"2023-11-21 15:33:49",@Rochaniyan,"Yg ku suka warung madura, barang lengkap, pelayanan cepat, jarang tutup mendadak, udah capek"" Datang warung tutup, kekurangan cuma 1 wajah sedikit datar.",0,,
UgwWdSjOskEDKEOz1nd4AaABAg.9xNxcXUzMKj9xO-qZJa2NG,,6,"2023-11-21 16:01:57",@yusanbae3081,"Sama tlpnan trus😂😂😂",1,UgwWdSjOskEDKEOz1nd4AaABAg,@Rochaniyan
UgwWdSjOskEDKEOz1nd4AaABAg.9xNxcXUzMKj9xPH0g8SuQI,,7,"2023-11-22 03:51:16",@EndaHatin-yv2zn,"Bener banget,warungx bs buka 24 jam,cuman kurang senyum ramahx 🙏",1,UgwWdSjOskEDKEOz1nd4AaABAg,@Rochaniyan
UgwWdSjOskEDKEOz1nd4AaABAg.9xNxcXUzMKj9xPJasVy00u,,2,"2023-11-22 04:13:49",@azranazran8017,"Njiir wajah datar kek adudu😂😂😂 sebenarnya gua sebagai pekerja keras emang ada dampak semrawut pada wajah buk, apalagi ini konsepnya 24 jam udah berhadapan dg stres akut😂",1,UgwWdSjOskEDKEOz1nd4AaABAg,@Rochaniyan
UgwWdSjOskEDKEOz1nd4AaABAg.9xNxcXUzMKj9xPtBFg6hDi,,7,"2023-11-22 09:33:30",@donbhatara3998,"Kalo terlalu ramah jadi pada berani ngutang...",1,UgwWdSjOskEDKEOz1nd4AaABAg,@Rochaniyan
UgwWdSjOskEDKEOz1nd4AaABAg.9xNxcXUzMKj9xS2FDve4az,,0,"2023-11-23 05:39:54",@yayahdatangtukpergi6430,😂😂😂😊,1,UgwWdSjOskEDKEOz1nd4AaABAg,@Rochaniyan
UgwWdSjOskEDKEOz1nd4AaABAg.9xNxcXUzMKj9xbTV3IrR8V,,4,"2023-11-27 06:50:24",@dinibandini-xg9gi,"Untuk menghindari akrab kemudian berhutang 😁",1,UgwWdSjOskEDKEOz1nd4AaABAg,@Rochaniyan
UgwWdSjOskEDKEOz1nd4AaABAg.9xNxcXUzMKj9xb_7pXNu6B,,1,"2023-11-27 07:48:23",@donbhatara3998,"@dinibandini-xg9gi biasanya tetangga sekitar warung kalo ramah banyak basa-basi lama itu tanda pendekatan diplomasi membuka hutang jangka panjang",1,UgwWdSjOskEDKEOz1nd4AaABAg,@Rochaniyan
UgwWdSjOskEDKEOz1nd4AaABAg.9xNxcXUzMKj9xbil6y4JJS,,0,"2023-11-27 09:12:32",@kenziechckycees2937,"Ajak ngobrol bang , di daerah saya malah mereka yg ajak ngobrol kita, ramah2 , paling seneng mereka klo di tanya perihal daerahnya 😊",1,UgwWdSjOskEDKEOz1nd4AaABAg,@Rochaniyan
UgwWdSjOskEDKEOz1nd4AaABAg.9xNxcXUzMKj9xeb8y065LU,,1,"2023-11-28 12:03:45",@sujitoepra3907,"Wajah datar berarti kayak talenan dong.",1,UgwWdSjOskEDKEOz1nd4AaABAg,@Rochaniyan
UgzvYS1fBhCq1ebSNNR4AaABAg,0,3,"2023-11-21 15:04:38",@fahamifamami51,"Ketawa abangnya..ibunya mula2 ketawa bisa hasil lumayan..kemudian hampa😢😢",0,,
UgzKOxfVENvIM-ElP6Z4AaABAg,0,0,"2023-11-21 14:59:40",@coxstorys8672,Penipuuuu,0,,
UgyiAOtk_sS1T9QoCyx4AaABAg,0,0,"2023-11-21 14:56:13",@RizaWindi,"Penipu tolol mestinya dia nge cek dulu saldonya sendiri sdh masuk blm klau sdh masuk baru lari",0,,
Ugxlq_TlC7AEAheTbdN4AaABAg,2,39,"2023-11-21 14:53:02",@mullasadra1216,"*Abangnya sangat bijak dan cerdas... mantab bang. Ini bisa dijadikan contoh buat pedagang lainnya, jangan dikirim dulu sebelum dibayar*",0,,
Ugxlq_TlC7AEAheTbdN4AaABAg.9xNsxoOeELU9xe5C1Hgi_R,,0,"2023-11-28 07:15:48",@mullasadra1216,"nonymuous sama..",1,Ugxlq_TlC7AEAheTbdN4AaABAg,@mullasadra1216
Ugxlq_TlC7AEAheTbdN4AaABAg.9xNsxoOeELUAAHrnlWTCGZ,,0,"2024-11-01 06:07:00",@Chocolatos8899,"karena pernah ketipu 😅",1,Ugxlq_TlC7AEAheTbdN4AaABAg,@mullasadra1216
UgzvTg81TQJLERqcYxB4AaABAg,0,1,"2023-11-21 14:34:33",@vinumdidpull6699,"Belajar dari pengalaman, kayanya dah pernah ketipu deh, jdi hati2 dan waspadalah....",0,,
UgwNk3vc4vHf3rgUDAx4AaABAg,0,1,"2023-11-21 14:30:19",@BangZen14,"Muka nya jelas banget kelihatan.😎",0,,
UgwqsuDWny_W6NvR_bZ4AaABAg,0,0,"2023-11-21 14:27:01",@alimudin7437,"Biasa nya clurit kluar",0,,
UgxX1DMuNL0jxSknz0p4AaABAg,0,1,"2023-11-21 14:24:34",@muslimgunawan2231,"Buat semua penjaga warung, toko, minimarket harap selalu sedia batu atau kayu balok buat jaga diri kalo ada maling atau org jahat",0,,
Ugwk9-gHnYy8DUX8LuZ4AaABAg,0,0,"2023-11-21 14:21:22",@orizalativa2064,"selamat ya mak ente jadi terkenal sekarang, tinggal menunggu waktu saja muncul identitas ente mak...",0,,
UgzqM3iiYW7QT0wskJN4AaABAg,0,0,"2023-11-21 14:18:06",@sufyanaja9384,"Warung madura itu gak bisa ditipu tai, yg jaga anak muda semua. 24 jam. Soalnay sebelum grand opening itu sudah ditraining dlu",0,,
Ugzxm2jvpAF7GO7-p9d4AaABAg,0,0,"2023-11-21 14:13:45",@perdanachanel2919,"sebelum transaksi di mohon trima uang dulu karena Rawan banjir",0,,
Ugyr-y3DiYZrfL_Jx8d4AaABAg,0,0,"2023-11-21 14:07:26",@bocah_kadal,"Mertua sama tetangga saya juga kena tipu modus bgtu. Mertua saya dagang ada ibu2 pake masker belanja terus bilangnya ""nanti anak saya yang nganter uangnya, saya ngontrak disini"". Udah sebulan lebih kagak dateng2 anaknya, kacau.",0,,
UgwmTOgx7GoEO7a9oIJ4AaABAg,0,0,"2023-11-21 14:02:41",@loki0045,"Keren ada cctv nya",0,,
UgzNMCTFl1WfNOKfiV54AaABAg,0,0,"2023-11-21 14:02:27",@knightshadow5337,"Jangan2 ini yg di video kemaren ngerampas hp bocil padagang bensin eceran",0,,
UgyCg7kBA8XW4Q0U-TR4AaABAg,0,0,"2023-11-21 13:49:50",@wahyuyudi7533,"Jamannya mmg serba susah ...byk pelaku kriminal dg berbagai modus",0,,
UgwPqoOj8HjrAwrzSpR4AaABAg,0,0,"2023-11-21 13:44:35",@Dasirun-sr3cm,"Huuuuu nggak punya duit ngisi saldo payah kerja",0,,
Ugy3E_iO63XS0hz_xV94AaABAg,0,0,"2023-11-21 13:37:40",@gaburchannel1170,"Mmpus mukanya kesebar Rasain Hidup ko nipu",0,,
UgwAosCHBbasufMN6_54AaABAg,0,0,"2023-11-21 13:24:06",@zaynasyadid9120,"Pusat orang ulet itu ada di Madura ketahuilah. Orang cerdas kok di kibulin.",0,,
Ugx027Y-Zmr5BfAHlPd4AaABAg,0,0,"2023-11-21 13:16:41",@senjamenyapa-ku2zt,"SOP Indomaret begini ada uang keliatan dulu baru di klik",0,,
Ugw12dMEwuXzvPPPFyp4AaABAg,0,0,"2023-11-21 13:16:36",@ArisaWright,"Selama bukan cctv jgn dipercaya, apalagi video tiktok . 100% setingan",0,,
UgxD_6ipuVVLUGHLeNB4AaABAg,0,0,"2023-11-21 13:10:37",@yuliaminudin7099,"Polisi ni ... Buru wanita tsb nggak pakai lama...",0,,
Ugw3SGmcQ-JxWONmGTB4AaABAg,0,0,"2023-11-21 13:09:10",@bustoni3585,"Bagi warga yg melihat atau mengatahui emak2 ahli nipu si mohon utk langsng di tangkap dan di bei bokem mentah biar kapok",0,,
UgzO8vPyrt7lsuPN1vd4AaABAg,0,1,"2023-11-21 13:03:02",@robbycarnando4512,"Saling adu pinter😂😂 yg tua bangke kabur d kira duit dah msuk😂😂 dasar dongo...salut gw sm si penjaga ny😅😅i",0,,
UgyGnQs7e4igWns2tAR4AaABAg,0,0,"2023-11-21 12:52:16",@didiqui-k1w,"udahlah tua dah bau tanah masih aja mau nipu",0,,
Ugy2q1cA58v1BV6NzW14AaABAg,0,0,"2023-11-21 12:41:06",@Ridwan-z5z,Zonk,0,,
UgxqXUgZ0N5pT6ad3pV4AaABAg,0,0,"2023-11-21 12:40:19",@denifajriazandi5722,Astaghfirullah,0,,
UgzLhKNA4J4MZ1nhnHV4AaABAg,0,0,"2023-11-21 12:14:12",@Mrp_Chaniago,"Kok sampai hati suaminya jadikan tumbal istrinya 🤦‍♂️",0,,
UgzoFivX1FdWduoc__94AaABAg,0,0,"2023-11-21 12:07:28",@jokoindro8134,Bravooooo❤❤❤❤❤❤,0,,
UgwP75fZdwu_W5zYOvp4AaABAg,0,0,"2023-11-21 12:05:50",@mohamadsholi8336,"Pinter Kon cong",0,,
Ugy6wbC0izEJirpdVNd4AaABAg,2,0,"2023-11-21 11:56:50",@pertahanan12,"Mantap mak mak.klw bisa semua masarakat bisa meniru tingkah mak mak itu untuk niou warung madura sehingga mereka bangkrut😊",0,,
Ugy6wbC0izEJirpdVNd4AaABAg.9xNZnFoGT279xN_QLk_ECx,,0,"2023-11-21 12:02:19",@sawal123-cn8tw,"Ucapan mu adalah Do a untuk mu",1,Ugy6wbC0izEJirpdVNd4AaABAg,@pertahanan12
Ugy6wbC0izEJirpdVNd4AaABAg.9xNZnFoGT279xOqnLuk1Gn,,0,"2023-11-21 23:53:23",@pertahanan12,"@sawal123-cn8tw malah saya berharap suku ini klw bisa pemerintah Kurung alias di tembok sekeliling pulau Madura seperti Zulkarnain menembok kaum yahudi majud.kemudian pulau Madura dan masyarakatnya di hilangkan dari peta dunia dan masyarakatnya di hilangkan dari Indonesia😘😘",1,Ugy6wbC0izEJirpdVNd4AaABAg,@pertahanan12
UgyRa5lJTIo-WFMdopp4AaABAg,0,2,"2023-11-21 11:54:10",@sastrochannel897,"Ayo pak pol",0,,
Ugyqc6JrJjOfwv5rLD14AaABAg,0,1,"2023-11-21 11:50:21",@ryuuzaky8733,"Si ibu buat maen slot bapaknya kali, udah kebanyakan utang nipu deh. Berantas judol...",0,,
UgzBdlkzWiTjMMysAfF4AaABAg,0,0,"2023-11-21 11:50:07",@yusuf_gorenggareng369,"Pak polisiiiiiii",0,,
Ugygs6U4GOOHKgXgVFB4AaABAg,0,0,"2023-11-21 11:44:13",@mimiangraini2590,"Cantik2 ternyata penipu juga😁😁😁",0,,
Ugwnhm52kjx75YZe9th4AaABAg,0,1,"2023-11-21 11:43:39",@punyubotok700,"Wajah penipunya pirall..tapi si penipu tak akan ada rasa malu ya karna sudah propesi,.. untung penjaganya cerdas,mantap.",0,,
UgxUeI9b9X3G1AJaJE54AaABAg,1,0,"2023-11-21 11:43:19",@firah230,"Waktu itu juga ada yg mo bli pulsa 100rb.telkomsel.kebetulan aplikasi telkomselnya di sy lg lemot d buka.dia celingak celinguk.pas tau ada cctv d warung sy,dia pura2 kebelet kencing gitu.pergi ga balik lg ampe sekarang.",0,,
UgxUeI9b9X3G1AJaJE54AaABAg.9xNYFDlWFBg9xN__jp79uD,,0,"2023-11-21 12:03:44",@sawal123-cn8tw,"Harusnya diminta dahulu KTP nya, sebagai jaminan, kalau tidak kenal",1,UgxUeI9b9X3G1AJaJE54AaABAg,@firah230
UgwY7FpeYnMRJcnVFAp4AaABAg,0,0,"2023-11-21 11:26:57",@untulmedi9592,"menurut buku yg kasat mata .. mengatakan ada nya maling karna kita berlombah pintar dan kaya...jawaban nya 1001 macam cara orang pintar mencarimakan ... salam panca sila bukan hanya sekedar simbol negara tapi tata cara hidup yg sesungguh nya..mereka kaum elit ngk maw susa relah mengubur 7 pahlawan yg ingin memurnikan. panca sila",0,,
Ugw7yjziNk2lNEHu9ft4AaABAg,0,1,"2023-11-21 11:25:39",@adityahartoko762,"Oy....emek2 laknat....wajah mu terekam......dicari penjaga warung madura seluruh Indonesia....",0,,
Ugy-kHsoi9ruoeHaf-l4AaABAg,1,3,"2023-11-21 11:21:55",@apaajaboleh6279,"Hati2 jg sm pembeli yg blm byr tp ngaku sdh bayar...biasakn pisahkan uang besar dlm laci kasir..manfaatny besar ketika kita ssg tdk konsen",0,,
Ugy-kHsoi9ruoeHaf-l4AaABAg.9xNVnVZQAGF9xRkhTx5h-n,,0,"2023-11-23 02:57:52",@Langit_Jingga01,"Ia bnr soalnya sy prnh liat ibu2 ngaku udh byr jajanan gado2 pdhl blom byr sma skali sy liat lgs kjadian itu & lbh parahnya udh ga byr minta kembalian pula mentang2 yg jualannya nenek2 bnr2 gemes ngeliatnya untungnya si nenek pinter ga mampu d kibulin & sm pembeli yg lainpun si ibu nya di mrhin di omelin bnr2 gtau malu ga tkt skt perut pgn mkn ga mau byr & ga tkt dosa jg ngerjain nenek2 dia susah payah krj cari nafkah ini seenaknya mau nipu hadeeeeh 🤦‍♀️",1,Ugy-kHsoi9ruoeHaf-l4AaABAg,@apaajaboleh6279
UgyGHsmqFtMLE964uFF4AaABAg,0,1,"2023-11-21 11:20:54",@inenpesonajabar2770,"silahkan para pedagang di pajang fotonya",0,,
UgwYT6GfjqyMVjer-CZ4AaABAg,0,1,"2023-11-21 11:19:08",@TikaFerninda,"seharusnya uang duluan.kan nanti ada riwayat transaksi pengiriman nya.kalau begini mudah tertipu kalau uang nelakangan",0,,
UgyNx-ML3KqXWeoCFUh4AaABAg,0,1,"2023-11-21 11:15:18",@nyx_arcana,"Saya pernah sudah diisi kebetulan uang saya ketinggalan ya saya tinggal aja hp sebagai jaminan wkwkwk. Orang kalo mau nipu tuh gelagatnya kelihatan kalo gw ya santai aja karena emang bener ketinggalan 😅",0,,
UgwnUIFmc16uFkzkHOV4AaABAg,0,1,"2023-11-21 11:14:56",@ryanariyansyah1026,"Selamat wajah mu dikenal banyak orang.. Cap penipu saldo dana 😝😝😝😄😄",0,,
UgwJzj6R_b8aJuGyaMp4AaABAg,0,1,"2023-11-21 11:10:46",@generasii90,"Oiiii.. emakk siapa nih oii,tolong diamankan emaknya,dr pda diamankan warga,,",0,,
Ugx7kpnQy_EC_-qyDN54AaABAg,0,0,"2023-11-21 11:05:00",@budididdan7857,"mantapppp mak .. sekarang udh terkenal, anak-anak dan keluarga besar pasti ngerasa bangga 😂😂😂",0,,
Ugwm7SVpsPXG59pIQQ14AaABAg,1,0,"2023-11-21 10:59:07",@mufidmosh8575,"kayak tetangga gua tu",0,,
Ugwm7SVpsPXG59pIQQ14AaABAg.9xNTBXNjZ1q9xN_pj3_FAH,,0,"2023-11-21 12:05:55",@sawal123-cn8tw,Serius..?,1,Ugwm7SVpsPXG59pIQQ14AaABAg,@mufidmosh8575
UgyEJHGTDZkHqurp8ph4AaABAg,0,0,"2023-11-21 10:58:54",@verryverry2102,"Piiinntaaarrr cak.",0,,
Ugz3SgQUUmkHlDjGYuB4AaABAg,0,0,"2023-11-21 10:58:10",@hasanbasri1058,"Wkwkwkk gagalllllll gagal nyong",0,,
UgxFAQTsjD3z_o52K5d4AaABAg,0,4,"2023-11-21 10:57:56",@5xsehari,"Netizen :"" wah cerdik sekali penjualnnya"" Penjual :"" gundul mu aku dah 10x kna tipu kaya gitu """,0,,
UgyXjTO_wcOD9405WGh4AaABAg,0,1,"2023-11-21 10:52:36",@ReinGame,"Gak mikir ya yang dia tipu itu duit orang mungkin dia mikir yang ditipu orang kaya banyak uang padahal untung ngisi saldo gak seberapa mungkin dikira isi 200 rb cuma bayar 50 rb mungkin. Jelas banget lagi mukanya di cctv.",0,,
UgxwxRPX5VPvT2YHXLt4AaABAg,0,1,"2023-11-21 10:51:09",@jokojoyo-x8e,"😅😊emak emak itu nama nya bu hong 😅😊",0,,
UgzAOlZK_xNY39yFaAN4AaABAg,0,1,"2023-11-21 10:42:20",@survival_city,"Pintar mas. Itu emak tadi dimana2 pasti gitu kerjaannya.",0,,
UgykwpXi4ZDzrhwgxKR4AaABAg,0,1,"2023-11-21 10:40:39",@rudychocot,"Mukanya udh keliatan sih muka2 kriminal",0,,
UgyaAPbK2nNQXSwc3TV4AaABAg,21,146,"2023-11-21 10:40:15",@alfinrd261,"Saya sebagai orang Madura bangga melihat kecerdasan saudara saya😊",0,,
UgyaAPbK2nNQXSwc3TV4AaABAg.9xNR1IiF-Hn9xNS-qPwKJn,,4,"2023-11-21 10:48:47",@sunardwigdjowahono6912,"Otek Oreng Madure penter jugen. Tak bhudhuh. Manabi tak menduduki jabatan Keng polanah Reng Madureh Gik bhuruh asakolah. Dimen monduk",1,UgyaAPbK2nNQXSwc3TV4AaABAg,@alfinrd261
UgyaAPbK2nNQXSwc3TV4AaABAg.9xNR1IiF-Hn9xNbXapygV9,,1,"2023-11-21 12:20:47",@gatotwidodo6935,"emg betul rata pinter ngitung meskipun tdk bersekolah tinggi",1,UgyaAPbK2nNQXSwc3TV4AaABAg,@alfinrd261
UgyaAPbK2nNQXSwc3TV4AaABAg.9xNR1IiF-Hn9xO9LTqUk7j,,0,"2023-11-21 17:24:57",@Bandi_99qiu22,"Lok nyangkah 😀😀😀",1,UgyaAPbK2nNQXSwc3TV4AaABAg,@alfinrd261
UgyaAPbK2nNQXSwc3TV4AaABAg.9xNR1IiF-Hn9xP0sH_1jgH,,1,"2023-11-22 01:30:10",@RYANRYANRCO,"​nonymuousduhhhh,,,,parahh nih,,,parahhh nih orang,,,,😂😂😂😂",1,UgyaAPbK2nNQXSwc3TV4AaABAg,@alfinrd261
UgyaAPbK2nNQXSwc3TV4AaABAg.9xNR1IiF-Hn9xP67fysWxL,,2,"2023-11-22 02:16:06",@CaktoTo-fi9ue,Bego,1,UgyaAPbK2nNQXSwc3TV4AaABAg,@alfinrd261
UgyaAPbK2nNQXSwc3TV4AaABAg.9xNR1IiF-Hn9xPA9FvR4Wx,,1,"2023-11-22 02:51:16",@RYANRYANRCO,"nonymuous kagak ngerti apa2 pegang HP,,,ya gini ini jadinya,,,🤣🤣🤣",1,UgyaAPbK2nNQXSwc3TV4AaABAg,@alfinrd261
UgyaAPbK2nNQXSwc3TV4AaABAg.9xNR1IiF-Hn9xPJHVJoulL,,0,"2023-11-22 04:11:02",@azranazran8017,"​nonymuous gagal nyimak lu om😂😂 minum air dulu gih terus nonton ulang 😅",1,UgyaAPbK2nNQXSwc3TV4AaABAg,@alfinrd261
UgyaAPbK2nNQXSwc3TV4AaABAg.9xNR1IiF-Hn9xPg-jsfryk,,0,"2023-11-22 07:38:20",@Supir008,😂😂,1,UgyaAPbK2nNQXSwc3TV4AaABAg,@alfinrd261
UgyaAPbK2nNQXSwc3TV4AaABAg.9xNR1IiF-Hn9xPq7pATnFl,,0,"2023-11-22 09:06:49",@gatotwidodo6935,"dia itu hanya baca caption gk dengerin cerita di vidio.. wkwkwk kekel jadinya",1,UgyaAPbK2nNQXSwc3TV4AaABAg,@alfinrd261
UgyaAPbK2nNQXSwc3TV4AaABAg.9xNR1IiF-Hn9xX7edl7wy0,,2,"2023-11-25 05:03:24",@kinoygokil,"Bukan cerdas sih,mungkin dia belajar dari pengalaman pernah ketipu...heee",1,UgyaAPbK2nNQXSwc3TV4AaABAg,@alfinrd261
UgyaAPbK2nNQXSwc3TV4AaABAg.9xNR1IiF-Hn9xZrl_sj89n,,0,"2023-11-26 06:33:31",@tonywawan4859,"Harusnya sih kalo ada pelanggan top up mintain uang top upnya dulu baru dikirim ke no pelanggan, kalo saya sih gitu",1,UgyaAPbK2nNQXSwc3TV4AaABAg,@alfinrd261
UgyaAPbK2nNQXSwc3TV4AaABAg.9xNR1IiF-Hn9xa8t8sO0vq,,1,"2023-11-26 18:31:05",@Yuna-og2xe,"​nonymuousminum baigon dulu bro biar nambah cerdas",1,UgyaAPbK2nNQXSwc3TV4AaABAg,@alfinrd261
UgyaAPbK2nNQXSwc3TV4AaABAg.9xNR1IiF-Hn9xbn920cgLq,,0,"2023-11-27 09:50:53",@iswahyudiiswahyudi9023,"​nonymuousaduh... makanya simak donk jgn asal koment, apa gk malu km",1,UgyaAPbK2nNQXSwc3TV4AaABAg,@alfinrd261
UgyaAPbK2nNQXSwc3TV4AaABAg.9xNR1IiF-Hn9xbraRIiH4X,,1,"2023-11-27 10:29:43",@fenygumelar8246,"Parah iku cak...wajib iso ditangkep...",1,UgyaAPbK2nNQXSwc3TV4AaABAg,@alfinrd261
UgyaAPbK2nNQXSwc3TV4AaABAg.9xNR1IiF-Hn9xclDsfwBrR,,0,"2023-11-27 18:53:19",@cakkasmidi7768,"​@sunardwigdjowahono6912bo aboo gak kempes kempes..😂",1,UgyaAPbK2nNQXSwc3TV4AaABAg,@alfinrd261
UgyaAPbK2nNQXSwc3TV4AaABAg.9xNR1IiF-Hn9xdA_ti9wU2,,0,"2023-11-27 22:43:39",@fadillahachmad7705,"​@sunardwigdjowahono6912Ngomong ape lu ..",1,UgyaAPbK2nNQXSwc3TV4AaABAg,@alfinrd261
UgyaAPbK2nNQXSwc3TV4AaABAg.9xNR1IiF-Hn9xdAiiDCMSv,,1,"2023-11-27 22:44:51",@fadillahachmad7705,"Cerdas positif gpp . Jgn cerdas buat ngambil tanah orang lu ... Cerdas buat bertengkar",1,UgyaAPbK2nNQXSwc3TV4AaABAg,@alfinrd261
UgyaAPbK2nNQXSwc3TV4AaABAg.9xNR1IiF-Hn9xf7mwcXQPw,,0,"2023-11-28 16:57:42",@akbaraulia8271,"Hadir duro makasen",1,UgyaAPbK2nNQXSwc3TV4AaABAg,@alfinrd261
UgyaAPbK2nNQXSwc3TV4AaABAg.9xNR1IiF-Hn9y3ifWLdPan,,0,"2023-12-08 15:29:45",@mohamaddwisaputra1611,"Ngakan Geluh Tretan... 😅",1,UgyaAPbK2nNQXSwc3TV4AaABAg,@alfinrd261
UgyaAPbK2nNQXSwc3TV4AaABAg.9xNR1IiF-HnA2Ezh0Gs0sV,,0,"2024-04-15 07:07:07",@Paul-x8h4r,"​@RYANRYANRCO, Bakalan jadi korban nih si nony ......wkwkwk",1,UgyaAPbK2nNQXSwc3TV4AaABAg,@alfinrd261
UgyaAPbK2nNQXSwc3TV4AaABAg.9xNR1IiF-HnA8HuadiXRtY,,0,"2024-09-12 13:28:39",@ShortFusion1st,"nonymuous makanya di tonton isi videonya dan dengerin narasinya , biar paham . percuma kau punya smartphone kalo yang megangnya ga smart .",1,UgyaAPbK2nNQXSwc3TV4AaABAg,@alfinrd261
UgxnS5Vt6WkYcdE9CXh4AaABAg,0,0,"2023-11-21 10:28:42",@omhugo,"habis ini, laki nya beraksi??? kita tunggu in ya modus penipuan nya 😊",0,,
UgwoZiGSaHjN2qPf-9V4AaABAg,0,0,"2023-11-21 10:26:36",@danewuming3632,"Emaknya siapa tuh? Coba angkat tangan",0,,
UgyZ-NAVGCbsxHu7Bgd4AaABAg,0,0,"2023-11-21 10:24:26",@sisitv1571,"😂😂😂😂 lebih cerdik dr israel",0,,
UgzzmGLiB9q7XfUPo714AaABAg,0,0,"2023-11-21 10:23:48",@juvefarm224,"Hahaha emak penipu nya selain gaptek juga TOLOL KUADRAT... Salut mas penjualnya",0,,
UgwN2JTYurKnDZWFL5N4AaABAg,0,0,"2023-11-21 10:19:18",@sainudinsuaeni987,"Masnya kakoii😍😍",0,,
Ugz2U08uZW8AY7ERKJl4AaABAg,0,0,"2023-11-21 10:06:28",@abdullahdullah9772,"Disangkanya udh masuk kali😊",0,,
Ugz_PnbHtkRV2tNKHxF4AaABAg,0,0,"2023-11-21 09:58:36",@medyayusyus3479,"smga warung madura bisa lebih mengertii..d jawa skrng bermculan wrung madura sdh ada toko klontong d depanny amsih jualan ug sma ..rjeki memang ada yg atur..tp kalian sbgai pndtang hrs punya toleransi bukan se enaknya sndri..ksian ttanggaku.",0,,
UgztLTnvJzApX8bULER4AaABAg,0,0,"2023-11-21 09:57:37",@aaninta1420,"tukang tipu kena tipu lucu banget.",0,,
Ugzu2SWYSf2Blpv2BnF4AaABAg,0,0,"2023-11-21 09:43:01",@komaruzaman1522,"Emaknya siapa itu 😂😂😂",0,,
UgzXUc39o76rnJek3TV4AaABAg,0,0,"2023-11-21 09:25:32",@annajoss7813,"pkai masker pnmpilan rapet pet bdn ny d bungkus wis gk klhtn wjh ny mau br buat gk baik pasti sulit tr tedeksi",0,,
Ugwfxj6usTen1rp2om94AaABAg,0,0,"2023-11-21 09:24:17",@AgusTin-tx6ju,"Iya..spertinya di dunia ini sdh semakin byk celah utk tipu menipu..",0,,
UgyZKC-83C5zkwCCwKF4AaABAg,0,0,"2023-11-21 09:18:48",@dtzeeor8558,"Uang nya dl br transaksi",0,,
Ugzo9n_zgNnwIDNwclx4AaABAg,0,0,"2023-11-21 09:16:26",@Elite1Show,"Terima cash baru selesaikan transaksi",0,,
UgxYFGWUo0LMVJ5La_54AaABAg,0,0,"2023-11-21 09:14:21",@ngadiyodiyo7201,"Gas poll..kabur...bawa danayaa..gaibnyaaa",0,,
UgzQzsqr95A-H4fgyzZ4AaABAg,0,0,"2023-11-21 09:10:33",@muhammadnico9162,"Pinter jg penjaga warungnya ...",0,,
UgxdifwobuO3pWbqgxV4AaABAg,0,0,"2023-11-21 09:04:58",@sawals.t.9412,👍,0,,
UgxJT5YbhoLoZhzx3w94AaABAg,0,0,"2023-11-21 09:02:03",@samsuudin7644,"Hadeh bu2 kelakuan loe",0,,
UgztBNsutVOS8N0O_Nt4AaABAg,0,0,"2023-11-21 09:01:51",@stepanuspilipus7144,"Gak sesuai judul video bilang bernasker nyata2 muka emak2 itu gk bermasker, pelecehan terhadap yg bermasker",0,,
UgzMAATy9KNO0WNG52N4AaABAg,0,0,"2023-11-21 09:01:44",@yoritamaturangga4444,"Bagusnya sih mintain setoran cash dulu...baru layani seperti di bank",0,,
Ugy7TUyFDgQPeN4syu54AaABAg,0,0,"2023-11-21 08:53:07",@membermichat7532,"Ketangkap langsung DIHABISI aja Lagipula dipenjara manfaatnya apa coba",0,,
UgwfP9OiVZrTf1tJwI54AaABAg,0,0,"2023-11-21 08:52:43",@ahnad3113,"Cara tipu tipu org indonesia",0,,
Ugw7_HK9jAfP6KRWnMZ4AaABAg,0,0,"2023-11-21 08:52:22",@langitinspirasi1,"Hrusnya gtu d indomaret sama Alfa jg minta duitnya dlu. Mau pulsa atw topup",0,,
UgydVD9jfRHnxiqHg8B4AaABAg,0,0,"2023-11-21 08:46:19",@deniarwong8915,😂,0,,
UgzWLq9DMsW4H-AuDfN4AaABAg,0,0,"2023-11-21 08:38:50",@kanalsenisederhana,"Udah gagal wajahnya viral 😂😂😂",0,,
Ugzz-lVLunUzjh_Ee8F4AaABAg,0,0,"2023-11-21 08:34:21",@dilabaru1155,"Sdh tua ,,,ingat mati hidup jgn nipu trs",0,,
UgzH0R_-1b2Bk1M42sh4AaABAg,0,0,"2023-11-21 08:33:04",@setyaalfitrah8659,"Saya kalo isi dana di indomart sekalian belanja.. Kasihan abangnya, untung belom di isi. Bisa buat pelajaran para toko klontong lain.",0,,
UgzA-9SINxwdkZyg5b94AaABAg,0,0,"2023-11-21 08:32:50",@LuckyWidianto,"Ooohh pantesan aku kalo beli rokok diwarung madura ,kalo blm dikasih duitnya rokok juga blm diambilin ternyata banyak modus penipuan begini",0,,
Ugy_x1OxSDflFx7KG0x4AaABAg,0,0,"2023-11-21 08:30:44",@affandilatief893,"Hahhaa penipu kena tipu 😂",0,,
Ugw14vGd3xe91chKKmJ4AaABAg,0,0,"2023-11-21 08:27:15",@ZainalAbidin-lw7sq,"Raut wajah sudah terekam tinggal cari dan tangkap pak polisi..",0,,
UgwFZ7-j3fODt1XJ2Ul4AaABAg,0,0,"2023-11-21 08:23:13",@singkongbasi8971,"Sebenarnya yg begini sangat gampang, minta dulu duitnya baru transaksi. Bilang aja ""aturan dikios ini bgt, krn sering ditinggal lari, klo kios nipu, saya tdk bisa bawa kios lari"".",0,,
UgyGjmV5aEOKnpNkhiB4AaABAg,2,0,"2023-11-21 08:17:28",@Cleeon,"Ada keanehan jelas disini. Emak itu, yang melakukan aksi, sepertinya juga orang suruhan, bahkan minim pengetahuan tentang tekniknya. Terbukti sangat konyol, dia mudah ditipu balik dengan ""sudah ditransfer"" Padahal tinggal check sebentar di smartphone, sudah ketahuan belum dikirim.",0,,
UgyGjmV5aEOKnpNkhiB4AaABAg.9xNAgVKImgi9xNX_0YQoJl,,2,"2023-11-21 11:37:25",@trenunik7113,"Hallo bg",1,UgyGjmV5aEOKnpNkhiB4AaABAg,@Cleeon
UgyGjmV5aEOKnpNkhiB4AaABAg.9xNAgVKImgiA-sdLg-9cvj,,0,"2024-02-16 12:26:30",@Cleeon,"@trenunik7113 ya hallo, waah maaf, lama sekali balasannya ya",1,UgyGjmV5aEOKnpNkhiB4AaABAg,@Cleeon
UgyD4ri8LQFWM7ksYNV4AaABAg,29,545,"2023-11-21 08:14:31",@Citycam89,"Sekedar peringatan saja jika punya jasa seperti ini wajib mempunyai sop sendiri : 1. Sediakan buku, minta customer sendiri catat nomernya. 2. Terima duit dulu. 3. Lakukan transaksi. Insya allah aman, segala bentuk kerugian.",0,,
UgyD4ri8LQFWM7ksYNV4AaABAg.9xNALwZZUm39xNNegHdE8w,,12,"2023-11-21 10:10:49",@abdullahdullah9772,"Itu dia gk rugi😂",1,UgyD4ri8LQFWM7ksYNV4AaABAg,@Citycam89
UgyD4ri8LQFWM7ksYNV4AaABAg.9xNALwZZUm39xNe8KMrbvJ,,11,"2023-11-21 12:43:32",@Chan-i2n,"Harusnya sih gitu",1,UgyD4ri8LQFWM7ksYNV4AaABAg,@Citycam89
UgyD4ri8LQFWM7ksYNV4AaABAg.9xNALwZZUm39xNpuh87QCD,,20,"2023-11-21 14:26:24",@Citycam89,"@laggybrain221 Setuju..! Beli mesinnya mulai yg termurah 100rbuan sudah ada, udah bisa dettect.",1,UgyD4ri8LQFWM7ksYNV4AaABAg,@Citycam89
UgyD4ri8LQFWM7ksYNV4AaABAg.9xNALwZZUm39xNzhY5Uwpc,,7,"2023-11-21 15:51:59",@nikriyanto526,"Saya jg kalau mau ngisi dana gitu kodenya ga, dimasukin semua bilang aja udah masuk, ke pembeli,, padahal belum 😂,, ya jaga jaga aja 👍😂😂",1,UgyD4ri8LQFWM7ksYNV4AaABAg,@Citycam89
UgyD4ri8LQFWM7ksYNV4AaABAg.9xNALwZZUm39xP02CBywwA,,10,"2023-11-22 01:22:55",@h_1heriyanto,"Kebanyakan orang Madura ITU PELITNYA PARAH KLO MISAL KENA KIBUL W MAH BODOAMATAN",1,UgyD4ri8LQFWM7ksYNV4AaABAg,@Citycam89
UgyD4ri8LQFWM7ksYNV4AaABAg.9xNALwZZUm39xP0ffTGkRa,,0,"2023-11-22 01:28:27",@RYANRYANRCO,"​@h_1heriyanto sok tau lu,,,",1,UgyD4ri8LQFWM7ksYNV4AaABAg,@Citycam89
UgyD4ri8LQFWM7ksYNV4AaABAg.9xNALwZZUm39xP1OqI-31h,,1,"2023-11-22 01:34:45",@h_1heriyanto,"@RYANRYANRCO he tong emng kebanyakan begitu minta mau di tagih belaga BUDEK",1,UgyD4ri8LQFWM7ksYNV4AaABAg,@Citycam89
UgyD4ri8LQFWM7ksYNV4AaABAg.9xNALwZZUm39xPEL03zaIq,,0,"2023-11-22 03:27:49",@solehafamily,"Kadang suka nge chat lewat wa,minta di TF dulu,besok baru bayar,gmna tuh bang?",1,UgyD4ri8LQFWM7ksYNV4AaABAg,@Citycam89
UgyD4ri8LQFWM7ksYNV4AaABAg.9xNALwZZUm39xPIKbRRnF-,,0,"2023-11-22 04:02:43",@arfmuhammad5833,"​@solehafamilyjgn dikirim bilang aja saldonya abis",1,UgyD4ri8LQFWM7ksYNV4AaABAg,@Citycam89
UgyD4ri8LQFWM7ksYNV4AaABAg.9xNALwZZUm39xPvyIGqHDZ,,0,"2023-11-22 09:57:48",@MuhammadIslah-i9r,"​@abdullahdullah9772itu cuman masukan kakk",1,UgyD4ri8LQFWM7ksYNV4AaABAg,@Citycam89
UgyD4ri8LQFWM7ksYNV4AaABAg.9xNALwZZUm39xUm490COP6,,0,"2023-11-24 07:07:34",@hardymaulana7100,"@solehafamily jangan di kasih bang , di alfamart juga kagak bisa gitu aja alesannya hehehe",1,UgyD4ri8LQFWM7ksYNV4AaABAg,@Citycam89
UgyD4ri8LQFWM7ksYNV4AaABAg.9xNALwZZUm39xUtKXjtJ4w,,0,"2023-11-24 08:10:58",@adefitra84,"@solehafamily tinggal edit saja bukti transfer trus kirim 😁🙏",1,UgyD4ri8LQFWM7ksYNV4AaABAg,@Citycam89
UgyD4ri8LQFWM7ksYNV4AaABAg.9xNALwZZUm39xc7_D8ObEP,,0,"2023-11-27 12:58:06",@ekawati1509,"@nikriyanto526 😂😂😂iya setuju kunci aman...buat jaga2",1,UgyD4ri8LQFWM7ksYNV4AaABAg,@Citycam89
UgyD4ri8LQFWM7ksYNV4AaABAg.9xNALwZZUm39xc8LQ5dqZ1,,0,"2023-11-27 13:04:49",@nikriyanto526,"@ekawati1509 siiipppp 👍",1,UgyD4ri8LQFWM7ksYNV4AaABAg,@Citycam89
UgyD4ri8LQFWM7ksYNV4AaABAg.9xNALwZZUm39y1JIW8jF0k,,2,"2023-12-07 17:00:48",@PrankboyGirlband,"Betul tanya uang biar saya hitung dulu",1,UgyD4ri8LQFWM7ksYNV4AaABAg,@Citycam89
UgyD4ri8LQFWM7ksYNV4AaABAg.9xNALwZZUm3A01SEnXYsZl,,0,"2024-02-20 07:53:07",@MonyetHitam-u6f,"​@abdullahdullah9772 antisipasi buat semuanya biar ga rugi",1,UgyD4ri8LQFWM7ksYNV4AaABAg,@Citycam89
UgyD4ri8LQFWM7ksYNV4AaABAg.9xNALwZZUm3A01SLg1mbhF,,1,"2024-02-20 07:54:03",@MonyetHitam-u6f,"​@RYANRYANRCOfakta. Warung madura emang pelit. Minta sambal setengah sendok aja dihitung 1000",1,UgyD4ri8LQFWM7ksYNV4AaABAg,@Citycam89
UgyD4ri8LQFWM7ksYNV4AaABAg.9xNALwZZUm3A0XDAB2A6WH,,2,"2024-03-03 15:57:07",@bokunochannel84207,"Jangan pakai nomor. Transfer pakai scan saja atau qris.",1,UgyD4ri8LQFWM7ksYNV4AaABAg,@Citycam89
UgyD4ri8LQFWM7ksYNV4AaABAg.9xNALwZZUm3A0XFQH9eL5R,,0,"2024-03-03 16:16:47",@Citycam89,"@solehafamily Seorang pengusaha wajib tegas, Hanya terima tr4ns4ksi di tempat saja. Hidup ini kej4m.! Siapa kawan siapa law4n kita ndak tau.",1,UgyD4ri8LQFWM7ksYNV4AaABAg,@Citycam89
UgyD4ri8LQFWM7ksYNV4AaABAg.9xNALwZZUm3A1-82wdS5ll,,1,"2024-03-15 06:49:39",@Chromwel-A,"Ada uang, ada barang. Jangan berikan barang (atau saldo) jika belum dobayar uang tunai.",1,UgyD4ri8LQFWM7ksYNV4AaABAg,@Citycam89
UgyD4ri8LQFWM7ksYNV4AaABAg.9xNALwZZUm3A1MdgHgkWAF,,0,"2024-03-24 09:57:19",@wonkedanz2015,"​@solehafamilymatikan mode aktif dan terakhir dilihat biar dia tau kalo kita lagi ga online",1,UgyD4ri8LQFWM7ksYNV4AaABAg,@Citycam89
UgyD4ri8LQFWM7ksYNV4AaABAg.9xNALwZZUm3A1PB8Bu9gXn,,0,"2024-03-25 09:36:50",@laylisaa31,"Lampunya doang ga smpe 100 ribu ​@Citycam89",1,UgyD4ri8LQFWM7ksYNV4AaABAg,@Citycam89
UgyD4ri8LQFWM7ksYNV4AaABAg.9xNALwZZUm3A9AkwIzgDNP,,0,"2024-10-04 15:20:56",@timotiuserikson3273,"​@solehafamilybilang aja lg kosong, besok baru ada... nah, sekalian kam bsk dia jg br ada uangnya.. sekalian aja bsk.ngsisinya.. lebih baik kehilangan ""orderan/pesanan"" daripada dapat orderan or pesanan tp kehilangan uang..",1,UgyD4ri8LQFWM7ksYNV4AaABAg,@Citycam89
UgyD4ri8LQFWM7ksYNV4AaABAg.9xNALwZZUm3AB0aBn7ctXv,,0,"2024-11-19 09:37:26",@BerakKapur-c8s,"Rasis rasis ​@h_1heriyanto",1,UgyD4ri8LQFWM7ksYNV4AaABAg,@Citycam89
UgyD4ri8LQFWM7ksYNV4AaABAg.9xNALwZZUm3AC8Q27-CHFq,,0,"2024-12-17 07:05:19",@shoflink,"​@h_1heriyantoini kayaknya anak penipu, yg ortu gagal nipu org madura😂",1,UgyD4ri8LQFWM7ksYNV4AaABAg,@Citycam89
UgyD4ri8LQFWM7ksYNV4AaABAg.9xNALwZZUm3ADzhA8Kl0n1,,0,"2025-02-01 05:34:05",@irfanliverpudlian4354,"​@h_1heriyantogayamu, emang mereka GK pake modal cuy",1,UgyD4ri8LQFWM7ksYNV4AaABAg,@Citycam89
UgyD4ri8LQFWM7ksYNV4AaABAg.9xNALwZZUm3ADzmxQPBNtQ,,0,"2025-02-01 06:24:38",@h_1heriyanto,"@RYANRYANRCO LU X ORANG MADURA PINJEM MAU DI TAGIH BELAGA BEGO. BELAGA BUDEK SEDENG ORANG MADURA",1,UgyD4ri8LQFWM7ksYNV4AaABAg,@Citycam89
UgyD4ri8LQFWM7ksYNV4AaABAg.9xNALwZZUm3AGJX3rJZ9yy,,0,"2025-03-31 00:43:56",@bliyosh,"​ya emang gak rugi.. dia cuma ngajarin harusnya ada SOP dibikin buat jalanin layanan itu.. anda faham maksud dia?​@abdullahdullah9772",1,UgyD4ri8LQFWM7ksYNV4AaABAg,@Citycam89
UgyD4ri8LQFWM7ksYNV4AaABAg.9xNALwZZUm3AJHlUn--6ru,,0,"2025-06-12 21:54:24",@dsm761,"​@h_1heriyanto lu ngemis ke mereka ga dikasih ya",1,UgyD4ri8LQFWM7ksYNV4AaABAg,@Citycam89
Ugz93HSCnl-Py-ooKZl4AaABAg,0,0,"2023-11-21 08:10:01",@lbchannel9893,"Abunawas kena tipu😂, mantap triknya..",0,,
UgxrKhAhKdavI_IoZ5F4AaABAg,0,2,"2023-11-21 08:05:57",@SupplyFood-d9o,"video nya sangat bermanfaat dan mengedukasi..terimakasih",0,,
UgwjJOAkMSCmuuyPdMh4AaABAg,1,1,"2023-11-21 08:03:16",@Usep_Official,"Dan akhirnya muka jelek si penipu itupun viral dan sampai ke hp anak anaknya , sdr² nya dan bahkan para tetangga sekampungnya , dan akhirnya dia sakit karena stres tak sanggup tanggung malu",0,,
UgwjJOAkMSCmuuyPdMh4AaABAg.9xN93Wa0CmX9xPEmWsYhzJ,,0,"2023-11-22 03:31:43",@TantoSetiwan,"akhirnya ada yg kenal jg ya oya bro org mana si penipu yg gatot itu?",1,UgwjJOAkMSCmuuyPdMh4AaABAg,@Usep_Official
UgwLPU5GF-KzKJxnqYt4AaABAg,0,0,"2023-11-21 08:02:19",@Julia_Leya,"Selamat anda sekarang terkenal 😂😂😂",0,,
UgwERAWQ1v_qo7EuN5J4AaABAg,0,1,"2023-11-21 08:01:45",@sirambas,"Ibu siapa nih😂😂😂",0,,
UgzSGMgycDdWt-d1-Ih4AaABAg,0,0,"2023-11-21 08:01:11",@madesuryafahzalaaryadana,"Klo nipu pinteran dikit napa..",0,,
UgyO2zD8QjNXixZsSdF4AaABAg,0,0,"2023-11-21 07:57:51",@BUTCHERY906,"Ilmu banget",0,,
UgwQgayMGBmIEOQ70oJ4AaABAg,0,0,"2023-11-21 07:57:50",@rosadafauzi95,"Mao maen kakek kaya tu buru buru ,,takut jam gacor nya abis😂😂",0,,
UgzcT1h151vZVmQJzvN4AaABAg,0,0,"2023-11-21 07:57:31",@shandyprast8952,"MANTAP om",0,,
UgxshsFo9URJzaZ41_x4AaABAg,0,0,"2023-11-21 07:52:26",@hendrikhendrik6090,"Mntaap bang",0,,
UgywUJqpPxx4CYz98mV4AaABAg,0,0,"2023-11-21 07:50:46",@SanjayaMar-z1s,"Kadang isi token listrik juga harus hati², udah diisi tokennya dan SDH dapat nomornya langsung kabur",0,,
Ugy1J26vMBDrEDM6QT54AaABAg,0,0,"2023-11-21 07:50:36",@ZekromDG28,"Bagi no hpnya ibunya dong",0,,
Ugzok-81-wu--7yUZXZ4AaABAg,0,1,"2023-11-21 07:49:12",@yanchand3603,"Harusnya yg punya warung minta dulu uangnya sblm transfer",0,,
Ugxtc8zX5wZPcO8d3st4AaABAg,0,0,"2023-11-21 07:48:47",@Gede_Mustika,"Ngakak sampe mencret buk wkwkwkw",0,,
UgxbCFaDgsCyox1Y64R4AaABAg,1,0,"2023-11-21 07:36:08",@awikawik7729,"Madura KOK DI LAWAN😂😂😂😂😂😂",0,,
UgxbCFaDgsCyox1Y64R4AaABAg.9xN5xpALCkR9xN7QCjehfe,,0,"2023-11-21 07:48:53",@muhammadrizky390,"Warung madura udh banyak yg ketipu bang",1,UgxbCFaDgsCyox1Y64R4AaABAg,@awikawik7729
UgwuWYeQNix6JUmhfXx4AaABAg,0,0,"2023-11-21 07:28:57",@asubalap013,"Emak sapa nih hayoo ngaku 🤣🤣🤣",0,,
Ugy3D075YW_DxMyqjrV4AaABAg,0,0,"2023-11-21 07:28:42",@asubalap013,"Emak sapa nih hayoo ngaku 🤣🤣🤣",0,,
UgzZww5_aFC9pedaJrd4AaABAg,0,0,"2023-11-21 07:23:33",@uripah9004,Cerdas,0,,
UgzwIW6TKz1WOhweqIJ4AaABAg,0,1,"2023-11-21 07:22:40",@dyaharyanirijadi764,"Sering2 dzikir jadi d lindungi dari perbuatan jahat..",0,,
UgzunUMLJaKL7jHEisd4AaABAg,0,2,"2023-11-21 07:20:11",@cahyobudianto3833,"Penjualnya pintar dan cerdik jadi bisa lolos dari penipuan.",0,,
UgxQO6l4quadTRgdHKt4AaABAg,0,0,"2023-11-21 07:14:58",@MarBet-m2m,"MakLampir Otak Dajjal",0,,
UgxvCJRMdTH-5_3mP0p4AaABAg,0,0,"2023-11-21 07:14:15",@asmuniasalmuni5234,"Menjijikkan melihat muka2 penipu gitu",0,,
Ugw0Xzku7IGsMRS6d214AaABAg,0,0,"2023-11-21 07:10:27",@RIP_IJLAL,"mampus penipu kena tipu",0,,
Ugw4nsyMHy0nLovpcV14AaABAg,0,0,"2023-11-21 07:07:54",@Agus-jn2xr,"Ide yg bagus.....jangn kalah sama penipu......tpy ttp harus waspada....",0,,
UgxnTVJgPiv0-E_rnh14AaABAg,0,0,"2023-11-21 07:05:56",@bg-35official33,"Penipu rugi bensin, penjaga toko rugi waktu ngladeni si penipu.😄",0,,
UgwgTt7MNUAYbPsACSN4AaABAg,0,0,"2023-11-21 07:04:22",@Harmonilitera,"Gue, malas jualan saldo.",0,,
UgxrvO4MGEDnO1lIazV4AaABAg,0,0,"2023-11-21 07:01:32",@usniyahbsa6706,"MasyaAllah pinter.. memang betul klo belum terima uang jangan pencet kirim, takutnya modus",0,,
Ugy8ayDyqY1PTPWiWHd4AaABAg,0,0,"2023-11-21 06:49:25",@boysarbini5565,"Kasihan deh...girang banget lngsng tancap gas. Buaya u kadali.😂😂😂",0,,
UgzQO3kt5o1rg5uqVR54AaABAg,0,0,"2023-11-21 06:37:27",@raselliopandi4385,"Temenku juga jaga warung madura pernah ditipu anak remaja beli rokok +minuman temen yg beli stay diatas motor begitu barang dikasi lgsung lari kemotor n tancep gas .waspada slalu kawan yg jaga warung malem yak🧐",0,,
UgwtTYChTZD0yE8w4DN4AaABAg,1,0,"2023-11-21 06:37:02",@RAJANGIBULsekarat,"Tulis saja di depan warung, _""Top Up/isi ulang saldo/Pulsa akan diproses setelah melakukan pembayaran""._",0,,
UgwtTYChTZD0yE8w4DN4AaABAg.9xN-BxNJo2F9xN7ZsuUgyG,,0,"2023-11-21 07:50:12",@muhammadrizky390,"Nah ini penipu jg langsung males mampir",1,UgwtTYChTZD0yE8w4DN4AaABAg,@RAJANGIBULsekarat
UgxdCorjP7bdH2ytvOV4AaABAg,0,0,"2023-11-21 06:29:52",@Jagonya_Parfum,"Hahahahahah... Ngebesarin anak pake uang haram... Apakah anak itu dapat dikatakan anak haram?",0,,
UgwBJStfNeP22AfIOcV4AaABAg,0,0,"2023-11-21 06:26:00",@keenanalthaffarismelviano4801,Up,0,,
UgwMMUXumx78Mo7s3694AaABAg,0,0,"2023-11-21 06:23:26",@akbarr_28,"Najis semoga di jauhi dari perbuatan buruk",0,,
UgwcVYIN2NoQVns-vtJ4AaABAg,0,0,"2023-11-21 06:17:16",@mataryBPF,"keren madura ta iye...",0,,
Ugz3VeDWbusgWgx_QbB4AaABAg,0,0,"2023-11-21 06:15:51",@cumaupload6717,"Nyampe rumah Lah saldonya mana 😢 Siyal gw ditipu 😂",0,,
UgyJR9ZtGbGqIk_njAF4AaABAg,0,0,"2023-11-21 06:14:54",@cenel2an,"Yg kaya makin sultan, yg miskin makin diinjek, yg kriminal makin kriminil, sistem konsis Konoha pelan tapi pasti. Hanya yg ikhlas yg sabar.",0,,
UgwzxJD1dnDwEFv9MIt4AaABAg,0,0,"2023-11-21 06:10:20",@anggasuprianto877,"Buaya mw dikadalin 😂",0,,
Ugysm5OmnHtIvUfE9ax4AaABAg,0,0,"2023-11-21 06:08:18",@aorinbiru,"Jangan masukin pin sebelum uang dikasih 👍",0,,
Ugw6JfCFG9ZnTIrIZ954AaABAg,0,1,"2023-11-21 06:06:58",@IneZ_Aza,"Sebelum uang pembayaran di tangan.....jangan dikabulkan permintaan siapapun.",0,,
Ugwzf54nSMsGfGe8oQx4AaABAg,0,0,"2023-11-21 06:05:27",@ainulyakin3930,"mungkin pelaku dan kluarganya sindikat penipuan",0,,
UgzfnbJtEM0vG0IahSN4AaABAg,0,0,"2023-11-21 06:04:01",@liagemoy3177,"sudah tua tinggal tunggu waktu nya ;bukan bikin baik malahan kejahatan yng dilakukan sadar ",0,,
UgzC1a9mll4_Z00rgR94AaABAg,0,0,"2023-11-21 06:02:33",@sujatmiko4402,"👍🏼👍🏼👍🏼 Tretan...",0,,
UgzedaBfN5IiuSuI3FJ4AaABAg,0,0,"2023-11-21 05:58:38",@iriyantogsp3085,"Hati2 tretan, ..toko madura di tempatq juga ditipu tp dgn modus lain ...kerugian lumayan bayak",0,,
UgxsMyn7_BnxlzmxYQ94AaABAg,0,0,"2023-11-21 05:56:37",@pinonspino41,"matep ca , terima uang dulu baru transaksi 👍🏻👍🏻👍🏻",0,,
UgxCuS6ZfI2r20Y5Jql4AaABAg,0,0,"2023-11-21 05:55:51",@leevan7917,"Klo saya duit dlu baru barang... Kmu coba tranfer d bank jg duit dulu....",0,,
Ugwu3GPrBDRoNZqSSWV4AaABAg,0,0,"2023-11-21 05:50:58",@urmiladewi9138,"Madura dilawan, kena karma dengan jebakan batman karena sudah biasa menipu lupa yang dihadapi orang yang nggak pernah percaya dengan tipu muslihatnya. Bagi warung2 apabila ada yang mau top up dengan aplikasi apapun suruh uang dan ongkosnya di minta dahulu, spy nggak tertipu dengan manusia2 nggak laki2 atau perempuan2 modelan seperti ini, buat makan harus menipu yang nggak takut dosa.",0,,
UgyuIV9xMLKwkFsY5xp4AaABAg,0,0,"2023-11-21 05:48:05",@danangsatriaafandy,"mana mukanya kliatan jelas di video😂",0,,
UgyT5CjaekWpQvPXdC94AaABAg,0,0,"2023-11-21 05:47:25",@sunaryani460,"Kasih duit dulu Gw brilink kmarin 200rebu duit udah gw taruh di etalase didepan yg jualan tingal nambahin biaya transaksi ngambil dari dompet goceng",0,,
UgxnIeTpByRlFBTvMqh4AaABAg,0,0,"2023-11-21 05:41:03",@resviqoriyati8542,"Pedagang sembako, emang jd sasaran bgt buat penipuan. Sering bgt aku mau ketipu. Modusnya beraneka ragam, mau gadai HP, iklan sepanduk nanti kita di kasih komisi 1.2 jt, tp harus beli produk dulu 400 rb. Pura2 abis bensin, udah di kasih uang dia geber motor🤣. Aku sekarang uang dulu baru barang, apa lg roko, gak bgt",0,,
UgzBgf7gUVDqfARK_QJ4AaABAg,0,0,"2023-11-21 05:38:38",@pemirsabudiman6129,"Kalo buka loket transaksi e-wallet seperti itu seharusnya minta uangnya dulu baru isi saldonya. Aman kok. Aku selalu begitu",0,,
UgwDr6ZEKdBp29GPG1t4AaABAg,0,0,"2023-11-21 05:37:27",@monkeylovers3732,"😂😂😂 mantaaaaappp",0,,
Ugy12yrZ4PIU9KgMsZB4AaABAg,0,0,"2023-11-21 05:37:10",@tananton6515,"good job 😊, kl uang blm ditangan jgn diproses dl",0,,
UgxVP8EhuFRbpkmWall4AaABAg,0,0,"2023-11-21 05:28:04",@atikatik7140,"ABANG WARUNG PINTAR PELAJARAN BYAT SEMYA KLO ORG GAK DI IENAL.MINTA SALDO..SM SEPERTI ABANG BILANG AZA UDAH MASUK....HARUS UANG DULUAN BR DI ISI...EMAK EMAK KEPARAT LHO",0,,
UgwKaf1n9wGBrY8zkHh4AaABAg,0,0,"2023-11-21 05:15:19",@Indonesia_Bersatu84,"Klo ad yg kenal sebarin videonya lalu bully biar malu..siapa tw bs tobat udah bau tanah",0,,
Ugy_CbidyXY8ycJZH354AaABAg,0,0,"2023-11-21 05:09:55",@wonkyu1183,"aku tiap bulan ngisi DANA 500k, emang biasanya duit diminta dulu...baru diisi.",0,,
UgznrnyGuinX9wWjPLF4AaABAg,0,0,"2023-11-21 05:05:33",@nanasumbayak8234,"😂😂😂😂 Mau ngibul malah mental",0,,
UgyGK8PSK5qdb-z-4LZ4AaABAg,0,0,"2023-11-21 05:05:31",@dimasmayonk8089,"Wkwkwkwk, muka nya kliatan bgt",0,,
Ugxkb8nMJuFB30lXJ-h4AaABAg,0,0,"2023-11-21 05:03:04",@didikyuliana7936,"Bajingan kok kompak berdua, dasar perempuan JAHANAM ,gak malu sama Keluarga gini udah miskin,gak tau diri.nohhh ciriin mukanya biar malu orang yang kenal dia , semoga cepat sadar dan tobat agar bisa menjadi manusia yang seutuhnya sempurna",0,,
UgyXmefgezqVnj6l5hN4AaABAg,0,0,"2023-11-21 05:00:56",@LisaPonsel-qf2qt,"Dan akhirnya emak2 itu pun gak jadi membeli sabu",0,,
UgwqxwWE3BXVzX6hbKR4AaABAg,0,0,"2023-11-21 05:00:47",@donisatria-u5o,"kejahatan & kemiskinan meningkat tajam",0,,
UgxyNETs4-Nknqq7WTJ4AaABAg,0,0,"2023-11-21 04:59:46",@rubytourtravel_01,"Ya Allah emak 😢 ada ada aja, drpd buat emak mending buat anak istrinya 😅",0,,
Ugxmgtt8flFwLnS7AgF4AaABAg,0,0,"2023-11-21 04:54:32",@aryaseto1567,"Jelas di beri ksadaran donk ...masalhnya saldonya gak masuk,,jadi dia sadar,kampret saya yg ketipu😂😂😂",0,,
UgyGdH2NsbNZYGd5aqB4AaABAg,0,0,"2023-11-21 04:54:16",@begejelmarpueng3348,"Itu lont3 yang kemarin gw GB sma temen2.",0,,
UgyhJ_EDSiZbQ6DohAJ4AaABAg,0,0,"2023-11-21 04:53:57",@fikytan6145,"Tangkap penjarakan saja",0,,
Ugz18u8K1REB8ReAZXR4AaABAg,0,0,"2023-11-21 04:49:51",@hondohanta7450,"pas di ceck....zonk...😄",0,,
Ugy80usIfzWkFm2B3w14AaABAg,0,0,"2023-11-21 04:43:24",@agungagusfian,"Emang hrs begitu, di pasar nodern juga skrg wajibnya duit dulu baru di proses, soalnya pernah ada kejadian juga....",0,,
UgyOrghQG2zG2L72UBp4AaABAg,0,0,"2023-11-21 04:41:23",@AdimAlgozali-fe7fc,"TERMASUK YG NGUTANG,, POKO NYA JNGN D KASIH ..TITIK",0,,
UgyxfcLmiYGuMmyi7Kl4AaABAg,0,0,"2023-11-21 04:40:31",@thekingmadasjambi,"Bagus, sebelum duit ditangan penjual, jg diisi.",0,,
UgzQILC4GeEiCaxhzbN4AaABAg,0,0,"2023-11-21 04:40:18",@Ayam_BAKAR12,"tahun 2024 bentar lagi juga banyak penipu,lebih parah lagi bisa menipu 200 juta orang lebih😂",0,,
UgwQDlGOfnH3C38dFXJ4AaABAg,0,0,"2023-11-21 04:35:28",@septiaryani9456,"Udah tuwir kok nipu inget dosa bu..",0,,
Ugxu6CQyNYaQdIH-nlp4AaABAg,0,0,"2023-11-21 04:27:28",@ryas2701,"Walah , penipu kampret",0,,
UgzA63TMzmOgLvckN5J4AaABAg,0,0,"2023-11-21 04:27:23",@maxlopex7692,"Aura wajahnya saja sudah terlihat...",0,,
UgwVOVqNlTGEJHwFkdh4AaABAg,0,9,"2023-11-21 04:26:58",@bengals2597,"Keren strategi nya",0,,
Ugz67FOPAUC7JZW74AB4AaABAg,0,0,"2023-11-21 04:22:57",@sitiamalia3989,"Ngetop dah😂😂",0,,
UgxeaYiMEzdFDMGN7i54AaABAg,0,0,"2023-11-21 04:20:17",@coba.coba.chanel,"Penipu kena tipu.😂😂😂😂",0,,
Ugzqqyh5s69mWVaRh2t4AaABAg,0,0,"2023-11-21 04:18:39",@blacklist9831,"Masa mudanya melonte Udah gak laku Setelah umur bertambah Jadi penipu",0,,
UgxyqTZPn-5LPqaXkVN4AaABAg,0,0,"2023-11-21 04:17:34",@nurhadi4727,"otak madura kok dilawan buaya ko mau diajari renang",0,,
UgznIWIxniduYDhRAI54AaABAg,0,0,"2023-11-21 04:14:47",@rendyyohanes5633,"Nipu kya kga disumpahin iya..",0,,
UgxyLsYut_Llp1ik8GJ4AaABAg,0,0,"2023-11-21 04:10:07",@roxelljacob9739,"*Hati2 calon pmbeli dg gaya: 2org- pke motor -trus yg mgemudi nunggu Ga matiin mesin !!* *Ga cma top up, tp pulsa, paket bhkan rokok batangan pun jg dgtuin. Kbnyakan ada jg yg pura2 udh mgang duit 50rb-an biar trkesan emg mo byr. Tp bgtu dksih, dia lgsung trjun ke jok dan kabur. Jd pdgang jgn culun2 amat.* *Klo sy cara antisipasi di konter sy adlah: dg me install alarm nyaring di spot luar. Smntara tombol nya sy psang dskitar kaki meja. Klo ada yg mncurigakn kan gtu, kaki sya main tekan aj tombol nya. Efektif deh! Bgtu bnyi : si plaku gugup dan panik. Wrga pun dlm hitungan detik udh pd rame nyamperin.* *Klo pkaku emg mnipu, ya lgsung dhajar atau tinggal remas aj buah.lato2 nya. Kpn prlu kocok burung nya pke air cabe+ sabun.. Klo plku trnyata mmbyar krena ggup oleh sirine itu, ya,, ckup blng k wrga bhw tombol nya ga sngaja keinjek. Sbaiknya koordinasi kan strategi sblm kjdian dg wrga skitar.*",0,,
Ugx7PEEOoV6U0Z4k8Ht4AaABAg,0,0,"2023-11-21 04:05:21",@ikalarrasvivo9897,"Budayakan kaya indomaret n alfamart, uangnya dulu",0,,
UgxzMATzXzap9Af8l-Z4AaABAg,0,0,"2023-11-21 04:05:18",@AgusEfendi-m5o,"Wkwkwwk yg jd pertanyaan, Spil Tetangganya ibu itu dong barangkali ad....😅😅😅",0,,
Ugw2RammmYzKHZpOUJh4AaABAg,0,0,"2023-11-21 03:54:18",@SolihinArsya,"penipu ulung.kurang pendidikan",0,,
Ugy80PgqdFsU54aDtY54AaABAg,0,0,"2023-11-21 03:48:43",@tagor2043,"Gila ya, jaman now. Hebat antisipasinya sang empunya warung..",0,,
UgxLFdSDB4Y4t3FUTPt4AaABAg,0,0,"2023-11-21 03:42:40",@durenduren7236,"KESIMPULANNYA BUKAN CUMA PEJABAT AJA TAPI DAH MERATA, MAKANYA DIAJAK REVOLUSI MENTAL,",0,,
UgwOSuKwlIhPyF6Zv8d4AaABAg,0,0,"2023-11-21 03:37:54",@dianapradjanto5801,"Lgs dikenal sbg penipu gara² 200rb😅",0,,
Ugx2md7exHA4pO9Mvz94AaABAg,0,0,"2023-11-21 03:34:27",@hermansyah1705,"bwt penjual, jangan sekali2 kirim uangnya sbelum uang dri pembeli berada di tangan...",0,,
UgxJ58nIfjgSiuzOulB4AaABAg,0,0,"2023-11-21 03:27:06",@warsito8272,Smart,0,,
UgwFSgeZ6LsztU0l-bh4AaABAg,0,3,"2023-11-21 03:26:25",@meowborneo5826,"Pernah anakku wktu jd kasir Indomaret ada cowok isi pulsa telkmsel 800k tp sblm isiin pulz, ankku bisik2 ketemen cwoknya agar berada dibelakang itu cwok utk jga2 klw kabur gk mau byar ternyata dugaan anakku bener pas mau byr buka tas cwok tsbt pura2 kget dompetnya ktinggaln dirumh katanya trus minta ijin utk pigi ambil dmpet. Anakku ijinkn tp dg syarat kunci motor ditinggl dn naik ojek krn wktu ditanya ankku alamt rumhnya deket aja tp gk mau bhkn bedikeras mau pigi tp ttp ditahn oleh ankku dn team toko trus si cwok itu telpon seseorng utk diantar uang.Lama smpai 2jam setelh toko tutup bru dtg temennya bawa uang tpi akibatnya anakku dn team mlm itu pulang telat",0,,
UgwV-uTbRR_tNkKiyVN4AaABAg,0,0,"2023-11-21 03:16:55",@anisulfiana8574,"O itu ta mukanya... Harap d hafal",0,,
Ugx1nVU3O8_7HBUByPx4AaABAg,2,0,"2023-11-21 03:09:07",@ainundanish1859,"Udah miskin + lagi busuk hatinya itulah orang kita",0,,
Ugx1nVU3O8_7HBUByPx4AaABAg.9xMcP9wGxmv9xN7Hmtw9Xz,,1,"2023-11-21 07:47:44",@MuhamadArifin-sm3jl,"Lu ja yg miskin enak ja apa apa disama ratakan emng lu mau apa apa disamain sama kriminal atau hewan mau ??gkblok",1,Ugx1nVU3O8_7HBUByPx4AaABAg,@ainundanish1859
Ugx1nVU3O8_7HBUByPx4AaABAg.9xMcP9wGxmv9xNylC6Qvjn,,0,"2023-11-21 15:43:45",@monalisamonalisa5097,"Kebanyakan begitu..indonesia gak kekurangan orang pintar tapi krisis/kekurangan orang jujur.. 1 : 1000",1,Ugx1nVU3O8_7HBUByPx4AaABAg,@ainundanish1859
Ugx9uHwkGQYKu8Rz1B94AaABAg,0,1,"2023-11-21 03:06:21",@marthaamella,"Ada uang ada barang( baru saldo di isikan)👍",0,,
UgzU5pMbecnpeixCV3x4AaABAg,0,0,"2023-11-21 03:04:32",@nongkogede1004,"Masa ngisi saldo... Ga ngasih duit dulu. Yaaa counter g bkl mau lah",0,,
UgwlEV0ROva8Ezqk4Dl4AaABAg,0,0,"2023-11-21 03:02:11",@Kaipapuy,"Cerdas bro..Mantapp👍",0,,
UgzdQSkRG9pNpzP7jvl4AaABAg,0,0,"2023-11-21 02:55:49",@neninuraini148,"Sebelum ngasih uang nya jangan dulu klik OK atau Kirim.. pelajaran bagi kita semua..",0,,
Ugzds4vgt4G5gwZQ3LR4AaABAg,0,0,"2023-11-21 02:54:36",@aamalik5636,Huaaahaaahaaa,0,,
UgyeKvZIYmisr395la14AaABAg,0,0,"2023-11-21 02:48:38",@danusyanto2047,"Ada uang ditangan beres belum Terima uang ditangan maaf",0,,
UgwWok9rdp1sGoJqevV4AaABAg,4,102,"2023-11-21 02:39:09",@mfimfi4981,"Dimana mana banyak penipu!! Terima kasih videonya ini pelajaran bagi kita semua. Hati hati terhadap siapapun termasuk orang dekat!",0,,
UgwWok9rdp1sGoJqevV4AaABAg.9xMZyaTVPNH9xN2_RsVIiN,,2,"2023-11-21 07:06:35",@fansmilitan2701,"yang penting kita selalu waspada tapi jangan suudzon kepada semua orang....",1,UgwWok9rdp1sGoJqevV4AaABAg,@mfimfi4981
UgwWok9rdp1sGoJqevV4AaABAg.9xMZyaTVPNH9xRRHZS7sme,,0,"2023-11-22 23:59:26",@azrazanata5153,"Betul. Sy kehilangan barang",1,UgwWok9rdp1sGoJqevV4AaABAg,@mfimfi4981
UgwWok9rdp1sGoJqevV4AaABAg.9xMZyaTVPNH9xRRWAJY3Fa,,0,"2023-11-23 00:01:25",@azrazanata5153,"​​@fansmilitan2701waspada dimana saja kita berada diluar bahkan masjid pun Barang kita bisa hilang, maling memang special mencuri dgn ilmu maling tsb.",1,UgwWok9rdp1sGoJqevV4AaABAg,@mfimfi4981
UgwWok9rdp1sGoJqevV4AaABAg.9xMZyaTVPNHA-ltD5hlrJA,,0,"2024-02-13 21:30:28",@cooldown7825,"dimana mana gundulmu itu kebanyakan ulah jawir",1,UgwWok9rdp1sGoJqevV4AaABAg,@mfimfi4981
Ugwl-9fmGtUmTCEPbNN4AaABAg,0,0,"2023-11-21 02:37:10",@Rider-182,"😂😂😂 good",0,,
Ugx9gT4ntAWye5ZAJSZ4AaABAg,0,0,"2023-11-21 02:29:46",@gugussambodo4876,"Wajah jelas terlihat,lapor polisi langsung diproses ga y?🎉",0,,
UgwVFUtocTZ3nRWeJgF4AaABAg,0,0,"2023-11-21 02:16:25",@Barawijaya90,😂😂😂😂😂,0,,
UgxI5hdt_vL1hk-ZkBl4AaABAg,0,0,"2023-11-21 02:15:59",@truepoint8161,"DAN INGAT BANYAK NYA KEJAHATAN MALING,BEGAL,RAMPOK DI KARENAKAN MASALAH EKONOMI,YG KAYA MAKIN KAYA YG MISKIN MAKAN TAI",0,,
UgwFwsuRXNu5-aqj8jh4AaABAg,0,0,"2023-11-21 02:14:12",@Lahitu,"Kocak.... Penipu kena tipu🤭😃😃",0,,
UgzZvQ7mYfASAVJO0lR4AaABAg,1,0,"2023-11-21 02:13:45",@truepoint8161,"penipu kecil kecilan kaya gini mah cepet di proses besok di penjara,LAH PARA KORUPTOR YG MERUGIKAN ORANG BANYAK MALAH DI POTONG MASA TAHANAN",0,,
UgzZvQ7mYfASAVJO0lR4AaABAg.9xMX3dCEV-T9xMr1VfVkrF,,0,"2023-11-21 05:16:58",@rismanto9365,"lagi bahas emak emak maling...bahas koruptor di lain kamar aja",1,UgzZvQ7mYfASAVJO0lR4AaABAg,@truepoint8161
UgyDX3iJ0HqcgDrl-1N4AaABAg,0,0,"2023-11-21 02:10:24",@istianah1629,👍👍👍👍,0,,
Ugx2W2S6QirkfvclZFp4AaABAg,0,0,"2023-11-21 02:09:08",@ruslanichanelok443,"Hebat broo itu plakune raine wareg antemi koyone broo ra karu karuan 😮😮😊😂",0,,
Ugz_QuvKK7mZw_eLuJl4AaABAg,0,0,"2023-11-21 02:08:14",@ceritacakyok,"Abunawas 😂",0,,
Ugy_II-q27ZiYVTWJXN4AaABAg,1,3,"2023-11-21 02:03:46",@Sarjono-f9r,"Buat perhatian untuk warga. Kalau isi saldo dimenta hapon nya. Dan uangnya. Karna. Bisa terjadi. Modus serupa.modus pura pura uang ketinggalan di rumah. Atau lain2",0,,
Ugy_II-q27ZiYVTWJXN4AaABAg.9xMVvX6UA7n9xMW2JV30YP,,0,"2023-11-21 02:04:50",@Sarjono-f9r,😂,1,Ugy_II-q27ZiYVTWJXN4AaABAg,@Sarjono-f9r
UgwNb7L7pSGanGx1-L14AaABAg,0,0,"2023-11-21 01:57:42",@allexelfathin2930,Goodjob,0,,
Ugzkv7rhp9TDB2W9_a14AaABAg,0,0,"2023-11-21 01:48:58",@diwaalmahdi8595,"Muka emaknya muka tabokin..",0,,
UgySjAiMnjZbgOySpyZ4AaABAg,0,2,"2023-11-21 01:44:42",@amaliasujati,"Kalau usaha selalu sedia cctv ya biar aman sip lah❤ jaga diri dari hal yg tidak diinginkan.",0,,
Ugw4xK7pk4uZnFnu2_p4AaABAg,0,0,"2023-11-21 01:38:27",@apriyanihadiwinata3682,"Mending minta tolong lah Bu ke warung KLO lagi butuh makanan,,,kali aja bisa di bantu",0,,
Ugwc78OWm7DL_-17oSx4AaABAg,0,0,"2023-11-21 01:34:33",@Tantefandi,"Ya ampun Bu udah tua ko kaya gitu",0,,
Ugy6-q1Izji54kRZvn94AaABAg,0,0,"2023-11-21 01:31:47",@semangka636,"Uang diterima langsung proses",0,,
UgzRayu3zSD3eXr30Tt4AaABAg,0,0,"2023-11-21 01:29:54",@MrAlung86,"Kl ditmptku hrs ada uangnya dulu br di top up",0,,
UgyUrakBMrnJyzPajSt4AaABAg,0,0,"2023-11-21 01:28:38",@rustamaffandi8863,"penipu : sialan aku ditipu😢😢😢",0,,
UgxB3O2PPK7pJnLeb3R4AaABAg,0,0,"2023-11-21 01:26:11",@IchsanToretto,"usaha bagus",0,,
UgwmvOU2rcJi3dZnY0l4AaABAg,0,0,"2023-11-21 01:22:09",@farahziah6371,"Paling klw di tangkap polisi nya bilang ibu ini punya gangguan jiwa wkwkwk",0,,
UgzJy3YK05sWo9l6HWh4AaABAg,0,0,"2023-11-21 01:19:49",@blacksam5906,"😀😀😀 mau nipu ketipu nih Yee.... Rasain luhh",0,,
UgxkMAy-nOjkBW5jjXJ4AaABAg,0,0,"2023-11-21 01:19:49",@imamsyafii5411,"madura dilawan😂",0,,
UgwSNvuWJBebMOZw8pp4AaABAg,0,0,"2023-11-21 01:17:40",@tiwultuwu4153,"Coba ibu ini punya jabatan/ link utk korupsi...!? pasti pilih utk korupsi.... uang nya gede...! 😂😂",0,,
Ugw-MVsh2ycC7AiT9rF4AaABAg,0,112,"2023-11-21 01:12:41",@iwannirwana8655,"Bagus nih contoh buat warung2 yg lain triknya bagus 😂😂😂",0,,
Ugy6W5JjLRwrS6r0_Ph4AaABAg,0,0,"2023-11-21 01:08:50",@Uraaahowaaaxbaaar,"Awkwkwkw bangcattt kaww 😂",0,,
Ugz54cYYQnbvKdjfwal4AaABAg,0,0,"2023-11-21 01:06:05",@joni9678,"modus tinggal cabut gini sebenarnya sudah lama... harus di amankan si emak..biar gak banyak korban. korban gak akan lapor ke polsek karna cuma 200k.. 200k kali korban",0,,
UgzS4yVBC-xcf7MKjsJ4AaABAg,0,0,"2023-11-21 01:00:07",@NarNaruloh,"Parah ntuh nene2",0,,
UgwD1eiNagr5HNCDpil4AaABAg,0,0,"2023-11-21 00:58:38",@dayatkusuma9588,"Oerlu di contoh si abang ini.keren bang.jangan mudah percaya yerus waspada",0,,
UgyJSW4MnCs37HVMSFF4AaABAg,1,0,"2023-11-21 00:55:40",@AdiwarnaJavonica,"Sebetulnya pribumi indonesia manusia polos jujur penyabar ramah penyayang tidak ada yg penipu, tetapi setelah berasimilasi dg wni keturunan china terkontaminasi bisa jadi penipu baik diajari atau belajar dari mereka jadi penipu, kalau dilihat wajah wanita di video ini face china, karena genetik china itu penipu, banyak sudah kasus penipuan baik negara atau bisnis yg dilakukan oleh wni keturunan china di indonesia baik yg sudah dipublikasikan atau yg belum terpublikasi. Intinya kalau indonesia tidak ada penipuan persona nongratakan seluruh wni keturunan china ke RRC, pribumi yg sudah terkontaminasi diregenerasi jadi pribumi yg baik.",0,,
UgyJSW4MnCs37HVMSFF4AaABAg.9xMO7fcSaptA7iWBSTuAG9,,0,"2024-08-29 10:13:57",@rollersoze,"Bla bla bla",1,UgyJSW4MnCs37HVMSFF4AaABAg,@AdiwarnaJavonica
UgxHAjxRcZ0EFYia-Pd4AaABAg,0,0,"2023-11-21 00:50:10",@Ardiansyah-g8b,"Viralkan biar anaknya malu😂",0,,
UgyBb0VnXQg0jddK6tN4AaABAg,0,0,"2023-11-21 00:49:29",@khablulannas2332,"Cerdas sekali si penjual 👍🏼👍🏼👍🏼",0,,
UgyUlRbdaiF9PAKtHrp4AaABAg,0,0,"2023-11-21 00:47:45",@atha421,"Penjaga warung bilang sdh terkirim gk tau ngomongin kirim siapa yang penting sdh terkirim 😂",0,,
UgxSAfQtdlnq7e_9l2B4AaABAg,0,14,"2023-11-21 00:41:18",@shfwvly,"Yg di lakukan warung madura udah benar, di proses tp jngan d klik dl sebelum uang di terima, kejadian org yg mau nipu seperti itu sering sy alami, alhamdulillah ga kna tipu,jangan sampai deh..",0,,
UgyaIJjyES_3vCU8Opt4AaABAg,0,0,"2023-11-21 00:39:01",@scalpernewbie9424,"rta2 semua kios skrng udh pda tau modus kyk gtu 😄",0,,
Ugwn0cvPQb3J7PL5_NR4AaABAg,0,0,"2023-11-21 00:38:24",@fieganugraha2821,"Mak lampir sedang menyamar",0,,
UgzoFPFEJX_qfhSUS2x4AaABAg,0,0,"2023-11-21 00:31:11",@meinaputritan641,"Saya juga pernah alami hal seperti ini, tapi saya udah tau modus penipuan kayak gitu, jadi saya nga ketipu.",0,,
UgynLccve-2SXnJBT4l4AaABAg,0,0,"2023-11-21 00:30:31",@masberto7245,"Penipu kena tipu",0,,
UgxSQ-0cteJuzmBSxuV4AaABAg,0,5,"2023-11-21 00:26:32",@munisahdoang4338,"Orang perantauan Madura yang usaha di luar Khan ada komunitasnya. Jadi klo ada 1 orang yang kena tipu ya langsung nyebar beritanya. Jadi pada tau semuanya.",0,,
Ugy6hDTnX-sWw4aYqtJ4AaABAg,0,0,"2023-11-21 00:22:31",@yonda-s2u,"Bakar bakar bakar emak emak kepar*tt",0,,
UgzIJjP7bwIk1AMIp294AaABAg,0,3,"2023-11-21 00:20:12",@reksoxo3611,"Viral kan.. ntar yg malu kan anak2 dan org2 dekatnya. Dan biar cepat sadar..",0,,
Ugy9qy1fimov118fP1t4AaABAg,0,6,"2023-11-21 00:17:35",@budiman7751,"Udah tua ibu2 pula bukannya nyari pahala,malah nyari dosa begitu kelakuannya,harusnya inget umur d akhirat mau jawab apa pas d tanya malaikat(hadeh tobat bu mumpung nyawa masih d badan)lagian uga hidup ga bakalan berkah kalo model begitu mah ....",0,,
Ugz1nAqTveeJceUfmCd4AaABAg,0,15,"2023-11-21 00:11:13",@Ojolpengembarachanel,"Harus selalu waspada,kalau kena tipuan sakit banget",0,,
UgyDCutjsK7coD3tdip4AaABAg,0,0,"2023-11-21 00:08:14",@wijitaruno9761,"tukang tipu klas ceme",0,,
Ugz2z_BmjLfvrp_pZn94AaABAg,0,0,"2023-11-21 00:06:43",@yusningsih1886,"Kenapa tipu balek opong2",0,,
UgxKXQmJY346sJvFdLJ4AaABAg,0,0,"2023-11-21 00:04:06",@yonasprastya7472,"Klau di minimarket isi dompet digital bayar dlu baru di isi..",0,,
UgwE1TaPKqDlXmXDW8t4AaABAg,0,1,"2023-11-21 00:00:36",@adibarata3937,"😅😅😅😅 makin hari makin banyak orang seperti ini .....keberhasilan selama 10 tahun berkuasa .... Mengasilkan para penipu ulung .... Mulai dari atasssss sampai bawahhhhh😅😅😅😅😅😅",0,,
UgweHSzYgcvMx-mr9_94AaABAg,0,0,"2023-11-21 00:00:36",@m.fardholadofardhol6751,"ayoh emak siapa ini😂😂😂😂",0,,
UgwcfD3zQFJuLeK0VBd4AaABAg,0,0,"2023-11-20 23:56:47",@andriyansanubari4257,"Anak n cucu : HORE EMAK MSK YOUTUBE, KEREN MAK Tetangga : WOW EMEZING",0,,
Ugwu8vxU6mUVQDXnubx4AaABAg,0,1,"2023-11-20 23:49:58",@narniyusman2636,"Dasar penipu mak"" ... Ngak takut dosa mak !!!",0,,
UgyLnP_JK-tdFfHPlgh4AaABAg,14,372,"2023-11-20 23:46:44",@robknights3966,"Mohon maaf buat semua warung/konter, saran saya untuk pengisian saldo/uang elektronik,pulsa,pembayaran cicilan online dll, utamakan menerima uang terlebih dahulu sebelum transaksi, karena rawan penipuan,",0,,
UgyLnP_JK-tdFfHPlgh4AaABAg.9xMGEs2qoKw9xMQ732AD9W,,33,"2023-11-21 01:13:03",@marnimdn2964,"Betul kecuali pelangan , antipasi lebih baik dari pada nombok .",1,UgyLnP_JK-tdFfHPlgh4AaABAg,@robknights3966
UgyLnP_JK-tdFfHPlgh4AaABAg.9xMGEs2qoKw9xMVFuvdNcC,,5,"2023-11-21 01:57:57",@BintoroAdiDarmawan,Sip,1,UgyLnP_JK-tdFfHPlgh4AaABAg,@robknights3966
UgyLnP_JK-tdFfHPlgh4AaABAg.9xMGEs2qoKw9xMVwm3X8uS,,19,"2023-11-21 02:03:57",@lionight.custom5693,"kebiasaan ngisi pulsa pulsa dulu baru bayar 😂",1,UgyLnP_JK-tdFfHPlgh4AaABAg,@robknights3966
UgyLnP_JK-tdFfHPlgh4AaABAg.9xMGEs2qoKw9xM_-eGi5dA,,0,"2023-11-21 02:39:25",@marnimdn2964,"@lionight.custom5693 saya dulu begitu , Karena sudah ngalami ketipu ,semua pelanggan baru kalo saya belum liat uang nya ,belum saya ok ,ditransaksi .Andai uang koin silahkan dihitung dulu ,kadang nominal tidak sesuai .( Kurang banyak )",1,UgyLnP_JK-tdFfHPlgh4AaABAg,@robknights3966
UgyLnP_JK-tdFfHPlgh4AaABAg.9xMGEs2qoKw9xN6giTV9ji,,16,"2023-11-21 07:42:32",@ReyyXwayzee,"Gua juga gitu ogah bgt ngelayanin orang mau ngisi saldo dana ,pulsa dll kalo sebelum ngasih duit nya dulu",1,UgyLnP_JK-tdFfHPlgh4AaABAg,@robknights3966
UgyLnP_JK-tdFfHPlgh4AaABAg.9xMGEs2qoKw9xNe-39LPFO,,6,"2023-11-21 12:42:16",@Kikitambunan-e2r,"Ya benar, aku juga pedagang warung dan counter , harus lebih hati kalo ada yg mau belanja, minta uangnya dulu baru kasih barangnya...",1,UgyLnP_JK-tdFfHPlgh4AaABAg,@robknights3966
UgyLnP_JK-tdFfHPlgh4AaABAg.9xMGEs2qoKw9xNe1CRcd-m,,3,"2023-11-21 12:42:34",@Kikitambunan-e2r,"Sekarang banyak penipuan dan hutang",1,UgyLnP_JK-tdFfHPlgh4AaABAg,@robknights3966
UgyLnP_JK-tdFfHPlgh4AaABAg.9xMGEs2qoKw9xNtD5xHulw,,3,"2023-11-21 14:55:16",@mullasadra1216,"Gak usah ucap permohonan maaf, justru pedagang berterima kasih dgn nasehat ini",1,UgyLnP_JK-tdFfHPlgh4AaABAg,@robknights3966
UgyLnP_JK-tdFfHPlgh4AaABAg.9xMGEs2qoKw9xOt9dO92Bf,,3,"2023-11-22 00:14:02",@xwz37c12hgp,"AUTO DPO ORANG MADURA... GAWAT😂",1,UgyLnP_JK-tdFfHPlgh4AaABAg,@robknights3966
UgyLnP_JK-tdFfHPlgh4AaABAg.9xMGEs2qoKw9xTuD5H-w4J,,0,"2023-11-23 22:59:27",@yatimikha7115,👍👍👍,1,UgyLnP_JK-tdFfHPlgh4AaABAg,@robknights3966
UgyLnP_JK-tdFfHPlgh4AaABAg.9xMGEs2qoKw9xvjjtmrUeI,,0,"2023-12-05 03:45:55",@qwery85,Utang😂,1,UgyLnP_JK-tdFfHPlgh4AaABAg,@robknights3966
UgyLnP_JK-tdFfHPlgh4AaABAg.9xMGEs2qoKw9yUWOsrrdta,,1,"2023-12-19 01:13:14",@wiwikwuryani1423,"Sekarang banyak penipu dan utang. Aku pernah ada orang hutang sama aku ngak saya kasih Krn saya pas ada keperluan agak banyak.......eeee saya disatru sampai sekarang.",1,UgyLnP_JK-tdFfHPlgh4AaABAg,@robknights3966
UgyLnP_JK-tdFfHPlgh4AaABAg.9xMGEs2qoKwA-xRdPRqDe-,,2,"2024-02-18 09:11:40",@rudyyuniarto571,"Si ibu pasti sdh liat vidionya viral..hehehe..sampai punya cucu loe bu..vidionya ada trus..sgr operasi muka bu..operasi dlu..baru byr belakangan nanti di rmh..😂",1,UgyLnP_JK-tdFfHPlgh4AaABAg,@robknights3966
UgyLnP_JK-tdFfHPlgh4AaABAg.9xMGEs2qoKwA1wzERbjPbf,,0,"2024-04-07 21:57:31",@bikinribet6934,"Karena sarannya bagus, saya maafkan 😂",1,UgyLnP_JK-tdFfHPlgh4AaABAg,@robknights3966
Ugyl_EAei35ZPCS4N014AaABAg,0,0,"2023-11-20 23:38:24",@rdkinsanmadani,"Tinggal tunggu keciduk",0,,
UgzH4fPKfWNEjPWq8hB4AaABAg,0,0,"2023-11-20 23:37:21",@widiastuti-vy2iw,"ea bnyk sekarang yg seperti ini..ada adek sya yg kenak juga sma orang yg sma modusnya seperti ini😢",0,,
Ugw6SGOugMeiclzsDWp4AaABAg,0,0,"2023-11-20 23:37:10",@anisahhusein6777,"Malu² in Lu Bu...gw kan suka begitu..pake daster trus ke warung Madura belanja sembako atau ga isi saldo jg utk suami saya...tapi untungnya saya masih waras...masih bener mau bayar ga nipu bgtu..najong deh!!!",0,,
UgxGAdz-R74x1T9NPCV4AaABAg,0,0,"2023-11-20 23:31:23",@khosiyatunnasiah4084,"Rasain kamu menipu sih...jadi viral dimedia , mukanya jelas lagi , astaghfirullah...kenapa yah...mau2 nya , kepepet kali yah...",0,,
Ugwr6PTTuuHjy07OHgt4AaABAg,0,0,"2023-11-20 23:24:55",@henyrantawati4928,"Kalau sy ,sy terima uangny dlu baru sy isi,selalu waspada",0,,
UgyrEdxFsHVVjNyGgjV4AaABAg,1,1,"2023-11-20 23:22:34",@MuhammadAzam-hy5uq,"Kalo nipu pake isi saldo berarti penipu sudah ahli. Tp pedagang lebih ahli",0,,
UgyrEdxFsHVVjNyGgjV4AaABAg.9xMDTqJxu0m9xNFDjO2maH,,0,"2023-11-21 08:57:05",@billykulim5202,"Yah itu kan berita di media. Kejadian asli nya jgn jgn si suami udah kirim tapi takut kena getok istri bikin kesaksian palsu blom terkirim",1,UgyrEdxFsHVVjNyGgjV4AaABAg,@MuhammadAzam-hy5uq
UgxPtShm1Xhp40rUnjZ4AaABAg,0,0,"2023-11-20 23:21:49",@abraramoon4327,"Wjwkw pasti penipunya udah girang bgt dp rejeki haram 200 rebu eh trnyata di prank wkwk",0,,
UgyheQ0_yEMewwNV5nB4AaABAg,0,0,"2023-11-20 23:19:55",@reyzafirmansyah2459,"Aokeoaksoakwk bodoh",0,,
UgwtnQMlVw5xOmbImJV4AaABAg,0,0,"2023-11-20 23:17:38",@xioamiapps7806,"Madura agamis👍",0,,
UgxUbsWdvfDK780cpnB4AaABAg,0,1,"2023-11-20 23:14:51",@agussucahyo5234,"Di bacok orang madura gak salah km Mereka merantau cari makan susah2 di tipu",0,,
UgwmIkc9s2f4grcQ7S54AaABAg,0,0,"2023-11-20 23:14:24",@sriminarsih4348,"Pantesan gede bgt tu isi 200 rb sangat mencurigakan",0,,
UgxfU6qga8HLIcPedy14AaABAg,0,1,"2023-11-20 23:13:07",@raardiandian7491,"Hebat lu bng luar biasa kepikiran sampe kesitu mantaaaaap",0,,
UgxEOX2t4iBOt_c64kF4AaABAg,0,0,"2023-11-20 23:06:35",@etpetp6480,"Bc n spill itu emak2.. Mau bikin rame setahun d sosmed.. Pengen liat malunya gmn😂😂",0,,
UgzF7mKt1S1LjkVxj2t4AaABAg,0,0,"2023-11-20 23:05:08",@hanwidjaya,"modus kayak gini sudah banyak didaerah jakarta",0,,
UgxaZxxJ3AWiJ41s4FN4AaABAg,0,0,"2023-11-20 23:00:52",@kakprie,"Tandai mukanya",0,,
UgwCelS9jPldwjyd_cp4AaABAg,3,11,"2023-11-20 22:59:12",@mosaraurus,"SUAMI ISTRI BAHAYA NIH KALAU BERANAK PINAK CUMA NGELAHIRIN BIBIT BIBIT GK BERGUNA.",0,,
UgwCelS9jPldwjyd_cp4AaABAg.9xMAneNyBCH9xMSD0OvUF9,,1,"2023-11-21 01:31:21",@dwiadysti,"Ngakak gw baca beranak pinakk...😂😂😂",1,UgwCelS9jPldwjyd_cp4AaABAg,@mosaraurus
UgwCelS9jPldwjyd_cp4AaABAg.9xMAneNyBCH9xNXF4CuDmw,,1,"2023-11-21 11:34:34",@trenunik7113,"Woii yg sopan ajg",1,UgwCelS9jPldwjyd_cp4AaABAg,@mosaraurus
UgwCelS9jPldwjyd_cp4AaABAg.9xMAneNyBCHA1b-bdlWGrL,,2,"2024-03-30 09:06:16",@Nathaniel-mq4ke,"Tapi bener 😂 punya emak bapak kek gitu, yaa kemungkinan besar ga mau tanggung pendidikan dsb. Anak berujung jadi kriminal juga kalo ga hati2",1,UgwCelS9jPldwjyd_cp4AaABAg,@mosaraurus
Ugz8qwuzXEeQ-BQ368l4AaABAg,0,13,"2023-11-20 22:57:53",@aquqartun5281,"Pedagang harus terima uang dulu kalo mau transaksi sebutkan dulu harganya kalo kaga ngasih uang sante aja tungguin atau barang dagangan pegang aja dulu terutama di malam hari Madura depan rumah gw pernah kena tipu gitu Ada jg minta isi bensin tp alesan uang ketinggalan..terpaksa bensin di sedot lagi pake selang 😁 Ada jg yg ngaku2 tukang krupuk minta setoran untung dia inget semua tukang kerupuk yg naroh di warungnya",0,,
UgznuOHX6L4twVNfRDx4AaABAg,0,0,"2023-11-20 22:47:55",@aaABBeeEe,"penipu mau nipu tapi di tipu karna tipu-tipu..wkwkkk",0,,
UgzOwfC0HfmwfTQ2scB4AaABAg,0,0,"2023-11-20 22:47:35",@NgaduCupang-lm7te,"Mantap. .warungnya",0,,
UgzZNXk_0njHmhBIKhh4AaABAg,0,0,"2023-11-20 22:45:55",@Jemdmmdjmrj4ijmfjelmwurnj39r,"Udah kere,kelakuan buruk,ampun dah...",0,,
UgzbWo8UXxTXOq6IlEd4AaABAg,0,23,"2023-11-20 22:45:14",@lagukuasli2223,"Ya kalau ada yg mau isi DANA dll yg seperti itu jgn mau kalau tidak menyerahkan uang lebih dulu",0,,
UgyEmlUzGtFhrzJ58Kl4AaABAg,0,0,"2023-11-20 22:38:32",@njeblesadventure7093,"Penipu jadinya ketipu",0,,
UgxUbPpCZfXnTt7J1EN4AaABAg,0,1,"2023-11-20 22:34:16",@ricardonainggolans,"Hahaha pas cek dana zonk 😂",0,,
Ugz27vA03XB0jDs2VAx4AaABAg,0,0,"2023-11-20 22:33:24",@telagabiru896,"Udah bnyk tu yg jd korban",0,,
UgwETcrhslN2VoJzDz54AaABAg,0,0,"2023-11-20 22:28:46",@suryapos1030,"Terima dulu uangnya baru diproses.",0,,
UgzS3Q3YK2X9CPoGoY54AaABAg,0,0,"2023-11-20 22:24:43",@harlitaandriani147,"Pasti dah sering masnya dah pengalaman 👍👍👍👍",0,,
Ugye5oR1NKf9iWFinwN4AaABAg,0,0,"2023-11-20 22:21:36",@SumarnoDrsMMMarno,"Minta dulu uangnya baru transaksi",0,,
UgxVHoOt_qbFFXz7aNt4AaABAg,0,0,"2023-11-20 22:21:04",@galihcipakuan,"Tukang tipu kok kena tipu juga😂",0,,
Ugz8AWrrC-xCHylLZsx4AaABAg,1,2,"2023-11-20 22:19:21",@emoenkalimuddin897,"warung maduranya bisa dituntut,telah menipu emak2.hotman paris coba bantu itu emak2 biar ada ke adilan di muka bumi ini",0,,
Ugz8AWrrC-xCHylLZsx4AaABAg.9xM6EmCvugY9xMAwPZbGZx,,0,"2023-11-20 23:00:24",@telagabiru896,"Pas di tmpt persembunyian. Lohh aku di tipu warung madura",1,Ugz8AWrrC-xCHylLZsx4AaABAg,@emoenkalimuddin897
Ugwy7xIewfbxCyhRANZ4AaABAg,0,0,"2023-11-20 22:18:59",@N.A.P19,"Yaelah, Bu kalo udah miskin jangan di kasih tau juga jati dirinya ibu.. Kalo di lihat dari wajahnya ibu ini gak jago minta minta di jalan, tampang miskinnya gak keliatan, melainkan serem.. Nah ibunya tuh cocok Bu jadi orang gila terus nakut nakutin orang deh di jalan, nah kalo udah puas nakutin orang, ibu panggil deh suaminya yg stand by di motor, wwkwkwkkkkwk",0,,
Ugxx3MKNpVvSPYhVPqZ4AaABAg,0,0,"2023-11-20 22:13:40",@Sukhoi89,"Ini namanya penjual dan pembeli adu mekanik😅",0,,
UgwzW6kyeXD-1qi_fyx4AaABAg,0,1,"2023-11-20 22:05:54",@asepsopian2180,"Itu namanya orang so pinter mau minterin orang pinter makanya kalau belum cukup ilmu jangan mau jadi penipu",0,,
UgzBix-IxtGxvH0vsrR4AaABAg,0,1,"2023-11-20 22:00:38",@Batuta4472,"Wong madura di lawan😂, licik di tangkis cerdik",0,,
UgzwsoCCgzVVw67-4EF4AaABAg,13,158,"2023-11-20 21:59:47",@shafeeqsaleem7508,"Kalo niat isi saldo, harus nya yg mau isi dana kasih dulu duit nya ke penjual. Si pedagang sudah pengalaman dgn penipu.",0,,
UgzwsoCCgzVVw67-4EF4AaABAg.9xM4-W7mIGA9xMWvRfh7X6,,3,"2023-11-21 02:12:30",@emir_rahman2415,",yess betul.Ada bbrp kasus spt ini..makanya sdh pengalaman nih si abangnua..hehe",1,UgzwsoCCgzVVw67-4EF4AaABAg,@shafeeqsaleem7508
UgzwsoCCgzVVw67-4EF4AaABAg.9xM4-W7mIGA9xMWxuQccHE,,4,"2023-11-21 02:12:50",@juripenilaian3630,"INTI NYA HARUS DUIT DULUAN",1,UgzwsoCCgzVVw67-4EF4AaABAg,@shafeeqsaleem7508
UgzwsoCCgzVVw67-4EF4AaABAg.9xM4-W7mIGA9xMXlSjsSMy,,1,"2023-11-21 02:19:52",@keishaadeliaputriyana6737,"Mungkin pernah kejadian uang melayang",1,UgzwsoCCgzVVw67-4EF4AaABAg,@shafeeqsaleem7508
UgzwsoCCgzVVw67-4EF4AaABAg.9xM4-W7mIGA9xMZfmp9dMh,,4,"2023-11-21 02:36:35",@andrisandria9694,"Kejadian tmn kerja d indomart,ketipu 4,7 dan alesannya mau ngambil dlu duitnya ke Atm.",1,UgzwsoCCgzVVw67-4EF4AaABAg,@shafeeqsaleem7508
UgzwsoCCgzVVw67-4EF4AaABAg.9xM4-W7mIGA9xM_p_4495J,,0,"2023-11-21 02:46:39",@shafeeqsaleem7508,"@andrisandria9694 waduh kasihan teman nya. Bisa jadi teman nya ketipu dikarenakan si penipu make bahasa berbau agama sehingga teman nya percaya aja.",1,UgzwsoCCgzVVw67-4EF4AaABAg,@shafeeqsaleem7508
UgzwsoCCgzVVw67-4EF4AaABAg.9xM4-W7mIGA9xMbipypRCb,,0,"2023-11-21 03:03:12",@andrisandria9694,"@shafeeqsaleem7508 emng salah tmn saya jga.sop nya kan harus terima duit dlu.",1,UgzwsoCCgzVVw67-4EF4AaABAg,@shafeeqsaleem7508
UgzwsoCCgzVVw67-4EF4AaABAg.9xM4-W7mIGA9xMcREv9B0t,,0,"2023-11-21 03:09:24",@doddyandriana7357,"​@shafeeqsaleem7508kenapa mas, anda g percaya sama saya....?? Jawab aja gak..",1,UgzwsoCCgzVVw67-4EF4AaABAg,@shafeeqsaleem7508
UgzwsoCCgzVVw67-4EF4AaABAg.9xM4-W7mIGA9xMlZSjRxYv,,1,"2023-11-21 04:29:10",@Ammishanum,"Pedagang depan jl.raya emang selalu jadi sasaran,,modus ini lah modus itulah,, aku sering mengalami hal itu",1,UgzwsoCCgzVVw67-4EF4AaABAg,@shafeeqsaleem7508
UgzwsoCCgzVVw67-4EF4AaABAg.9xM4-W7mIGA9xNItR8JUC9,,0,"2023-11-21 09:29:08",@thampan123,"@andrisandria9694 bisa gitu ,, saya kalau beli ke indomaret / alfamart tanpa uang masuk ga akan di proses",1,UgzwsoCCgzVVw67-4EF4AaABAg,@shafeeqsaleem7508
UgzwsoCCgzVVw67-4EF4AaABAg.9xM4-W7mIGA9xNSxM8CRbh,,0,"2023-11-21 10:57:03",@ReinGame,"​@andrisandria9694waduh ngeri bener , Indomaret Alfamart emg gitu main transaksi aja baru di tagih. Tempatku juga",1,UgzwsoCCgzVVw67-4EF4AaABAg,@shafeeqsaleem7508
UgzwsoCCgzVVw67-4EF4AaABAg.9xM4-W7mIGA9xQAOKJnC9n,,0,"2023-11-22 12:12:34",@BadBoy-yf6hd,"​@andrisandria9694buset 1x gaji sebulan nya UMR Sidoarjo masih kurang 100rb, ngga gaji an 1x itu buat nebus😢",1,UgzwsoCCgzVVw67-4EF4AaABAg,@shafeeqsaleem7508
UgzwsoCCgzVVw67-4EF4AaABAg.9xM4-W7mIGAA13FB0TIBnM,,0,"2024-03-16 21:08:53",@Sagi_Life,"​@andrisandria9694bisa kek gitu ya temennya,, selama ini aku tiap isi saldo dana/shopaypay/ bayar cicilan apapun ke indo alfa selalu kasirnya minta uang duluan baru diproses n keluar struk. Ga pernah sih struk uda keluar baru bayar belakangan",1,UgzwsoCCgzVVw67-4EF4AaABAg,@shafeeqsaleem7508
UgzwsoCCgzVVw67-4EF4AaABAg.9xM4-W7mIGAA9AlGsV3rqQ,,1,"2024-10-04 15:23:52",@timotiuserikson3273,"​@shafeeqsaleem7508bisa jadi sih,maksudnya kayak mabok agama gt kan?",1,UgzwsoCCgzVVw67-4EF4AaABAg,@shafeeqsaleem7508
Ugxng6-A5JBs-wEtSxJ4AaABAg,3,1,"2023-11-20 21:55:45",@pramayatna6957,"Pak Ustad, bagaimana hukumnya menipu penipu, dosa kah?",0,,
Ugxng6-A5JBs-wEtSxJ4AaABAg.9xM3XyLl46-9xM6dlZ8YNw,,0,"2023-11-20 22:22:54",@jayabisa1143,Dosa..,1,Ugxng6-A5JBs-wEtSxJ4AaABAg,@pramayatna6957
Ugxng6-A5JBs-wEtSxJ4AaABAg.9xM3XyLl46-9xMJHIzUspC,,0,"2023-11-21 00:13:17",@moonlight17-k1n,"Pedagangnya nipu jg ga merugikan siapa2, cuma jaga2 klo duit udh di tangan baru di kirim, dari pd di tipu orang yg jelas ngerugiin usahanya",1,Ugxng6-A5JBs-wEtSxJ4AaABAg,@pramayatna6957
Ugxng6-A5JBs-wEtSxJ4AaABAg.9xM3XyLl46-9xMOKV1mCKP,,0,"2023-11-21 00:57:25",@jayabisa1143,"@moonlight17-k1n maaf saya klarifikasi yg dosa penipunya...bukan pedagang nya maaf....",1,Ugxng6-A5JBs-wEtSxJ4AaABAg,@pramayatna6957
UgzrjIdXHU4ryD6OduN4AaABAg,0,2,"2023-11-20 21:54:33",@CrazyGamer-yv2qg,"Wajah ibu ini mengingatkanku pada seorang bocah nyanmar yang viral di lampu merah dgn jari telunjuk fak,",0,,
UgwfQLryGK-zfiAu4IF4AaABAg,0,1,"2023-11-20 21:51:14",@syifakfanyzuliawan5053,"Buaya mau lu kadalin. Tidak semudah itu ferguso",0,,
Ugy01vuWJGqeFWrc2w14AaABAg,0,0,"2023-11-20 21:46:34",@simonperez370,"Madura di lawan 😁😁😁",0,,
Ugx6VlscmLarnDTs4Y94AaABAg,3,98,"2023-11-20 21:46:01",@laramaida2104,"wajah jelas terlihat, bagaimana kalau keluarga dan tetangga melihat, tp ah peduli amat mereka melakukan itu karena memang sdh profesi.",0,,
Ugx6VlscmLarnDTs4Y94AaABAg.9xM2Qgm_veA9xNP04mUP-T,,6,"2023-11-21 10:22:36",@AuliyaAfifah-q9p,"Orang gitu g pny urat malu... Yg ptg cuan",1,Ugx6VlscmLarnDTs4Y94AaABAg,@laramaida2104
Ugx6VlscmLarnDTs4Y94AaABAg.9xM2Qgm_veAA7ZrdZ83SLe,,3,"2024-08-25 16:17:46",@Paseo_heheboi,"Apa itu malu Cuan no satu 😂 Ya begitulah simulasi pemikiran mereka 😌",1,Ugx6VlscmLarnDTs4Y94AaABAg,@laramaida2104
Ugx6VlscmLarnDTs4Y94AaABAg.9xM2Qgm_veAAFBWi8DVG8F,,0,"2025-03-03 01:35:31",@moms7851,"Kayaknya dia gak sadar mba kl warungnya ada cctv nya Kl dia ngeuh. Ada cctv pasti hati hati",1,Ugx6VlscmLarnDTs4Y94AaABAg,@laramaida2104
Ugy8PzLi71lIpGBYKFN4AaABAg,0,0,"2023-11-20 21:45:28",@amywrotowijoyo1542,"Ini yg bener.jd tahu tampang penipunya.waspadalah warung2 lain",0,,
UgyakDG1-xlZCsEaSJB4AaABAg,0,0,"2023-11-20 21:39:05",@darjoey1063,"Itu dia kan nyebutin nomor nya perlu di hujat",0,,
UgzlVpIIM0J2chvsO9B4AaABAg,0,0,"2023-11-20 21:36:37",@Jakarta-nh5or,"Maknya sp tuh 😂😂😂😂",0,,
Ugw7DpxSr9NJ9eLjf2B4AaABAg,0,1,"2023-11-20 21:36:03",@sriwahyuniponi1035,"Pinteran yg puny warung👎😄",0,,
Ugx2aG-MwFg7zQi9X_Z4AaABAg,0,0,"2023-11-20 21:32:48",@bot8705,"Penipu yg tertipu",0,,
UgwR5OIKXaYRROhpAzd4AaABAg,3,0,"2023-11-20 21:26:06",@tailor3340,"Sama"" gk jujur,sama""licik",0,,
UgwR5OIKXaYRROhpAzd4AaABAg.9xM08qQ3YAf9xM3q3ID7C6,,1,"2023-11-20 21:58:22",@mrizaline,"Kok sama2 ga jujur? 😂. Abang warung nya udh tau itu nipu maka nya bilang udh masuk.",1,UgwR5OIKXaYRROhpAzd4AaABAg,@tailor3340
UgwR5OIKXaYRROhpAzd4AaABAg.9xM08qQ3YAf9xM5BJDO_tj,,2,"2023-11-20 22:10:08",@yhnbp3549,"Laahh?? udik amat pemikiran lu?? Kalau ""Misalkan"" Katakanlah si abang warung itu gk jujur gampang mau nuntut dia, alamat jelas, dia punya usaha netap kok ngapain nipu?? Justru dia antisipasi biar gk rugi, menjaga harta benda itu Hukumnya wajib mau di UUD atau Agama",1,UgwR5OIKXaYRROhpAzd4AaABAg,@tailor3340
UgwR5OIKXaYRROhpAzd4AaABAg.9xM08qQ3YAf9xM8nu9Tdaf,,0,"2023-11-20 22:41:45",@lanasampit5546,"Kuy ai.bungol banar otak kam ne.manusiakah apa lain dari pemikiran kam ne?😂",1,UgwR5OIKXaYRROhpAzd4AaABAg,@tailor3340
UgxBwB6-XyfBXGnLZlt4AaABAg,0,0,"2023-11-20 21:26:03",@user-nb2vx8qy4t,"Kasihan penipu",0,,
Ugx_Aggt-ZfGhQnLEZ54AaABAg,0,0,"2023-11-20 21:23:39",@hogangt305,"tampangnya mirip iblis",0,,
UgyJYFLNUG9ix7Ez0LV4AaABAg,0,0,"2023-11-20 21:13:51",@farlyra89,"Emak emak masker injak injak aja kepalanya kalau bekingannya marah sekalian habisi!!!!!!!",0,,
Ugx6trO9TGXRc73tlQB4AaABAg,0,0,"2023-11-20 20:54:21",@orangbawah,"Mukanya jadi mascot TOP UP😂",0,,
UgwYyC9q0mycX9_ebRZ4AaABAg,0,1,"2023-11-20 20:44:14",@bazzokarevo9988,"Kadal di kadalin",0,,
Ugxzu0KbUOJcPi9ABqt4AaABAg,0,1,"2023-11-20 20:38:28",@singpentingyakin5940,"Penipu tangkap",0,,
UgwgiRd_A91VAy92FSx4AaABAg,0,1,"2023-11-20 20:34:58",@boynatamegelli7258,"mukanya serem banget,manusia menjelma setan hemmmm serem",0,,
UgwbzuDIEdKUJMTPLZh4AaABAg,3,106,"2023-11-20 20:27:11",@ifk0111,"Di toko2 deket rumah kalo ada customer yg minta top up gitu,atau beli pulsa dll, uangnya dimintain dulu. Jadi orangnya gak bakal proses kalo uangnya belum dikasih.",0,,
UgwbzuDIEdKUJMTPLZh4AaABAg.9xLuPID4lvw9xM27FadS-4,,21,"2023-11-20 21:43:22",@shofwanulkirom4763,"Mskipun tdk di minta dlu gpp Yg penting stlah d catat nomernya jgn lgsung di OK atau di kirim, Tp seolah2 sudh di kirim, Nnti klo orgnya ngasih uang, baru di OK, Klo tdk ngasih uang, Batalkan",1,UgwbzuDIEdKUJMTPLZh4AaABAg,@ifk0111
UgwbzuDIEdKUJMTPLZh4AaABAg.9xLuPID4lvw9xMTmgw8Vfj,,0,"2023-11-21 01:45:06",@oreohook1607,"​@shofwanulkirom4763lah, sama kayak yg di video dong 😂",1,UgwbzuDIEdKUJMTPLZh4AaABAg,@ifk0111
UgwbzuDIEdKUJMTPLZh4AaABAg.9xLuPID4lvw9xMWs28ql9C,,1,"2023-11-21 02:12:02",@CalonJuragan31,"Sipp.. 👍🏼",1,UgwbzuDIEdKUJMTPLZh4AaABAg,@ifk0111
UgyOfJeSTNbd9YKbjyZ4AaABAg,25,54,"2023-11-20 20:24:17",@suprianto430,"Warung madura ga kalah sama warung batak,,murah dan lengkap",0,,
UgyOfJeSTNbd9YKbjyZ4AaABAg.9xLu3zqckox9xMHTqAUJsY,,6,"2023-11-20 23:57:31",@LELUHURvoidgod,"🤣🤣🤣🤣... warung madura termahal dri warung lain. sainganya warung madura itu alfamart.",1,UgyOfJeSTNbd9YKbjyZ4AaABAg,@suprianto430
UgyOfJeSTNbd9YKbjyZ4AaABAg.9xLu3zqckox9xMIxLuPSUi,,1,"2023-11-21 00:10:25",@sapuuduk6352,Mahal,1,UgyOfJeSTNbd9YKbjyZ4AaABAg,@suprianto430
UgyOfJeSTNbd9YKbjyZ4AaABAg.9xLu3zqckox9xML_o10aVK,,1,"2023-11-21 00:33:26",@desieka4037,"Murah??? Apa??? 🤣",1,UgyOfJeSTNbd9YKbjyZ4AaABAg,@suprianto430
UgyOfJeSTNbd9YKbjyZ4AaABAg.9xLu3zqckox9xMN-Dhh6W3,,0,"2023-11-21 00:45:46",@javacoffee3992,"Warung madura itu menang buka 24 jam doang",1,UgyOfJeSTNbd9YKbjyZ4AaABAg,@suprianto430
UgyOfJeSTNbd9YKbjyZ4AaABAg.9xLu3zqckox9xMQutmExG_,,0,"2023-11-21 01:20:00",@denztea3265,"Gk nyambung sma yg d beritain 😂",1,UgyOfJeSTNbd9YKbjyZ4AaABAg,@suprianto430
UgyOfJeSTNbd9YKbjyZ4AaABAg.9xLu3zqckox9xMRO3JPiVg,,1,"2023-11-21 01:24:07",@jago9014,"mahal warung nya",1,UgyOfJeSTNbd9YKbjyZ4AaABAg,@suprianto430
UgyOfJeSTNbd9YKbjyZ4AaABAg.9xLu3zqckox9xMRgHWXUmg,,6,"2023-11-21 01:26:44",@eternallycalmness,"​@LELUHURvoidgodkata siapa? Gua kalau beli minuman misal air minum botol dan jajan mesti di warung biasa lebih murah Alfa botol air 3600 warung biasa cuman 2000. Ga peduli tu warung Madura apa bukan yang penting menyejahterakan rakyat biasa bukan perusahaan",1,UgyOfJeSTNbd9YKbjyZ4AaABAg,@suprianto430
UgyOfJeSTNbd9YKbjyZ4AaABAg.9xLu3zqckox9xMTXP8bIip,,3,"2023-11-21 01:42:52",@oreohook1607,"​@LELUHURvoidgodmurah versi lu kayak gimana sih?? malah warung madura atau warung pinggir jalan yg lain lebih murah dari alfa atau indomaret... Lu coba dah bandingin harga barang yang sama antar indomaret/alfa dengan warung pinggir jalan..",1,UgyOfJeSTNbd9YKbjyZ4AaABAg,@suprianto430
UgyOfJeSTNbd9YKbjyZ4AaABAg.9xLu3zqckox9xMWvOG54tk,,3,"2023-11-21 02:12:30",@drwya410,"Warung Madura itu termasuk murah, yang mahal itu warung Kuningan",1,UgyOfJeSTNbd9YKbjyZ4AaABAg,@suprianto430
UgyOfJeSTNbd9YKbjyZ4AaABAg.9xLu3zqckox9xMX6qOpI4J,,1,"2023-11-21 02:14:12",@emir_rahman2415,",yess..wrg madura hampir lengkap,buka ssmpai malam / 24 jaam..hargaa muraaahhh👍",1,UgyOfJeSTNbd9YKbjyZ4AaABAg,@suprianto430
UgyOfJeSTNbd9YKbjyZ4AaABAg.9xLu3zqckox9xMXAylS5WJ,,0,"2023-11-21 02:14:45",@emir_rahman2415,"​@drwya410,nahh ini.miya bnget",1,UgyOfJeSTNbd9YKbjyZ4AaABAg,@suprianto430
UgyOfJeSTNbd9YKbjyZ4AaABAg.9xLu3zqckox9xMXPwuyPjr,,1,"2023-11-21 02:16:48",@emir_rahman2415,"​@oreohook1607 dongok emang dia.Dibandingkn alfa/ indo..jelas beda lah..disana parrkir..niat beli gula kopi..eh jd nambah merembet kemana2..blm tawaran: donat nya kakaa..bla bla..prettt!!",1,UgyOfJeSTNbd9YKbjyZ4AaABAg,@suprianto430
UgyOfJeSTNbd9YKbjyZ4AaABAg.9xLu3zqckox9xMdvxqpUlL,,2,"2023-11-21 03:22:28",@bocahbagus563,"Batal jarang yg punya usaha warung kali... Batak usaha tambal ban pengusaha angkot usaha rentenir sopir angkot... kalau yg berpendidika tinggi biasanya profesinya dibidang hukum seperti polisi lawyer jaksa hakim",1,UgyOfJeSTNbd9YKbjyZ4AaABAg,@suprianto430
UgyOfJeSTNbd9YKbjyZ4AaABAg.9xLu3zqckox9xMdyWKO8bL,,0,"2023-11-21 03:22:49",@NgalorNgidul_,"@emir_rahman2415ini lebih dongok dah perasaan , klo lo pinter ngapain juga harus pake parkir segala klo emang cuma beli gula kopi toh ujung2nya juga klo alfa/indo jauh lo ttep k warung juga buat belanja😂😂",1,UgyOfJeSTNbd9YKbjyZ4AaABAg,@suprianto430
UgyOfJeSTNbd9YKbjyZ4AaABAg.9xLu3zqckox9xMe7SpDYBq,,0,"2023-11-21 03:24:11",@bocahbagus563,"@oreohook1607 iyalah kalau sudah kenal akrab sama yg punya warung bisa ngutang bayarnya kalau gajian",1,UgyOfJeSTNbd9YKbjyZ4AaABAg,@suprianto430
UgyOfJeSTNbd9YKbjyZ4AaABAg.9xLu3zqckox9xMep6s2Vi3,,0,"2023-11-21 03:30:17",@emir_rahman2415,"@NgalorNgidul_ ,,blog go..pia*a. Ya parkir lahh..punya duit. U yg pukil ya wajar...kismn akut..siy..parkir mikir hahaaa",1,UgyOfJeSTNbd9YKbjyZ4AaABAg,@suprianto430
UgyOfJeSTNbd9YKbjyZ4AaABAg.9xLu3zqckox9xMeu2aVRR9,,0,"2023-11-21 03:30:57",@emir_rahman2415,"@oreohook1607 ,,dia gak bisa bandingin ka..,ludes udah fikiran hahahaa",1,UgyOfJeSTNbd9YKbjyZ4AaABAg,@suprianto430
UgyOfJeSTNbd9YKbjyZ4AaABAg.9xLu3zqckox9xMf3bRFjrp,,1,"2023-11-21 03:32:24",@emir_rahman2415,"@bocahbagus563 ,banyak ka..warung/ kelontong ,biasanya sebutannya warung ucok😁😁",1,UgyOfJeSTNbd9YKbjyZ4AaABAg,@suprianto430
UgyOfJeSTNbd9YKbjyZ4AaABAg.9xLu3zqckox9xMgPFmWy9F,,0,"2023-11-21 03:44:05",@Camilla_Agustine,"Dsini mahal2 dan cewenya pasti pelayanannya judes2.. udahan mh cmn numpang sewa plus judes pula jjdnya sepiii... lakunya cmn tengah mlm/subuh aja klo yg lain dh pd tutup.. itupun kita beli krn kepepet. mending beli ke warung pribumi lokal aja atau orang jawa pelayanannya ramah2 & harga murah.. kita kan beli bukan minta wajarlah di kasih pelayanan bagus dan ramah",1,UgyOfJeSTNbd9YKbjyZ4AaABAg,@suprianto430
UgyOfJeSTNbd9YKbjyZ4AaABAg.9xLu3zqckox9xMqU7dlijh,,0,"2023-11-21 05:12:08",@suprianto430,"Nyatanya q beli murah kok,,kawasan d Bogor,,buka 24 jam,,gas elpiji 3kg harga 22rb,,warung batak 23 Belum yg lain2 sudah q bandingin,,",1,UgyOfJeSTNbd9YKbjyZ4AaABAg,@suprianto430
UgyOfJeSTNbd9YKbjyZ4AaABAg.9xLu3zqckox9xMqe02efh4,,0,"2023-11-21 05:13:37",@suprianto430,"@drwya410 betul2 sekali,,q pernah beli soalnya",1,UgyOfJeSTNbd9YKbjyZ4AaABAg,@suprianto430
UgyOfJeSTNbd9YKbjyZ4AaABAg.9xLu3zqckox9xMqsR9XHpq,,0,"2023-11-21 05:15:35",@suprianto430,"@denztea3265 biasa bang curhatan kaum belanja dan mendang mending,,wkwkwkw",1,UgyOfJeSTNbd9YKbjyZ4AaABAg,@suprianto430
UgyOfJeSTNbd9YKbjyZ4AaABAg.9xLu3zqckox9xMqyBADD62,,0,"2023-11-21 05:16:22",@suprianto430,"@desieka4037 sudah q bandingin,karna q sering beli",1,UgyOfJeSTNbd9YKbjyZ4AaABAg,@suprianto430
UgyOfJeSTNbd9YKbjyZ4AaABAg.9xLu3zqckox9xMximzpkyk,,0,"2023-11-21 06:15:26",@NgalorNgidul_,"@emir_rahman2415 wkakaka si dongok malah nelen ludah sendiri kocag , lo baca komenan lo lg deh yaa pinter🤣🤣",1,UgyOfJeSTNbd9YKbjyZ4AaABAg,@suprianto430
UgyOfJeSTNbd9YKbjyZ4AaABAg.9xLu3zqckoxA8Huy2Hs0XG,,0,"2024-09-12 13:31:50",@ShortFusion1st,"@LELUHURvoidgod mahal darimananya ? itu dah termasuk murah . emangnya murah vesi lu kek gimana sih ? lawak amat . masih mahalan di indomaret sama alfamart , di warung madura dan warung warung di pinggir jalan masih terbilang murah . kalo di indomaret sama alfamart air botol aja bisa sampai 4 rb perbotolnya , kalo di warung pinggir jalan khususnya di warung madura cuma 2 rb ada juga yg 3 rb .",1,UgyOfJeSTNbd9YKbjyZ4AaABAg,@suprianto430
Ugxoj5iQ5dWPFlooUB54AaABAg,1,2,"2023-11-20 20:21:21",@haryantiharyanti5741,"mknya klo blm ada uang jgn ditransaksi",0,,
Ugxoj5iQ5dWPFlooUB54AaABAg.9xLtjZ3s5fA9xM3KpgKyaW,,0,"2023-11-20 21:53:58",@murniyadisamidi5571,"Bukan nggak ada uang, memang niat nya mau nipu, mereka ini kadang komplotan, dengan motor yg sama bisa ganti ganti orang yg pura pura ngisi saldo di berbagai counter",1,Ugxoj5iQ5dWPFlooUB54AaABAg,@haryantiharyanti5741
UgyIMfPu7z4JKnl9Nkl4AaABAg,0,1,"2023-11-20 20:16:20",@karyaalmunium,"Kalau ngak kasih uang ngapain di isi minta dulu uang nya baru di isi",0,,
UgzG1nIkGPPO9pVch-N4AaABAg,16,90,"2023-11-20 20:03:24",@peransantai,"Besar kemungkinan diduga Efek JUDI ONLINE ...!!! Ga punya duit mau modus buat depo 🤣🤣🤣🤣.... INDONESIA SUDAH DARURAT JUDI ONLINE...",0,,
UgzG1nIkGPPO9pVch-N4AaABAg.9xLrg7iYTzj9xMFlNzpMBJ,,1,"2023-11-20 23:42:35",@iwakpeyek101,"Jp, scater 😂😂😂",1,UgzG1nIkGPPO9pVch-N4AaABAg,@peransantai
UgzG1nIkGPPO9pVch-N4AaABAg.9xLrg7iYTzj9xMJbzyH_lL,,0,"2023-11-21 00:16:15",@riskiyanto4717,"Mau. Ngesloott..",1,UgzG1nIkGPPO9pVch-N4AaABAg,@peransantai
UgzG1nIkGPPO9pVch-N4AaABAg.9xLrg7iYTzj9xMOjcT8JSU,,1,"2023-11-21 01:00:59",@DjemiFinz,"Masa emak² doyan nge Slot?",1,UgzG1nIkGPPO9pVch-N4AaABAg,@peransantai
UgzG1nIkGPPO9pVch-N4AaABAg.9xLrg7iYTzj9xMT1G6n6O2,,3,"2023-11-21 01:38:29",@AR_SADIANA,"​@DjemiFinzSlot g pandang bulu bro. Dari anak"" Sampek emmak"" Bisa main😂",1,UgzG1nIkGPPO9pVch-N4AaABAg,@peransantai
UgzG1nIkGPPO9pVch-N4AaABAg.9xLrg7iYTzj9xMTTXv_OHp,,1,"2023-11-21 01:42:20",@DjemiFinz,"@AR_SADIANA anjirr...sadis banget ya bang Judi slot😳",1,UgzG1nIkGPPO9pVch-N4AaABAg,@peransantai
UgzG1nIkGPPO9pVch-N4AaABAg.9xLrg7iYTzj9xMYLhqEzmf,,2,"2023-11-21 02:24:58",@RiseEmpire-o4m,"Iya bener buuaaannyyyaak banget yang main judi online sekarang dan itu masyarakat menengah kebawah Rata rata yg main haddeh pemerintah harus bertindak secepatnya STOP judi online.",1,UgzG1nIkGPPO9pVch-N4AaABAg,@peransantai
UgzG1nIkGPPO9pVch-N4AaABAg.9xLrg7iYTzj9xMcjcjBNg9,,0,"2023-11-21 03:12:03",@DjemiFinz,"@RiseEmpire-o4m susah bang kalo di stop mah. Udh kecanduan ampe jual banda. Malah denger² cerita ampe bininya di gadai.",1,UgzG1nIkGPPO9pVch-N4AaABAg,@peransantai
UgzG1nIkGPPO9pVch-N4AaABAg.9xLrg7iYTzj9xMo-H6jDzz,,1,"2023-11-21 04:50:27",@jemieijaya8519,"yang PENGALAMAN TAU AJA 😂😂😂😂",1,UgzG1nIkGPPO9pVch-N4AaABAg,@peransantai
UgzG1nIkGPPO9pVch-N4AaABAg.9xLrg7iYTzj9xMwDVK3FHB,,1,"2023-11-21 06:02:18",@sintadewi3719,"@DjemiFinz yg kemaren main judol tp bilangnya candycrush bukanyya emak""😆",1,UgzG1nIkGPPO9pVch-N4AaABAg,@peransantai
UgzG1nIkGPPO9pVch-N4AaABAg.9xLrg7iYTzj9xNAwaSUXnU,,0,"2023-11-21 08:19:39",@Cleeon,"Jadi itu kemungkinan untuk modal judi? Weqsss sampai segitunya",1,UgzG1nIkGPPO9pVch-N4AaABAg,@peransantai
UgzG1nIkGPPO9pVch-N4AaABAg.9xLrg7iYTzj9xNB0Fm1m7W,,0,"2023-11-21 08:20:18",@Cleeon,"​@sintadewi3719ooh iya, anggota dewan itu juga emak, baru ingat 😅",1,UgzG1nIkGPPO9pVch-N4AaABAg,@peransantai
UgzG1nIkGPPO9pVch-N4AaABAg.9xLrg7iYTzj9xPM__QRhKP,,1,"2023-11-22 04:39:51",@IfahFah-hj4vk,"Mau Brantas judi online itu gk bsa, bandar2 judi itu dah membiayai parpol2 dlm kontestasi pilpres 2024 mendatang, jongos bandar judi itu ad dmn2, d pemerintahan, legislatif, dan aparat pun tdk luput dr cengkeraman mereka,,,,,,,",1,UgzG1nIkGPPO9pVch-N4AaABAg,@peransantai
UgzG1nIkGPPO9pVch-N4AaABAg.9xLrg7iYTzjA-sNbR23tT_,,1,"2024-02-16 10:00:15",@yantooblo5777,"Ak yakin slah satu yg komentr jdi korban slot. 😂😂😂😂",1,UgzG1nIkGPPO9pVch-N4AaABAg,@peransantai
UgzG1nIkGPPO9pVch-N4AaABAg.9xLrg7iYTzjA2snB_Ye1tC,,0,"2024-05-01 03:26:42",@anakmbarepe,"Darurat WD 😂",1,UgzG1nIkGPPO9pVch-N4AaABAg,@peransantai
UgzG1nIkGPPO9pVch-N4AaABAg.9xLrg7iYTzjA36O_5Pp2FP,,0,"2024-05-06 19:31:27",@sutisnachanel8201,"Pemikiran sempit lu kira dana cuma buat depo doang",1,UgzG1nIkGPPO9pVch-N4AaABAg,@peransantai
UgzG1nIkGPPO9pVch-N4AaABAg.9xLrg7iYTzjA36vF-EOn_z,,0,"2024-05-07 00:25:41",@peransantai,"@sutisnachanel8201 Lo baca dan simak baik2 ....disitu ada kalimat 'DIDUGA"". PEMIKIRAN LO YG SEMPIT.... FAKTAnya Memang Indonesia darurat judi online...dan itu fakta yg ada...intinya si ibu ini mau modus dan merugikan orang...!!!",1,UgzG1nIkGPPO9pVch-N4AaABAg,@peransantai
Ugz3KICB7yIIRW02qs14AaABAg,0,20,"2023-11-20 19:48:57",@opponeotri1438,"Ditangkep aja penjara, biar tahu smuanya",0,,
Ugx0myuksxjeFm7cSq54AaABAg,0,12,"2023-11-20 19:42:06",@abaninejad7360,"Sebar aja nmr hp nya biar diteror oleh netizens ☺️😁",0,,
UgzqokwU4Vnk4Ej5jmd4AaABAg,0,3,"2023-11-20 19:30:57",@aguswibowo190,"Emak siapa tuhhhhh.....",0,,
Ugy-6nucZltmatoql914AaABAg,2,38,"2023-11-20 19:30:12",@trafalgardmail4811,"Dikota saya juga rame pura"" top up saldo ujung""nya kabur Gara"" judol maling penipuan makin marak",0,,
Ugy-6nucZltmatoql914AaABAg.9xLnsvEWwR59xM4cjrP_fS,,4,"2023-11-20 22:05:17",@yhnbp3549,"Kalau ketangkep polisi atau warga pasti ngaku orang miskin, ngelakuin ini karna kepaksa buat beli beras segala macem padahal buat judi, mabok, beli narkoba",1,Ugy-6nucZltmatoql914AaABAg,@trafalgardmail4811
Ugy-6nucZltmatoql914AaABAg.9xLnsvEWwR59xNbpnJbGkC,,0,"2023-11-21 12:23:24",@trafalgardmail4811,"@yhnbp3549 asli mereka itu cuma org malas yg hidupnya pengen enak GK perlu cape"" kerja",1,Ugy-6nucZltmatoql914AaABAg,@trafalgardmail4811
UgzfhNqSOsojskBnb1N4AaABAg,1,2,"2023-11-20 19:29:00",@PemakaiLogika,"Tag wajahnya😂...",0,,
UgzfhNqSOsojskBnb1N4AaABAg.9xLnk3zPzoo9xM8s8IBbk7,,0,"2023-11-20 22:42:20",@lanasampit5546,"Buatin setiker bro muka ny biar kita share di medsos😂",1,UgzfhNqSOsojskBnb1N4AaABAg,@PemakaiLogika
UgzZFmzpUDL8iqrJsrB4AaABAg,7,24,"2023-11-20 19:13:30",@ariostoendekan5260,"Uda tua bu , ntar tua lu kena karma , uda tua ntar d tipu dan tipu sm orang terus nanti ,,",0,,
UgzZFmzpUDL8iqrJsrB4AaABAg.9xLlycZezip9xMAfx_GJyd,,0,"2023-11-20 22:58:09",@telagabiru896,"Jd ingat yg syka joget joget. Umur dah 72 tahun",1,UgzZFmzpUDL8iqrJsrB4AaABAg,@ariostoendekan5260
UgzZFmzpUDL8iqrJsrB4AaABAg.9xLlycZezip9xMJw7xBAZE,,0,"2023-11-21 00:19:00",@jumainahmad792,"​@telagabiru896panas panas krn calon nya melorot tajam😂😂😂",1,UgzZFmzpUDL8iqrJsrB4AaABAg,@ariostoendekan5260
UgzZFmzpUDL8iqrJsrB4AaABAg.9xLlycZezip9xMKeNl1lY7,,0,"2023-11-21 00:25:19",@telagabiru896,"@jumainahmad792 ati tiati loh. encok kambuh. Mklum dah uzur",1,UgzZFmzpUDL8iqrJsrB4AaABAg,@ariostoendekan5260
UgzZFmzpUDL8iqrJsrB4AaABAg.9xLlycZezip9xML4BgPDZ1,,1,"2023-11-21 00:28:58",@jumainahmad792,"@telagabiru896 hahaha msih fit broo..yg muda klo cmn sk nmtn**"",😄😄😁 encokk bgt itu broo...",1,UgzZFmzpUDL8iqrJsrB4AaABAg,@ariostoendekan5260
UgzZFmzpUDL8iqrJsrB4AaABAg.9xLlycZezip9xMLZ2eCSJo,,0,"2023-11-21 00:33:11",@telagabiru896,"@jumainahmad792 emang msh berdiri tegak ya. Kn ud 72.",1,UgzZFmzpUDL8iqrJsrB4AaABAg,@ariostoendekan5260
UgzZFmzpUDL8iqrJsrB4AaABAg.9xLlycZezip9xMNakxabkk,,0,"2023-11-21 00:51:02",@jumainahmad792,"@telagabiru896 haha ente kug perhatian bgt sehh..naik kuda olahraga kuat bro..dripda yg muda sk xxx😄😄 siap2 dengkulnya..✌️✌️✌️",1,UgzZFmzpUDL8iqrJsrB4AaABAg,@ariostoendekan5260
UgzZFmzpUDL8iqrJsrB4AaABAg.9xLlycZezip9xMOdhE4toS,,0,"2023-11-21 01:00:10",@telagabiru896,"@jumainahmad792 pikuni sasi mlndaa woii",1,UgzZFmzpUDL8iqrJsrB4AaABAg,@ariostoendekan5260
Ugz9kQ8sEvJywT627GV4AaABAg,0,0,"2023-11-20 19:07:05",@reymon777.6yearago,"Udah tua peyot masih aja nipu",0,,
Ugxdvv04iOFt-qto9cZ4AaABAg,14,126,"2023-11-20 19:05:25",@blackbeard4334,"Ntar klo ditangkep bawa bawa NAMA MISKIN punya ANAK. Kelakuannya aja begitu. Dia kira orang kerja GAMPANG CARI UANG.",0,,
Ugxdvv04iOFt-qto9cZ4AaABAg.9xLl2Rpp_Zz9xM4MW2L5iC,,29,"2023-11-20 22:02:55",@yhnbp3549,"Udah mual gua dengernya anjiirr.. Maling motor, nipu segala macem kalau di tangkep polisi atau warga pasti ngaku miskin buat beli beras, beli susu anak, anaknya lagi sakit.. Padahal buat gaya hidup, judi, mabok, beli narkoba dan gaya hidup wkwkwkw",1,Ugxdvv04iOFt-qto9cZ4AaABAg,@blackbeard4334
Ugxdvv04iOFt-qto9cZ4AaABAg.9xLl2Rpp_Zz9xMAqSDVYS7,,5,"2023-11-20 22:59:35",@Go-bIock,"ya paling nanti dimasukin ke cel, dapet makan gratis & ga usah mikir bayar kos",1,Ugxdvv04iOFt-qto9cZ4AaABAg,@blackbeard4334
Ugxdvv04iOFt-qto9cZ4AaABAg.9xLl2Rpp_Zz9xMFAJugmch,,0,"2023-11-20 23:37:23",@jariyanibintoro9431,"Satu lagi saya tambahin.. jadi duta..",1,Ugxdvv04iOFt-qto9cZ4AaABAg,@blackbeard4334
Ugxdvv04iOFt-qto9cZ4AaABAg.9xLl2Rpp_Zz9xMGbr7Xh1x,,0,"2023-11-20 23:50:01",@suryamentariglobal248,"Betul,, kalo katangkap lempar k laut aj👍",1,Ugxdvv04iOFt-qto9cZ4AaABAg,@blackbeard4334
Ugxdvv04iOFt-qto9cZ4AaABAg.9xLl2Rpp_Zz9xMHiWro5aM,,3,"2023-11-20 23:59:40",@atutjuniyanto86,"Sekarang nangkep jambret, tukang tipu, begal.., hajar rame"" Mpe mampus,, hidup pada nipu mulu",1,Ugxdvv04iOFt-qto9cZ4AaABAg,@blackbeard4334
Ugxdvv04iOFt-qto9cZ4AaABAg.9xLl2Rpp_Zz9xMJKiieSnz,,0,"2023-11-21 00:13:45",@herlinawati-zx5ly,"Dalam hati si maling cair 200 rb",1,Ugxdvv04iOFt-qto9cZ4AaABAg,@blackbeard4334
Ugxdvv04iOFt-qto9cZ4AaABAg.9xLl2Rpp_Zz9xMK1rrijtJ,,1,"2023-11-21 00:19:55",@suryamentariglobal248,"@herlinawati-zx5ly iya,, tapi bolong Penipu kena tipu 😄🤣",1,Ugxdvv04iOFt-qto9cZ4AaABAg,@blackbeard4334
Ugxdvv04iOFt-qto9cZ4AaABAg.9xLl2Rpp_Zz9xMQ-H6bb4V,,0,"2023-11-21 01:12:00",@receptayyperdogan1589,"​@jariyanibintoro9431Yang jadi duta itu biasanya artis"" atau influencer",1,Ugxdvv04iOFt-qto9cZ4AaABAg,@blackbeard4334
Ugxdvv04iOFt-qto9cZ4AaABAg.9xLl2Rpp_Zz9xMWAo-TsDP,,0,"2023-11-21 02:06:00",@lionight.custom5693,"​@yhnbp3549bener anjir klo ketangkep mending u paksa minum kratingdeng 10 kerat biar ginjal nya bocor trus lepasin ginjal bocor = cuci darah teros ampe mampos 😂",1,Ugxdvv04iOFt-qto9cZ4AaABAg,@blackbeard4334
Ugxdvv04iOFt-qto9cZ4AaABAg.9xLl2Rpp_Zz9xMXEbkICqH,,0,"2023-11-21 02:15:15",@Dik_ta,"Dan pasti ada aja yg terkesima wkwkwk trs belain Ampe mencret mencret "" coba lu yg diposisi si ibu, blm aja lu punya anak kyk si ibu, blm aja lu ngrasain punya anak butuh susu butuh titit butuh eek ky si ibu"" trs ngedoain ky doanya mujarab aja ""semoga lu g prnh ngrasain posisi ky si ibu"" pret ah preeeetttt",1,Ugxdvv04iOFt-qto9cZ4AaABAg,@blackbeard4334
Ugxdvv04iOFt-qto9cZ4AaABAg.9xLl2Rpp_Zz9xMlQPs-L17,,2,"2023-11-21 04:27:56",@eddykof8958,"Alasan untuk beli susu anak., Basi banget! Kejahatan kok ditolerir karena alasan kasian",1,Ugxdvv04iOFt-qto9cZ4AaABAg,@blackbeard4334
Ugxdvv04iOFt-qto9cZ4AaABAg.9xLl2Rpp_Zz9xNWx8Y9-zY,,1,"2023-11-21 11:31:58",@trenunik7113,"Salah jokowi",1,Ugxdvv04iOFt-qto9cZ4AaABAg,@blackbeard4334
Ugxdvv04iOFt-qto9cZ4AaABAg.9xLl2Rpp_Zz9xNmuHK1ZsW,,0,"2023-11-21 14:00:08",@zkken69,"Intinya mereka MALAS KERJA",1,Ugxdvv04iOFt-qto9cZ4AaABAg,@blackbeard4334
Ugxdvv04iOFt-qto9cZ4AaABAg.9xLl2Rpp_Zz9xXJW369xU6,,0,"2023-11-25 06:46:57",@nauradwita8466,"1 bulan gak makan nasi rendang. .wkwkwkwkw",1,Ugxdvv04iOFt-qto9cZ4AaABAg,@blackbeard4334
Ugw0Fj1b8oo1zHt6UUd4AaABAg,0,2,"2023-11-20 19:00:58",@bayandool-rh5ei,"yah pake buka masker sih",0,,
UgxUQpnrRMN2SiiDEZV4AaABAg,1,5,"2023-11-20 18:59:24",@syarifasari7922,"Saya baru tau di warung madura bisa to up dana",0,,
UgxUQpnrRMN2SiiDEZV4AaABAg.9xLkMLAOBcc9xLoQOyzg1U,,2,"2023-11-20 19:34:54",@AlvaroVernando,"Lengkap Bosque 😂😂😂",1,UgxUQpnrRMN2SiiDEZV4AaABAg,@syarifasari7922
UgxynEuinuVoiYI3sTF4AaABAg,0,0,"2023-11-20 18:53:00",@agoesset9371,"Udh nipu, pekok pula",0,,
UgxelIcOOM6zOTAXvV54AaABAg,0,6,"2023-11-20 18:46:15",@Jelangkung-il2fx,"Madura di lawan,,,belom tau dia",0,,
UgzLwApbtHAfThHGSn94AaABAg,6,6,"2023-11-20 18:43:08",@Baikalahsb,"Hahahaha dasar orng susah, hobinya menipuuuu",0,,
UgzLwApbtHAfThHGSn94AaABAg.9xLiVApbHyy9xLiyCmVriv,,2,"2023-11-20 18:47:14",@Kmzwa8awaaVegelante,"Betul justru kebanyakan orang yg penipu itu adalah orang miskin. Apalagi minjem duit habis itu ngilang",1,UgzLwApbtHAfThHGSn94AaABAg,@Baikalahsb
UgzLwApbtHAfThHGSn94AaABAg.9xLiVApbHyy9xLlhcaRcfG,,1,"2023-11-20 19:11:11",@djancux2716,"​@Kmzwa8awaaVegelantewkk,la jelas lebih banyak yg miskin...lah,karena presentase orang miskin dengan yg kaya besar yg miskin....lucu",1,UgzLwApbtHAfThHGSn94AaABAg,@Baikalahsb
UgzLwApbtHAfThHGSn94AaABAg.9xLiVApbHyy9xLm3Jk2-d5,,2,"2023-11-20 19:14:17",@djancux2716,"kata siapa yg nipu itu cma orang susah, orang kaya nipunya jga ke orang2 kaya.... contoh PENIPUAN TIKET COLD PLAY dan masih banyak lagi....presentase orang miskin lebih besar jdi wajar kelihatan lebih banyak yg di lakukan kelas bawah",1,UgzLwApbtHAfThHGSn94AaABAg,@Baikalahsb
UgzLwApbtHAfThHGSn94AaABAg.9xLiVApbHyy9xLxKNXAMyc,,0,"2023-11-20 20:52:44",@satyanugraha5955,"Orang kaya jujur ?",1,UgzLwApbtHAfThHGSn94AaABAg,@Baikalahsb
UgzLwApbtHAfThHGSn94AaABAg.9xLiVApbHyy9xM015dOJzu,,0,"2023-11-20 21:25:03",@tantiaja3786,"Penipu kelas org kaya yg ditipu duwit gedhe2 bro. Penipu kelas orang miskin yg ditipu duwit kecil2,",1,UgzLwApbtHAfThHGSn94AaABAg,@Baikalahsb
UgzLwApbtHAfThHGSn94AaABAg.9xLiVApbHyy9xM5m0dk5Cn,,1,"2023-11-20 22:15:17",@yhnbp3549,"Intinya niat untuk menipu itu timbul karna tingginya gengsi dan gaya hidup bukan masalah si kaya atau si miskin.. Contohnya orang kalah judi atau pengguna narkoba pasti dia menghalalkan apa aja demi memenuhi nafsu dia.. Gengsi pingin beli barang mahal biar terpandang walaupun ekonomi pas pasan juga bisa jadi faktor menghalalkan segala cara",1,UgzLwApbtHAfThHGSn94AaABAg,@Baikalahsb
UgwnsN4ce7oCaIOf_h14AaABAg,3,2,"2023-11-20 18:42:01",@singaparna5083,"Polisi bisa nangkap ga ya",0,,
UgwnsN4ce7oCaIOf_h14AaABAg.9xLiN3V5wJK9xLlCaBB5xm,,1,"2023-11-20 19:06:49",@ayoengsenior2554,"ngak lah...kan baru percobaan penipuan yg gagal. KALO NIPU NYA BERHASIL BARU BISA KENA PASAL PENIPUAN😊",1,UgwnsN4ce7oCaIOf_h14AaABAg,@singaparna5083
UgwnsN4ce7oCaIOf_h14AaABAg.9xLiN3V5wJK9xLlpD7KDSx,,4,"2023-11-20 19:12:13",@iyoyramadhan6957,"​@ayoengsenior2554lah ngaco, itu udah termasuk tindakan .. jadi bisa kena pasal dan di tangkap ... Sama halnya percobaan pembunuhan, klo gagal pembunuhannya masa ga kena pasal ...",1,UgwnsN4ce7oCaIOf_h14AaABAg,@singaparna5083
UgwnsN4ce7oCaIOf_h14AaABAg.9xLiN3V5wJK9xLm3Ds_noG,,1,"2023-11-20 19:14:16",@BANGKODIR789,"Lu data di polsek lu aja ada berapa pencurian motor ada ga yg ketangkep 😂",1,UgwnsN4ce7oCaIOf_h14AaABAg,@singaparna5083
UgzNqRiL8v0l1OvIRUZ4AaABAg,1,10,"2023-11-20 18:33:58",@harionoita9809,"Penipu amatiran 🤣🤣🤣🤣",0,,
UgzNqRiL8v0l1OvIRUZ4AaABAg.9xLhS096gsO9xM9ria9aK1,,0,"2023-11-20 22:51:01",@hellchemical,"Ada sesuatu yg mw kamu banggain ?",1,UgzNqRiL8v0l1OvIRUZ4AaABAg,@harionoita9809
UgweaxybDD7zI709B0J4AaABAg,0,4,"2023-11-20 18:30:32",@safariramadhan8405,Viralkan,0,,
UgyJtc_rckl54spY7JJ4AaABAg,1,5,"2023-11-20 18:29:08",@AbuNafzah,"Bayar dulu baru di isi 😂",0,,
UgyJtc_rckl54spY7JJ4AaABAg.9xLgti0yFkc9xLhEkrCInr,,7,"2023-11-20 18:32:09",@adentcancer4840,"Untuk para penggisi top up biasakan yang seperti ini. Mintain dulu uangnya baru di top up",1,UgyJtc_rckl54spY7JJ4AaABAg,@AbuNafzah
Ugzk0t94qnLk10TlXZZ4AaABAg,3,110,"2023-11-20 18:18:50",@R-dheMv,"ketika penipu kena tipu...😂😂 emang masterpiece",0,,
Ugzk0t94qnLk10TlXZZ4AaABAg.9xLfiFKZAMR9xPJp5D-uX-,,12,"2023-11-22 04:15:46",@azranazran8017,"Top up gak dapet Malah jadi buronan polisi dan warga yg liat mukanya di berita..... Di ketahui si ibu gak pernah buka masker dimanapun😂😂",1,Ugzk0t94qnLk10TlXZZ4AaABAg,@R-dheMv
Ugzk0t94qnLk10TlXZZ4AaABAg.9xLfiFKZAMR9zmaHdTBq4i,,1,"2024-01-20 07:32:54",@mzZAER,"Hhhhhhh ngakak bro",1,Ugzk0t94qnLk10TlXZZ4AaABAg,@R-dheMv
Ugzk0t94qnLk10TlXZZ4AaABAg.9xLfiFKZAMRA7njjANXWeZ,,1,"2024-08-31 10:57:14",@pineaplehead5020,"penipu ketipu 😂",1,Ugzk0t94qnLk10TlXZZ4AaABAg,@R-dheMv
