id,replyCount,likeCount,publishedAt,authorName,text,isReply,isReplyTo,isReplyToName
Ugw_AGz1aNa2vszWquV4AaABAg,23,92,"2022-07-16 08:32:48",@diepa3d,"Bener tuh, pasti cek dulu nomornya brp beneran dr kartu kredit/bukan. Biasanya ane langsung loudspeaker... Dn langsung cari di google nomor tersebut sambil telp. Klo beneran lanjut... Klo bukan matiin/mainin aja penipunya..",0,,
Ugw_AGz1aNa2vszWquV4AaABAg.9dXlYXwWbA_9mRSLDiBw_1,,6,"2023-02-22 14:23:19",@daniolendappa7673,"sy sdh pernh ketipu bang..",1,Ugw_AGz1aNa2vszWquV4AaABAg,@diepa3d
Ugw_AGz1aNa2vszWquV4AaABAg.9dXlYXwWbA_9oS3F4C85MK,,7,"2023-04-13 13:06:03",@joeforest855,"Klo sy g pernah angkat nomor g kenal",1,Ugw_AGz1aNa2vszWquV4AaABAg,@diepa3d
Ugw_AGz1aNa2vszWquV4AaABAg.9dXlYXwWbA_9wT2WoaTEMg,,2,"2023-10-29 18:30:09",@dzakiyaananta,"Saldo saya di begal di dana",1,Ugw_AGz1aNa2vszWquV4AaABAg,@diepa3d
Ugw_AGz1aNa2vszWquV4AaABAg.9dXlYXwWbA_9wilDlwljRy,,5,"2023-11-05 06:17:21",@sonysutrisno-l3h,"Bank tidak mau tanggung jawab dianggap kesalahan kita",1,Ugw_AGz1aNa2vszWquV4AaABAg,@diepa3d
Ugw_AGz1aNa2vszWquV4AaABAg.9dXlYXwWbA_9wrFjAz6ClJ,,3,"2023-11-08 13:26:35",@sonysutrisno-l3h,"Kejadian sudah 5thn yang lalu aku sampai marah2 dikantor BRI JATEN tetap tidak ada solosi saya dianggap salah karena pencet password 3x",1,Ugw_AGz1aNa2vszWquV4AaABAg,@diepa3d
Ugw_AGz1aNa2vszWquV4AaABAg.9dXlYXwWbA_9wrFow2zu4_,,4,"2023-11-08 13:27:22",@sonysutrisno-l3h,"Anda siapa kok tidak percaya?",1,Ugw_AGz1aNa2vszWquV4AaABAg,@diepa3d
Ugw_AGz1aNa2vszWquV4AaABAg.9dXlYXwWbA_9wvltacOTVJ,,0,"2023-11-10 07:33:19",@diepa3d,"Memang saat ini nomor"" ga jelas telp ke nomor kita itu dr mana ? Biasanya dr konter pulsa, paket barang kn disana tertulis alamat dn nomor telp., dn registrasi ke aplikasi yg membutuhkan hp. Belum lama ini sy registrasi app keret MRT sama KAI. seminggu kemudian bnyak telp ke nomor sy ga jelas.... Udah pasti kan ada kebocoran DATA ! Selemah itu kan Sy tau dr mana tersebut penipu, dll, coba instal ... ""GET CONTACT!"" broo... Disana lebih simple, dn bisa komen ke nomor itu bahwa nomor itu penipu, atau agen kartu kredit. Sy bayar langsung 1 tahun sangat membantu banget... Dn biasanya klo ditelp nomor penipu yg banyak report nomor tersebut Ga bunyi bro ringtone nya...",1,Ugw_AGz1aNa2vszWquV4AaABAg,@diepa3d
Ugw_AGz1aNa2vszWquV4AaABAg.9dXlYXwWbA_A2rJBk5k3aI,,0,"2024-04-30 13:36:36",@football35703,"​@sonysutrisno-l3hmungkin dia pengecer togel",1,Ugw_AGz1aNa2vszWquV4AaABAg,@diepa3d
Ugw_AGz1aNa2vszWquV4AaABAg.9dXlYXwWbA_A4phu2mCGgk,,1,"2024-06-18 15:45:32",@FarhatIbrahim-f3g,"Dr bri",1,Ugw_AGz1aNa2vszWquV4AaABAg,@diepa3d
Ugw_AGz1aNa2vszWquV4AaABAg.9dXlYXwWbA_A4xB6LYs26M,,9,"2024-06-21 13:24:11",@masykurn4453,"Saya sudah sering ngalami hal seperti ini, tapi saya selalu ikuti kemauannya, apa yang diperintahkan saya ikuti tapi data yang saya berikan adalah data yang salah, paling aq suka kalau tidak punya rekening di Bank yang dia maksud maka bebaslah aq kerjain, sampai akhirnya dia berteriak anjing kau bajingan dasar orang miskin, lalu dia matikan hp dan langsung di blokir aq.🤣",1,Ugw_AGz1aNa2vszWquV4AaABAg,@diepa3d
Ugw_AGz1aNa2vszWquV4AaABAg.9dXlYXwWbA_A8dARAVgnE_,,0,"2024-09-21 04:59:03",@widyaasrini6414,"Bisa..kenapa awalnya​@dzakiyaananta",1,Ugw_AGz1aNa2vszWquV4AaABAg,@diepa3d
Ugw_AGz1aNa2vszWquV4AaABAg.9dXlYXwWbA_A9HwMRbCC8i,,0,"2024-10-07 10:15:26",@Seimana-t8d,"​@masykurn4453 Nah ini bs jadi solusi 🤣",1,Ugw_AGz1aNa2vszWquV4AaABAg,@diepa3d
Ugw_AGz1aNa2vszWquV4AaABAg.9dXlYXwWbA_A9gnqrCS6cI,,0,"2024-10-17 11:21:20",@johnyaejkt,"intinya apa... pd belai/bela penjahat cr berkelit bkn opsi bantu, php/pea (pdhal data cukup jk benar gaada urusan alias tertipu/hipnotis",1,Ugw_AGz1aNa2vszWquV4AaABAg,@diepa3d
Ugw_AGz1aNa2vszWquV4AaABAg.9dXlYXwWbA_A9uFAXojp5I,,0,"2024-10-22 16:38:57",@sirait8860,Kreen​@masykurn4453,1,Ugw_AGz1aNa2vszWquV4AaABAg,@diepa3d
Ugw_AGz1aNa2vszWquV4AaABAg.9dXlYXwWbA_AAYzsPq-j6Q,,0,"2024-11-07 21:44:38",@NadafajriaSalsabila-g6p,"​@masykurn4453Bener kemarin q juga gitu. Yang TLP mlh marah2 GK jls",1,Ugw_AGz1aNa2vszWquV4AaABAg,@diepa3d
Ugw_AGz1aNa2vszWquV4AaABAg.9dXlYXwWbA_ACyzrHfGe5t,,0,"2025-01-07 02:26:45",@EstepanusSuparno-ck7zv,"Betul,justru penipu begitu merasa sakit hati kalau malah kita tipu juga​@masykurn4453",1,Ugw_AGz1aNa2vszWquV4AaABAg,@diepa3d
Ugw_AGz1aNa2vszWquV4AaABAg.9dXlYXwWbA_ADro_BjR9LZ,,0,"2025-01-29 04:04:53",@fadilla8177,"Setuju...saya sering banget mainin penipu sampe dia marah² ngumpat² gitu",1,Ugw_AGz1aNa2vszWquV4AaABAg,@diepa3d
Ugw_AGz1aNa2vszWquV4AaABAg.9dXlYXwWbA_AEDH5VUgMNL,,2,"2025-02-06 21:26:08",@FredikAlnabe,"Saya pernah di tipu 88juta habis di rekening",1,Ugw_AGz1aNa2vszWquV4AaABAg,@diepa3d
Ugw_AGz1aNa2vszWquV4AaABAg.9dXlYXwWbA_AEDiwBaVc3t,,1,"2025-02-07 01:38:07",@fadilla8177,"@FredikAlnabe  semoga jd pelajaran berharga jgn mudah dg iming²",1,Ugw_AGz1aNa2vszWquV4AaABAg,@diepa3d
Ugw_AGz1aNa2vszWquV4AaABAg.9dXlYXwWbA_AEKAj1FXAh8,,0,"2025-02-09 13:45:10",@rianalfa1953,"Sy barusan ketipu,dan saldo di rekning hilang,pertanyaanya apakah itu terjadi skali saja atau Akan ttp di bobol stelah mreka tau Data Kita?",1,Ugw_AGz1aNa2vszWquV4AaABAg,@diepa3d
Ugw_AGz1aNa2vszWquV4AaABAg.9dXlYXwWbA_AEKPw0yRpnJ,,1,"2025-02-09 15:58:01",@fadilla8177,"@rianalfa1953  ganti PIN aja",1,Ugw_AGz1aNa2vszWquV4AaABAg,@diepa3d
Ugw_AGz1aNa2vszWquV4AaABAg.9dXlYXwWbA_AEvYonxoIIB,,0,"2025-02-24 11:26:49",@atiksetyowati4821,"​@dzakiyaanantaanakku pernah juga ....😢",1,Ugw_AGz1aNa2vszWquV4AaABAg,@diepa3d
Ugw_AGz1aNa2vszWquV4AaABAg.9dXlYXwWbA_AFJz2_CUYdN,,0,"2025-03-06 08:25:47",@ningning_is,"Sekarang jaman canggih udah banyak hacker di dunia internet",1,Ugw_AGz1aNa2vszWquV4AaABAg,@diepa3d
UgwKvdofbQ8ufIRjDI14AaABAg,0,0,"2026-05-16 15:58:08",@M7SL8M8N,"Betul juga.",0,,
UgxObhkJNAgev719tt14AaABAg,1,0,"2026-04-14 23:58:17",@TulenangSindo,"Makasi kak atas informasinya kak sementara ini saya juga jadi korban penipuan dengan meminta data pribadi saya karna aku juga tidak tau apa "" lalu aku berikan semua data nya",0,,
UgxObhkJNAgev719tt14AaABAg.AVauuvFnyS6AVc9NZWbYQT,,0,"2026-04-15 11:32:38",@Finansialku_com,"Halo kak, terima kasih sudah meluangkan waktu untuk mengapresiasi, ya! 😊 Kalau kakak ingin konsultasi, silakan hubungi atau klik link berikut ya: 👉https://bit.ly/NgobrolKeuanganYt (0851-5897-1311) Kalau ada pertanyaan lain, feel free langsung tanya aja lewat WhatsApp ya kak, Happy Planning! ✨",1,UgxObhkJNAgev719tt14AaABAg,@TulenangSindo
UgyE4dgrO3EdyRyMWWx4AaABAg,1,0,"2026-04-06 21:52:27",@singimale1233,"Aku sangat alergi dengan nmr baru,, wa masuk dengan tetek bengek baik link.. website .. atau aplikasi apapun atau apa saja...",0,,
UgyE4dgrO3EdyRyMWWx4AaABAg.AVH59ICJWsIAVL6hlZK00H,,0,"2026-04-08 11:23:00",@Finansialku_com,"Halo kak, terima kasih sudah berbagi pengalamannya, ya! Semoga menjadi pembelajaran untuk Sobat Finansialku lainnya. Kalau kakak ingin konsultasi, silakan hubungi atau klik link berikut ya: 👉https://bit.ly/NgobrolKeuanganYt (0851-5897-1311) Kalau ada pertanyaan lain, feel free langsung tanya aja lewat WhatsApp ya kak, Happy Planning! ✨",1,UgyE4dgrO3EdyRyMWWx4AaABAg,@singimale1233
UgyDloa5ItX4z1cY8PB4AaABAg,1,0,"2026-04-03 18:10:34",@ferifadli641,"Bagi solusi doong sepupu saya kenak tipu otp uang2 saya ngumpul selama ini saya bekerja d luar negeri tiba tiba uang saya hilang semua,uang sya sya simpan d rekening sepupu saya",0,,
UgyDloa5ItX4z1cY8PB4AaABAg.AV8yNWP-G-DAVL6wk1mtxj,,0,"2026-04-08 11:25:02",@Finansialku_com,"Halo kak, terima kasih udah meluangkan waktu buat bertanya, ya. Mungkin untuk sementara kaka bisa hubungi atau klik link berikut ya: 👉https://bit.ly/NgobrolKeuanganYt (0851-5897-1311) Kalau ada pertanyaan lain, feel free langsung tanya aja lewat WhatsApp ya kak, Happy Planning! ✨",1,UgyDloa5ItX4z1cY8PB4AaABAg,@ferifadli641
Ugy7uTU3dGpugpMYkLR4AaABAg,1,0,"2026-03-26 00:10:28",@puriratna3150,"Aku dimintain KTP sama no rekening aja,",0,,
Ugy7uTU3dGpugpMYkLR4AaABAg.AUnRPbCrJlaAV8G3CaSBmx,,0,"2026-04-03 11:34:34",@Finansialku_com,"Hati2 Kak!",1,Ugy7uTU3dGpugpMYkLR4AaABAg,@puriratna3150
Ugxd7Lgkm8Zfeg-1PJ94AaABAg,1,0,"2026-03-22 06:06:29",@TeddyRezaldi,"Min, saldo rekt bca sya tiba2 hilang 1 JT tanpa mutasii. Dan nama sya jga bersih tdk prnh mencicil Dan tidak prnh pinjaman online sama sekalih. Tlng dibantu Min.",0,,
Ugxd7Lgkm8Zfeg-1PJ94AaABAg.AUdlylANksxAUm4yKoJXMY,,0,"2026-03-25 11:35:07",@Finansialku_com,"Halo kak, terima kasih udah meluangkan waktu buat bertanya, ya. Mungkin untuk sementara kaka bisa hubungi atau klik link berikut ya: 👉https://bit.ly/NgobrolKeuanganYt (0851-5897-1311) Kalau ada pertanyaan lain, feel free langsung tanya aja lewat WhatsApp ya kak, Happy Planning! ✨",1,Ugxd7Lgkm8Zfeg-1PJ94AaABAg,@TeddyRezaldi
UgzVVwkDU6K_AFV5bil4AaABAg,1,0,"2026-03-10 00:14:22",@sutarjogeneng4352,"Ini, adalah tugas negara/ aparat. Untuk, menangkap para pelaku penipu ini. Untuk, melindungi rakyat dari penipun. Itu, kalau negara di urus dengan benar. Itu, hak rakyat, karena rakyat sudah membayar pajak. Ya kan? Oke",0,,
UgzVVwkDU6K_AFV5bil4AaABAg.AU9F8FZvVt9AUD29ZR21Oa,,0,"2026-03-11 11:37:55",@Finansialku_com,"Halo kak, terima kasih sudah berbagi pengalamannya, ya! Semoga menjadi pembelajaran untuk Sobat Finansialku lainnya. Kalau kakak ingin konsultasi, silakan hubungi atau klik link berikut ya: 👉https://bit.ly/NgobrolKeuanganYt (0851-5897-1311) Kalau ada pertanyaan lain, feel free langsung tanya aja lewat WhatsApp ya kak, Happy Planning! ✨",1,UgzVVwkDU6K_AFV5bil4AaABAg,@sutarjogeneng4352
UgxvWdKVFoq6BGHF3HZ4AaABAg,1,0,"2026-02-09 03:01:14",@IraWati-gr2kp,"Saya pensiunan janda ketipu awalnya mereka telp sy katanya dari Taspen di no hpnya ada lambang Taspen terus mrk mengirim data sy yg lengkap katanya ini ada sisa uang yg di blm di TF 8 jt, terus sy disuruh ikuti apa yg mrk suruh dari hp dan sy ikuti, ternyata uang di ATM sy semua terkuras, terus sy mengadu ke Taspen dan sy tanya knp data sy bisa bocor tp Taspen tdk bertanggung jawab dan uang sy tdk kembali.",0,,
UgxvWdKVFoq6BGHF3HZ4AaABAg.ASzsB1jLjkwAT4x5RgNV3L,,0,"2026-02-11 11:39:36",@Finansialku_com,"Halo kak, terima kasih sudah berbagi pengalamannya, ya! Semoga menjadi pembelajaran untuk Sobat Finansialku lainnya. Kalau kakak ingin konsultasi, silakan hubungi atau klik link berikut ya: 👉https://bit.ly/NgobrolKeuanganYt (0851-5897-1311) Kalau ada pertanyaan lain, feel free langsung tanya aja lewat WhatsApp ya kak, Happy Planning! ✨",1,UgxvWdKVFoq6BGHF3HZ4AaABAg,@IraWati-gr2kp
Ugz-guYs0GBkvBFeMd54AaABAg,0,0,"2026-01-29 11:22:38",@adekamaludin2315,"Kepada pihak PT Mapan global reksa findaya saya beritahukan agar segera melakukan pengembalian uang customer atas nama ADE KAMALUDIN yang telah di scem hack spam memblokir email saya uang saya sebesar Rp 5000.000 telah di curi GOPAY maling😠",0,,
UgzQFpkJIUpVLxgnzGl4AaABAg,2,0,"2026-01-14 14:38:16",@wahyusubuh4198,"alhamdulillah tabungan saya di no rek 0 rupiah 🤣",0,,
UgzQFpkJIUpVLxgnzGl4AaABAg.ARyAHTaQKGVASEsRJXP4zW,,0,"2026-01-21 11:39:55",@Finansialku_com,"Kak 😅",1,UgzQFpkJIUpVLxgnzGl4AaABAg,@wahyusubuh4198
UgzQFpkJIUpVLxgnzGl4AaABAg.ARyAHTaQKGVASEtdT_Xkpc,,0,"2026-01-21 11:50:27",@wahyusubuh4198,​@Finansialku_com😊,1,UgzQFpkJIUpVLxgnzGl4AaABAg,@wahyusubuh4198
Ugyl6gvM6eaEDt_r0eh4AaABAg,0,0,"2026-01-03 23:14:16",@JolingChandra-b3l7f,"di negara RI 🇲🇨 manusianya gila rampok UANG sesama manusia di Bumi yg kekal ini sudah tidak takut sama Api neraka kekal !!! Ngeri 😭😭😭",0,,
UgyRF1ULkeLEO90Ggvp4AaABAg,0,0,"2026-01-02 10:09:47",@PuyingWelly,"Saya Ketipu ,di Tiktok Tokopedia seller center, mengaku admin dari apk trsbt. Mengenai Pelanggaran Produk di Toko online sy...Saldo rekening dicuri hmpir 5 JT rupiah..",0,,
UgwyPqPNCHEuuE4hRdV4AaABAg,1,0,"2026-01-02 03:45:45",@SufitriFitri-l1m9n,"Kak saya GK tau ini orang bener apa GK sih saya sudah transfer sejumlah uang",0,,
UgwyPqPNCHEuuE4hRdV4AaABAg.ART63s84y51ARfp682pNGh,,0,"2026-01-07 11:38:09",@Finansialku_com,"Waspada, ya kak dan jangan lupa laporkan",1,UgwyPqPNCHEuuE4hRdV4AaABAg,@SufitriFitri-l1m9n
Ugwxmt02WnaF6Fy6bi14AaABAg,1,0,"2025-12-26 12:07:46",@adedaryana5202,"Saya punyal itu udh GK aneh.gw udh pernah mainin",0,,
Ugwxmt02WnaF6Fy6bi14AaABAg.ARByx_vCa1BAROnPszCg3H,,0,"2025-12-31 11:37:02",@Finansialku_com,"Halo kak, terima kasih sudah berbagi pengalamannya, ya! Semoga menjadi pembelajaran untuk Sobat Finansialku lainnya. Kalau kakak ingin konsultasi, silakan hubungi atau klik link berikut ya: 👉https://bit.ly/KonsulSekarang2025 (0851-5897-1311) Kalau ada pertanyaan lain, feel free langsung tanya aja lewat WhatsApp ya kak, Happy Planning! ✨",1,Ugwxmt02WnaF6Fy6bi14AaABAg,@adedaryana5202
UgzAKD2RLipQGsdccCR4AaABAg,0,0,"2025-11-25 06:10:59",@saefulanwar9184,"Kalau saya suka sekali di telpon oleh penipu , di ajak ngobrol ngobrol berpura pura jadi orang bodoh setelah akan selesai pembicaraan ngomong saja anda tidak beruntung kali ini",0,,
UgzRpxIwuUz6w4Wh8254AaABAg,0,0,"2025-11-16 10:07:03",@AlexanderMatthewPeterson,"💎 Siap-Siap Kaget! 𝔸𝕣𝕨𝕒𝕟𝕒𝕥𝕠𝕥𝕠 Lagi Rajin Kasih Kemenangan Besar!",0,,
UgwaJE1AK8AOk8hF0cR4AaABAg,0,0,"2025-11-12 04:43:26",@salimadonadonna2369,"Iya saya baru dua hari yg lalu saldo saya dibobol dibank danamon uang saya 4.950.000 ludes 😭😭",0,,
UgybmpWMtk_Cv335dNd4AaABAg,0,0,"2025-10-27 05:39:30",@achmadabdillah2990,"ya , saya juga kena penipuan bermodus perubahan no NPWP ke NIK, mengaku dari DJP online. dengan data2 npwp saya yang sesuai. modusnya dengan untuk memverifikasi data minta share screen dengan screen mirror (ini saya baru tahu kalau ada mode ini di wa). pada akhirnya setelah saya verifikasi data dan benar semua, terakhir dia akan mengirimkan fisik NPWP baru tapi minta bayar matereinya. tanpa sadar saya bayar materei dengan membuka mobile banking saya, dan......3 menit kemudian saldo saya dikuras.",0,,
UgwEfIczOtT-nUo5yxR4AaABAg,0,0,"2025-09-28 17:12:44",@mazzdarett,"Kalok mematikan transfer otomatis gmn ya bng Di Livin mandiri🙏🙏",0,,
Ugzu_Kn5GlGCIzNRvex4AaABAg,0,0,"2025-08-21 17:16:05",@suhetizaenalzaenal6367,"Klu kita udah ngasih nmr rekening nama dan nomor telepon otp fb",0,,
UgyweHdLgIpBqG5j8zR4AaABAg,0,0,"2025-08-21 06:24:36",@dwisetiorini4975,"Sekrng kita simpan uang di belakang rmh aja alias di kulkas krn sekarang semua manusia udah pintar dng cara apa pun",0,,
UgwQZJRXJAXZE1x644p4AaABAg,0,0,"2025-08-19 09:15:42",@batu4917,saya.pernah.,0,,
Ugw9TYg3nCdC9BzhqyJ4AaABAg,1,0,"2025-08-17 05:21:38",@mrmr429,"Terimakasih infonya. Sehat selalu pak.",0,,
Ugw9TYg3nCdC9BzhqyJ4AaABAg.ALuwLM85DoeAM2K-uHSpSI,,0,"2025-08-20 11:31:05",@Finansialku_com,"Halo kak, terima kasih sudah meluangkan waktu untuk mengapresiasi, ya! 😊 Kalau kakak ingin konsultasi, silakan hubungi atau klik link berikut ya: 👉https://bit.ly/KonsulSekarang2025 (0851-5897-1311) Kalau ada pertanyaan lain, feel free langsung tanya aja lewat WhatsApp ya kak, Happy Planning! ✨",1,Ugw9TYg3nCdC9BzhqyJ4AaABAg,@mrmr429
Ugz_bjTjUGChTaAcjat4AaABAg,0,0,"2025-08-17 00:23:37",@Surya-w18,"Yg gw heran, mereka tau semua data seperti name and phone number kita dri mna om?",0,,
UgxECGpmi5Uulga1oH14AaABAg,0,0,"2025-08-15 12:49:12",@MadaGaskar-t6h,"Biasanya dia Minta PiN. Pernah gue. "" apaan Kok minta Pin? Lalau saya tutup",0,,
UgxSEIiQ_21mTgx_Hdl4AaABAg,0,0,"2025-08-15 12:46:47",@MadaGaskar-t6h,"Begal Apa PPATK ?😂",0,,
Ugykll5FWGy4XwGA2Ed4AaABAg,0,0,"2025-08-15 09:29:56",@PakMarlan-e4g,"Trima kasih info nya sangat penting.",0,,
Ugzn-YiYK48APeyJU6Z4AaABAg,0,0,"2025-08-06 11:47:29",@MasturYanto-tc5iu,"Baru saja aku dpt hadiah dari giv way minta data rekening sama nama yg punya, to minta dikirim uang dlu baru di kasih hadiahnya, apakah bs menguras saldo kita mksh",0,,
UgzHPMxCjQ7R8l2JHd14AaABAg,0,0,"2025-08-06 10:52:49",@SandiHandian-h9t,"Hahahahhahahahahahah bau ih",0,,
Ugz1Za5Pi8ehMXcxF0l4AaABAg,0,0,"2025-08-05 13:54:25",@NadiEdi-n7c,"pemerintah kita goblok sekarang banyak terjadi kejahatan di indonesia masalah saldo yg hilang tampa dipakai atau digunakan oleh pemiliknya coba turis hentikan datang keindonesia",0,,
Ugx24gZEKB__9lPCqsZ4AaABAg,0,0,"2025-08-02 12:19:53",@banisyafii711,"Bagai mana caranya .baiklah.kalsu begitu jangan taro /simpan duit di bank oky",0,,
UgzZLhcUjrMy_3X-Is54AaABAg,2,0,"2025-07-21 11:47:01",@wibieajah1256,"Saya hampir kena siang tdi... Udah panik bnget mana brimo udah tak bisa di akses",0,,
UgzZLhcUjrMy_3X-Is54AaABAg.AKq5zMGQFHuALUHYoLE7ZN,,0,"2025-08-06 11:36:58",@Finansialku_com,"Terus gimana, kak? Aman kan, ya?",1,UgzZLhcUjrMy_3X-Is54AaABAg,@wibieajah1256
UgzZLhcUjrMy_3X-Is54AaABAg.AKq5zMGQFHuALUI5fzxmTq,,0,"2025-08-06 11:41:44",@wibieajah1256,"​@Finansialku_comAlhamdulillah ku cek melalui ATM masih aman saldo.. oh iy say mu nanya si penipu mintak TF byr rb ntuk prgko.. TPI mlalui brimo setelah ku cek brimo udah GK bisa akses itu mksud gimn ya ...",1,UgzZLhcUjrMy_3X-Is54AaABAg,@wibieajah1256
UgwS2QFynuPJYyjMDtN4AaABAg,0,0,"2025-07-13 12:26:57",@KasumaRambe,Jagan.terima.telipon.dia.tanya.saldo.,0,,
UgyAFEo97qcHJQ6g9RJ4AaABAg,0,0,"2025-07-10 13:52:17",@bocahwringinharjo0183,"True caller",0,,
Ugw711bd75Gqya0c5cB4AaABAg,0,0,"2025-07-08 19:29:11",@pangeranpardi,"Maaf bang mau tanya?, kalo si penelpon cuma minta data alamat rumah, nama ibu kandung, email sama no rekening apakah mbanking kita masih aman?, cuma segitu aja sih data² yang dia minta...mohon infonya bang",0,,
UgzI6sSfG1Wzlou3CuJ4AaABAg,0,0,"2025-07-03 22:31:03",@alina-e1c2m,"misalnya pelaku tau semua kode otp, pasword ,pin dan semuanya apa bisa pelaku mengakses apk bankjago dan adakami dengan hape lain",0,,
UgxFg3FpWL8NVKn_vfp4AaABAg,0,0,"2025-07-01 16:23:28",@SusiSusi-v2i,"Jangan berikan nama ibu kandung.",0,,
UgwrXmzchr0WcmwxV-t4AaABAg,1,0,"2025-06-27 23:17:40",@gibranchanel123,"Terimakasih infonya bang",0,,
UgwrXmzchr0WcmwxV-t4AaABAg.AJtXwoi0WqMAKMA9AjfmVn,,0,"2025-07-09 11:26:59",@Finansialku_com,"Halo kak, terima kasih sudah meluangkan waktu untuk mengapresiasi, ya! 😊 Kalau kakak ingin konsultasi, silakan hubungi atau klik link berikut ya: 👉https://bit.ly/KonsulSekarang2025 (0851-5897-1311) Kalau ada pertanyaan lain, feel free langsung tanya aja lewat WhatsApp ya kak, Happy Planning! ✨",1,UgwrXmzchr0WcmwxV-t4AaABAg,@gibranchanel123
Ugy2lZSlCKXXpKgLccF4AaABAg,0,0,"2025-06-22 02:04:18",@husinrm,"benar ! sy alami!",0,,
Ugwh0G2QFGDZEb7mpg14AaABAg,0,0,"2025-06-17 10:28:37",@EranSugana,"Tapi ada yang via WA loh",0,,
UgzoyfN7KuuFm09VocF4AaABAg,0,0,"2025-06-17 10:25:19",@EranSugana,"Tapi ada yang via WA loh",0,,
UgyW8nzuRrlV6dBZ4Y14AaABAg,0,0,"2025-06-17 10:25:19",@EranSugana,"Tapi ada yang via WA loh😅",0,,
Ugzrm5KxnNcovJbCBgJ4AaABAg,0,0,"2025-06-07 18:39:14",@DwiPriyatiningsih-f1q,"Aku tanya deh, aku gak pake Qris tp tiba2 d mutasi ada mutasi transfer qriss,sdgkn d jam itu ak gak pegang hp gak kluar n gak scan qriss, knpa bisa dibobol dg qriss, please infooo..",0,,
Ugz2RcOmvr6CPHmNvZx4AaABAg,0,0,"2025-06-04 09:44:19",@rajauang9432,"Percuma mau gini gitu. Yg penting itu ada uang 30 juta langsung deposito dpt bilyet deposito langsung secara offline deposito jgn online. Jadi ada bukti bilyet deposito yg di tempel materai. Lalu simpan yg benar seperti simpan ijasah SMA kalau bisa satu tempat yg sama.",0,,
UgxUgXnXRDZCkhZsL2J4AaABAg,0,0,"2025-06-04 09:42:08",@asrofi67w68,"Alahh itu soceng kan cuma akalan bang kan semua ada bang yg tau jyga pegawai bang .nasabah tidak punya banking .tidak punya link .transaksi juga dak .tidak ada yg nawari data tapi uang tetep hilang .kemana bang tau .itu akal2an aja agar seolah bang yg tidak salah .",0,,
Ugyd-HG4cW7uyNbLjkd4AaABAg,0,1,"2025-05-17 05:41:33",@MadiiMadii-o3d,"Makasih informasi nya 👍👍semoga sehat selalu",0,,
UgwZLnMarNJvV-v7AYx4AaABAg,1,0,"2025-05-17 04:44:17",@OcthaviaIvhanaParapat,"Sy 2 hr yg lalu ditlpn, ktny dr pihak bank, bahwa sy ad gk sy melakukan transaksi sbsar 5jt, pembayaran untk sopi ktnya, aq lgsng kaget, panik gemetaran., 😂😂 Trus sy blng sm sipenipu, pak tlng sy dibantu gmn crnya biar uang sy kmbali,, trus sipenipu blng tenang aj bu, in km msh tahan uang ibu... Buka aj briva ibu, gk ush dimatikan spiker ja bu suarany ktny, masukkan no in bu, ktny,, tb2 sy iblng in benar gk dr bank, eh fiam sipenipu, trus sy cek no tln trnyata tlpn dr bri profil centang hijau, trus sy matikn dek krn sy curiga... Smpai 10x tlpn sy gk agkt, krn tggal selangkaj lg uang ludes..",0,,
UgwZLnMarNJvV-v7AYx4AaABAg.AICywLQgjW6AIO-L1dlYXR,,0,"2025-05-21 11:28:11",@Finansialku_com,"Hahaha, Terima kasih sudah berbagi pengalaman nya ya, Kak. Memang modus penipuan ini harus sekali-kali diberi pelajaran ya 😂",1,UgwZLnMarNJvV-v7AYx4AaABAg,@OcthaviaIvhanaParapat
UgyJICGYKhQr4VmXd9h4AaABAg,0,1,"2025-05-14 14:35:45",@WismanWisman-b5p,"Aku pernah alami",0,,
UgwlLZbChPUsuyVrxgV4AaABAg,0,1,"2025-04-23 08:56:49",@yantohermawankarawangID,"Orang awam itu gak pinter",0,,
UgzmUzs66XN0fK-55tF4AaABAg,1,1,"2025-04-23 07:19:52",@SandroLake-l7k,"Pak, aku diminta nomor rekening, nama rekening, dan KTP, APAKAH AKU HARUS BLOKIR BRIMO KU",0,,
UgzmUzs66XN0fK-55tF4AaABAg.AHFSesZmvMhAIO0Z8nTu5B,,0,"2025-05-21 11:38:51",@Finansialku_com,"Wah terkait permintaan seperti itu, harus waspada ya, ada kemungkinan besar itu penipuan, Kak",1,UgzmUzs66XN0fK-55tF4AaABAg,@SandroLake-l7k
Ugz5plW5sU-wzr5_oXV4AaABAg,0,1,"2025-04-15 12:25:35",@EkoKoesdiantoro,"Tugas kenyamanan warga gimana,.....",0,,
UgwqgvaUNAXFoJCVllV4AaABAg,0,1,"2025-04-13 00:23:10",@indahsaja3544,"Knapa org tua yg fak tau dgn hp sinpan duit di bank pun ilang ... ??????",0,,
Ugw9XXVYrHxE1XYuM6B4AaABAg,0,1,"2025-04-05 10:38:48",@IraPurnamasari-k4m,"Ya aku jg pernah d tlp.panik banget waktu itu,untung ada anak aku,langsung d blok no nya",0,,
UgxtQzwWuQZBmDRxaH14AaABAg,0,0,"2025-04-02 03:37:52",@AdnanKuatbule,"Kami dibobol 204jt di bri plg",0,,
UgyclUOa6zgkLHbqAtZ4AaABAg,0,0,"2025-04-02 03:36:47",@AdnanKuatbule,"Kami dibobol 204jt di bri plg",0,,
Ugy1kAe25_imzBCk6Yh4AaABAg,0,1,"2025-04-02 03:30:39",@AdnanKuatbule,"Bener tidak nuduh. Ada keja sama dgn pegawai /teler nakal, masa trasper 6 kali dlm sehari, itu pengalaman pahit saya😢",0,,
Ugz2pYjRo-um92yyZ954AaABAg,0,0,"2025-03-20 11:09:02",@andinkasih1126,"Sy kemaren bayar belanja di tiktok menggunakan Qiris di akun durenvivian bogor uangku raib semua di tarik olehnya menggunakan Barkot",0,,
UgzAlzpKdSNGcDJnfi94AaABAg,0,2,"2025-03-19 06:21:29",@LukmanLukman-d6l,"Saya sudah bosan berhubungan dengan bank nama nya atau ATM . Saya stop berhubung.. secara pribadi lebih baik soal duit urusan pribadi",0,,
UgytweGjSxS6mBi0Z9h4AaABAg,0,1,"2025-03-16 14:44:53",@runcollection4034,"Malah dia yg ngasih info2.. jadi saya percaya aja",0,,
UgzZPVtUVB40HlMg7At4AaABAg,0,2,"2025-03-10 11:34:01",@suwondowondo1092,"kejahatan digital penipuan di bang ini tanggung jawab Bank dan tanggung jawab polisi kalau Bank dan polisi tidak mau tanggung jawab terus nasabah berlindung pada siapa",0,,
UgzKmuyKPIl3Itk70EV4AaABAg,0,2,"2025-03-09 15:24:47",@ariestaavril6232,"No 3 saya hampir kena",0,,
UgyzPYia72bBazYl4Ll4AaABAg,0,1,"2025-03-08 08:16:28",@tinahtinah6619,"maap saya boleh tanya orang itu dia suruh saya membuka akunya di hp saya,dan saya buka itu tempat devosit,sama ada lotrenya,dia suruh saya main lotre di hp saya,tapi akunha dia,apakh itu dampak negatip kesaya,dan apakah dia menipu",0,,
Ugxhm5IO4JnzPF1Ffyh4AaABAg,0,1,"2025-03-04 15:52:54",@dedypriyatna4602,"Pengalaman buka rekning bank baru, pake no hp yg buat paket data/internet saja gak ada yg tau selain aku sendiri, sebulan kemudian nomor hp itu sering ditelpon yg mengaku perusahaan asuransi jiwa,,, fix penipu itu dapat data ku dari oknum bank",0,,
UgwbKlrdkcNv1P-maHJ4AaABAg,0,1,"2025-03-02 07:53:36",@wahyudiazgusti970,"Bang aq cerita, aq punya rekening saat dicek via mobile bangking, tiba2 sya punya nilai jumlah yg pantastis, cm tiba2 dlam satu hari jumlah itu berubah ... Yg saya tanya artinya dr pihak bank bisa melakukan pengambil alihan pencucian nilai jumlah yg ada.... Kemungkinan dr bank itu sendiri jg bisa melakukan pencurian dr data jumlah bank dia punya....yg sy tanya bisa g dr rekening sy yg sdh masuk jumlah nilai nya dikunci spy ga hilang lagi... Trims Bang semoga Abang bs kasih jawaban dn solusinya",0,,
UgwzpluPhAOXEsCnUW54AaABAg,2,1,"2025-02-25 07:59:05",@fannylydiane7752,"Aku baru di hack uang di bank bca ,pk no aku yg sudah exp 2 thn lalu menggunakan quris bca Digunakan 50-150 ribu per quris selama 3 bulan Heran nya saya pake ,orng jahat pake Padahal di hp sudah tdk ad no yg sudah exp itu Nomer sim card bisa di perjual belikan tp di cek dr 2 thn lalu blm dijual Polisi bertanya aku klik pdf ,undangan nikah atau tlp orang ga di kenal Serasa tidak ,jd hacker nya gimana bisa kalau ga punya sim card Dan data yg di hack di hp lewat apa?",0,,
UgwzpluPhAOXEsCnUW54AaABAg.AExkq7Zm53GAEzIBmJSYCY,,1,"2025-02-25 22:18:30",@saa930,"Sebelum exp, nomornya di unreg ga kak? Soalnya kalo mau pake nomor kartu SIM, kan daftar dulu pake data diri. Nah, mungkin dari situ",1,UgwzpluPhAOXEsCnUW54AaABAg,@fannylydiane7752
UgwzpluPhAOXEsCnUW54AaABAg.AExkq7Zm53GAGyCD7wf5dy,,0,"2025-04-16 05:09:49",@Rivan_Satria,"​@saa930tapi kartu SIM kalau tidak diisi pulsa dalam waktu tertentu, kartu SIM itu otomatis hangus tidak bisa dipakai lagi, begitu aturannya.",1,UgwzpluPhAOXEsCnUW54AaABAg,@fannylydiane7752
UgyzfD4XCmHr2hLZwpB4AaABAg,0,1,"2025-02-23 05:54:12",@yuliati1521,"Kebetulan uang saya sedikit di rekening.",0,,
UgyZseOOGQXmE-kAcul4AaABAg,0,1,"2025-02-23 05:52:29",@yuliati1521,"Saya pernah ditipu dapat hadiah 20 juta, saya disuruh transfer ongkos pajak, saya sudah transfer pajak Rp100 000. Dia minta nomer rekening sudah saya kasi.",0,,
UgxnG83mBUGfJhfFqMZ4AaABAg,0,0,"2025-02-22 09:53:03",@LAGROSSE_DEPOK,"Kalau temen yg tanya KK gmn ?",0,,
Ugy4T4KdJR1Ly2iO__14AaABAg,0,1,"2025-02-19 11:39:59",@benyaminkatihara3188,"Saya pernah tertipu pada tahun 2022 bulan agustus , uang yang keluar dari norek saya 34.500.000 dan sdh diurus di bank tapi gak bisa karena itu dari penipu jadi saya anggap uang 34.5 juta itu hilang",0,,
UgwRV4k7I2fYuV2gazl4AaABAg,1,1,"2025-02-18 13:29:41",@ratnafarida9984,"Saya juga pernah di mintak no rek dan ktp mohon bantuannya bagaimana untuk mengatasinya soalnya ibu saya takut ngirim uang ke rekenning yg saya kasikan ke orang gk ak kenal,yg di mintak tgl 16-02-2025 mohon bantuannya yaa.",0,,
UgwRV4k7I2fYuV2gazl4AaABAg.AEgK6PpiFJhAEzIN76bq-1,,0,"2025-02-25 22:20:03",@saa930,"Nah, saya ga tau. Tapi coba konsultasi sama satpam/teller bank. Paling minimal mungkin ganti pin",1,UgwRV4k7I2fYuV2gazl4AaABAg,@ratnafarida9984
UgxZn061Jc6yo9lza4d4AaABAg,0,4,"2025-02-17 02:44:22",@rocksteady130,"Saya setting blokir panggilan dr nomor yg tdk dikenal.. Jd yg nelpon saya jelas dr kontak yg sdh saya save.. Hidup aman tanpa gangguan.. Dan gak kejebak siapapun",0,,
Ugz0cPxI_D_DOI0pujl4AaABAg,0,0,"2025-02-15 05:29:17",@cicicacacicicaca2391,"Dikuras mantu sendiri",0,,
UgzWtpWxzqupiZHS5qd4AaABAg,0,0,"2025-02-14 01:17:31",@cherishdynastie4685,"Banyak banget penipuan & orang juga bego aja udah tau nga kenal bukannya ditutup telpnya apalgi bank. Kantor bank yg bener nga akan telp ke clients dengan alasan apapun.",0,,
UgxTeVeI_tzGWrFRCP94AaABAg,0,0,"2025-02-10 07:17:48",@Herlina-e1d,"Pasri ada kerjasama dg pegawai bank,tlg aparat penegak hukum utk menyelidikinya agar TDK jatuh korban berikutnya",0,,
UgwfEOGT05PejbbXDI14AaABAg,0,1,"2025-02-10 06:50:21",@ko-s-9o,"Alhamdulillah🤲.... Gk pernah ngalami sperti ini, krna jgan smpe percaya apapun mskipun dri pihak bank manapun soal apa saja baik tlp maupun sms (jgn dibuka sms)... Sya setting di hp (yg gk msuk ponebook/kenal) lngsung trblokir tlp nya... ☺",0,,
UgyO0TJMXQ_Yn1YN1xV4AaABAg,2,5,"2025-02-07 10:46:56",@mustofamus4210,"Saya juga korban dibobol 68 jt raib BANK BNI tersedot tanpa saya transfer *mengatas namakan coretax dirjen pajak* Buat sodara sodaraku jangan merespon siapapun nomer yg tidak kita save meskipun mengatas namakan siapapun / instansi manapun Biarlah menjadi pelajaran berharga jgn sampai ada korban lagi Dan semoga menjadi penggugur dosa para korban dan akan mereka pertanggung jawab kan di hari pembalasan yaumil akhir aminn",0,,
UgyO0TJMXQ_Yn1YN1xV4AaABAg.AEEhjrUSy-yAKUSilPdkrd,,0,"2025-07-12 16:43:12",@adjiemarni1327,"Ini Stlh di lapor dan proses di bank ,uang yg dibobol dikembalikan apa tdk mas? Sy barusan sore ini jg ngalami",1,UgyO0TJMXQ_Yn1YN1xV4AaABAg,@mustofamus4210
UgyO0TJMXQ_Yn1YN1xV4AaABAg.AEEhjrUSy-yAKV-bfD-nhk,,0,"2025-07-12 21:48:04",@mustofamus4210,"​@adjiemarni1327tidak kembali sama sekali bu saya cukup terima nasib aja.. Kalo mau uang nya kembali kita harus bener² kerjasama sm polisi ah tapi males.. udah tau ujungnya nanti malah duit lagi.. udah ga punya duit malah di minta duit kan pusing... dan pihak bank nya pun ga ada itikad baik buat bantu nasabah nya seolah"" itu semua memang kesalahan nasabahnya.. padahal menurut saya dari sistem keamanan bank nya sendiri aja udh sgt tipis sgt mudah di bobol dan sejak kejadian itu saya tutup rekening bank bni langsung karna sebagai customer/nasabah merasa sangat dirugikan sekali.. abis manis sepat dibuang bu Saya tagih nanti semua di akhirat saya ga akan lupa 😊 aman",1,UgyO0TJMXQ_Yn1YN1xV4AaABAg,@mustofamus4210
UgyKpvPsGG-Ebv7Df_Z4AaABAg,0,1,"2025-02-07 03:15:23",@agusncek1184,"Bagus pencegahan Terima kasih",0,,
Ugx7f6twl-bqHzEXbct4AaABAg,0,0,"2025-02-05 05:25:40",@AsepRahayu-e8s,"Negara harus cerdas bisa jangan kalah Sama penipu penipu harus dapat ditangkap dgn cepat dan hukum mati paling pantas bagi penipu",0,,
Ugxb4ZmhQ7E2PWElsxt4AaABAg,0,0,"2025-02-04 03:09:58",@soejatmokosoejatmoko8774,"Pandai2 hanya untuk menjadi BAJINGAN Merampok tabungan orang. Rakyat mohon ranah TNI masuk ke sistim keamanan bank demi melindungi nasabah ( rakyat.",0,,
UgyisKIKg9om_Mx4avZ4AaABAg,0,6,"2025-02-02 04:02:15",@detakumbara8078,"Terutama rawan kasus bank BRI dan mandiri sering banget data di jebol , sistem keamanan sangat lemah",0,,
UgxYCzGbZ4rroqtHKvB4AaABAg,0,0,"2025-01-30 07:54:56",@nyomanhartawan2269,"Saya salah satu korban dari penipuan kartu kredit dari Bank Mandiri. Pada bulan Juli 2024 saya tiba tiba menerima kiriman paket kartu kredit dari Bank Mandiri yang tidak pernah saya ajukan. Setelah menerima kiriman paket kartu kredit saldo tabungan saya raib senilai 18 juta rupiah tanpa melakukan transaksi perbangkan. Saya sudah melakukan pelaporan ke pihak bank mandiri tapi sampai saat ini tidak ada pertanggung jawaban.",0,,
Ugyt52OznKlRSUhxASp4AaABAg,0,0,"2025-01-25 18:52:52",@masudsubchan821,"Jangan nyimpen duit di ATM,,rekening ap handphone,,,,itu paling aman udah ,,",0,,
UgwoCi47JBLRuR7-SWB4AaABAg,0,0,"2025-01-25 11:54:45",@sutonomardi4445,"Portfolio mana dari bank yg bisa dicuri ? Misalnya akun deposito apa bisa dicuri juga mengingat belum jatuh tempo",0,,
UgxrxB_aUe9PgY3rVSt4AaABAg,0,1,"2025-01-25 10:19:43",@IndahAdiarini,"Hati2 kl dapet sms test BRI...modus penipuan tuh...untuk yg punya rek BRI",0,,
Ugw174tHVV81IYQpJZR4AaABAg,0,1,"2025-01-24 14:01:27",@alfaumi2551,"Yg bikin kita gk percaya sama bank kita. Saya nabung di luar negri uang masuk ke rek kita gk di kasih tau lewat hp. Tapi kalo uang keluar pasti ada tanda bukti masuk ke hp kita lengkap dari thn bln hari dan jamnya. ATM juga aman .",0,,
UgwyEd5HFFyw8Iliez54AaABAg,2,1,"2025-01-22 11:02:10",@AbangBro-he9mn,"TRIMAKASIH INFORMASINYA PAK",0,,
UgwyEd5HFFyw8Iliez54AaABAg.ADaXlQq3fgYADvAhpO0T6R,,0,"2025-01-30 11:24:45",@Finansialku_com,"Terima kasih kembali! Jangan lupa nonton video terbaru ya 🙏🏾😊",1,UgwyEd5HFFyw8Iliez54AaABAg,@AbangBro-he9mn
UgwyEd5HFFyw8Iliez54AaABAg.ADaXlQq3fgYAE_sPhzfTEe,,0,"2025-02-16 01:23:28",@anaviolet375,"​@Finansialku_comsalam kak izin bertanya saya kan mengalami juga baru aja semalam gabung di wa penipuan ini dan saya dapat transferan uang dari penipu tersebut total Rp 150.000, tapi saya emang tau klw itu pasti penipuan dan saya sengaja ikuti aja dan jadi saya cepat2 cairkan uang yg dikirim oleh penipu wa tersebut, karena memang kebetulan meski saya ada tabungan di bank tapi akun bank yg saya punya itu memang saldonya selalu dibawah 50rb aja karna memang hanya untuk diperuntukkan menerima transferan dari keluarga diluar kota yg mana klw udah ditransfer maka saya akn cepat cairkan untuk diberikan ke nenek kakek, dan semalam juga saya langsung keluar dari grub dan saya langsung blokir no penipunya, dan cepat2 ganti password dan pin atm saya, jadi kira-kira apakah akun bank saya akan aman atau saya perlu tutup akun bank milik saya?",1,UgwyEd5HFFyw8Iliez54AaABAg,@AbangBro-he9mn
Ugy0W41_eQEycKbNCe94AaABAg,0,0,"2025-01-17 19:14:25",@novitahandayani867,"Pernah mau kena tipu Bank BRI lewat mbanking, Lowker kerja lewat akun telegram , give way minta biaya adm ... 🤦‍♀️😢",0,,
UgyypLzgEBgEkLguv1p4AaABAg,0,1,"2025-01-15 15:54:45",@anisuryani5514,"Iya bang Ade ku kemarin kena ...uang 3 juta lenyap😓 modusnya ngaku2 dari ekspedisi",0,,
Ugw2GevGSD-byw8PubN4AaABAg,0,0,"2025-01-15 03:57:41",@yudisoto2077,"Cara manjur mengatasi scamming atau pencurian uang di m-banking yaitu caranya apabila m-banking /DANA/e-money/ marketplace anda sudah aktif sudah bisa digunakan maka cabutlah kartu SIM pengaktifan m-banking dari HP tersebut harus dilepas Jangan cuma ditaruh SIM 1 SIM 2 tapi harus lepas terpisah dari HP tersebut lalu gantilah kartu sim di HP tersebut dengan nomor lain yang ada internetnya cara ini menyebabkan pelaku skimming dan pencuri uang dan Hacker tidak bisa melakukan OTP karena kartu sim pengaktifan sudah anda cabut sudah tidak ada di HP itu sehingga para pelaku skimming tidak bisa memindahkan dana karena mereka tidak bisa mendapat OTP dari kartu SIM yang telah Anda cabut dari HP yang yang mereka bajak",0,,
UgzxUcCU0G8_2g-8gip4AaABAg,0,1,"2025-01-11 06:14:02",@retnoastuti5555,"Makasih infonya sangat berguna untuk.lebih hati 2👍",0,,
UgwqaA-_peIrafjYZNl4AaABAg,0,1,"2025-01-10 09:53:26",@JumMiati-k7c,"Aku pernah ,aku hampir nuruti kata dia ,untung anak ku melarang ,jangan Bu ,kata anak ku",0,,
UgzzfVXgzYmN-JPDYV54AaABAg,0,1,"2025-01-10 02:58:27",@MirahTumir,"Betul mas itu saya pernah jahat hati hati ya",0,,
UgypIt9lwZdER72M6MJ4AaABAg,0,0,"2025-01-10 02:58:27",@MirahTumir,"Betul mas itu saya pernah jahat hati hati ya mas",0,,
UgwkvewQUxxlTyAY7S54AaABAg,0,0,"2025-01-09 19:56:09",@cendrawasih4265,"bisnis jahat ?",0,,
UgzzyRJ4CqAzmqHv3kJ4AaABAg,0,0,"2025-01-09 06:16:09",@abilindramayu3413,"Q mau tanya min ada ga penipuan dengan modus Block Fi awalnya q tiba"" dikirimi v pulsa 50rb hbs itu saya d masukn group watsap",0,,
Ugy9J2KWPaXS6jlhwAt4AaABAg,0,2,"2025-01-09 01:22:02",@bagushermanto8269,"Oke terimakasih Banyak atas bantuannya.",0,,
Ugxpzlw7TVhuaaCEyLZ4AaABAg,0,3,"2025-01-08 14:03:23",@krisa9296,"Jangan tergiur dengan tawaran memperoleh Cuan dengan cara gampang. Tiap kali ada tawaran seperti ini saya selalu katalan tidak berminat",0,,
UgzWmxccVEhGvgcYB7J4AaABAg,1,5,"2025-01-07 13:37:23",@TirahTugirah,"Dunia kejahatan . Penjahat selalu menghalalkan segala cara . Tapi ingat tidak ada kejahatan yg sempurna . Apa dilakukan akan kembali kepada pelakunya sesuai dengan perbuatannya . Azab dunia juga menanti bagi pelaku kejahatan .",0,,
UgzWmxccVEhGvgcYB7J4AaABAg.AD-Bb7FLoagADzBhC42tNU,,0,"2025-02-01 00:50:22",@shendybaru6547,"Aamiin 🤲",1,UgzWmxccVEhGvgcYB7J4AaABAg,@TirahTugirah
UgxG_yY7Y5vrDt3OAnt4AaABAg,0,1,"2025-01-07 12:50:21",@elmerbacolodmargateenoy9207,"Wow beautiful video this is my new friend from Philippines",0,,
UgysA2t6mK2mvsv3jpp4AaABAg,0,0,"2025-01-06 04:58:36",@Rohman123-e8g,"Gimana KK tadi saya udah di minta nomor rekening",0,,
Ugz6gGiR8BRmQ1hEC-p4AaABAg,1,1,"2025-01-05 08:08:26",@achmadtoat2305,"Yang engga punya saldo mah tenanggg sajaa....kaya saya...wkwkwk",0,,
Ugz6gGiR8BRmQ1hEC-p4AaABAg.ACuSN2nA7wQAEl72n9XNW2,,0,"2025-02-20 10:11:48",@KozinOke,Tennaanggggg,1,Ugz6gGiR8BRmQ1hEC-p4AaABAg,@achmadtoat2305
Ugz57o1PCk8H4rBrsGF4AaABAg,0,0,"2025-01-05 05:33:22",@QiyasQiyana,"Saya baru saja semalam kena tipu katanya dari pihak bank. BCA",0,,
Ugyxtvm7ClXoxycAN414AaABAg,0,1,"2025-01-03 03:50:11",@agussantoso2483,"Ternyata masyarakat belum mendapatkan keamanan bidang apapun itu, kejahatan di mana2 di era digital ini",0,,
Ugw51mvgXT-nJtlj6Yx4AaABAg,0,0,"2024-12-31 19:38:20",@fajriuwiapltower270,"Belum lama saya di telpon dari pihak bilang menawarkan jasa asuransi, dengan menyebut nama anak",0,,
UgyZSxqcwjUOvEUsjf54AaABAg,0,0,"2024-12-31 02:46:18",@irfanindra133,"Kalo kasih nomer rekening dan nama ke orang lain tidak apa apa ka",0,,
UgxzviNyRd9qSOUwLEd4AaABAg,0,1,"2024-12-30 14:23:06",@FathoRozi621,"Tidak perlu ditanggapi.",0,,
Ugzh3h7eAsY5NCortbp4AaABAg,0,1,"2024-12-30 11:44:12",@irawanti3401,"Terimakasih infonya👍👍👍",0,,
Ugxc7LqbwK2mzt_7Cnd4AaABAg,0,0,"2024-12-29 17:07:25",@Udayana_1,"Kalau kita download aplikasi dari luar playstore maka beresiko aplikasi tersebut merupakan malware yg akan menguasai hp kita termasuk menguasai mobile banking yg ada di hp kita, walapun PIN kita dirahasiakan tetap saja malware tersebut bisa mengetahuinya PIN kita dg metode snifing yg akhirnya saldo rekening akan dikuras oleh hacker melalui malware tersebut.",0,,
UgyaZrJsoCVcZMKNxMB4AaABAg,1,21,"2024-12-28 06:17:36",@PetrusTri,"Tips amanku ...jangan pernah angkat telp yg tidak tercatat di contac . Walaupu itu mertua atau bahkan presiden .... 😅",0,,
UgyaZrJsoCVcZMKNxMB4AaABAg.AC_eKHZ4cmmAEHt7EPe1Jm,,1,"2025-02-08 16:24:07",@KucingDapur-b2b,"Betul dn jika memang telpon itu dri orang yg kita kenal dn penting dia pasti kirim pesan klo telponnya tdk kita angkat",1,UgyaZrJsoCVcZMKNxMB4AaABAg,@PetrusTri
UgwyaU5ArzCuTuCZc194AaABAg,0,2,"2024-12-25 10:29:49",@ernustinakristinanyaledoda1093,"Tks banyak utk infonya.",0,,
UgwP1d1qD1Hxi6CZ_pt4AaABAg,0,1,"2024-12-22 19:10:53",@TeddyHandoko-n4s,"Trimk infonya sangat bermanfaat",0,,
UgxMRbf8y6BCPvBg1Ud4AaABAg,0,3,"2024-12-18 02:18:22",@RiadiMhdriadinst,"makasih om impormasiyaaaa saged bermampaad jaman sekarang bayak hal2 penipuan,.",0,,
Ugz_ppHdUygXD7WLxXF4AaABAg,0,1,"2024-12-17 06:55:04",@pheyekspheyeks,"Saya beli di online kok yg tlpn kurir sama polisi",0,,
UgxTcqcjdohsjV1sl4l4AaABAg,0,0,"2024-12-14 16:19:30",@Ruli830,"Saya sudah terlanjur setor KTP nama ibu kandung sama uang 700rb ke penipu pesugihan uang goib,,kira kira tabungan ku aman gk yah",0,,
UgwiMTkF55PP0OZ_hid4AaABAg,0,1,"2024-12-14 02:13:31",@hardythe13465,"Tolong jangan disingkat.dulu ada yg bikin pemanjangan miras jadi minuman rasul.",0,,
Ugw9kM62Ki_rFCoyBo94AaABAg,0,0,"2024-12-13 17:28:40",@channellaria,"INTINYAA JANGAN SAMPAI KALIAN ,MEMENCET LINK YG DIKIRIM KAN KE KAMU ,APA LAGI KALIAN MENGISI LINK TERSEBUT , LANGSUNG KEBOBOL PASTI intinya penipu itu pakai link 😂",0,,
UgxY6tJPcB6QFoPSiZF4AaABAg,0,0,"2024-12-13 07:00:48",@jarwadijarwadi2882,"Kena apa saldo di ATM semakin lama kok habis ini juga akal akalan ! 50rb kok tdk bisa di tarik ?",0,,
UgyDuejGtCv5CT8HGil4AaABAg,0,0,"2024-12-09 13:31:51",@aryoreza9500,"Kalau kita sudah terlanjur kasih no atm kita karna tidak tau sebaiknya gimana ya pak, ganti no hp dan blokir rekening apa gimana ya Pak",0,,
Ugx2HvuVPX95SVAp5lV4AaABAg,0,0,"2024-12-05 07:24:20",@imambahro4819,"Sering saya dapat surat elektronik perubahan biaya transfer, biasanya bank BRI",0,,
UgyVWensJcWhAekUx9V4AaABAg,0,0,"2024-12-05 07:07:07",@AKRAM123-u6b,"Jadi gini kak Saldo bri saya hilang 5jt sewaktu saya cek di BANK BRI pegawai bank kata rek ini ada brimo padahal gak ada kak, dan waktu saya cek mutasi transaksi,setiap hari terkirim ke dana/di kuras ke dana",0,,
Ugyvhj-LtDXuLRsTbPp4AaABAg,0,1,"2024-12-04 08:07:49",@Abdurahman-y1t,"Pihak Bank hrs wjb bertanggung jawab. Ini sindikat Conspiracy kejahatan2 Bank😮",0,,
UgxpII492yprqyWox5F4AaABAg,0,0,"2024-12-04 00:40:33",@IksanIbrahim-d8d,"gimana caranya, kalaw data pribadi yg ada d HP sudah d ambil oleh penipu...?",0,,
Ugw7c1K1OoV9huUSyCF4AaABAg,0,1,"2024-11-28 23:45:05",@galihtogel4026,"PEMERINTAH HARUS TURUN TANGAN, SEHARUSNYA BIAR GAK RUWET",0,,
Ugx0HhdVO2p_D4CQ1bh4AaABAg,1,1,"2024-11-28 09:35:46",@MawanMawan-cq7zp,"iya bang sama , baru aja saya di telpon oleh greater jakarta, penghapusan biaya tahunan kartu kredit dan tambahan limit, ternyata mengirim barkot,,,,karena curiga langsung saya blokir",0,,
Ugx0HhdVO2p_D4CQ1bh4AaABAg.ABNl9PcdZiBAFSTfZmy9w2,,0,"2025-03-09 15:36:03",@ariestaavril6232,"Nomor nya berapa om? Buat jaga jaga juga",1,Ugx0HhdVO2p_D4CQ1bh4AaABAg,@MawanMawan-cq7zp
UgyI6-G3vXmKQoukYf54AaABAg,0,1,"2024-11-28 05:34:31",@dewinugrohowati1031,"Tq bang",0,,
UgxJKkYU5GKsQGfXT5N4AaABAg,0,0,"2024-11-26 15:11:24",@EkaWati-mv2sg,"Bng saya mau tanyak boleh",0,,
UgyP4g-ve6Zr88eH1rN4AaABAg,0,0,"2024-11-26 13:09:27",@sabitTunaja,"Ya pak sing tadi saya udah kasih sama trans foto KTP sama no rek, no Wa kira bahaya ga ya maksi",0,,
UgzIS2V9hirI4Xtjla14AaABAg,0,0,"2024-11-25 08:10:54",@aansamiarnise2691,"kyknya termasuk bantuan presiden atw bantuan dana hibah krn rata2 minta admin dl ditransfer sekaligus minta data no rek..apa ini termasuk jg. kl kita ga setor mrk ga nanggepin",0,,
UgwxAo6fR5ToGa1-JXN4AaABAg,0,0,"2024-11-25 02:24:56",@hendra9871,"Lbh baik jgn simpan di bank",0,,
UgwUrv4uM_TiqvaW6r14AaABAg,0,0,"2024-11-22 22:24:01",@adirajamas373,"Jgn menabung dibang Aku ngk pernah simpan uang byk dibank",0,,
Ugxzf_ZvcZH1MfDFiTl4AaABAg,0,0,"2024-11-22 13:38:50",@Leekin86,"Cara menutup kartu kredit bank M*** gmn y om, udh coba berulang kali gk di tutup2",0,,
UgxHHDnAwZlNF5rDEUJ4AaABAg,0,0,"2024-11-22 12:42:27",@ordankenchannel8678,"Klo aku ketipu srh daftar ikut festival hadiah BRI lwt Instagram kak, ngisi username password trus ditelp minta otp akhirnya raip 1,8 jutaan.",0,,
Ugx1xlF324U8UxrYoiB4AaABAg,0,1,"2024-11-17 12:55:09",@rudi7353,"Waduh pernah nih Telemarketing pinjol😢",0,,
UgwFxynKd-8nWyHSX654AaABAg,0,0,"2024-11-15 23:48:18",@SuwarnoSuwarno-e3o,"Pokoknya ada telpon tidak dikenal jangan dianggap",0,,
Ugw0lcRkqFOCWFpE1hR4AaABAg,0,0,"2024-11-15 16:36:22",@DewiDewi-oy7lz,"Klo dr pihak banknya yg minta gmn.",0,,
UgwMaegBqX-mkDxgXlN4AaABAg,0,0,"2024-11-14 10:37:15",@MahesaJenar-gv6fz,"Gak mungkin begal,jgn,,pegawai bank itu sendiri.yg jls ada kaitan sama oegawai bank.",0,,
UgwrBvO3QWQkF2_U3DN4AaABAg,0,2,"2024-11-13 08:10:19",@bangmuns5358,"Aku juga hampir kena....ckckck masih selamat",0,,
UgzWA3cJVL4vj20-O9J4AaABAg,0,0,"2024-11-12 11:06:57",@muhammadrifai8293,"Setuju & begalnya dri pihak bank",0,,
Ugy5BU1cPCKEcWzyyCp4AaABAg,0,0,"2024-11-12 09:59:23",@HrlAnam.,"Kalau di minta nomer kartu nya gimana kak apakah bisa tau semua data"" pribadi saya?🙏",0,,
UgxUir2vgOeK_Xk3glh4AaABAg,0,4,"2024-11-09 09:51:35",@adiyantosukadis5220,"Sudah lama terjadi - melibatkan orang dalam -",0,,
UgxDpdJxhJxMVfHqYbl4AaABAg,0,1,"2024-11-05 08:10:54",@threearq2894,"Ya bener, masa CS nelp dr nomer hp pribadi😂😂 aneh bgt",0,,
UgzAqKY0eQLqFRnN3cx4AaABAg,1,0,"2024-11-04 13:30:22",@widodosetiyosetiyo856,"kalo saran saya uang di tabungan bank jangan banyak banyak isi secukupnya sisanya uang besar di taro di sbn dan rdn",0,,
UgzAqKY0eQLqFRnN3cx4AaABAg.AAQNve9PgskAFSU_Xu1scl,,0,"2025-03-09 15:43:58",@ariestaavril6232,"Sbn Dan rdn itu apa om?",1,UgzAqKY0eQLqFRnN3cx4AaABAg,@widodosetiyosetiyo856
UgxEEa22PI71gTuly4V4AaABAg,0,1,"2024-11-04 03:38:53",@AbahNdirun-eb9ue,"Mengapa negara kalah dg para penjahat '",0,,
UgwImmRNpAZBRoYgkkt4AaABAg,0,0,"2024-11-04 03:36:31",@AbahNdirun-eb9ue,"Bagaimana kalau penjahatnya kerja sama dg pegawai bang ' pasti mudah '",0,,
UgyMLAXOX-_5-j35bVN4AaABAg,0,1,"2024-11-02 09:50:38",@seriwahyuni968,"Kalau saya sudah terlanjur kasi nomor rekening ke orang yg katanya dari ibu.(..........) Yg terkenal itu & katanya hadiah karena sudah folow. Ternyata ada syarat lain lgi & terakhir hadiahnya batal katanya,,,.tapi nomor rekening saya sudah terlanjur d berikan,,, Aman gk itu ya mas...???",0,,
UgzAITv65P5cVh_Cwjl4AaABAg,0,0,"2024-10-31 07:35:38",@Pengasuhponpes,"Itulah para manusia biadap maleng semua.",0,,
UgwImt7v0w1PQb0A0Lh4AaABAg,0,0,"2024-10-31 06:24:53",@FujiLestari-nj7ph,"Saya disuruh kirim rekening mau dikirim uang 35jutanamaasli",0,,
Ugw8H3aHpGasOVGE9Qd4AaABAg,0,0,"2024-10-28 15:24:46",@BadathidayatBada,"Saya kena tipu",0,,
UgxGAYXNZqx31LJv2D14AaABAg,0,1,"2024-10-23 11:46:33",@liyunzira2671,"Ini yg saya alamin skrg, atm kena SKIMING/MODUS penipuan Tolong di pertegas lg dan berantas para oknum-oknum nyeleneh.. astagfirullah",0,,
UgykM0SwzXPz4eYfhiB4AaABAg,0,1,"2024-10-23 11:35:55",@SoWan-k3c,"Hello..BCA inii berita baru VIRAL : Penipuan bank BCA terbaru untuk menghanguskan uang nasabah. Ngeri banget bank BCA maling uang nasabah alasan asuransi. Marketing Bank BCA menghipnotis secara telpon dari 1500888 menghubungi nasabah. Niat mereka membuat tidak nyaman dengan menggiring nasabah mengatakan ya , setuju....(Mendesak menelpon nasabah dengan menghipnotis secara berkali-kali menelpon) saat tersadar uang di rekening terpotong saat nasabah sadar makan akan komplen. Dan niat bank bca untuk menghanguskan uang nasabah.Itu usaha baru BCA yang menghanguskan uang nasabah. Itu istilah bank BCA untuk mencuri uang nasabah banyak korban soalnya termasuk gw. Ga usah buat rek BCA. Mending nabung di bank lain lagi viral telp BCA nyari mangsa soalnya nanti kalau kalian tidak sesuai standard aturan bank BCA yang mereka mau akan dihanguskan uang kalian. Langsung saja lapor ke Laporkan ke POJK atas tindakan bank BCA apa lagi tidak ada draft kontrak materai tanda tangan itu cacat hukum !!!!!! Pemotongan saldo nasabah yang dilakukan bank BCA. Pelaporan ke Otoritas Jasa Keuangan akan mendapatkan sanksi yaitu pembekuan produk layanan/kegiatan usaha, pencabutan izin produk/ layanan izin usaha. Gw udah ga mau taruh uang di bca lagi, lebih bagus bank lain. Sudah banyak korban pemalingan uang nasabah BCA.",0,,
UgwCuTFNM_4wEls9u6p4AaABAg,0,0,"2024-10-23 02:53:40",@whabbidstringdoll3619,"Aku imun dari soceng karena saldo aku cuma goceng",0,,
UgxRhJ0b8pZ49yfADyN4AaABAg,0,0,"2024-10-22 04:34:50",@youmai6406,"sp mau uang segera ke bank masing 2 mengerjakan kartu kredit",0,,
Ugy8H9DsI2VDIguhnWl4AaABAg,0,1,"2024-10-19 06:58:03",@J-L-M,"Tiap hari 3 nomor berbeda masuk ke nomor hp ku secara rutin selama setahun belakangan. Segitu parahnyakan penipuan di indonesia saat ini?",0,,
UgyKSr7TToHXACkUhcJ4AaABAg,0,0,"2024-10-17 05:52:21",@OpahDimas,"Saya pernah di hip notis kena seratus ribu pulsa terus dia minta yang aneh terus saya telfon anak saya terus di marahain sama anak saya",0,,
UgxQOiLoyqex8H6mQel4AaABAg,0,0,"2024-10-16 12:11:08",@DidiwDidiwijayanto,"Maka mua kalo ada telpon mengaku dari bang bilang saya ini teman nya yang punya hp biar aman😂😂itu lah bahwa negara kita blom canggih kok nabung uang bisa ditipu di kibuli orang lain mungkin juga bang yang ada di negara kita gampang di boboli penjahat kata kuncinya ❤ok makasi",0,,
UgzZqLLruql41PHKZ1Z4AaABAg,0,0,"2024-10-16 10:35:15",@abifasha,"Database itu private banget ya,tapi Khan bank tahu...😅😂😅",0,,
UgznuJGP9ySYDH28Rlp4AaABAg,0,0,"2024-10-16 05:36:12",@LukmanPratama-u7u,"Kok bisa trus gimana kk,, uang saya hilang di atm",0,,
Ugz6TXqQcD2I2ezE6Bt4AaABAg,0,0,"2024-10-15 10:22:50",@PujiRahayu-yg3vo,"KA kalo ngasih no rek Umur Tgl No wa Bahaya apa ga ka Soalnya aku kemarin hampir ke tipu",0,,
UgyTw3xI7orq-D4lkKN4AaABAg,1,2,"2024-10-13 23:12:14",@ronnihidayat4957,"Kemarin Ada org membobol rekening Kel sy mengatas namakan Direktorat jenderal pajak cabang Ciputat raya n mrk tahu adanya kekurang lengkapan data laporan sy ke Dirjen pajak. Mrk membobol rekening bank. Pake no hp mereka",0,,
UgyTw3xI7orq-D4lkKN4AaABAg.A9Ym17p9aJZAFSTBM4OF4n,,1,"2025-03-09 15:31:47",@ariestaavril6232,"Ini mirip sih saya ditelpon orang pajak katanya belum bayar pajak bla bla bla Dan akan dibantu sama dia, pake nomor hp telpon nya, langsung saya bilang ya nanti saya bayar sendiri di kantor pajak Dan saya blokir nomor nya",1,UgyTw3xI7orq-D4lkKN4AaABAg,@ronnihidayat4957
Ugy6EMkAMOT0g1olIGZ4AaABAg,0,0,"2024-10-13 15:30:57",@Indra.75,"Satu lagi brother...hati hati kalo FB ada yg share link tuk menonton film porno spt kasus erin, dan gorontalo dgn alasan nonton video full....mereka bisa share link tuk diklik dan biasanya disitulah mereka bisa mencuri data kita.....waspadalah",0,,
Ugw5roCSJPRWUYxfSQ54AaABAg,0,0,"2024-10-13 13:18:17",@ArniatyArniaty-xq5yl,"Pelakunya pernah bekerja ...di bnk ...",0,,
UgxkEWVGIw6tlDaU5bd4AaABAg,0,0,"2024-10-13 09:15:28",@Onei88,"Yang berhasil daftar BRIMO atau layanan BANK LAINNYA selamatat kalian adalah pilihan, untuk yang sering gagal TETAP SEMANGAT ADA BANYAK ALTERNATIF LAIN UNTUK BERBAGAI SOLUSI (UANG) MILIK KALIAN MASING-MASING (UANG) YANG AMAN",0,,
UgzKbXXwVk0c27VV_BZ4AaABAg,0,0,"2024-10-13 09:06:53",@DISTONETONE,"Biasanya orang yang tau cara mbegal ini biasanya maling teriak maling",0,,
UgxzI4YNOAwyO8-lfEV4AaABAg,0,0,"2024-10-12 17:58:25",@sayaorangkaya221,"Tbgn mas pegadain sy berkurNg 0.6 gram setara 800k harga jual saat itu ..tp g ada bukti riwayatnya ..",0,,
UgxqF9VeMzYpclooE494AaABAg,0,0,"2024-10-09 10:39:40",@ratihdewanti6789,"Baru saja saudara kehilangan uang, pas ambil uang di atm beberatus rupiah, kok bisa ya selanjutnya semua uang ketarik semua",0,,
UgyOdbBJWE3fIjv-RKR4AaABAg,0,0,"2024-10-08 09:03:45",@raafflliii_13,"Assalamualaikum mohon maaf mau tanya kalo habis ngasih nmr rekening,alamat,nama lengkap,foto wajah apakah aman?tolong jawab🙏🙏",0,,
UgzBxzuWu0HdAraJpn14AaABAg,0,0,"2024-10-07 16:51:13",@sayaorangkaya221,"mas sy dipegadain shopee juga hlg pak sy ounya uang 12 juta sy masukin kepegadain ttl 11200...sy masukin total 800k....tgl 1 oktober sy mau mindah yg ditreasury shopee krn cm 800 lbh baik jd satu ajalah aku pikir begitu stlh sy klik jual 800k yg dipegadain jg berkurang 800k ...shopee admin cm mgrjwb krn anda melakukan jual treaaury....jd ttl uang sy dipegadain sm yg dr treasury ttl jd 11200 pak ...tau gak kira2 uang 800k dipegadain kemana shopee cm njwb krn anda melakukan jual treasure y sy tau emg sy jual treasury tp yg dipegadain knp berkuramg 800k tzp aja shopee mnjwb krn anda menjual mas treasury njir bemgsett",0,,
Ugwls-WU9UdN3BaOUWJ4AaABAg,0,0,"2024-10-03 14:16:01",@loncengdapurberbunyi9616,"Cara minta tekaman CCTV di mesin ATM gmna ya kak?",0,,
UgyUfiKq-ACwqoQ1T5N4AaABAg,0,0,"2024-09-25 17:43:02",@ArielSetiawan-n4k,"Terimaksih informasinya",0,,
UgwhkhD1iqw4rUbLJOx4AaABAg,0,0,"2024-09-24 07:15:26",@UsepZulkarnaen,"Bukan dari soceng...",0,,
Ugy9hwE2hoaCjhhuF-d4AaABAg,0,0,"2024-09-21 02:34:11",@arsyaarsya-ie6ew,"Dulu kakak ku ya kena tipu oleh org ya g di kenal. Lewat tabungan atm. Sampai tabungan kakak ku ludes",0,,
UgxRD06gYOjMLUxXHHV4AaABAg,0,0,"2024-09-16 13:25:09",@Retnoonde-qz7nf,"benar saya udah kenah tipu mira hayati 450. oh iyo mirahayati gonta ganti wa sampai 4 kali alesannya dibaca orang.tp giliran saya tanya hasil kemengan saya 50 jt mana dia jwb gak kenal",0,,
UgyKsVeDV-3jomVUcZ94AaABAg,0,0,"2024-09-16 00:04:18",@zentiaprastika7029,Bahayatu,0,,
UgzQWcfJ4syTTO5YU394AaABAg,0,1,"2024-09-15 04:57:21",@bangpamulang2329,"Walaupun kita sudah daftar SMS 'berbayar' untuk diberi notifikasi bila ada transaksi atas rekening kita, BANKNYA SEMAKIN SERING TIDAK MEMBERI NOTIFIKASI. Jadi, kelemahannya ada di bank. Pengawasan operasional bank di Indonesia masih SANGAT LEMAH. Tanggungjawab siapa ? Nasabah berada di posisi lemah.",0,,
UgwXiBy8wgDsJU89E714AaABAg,0,1,"2024-09-14 13:20:20",@yudijarwoko2053,"disimpan dibrankas aja gak ilang",0,,
Ugx5SBYNkYQxxqTY7tV4AaABAg,0,0,"2024-09-13 01:22:01",@sayadika5386,"Nabung di bank duit bisa bilang maling nya pegawai bank itu sendiri , orang dalam bank pencuri nya yg tau data2 yg yg nabung , benar2 kurang ajar bajingan orang dlm bank seenak nya nguras duit orang neraka jahanam tempat mu",0,,
UgxEV4OT2g5BmRM5evl4AaABAg,0,0,"2024-09-10 14:03:36",@yudijarwoko2053,"❤❤❤ Informasinya sangat memberi pembelajaran dan sangat bermanfaat",0,,
UgxhzdKB2kOOHYOS3Jp4AaABAg,0,0,"2024-09-08 23:41:22",@MuhammadAnsori-d8m,"Sudah paham",0,,
UgxI-c8AOaOP1so-_N54AaABAg,0,0,"2024-09-08 23:40:21",@MuhammadAnsori-d8m,"saya sudah paham",0,,
UgxEvtT96nN5yhotTm94AaABAg,0,0,"2024-09-07 02:28:40",@themotivation4564,"Sya kmrn bg modus cs ovo palsu",0,,
Ugx9SdQIanWt7BzhZ9d4AaABAg,0,0,"2024-09-05 11:37:41",@paksungadi4065,"Tanggungjawab Bank, itu bagian dari keamanan, validasi, kelengkapan data, orang berhak.",0,,
Ugxsm2dsxTdAfrhBuk14AaABAg,0,1,"2024-09-05 08:02:42",@yayukerna4773,"ya saya jugak kenak penipuan kayak gitu",0,,
Ugw-3r3NCQ9sKeeSjVh4AaABAg,0,0,"2024-09-05 05:52:04",@utinyuliani6645,"Makasih imfonye dek.",0,,
Ugy_g9n-wQ249OwTihl4AaABAg,0,0,"2024-09-01 00:42:26",@HabibahAaraqiana,"Bagaimana kalau kita sudah ngasih no NIK kita, apakah itu bisa di salah gunakan",0,,
UgzPZ6SKDEPS1rI7HKl4AaABAg,0,0,"2024-08-31 16:06:59",@adjimirzabramantyo7196,"Saya dikirim foto lewat Waa saya buka langung habis",0,,
UgyjzEpKbxBKhp6Jfb14AaABAg,0,1,"2024-08-28 12:22:58",@SitiAlkomah-u4y,"Iya bener pernah dichat atas nama bank BRI ngakunya ada perubahan tarif trus saya tanya 2 ke satpam BRI alhamdulillah itu penipuan.",0,,
UgxGV5R41bk5dM4LCY54AaABAg,0,0,"2024-08-26 14:23:04",@kevinnazriel1421,"Baru saja saya ketipu 😭",0,,
UgxnItL72vs3gsxBROR4AaABAg,0,0,"2024-08-26 13:44:27",@muhammadbasori-rv1oi,"Terimakasih atas informasinya",0,,
UgwrMgjFPZA4f2Z8t914AaABAg,0,0,"2024-08-24 17:29:01",@collaborative4291,"Kalau ditawarin marketing bank money fund itu gmn ko melvin?? Di telpon trs dikasi dana tunai dr limit kartu kredit. Dpt admin 1x. Dibayar di cicilan pertama Apakah itu termasuk penipuan?",0,,
UgxZEXXHNC7WKKTBo7h4AaABAg,0,1,"2024-08-23 14:07:39",@HeriEkoprasetyo-g9v,"baru saja aku mendapatkan talfon dari begal onlen",0,,
UgwqGe5UIoznC9LWKfR4AaABAg,0,0,"2024-08-18 01:21:12",@AditongakTongak,"Hati ini aku pu nya pengalaman pahit.ini modus xa mau nikah minta di kirimin sejumlah uwang untuk terbang ke tempat laki,,",0,,
UgyphTNs34ko1hfZmN94AaABAg,0,0,"2024-08-16 16:12:33",@encepbogor254,"Banyak modusnya, misal yg mengaku operator kartu telepon kita yg menawarkan dari prabayar menjadi pasca bayar, pembayaran barang scr cicilan, pinjol, dll. biasanya minta data2 pribadi atau mencocokannya atau nyuruh buka (tap) gbr jenis barang yg ditawarkan, kartu undangan, paket barang dll. Belum lagi hadiah2 dari tokoh2 besar yg kayak raya yg videonya direkayasa dg teknologi AI, se-olah2 tokoh itu yg bicara, yg biasanya bkn ngirim hadiah malah minta ditransfer duit yg ktnya buat biaya admin. Ah, macam2 dah, pokonya hati2 aja.",0,,
Ugw80kMNhPvT7-rpqv54AaABAg,0,0,"2024-08-16 10:08:45",@WindaLingling,"Hidup lagi susah lowongan g ada orng pada cari uang berbagai cara mau bnr a g bnr kadian sekali yo",0,,
UgySjYsNfoyaGWjG_jh4AaABAg,0,0,"2024-08-14 03:14:27",@habibbarus9501,"INTI NYA KALAU ADA YG NELEPON IMING² INI ITU, CUKUP 1 AJA TRIK NYA.... AJAK VC. TERIMAKASI.",0,,
UgwLX-2fhywIJJN4-PN4AaABAg,1,0,"2024-08-10 12:02:48",@yvc.ch01,"Kak mau tanya, kerja online"" yang membayar orang dari nonton video itu penipuan/tidak ya? Soalnya ayah ditawarin kerja nonton video doang disuruh tf dulu 200k terus dibalikin lagi dan ada tambahan 5% gtu... udh beberapa kali dilakuin balik si uangnya sama tambahannya, tapi ini skrg orgnya mulai minta tf 2jt an ga saya bolehin tf takut ga balik uangnya... 🙏🙏🙏 Itu bisa jadi penipuan ga si?",0,,
UgwLX-2fhywIJJN4-PN4AaABAg.A6xmY0cU7qmA94FNsO7WON,,0,"2024-10-02 02:41:02",@ariaprasdiwati677,"penipuan maz",1,UgwLX-2fhywIJJN4-PN4AaABAg,@yvc.ch01
Ugzdo0mYfGFK5uEwtyl4AaABAg,0,0,"2024-08-08 03:42:18",@tjendradjajakusbandi678,"JANGAN PERNAH JAWAB JIKA TIDAK KENAL ATAU NAMA DI TELP MAUPUN WA",0,,
UgxSQAXb5--eUWYUP814AaABAg,0,0,"2024-08-06 00:40:05",@sunanto066,"Thanks a lot.",0,,
UgzS8O8-a56hbASKSqd4AaABAg,0,0,"2024-08-05 22:27:00",@AdiwarnaKulonprogo,"Sekarang lebih baik transaksi keuangan cara manual, karena ekonomi nkri dalam terguncang",0,,
UgwsMNL9Ws8mJNAB9tt4AaABAg,0,0,"2024-08-05 13:35:34",@fitrotulhasanah4556,"Kalo yg saya alami gk ada kbr atau apa tiba2 uang saya berkurang banyak, gimana tuh",0,,
Ugz8bkzsISYnLA86Or54AaABAg,0,0,"2024-08-04 10:23:44",@GarudaSal,"Saya punya pengalaman seperti ini sih sama persis seperti dicontoh pertama",0,,
UgxXpNBkeExR8uL3zat4AaABAg,3,0,"2024-07-29 14:09:55",@deviwahyunirusadi9321,"Sy br nonton konten ini..kmrn sy br mengalami kmrn siang pak,sy ditlp pake wa ktnya ngakunya dr online shop modus nya brg yg sy psn itu dicancel sm tokonya krn tokonya bermasalah.. akhirnya saldo direkening BSI sy kena 1,9jt.. caranya sy disuruh transfer semua saldo sy dr rekening ke dana, anehnya dia tau nama toko tempat sy beli brg online di online shop itu jd dr situ awalnya sy percaya..smg gak ada yg mengalami sprt sy,yg sy sesali & sedih serta kefikiran krn dia mnt data suami sy jg😢sprt terhipnotis sy memberikan data,dia ksh link sy ikutin klik dan seterusnya..selama 3 jam sy ditlp oleh penipu itu smpe akhirnya dia tutup,smg tdk ada yg mengalami sprt sy jg🤲🏻",0,,
UgxXpNBkeExR8uL3zat4AaABAg.A6U6YZvBd3hA8unzdoF5sM,,0,"2024-09-28 01:20:31",@ShintyaSari-t9z,"Mbak uangnya gak kembali kah? Saya juga kena 2 jt ya Allah nyesek",1,UgxXpNBkeExR8uL3zat4AaABAg,@deviwahyunirusadi9321
UgxXpNBkeExR8uL3zat4AaABAg.A6U6YZvBd3hA8v6NGrdOa5,,0,"2024-09-28 04:09:54",@deviwahyunirusadi9321,"@ShintyaSari-t9z enggak mba😢",1,UgxXpNBkeExR8uL3zat4AaABAg,@deviwahyunirusadi9321
UgxXpNBkeExR8uL3zat4AaABAg.A6U6YZvBd3hA8v6Uejhm9X,,0,"2024-09-28 04:10:54",@deviwahyunirusadi9321,"@ShintyaSari-t9z bgmn dgn mba ceritanya klo boleh sharing disni🙏🏻",1,UgxXpNBkeExR8uL3zat4AaABAg,@deviwahyunirusadi9321
UgwDZLY2lXOLLQnxZuJ4AaABAg,0,0,"2024-07-29 12:55:36",@Ayuendra12,"Saya juga tertipu 12juta hilang apa datanyya di sadap ya",0,,
UgwTVUgHAckdxU9G3Cl4AaABAg,0,1,"2024-07-27 02:15:00",@sahnurmarfuah9009,"Saya juga kena ini 2 hari lalu, ada yang mengaku dari Shopee, dia maksa saya VC baru terkena hipnotis diriku, dia suruh aku ini itu kuturuti, padahal saya juga marah"" Dan dia habiskan Shopee later ku yg tak pernah ku gunakan Dan ntar aku sadar setelah Isya dan langsung telp call center Shopee, untung nya Shopee langsung bekukan akunku tapi Shopee later ku dah habis, semoga pembayaran nya tdk dikenakn ke saya 😭😭😭",0,,
Ugw78yTLCB6FMiKL0H94AaABAg,0,1,"2024-07-26 14:03:17",@sulurikediri2095,"Saya pernah d telfon .ngomong nya saya dari bank mandiri surabaya.apakah ini namanya sebut saja A ..saya jwab maaf ngak tau hbiz itu langsung saya matiin tlfon nya hbiz itu ngak telfon lagi😂",0,,
UgxLhLOKgStBeS6DLvF4AaABAg,0,0,"2024-07-25 07:13:11",@fishitopalur3384,"Awas beasanya yg buat konten banyak yg jadi pelaku.",0,,
UgwHvunSzpgMeVr8StV4AaABAg,0,0,"2024-07-25 05:31:38",@widexbatang360,"klo link game penghasil uang yg minta menautkan norek dan sandi utk mencairkan dana",0,,
UgwvjF8cchzg5gVMXyp4AaABAg,0,0,"2024-07-19 00:45:45",@_arifirmanzyah,"Klo misal no rekening dan cvv diketahui penipu apa bisa dibobol? Tapi kita tidak kasih data lainnya cuma 2 itu mohon",0,,
Ugz_Uyi0RSZ5E8SIQ_N4AaABAg,0,0,"2024-07-17 01:51:28",@tenaalamsyah4999,"Tabungan habis di potong biaya biaya",0,,
UgwUN4H7MKTIX4ppKOF4AaABAg,0,0,"2024-07-15 14:50:37",@cHarjono,"Baru aku alami, uangku dikuras hbs",0,,
UgwxBir_A1JAJJ4bt014AaABAg,0,7,"2024-07-11 23:02:52",@fachruddinfathullahharun5289,"Saya adalah satu nasabah bank Muamalat yang baru saja menjadi korban penipuan SOCENG..",0,,
UgwutyNgYS-FUNSnVIx4AaABAg,0,0,"2024-07-11 12:34:27",@suryaagus1873,"Sy mau tanya. Jika orang lain tau No rekening saya . Apakah berbahaya kak. Hanya no rekening dan nama saya di rekening...",0,,
UgzTEJ6MHdgzNaa2Xl94AaABAg,0,0,"2024-07-10 09:50:31",@mulyadizarly1578,"Hari minggu kemarin akun DANA saya dijebol oleh orang yang mengaku admin LAZADA",0,,
UgzW2kMqgj2gTSPhR0p4AaABAg,0,1,"2024-07-10 07:53:18",@SusbaBas,"Thanks Bro",0,,
UgxP2GFrqmasbu4RuK54AaABAg,0,2,"2024-07-08 13:57:32",@paltiramaringgo1515,"Berteletele, kepoint saja kenapa?",0,,
UgwKPAh9Mfh8UtOEIj94AaABAg,0,0,"2024-07-05 09:28:23",@AniAsriyani-h8g,"PELAKUNTA...? YA PEGAWAI BANK ITU SENDIRI. PENCURI BERDASI HABISKAN UANG NASABAH",0,,
UgzSQ7kJB9_XBibFSFZ4AaABAg,0,1,"2024-07-05 09:27:31",@AniAsriyani-h8g,"PELAKUNTA...???? PASTI PEGAWAI BANK ITU SENDIRI .... PENCURI BERDASI DI DALAM BANK. HABISKAN UANG NASABAH !",0,,
UgwV5ccS_PsNdfjCfyF4AaABAg,0,0,"2024-07-04 16:05:14",@kosnandar4775,"Yang jadi heran kenapa penipu tau kalau saya sdh dikirim kartu ktedit dengan kata"" apakah kartu kreditnya sdh diterima...",0,,
UgzRXaMV9u7ymSMmW9J4AaABAg,0,0,"2024-07-03 12:14:50",@kiprul,"Bang klo udah terlanjur mengirim foto kartu atm nya tapi belom kasih tau pin nya apakah masih bisa di bobol bang, tolong jawab soalnya gua kena penipuan pinjol bang🙏🤧",0,,
UgxEgG_7gEupaA7logx4AaABAg,0,0,"2024-06-30 15:54:49",@Apri-oo5ub,"Thanks Kaka sudah berbagi",0,,
UgwbYo79gb8V1zFhR2x4AaABAg,0,0,"2024-06-24 10:08:42",@Fauzifitri-fj8nn,"Akmau tnya donk kmrin suami aku ke bank nah di atm itu uang kita ada 3 jt kta suami aku dia ke bbolan hilang 2 jt tpi sisa 1 jt knpa ya kira""",0,,
UgzRzfb-tH3qSs9KVCZ4AaABAg,0,0,"2024-06-24 09:40:21",@amellcan,"Bener banyak modus hati2",0,,
UgwizP0rNlZjRU8-b1N4AaABAg,0,0,"2024-06-22 04:15:44",@AyiYasa-qm4zz,"Orang pinter ini otaknya di pake nipu hasil keringet orang",0,,
UgwzjC2cr7saOMNP6bx4AaABAg,0,0,"2024-06-22 04:14:21",@AyiYasa-qm4zz,"Aneh juga data pribadi di bank bisa bocor ke garong / bangsat",0,,
UgwYBCYYXNaf3QaQ5nZ4AaABAg,0,0,"2024-06-19 21:22:37",@GustiMade-e8j,"Dimana uang bisa diambil / Rp 80 000 000 no tlp yg bisa dihubungi",0,,
Ugy91QHaB5UJ6mERNuh4AaABAg,0,0,"2024-06-19 14:19:01",@NurAzizah-fp3mr,"Tadi sore aku kenah tipu",0,,
UgwPtXaidM09s61ULiV4AaABAg,0,0,"2024-06-17 16:38:48",@SardinSawsar_1990,"maaf, kak. mau tanya. kenapa saya konsul disalah satu bank. mengenai saldo saya yg hilang. tapi, dimutasi rekening gak muncul setelah di cek orang bank. padahal nyata-nyata uang saya hilang. tapi, kata orang bank. tdk ada mutasi yg keluar. saya juga bingung kak. mau nanya kemana lagi, soal masalah saya.",0,,
UgwFW55GlYC6-sNBkg14AaABAg,0,0,"2024-06-15 04:48:58",@MaiMun-gz3jd,"Ya saya baru terjadi tiga hari kebelang.😊",0,,
UgwDgxyT0TB2qGPL1Ex4AaABAg,1,14,"2024-06-14 05:34:40",@bullbi2018,"Dengan tidak menerima telepon yang tidak ada nama kontaknya adalah langkah pertama dalam perlindungan diri.",0,,
UgwDgxyT0TB2qGPL1Ex4AaABAg.A4eJoSjeTkTADlHZqyeDPH,,0,"2025-01-26 15:12:18",@AnggunmeriaAndani,"Benar sekali",1,UgwDgxyT0TB2qGPL1Ex4AaABAg,@bullbi2018
Ugwvcu89G_C_kCCq10N4AaABAg,0,0,"2024-06-13 13:55:29",@mariyameaton6336,"Itu tidak bisa begitu , ada orang yang kerja di dalam yang kasih tau 👌",0,,
UgwEC7QhY8-Z1tM-zot4AaABAg,0,0,"2024-06-12 07:21:09",@TikatikiTaka,"Gimna ya kak . Livin ku di jebol org mulai dari 50-100 per hari",0,,
UgwAwPHzvwTUKfwdUXF4AaABAg,0,0,"2024-06-11 09:54:01",@Sunarni-sj6si,"Bagaimana dg orang yg bagi bagi hadiah serta kuis katakan anda menang ambil hadiahnya kirim biodata anda kirim no rekening anda apa itu juga modus penipuan",0,,
Ugzt478T6Sk7BL9ejr14AaABAg,0,0,"2024-06-09 12:21:47",@endangbudi6269,"Sejk cina2 masuk Ind bnyk penipi2 lewat online",0,,
UgytCl8UGRwzNQbLDtR4AaABAg,0,0,"2024-06-07 23:16:03",@Dinnur-c3n,"Siapa yg jamin dana kita aman kadang ada keterlibatan pihak aplikasi Bahkan pemerintah yg menggadaikan identitas no hp, nik .pin. ini yg aku alami saat bertransaksi di aplikadi dana. Satu juta jafi nol. Hingga kini tak jelas progres laporannya",0,,
UgwP5qnWjY6xpvFW-bR4AaABAg,0,0,"2024-06-04 07:52:24",@Luzeous,"INISIALNYA BANK BRI",0,,
UgxaFWB_hyA4BSm9r7B4AaABAg,0,2,"2024-06-03 22:26:25",@zethade9620,"Kalau ada telpon dari Bank segera dimatiin catat nomornya.. Bank tidak pernah melakukan transaksi atau konsultasi apalagi minta datalewat HP.. biasanya chatting disuruh datang ke kantor..",0,,
Ugwui2XbPgpzuSkQSr54AaABAg,0,0,"2024-06-03 07:21:09",@enjenmubarok,"Apakah nmr ATM yg sudah di kasih kan tidak aman disaat saldo ada",0,,
UgwTyYc1HPWjvGrHEwx4AaABAg,0,1,"2024-06-02 23:00:28",@AbahNdirun-eb9ue,"Yg tau nmr rekening dan P I N data itu kan pegawe bank ,",0,,
Ugy6eX6ntsBcKm787714AaABAg,0,0,"2024-06-01 09:56:59",@SusbaBas,"Thanks Bro",0,,
UgzRt53iE0Gs_JGEhL94AaABAg,0,0,"2024-06-01 04:07:53",@budimansiahaan6404,"no. 1 itu dah bbrp x ke saya, pertama x datang baik dari BRI & BCA. tapi saya langsung ku telpon dulu call centre bank. mereka jawab tdk pernah melakukan hal seperti itu katanya. 🙏",0,,
UgyyHmf9RFdL44wwk0x4AaABAg,0,0,"2024-05-27 00:31:03",@knuchannel8995,Qaa,0,,
UgxhnIqGfvQ1c2izvPB4AaABAg,0,0,"2024-05-26 02:33:18",@jafetkolondam9084,"Isis juga fpi pendukung hamas yg pencuri duit bank juga sama kerja dhn pegawai bang alira isis. Gitu.",0,,
Ugx_z4etprzKP4uYiZV4AaABAg,0,0,"2024-05-25 15:26:32",@ErwanSyah-js3mf,"Aku baru aja kamren beli barang di Instagram tapi anehnya orang itu minta nomer rekening dan mau liat saldo aku,tapi pas saya tunggu barang ga Dateng dan uang aku yg di ATM habis tanpa sisa,trus cara ngeblokir ATM nya gmna kk tapi aku masih menggunakan m-banking blm buat kartunya kk",0,,
UgzIo2XM7s4hHeohTZZ4AaABAg,0,0,"2024-05-25 01:08:11",@suseloyuni6868,"Saya menabung sedikit direkening BRI tau tau masuk tabungan lagi , lah saldo, 22800,000.hilang .akhirnya gak gak jadi nabung, tidak pakai bing kin. Hanya pakai buku. Aja. Terus gimana supaya bisa aman. Tidak ada tersnsaki. Maksud dikit dikit kumpul, lah........ Rekening kosong.",0,,
UgwLZpd7kb2DACcCi2t4AaABAg,0,4,"2024-05-24 15:16:03",@anisasarah1379,"Betul banget aku korban pernah nih begini dengan modus asuransi tau2 duit ketarik sendiri tanpa adanya konfirmasi terlebih dahulu. Alhasil langsung blokir kartu dan langsung hubungi pihak bank secara langsung untuk tutup rekening.. Syukur pada saat itu nominal di rekening tersebut hanya sedikit krna saya hanya irt yg dapet duit bulanan dr suami kebetulan saya pada saat itu juga iya2 saja krna saya ngga paham asuransi..",0,,
UgzJtR5zviO_z8RYyOl4AaABAg,0,0,"2024-05-22 16:11:52",@KaneMappiajeng,"Pastih pihak bank tahu dengan tehnologi yg ada sekarang hp cctv",0,,
Ugwj7Tj1X5nSKXuzmt54AaABAg,11,30,"2024-05-22 13:18:22",@Darimin-h5e,"Polisi indonesia harusnya ada yg bekerja di bidang CIBER,,, seperti di Amerika dan Malaysia,,,jadi kalo ada Penipu lewat Medsos / hp..bisa Langsung terlacak dan ditangkepp.... Penipu ini sangat meresahkann sekali... Aku harap PEMERINTAH INDONESIA khusunya Bapak KAPOLRI,,, bisa secepatnya mengatasi masalah ini,,,kasihan masyarakat yg jadi korbann",0,,
Ugwj7Tj1X5nSKXuzmt54AaABAg.A3jvaUlndGYA4e4z-9aiHg,,1,"2024-06-14 03:25:03",@IwayanPujawan-u3j,"Bener saya juga pernah tertipu 15juta😢",1,Ugwj7Tj1X5nSKXuzmt54AaABAg,@Darimin-h5e
Ugwj7Tj1X5nSKXuzmt54AaABAg.A3jvaUlndGYA53WD0LJvVR,,0,"2024-06-24 09:43:17",@amellcan,"Modusnya gmn",1,Ugwj7Tj1X5nSKXuzmt54AaABAg,@Darimin-h5e
Ugwj7Tj1X5nSKXuzmt54AaABAg.A3jvaUlndGYA5c6B8IQwKS,,2,"2024-07-08 05:28:29",@DiegoArmanto,"Jangan banyak berharap pada polisi justru polisi juga banyak yg korupsi ,, dan lain sebagainya",1,Ugwj7Tj1X5nSKXuzmt54AaABAg,@Darimin-h5e
Ugwj7Tj1X5nSKXuzmt54AaABAg.A3jvaUlndGYA6iJlyEbfyu,,0,"2024-08-04 11:54:05",@mygame5347,"Dari video ini, pertanyaan pertamnya adalah : Atas dasar apa menjawab dgn "" Tidak pak, tampaknya itu kartu kredit saya disalahgunakan, apakah bisa dibantu??.... "" Anehhh kan????? Yang pertama adalah transaksi nya di malaysia, kemudian apakah tidak ada notifikasi untuk setiap transaksi kartu kredit???? Lalu dari mana keluar dugaan klu kartu kreditnya disalahgunakan??",1,Ugwj7Tj1X5nSKXuzmt54AaABAg,@Darimin-h5e
Ugwj7Tj1X5nSKXuzmt54AaABAg.A3jvaUlndGYA7Ci71NsXwx,,1,"2024-08-16 16:32:00",@encepbogor254,"Setiap kita beli kartu pra bayar pasti diminta nomor kk dan ktp. Dari situ gampang sekali mendapatkan data2 pribadi lainnya, kalau ada yg membocorkannya ke orang jahat. Maka dari itu sejauh mana jaminan atas kerahasiaan data2 pribadi agar tdk tersebar ke fihak luar?",1,Ugwj7Tj1X5nSKXuzmt54AaABAg,@Darimin-h5e
Ugwj7Tj1X5nSKXuzmt54AaABAg.A3jvaUlndGYA9KlmtZosHu,,0,"2024-10-08 12:40:47",@madekrishna3222,"Penipu biasanya ngasi nmor rekening untuk ditranfer dan data penipu melalui nmor rekening bank sudah ada...masalahnya mau ngak aparat keamanan bekerja untuk menangkap penipu itu melalui data nmor rekening di bank",1,Ugwj7Tj1X5nSKXuzmt54AaABAg,@Darimin-h5e
Ugwj7Tj1X5nSKXuzmt54AaABAg.A3jvaUlndGYA9XxQfNOsUp,,0,"2024-10-13 15:32:36",@Indra.75,"Betul sekali perlu ditugaskan khusus tuk petugas cyber crime di polri...kalo perlu kerjakan para hacker yg ditangkap polri di bidang itu karena sesama hacker pasti sdh tau tekniknya",1,Ugwj7Tj1X5nSKXuzmt54AaABAg,@Darimin-h5e
Ugwj7Tj1X5nSKXuzmt54AaABAg.A3jvaUlndGYAH_vxar-Nan,,0,"2025-05-01 15:28:38",@luckyuntung5562,"​@madekrishna3222 Setuju pdhl nama lengkap di rekening tujuan knp gak bisa ditangkap",1,Ugwj7Tj1X5nSKXuzmt54AaABAg,@Darimin-h5e
Ugwj7Tj1X5nSKXuzmt54AaABAg.A3jvaUlndGYAKuzADMVo3r,,0,"2025-07-23 09:14:56",@tri_haryono_medan,"Dengar.. Dengar.. Dengarkan lah kami.. Jgn viral baru action..",1,Ugwj7Tj1X5nSKXuzmt54AaABAg,@Darimin-h5e
Ugwj7Tj1X5nSKXuzmt54AaABAg.A3jvaUlndGYAUOn6GTkJPN,,0,"2026-03-16 01:08:32",@devaccesskoizai1948,"faktanya polisi indo lbh spesialis ke kasus asusila, coba perhatikan kasus ini pasti paling gercep",1,Ugwj7Tj1X5nSKXuzmt54AaABAg,@Darimin-h5e
Ugwj7Tj1X5nSKXuzmt54AaABAg.A3jvaUlndGYAUzw4XSog78,,0,"2026-03-30 20:38:05",@atambae3966,"​@madekrishna3222Sekarang penipu tidak pakai trnsper, asal tau data yang di sebutkan di vdeo ini duit yg di atm akan hilang",1,Ugwj7Tj1X5nSKXuzmt54AaABAg,@Darimin-h5e
Ugwlg7EpIa4e3D45Tjt4AaABAg,0,0,"2024-05-22 09:50:21",@widodosetiyosetiyo856,"Saya pernah tapi isi tabungan pas 50 ribu rupiah dan penipunya bilang dasar orang miskin kaya gitu ssya ketawa langsung aku tutup..",0,,
UgxsQgJkR_sja8P_T1R4AaABAg,0,1,"2024-05-21 03:49:29",@AbdulLatip-t6g,"Saya pernah waktu itu pihak penipu cuma disuruh saya daftar untuk diikutkan undian berhadiah dari bank Jatim, aku nggak nurut karena aku harus konfirmasi ke customer service bank, ternyata itu berita tidak benar. Alhamdulillah selamat saya.",0,,
UgwleGpo2k5uVoUeZh54AaABAg,0,0,"2024-05-20 11:11:37",@AlisaAlisa-j6w,"Om apakah di buku tabungan britama terdapat kode otp walaupun saya tidak mempunyai kartu ATM",0,,
UgxOVAcXmhrZ3yfkyTZ4AaABAg,0,0,"2024-05-19 12:42:02",@adipamungkas5417,"Kok bisa tau uang d rekening ada sgitu ya?? Apa kerja sma ??",0,,
Ugys0DPIPo1Ui6ZqGqJ4AaABAg,0,0,"2024-05-19 05:29:18",@widilestari3156,"Anakku juga kena penipuan saldo bank BRI sampai kosong,,dgn modus belanja on line",0,,
UgyHc_EeyDJ2ghFVCA54AaABAg,0,0,"2024-05-19 02:41:59",@SangTheos,"Dulu soceng buat ngehack friendster, fb, yahoo email.",0,,
UgwS4GaWhh1ZOViFUH14AaABAg,0,0,"2024-05-18 03:32:18",@natachannel6268,"Thanks vidionya",0,,
Ugyi7nRMH_qMKAbJCX94AaABAg,0,0,"2024-05-17 04:59:11",@mariamagdalena5406,"Sama Mas give away Raffi ahmad nagita slavina",0,,
UgwOB9VAIQrDlCy-Dt14AaABAg,0,0,"2024-05-16 20:38:39",@RikomHendrikm,"As'qum, pk apa modal E KTP orang bisa membobol rekening kita...?",0,,
UgzYxTJVx2EYrPPRQH94AaABAg,0,0,"2024-05-16 16:00:14",@abil27,"Apakah bisa ktp dan no rek kita jadi pembobol uang kita di bank?",0,,
UgwKrAgErcfFnqHaGMJ4AaABAg,0,0,"2024-05-16 03:16:31",@winarni1887,"Saya juga pernah ketika di Malaysia tiba tiba ovoku di curi di hek katanya saya naik grb di Jakarta itu .hati hati penipuan banyak ,jangan percaya PD orang tak dikenal ,sekarang cari duit susah penipu penipu berterbangan dimana mana kawan❤❤❤",0,,
Ugzct8G7UsJoyAk-3nt4AaABAg,0,0,"2024-05-15 15:07:48",@wisnuherawati6422,"Iya pak sy pernah",0,,
UgxVM6UqJAcSALEzv3d4AaABAg,0,1,"2024-05-15 10:20:50",@srimulyati6458,"Terimakasih infonya kak",0,,
Ugw7GM1ipdNTvXT1gqZ4AaABAg,0,1,"2024-05-14 11:27:19",@endangsuharsi9392,"Iya betul saya dah pernah di tlf no pribadi, dia ngaku dari bank BNI dia minta ktp katanya mau ngasih pinjaman, suruh kirim foto ktp dulu, padahal saya tidak mengajukan pinjaman, satu hari tlf 3x saya takut ndak saya angkat,, itu nggak mungkin pegawai bank,",0,,
UgzDaAtzfABjlcmMvp14AaABAg,0,0,"2024-05-13 14:36:05",@SulaimanLeman-tj3qp,"Saya pernah minta nama orang tua tapi enggak bisa saya bilang kamu mau nipu",0,,
UgweElfrY-s0MyPYbOR4AaABAg,0,1,"2024-05-13 12:04:30",@kebayasolonew1,"Mungkinkah ada oknum yang tahu persis.data nasabah kan yang tahu hanya oknum",0,,
UgxXPozBv6MRkZh9HyB4AaABAg,0,0,"2024-05-13 11:51:17",@bayuprastistho4939,"Masalahnya ..... pelaku kalau sdh ditangkap tdk dimatiin ! Nggak beda dg bajingan2 yg ngobrak abrik orang beribadah (minoritas) ditangkap tapi dilepas bebas .... cumak dibikinkan narasi sdh damai..... Tai babi laahhh",0,,
Ugw2hDWUiRWWoGb7q4F4AaABAg,0,0,"2024-05-13 00:43:12",@ZainalGrabGrab-zh9nu,"Begalnya Orang BANK JUGA ...",0,,
UgwdQHyT0NSPC0zANNF4AaABAg,0,0,"2024-05-12 10:55:19",@pelong628,"tutup dan bubar kn bank BRI...ta guna lh",0,,
UgwdPq3QrXBKwA4iqMN4AaABAg,0,0,"2024-05-11 13:39:31",@BerkahPonsel89,"Dulu aku pernah juga di telpon dari bank B minta daftar kartu kredit langsung saya bilang kagak minat langsung gw matiin telpon nya 😅😅😅",0,,
UgzSzGPIywilUST2Mnl4AaABAg,0,0,"2024-05-11 11:55:36",@MARITAMCHANNEL,"Semakin tdk jelas saja jaman skrg... Sedihnya pemerintah kurang proteksi hak hak warga negaranya. Sdh tau byk warganya agak gaptek...",0,,
Ugzdi7IKo_ZgYsJsCxd4AaABAg,0,0,"2024-05-11 11:19:33",@Septianandriano47,"Saya nyempen uang di atm gk byk paling cuma 200rb karna takut di hacker jd hp mau melakukan apapun aman",0,,
UgzIxCE96QFCpoECyRx4AaABAg,0,1,"2024-05-10 22:36:45",@yustiansen4473,"beresiko tinggi saat ini simpan uang di bank, begitu ada masalah bank lepas tangan dng beribu alasan...cust akan capek sendiri ngurus masalahnya dan akirnya nyerah...",0,,
Ugz0FRXkxUOcPA16mr54AaABAg,0,0,"2024-05-10 12:52:39",@basori4753,"Ya hati hati kalau di tlp orang tidak kenal",0,,
UgwZvdygr-pOheZ265l4AaABAg,0,0,"2024-05-10 09:41:31",@AndryanusParidy,"Sebenarnya siapa malingnya, sebaiknya di usut polosi",0,,
UgwO_XkaApeaKSmBLPR4AaABAg,0,0,"2024-05-09 13:06:07",@asephernawan426,"😅😅😅😅 pelakunya orang Bank sendiri lah. Jngn maling teriak maling..",0,,
UgyKTrdDWQjcNY6vyEF4AaABAg,0,3,"2024-05-09 12:43:46",@BudiSurono-tq2xo,"Tanamkan dipikiran kita saat menerima telpon tidak dikenal bahwa ini penipuan.... Jadi kita bisa kendalikan pikiran kita.. Terserah anda mau prank penipunya atau tutup pembicaraan",0,,
UgxHHlY-vUgbc4qK2Bx4AaABAg,0,0,"2024-05-08 11:52:37",@alansutarjo1621,"Kondisi di lini itu tidak kondusif, perlu pembinaan mental, sepiritual dan pengawasan pegawai yang lebih baik.",0,,
UgzL3YPMA_oTxtYe5K54AaABAg,0,1,"2024-05-08 08:13:38",@yulianataju9698,"Penipuan paket promo mcd apat harga murah.minta diisi nomor kartu debit. Terlanjur isi 😢 saldo kepotong padahal gk sampai isi pin m.bank",0,,
UgxlGKATqkdsu1LRULN4AaABAg,0,1,"2024-05-08 07:39:53",@budihanafi5800,"Harus dihukum mati,soalnya susah nangkepnya,..kl cuma 2.th..dihukum ke nusa kambangan ja..tiap hari suruh nyangkul batu..😂😂",0,,
UgwdHQvhDSdMS2yBOEB4AaABAg,0,0,"2024-05-07 23:16:15",@rickywibowo8629,"Udah.. Paling gampang ya nomor asing ga usah diangkat. Kalau perlu pake aplikasi pihak ketiga buat memfilter kira kira yg hubungi ini penipu atau yg hal negatif lainnya. Solusi lainnya biar mantap.. Pake mobie banking buat liat atau konfirmasi benar ga ada autodebet atau transaksi yg mencurigakan.",0,,
UgwspJ9LFvkM9Bf9US54AaABAg,0,0,"2024-05-07 17:03:00",@YerryanusYaorka85,"Bang ijin bertanya.. Gimana dengan giveaway yg mengatasnamakan Baim wong..?? Itu menurut saya penipuan, Krn mereka akan mnta 500rb sebagai uang jaminan...",0,,
UgxmX1OLzoYNuj7GB0N4AaABAg,0,0,"2024-05-07 14:34:45",@khadafia-xn6uu,"Begal atau rampok berdasi yg sekolah dan ilmu nya tinggi mungkin",0,,
UgxMaKhmhWqHo-fhXel4AaABAg,0,0,"2024-05-06 03:39:24",@Sakukurata4001,"Bajingan2 atau penipu2 tdk akan pernah menyerah utk mencari mangsa atau cln2 korban baru krn itu merupakan sawah dan ladangnya, ttp hati2 dan waspada ingak2",0,,
Ugz5OZ39qBajtOTsWSF4AaABAg,0,0,"2024-05-05 14:01:16",@sbrsiburian6077,"Menyimpan,uang,di bankskrng,sama saja,memberi secara langsung,kepada penjahat2 perbankankrn bank tdk bertanggung jawab....",0,,
UgxlY42RycpB6CXELUJ4AaABAg,0,2,"2024-05-05 10:29:05",@jetinw764,"Kasian..ud beberapa orang tu d beritain..uangnya hilang..ratusan juta..d BRI .kasian untung sy kaga punya uang d bank .Alhamdulillah ..dapet wat makan doang...",0,,
UgwxSIitoG_h4JFvSVV4AaABAg,3,25,"2024-05-05 03:56:09",@rasyaaya6844,"Pokonya Siapapun yg Nelpon kalau gk kenal , jngn diangkt langsung BLOKIR AJA.",0,,
UgwxSIitoG_h4JFvSVV4AaABAg.A328jqlI0jeA3ISbVPij0e,,0,"2024-05-11 11:57:37",@MARITAMCHANNEL,"😂la siapa tau hal penting juga...",1,UgwxSIitoG_h4JFvSVV4AaABAg,@rasyaaya6844
UgwxSIitoG_h4JFvSVV4AaABAg.A328jqlI0jeA4GMBE6AGPu,,2,"2024-06-04 12:54:23",@unikwaluyo4992,"​@MARITAMCHANNEL/ kalau penting yo jujur kenalan nama alamat dan bri kbr yg bnr",1,UgwxSIitoG_h4JFvSVV4AaABAg,@rasyaaya6844
UgwxSIitoG_h4JFvSVV4AaABAg.A328jqlI0jeAC18KqbsUlG,,0,"2024-12-14 11:15:54",@darmidarmi4006,"Betul,sy pernah di tlp tp modus lama ktnya saudara d kntor polisi trs mnta tebusn 3jt,tp gk sy tanggapi,sejak itu tiap ada tlp msuk tnoa nm gk sy angkat,",1,UgwxSIitoG_h4JFvSVV4AaABAg,@rasyaaya6844
UgxEDeppwsKmzlJMhLJ4AaABAg,0,2,"2024-05-04 15:10:57",@sukanta6514,"Pantesan teman kerja saya pernah habis saldonya katanya di hack. Berarti ini jawaban nya 👍👍",0,,
Ugx1r49Q3XVpGYd97Kx4AaABAg,0,0,"2024-05-04 08:32:36",@m.rizadjoeli357,"Terima kasih mas...🙏",0,,
UgxrQlJuMQkdYE3ZqLN4AaABAg,0,0,"2024-05-04 05:56:39",@murnimurniati3000,Terimakasih,0,,
Ugx9Y75k__aF-7vMgdZ4AaABAg,0,0,"2024-05-04 03:09:21",@humble863,"GW G BAKAAAAAL LADENIN ORG YG NGAKU2 DR BANK. GW KLO D WA TLPON GW MATIIN N BLOKIR. TRS KLO ADA WKT GW DTG K BANK NYE.",0,,
UgzA67yKjYG9T8jVcF94AaABAg,0,0,"2024-05-04 03:08:32",@andraiandrai1771,"SISTEM KEAMANAAN BANK SANGAT LEMAH...sehingga me gurangi kepeercayaan nasabah.",0,,
UgzlrnT0aaWJuyrp3894AaABAg,0,0,"2024-05-03 21:22:01",@AsmianAsmian-w7r,"Apakah aparat polisi dapat menangkap pelaku pembobol tabungan",0,,
UgypTUO6rnZWBrE8vld4AaABAg,0,31,"2024-05-03 13:59:00",@1969YOKO,"Yang penting, ada telpon dari no HP atau no telpon yang tidak kita kenal... lebih baik di cut aja... jaman sekarang banyak scam... Kalo mereka teman atau keluarga lebih baik lewat WA aja...",0,,
Ugxw5FIXFKHvg5zfBrl4AaABAg,0,3,"2024-05-03 08:18:30",@ChristinRinara,"Ok , Trmksh bung' sy lagi d mintai data. Dg modus loker. Sy cancel sja. Trmksh byk bung infonya . Tuhan berkati.🙏🙏",0,,
Ugwb_SLHNFlCl1kzLZJ4AaABAg,0,0,"2024-05-03 03:46:03",@SriRahayu-ns4br,"Saya baru tertipu 3 juta ke maren karna Brimo saya di heack",0,,
UgwKQXNXD96qXacppWV4AaABAg,0,0,"2024-05-02 11:04:19",@betasindorosumbing8732,"Saya seler baru dari tiktok dan produk saya kena pelanggaran dan gak bisa jualan saat itu juga ada pegawai tiktok ngasih solusi lewat wa dan saya udah ngasih data data pribadi dan saya sudah nyampe bri untuk transper uang untung di ATM gak ada duit .jadi saya masih bingung ni bener engak ini orang",0,,
UgwXt24_RgagVWXVQQN4AaABAg,0,0,"2024-04-29 15:19:54",@Muahaji12,"Saya bang kasih nomor atm stri saya bolak balik apakah bisa di bobol penipu dan aku kasih Poto KTP saya",0,,
Ugy9KyuwGAxlUfOyBpB4AaABAg,0,0,"2024-04-29 10:50:58",@EndangYulia,Tank,0,,
UgyCBrjeBjEq4BjKo694AaABAg,0,1,"2024-04-29 06:26:54",@sarpawanwawan8114,"Ini baru saja anak saya baru saja kehilangan uwang di ATM gan kemaren saya baru saja hilang uwang juga",0,,
Ugzr8AiJF-5lmvgm2ih4AaABAg,0,0,"2024-04-23 19:14:46",@sucibudirahayu9611,"kalau mau cuti karyawan pengeboran minyak hrs gunakan rekening istri",0,,
UgygNnXpSaZkhNhrnT94AaABAg,1,1,"2024-04-17 02:49:12",@amrissinomberas-yy1xp,"Mau tanya",0,,
UgygNnXpSaZkhNhrnT94AaABAg.A2JflikWsIPA2MNaHH_WN9,,0,"2024-04-18 03:59:20",@Finansialku_com,"di tunggu yah kak 🔥🔥🔥",1,UgygNnXpSaZkhNhrnT94AaABAg,@amrissinomberas-yy1xp
Ugyq5_2caFy_y5eFpDF4AaABAg,0,0,"2024-04-13 16:53:39",@BungYongkichannel,"Kalau lewat messenger dan whatsapp gimana bang ?",0,,
UgxvOFCgIETMRg_s8014AaABAg,0,2,"2024-04-12 18:54:48",@ignaszamili1999,"Hari ini saya mendapatkan informasi bahwa saya mendapat hadiah dan akan dikirim lewat nomor rekening langsung. Jadi, saya langsung kirim nomor rekening dan nama lengkap saya lewat wa pemberi info tersebut dari tiktok. Kemudian kami ngobrol lewat wa, tapi saya curiga krn dia minta saya login di brimo dan buka e-wallet. Maka, saya langsung hentikan pembicaraan kami. Bagaimana tanggapannya kak?",0,,
UgzT_hqVGvStWJ-c5bp4AaABAg,0,4,"2024-04-06 12:08:13",@yenirizki799,"Met malem... Mksih imfo nya kk 🙏😊",0,,
UgxYFab_jJiiOBHHkkl4AaABAg,0,3,"2024-04-05 14:33:42",@iyanlmjchannel8747,"Terimakasih bang infonya Sangat bermanfaat",0,,
UgxutHIpkfKl8Sow3AV4AaABAg,1,0,"2024-04-02 18:37:21",@amatise5,"Uang saya direkening dikuras habis sebesar 92 jt pada akhir tahun 2022 . yang mana modusnya ada telpon dari pihak bank yang minta konfirmasi biaya transfer dan disuruh mengisi formulir.karena kejadian itu saya kena stroke .",0,,
UgxutHIpkfKl8Sow3AV4AaABAg.A1jkM4AM2M-A36JtEp2LGI,,0,"2024-05-06 18:50:31",@andrecow7450,"sampai sekarang gak balik uangnya",1,UgxutHIpkfKl8Sow3AV4AaABAg,@amatise5
UgyfNBKF-JuYMdtxg-B4AaABAg,1,0,"2024-04-02 04:45:54",@wersihatiduhawersihatiduha562,"Mau nanya pak Kalau sudah dibobol uang kita di ATM. Apakah kedepannya di bobol lagi??",0,,
UgyfNBKF-JuYMdtxg-B4AaABAg.A1iGCJb-6XPA2LMNpUEdHv,,0,"2024-04-17 18:29:31",@asrarpac816,"Kapok dia cari korban lain pasti nya, dia penipu nya juga cari aman...",1,UgyfNBKF-JuYMdtxg-B4AaABAg,@wersihatiduhawersihatiduha562
UgwzhoSwdNyK_m4ZWnN4AaABAg,0,0,"2024-03-23 09:26:43",@SitiFatimah-p6j4k,"Pernah kehilangan 20 JT direkening",0,,
Ugz_5ENctLBIknNsvOR4AaABAg,1,7,"2024-03-22 05:02:21",@SelaluSetia-dz5dq,"Harusnya keamanan bank itu lebih ketat meskipun nama no hp diketahui orng pihak bank harus perketat keamanan security nya",0,,
Ugz_5ENctLBIknNsvOR4AaABAg.A1GyLCMH6RZAVogHZnniLC,,0,"2026-04-20 08:19:49",@Mang_Haris-t1q5m,"Bagaimana tindakan nasabah ketika simpanan/ tabungan terkena kebobolan uang dari pihak yg blm di ketahui pelakunya?",1,Ugz_5ENctLBIknNsvOR4AaABAg,@SelaluSetia-dz5dq
Ugy0O-8E8JIQVmJ_hVl4AaABAg,1,0,"2024-03-15 15:17:16",@Dhingo_express,"Baru banget mbanking ku terblokir.. Aku panik trus searcing dan gak fokus asal pencet dan isi data.. Gmn yah😢... Mana udh lengkap lagi.😢",0,,
Ugy0O-8E8JIQVmJ_hVl4AaABAg.A1028vlFSEeA1XevkZ7W62,,0,"2024-03-28 16:39:48",@afzal4935,"Skrg gimana bang 😢",1,Ugy0O-8E8JIQVmJ_hVl4AaABAg,@Dhingo_express
UgysMl_W_FoHhMNUfMB4AaABAg,0,0,"2024-03-11 09:04:33",@IsmailSaputra-dd3bz,"kak apakah itu ATM kita hack yah kalo udh kena gitu",0,,
Ugz-bb4OLVd-T8M1ghZ4AaABAg,0,0,"2024-03-08 05:12:37",@bskbaim6713,"Kak... Klo teman minta aplikasi gopay d HP nya tapi pakai data kita... Apakah itu bisa jdi penipuan jg???",0,,
UgwaVnTRGfY8UWWAUrR4AaABAg,0,0,"2024-03-06 12:45:27",@hardianok6584,"Saya malah di suruh klik link setiap hari Tapi dia ngirim pesan lewat sms Ya saya abaikan aja",0,,
UgxTp7xCAgFKEDsn0gB4AaABAg,0,0,"2024-03-05 14:38:41",@Infopenipuanoffshore,"Aku kena tipu kak dan byk yg kena jg aku share cerita aku please hati2 semua penipuan online meraja Lela sekarang dan korban nya perempuan share video aku supaya tidak byk korban lagi",0,,
UgzlkzWEjBdEhTfZoI14AaABAg,0,1,"2024-03-05 13:19:02",@AhmdAdtya,"Sekarang aku di minta no rekening sama ktp,katanya bakal uang,tapi sekarang ga ad kepastian saya harus gimna ya minta solusi nya dong😢😢😢",0,,
UgzUCyax5izUDQklXgx4AaABAg,1,2,"2024-03-04 11:58:39",@andirafaelputra2349,"Bagai mana cara mengatasi kode OTP yg sudah terlanjur di berikan ,,kepada penelepon yg mengatas namakan,dari pihak bank camb niaga?",0,,
UgzUCyax5izUDQklXgx4AaABAg.A0ZMfWl7hL7ABk3dl9yfur,,0,"2024-12-07 10:48:36",@molibdenum7792,"Blokir aja rekmu.",1,UgzUCyax5izUDQklXgx4AaABAg,@andirafaelputra2349
UgwSv64LEC7cRI-ZV454AaABAg,0,0,"2024-03-01 07:08:13",@alimachmutdi1470,"biasa pelaku dngn nada sopan santun, tetap hati"".. suara nada wanita dengan sopan santun tidak menutup kemungkinan sbgai PELAKU",0,,
UgzO1dNynbJBPvgoWPp4AaABAg,1,1,"2024-02-28 22:56:50",@KataCeritaKita,"Dateng kesini karna habis dari bank. Kok saldo di bank ibukku hilang😢😢",0,,
UgzO1dNynbJBPvgoWPp4AaABAg.A0Nf0rVVnakA1yZvSJX1S0,,0,"2024-04-08 12:46:04",@Rainbow_Cake77,"Mf berpa hilgny...berarti kgk amn lg yg nmny bank",1,UgzO1dNynbJBPvgoWPp4AaABAg,@KataCeritaKita
UgzSY2-X9jQEzl2ywTh4AaABAg,0,0,"2024-02-26 03:36:34",@dediirawan1906,"Ko bisa ya hanya krm no rek aja bisa bobol saldo kita kan no sandi nya kan gak kita kasi tau ke hanya no rek aja kita kasi kan",0,,
Ugxx3H_Wh0_P_3CuPaB4AaABAg,0,0,"2024-02-25 13:14:33",@yanikaryani6202,"Saya tdi dipinta ngisi nma lengkap sma no ATM nya kq",0,,
UgynQYS0GRvH5MyDyLJ4AaABAg,0,0,"2024-02-25 13:13:31",@yanikaryani6202,"Tadi siang baru aku alamin ka",0,,
Ugz3fKDInYW0QoyGx3B4AaABAg,0,5,"2024-02-19 12:54:47",@KatarinasembiringKatarina,"Terimakasih buat informasi nya,sungguh bermanfaat.👍👍",0,,
UgyodNmb0c8V360NqfB4AaABAg,1,0,"2024-02-19 04:53:02",@RudiHartono-bw9zt,"2minggu yg llu dpt telpon atas nama bank.tnya data dan nomor hp.jwb iya,.modus akan dpt krtu sehat,10hri kdepan dri bank.eh gx tau, saldo direkening.tiba mau narik, saldo tak bs.rupanya hbis..apakah sya terkena salah satu itu.mohon pencerahan.🙏🙏",0,,
UgyodNmb0c8V360NqfB4AaABAg.A-zYpuPgIasA9dbfV3DJzV,,0,"2024-10-16 05:37:12",@LukmanPratama-u7u,"Trus gimana cara agar atm kita aman aph kita buat ATM baru",1,UgyodNmb0c8V360NqfB4AaABAg,@RudiHartono-bw9zt
UgyEwBEKr0afoJWq4Vd4AaABAg,0,0,"2024-02-15 02:57:11",@Saksimata-re2we,"Ini justru penipu, tak usah di pedulikam",0,,
UgxM9OUZ41HN8nvBvAh4AaABAg,0,0,"2024-02-15 02:55:40",@Saksimata-re2we,"Ini penitu",0,,
UgwZwMVouTO7vnSfgg14AaABAg,0,0,"2024-02-11 06:43:10",@santikwijaya5485,"Kak, solusi utk nomor kartu debit yg udah terlanjur di ketahui penipu,gmn kak? Apakah dgn cara blokir atm lalu ganti kartu, udah aman?? Mohon di jawab, terima kasih",0,,
UgwrK35PjYAE2frM-cB4AaABAg,0,0,"2024-02-11 06:37:12",@santikwijaya5485,"Makasih kak 🙏 setelah tonton video ini aq langsung cepet2 blokir+hapus oneklik asing di mbanking dulu, trs blokir atm via mbanking dulu,blokir nomor2 asing, hapus data2 pribadi yg udah kadung ter share (entah apa udah aman apa blm😭), kontak nya aq blokir, smua aq blokir",0,,
Ugyre8XYwDwoQC48SYZ4AaABAg,0,0,"2024-02-10 16:12:06",@tahnadana5435,"mas, mao nanya dong, kalo misal kenalan sama cewe ni, trus dia minta tranfer, itu bisa ga bobol rekening saya, kalo saya sempet transfer k dia? saya pribadi sih paling segen ya transfer2 gt, tp kadang suka ngerasa rugi jg, karena kok susah amat sih mao kenalan sama cewe kalo ga mao transfer2 gt, di bilang pelit lah, atau ga mao lanjut kenalannya, gitu2",0,,
Ugwl4NoJk-_JQ0O4lLV4AaABAg,0,0,"2024-02-05 16:45:25",@kikcer25,"Klau cuman nomor Nik e-ktp yg diberikan ituu bgmna kak?",0,,
UgwhdUFFaOI9v7J089x4AaABAg,0,0,"2024-02-05 16:43:54",@kikcer25,"Klau cuman nomor Nik e-ktp yg diberikan ituu bgmna kak?",0,,
UgxByr07461-wTCCB0V4AaABAg,1,0,"2024-01-27 09:34:17",@khoirilana,"Kak.. saya perna di telpon sama adminya baimwog katanya sih.. dapat uang tunei tapi saya ada nomor rekening tpi kartu di bawa sama kakak kerja tros tiba"" yg tlpon saya di suru ke BRI ligk tampa saya bawa katu ATM sampei disana deket ke BRI ligk sebelum deket tempat jarak tiga ruma saya di suru telpon balik katanya di pantau dan di tutun ambil uang di tempat BRI ligk tapi saya gak jadi keluar soalnya saya takut dan ragu. Mhon tolong kasi penjelasa🙏🙏",0,,
UgxByr07461-wTCCB0V4AaABAg.A-3pjjKro-cA2EiDSj_BeC,,0,"2024-04-15 04:34:24",@FATIMAH_PUT,"Jangan mau d suruh k ATM nanti uang nya hilang ... Di suruh suruh pencet malah ngirim k sonoo ..pernah kjadian",1,UgxByr07461-wTCCB0V4AaABAg,@khoirilana
Ugy6ovYaEV7kfhCNjtF4AaABAg,0,0,"2024-01-27 06:13:21",@Yanah-mw6cw,"Ko bisa di ambil sedangkan klo ambil hrs ada tandatangan yg punya buku tabungan",0,,
UgytMCqOrQ3Jb2MInJt4AaABAg,0,0,"2024-01-24 10:53:53",@RUDY_BASZKHARA,"Apa bisa ambil uang pakai sim card orang lain kak?🙏",0,,
UgwHIZLEGFfltFSUJEd4AaABAg,2,0,"2024-01-22 02:39:17",@wapol2045,"Akhir 2022 saya baru sadar hilang hampir 75 juta hasil jualan online lenyap 😢",0,,
UgwHIZLEGFfltFSUJEd4AaABAg.9zrDGtXbuir9zzjLh8_KJa,,0,"2024-01-25 10:02:14",@nendarhairul1101,"Lalu uang nya bisa balik lg gg",1,UgwHIZLEGFfltFSUJEd4AaABAg,@wapol2045
UgwHIZLEGFfltFSUJEd4AaABAg.9zrDGtXbuir9zzknqxwpdN,,0,"2024-01-25 10:14:57",@wapol2045,"@nendarhairul1101 Enggak, gak tau salahnya di mana, sekarang kl ada wa kirim file atau ada telpon masuk jadi takut kena penipuan lagi",1,UgwHIZLEGFfltFSUJEd4AaABAg,@wapol2045
UgwVJ1tJT0Jr_y003KN4AaABAg,0,0,"2024-01-16 17:17:34",@khabijunaedi468,"Pak apakah kalo sudah ditipu kaya gitu harus bikin ATM lagi biar aman pak",0,,
UgyN0rzX7RFBOeYXtpJ4AaABAg,0,0,"2024-01-13 09:24:56",@tanisanis9897,"Saya pun kena tipu habis uang di saldo",0,,
UgzZMSEqfwa_mRaxXpx4AaABAg,0,1,"2024-01-10 23:01:11",@santoanto9423,4:39,0,,
Ugy8hGvAH3FjwpTDJpB4AaABAg,0,1,"2024-01-09 02:17:04",@TegoFirmansyah,"Saya mau tanya klo KTP kita dikirim lewat WA apa yg terjdi",0,,
UgzMF0NE-_CKziGmgY54AaABAg,0,0,"2024-01-07 15:58:48",@sitiardila8236,"Sma la ni aku jga kena tipu",0,,
Ugypjh6SNGTnNOAgVId4AaABAg,1,0,"2024-01-05 04:50:33",@anakdesa5860,"Aku tadi ditlvon greater Jakarta, mengatasnamakan bank BRI, berhubung aku memang punya tabungan bri jadi aku tanggapi, dia minta cocokan data pribadi, jadi aku jawab yg sebenar-benarnya, jadi gimna om aku takut ditipu ni, cara ngatasinnya gimna ya",0,,
Ugypjh6SNGTnNOAgVId4AaABAg.9zAfmRIWikqA36KLvApEnN,,0,"2024-05-06 18:54:34",@andrecow7450,"ganti rekening bank",1,Ugypjh6SNGTnNOAgVId4AaABAg,@anakdesa5860
UgwOE5AWJy2q4we2GYB4AaABAg,0,0,"2024-01-03 11:51:19",@zhen8434,"Kalo dah terlanjur ngasi no rek aja gimana 😢? Bahaya ga",0,,
UgzjQ6onXRgMs7ovPzF4AaABAg,0,0,"2024-01-02 12:31:25",@BadGardener-h5b,"saya pernah terima WA mengatasnamakan BNI.Isi WA link dokumen, silahkan di baca. Lalu saya menelpon ke call centre BNI.Info dari call centre BNI tidak pernah mengirimkan WA ke nasabah apalagi saya bukan nasabah BNI.",0,,
UgyHCg6nU_upIdbDkOJ4AaABAg,0,0,"2023-12-29 03:14:19",@padlimulyawan5243,"Orang yg belajar IT bisa aja menyalagunakan kalau lagi posisi kepepet",0,,
Ugyd9wTg_knjhUeTMqp4AaABAg,0,0,"2023-12-22 07:41:55",@AzkaAditama-u1q,"Saya tadi kak di wa kan yaitu minta nama rek ,alamat,bang,terus aku isi tuh nah trs dia nelfon ke aku dia bicaranya gini nggak jelas hallo kak""gitu terus aku blokir deh ,aku lupa tidak tangkap layar jadi bukti""nya hilang😢",0,,
UgyKXbEGJyrmmDNjeEN4AaABAg,0,0,"2023-12-09 07:35:56",@pancagalang4576,"Apa orang bisa menarik tunai hanya dengan nomor kartu dan cvv saja? Soalnya baru² ini kaget tiba² ada yg tarik tunai dari atm saya dengan jumblah 2jt tanpa kartu debit saya",0,,
Ugy6z7DRK3CDmVuCdKh4AaABAg,0,0,"2023-12-08 16:30:00",@SamSamudra-um3zh,"Klw ada minta no rek doang pak? Itu kira2 apa yg akan terjadi pak? Saya dapet give away dari tiktok cuma dia cuma mnta no rek aja pak ? Gmnh pak saya butuh saran dari orang yg paham ..",0,,
Ugy0ox5K7pb9H1sY2kt4AaABAg,0,2,"2023-12-06 08:26:54",@habibulmanan4007,"Terimakasih pak atas penjelasannya.",0,,
UgwB4qQcK2VS6RnPM0p4AaABAg,0,0,"2023-11-27 11:23:52",@rockandblues3635,"hanya org bodoh yg bisa di tipu, kalau bank tlp langsung tutup & pergi saja ke bank tanya langsung",0,,
Ugw2l4XscgmGzdXAES94AaABAg,0,0,"2023-11-24 23:58:24",@FahrezykEy,"Kalau pin kita GK di kasih gimana kira2 pak izin pak",0,,
UgwmNvxuSs5DEIGVqtl4AaABAg,0,0,"2023-11-24 16:05:13",@Bluesnotchanneltwo,".......semakïn canggïh semakïn ngerï dalam menyïmþan uang, jaman dulu gak ada was-was meskïþun menyïmþan uang banyak dïbawah kasur, haþþy aja tuh...sekarang dïjaman canggïh justru jadï was-was taþï masalahnya kasur jaman dulu sudah gak ada lagï þadahal sangat efektïf dan aman serta antï was-was...🤣🤣🤣",0,,
UgwgvPx7x5LEpWnx-rF4AaABAg,0,1,"2023-11-23 00:04:06",@ismailusman6585,"tapi pak saya krmaren, ada orang , katanya transeper uang, terus suruh cek, tapi di cek ga ada, terus dia ga percaya dan dia mengurimkan bikti pengiriman ,rapi tidak jelas burem terus dia mibta srkrinsut saldo ahir ,terus saya kirim ss nya, itubahaya ga sebatas ngasih skkrinsut, terus saya hps lagi",0,,
Ugyynq6W8UcDDwNaZkt4AaABAg,0,1,"2023-11-22 11:38:33",@E.D.W.A.R,"Aku kena Tipu dari BNI life insurance brusan di tarik saldo ku 1jt.. Mau nguris ke bni di kota kata ny hrus ada no polis nya dan biasa ny katanya data ansuransi ny bakalan di kirim di email Wa sama pesan SMS tapi gak dikirim sama sekali. Dan alhasil gk bs ngapa ngapain lgi",0,,
Ugz-j2yt-0qrVeabCyJ4AaABAg,1,5,"2023-11-20 06:10:02",@permatamarmer1366,"Oknumnya mengingat di hukum mati / dihilangkan saja. supaya jadi efek jera",0,,
Ugz-j2yt-0qrVeabCyJ4AaABAg.9xKNJNAWL2ZA3p1R4MqEH2,,0,"2024-05-24 12:54:19",@mulyono5005,"Sangat se7 sekali",1,Ugz-j2yt-0qrVeabCyJ4AaABAg,@permatamarmer1366
UgwNzj2hBhrvHnspfaZ4AaABAg,1,6,"2023-11-19 04:48:35",@merdekamerdeka9601,"Pertayaannya... dari mana mereka tau no tlp nasabah.. Tolong bantu jawab.. Siapa yang tau... 🙏 padahal yang tau no tlp nasabah hanya pihak Bank yang saat nasabah buka rekening tabungan...",0,,
UgwNzj2hBhrvHnspfaZ4AaABAg.9xHeBtijAsMABk3LCNff3l,,0,"2024-12-07 10:45:56",@molibdenum7792,"Paranormal donk",1,UgwNzj2hBhrvHnspfaZ4AaABAg,@merdekamerdeka9601
UgzkCa5ntX014L9maoB4AaABAg,2,2,"2023-11-19 01:55:21",@nurhadidachlan7441,"Ya betul, sy jg pernah hampir sj terjebak, info perubahan biaya transfer bank. Tp syukur, ketika sy mulai mengikuti instruksi modus penipuan, sy diingatkat teman, dan sgr sadar.",0,,
UgzkCa5ntX014L9maoB4AaABAg.9xHLN1pmxEbA1NMCd0KpAi,,1,"2024-03-24 16:35:05",@diansakinnah8546,"Alhamdulillah sama mas aku juga gitu tapi masuk nya lewat email",1,UgzkCa5ntX014L9maoB4AaABAg,@nurhadidachlan7441
UgzkCa5ntX014L9maoB4AaABAg.9xHLN1pmxEbA1NMQb2_BbP,,1,"2024-03-24 16:36:59",@diansakinnah8546,"Email masuk aku bls di arahin ke WhatsApp dan link...",1,UgzkCa5ntX014L9maoB4AaABAg,@nurhadidachlan7441
Ugxey7RTlKMkTIPvCqZ4AaABAg,0,0,"2023-11-16 12:22:25",@JanusiHutagalung-u3i,"Apakah di indonesia ini kayak itu",0,,
Ugx0M45pF5iLKYOLyzt4AaABAg,0,1,"2023-11-16 03:20:41",@willyantosutianto187,"Yang perlu di ingat bank itu bersikap pasif, tdk mungkin dia akan menelpon nasabah tanya transaksi kartu kredit, atau apapun itu, nasabah yg harus aktif tlp ke bank, kan bisa setiap transaksi kartu kredit ada notifikasi di email kita.",0,,
UgyPF3wsOf7n3Bg02xt4AaABAg,0,0,"2023-11-14 20:54:18",@Saksimata-re2we,"Berarti keamanan dari pihak bank sudah tidak ada gunanya, atau hanya mau bikin sensasi saja.",0,,
UgzIihw7Mml7mqKuIM94AaABAg,0,2,"2023-11-14 11:46:42",@fransiskalisungan6662,"Sekedar sharing karena kebetulan kejadian ini juga baru saja terjadi sama saya beberapa hari lalu, ceritanya saya lagi di jalan tiba2 di telpon katanya dari pihak BANK BNI tapi nomornya pribadi trus mulai memperkenalkan diri dan sebagainya intinya si penipu ini mau menawarkan jasa asuransi kesehatan BNI LIFE, trus sudah disebutkan segala kemudahan serta adanya pergantian dana dengan jumlah besar lalu pas sampai pada penawaran yg awalnya 1 jt 500ribu per tahun tiba2 jadi per 3 bulan 450ribu saja krn sudah saya tolak... Lalu tiba2 turun lagi jadi 150ribu per bulan, pokoknya saya terus dipaksa ikut trus dipaksa buat menyebutkan identitas aslinya dan jujur waktu itu sperti dihipnotis dari telpon tapi untungnya saya tidak pernah mengiyakan satupun tawaran mereka dan segera menutup telepon... Buat semuanya ttp hati2 dan waspada ya, soalnya hal2 penipuan sperti ini sudah sangat bnyak & dengan motif2 bermacam-macam😢😢😢 Semoga cerita saya ini bisa bermanfaat bagi yang lain😊",0,,
UgyVHibu2NfDyzorWPJ4AaABAg,0,0,"2023-11-14 00:24:58",@mojessanosa8568,"SO CENG ITU SOTO CENGGO.",0,,
UgzByzSx9kSHqcx8ScV4AaABAg,0,0,"2023-11-13 16:53:52",@Bayabay718,"Bisa kah di bobol tabungan pakai ATM. Photo KTP nomor handphone alamat dan nama ibu kandung.karena saya curiga karena nomor pin saya salah padahal benar ATM saya jadi terblokir.",0,,
UgyYbgJz0JII9cw9Oq14AaABAg,0,0,"2023-11-13 15:33:11",@Deedee000,"Bang.. input pernah kerja di bank soalnya… mending tutup sekalian.. terus telp ke call center bank tsb… selalu curiga kl incoming call",0,,
UgzzF0sjwegvQo_bgPN4AaABAg,0,1,"2023-11-13 04:57:03",@srihandini61,Ok,0,,
UgxD1fiKrv82yiJpzYl4AaABAg,7,37,"2023-11-12 14:53:03",@yahya_setiawan,"Ciri penipu pasti nelpon dijam2 sholat dhuhur atau ashar jam hari jumat sore agar sabtu minggu bank libur korban gak bisa cros cek ke bank",0,,
UgxD1fiKrv82yiJpzYl4AaABAg.9x0hnzmXqMnA6ul4-KjLY3,,0,"2024-08-09 07:52:14",@rahmath6981,"betul sekali... barusan saya dapet WA nya.🎉",1,UgxD1fiKrv82yiJpzYl4AaABAg,@yahya_setiawan
UgxD1fiKrv82yiJpzYl4AaABAg.9x0hnzmXqMnA8dSiZN_0B3,,0,"2024-09-21 07:38:51",@selfaseptiani4038,"Bener banget kak aku kemarin hampir kena tipu mengatasnamakan shopee,sekali tahapan lagi ngikutin arahan dia kayanya bakalan diambil uangku😭",1,UgxD1fiKrv82yiJpzYl4AaABAg,@yahya_setiawan
UgxD1fiKrv82yiJpzYl4AaABAg.9x0hnzmXqMnA9KZUeHnfox,,2,"2024-10-08 10:44:34",@RenitaJKT-lk7rj,"Kan ada call center",1,UgxD1fiKrv82yiJpzYl4AaABAg,@yahya_setiawan
UgxD1fiKrv82yiJpzYl4AaABAg.9x0hnzmXqMnAKUT2jqBctd,,0,"2025-07-12 16:46:04",@adjiemarni1327,"Betul sj jg hbs kejadian sore ini …hrs nunggu Senin disarankan utk lapor dan diproses ke bank",1,UgxD1fiKrv82yiJpzYl4AaABAg,@yahya_setiawan
UgxD1fiKrv82yiJpzYl4AaABAg.9x0hnzmXqMnAKUTEbUgbHI,,0,"2025-07-12 16:47:41",@adjiemarni1327,"@RenitaJKT-lk7rjtetep di arahinya ke hari buka bank,sy td sore barusan jg ngalami ,terjadi transaksi diluar taunya sy & saldo berkurang,lapor bank ,disuruh Senin ke cabang bank terdekat",1,UgxD1fiKrv82yiJpzYl4AaABAg,@yahya_setiawan
UgxD1fiKrv82yiJpzYl4AaABAg.9x0hnzmXqMnAKxigIkmtwX,,0,"2025-07-24 10:48:37",@AnggaAngga-do3bs,"betul suami say juga pernah di telpn di suruh ngirim KTP dan NPWP data suami say karna suami saya pensiunan perpajakan",1,UgxD1fiKrv82yiJpzYl4AaABAg,@yahya_setiawan
UgxD1fiKrv82yiJpzYl4AaABAg.9x0hnzmXqMnALWmwj2cHcj,,0,"2025-08-07 10:58:29",@AGUSPRASETYO-i6b,"Bank bank besar ada call centernya 24 jam termasuk hr Sabtu , minggu",1,UgxD1fiKrv82yiJpzYl4AaABAg,@yahya_setiawan
UgyhMlpDFSJYkU9WEYZ4AaABAg,0,0,"2023-11-12 12:19:51",@IinLestari-b2z,"Kk mau nanya donk..aku dulu pernah kyk GT .saya ngasih nama. no hp foto dan no KTP KK gmn nih kk apa bisa di ambil uwang saya klu di isi lgi",0,,
UgyxJXhoQx2h08RZT_94AaABAg,0,2,"2023-11-12 10:34:06",@nurhayatipaliweng9033,"Terimakasih infonya, sangat bermanfaat",0,,
UgxPCbAwdjDO8hiPJW54AaABAg,0,0,"2023-11-11 22:52:46",@WandiWandi-qo2wu,"Boleh nih pencerahanya❤",0,,
UgxQc10mF9UqpcNkiWx4AaABAg,0,0,"2023-11-11 01:06:07",@firsanhanda4819,"Bgmn solusinya spy Aman",0,,
UgxSPVSXHbAcAVY60Od4AaABAg,0,0,"2023-11-10 19:39:42",@Mamanomon,"Klo gw ditipu di Carousel, niat beli iphone bekas trs dia berani nulis di iklan nya bisa cod, trs gw ajak cod selalu bilang gk bisa hari ini bsok aja yah. Trs akhirnya wa dia lg gmn trs kata dia saya gak bisa nih soalnya masuk kerja, tapi td ada yg mau nih dia pengen di gosend aja, jd gw terpancing dong supaya duh jgn keduluan org lain, trs dia bilang oke klo agan mau bisa saya kirim lgsg gosend nih. Terus dia bilang klo misal udah dot kurir gojek nya dia kirim link live tracking nya dan bener dia kirim dan itu kaya asli bgt. Kaya udha dipersiapkan semua ada data2 saya sbg penerima nanti alamat semua sudah benar, trs gw klik link nya masuk ke aplikasi gojek 'abal2' dan itu mirip asli bgt. Trs krn ya udah yakin dong lgi di kirim gw transfer lah ehh tiba2 chat semua dihapus cpt bgt, padahal sbnrnya gw udah feeling gk enak bakalan ditipu namun krn ego dan emang lgi pengen aja iphone second dan harga nya jg harga standar second gk murah jg, ya udah deh beneran sesuai feeling😢😢😢😢. Semoga tuh org ketangkep supaya gak ada korban lain. Aamiin🤲",0,,
UgybRemvtROrZ-WkqDZ4AaABAg,0,0,"2023-11-10 14:41:51",@dzakiyaananta,"Yg pasti Yg di bobol saldonya orang menengah k bawah orang konglomerat mah aman saldonya Yg pasti saldo dia bertambah",0,,
UgwmrU0dx-3P4HpuMVp4AaABAg,0,39,"2023-11-10 14:09:54",@yabu67,"Intinya kita jangan smpai tergiur apapun.... Jikalaw ada problem pastikan nasabah yg menelvon bukan pihak dari bank....bagusnya rijek atau blokir aja panggilan nomor diluar kontak...",0,,
Ugw9VRkJF1Ni05Y92IJ4AaABAg,0,0,"2023-11-10 13:19:12",@sitihartini5911,"Bagaimana klu kaya di FB katanya dapet hadiah suruh kirim data berarti bohong",0,,
UgzdBI-VHGEEJdTBxXN4AaABAg,0,0,"2023-11-10 13:16:34",@sitihartini5911,"Oh ya sy pernah tp saya abaikan",0,,
Ugy_PFVLsHYRvd_v0kl4AaABAg,0,4,"2023-11-10 10:06:18",@slametlakso7499,"Terimakasih mas , sangat bermanfaat🎉❤❤",0,,
UgyxYHUdAEQkopA9VtF4AaABAg,0,0,"2023-11-10 08:25:12",@tatiwarni3161,"Kalau penipuan kartu hallo, katanya aku dapat hadiah. Terus dia minta saya mengirim kode otp kartu hallo saya. Karena saya lagi di kelas saya sempat menklik kata ya. Nah setelah diteleponnya saya baca di kode otp itu gak boleh kasih tau sama orang sekalipun ke telkomsel. Aku ngerti ternyata mereka penipu. Dia beli pulsa 1 jt. Nanti kartu hallo aku yg bayar. Untung aku baca kode otp itu",0,,
UgwrmQG3wq_BnLJ551Z4AaABAg,0,2,"2023-11-10 04:02:14",@novialakuteru677,"Saya bantu teman saya setelah ditranfer 500ribu ehhhh disuruh kirimuang lagi,, untuk pencairan uangnya ehhhh darii situ saya curiga sedang ditipu",0,,
Ugy73g6SOWVdqowN5F54AaABAg,0,0,"2023-11-10 04:01:09",@novialakuteru677,"Saya bantu teman saya setelah ditranfer 500ribu ehhhh disuruh kirimuang lagi,, untuk pencairan uangnya ehhhh darii situ saya curiga sedang ditipu",0,,
UgzMOa-FAMkZ4GE94zR4AaABAg,0,10,"2023-11-10 03:49:38",@novialakuteru677,"Trimakasiih kak,, saya asal maluku jadi korban penipuan online tapi,, itu pada program give away,, awalnyakan teman saya dulu,, Minta bantuan uang dari saya,, Pokoknya dia sudah isi identitas diri,, Ada juga surat kepolisiaan,, trus Dia kasih tau,, ke sya Katanya nanti Dia kasih uang ke saya juga,, ehhhh sya jadi kasihan sama teman saya makanya saya bantu",0,,
UgwoVVaM_JMzjX-3xfF4AaABAg,0,0,"2023-11-09 16:59:28",@TOTOPRIHYANTO,"BEGAL BERDASI.",0,,
Ugxtj8owoS97JroIF1Z4AaABAg,0,1,"2023-11-09 16:57:00",@TOTOPRIHYANTO,"KAYAKNYA...HAL2 SEPERTI INI TERJADI SETELAH SISTEM REGRISTRASI NOMER SELULER PAKE KK. TERNYATA...DIDUGA KUAT...SISTEM.ITU DIPAKE UNTUK MEMBOBOL REKENING NASABAH BANK. KARENA TAHU...NAMA IBU KANDUNG SIPEMILIK REKENING. KLO TIAP HARI MENCURI 10 RIBU RUPIAH SAJA PER REKENING...KALI BERAPA PULUH JUTA REKENING?......BERAPA NOMINAL YG DIBOBOL PERTAHUN.? DULU...ALASANNYA TERORIS....TERNYATA TARGETNYA MBOBOL TABUNGAN MASARAKAT.",0,,
UgwRDDdX1TeQMiBcVPl4AaABAg,0,3,"2023-11-08 22:56:53",@waluyouyo4550,"Terimakasih info sangat petingnya",0,,
UgyADAjtGItU-AZ5fO54AaABAg,0,0,"2023-11-08 22:53:50",@waluyouyo4550,"Bahaya banget",0,,
UgxcHBGx7SS827KYoLN4AaABAg,0,0,"2023-11-08 15:55:10",@alilangka,"Terima Kasih",0,,
UgwtiSvgPYCysQy3l6V4AaABAg,0,0,"2023-11-07 14:20:13",@rajauang9432,"Tangkap aja orgnya",0,,
Ugx33GWLp3qFaMbBUzN4AaABAg,39,115,"2023-11-07 12:09:45",@KamalKamal-dq3no,"Pertanyaannya dari mana penipu itu tau data kita seperti nama dan no telp. Bukannya menuduh tapi biasanya dari pegawai bank juga yg bekerja sama dengan penipu yg membocorkan data nasabah.",0,,
Ugx33GWLp3qFaMbBUzN4AaABAg.9woY8YNyC-NA0UJIsAwdvL,,13,"2024-03-02 12:53:00",@ItotTohiratan-xw1lv,"Bnr bang pertanyaan yang jenius",1,Ugx33GWLp3qFaMbBUzN4AaABAg,@KamalKamal-dq3no
Ugx33GWLp3qFaMbBUzN4AaABAg.9woY8YNyC-NA1coJvAZ9ig,,13,"2024-03-31 01:57:20",@Pepenkdangplo88,"Iya bang betul anehnya dia tau nomer kita",1,Ugx33GWLp3qFaMbBUzN4AaABAg,@KamalKamal-dq3no
Ugx33GWLp3qFaMbBUzN4AaABAg.9woY8YNyC-NA2LMBL9vRPU,,13,"2024-04-17 18:27:49",@asrarpac816,"Nah itu dia, darimana dia tahu nomor kita sbg nasabah. Kan kerahasiaan data kita sdh diragukan lagi.. Atau ada kebocoran data disini.",1,Ugx33GWLp3qFaMbBUzN4AaABAg,@KamalKamal-dq3no
Ugx33GWLp3qFaMbBUzN4AaABAg.9woY8YNyC-NA2_RtU5rPYD,,15,"2024-04-23 15:06:16",@YudaRestiana07,"biasanya mereka secara acak saja atau kadang ada oknum orang dalam yg tau data kita juga.",1,Ugx33GWLp3qFaMbBUzN4AaABAg,@KamalKamal-dq3no
Ugx33GWLp3qFaMbBUzN4AaABAg.9woY8YNyC-NA2fhh1n3EgX,,23,"2024-04-26 01:28:34",@marytinghu,"Bukan curiga lg, sdh pasti ada keterlibatan pegawai bank tsb",1,Ugx33GWLp3qFaMbBUzN4AaABAg,@KamalKamal-dq3no
Ugx33GWLp3qFaMbBUzN4AaABAg.9woY8YNyC-NA2rJX-aePrh,,0,"2024-04-30 13:39:30",@football35703,"​@Pepenkdangplo88pasti dia nggak tahu nomor togel keluar",1,Ugx33GWLp3qFaMbBUzN4AaABAg,@KamalKamal-dq3no
Ugx33GWLp3qFaMbBUzN4AaABAg.9woY8YNyC-NA2w54UAHhaK,,1,"2024-05-02 10:09:28",@ferrypili77,"Sepertinya bgt, kong kalikong si penipu dgn orang dlm bank",1,Ugx33GWLp3qFaMbBUzN4AaABAg,@KamalKamal-dq3no
Ugx33GWLp3qFaMbBUzN4AaABAg.9woY8YNyC-NA3Cdb4pCHZ4,,8,"2024-05-09 05:46:59",@LikoGuna,"Pegawai bank ada yg terlibat",1,Ugx33GWLp3qFaMbBUzN4AaABAg,@KamalKamal-dq3no
Ugx33GWLp3qFaMbBUzN4AaABAg.9woY8YNyC-NA3FxO6onuUX,,0,"2024-05-10 12:37:33",@twinsomarsarah2197,"Bisa jadi tau dari pinjol .apa bner ga bang",1,Ugx33GWLp3qFaMbBUzN4AaABAg,@KamalKamal-dq3no
Ugx33GWLp3qFaMbBUzN4AaABAg.9woY8YNyC-NA3MVQNCm9bs,,2,"2024-05-13 01:39:09",@ijoroyoroyo2573,"kemungkinan data kita di perjualbelikan oleh pihak bank/jasa keuangan, coba baca ketika kita pinjam uang ke bank ada perjanjian kontrak yang banyak tulisannya yg salah satu isi nya pihak 1 boleh mengkomersilkan data pihak ke 2 ke pihak ke3. (mohon koreksi bila salah)",1,Ugx33GWLp3qFaMbBUzN4AaABAg,@KamalKamal-dq3no
Ugx33GWLp3qFaMbBUzN4AaABAg.9woY8YNyC-NA3c40eFTBCK,,1,"2024-05-19 12:06:48",@SamsungSamsung-fr4rs,"You pintar.",1,Ugx33GWLp3qFaMbBUzN4AaABAg,@KamalKamal-dq3no
Ugx33GWLp3qFaMbBUzN4AaABAg.9woY8YNyC-NA3mstBeBtGb,,0,"2024-05-23 16:52:25",@OlympusMampus,"goblok semua.mereka bisa tau dari akun sosmed kita.cth: fb ada tuh no hp di akun fb kita. ada berbagai cara penipuan broo! jangan sok tau,tapi haruslah mencari tau agar anda selamat!",1,Ugx33GWLp3qFaMbBUzN4AaABAg,@KamalKamal-dq3no
Ugx33GWLp3qFaMbBUzN4AaABAg.9woY8YNyC-NA3msv26dh-8,,0,"2024-05-23 16:52:41",@OlympusMampus,"goblok semua.mereka bisa tau dari akun sosmed kita.cth: fb ada tuh no hp di akun fb kita. ada berbagai cara penipuan broo! jangan sok tau,tapi haruslah mencari tau agar anda selamat!",1,Ugx33GWLp3qFaMbBUzN4AaABAg,@KamalKamal-dq3no
Ugx33GWLp3qFaMbBUzN4AaABAg.9woY8YNyC-NA3pT_taqn_g,,3,"2024-05-24 17:00:19",@eginuzlan5179,"Yakin Pihak bank terlibat",1,Ugx33GWLp3qFaMbBUzN4AaABAg,@KamalKamal-dq3no
Ugx33GWLp3qFaMbBUzN4AaABAg.9woY8YNyC-NA3qY77AZlLs,,1,"2024-05-25 02:59:11",@sitirodiah5020,Hacker,1,Ugx33GWLp3qFaMbBUzN4AaABAg,@KamalKamal-dq3no
Ugx33GWLp3qFaMbBUzN4AaABAg.9woY8YNyC-NA48eau9wyN5,,5,"2024-06-01 13:10:08",@Lalapo19,"Paling2 yg disalahin hacker😂",1,Ugx33GWLp3qFaMbBUzN4AaABAg,@KamalKamal-dq3no
Ugx33GWLp3qFaMbBUzN4AaABAg.9woY8YNyC-NA4rsm40lUcT,,1,"2024-06-19 11:59:03",@dinipermatasari6629,"barusan banget😭😭😭😭 katanya dari bank BWS tapi pake nomor kantor seluler..disuruh joint progam BWS perlindungan kalo mati/kecelakaan jaminan bank saldonya bisa di wariskan bisa dpt 90jt tapi harus bayar biaya administrasinya 200rb. anehnya penipu itu tau nama lengkap, alamat rumah, tempat tanggal lahir akuuuu. terus kayak ada perjanjian gitu buat ikut program nya..harus bilang ""setuju"" tapi aku jawab iya, terus nanya nama ibu ku siapa..sampe 15menit baru aku matiin😭 gaesss kira² bahaya ga ya? kalo mereka sampe tau nama lengkap, alamat rumah, tempat tanggal lahir, dan nomer telepon?",1,Ugx33GWLp3qFaMbBUzN4AaABAg,@KamalKamal-dq3no
Ugx33GWLp3qFaMbBUzN4AaABAg.9woY8YNyC-NA4rtCLtrDUP,,0,"2024-06-19 12:02:47",@dinipermatasari6629,"​@ijoroyoroyo2573bahaya ga sih? barusan penipu itu nelfon kayak ada perjanjian kayak gitu harus ngomong ""setuju"" abis itu langsung aku matiin..takut bgt",1,Ugx33GWLp3qFaMbBUzN4AaABAg,@KamalKamal-dq3no
Ugx33GWLp3qFaMbBUzN4AaABAg.9woY8YNyC-NA53Q4aDRqir,,3,"2024-06-24 08:49:42",@calonproplayer6629,"Data bisa di dapat dari Spay later atau belanja online Atau pinjol",1,Ugx33GWLp3qFaMbBUzN4AaABAg,@KamalKamal-dq3no
Ugx33GWLp3qFaMbBUzN4AaABAg.9woY8YNyC-NA5P9H3QsJyp,,0,"2024-07-02 19:26:08",@annabrown9695,"​@twinsomarsarah2197betul ..sy pernah jg ..rekening /atm di pinjam adik buat proses pinjol...gk taunya saldo sy ludes...gk banyak sih hanya 2 jutaan...sengaja sy kasih yg atm saldo sedikit..bukan yg atm lainnya..",1,Ugx33GWLp3qFaMbBUzN4AaABAg,@KamalKamal-dq3no
Ugx33GWLp3qFaMbBUzN4AaABAg.9woY8YNyC-NA5bvx9viYCx,,1,"2024-07-08 03:50:19",@June-ib3hx,"Iya betul,bahkan pas waktu saya kena tipu karna iming2 dapat hadiah dari BRI dia sebutkan identitas saya sedetail detailnya hingga di sebut daerah cabang tempat saya buka rekening",1,Ugx33GWLp3qFaMbBUzN4AaABAg,@KamalKamal-dq3no
Ugx33GWLp3qFaMbBUzN4AaABAg.9woY8YNyC-NA6J4-LbSKl5,,0,"2024-07-25 07:15:59",@fishitopalur3384,"Kalau itu sih gampang dari,teman ,lupa ngasih identitas,Go-Jek,Sophie,grab dll",1,Ugx33GWLp3qFaMbBUzN4AaABAg,@KamalKamal-dq3no
Ugx33GWLp3qFaMbBUzN4AaABAg.9woY8YNyC-NA6OZsWKZw67,,0,"2024-07-27 10:30:44",@parmoparmo2106,"Dari peduli lindungi lah..menghilang bersama kopet hoak....hhhh",1,Ugx33GWLp3qFaMbBUzN4AaABAg,@KamalKamal-dq3no
Ugx33GWLp3qFaMbBUzN4AaABAg.9woY8YNyC-NA6jtvdSK_HH,,0,"2024-08-05 02:37:57",@Goseng-z8p,"Penipu itu bisa dibilang hacker jadi bisa membobol lewat kartu hp,bukanya penipu tau kita punya nasabah atau tidak tp itu strategi,pasti dari sekian nomer yg dikirimi penipu pasti ada yg punya & tepat",1,Ugx33GWLp3qFaMbBUzN4AaABAg,@KamalKamal-dq3no
Ugx33GWLp3qFaMbBUzN4AaABAg.9woY8YNyC-NA7CgqsNpteJ,,2,"2024-08-16 16:20:56",@encepbogor254,"Itulah efek dari pemberian data2 pribadi kalau kita mau beli kartu pra-bayar sesuai aturan. Pdhl bisa saja oknum yg menyimpan data2 kita itu tdk jujur dan memberikannya ke fihak orang jahat.",1,Ugx33GWLp3qFaMbBUzN4AaABAg,@KamalKamal-dq3no
Ugx33GWLp3qFaMbBUzN4AaABAg.9woY8YNyC-NA7YZ5Ha8Hvi,,1,"2024-08-25 04:07:41",@SubandiLidianto,"Karyawan Bank terlibat,menjual Data"" pribadi Nasabah....!!!",1,Ugx33GWLp3qFaMbBUzN4AaABAg,@KamalKamal-dq3no
Ugx33GWLp3qFaMbBUzN4AaABAg.9woY8YNyC-NA9KxB-nRdEq,,3,"2024-10-08 14:20:20",@Pencari_fakta_114,"Sepertinya ada keterlibatan orang bank, sbb bagaimana mereka bisa mengaktifkan aplikasi bank nya kalau bukan orang bank.",1,Ugx33GWLp3qFaMbBUzN4AaABAg,@KamalKamal-dq3no
Ugx33GWLp3qFaMbBUzN4AaABAg.9woY8YNyC-NA9VFkVcDKHg,,0,"2024-10-12 14:23:45",@TOLOLstadiumAKUT,"*mau tau data dari mana?* 😂 *Dari kampanye - share no hp+fc ktp+fc kk = dapet 50ribu* *Daftar Paylater - share no hp foto selfie+ktp = dapet saldo* *Daftar Pinjol - share no hp foto selfie+ktp = dapet saldo* *Daftar Akun Di Apk Swasta/Pemertintah = share hp+ ktp+alamat lengkap* *Pamer di Medsos = pamer biar diliat orang2*",1,Ugx33GWLp3qFaMbBUzN4AaABAg,@KamalKamal-dq3no
Ugx33GWLp3qFaMbBUzN4AaABAg.9woY8YNyC-NAAUWp9-X0L3,,1,"2024-11-06 04:05:05",@imamattubani90,"Benar sekali",1,Ugx33GWLp3qFaMbBUzN4AaABAg,@KamalKamal-dq3no
Ugx33GWLp3qFaMbBUzN4AaABAg.9woY8YNyC-NAAVxV0R6D7l,,0,"2024-11-06 17:26:06",@zees553,"Personil card center bank DNM juga minta kode ccv , gila gak?? saya tolak bilangnya itu syarat nya untuk pembetulan nomor telpon. Padahal yg input data nomer hp yg keliru, sampai saya 1 thn tidak bisa buat/ ganti pin. Saya biarkan sampai 1 thn tidak saya pakai kartu credit saya.",1,Ugx33GWLp3qFaMbBUzN4AaABAg,@KamalKamal-dq3no
Ugx33GWLp3qFaMbBUzN4AaABAg.9woY8YNyC-NABA4D6aHNsu,,0,"2024-11-23 02:01:40",@MujiAdi-ck1xf,"Hakar ahli komputer yg mampu menjebol situs pertahanan data yg lembek sedangkan nasa badan antariksa USA bisa di bobol ank SMP ahli komputer pulau jaws",1,Ugx33GWLp3qFaMbBUzN4AaABAg,@KamalKamal-dq3no
Ugx33GWLp3qFaMbBUzN4AaABAg.9woY8YNyC-NABWxoqTDQof,,0,"2024-12-01 23:19:35",@agusparmanto1804,"Betul banget",1,Ugx33GWLp3qFaMbBUzN4AaABAg,@KamalKamal-dq3no
Ugx33GWLp3qFaMbBUzN4AaABAg.9woY8YNyC-NABpZKfmWv5T,,0,"2024-12-09 14:01:41",@DevinaSifaunnisa,"saya baru kemaren k tipu .orng yg ngaku sbg cs bri..krn minim-y pngetahuan sy duit sy ilang ..ya ALLAH sdih bngt",1,Ugx33GWLp3qFaMbBUzN4AaABAg,@KamalKamal-dq3no
Ugx33GWLp3qFaMbBUzN4AaABAg.9woY8YNyC-NABxIdVyTaHC,,0,"2024-12-12 14:09:46",@Jo3Goldfishfun-jb6ws,"Kena brp kak​@DevinaSifaunnisa",1,Ugx33GWLp3qFaMbBUzN4AaABAg,@KamalKamal-dq3no
Ugx33GWLp3qFaMbBUzN4AaABAg.9woY8YNyC-NABxItCxWUTB,,0,"2024-12-12 14:11:55",@Jo3Goldfishfun-jb6ws,"Aku Juga Sering dpt telpon Penipuan tapi aku selalu istighfar dlm hati jadi aku tdk mudah digendam meski lewat telepon,kalo nga jangan pernah angkat tlp no asing biar aman🎉",1,Ugx33GWLp3qFaMbBUzN4AaABAg,@KamalKamal-dq3no
Ugx33GWLp3qFaMbBUzN4AaABAg.9woY8YNyC-NACXeNSJXZvc,,0,"2024-12-27 02:20:19",@dodisitorus3336,"Iya btul, setuju.. Contoh slama ini saya hampir engk pernah di telfon2 yg nawarin sgala macem produk, bhkan smpe Tlfon penipuan dgan Dy tau nama bhkan tgl,Blan,tahun lahir kita.😢😢 Ini semu kita rasain setelah kita ngambil KPR.",1,Ugx33GWLp3qFaMbBUzN4AaABAg,@KamalKamal-dq3no
Ugx33GWLp3qFaMbBUzN4AaABAg.9woY8YNyC-NACcwf0ZckR_,,0,"2024-12-29 12:55:35",@Jo3Goldfishfun-jb6ws,"@KamalKamal-dq3no iya,Zepertiny Bgtu,Soalnya No Untuk Mobank ku Rahasia bahkan utk Temen,Abis Ada Urusan Di Bank Keesokan Hari.Ada aja yg Nelponin Terus padahal nga kenal atau Spam Penipuan[true Caller App] kalo data bisa tahu yg nelpon/penipu itu dari norek,alamat ,nama terus minta2 data Pribadi KtP dll Untung saya Nga Mudah ditipu jadi nga saya Kasih wkwkwk....",1,Ugx33GWLp3qFaMbBUzN4AaABAg,@KamalKamal-dq3no
Ugx33GWLp3qFaMbBUzN4AaABAg.9woY8YNyC-NACfXf_hDQAq,,0,"2024-12-30 13:06:11",@lenyfatimah1670,"Sama gmn penipu bisa tahu nik KTP saya dan nomor telp saya",1,Ugx33GWLp3qFaMbBUzN4AaABAg,@KamalKamal-dq3no
Ugx33GWLp3qFaMbBUzN4AaABAg.9woY8YNyC-NAFSRWcV24nI,,0,"2025-03-09 15:17:13",@ariestaavril6232,"Data kita bocor semua kan udah pernah Ada beritanya Dan komdigi cuma bisa menghimbau",1,Ugx33GWLp3qFaMbBUzN4AaABAg,@KamalKamal-dq3no
UgyAGogHw5iBgZKcu3F4AaABAg,1,0,"2023-11-07 05:38:14",@yaneka8733,"Mau tanya bang , aku pernah dapet tlpn tapi tadi menanyakan no rek , tapi menanyakan asuransi , apakah saldo kita bisa hilang?? Dia mengatas namakan dari BNI Mohon pencerahannya bang",0,,
UgyAGogHw5iBgZKcu3F4AaABAg.9wnqL1h7r3t9woTR5hwEAb,,0,"2023-11-07 11:28:35",@jirmanjirman1384,"Sama.. Hati hati.. Uangku tinggl 300rb..jgn perah terima telpon yg mengaku dr BNI..!! Syy yakin ada keterlibatan orang dalam",1,UgyAGogHw5iBgZKcu3F4AaABAg,@yaneka8733
UgwXwtQDZl6WVghuKmV4AaABAg,0,0,"2023-11-07 03:47:37",@SariatieA-mm5fi,"Iya bnr knp saldo di Bank bisa hilang",0,,
UgzuCDCgeuvl8xP5BJp4AaABAg,0,0,"2023-11-06 13:00:21",@Rojali-v7u,"Ckek ajah bang klo orang nanya ema kitamah...ribed amat",0,,
UgyVCKuG_0ORWj_gQ094AaABAg,0,1,"2023-11-06 09:07:17",@Sisikika31,"Tks pak utk info2nya, GBU 👍",0,,
UgxTFFPGafns5E11eJR4AaABAg,0,0,"2023-11-04 11:03:37",@artsyhyd,"Bbrp x dapet sms ngaku dari JNE bilang ada paket tp alamat salah trus di sms link utk perbaiki alamat, pdhal waktu itu ga ada order apapun online, langsung gw bales tuh sms: “Eh PENIPU dosa lu, masuk neraka!” 🤣🤣🤣",0,,
Ugz4at3vDNyaTznCo5V4AaABAg,0,0,"2023-11-03 09:50:06",@rifalwill1100,"Sy suda perna org tlfn nyuru bgtu juga tapi untung aja aku GK kasi",0,,
UgxO3zLbhTcs0FYXCwR4AaABAg,2,4,"2023-11-01 06:29:51",@bayuindra7823,"Aku juga kena tipu...dia menggiring untuk mengisi nomor kartu debit dan cvv ato masa berlaku...hanya itu,TANPA PIN....tapi ternyata bisa dibobol juga. hati2 saudaraku.",0,,
UgxO3zLbhTcs0FYXCwR4AaABAg.9wZUTnGgLGaA-AYIyTOc6G,,0,"2024-01-30 00:07:53",@taskinikadi2193,"Aku kena seperti ini semalam.tapi di bank account enggak ada saldo.apakah bisa di bobol juga?",1,UgxO3zLbhTcs0FYXCwR4AaABAg,@bayuindra7823
UgxO3zLbhTcs0FYXCwR4AaABAg.9wZUTnGgLGaA2LMTV_JGCu,,0,"2024-04-17 18:30:18",@asrarpac816,"Benarkah, kapan itu bagaimana solusinya?",1,UgxO3zLbhTcs0FYXCwR4AaABAg,@bayuindra7823
Ugw0GUkFvEFLdpgL0ud4AaABAg,1,0,"2023-10-28 11:38:56",@sonysutrisno-l3h,"Aku pernah uang atm 67 jt habis. Gara2 atm ketelen. Karena aku bingung ada yg nawari solosinya.saya disuruh ketik pasword 3x katanya itu nanti akan ke blokir. Karena bingung dan tidak tahu apa yg harus dilakukan. Saya menuruti kata orang tsb. Alhasil 10 menit cek ke bank uang habis total",0,,
Ugw0GUkFvEFLdpgL0ud4AaABAg.9wPjf9jACUQ9waMGD2b7K4,,0,"2023-11-01 23:56:34",@rajinopanigoro2318,"Kenapa banyak penipian karena banyak orang 2 semakin menganggap sosial media sosial yg mudah padahal kalau ada hal 2 yg penting dtng langsung ke bang apa .enghubungi mantri atau petugas yg kita kenal",1,Ugw0GUkFvEFLdpgL0ud4AaABAg,@sonysutrisno-l3h
UgyZYladXQtN_HBKB6B4AaABAg,0,0,"2023-10-23 22:19:38",@tinombala5425,"Kalo gue trima telp yg ga jelas langsung cut...blokir",0,,
Ugxu8ze8sS03FW9KHfd4AaABAg,1,0,"2023-10-22 12:56:16",@hariokopinandito1962,"Saya juga mengalami penipuan ini tabungan saya dan suami habis.",0,,
Ugxu8ze8sS03FW9KHfd4AaABAg.9wAQkJEtocnA1yZBn9H055,,0,"2024-04-08 12:39:42",@Rainbow_Cake77,"Hah kasiannya kamu mbak berpa hbisny,gimana ad pertanggug jwbn d bank",1,Ugxu8ze8sS03FW9KHfd4AaABAg,@hariokopinandito1962
Ugzn9iWcox9DotZ19yh4AaABAg,0,7,"2023-10-18 12:44:48",@gregoriussudaryono260,"Terima kasih informasi pentingnya, Mas. Sangat bermanfaat 👍",0,,
Ugz4pTwZFnGgAQ0Iqct4AaABAg,0,0,"2023-10-15 08:22:58",@anoden7754,Trimakasih,0,,
Ugwi-iyaOp5ruWZO80t4AaABAg,0,1,"2023-10-14 09:29:58",@asepiip4081,"Kalau cuma kirim norek doang bisa di bobol ga brimo",0,,
UgzLALzBjLG1mZ7oGxB4AaABAg,1,0,"2023-10-14 08:40:29",@rdwn_73official26,"Saya baru isi saldo langsung hilang 0rp setelah ada orang yang mau men transfer ke saya dari e-money ke BCA saya, di pinta no rekening dan nomor kartu penerima? Apakah itu penipuan juga?",0,,
UgzLALzBjLG1mZ7oGxB4AaABAg.9vqN6k7qgWkA-f80phZ_0c,,0,"2024-02-11 06:33:55",@santikwijaya5485,"Hati2 kak, JANGAN kasi nomor kartu , data pribadi kita ke org ga kenal",1,UgzLALzBjLG1mZ7oGxB4AaABAg,@rdwn_73official26
Ugxm8hLG0NWW8sSWme54AaABAg,0,0,"2023-10-09 22:42:20",@JesiskaAuliaputri,"Iya saya juga di tipu sama lazada",0,,
Ugx3EqQ1ECh_P1PZI7B4AaABAg,1,1,"2023-10-09 14:02:54",@benny-fc4qr8xq4t,"Baru 3 hari yg lalu saya mendapat berita dari bank BNI melalui WA dgn nomor HP 08... Dia minta pendapat mengenai perubahan tarif transfer antar bank. Pesannya langsung saya hapus",0,,
Ugx3EqQ1ECh_P1PZI7B4AaABAg.9ve41zuaO_E9wvRdS4wkPH,,0,"2023-11-10 04:27:37",@rist9911,"aku blokir kalo ada wa yg bersangkutan dgn Bank.",1,Ugx3EqQ1ECh_P1PZI7B4AaABAg,@benny-fc4qr8xq4t
UgwEvDuqm8DA67FSXkx4AaABAg,0,0,"2023-10-07 10:12:51",@ratnasusiani5257,"Kalo udah dikirim datanya gimna pak",0,,
UgwWRCluI78ORA4-7r94AaABAg,0,0,"2023-10-07 05:14:36",@crazzyrose,"saya kena tipu 1,729 jt pak penipuan part time",0,,
UgxrDigv3aFxLaeeyQ54AaABAg,0,5,"2023-10-06 11:22:01",@kadawochannel4038,"Saya sudah setting blokir sms &, tlp dari pengaturan hp",0,,
Ugx9LBkq0cLLBgkYSkl4AaABAg,0,1,"2023-10-05 18:28:01",@MusPitriarjaki,"Makasih om...aku pernah ketipu...",0,,
UgypI08g5dzTO0MB7ed4AaABAg,0,0,"2023-10-04 15:01:52",@hilmapratiwi2645,"Maaf sebelumnya saya mu bertanya ..kalau seandainya nomor rekening dan nomor hp di ketahui org lain apakah masih aman atau tdk..mohon penjelasanya soalnya di pembuatan nomor rekening terdapat nomor hp",0,,
UgxxVJNsRledn3N2f4x4AaABAg,0,0,"2023-10-03 17:11:12",@afrifkenangan8127,"aku tinggal di malaysia bg,aku cek uang aku di atm malaysia banyak kurang bg",0,,
UgwwEWuSk5FNa0Q9G6p4AaABAg,0,7,"2023-10-03 15:44:14",@MMMChannelMalau,"Infonya sangat membantu mas bro.",0,,
Ugwa8k248fk6e67Vws54AaABAg,0,0,"2023-09-25 15:10:36",@juhanamaah1839,"Uang saya ilang ka di apk bank BRI 26jt😢 tapi aneh nya gak ada transaksi penarikan nya",0,,
Ugyj1OlgVI8iZA2WsmN4AaABAg,0,0,"2023-09-23 23:41:32",@Kristal-kk6gb,"Kalau nomor rekenig sudah terlanjur terkirim dengan orang lain, apakah orang itu bisa mengambilnya y bang?",0,,
UgyYq457sKS472KOe1B4AaABAg,0,3,"2023-09-22 18:29:04",@Guntarma,"Maaf apakah ada kerja sama dr oknum bank...?",0,,
UgyufN6KkGoeVSdGkgt4AaABAg,0,0,"2023-09-20 00:05:58",@SitihamidatullLutfiah,"Sya kena penipuan Giv away ka,dan uang saya dalam ATM pun hangus hilang ntah kmna hangus bigitu saya ka,gmna caranya agar uang saya bisa kembali ka🙏mohon bantuan nya ka",0,,
UgzLQCtQ_ODGyH9MwEF4AaABAg,0,0,"2023-09-17 21:29:50",@AdiwarnaSiagian,"Waspada Sang pencuri dana lembaga keuangan indonesia itu ahli it dari tiongkok yg diizinkan masuk ke indonesia atau wilayah digital melalui modus operandi proyek strategis nasional. Sang kriminal yg menyamar sebagai teman bajingan tolol.",0,,
Ugx2u3HBqW8sUwYl1SN4AaABAg,0,0,"2023-09-16 04:17:20",@SenaYuda-vn3sf,"SITUS....BNI 46..... SITUS paling BIADAB.... Atas nama bank BNI 46.... Ber waspada... Situs bni46 atas nama bank BNI 46 🙏",0,,
Ugy57ZnKtdAQftCi-Al4AaABAg,0,0,"2023-09-12 10:39:50",@rahayuchanel4136,"bang kalo sudah terlanjur di kasii data nya gimnana bang mengatasnamakan bang cimb",0,,
Ugw0e2cIA4L0rM4TJ054AaABAg,0,0,"2023-09-11 13:52:48",@aasaisyah9805,"Sayah pernah ka",0,,
UgypBOx105arS7TYNYB4AaABAg,2,0,"2023-09-08 16:59:51",@randimuhammadakbar93akbar43,"Tanya satu bg.klw udah kena tipu lewat online . apakah ATM saya klw di isi kembali apakah tidak di ambil lagi sama penipu nya bg..mohon pencerahan nya bg",0,,
UgypBOx105arS7TYNYB4AaABAg.9uPZdr51Z769y5bDXYi3AP,,0,"2023-12-09 09:03:06",@samsulbahri3067,"Pak , ganti aja nomor rekeningnya . Karena kalau ada duitnya , bakal dia kuras lagi duit bapak .",1,UgypBOx105arS7TYNYB4AaABAg,@randimuhammadakbar93akbar43
UgypBOx105arS7TYNYB4AaABAg.9uPZdr51Z76A-9BbQF9QQg,,0,"2024-01-29 11:30:19",@karimal-ghazali8835,"​@samsulbahri3067apakah tiap terisi uang otomatis hilang ka?",1,UgypBOx105arS7TYNYB4AaABAg,@randimuhammadakbar93akbar43
UgxHQBojVm-JgI-fpRB4AaABAg,0,0,"2023-09-08 08:36:58",@samenooo,"Aku di chat lewat telegram dimintai nama rek, no wa ,no rek, domisili dll terus dengan polosnya tak kasih eh malah langsung diblok😢",0,,
UgyFu6b2oUwTbqhVdG94AaABAg,2,0,"2023-09-08 03:43:38",@PujiAstutik-g1i,"Ya alloh kmrn ak ditlp blgy mau aktifkan bni life trs ak ladeni tlp trs ak jwb lahhh plsku 500rb hbsssss kok curi pls ini trs mulai skrg tdk diisi pls aj",0,,
UgyFu6b2oUwTbqhVdG94AaABAg.9uO8X7b4Jk19uO8bMw1I5u,,0,"2023-09-08 03:44:20",@PujiAstutik-g1i,"Trs kok tau nohpku dan alamat ak ya alloh",1,UgyFu6b2oUwTbqhVdG94AaABAg,@PujiAstutik-g1i
UgyFu6b2oUwTbqhVdG94AaABAg.9uO8X7b4Jk19uO8fczN7cn,,0,"2023-09-08 03:44:55",@PujiAstutik-g1i,"Berrti itu komplotan kmrn penipu misi aduhh data2 ku dipakai smuaaaaaaa",1,UgyFu6b2oUwTbqhVdG94AaABAg,@PujiAstutik-g1i
UgwUbGg1KATOjPh2cXJ4AaABAg,1,12,"2023-09-08 00:49:33",@rantiutariputri4704,"Saya juga pernah .semua data saya diketahui banyak aplikasi.mudah2an data2 saya tdk digunakan.",0,,
UgwUbGg1KATOjPh2cXJ4AaABAg.9uNpb68R4UVAM3v1kw1VGj,,0,"2025-08-21 02:22:38",@dtskjshdsadardiri,"sekarang gimana kak?",1,UgwUbGg1KATOjPh2cXJ4AaABAg,@rantiutariputri4704
UgyRpUVgsj9Skpp5ZNx4AaABAg,0,0,"2023-09-06 16:36:00",@arakianmartin8840,"Saya dikirimin pesan WA dari nomor yg saya tdk kenal dan menawarkan bantuan, saya memang ada masalah terkait transaksi penarikan uang yg gagal dari sebuah aplikasi,,,, tapi sebelum dikirimin pesan itu ada telepon (misscall) dari nomor baru yg lain,,,, si pengirim pesan tadi meminta nomor yg menelpon saya sebelumnya itu, apakah itu modus juga ya?,,, Sy merasa bahwa aman saja saya memberinya nomor itu karena itu hanya nomor telpon bukan kode OTP, tetapi karena kwatir sy jadinya tidak memberikannya. Tetapi saya masih bimbang karena mungkin saja itu benar adanya dia mau membantu saya, karena memang saya ingin mendapatkan kembali uang saya di aplikasi itu. Mohon penjelasannya 🙏🙏🙏",0,,
Ugzilu6QyE-EfSH9vSF4AaABAg,0,3,"2023-09-04 10:24:28",@unamMahuze,"Terimakasih untuk informasinya sangat membantu untuk keluarga saya",0,,
Ugx7vOSqRg7dKDMOyed4AaABAg,0,2,"2023-08-29 13:36:38",@KorbanNya26,"Masak ya ada yang bobol rekening😢 klw ada coba bobolin si penipu saya",0,,
Ugx1Rg8DJnAQQPwh81Z4AaABAg,0,0,"2023-08-24 10:50:37",@normadian1478,"makasih kak",0,,
UgwP2mVk9P5N4FXKJeV4AaABAg,0,0,"2023-08-09 04:46:15",@mughnibahtiar1198,"aku dah pernah di wa sama yang mesin edc itu",0,,
UgzLAQlI06pU-GxVQOx4AaABAg,0,2,"2023-08-07 07:36:41",@yennykurnady1464,"Soceng dari dulu sudah ada. Sebelon ada hp...terlebih dulu mereka telpon kantor, rumah...sampe bosen ngejawab telpon-nya.",0,,
UgxCZkriPyIzslkWGBJ4AaABAg,0,1,"2023-08-06 10:57:09",@pcreativy7952,"Hanya kotak segi empat yang lumayan aman..",0,,
UgyPuEmj1NAUMKUh5614AaABAg,0,0,"2023-07-23 11:50:19",@adeliaayu464,"Klo cuman buka lik di wa ap bisa diheker?",0,,
UgzZAdXXCawXM0u46qJ4AaABAg,1,2,"2023-07-18 08:43:58",@fithorciayo8263,"intinya pihak bank masih sngt bodoh g bisa mncari keamanan supya g bisa dibobol",0,,
UgzZAdXXCawXM0u46qJ4AaABAg.9sImZQQ0Yl39wb5q64wKIt,,0,"2023-11-02 06:52:18",@ridwanidris8653,"Yg bahayanya pembobolnya justru dr org dalam pihak bank nya sendiri.",1,UgzZAdXXCawXM0u46qJ4AaABAg,@fithorciayo8263
Ugx3adlmCj-SNmbh_Gt4AaABAg,4,25,"2023-07-16 14:35:41",@vivosampit2709,"Pernah di minta data tapi nggak aku berikan, memang brensek penipu itu harus di hukum seumur hidup",0,,
Ugx3adlmCj-SNmbh_Gt4AaABAg.9sEGDcm_ZzuA4e5238GMEH,,0,"2024-06-14 03:25:36",@IwayanPujawan-u3j,"Bener saya pernah kena tipu 15juta kak😢",1,Ugx3adlmCj-SNmbh_Gt4AaABAg,@vivosampit2709
Ugx3adlmCj-SNmbh_Gt4AaABAg.9sEGDcm_ZzuA4rPOI_dVcQ,,1,"2024-06-19 07:33:31",@10e01,"Anak saya ketipu lebih 30juta dan uangnya boleh utang semoga Alloh memberikan hidayah buat sih penipu biar nggak ada korban lagi Aamiin ya rabb",1,Ugx3adlmCj-SNmbh_Gt4AaABAg,@vivosampit2709
Ugx3adlmCj-SNmbh_Gt4AaABAg.9sEGDcm_ZzuA7CjpUwylFI,,0,"2024-08-16 16:46:57",@encepbogor254,"Bini tetangga blkng rmh gue ketipu 7juta gara2 gift away dari orang terkenal kaya raya, mana duitnya dapet pinjem dari rentenir, dg harapan dari hadiah itu nanti pinjamannya langsung diganti. Boro2 bisa ganti, malah akhirnya dia tambah bingung sbb rentenir itu matok bunga 20% sebulan. Sbg pengangguran suami korban phk drmn dia bisa ganti? Kasihan jahat skl penipu itu❕Anehnya orang terkenal yg namanya dibikin video palsu dg teknologi canggih AI, kok ngebiarin aja, yah? Pdhl kan bisa ngerusak namanya.",1,Ugx3adlmCj-SNmbh_Gt4AaABAg,@vivosampit2709
Ugx3adlmCj-SNmbh_Gt4AaABAg.9sEGDcm_ZzuAJlaWc2m9lE,,0,"2025-06-24 21:14:59",@zakariadimasprakasa5341,"Betul!!!mendingan penipu dihukum sampai meninggal saja.",1,Ugx3adlmCj-SNmbh_Gt4AaABAg,@vivosampit2709
UgzU53RnWP1KOIzWKbt4AaABAg,0,1,"2023-07-11 16:21:19",@awauban3250,"Bener pa saya jugga pernah tertipu dengan modus pinjaman onlen mengatas namakan pinjaman dana di wasaf saya kirim data pribadi tapi sebelum di cairkan saya di suruh nabung di akun dana saya setelah nabung saldo saya hilang dibobol lewat kode otp saya turutin kemauan dia kalw tida katanya mau datang ke rumah sambil bawa pihak yg ber wajib saya ketakutan",0,,
Ugy5NrHKNYfeCeNELz94AaABAg,0,1,"2023-07-08 13:08:46",@evidwi-fx9oy,"Aku dpt wa dr lowongan kerja..suruh buka link dan kirim no rek..buat transfer gaji..tp aku gk buka..krna aku tau itu penipuan",0,,
Ugw9tptwZyhWXNsoiBZ4AaABAg,0,0,"2023-07-08 01:22:48",@AbidFitriansyah,"Lebih baik nya bikin rekening baru lagi aja kak trus jangan sampe terulang kejadian yang sama",0,,
UgywkGlQqFrtOIf3dm54AaABAg,0,7,"2023-07-08 01:21:42",@AbidFitriansyah,"Lebih baik nya bikin rekening baru lagi aja kak trus jangan sampe terulang kejadian yang sama lagi",0,,
UgwqOfaMdcMk41wGVNx4AaABAg,1,0,"2023-07-07 15:12:53",@drg_Jongkong,"Saya barusan dah hari ini, modusnya asuransi dari BRI utk kecelakaan dll…tpi pas minta data privasi langsung matikan",0,,
UgwqOfaMdcMk41wGVNx4AaABAg.9rs9KEjCnuq9ryfx9r5PfB,,0,"2023-07-10 04:02:07",@nismabaraqbah4193,"Gimana kak tetap aman kan. Aku barusan di telpon . takut banget",1,UgwqOfaMdcMk41wGVNx4AaABAg,@drg_Jongkong
UgwbcqGExaazLoa9PMV4AaABAg,0,0,"2023-07-03 04:44:20",@HILUX864,"sekedar share kasus demikian dengan kasus yang terjadi di keluarga saya.. khusus nya Bapak saya.., ini kejdian nya sudah lama sebelum banyak viral kasus serupa.., yang menjadi pembelajaran bersama yaitu si penipu tersebut selalu membuka luka lama yaitu pernah bapak saya dulu di tahun 2003 melakukan belanja di malaysia menggunakan kartu kredit dan ternyata proses pembayaran tersebut mereka scam untuk pembelian item yang tidak bapak saya beli.. singkat cerita bapak saya tidak membayar lho barang tersebut sehingga terjadi pemblokiran oleh pihak bank dan memblack list nama bapak saya.., dan anehynya nih sudah sekian lama dari tahun 2003 hingga tahun 2013.. eh nongol lagi nih kasus.. ngakunya dari cs bank tersebut menanyakan kasus yang sempat terjadi pemblokiran.. yang hebat nya lagi si penipu tau data kita komplit sampai nama ibu kandung bapak saya..dan singkatnya mereka minta di bayar.. sehingga bapak saya bingung dan tambah stress mana usia beliau sudah masuk kepala70 lagi.., sebagai anaknya saya coba untuk menyelesaikan masalah tersebut..., awalnya si cs bisa bilang di bantu dan bisa di selesaikan oleh ahli warisnya.., nah disini nih serunya awalnya bapak saya di suruh melunasi tunggakan sebesar 3 juta nanti nama baik bapak saya di pulihkan, tapi saya bilang gak punya uang sebesar itu.. dan juga itu kan terjadi pada tahun 2003.., namun terjadilah negosiasi dari 3 juta menjadi 500 ribu.. nah di situ lah saya jadi curiga kok bisa ya hutang di lunasi dengan cara negosiasi terus di diskon pula.. hebat kan.., akan tetapi saya sadar kalau ini penipuan dan saya lakukan cross check ke bank nya langsung dan ternyata Alhamdulillah dari pihak bank kasus tersebut sudah di tutup sejak mulai tahun 2003 dan mereka memberi statement tersebut adalah penipuan.., nah setelah data sudah lengkap si gerombolan penipu tersebut mulai meneror dan menanyakan pelunasan nya.. nah di situlah saya kerjain habis..habisan.. sayangnya di tahun 2013 youtube belum hot viral dan teknologi masih peralihan sehingga saya hanya bisa ngeshare saja.. jadi begitulah ceritanya semoga bermanfaat sebagai pengalaman...",0,,
UgxeHy-yK5Ls0sXMI6p4AaABAg,0,6,"2023-06-26 04:28:22",@arokmaulana,"SANGAT benar sekali pak----> terima kasih pembelajaranya.",0,,
Ugz8KKF7_2S-VjBthUp4AaABAg,0,0,"2023-06-22 02:53:51",@noerhasanah6557,"Kalau no rekening sm kode OTP dpt d ketahui org lain, apakah rekening sy masih aman untuk nyimpen uang, tlng d jawab",0,,
Ugwr0aTgVTNjumf-k9p4AaABAg,0,0,"2023-06-06 09:27:11",@ResaAprisa-hr8cv,"Kak sya hbs krim nomor rekening dn nomor tlpon aku nggk papa kan",0,,
UgyEdVxzwp4f7n8ui9d4AaABAg,0,0,"2023-06-05 15:38:50",@maxmin-sv6mi,"Gua pernah di wa orang gk dikenal ngakunya dari bank,dan dia basa basi lalu ngirim link phising 😂😂😂, berhubung penipunya goblok gua isengin lah username: woi goblok, password:kk pekok sih Langsung diblok nomer gua oleh di penipu 😂",0,,
Ugwuxr7fBYA2LOVntw14AaABAg,0,1,"2023-06-02 23:43:35",@yasnidamunir7768,"Kemaren dapat undang dari kemenag dari nomor tidak di kenal , lalu meminta klick undangan kemenag berupa file apk , langsung saya blokir sja ,",0,,
UgxkFjx8HXASWTrMbLZ4AaABAg,1,0,"2023-06-02 13:23:26",@syawalkblk4845,"bosku mau tanya ni,,,aku baru aja kena penipuan,di mnta fto krtu atm,depan belang,,,dan kode otp,,,apakah masi selamat ka uang,,,atau gmna bosku",0,,
UgxkFjx8HXASWTrMbLZ4AaABAg.9qSpz1_CXpKA6jswSfwAxK,,0,"2024-08-05 02:29:20",@Goseng-z8p,Ludes,1,UgxkFjx8HXASWTrMbLZ4AaABAg,@syawalkblk4845
Ugwf9CdVu2aE3EAr3jN4AaABAg,1,82,"2023-06-01 06:44:35",@muhammadibrahim51478,"Jgn salahkan sosial media... Sistem keamanan bank memang lemah .",0,,
Ugwf9CdVu2aE3EAr3jN4AaABAg.9qPYXs_OeslAEYn7pWLAQu,,1,"2025-02-15 05:58:51",@dwiindah5220,"bukan lemah juga,tapi sengaja, karena skrg org jahat ada di msna2",1,Ugwf9CdVu2aE3EAr3jN4AaABAg,@muhammadibrahim51478
Ugwiskki0trdqEMV3-J4AaABAg,0,0,"2023-05-28 14:23:01",@anwarirwansyah7569,"Apakah salah bila q ksh no rekening ke penipu pak",0,,
UgykoDiLIE-PWOM3xgB4AaABAg,0,0,"2023-05-26 08:41:08",@yaniofficial6605,"Klu kita ksh no nik ktp apakah bisa bermasalah kak dg tabungan saya",0,,
Ugy27g8CvBVIMBW8HBZ4AaABAg,0,0,"2023-05-24 07:28:47",@MHijaji-kq1un,"Klo sudah dikasih atau sudah Selfi dengan KTP terlanjur atau buku rekening gimana caranya",0,,
UgwrFaYT0QSWoS2yf0R4AaABAg,0,1,"2023-05-22 16:53:12",@dianvita4857,"Pak mau tanya dong klau sdh terlnjur ngish nomer hp nama bank apakah aman",0,,
UgwjDxx0xE6_mDdScAt4AaABAg,0,0,"2023-05-22 11:23:05",@teguhriono-yn5kq,"Iya saya baru saja kk..untung saya langsung blok...data saya sih untung nya baru sedikit..",0,,
UgwQPcoYJpS4dI3_hFR4AaABAg,0,0,"2023-05-20 11:29:31",@AntonNarfin,"Jika nomor kartu dan kode OTP sudah diketahui apakah apakah harus ganti nomor rekening bang",0,,
UgyDLcVfdw4uP7J-NPN4AaABAg,1,0,"2023-05-20 01:48:36",@nonik9149,"Sdh jd korban.penipuan 1 dan 2 .sedih tp sdh terjadi.buat pglmaan.",0,,
UgyDLcVfdw4uP7J-NPN4AaABAg.9pv77Z1ppuWA4ZrDZ7iOf_,,0,"2024-06-12 02:39:54",@raptorf2280,"Kena berapa mba?",1,UgyDLcVfdw4uP7J-NPN4AaABAg,@nonik9149
UgwyVeQdRRAxOKsdrgx4AaABAg,1,1,"2023-05-19 23:32:51",@PutriputX,"Bang 3 Minggu yg lalu aku di tipu ngakunya dari given baim wong,,aku di tipu ,,suru tranfer uang katanya uang admin gtu dan bodohnya aku aku transfer kak dan di suruh isi data dan bodoh nya aku isi aja data ku ,, kirim foto ktp ,,no rekening , alamat lengkap,no hp dan nama fb ,,dan fb ku uda di bobol dia bang ,apakah ktp,no rekening dan alamat ,,aku taku data ku di salagunakan kak soalnya setiap hari aku panik pemikiran kak 7:47 😢😢 tolong jawab kak🥲🙏",0,,
UgwyVeQdRRAxOKsdrgx4AaABAg.9pusaK6xxRD9zxZzREqvWw,,0,"2024-01-24 13:53:11",@Sitikhodijah-ff7dl,"Kita senasib kak😭😭",1,UgwyVeQdRRAxOKsdrgx4AaABAg,@PutriputX
UgyBa8nXJ9UmPvsvoxd4AaABAg,0,2,"2023-05-18 14:31:08",@erninovianti2813,"Bnr bngt mksh pa info jya",0,,
UgzBe8-vjBNr-RgMST14AaABAg,0,0,"2023-05-16 16:44:06",@alexrontgen7391,"No:3 pernah ngalamin. Gaji sebulan buat keluarga saya ludes😭",0,,
Ugw7wDBj5fu4dh3JJzt4AaABAg,0,0,"2023-05-12 05:50:36",@sipittea543,"Bang kalo kita kirim no rekening sama nama alamat doang gmn",0,,
UgzgXTfaLzorw5v7Ctt4AaABAg,0,0,"2023-05-10 12:03:57",@RaraSuci-w5w,"Iya mengalami pak",0,,
Ugxo7hlFmLBYFGSA95h4AaABAg,0,0,"2023-05-02 15:04:10",@anaksultansultan3687,"Ya kk ada saya rencananya mau minjam yg angsurannya sekali sebulan selama bulan puasa taunya gak ada data2 pribadi semua dikirim kk bagaimana ni caranya kk,nomorrek juga KK diayah ATM pun begitu juga",0,,
UgzJi9p0NH7H-O071dt4AaABAg,1,0,"2023-04-29 11:33:23",@NURHYATI508,"Kalau saya di ambil data untuk menjual dagangan dari toko media, dan data,nama,umur,alamat serta nomor NIK,ternyata mereka bohong,saya mau nanya bisakah itu di salah gunakan oleh mereka pak,sebab mereka memakai bank neo,tolong berikan petunjuknya pak trimakasih 🙏",0,,
UgzJi9p0NH7H-O071dt4AaABAg.9p55MB2h-Le9x4rNKkeAsK,,0,"2023-11-14 05:33:37",@chalysstalaquinsa9037,"Bagaimana kak sekarang? Saya baru saja kena sprti ini. Mohon share nya kak🙏🏻",1,UgzJi9p0NH7H-O071dt4AaABAg,@NURHYATI508
UgwwGySWtTwNZZqQ-GF4AaABAg,0,0,"2023-04-28 09:41:16",@ReniAmali,"Kalo sudah terlnjur kirim NIK ktp sekaligus fto Ktp gimana tuh apa bisa d salahgunakan penipu",0,,
UgwQLbM8RjJ0jDR26wF4AaABAg,0,0,"2023-04-26 22:10:39",@marlinalina98284,"Caranya klo udah di bobol mau aman llg gimn ?",0,,
UgwCZOWY0gQEEFMZTT54AaABAg,1,0,"2023-04-26 22:10:11",@marlinalina98284,"Gw smlm trkna soceng Ludes duit d rekning",0,,
UgwCZOWY0gQEEFMZTT54AaABAg.9ozVqcUzhMDA1y_H5E8BHX,,0,"2024-04-08 12:49:10",@Rainbow_Cake77,"Maksudny apa ya?",1,UgwCZOWY0gQEEFMZTT54AaABAg,@marlinalina98284
Ugxx5w4EybtiNKiE9Jl4AaABAg,0,0,"2023-04-17 16:27:59",@simongultom4348,"Berbahagialah yg tdk nyimpen duit di bank",0,,
Ugw1DeBawvuAum3iMkF4AaABAg,0,0,"2023-04-17 03:50:15",@andresaputra7717,"ko ini kan saya saldo berkurang sementara saya tidak tahu kalo saldo limit 20jt padahal pas saya cek di mesin Atm saldo masih 30jt trus saya tf 3jt buat pembelian alat bangunan baru selang sehari kok uang sudah ga ada pdhal saya tf juga ke tetangga saya dan pas di cek kok katanya saldo terbesar itu cuma 20jt itu gimana pdhal saya juga punya foto pas uang di atm masih 30 jt mohon informasinya ko",0,,
UgygppzNPVmrm9br29F4AaABAg,0,0,"2023-04-14 23:26:29",@alialia3724,"*Hanya mengetahui username apakah masih aman, karena Sy tidak punya aplikasi, jadi tidak ada notifikasi, Sy tidak bisa print buku jg,* ,🙏🏿",0,,
UgzUO47HAp_rIwX9Uel4AaABAg,0,0,"2023-04-13 13:06:27",@joeforest855,"Terimakasih infonya",0,,
Ugy1kcNhezAl2oyULOt4AaABAg,0,36,"2023-04-11 06:44:34",@sangpemimpi7488,"Setahu saya,Pihak bank tidak pernah menanyakan pin dan kode otp...",0,,
Ugxgzpg1dOZort4b6AR4AaABAg,0,0,"2023-04-10 12:48:58",@sahanahsahanah8270,"betul itu saya sudah pernah no tlp yg di sebutkn. allhamdullillah saya tida di terima bahkn di blokir..",0,,
UgxDyVM7_CcaGjRrgPl4AaABAg,3,0,"2023-04-10 06:13:45",@syahadimahesa8614,"Ka.. Aku baru aja kirim kartu KTP aku sama no rek aku,, krna aku td dpt hadiah dari Paula Van Houten dan aku sempat video call sama Paula,, tp gak lama.. Dan yg gak aku percaya di minta uang administrasi nya 200rb tp gak aku kirim,, cuma data KTP sama no rek aku kira2 aman gak yaa.",0,,
UgxDyVM7_CcaGjRrgPl4AaABAg.9oJafaC62Go9tlX9xE-fk-,,0,"2023-08-23 18:29:18",@pinafatimah8283,"Sama ka aku juga ngalamin yang sama baru seminggu yang lalu, kasus ya sama seperti itu, gimana ka no rekening ya belom di ganti aman gak uang ya?",1,UgxDyVM7_CcaGjRrgPl4AaABAg,@syahadimahesa8614
UgxDyVM7_CcaGjRrgPl4AaABAg.9oJafaC62Go9ulSnRQN07E,,0,"2023-09-17 14:22:32",@wahyugina5075,"Aman GX sekarang ka uang nya",1,UgxDyVM7_CcaGjRrgPl4AaABAg,@syahadimahesa8614
UgxDyVM7_CcaGjRrgPl4AaABAg.9oJafaC62Go9ulSpXypdva,,0,"2023-09-17 14:22:49",@wahyugina5075,"Soal nya aku juga sama ketipu",1,UgxDyVM7_CcaGjRrgPl4AaABAg,@syahadimahesa8614
UgysKFMzcMp0lgkh80V4AaABAg,0,1,"2023-04-08 09:42:16",@atikatik7860,"Bener aku pernh di pinta dta pribadi untung nya, ku gk percya dn ku bilngin reking gk ad saldo n juga akhir nya mrh ku blok aj udh selesai",0,,
UgzCUxZnNthzd1YM9uR4AaABAg,1,2,"2023-04-07 08:45:52",@mfdaus69,"kalo ngasih ktp nomor rek dan mutasi rekening apakah bisa di salah gunakan ?",0,,
UgzCUxZnNthzd1YM9uR4AaABAg.9oC8h495gQm9sYJZMYrlvf,,0,"2023-07-24 09:29:39",@margareta5170,nyimak.juga,1,UgzCUxZnNthzd1YM9uR4AaABAg,@mfdaus69
Ugz8QHArcoMH9txLKRR4AaABAg,0,2,"2023-04-07 02:49:31",@narayagresya7027,"Terimakasih banget infoya mas",0,,
UgyWjtlGKhoK8ezmnop4AaABAg,0,0,"2023-04-07 02:47:21",@narayagresya7027,"Oh gitu ya mas terimakasih ya mas infonya",0,,
UgyYjts9kfInJMpbM1B4AaABAg,0,1,"2023-04-04 19:05:47",@nanangputra2932,"Pernah. Tp langsung q tutup buku tabungan.nya terlanjur ngasih data",0,,
UgxcVzO-xL_5xkVnhI14AaABAg,0,0,"2023-04-01 01:44:56",@misnahmisnahpejuangreceh8990,"Saya sudah ke tipu dan no karu atm saya sudah saya kasih ke penipu apa saya masih bisa pake rekening saya",0,,
UgyAbJuaBReYzxYlykx4AaABAg,1,20,"2023-03-29 21:04:37",@sugengmts1317,"Kalau dapat telpon dari Bank hati2 biasanya penipuan🙏",0,,
UgyAbJuaBReYzxYlykx4AaABAg.9nrI4za6bnrA488DHvGRJ-,,0,"2024-06-01 08:18:24",@salmaajja6952,"Betul kak, sy pernah mengalami nya",1,UgyAbJuaBReYzxYlykx4AaABAg,@sugengmts1317
Ugwm65nZVUnF01aD4Up4AaABAg,0,1,"2023-03-26 08:21:59",@OctaIfvabelajarIKHLAS,"Informasi yang sangat menarik ini, terimakasih",0,,
UgwmYWugrwmGwcUgV9B4AaABAg,0,3,"2023-03-23 16:16:53",@Dedipejuang,"Saya pernah masuk ke salah satu aplksi penghasil uang,, ya itu syarat2 nya memasukan data pribadi, sprti nama alamat , no rek, nama ibu kandung,saya khwatir saldo atm saya hilang",0,,
Ugz84rqQH5s2OzXi1YF4AaABAg,2,0,"2023-03-21 21:14:58",@anggayn3400,"bang mau nanya saya dapet giveaway awalnya dia nyuruh download apk saya masih ragu saya bilang gak paham, trus dia minta isi data nama asli nomor rekening nomor kartu apakah penipuan bukan ya, mohon di jawab",0,,
Ugz84rqQH5s2OzXi1YF4AaABAg.9nXhujP7Vqj9nvSKX1A0HN,,0,"2023-03-31 11:51:05",@pinkpurple3077,Penipuan,1,Ugz84rqQH5s2OzXi1YF4AaABAg,@anggayn3400
Ugz84rqQH5s2OzXi1YF4AaABAg.9nXhujP7Vqj9pF0MGXrRxE,,1,"2023-05-03 08:02:06",@nunues4733,Penipuan,1,Ugz84rqQH5s2OzXi1YF4AaABAg,@anggayn3400
Ugyk8mowaWT176Nuqvh4AaABAg,0,2,"2023-03-21 11:58:47",@dukundatukmarijan,"Sebaiknya tunjukkan caranya, karena saat ini banyak yang hanya memahami tentang social engineering, tapi tidak bisa membuktikan secara nyata.",0,,
UgxJz9MW6P2Vq7AQ-fB4AaABAg,2,0,"2023-03-20 13:42:10",@Purwanto-wi4cr,"Slmt malam Pak....sya mau tanya...ada seseorang ngaku pegawai Bank mandiri nanya ke sya tentang ibu kandung dan no hp sya dan data KTP bahaya kah itu Pak... dan gimana sulosinya terima kasih",0,,
UgxJz9MW6P2Vq7AQ-fB4AaABAg.9nUKIReKefo9oS3ZrFE_fw,,0,"2023-04-13 13:08:54",@joeforest855,"Bahaya....jangan kasih tau data pribadi",1,UgxJz9MW6P2Vq7AQ-fB4AaABAg,@Purwanto-wi4cr
UgxJz9MW6P2Vq7AQ-fB4AaABAg.9nUKIReKefo9pF0TWFlgGE,,0,"2023-05-03 08:03:05",@nunues4733,"Petugas bank tdk pernah menanyakan data pribadi.",1,UgxJz9MW6P2Vq7AQ-fB4AaABAg,@Purwanto-wi4cr
UgxMV0-csldeuWYIIyl4AaABAg,3,0,"2023-03-17 08:10:22",@sarnisarni-oo3go,"Sy cuma diminta nama lengkap dan nama ibu kandung.... ternyata hp sy udh diretas dan uang sy dikuras hampir 100 juta.pdhl sy tdk dimintai nmr rekening ataupun nmr pin",0,,
UgxMV0-csldeuWYIIyl4AaABAg.9nM-wdESQAE9nvScpxU7sy,,0,"2023-03-31 11:53:43",@pinkpurple3077,"Ada install aplikasi yg di suruh sama si penipu kah?",1,UgxMV0-csldeuWYIIyl4AaABAg,@sarnisarni-oo3go
UgxMV0-csldeuWYIIyl4AaABAg.9nM-wdESQAE9nvZm1soKhd,,0,"2023-03-31 12:56:08",@sarnisarni-oo3go,"@pinkpurple3077 ga ada,cuma diminta sebutin nm lengkap sy dan nama lengkap ibu kandung sy.hbs itu sy diarahin utk buka aplikasi Shopee sy dan ternyata aplikasi Shopee sy udh terblokir",1,UgxMV0-csldeuWYIIyl4AaABAg,@sarnisarni-oo3go
UgxMV0-csldeuWYIIyl4AaABAg.9nM-wdESQAEA1iFth2zeD6,,0,"2024-04-02 04:43:13",@wersihatiduhawersihatiduha562,"Aku dua hari yang lalu mengalami hal yang serupa pak😢",1,UgxMV0-csldeuWYIIyl4AaABAg,@sarnisarni-oo3go
UgwiBSm_WCXUGBoTlHB4AaABAg,0,0,"2023-03-09 10:47:40",@komunitasmediaart,"gila ya zaman semakin canggih semakin banyak juga modus penipuan, baru saja saya digiring oleh si penipu, dia minta data pribadi saya, tentunya tidak saya kasih donk...hati2 gaeusss semakin canggih modus penipuan saat ini",0,,
UgzfyCfzhRlMpgsdiWJ4AaABAg,1,0,"2023-03-06 13:03:14",@ragaraya,"Saya udah 2kali di bobol dengan jumlah yg sama dalam 2mingu ini.dan barusan pagi uang saya cek sore mau di ambil udah raip di BCA tlg BCA kembalikan uang saya .cuma uang receh an juga tilep.jahat banget .BCa.parah",0,,
UgzfyCfzhRlMpgsdiWJ4AaABAg.9mvCi2TZb_m9n7o5vnowp0,,0,"2023-03-11 19:48:48",@mayang7680,"Kenapa gx call center ke BANK nya biar di blokir",1,UgzfyCfzhRlMpgsdiWJ4AaABAg,@ragaraya
UgyBoQlTPEfStkPh2cl4AaABAg,1,0,"2023-03-04 14:09:30",@arbipanjul6640,"Saya sudah ngasih nomer rekening no debid gmna yah",0,,
UgyBoQlTPEfStkPh2cl4AaABAg.9mqAhfD8ffc9no7aIugTVa,,0,"2023-03-28 15:35:11",@ayupancakristya3781,"sama kak setelah itu saya langsung TLP halo BCA minta tolong blokir akun BCA ku karena masih sisa uang tabungan yang aku kumpulkan selama ini🥺🥺🥺",1,UgyBoQlTPEfStkPh2cl4AaABAg,@arbipanjul6640
UgyimCs-NuIvWA8NkiR4AaABAg,0,0,"2023-03-02 08:43:40",@yustamegacembes-tc1qm,"Saya juga pernah kak....",0,,
UgxICDa528EnMARnFY14AaABAg,0,0,"2023-02-27 02:40:00",@faridhidayatulah3611,"Semalam aq buka rekening neo bank apakah itu penipuan",0,,
Ugwul7Q_4yQb1moA1-R4AaABAg,0,0,"2023-02-26 13:54:31",@muhammadlilik2733,"Sy pernah kak dpt hadiah tp dia minta nomer rekening foto kartu ATM dan minta atas nama juga",0,,
Ugz-495fWtkq597pRbV4AaABAg,0,6,"2023-02-25 02:46:33",@alamsyahmadjid2394,"Sy juga pernah diminta data2 rek. Tp pembicaraan sy stop krn ini sdh masuk ke rana privasi ku. Alhamdulillah tdk jadi ketipu...",0,,
UgzamZpOHTaVe1JTzB54AaABAg,3,2,"2023-02-22 12:24:17",@hendriadi1942,"Udah pernah ketipu maklum orang awam 😂😂, tapi sblm itu saya udah tarik uang dalam jumlah besar jadi yang di rekening tinggal 300rban nah yang diambil 200 gtu tak apalah intinya yang banyak sudah di amankan. Tidak lama setelah itu ada lagi modus nya kayak kasus di bagi ini tapi mah sekarang harus teliti bgt lah.. belajar dari pengalaman dia nipu sebagai pegawai bank nah saya ngakunya orang dari kepolisian 😂😂😂",0,,
UgzamZpOHTaVe1JTzB54AaABAg.9mREiNdU0w39mkB3K6zWFD,,0,"2023-03-02 06:17:08",@rizkaamelia1700,"Itu 200rb di ambil Punya ku 10rb rupiah aja di ambil🙄😂emang gak ada saldonya,kemarin ada yg minta nomor rekening saya ktnya dapat giveaway ternyata tertipu🥴",1,UgzamZpOHTaVe1JTzB54AaABAg,@hendriadi1942
UgzamZpOHTaVe1JTzB54AaABAg.9mREiNdU0w39nHdf56aCTP,,0,"2023-03-15 15:30:01",@mayang7680,"​@rizkaamelia1700 pake no rekening emang bisa ya uang kita di ambl",1,UgzamZpOHTaVe1JTzB54AaABAg,@hendriadi1942
UgzamZpOHTaVe1JTzB54AaABAg.9mREiNdU0w39nrzdmqncvv,,0,"2023-03-30 03:33:59",@oktaviani195,"Iya klo dapat give away tipu2 begitu,apa no rekening kita tetap aman",1,UgzamZpOHTaVe1JTzB54AaABAg,@hendriadi1942
Ugw3dwP8kJz9XVCtT1R4AaABAg,0,0,"2023-02-20 15:15:21",@srisuhartatik3063,"Bagaimana kalau no rek dan nama alasan mau ngasih hadiah apa bisa di ambil saldo uang saya",0,,
UgzoAC_BTTigtDzbQxx4AaABAg,1,0,"2023-02-16 13:04:25",@gusdin819,"Ka ko kemaren aku ketipu, padahal ngga transaksi tapi saldo rek ko habis cuma aku dari ATM menuruti permintaaya, solusinya gimana y apa harus ganti no pin apa lapor ke bank y🙏",0,,
UgzoAC_BTTigtDzbQxx4AaABAg.9mBrY4C2lin9nHdOxLrirt,,0,"2023-03-15 15:27:41",@mayang7680,"Lapor k BANK kak minta kartu nya di blokir , ganti yg baru",1,UgzoAC_BTTigtDzbQxx4AaABAg,@gusdin819
UgyHsdfKbBYmZJPRlDB4AaABAg,0,0,"2023-02-08 18:43:34",@yusupcasper46,"Gegara tergiur tarif Rp 0,- antar Bank. Gw klik tuh iklan di Ig. Gw ikutin petunjuknya,, saat ada Tlp kantor masuk ampe 8x gak Gw angkat. Dan dari situ Gw baru sadar, kalau ini Penipuan. Untungnya Saldo masih aman,, Dan sampe sekarang suka ada pesan masuk di Gmail ""Login Gagal"" Masih takut juga nih...",0,,
UgzNRFWaxXG4fQdmnwB4AaABAg,3,0,"2023-02-02 15:53:34",@ardipradanaardipradana9316,"Sya tdi kena tipu . atas nama admin baim wong",0,,
UgzNRFWaxXG4fQdmnwB4AaABAg.9ld6lg01IlD9mEtXlrpe7t,,0,"2023-02-17 17:19:35",@dewiramadhani7434,"Nasib kita sama kak saya juga baru aja tadi sore sy tf ke penipu ny",1,UgzNRFWaxXG4fQdmnwB4AaABAg,@ardipradanaardipradana9316
UgzNRFWaxXG4fQdmnwB4AaABAg.9ld6lg01IlD9md4kluOAHI,,0,"2023-02-27 12:07:21",@satriachanel_1232,"Saaya jg mbaaa baru 5 hari yg lalu,,,dia minta no rek.no hp aktf.almt email.ama alamat,,tp saya g di suruh tf ..apa mbangking sya aman ka..trs kalo no rek sya ada saldo a ntr bsa kbobol ga ya kaa tlg info a ka😭",1,UgzNRFWaxXG4fQdmnwB4AaABAg,@ardipradanaardipradana9316
UgzNRFWaxXG4fQdmnwB4AaABAg.9ld6lg01IlD9naxO0ePsY9,,0,"2023-03-23 12:47:07",@krikil93,"sama kita",1,UgzNRFWaxXG4fQdmnwB4AaABAg,@ardipradanaardipradana9316
UgyAUCxOHNSsTcEAztt4AaABAg,0,0,"2023-02-01 10:27:14",@nanihendrayani4211,"Trimakasih bang",0,,
Ugyuqo6scvpiQ86llCt4AaABAg,0,0,"2023-01-31 14:08:22",@eviyuningsih4003,"Terimakasih infonya sangat Bermanfaat..trims pk",0,,
Ugwh_nEcJwirmBu7O3Z4AaABAg,1,0,"2023-01-22 12:28:48",@sitiyulia5496,"Klo cuma no rekening yg di kirim apa bisa di kuras jga saldonya kk",0,,
Ugwh_nEcJwirmBu7O3Z4AaABAg.9lBQaM9BlA99mLw02dlSHQ,,0,"2023-02-20 10:55:52",@nurziana6737,"Ini temen ku skrg saldo nya abis gara2 cuman ngirim no.rek doang",1,Ugwh_nEcJwirmBu7O3Z4AaABAg,@sitiyulia5496
Ugy3nNqoyS7NC1HDczZ4AaABAg,1,0,"2023-01-16 11:54:52",@rinaruhiyat2625,"Kalau sudah terlanjur mengirimkn no rekening dan nama lengkap, apakah dalat di salah gunakan, atau uangnya bisa di kuras?",0,,
Ugy3nNqoyS7NC1HDczZ4AaABAg.9kwuwUs-6Dw9rSPs5uBJa8,,0,"2023-06-27 05:57:57",@vicentycostaassis7271,"Kalau terlanjur kirim identitas pribadi ,apakah uangnya bisa dikuras",1,Ugy3nNqoyS7NC1HDczZ4AaABAg,@rinaruhiyat2625
UgxriwwX9tO5gSghoSR4AaABAg,2,0,"2023-01-13 19:26:23",@egafsetiawan8313,"Kak saya baru aja di wa mngatas namakan bank BCA di situ ada kenaikan biaya administrasi yg semula 6.500 menjadi 150 dan bila tidak stuju klik link trs sebut dan di isi!! Trs saya klik link trs sebut dan saya isi 6.500 trs nama saya dan nomer tlp saya stelah itu saya tiba2 sadar dan tidak saya lanjutkan pengisian yg meminta nomer atm dan PIN!! Pertanyaan saya apa masih aman kak meski saya sudah mek klik link nya tp tidak saya lanjutkan pengisian data yg lainnya?? Tolong di Jawab ya kak??🙏🙏🙏",0,,
UgxriwwX9tO5gSghoSR4AaABAg.9kq-DudP1cM9lj-m0pm1ZY,,0,"2023-02-04 22:47:53",@BanditCHEOPs,"saran: coba datang lgsg ke Bank BCA, minta ganti KARTU ATMnya, lalu kamu ganti PIN ATM nya, trus kamu ganti Nomer yg terdaftar ke m-Banking nya, trus RESET FACTORY HP kamu (sebelum RESET HP pastikan amankan data-2 atau dokumen penting ke flashdisk/Laptop/Komputer PC). semoga membantu.",1,UgxriwwX9tO5gSghoSR4AaABAg,@egafsetiawan8313
UgxriwwX9tO5gSghoSR4AaABAg.9kq-DudP1cM9nvSzPs31rJ,,0,"2023-03-31 11:56:48",@pinkpurple3077,"Kemarin ada yg hilang 1 milyar kak modusnya persis kayak gini",1,UgxriwwX9tO5gSghoSR4AaABAg,@egafsetiawan8313
UgxV4FLne-RwoVVj7kh4AaABAg,1,0,"2022-12-30 23:12:08",@aepsutiawanaepsutiawan9432,"Ya bang saya kemaren di tipu mbking saya di curi uangnya gimana caranya bang apakah setelah itu data kita akan selalu di pake sama pelaku tolong kasih saran bang",0,,
UgxV4FLne-RwoVVj7kh4AaABAg.9kHLw4BOTt-9lj-siG9zP-,,0,"2023-02-04 22:48:48",@BanditCHEOPs,"saran: coba datang lgsg ke Bank, minta ganti KARTU ATMnya, lalu kamu ganti PIN ATM nya, trus kamu ganti Nomer yg terdaftar ke m-Banking nya, trus RESET FACTORY HP kamu (sebelum RESET HP pastikan amankan data-2 atau dokumen penting ke flashdisk/Laptop/Komputer PC). semoga membantu.",1,UgxV4FLne-RwoVVj7kh4AaABAg,@aepsutiawanaepsutiawan9432
UgwMPpWuFNrFvIlkiR14AaABAg,2,16,"2022-12-12 01:09:18",@mariaputrirahayu3626,"Pas ada telepon biasanya aku diemin setelah itu nomor aku copas ke getcontact langsung deh keliatan kalau dia penipuan 😅",0,,
UgwMPpWuFNrFvIlkiR14AaABAg.9jWdEbqUFRSAEZYX39rCLz,,0,"2025-02-15 13:01:44",@ema29channel,"Sama aku jg selalu cek di getcontact PST keliat deh tu spam / penipuan",1,UgwMPpWuFNrFvIlkiR14AaABAg,@mariaputrirahayu3626
UgwMPpWuFNrFvIlkiR14AaABAg.9jWdEbqUFRSAG8ChKUHFEY,,0,"2025-03-26 15:14:19",@kenyymono4041,"Baru saja saya begitu ka.. aku diemin 10detik aku matiin trus blokir, kira2 saldo atm saya aman ga ya?",1,UgwMPpWuFNrFvIlkiR14AaABAg,@mariaputrirahayu3626
UgwBSjEWinCaNrRuKiV4AaABAg,0,10,"2022-12-09 23:39:34",@mamahninit6666,"Trimakasih banyak Kaka. .sangat membantu sekali ...",0,,
UgyUndyxVZrGmPmhtAV4AaABAg,0,0,"2022-12-09 00:24:13",@uminartirokani8751,"Saya dpt 2x wa ttg biaya bank tu. Sya lgsung hapus !",0,,
Ugy7pTBRumkaOVBWM394AaABAg,0,0,"2022-12-06 15:12:02",@nurhadi4727,"pelajari islam smg anda dpt hidayah",0,,
UgwwRWNhdj0H1XXT2_h4AaABAg,4,16,"2022-11-23 08:06:21",@ackerman7899,"Sayangnya dari sistem keamanan bank di sini juga belum bisa menangkal penipuan kayak gini (saldo rekening korban bisa langsung ludes gitu aja tanpa konfirmasi lebih dahulu ke nasabah aslinya). Jadi untuk saat ini harus mengandalkan kehatian-hatian nasabah supaya ngga kena tipu.",0,,
UgwwRWNhdj0H1XXT2_h4AaABAg.9ilSrXdoMPz9nv_HRHyxi-,,0,"2023-03-31 13:00:33",@sarnisarni-oo3go,"Bener banget...sm ky yg sy alami.tnpa dimintai nmr rekening dan PIN dan cm dimintai nm lengkap sy dan nama lengkap ibu kandung sy,uang sy hbs dikuras hampir 100 juta",1,UgwwRWNhdj0H1XXT2_h4AaABAg,@ackerman7899
UgwwRWNhdj0H1XXT2_h4AaABAg.9ilSrXdoMPz9xQ6jrCGbki,,0,"2023-11-22 11:40:41",@E.D.W.A.R,"@sarnisarni-oo3go waduh bnyk banget..",1,UgwwRWNhdj0H1XXT2_h4AaABAg,@ackerman7899
UgwwRWNhdj0H1XXT2_h4AaABAg.9ilSrXdoMPzA2xGRv0N8WA,,1,"2024-05-02 21:08:02",@mamoblora3850,"Duh disini ternyata bnyk jg yg ktipu,termasuk sy pribadi,sumpah ky kehipnotis kala itu,hilang ingatan😢😂😂😂😂",1,UgwwRWNhdj0H1XXT2_h4AaABAg,@ackerman7899
UgwwRWNhdj0H1XXT2_h4AaABAg.9ilSrXdoMPzADyH_wVZf_c,,0,"2025-01-31 16:22:34",@banyahmad3671,"Saya baru kena sampai sekarang masih nelpon dan SMS terus, apa solusinya ya?",1,UgwwRWNhdj0H1XXT2_h4AaABAg,@ackerman7899
UgwgahMcOs2gj44ctRJ4AaABAg,2,5,"2022-11-15 15:33:14",@Bangdaniesh,"Ada lagi kak yang terbaru. Itu hanya lewat wa. Dan hanya mengirimkan sebuah apk. Dan pelaku hanya menyuruh nge scrinsut apk tersebut. Dan kode otp meski gak di kasih itu tetap terbobol.",0,,
UgwgahMcOs2gj44ctRJ4AaABAg.9iSed_eaCJI9jOpSAPUMY7,,3,"2022-12-09 00:22:05",@uminartirokani8751,"Biadab skli penipu ini 😡,kl yg dpt org yg tidak melek info spt ini bisa kejebak ....😭kasihan skli...",1,UgwgahMcOs2gj44ctRJ4AaABAg,@Bangdaniesh
UgwgahMcOs2gj44ctRJ4AaABAg.9iSed_eaCJI9z4Bx1khPb7,,0,"2024-01-02 16:25:41",@lydiakoo6060,"​@uminartirokani8751iya bener....penipu udah gak takut Api Neraka....",1,UgwgahMcOs2gj44ctRJ4AaABAg,@Bangdaniesh
UgzoN8vJ3u5_5kv9hOx4AaABAg,1,1,"2022-11-05 13:20:06",@diananadir8697,"Aku sudah kebobolan 3 jta krna suamiku belom tau info ini😭😭😭",0,,
UgzoN8vJ3u5_5kv9hOx4AaABAg.9i2fSq2Ia4D9jOpZk1xi6o,,0,"2022-12-09 00:23:07",@uminartirokani8751,"Yaa Allah.....😟semoga Allah ganti dg lbih2 banyak n berkah.",1,UgzoN8vJ3u5_5kv9hOx4AaABAg,@diananadir8697
Ugw8rK6kn5iQ9uSQZ694AaABAg,0,0,"2022-10-26 19:33:50",@panss9633,"Bang klau ada yg minta ss saldo sama nama bang terus req bang",0,,
UgyTor1I6YcPAC2Fq_x4AaABAg,0,0,"2022-09-22 05:16:22",@dearkota6786,"lah emang data kita kalo dia minta emg bisa dipake? perasaan nggk kecuali otp",0,,
UgzmnPZgKJJ9NmURuqR4AaABAg,2,33,"2022-09-18 03:55:44",@Winda_Pendiem,"aku juga pernah dichat lewat WA yg ngaku dari bank langsung aku blokir, harus lebih waspada lagi banyak bgt cara menipu jaman skrg",0,,
UgzmnPZgKJJ9NmURuqR4AaABAg.9g63iFlXkSrA596exirpes,,0,"2024-06-26 13:55:29",@zakiatunsolifianingsih8082,❤,1,UgzmnPZgKJJ9NmURuqR4AaABAg,@Winda_Pendiem
UgzmnPZgKJJ9NmURuqR4AaABAg.9g63iFlXkSrAJZ1PuupjBw,,0,"2025-06-19 14:49:22",@Ice-d2g,"Ga usah di angkat langdung blok",1,UgzmnPZgKJJ9NmURuqR4AaABAg,@Winda_Pendiem
UgwWJdHVrniThSvkyBt4AaABAg,1,0,"2022-09-12 04:12:28",@isnawatinasim3453,"Goblok bgt gw br aja ketipu, LG buka Ig terus lewat akun bank BRI dgn promosi gratis biaya tf antar bank. Gw klik lah menu daftarnya dan gw login terus masuk SMS. Akhirnya saldo gw dipake buat isi pulsa karna sisa 83rb. Kan goblok bgt gw Aku mau ganti user id dan password itu ga bisa tiap kali minta mtokennya SMS ga ada yg masuk. Posisinya Aku jauh dr kantor bank, ada solusi lain ga bang?",0,,
UgwWJdHVrniThSvkyBt4AaABAg.9frdr_mvW-49lj00OR4nZc,,0,"2023-02-04 22:49:59",@BanditCHEOPs,"saran: coba datang lgsg ke Bank BRI, minta ganti KARTU ATMnya, lalu kamu ganti PIN ATM nya, trus kamu ganti Nomer yg terdaftar ke m-Banking nya, trus RESET FACTORY HP kamu (sebelum RESET HP pastikan amankan data-2 atau dokumen penting ke flashdisk/Laptop/Komputer PC). semoga membantu.",1,UgwWJdHVrniThSvkyBt4AaABAg,@isnawatinasim3453
Ugx_ntUbBZvHHnSuruB4AaABAg,0,1,"2022-09-06 07:19:26",@adiwijaya893,"ya ampun sya brusa hampir kna trimakasih om inpo nya",0,,
UgypfTXal8pop7Y6Dwt4AaABAg,0,2,"2022-09-05 11:49:17",@desimaryani8823,"Baro aja kemaren dapet wa ngakunya bank. Padahal nomer aku gak terhubung ke bank manapun .",0,,
UgyvtEc2Huc3FvYuoVh4AaABAg,8,5,"2022-08-29 02:52:25",@zlife40,"Kalau terlanjur data pribadi dan no rekening sudah terkirim ke pelaku apa bisa jadi masalah dikemudian hari ? Bagaimana cara mengatasi nya ?",0,,
UgyvtEc2Huc3FvYuoVh4AaABAg.9fISZwfU8ZP9fMcQpTcTuO,,3,"2022-08-30 17:44:15",@Finansialku_com,"segera ganti password untuk rekening kak",1,UgyvtEc2Huc3FvYuoVh4AaABAg,@zlife40
UgyvtEc2Huc3FvYuoVh4AaABAg.9fISZwfU8ZP9gYFfRqRyGd,,1,"2022-09-29 02:38:57",@anginlebat7077,"@zlife40 malah dia bobolnya lewat mbanking",1,UgyvtEc2Huc3FvYuoVh4AaABAg,@zlife40
UgyvtEc2Huc3FvYuoVh4AaABAg.9fISZwfU8ZP9lj06vlT6bw,,0,"2023-02-04 22:50:53",@BanditCHEOPs,"saran: coba datang lgsg ke Bank, minta ganti KARTU ATMnya, lalu kamu ganti PIN ATM nya (PIN ATM biasanya sama dengan PIN m-Banking), trus kamu ganti Nomer yg terdaftar ke m-Banking nya, trus RESET FACTORY HP kamu (sebelum RESET HP pastikan amankan data-2 atau dokumen penting ke flashdisk/Laptop/Komputer PC). semoga membantu.",1,UgyvtEc2Huc3FvYuoVh4AaABAg,@zlife40
UgyvtEc2Huc3FvYuoVh4AaABAg.9fISZwfU8ZP9nsX4Php0Fn,,0,"2023-03-30 08:34:51",@purwokertopwt4568,"Sy pernah. Ujung2nya sy disuruhmemgirim 10jt. Gombal ah. Sempat ngancam jg. Alasam sdh terlanjur data sdh diproses.",1,UgyvtEc2Huc3FvYuoVh4AaABAg,@zlife40
UgyvtEc2Huc3FvYuoVh4AaABAg.9fISZwfU8ZP9qB61q80ycI,,0,"2023-05-26 16:06:10",@rusliedwiyantodwiruslie9614,"Aman ga kak sampai sekarang?",1,UgyvtEc2Huc3FvYuoVh4AaABAg,@zlife40
UgyvtEc2Huc3FvYuoVh4AaABAg.9fISZwfU8ZP9uPCVGtrTx3,,0,"2023-09-08 13:37:34",@juresnagita1881,"Aku pun juga pernah disuruh tf, sudah ditf apakah aman digunakan lagi",1,UgyvtEc2Huc3FvYuoVh4AaABAg,@zlife40
UgyvtEc2Huc3FvYuoVh4AaABAg.9fISZwfU8ZP9wb5ehZyY3S,,0,"2023-11-02 06:50:44",@ridwanidris8653,"​@Finansialku_compassword rekening apakah sama dgn password atm, pak. 🙏",1,UgyvtEc2Huc3FvYuoVh4AaABAg,@zlife40
UgyvtEc2Huc3FvYuoVh4AaABAg.9fISZwfU8ZP9wnV7JIdGdg,,1,"2023-11-07 02:24:07",@waris5726,"Pada prinsifnya jika ada tlp dari No tidak dikenal jgn diangkat , sms jgn direspon , semua diabaikan saja 🙏",1,UgyvtEc2Huc3FvYuoVh4AaABAg,@zlife40
UgwqkloKZPWdTUOL60Z4AaABAg,1,0,"2022-08-08 14:40:29",@elmalinabtr496,"tadi saya kena tipu bermodus Tokopedia dengan jumlah 2 juta",0,,
UgwqkloKZPWdTUOL60Z4AaABAg.9eTdugBV3m99eUzR8z32p1,,0,"2022-08-09 03:07:48",@Finansialku_com,"Waahh.. gimana modusnya kak?? Kok bisa?? 😰",1,UgwqkloKZPWdTUOL60Z4AaABAg,@elmalinabtr496
Ugyy6nvyyxDczY-1b9V4AaABAg,2,0,"2022-07-28 01:30:11",@ranggasaputra8321,"Betul. Waspadalah. Jgn pernah beri data pribadi. Dtg langsung ke banknya sj",0,,
Ugyy6nvyyxDczY-1b9V4AaABAg.9e-uikr0zAE9e-w5NPRSWA,,1,"2022-07-28 01:42:09",@Finansialku_com,"Setujuu kak",1,Ugyy6nvyyxDczY-1b9V4AaABAg,@ranggasaputra8321
Ugyy6nvyyxDczY-1b9V4AaABAg.9e-uikr0zAE9qAJVWIsEiH,,0,"2023-05-26 08:44:34",@yaniofficial6605,"Klu ksh no rekening dan no nik ktp apakah bermasalah kak",1,Ugyy6nvyyxDczY-1b9V4AaABAg,@ranggasaputra8321
UgyZVbEQXrwzqxgA5WF4AaABAg,0,0,"2022-07-26 04:36:16",@bandabratanata725,"Asuransi uangnya.",0,,
UgxDlLLL4UvEDVlf9ml4AaABAg,1,2,"2022-07-16 12:21:49",@inggildewanty8100,"Waktu itu aku lagi follow2 ig akun official bank. Gak lama kemudian aku difollow sama bank2 tapi ga ada centang biru (bukan official). Trus tiba dlm waktu menit ada whatsapp masuk ke nomor terdaftar ig aku, dg logo WA nya bank tsb yg follow aku tanoa centang biru, trus nawarin macem2 dan bilang butuh konfirmasi data. Abis itu aku blokir.",0,,
UgxDlLLL4UvEDVlf9ml4AaABAg.9dYAkt5teRj9mZHYZ5l1_l,,0,"2023-02-25 15:22:57",@Renz007,"Nah sama nih langsung gw blokir",1,UgxDlLLL4UvEDVlf9ml4AaABAg,@inggildewanty8100
UgyXsslXKM756dK5g194AaABAg,0,2,"2022-07-16 11:24:10",@rendytoys2696,"KEMARIN SAYA KE BANK BCA, ADA KORBAN MBAK MBAK YANG MODUSNYA KAYAK GITU 😭",0,,
Ugw_AGz1aNa2vszWquV4AaABAg,23,92,"2022-07-16 08:32:48",@diepa3d,"Bener tuh, pasti cek dulu nomornya brp beneran dr kartu kredit/bukan. Biasanya ane langsung loudspeaker... Dn langsung cari di google nomor tersebut sambil telp. Klo beneran lanjut... Klo bukan matiin/mainin aja penipunya..",0,,
Ugw_AGz1aNa2vszWquV4AaABAg.9dXlYXwWbA_9mRSLDiBw_1,,6,"2023-02-22 14:23:19",@daniolendappa7673,"sy sdh pernh ketipu bang..",1,Ugw_AGz1aNa2vszWquV4AaABAg,@diepa3d
Ugw_AGz1aNa2vszWquV4AaABAg.9dXlYXwWbA_9oS3F4C85MK,,7,"2023-04-13 13:06:03",@joeforest855,"Klo sy g pernah angkat nomor g kenal",1,Ugw_AGz1aNa2vszWquV4AaABAg,@diepa3d
Ugw_AGz1aNa2vszWquV4AaABAg.9dXlYXwWbA_9wT2WoaTEMg,,2,"2023-10-29 18:30:09",@dzakiyaananta,"Saldo saya di begal di dana",1,Ugw_AGz1aNa2vszWquV4AaABAg,@diepa3d
Ugw_AGz1aNa2vszWquV4AaABAg.9dXlYXwWbA_9wilDlwljRy,,5,"2023-11-05 06:17:21",@sonysutrisno-l3h,"Bank tidak mau tanggung jawab dianggap kesalahan kita",1,Ugw_AGz1aNa2vszWquV4AaABAg,@diepa3d
Ugw_AGz1aNa2vszWquV4AaABAg.9dXlYXwWbA_9wrFjAz6ClJ,,3,"2023-11-08 13:26:35",@sonysutrisno-l3h,"Kejadian sudah 5thn yang lalu aku sampai marah2 dikantor BRI JATEN tetap tidak ada solosi saya dianggap salah karena pencet password 3x",1,Ugw_AGz1aNa2vszWquV4AaABAg,@diepa3d
Ugw_AGz1aNa2vszWquV4AaABAg.9dXlYXwWbA_9wrFow2zu4_,,4,"2023-11-08 13:27:22",@sonysutrisno-l3h,"Anda siapa kok tidak percaya?",1,Ugw_AGz1aNa2vszWquV4AaABAg,@diepa3d
Ugw_AGz1aNa2vszWquV4AaABAg.9dXlYXwWbA_9wvltacOTVJ,,0,"2023-11-10 07:33:19",@diepa3d,"Memang saat ini nomor"" ga jelas telp ke nomor kita itu dr mana ? Biasanya dr konter pulsa, paket barang kn disana tertulis alamat dn nomor telp., dn registrasi ke aplikasi yg membutuhkan hp. Belum lama ini sy registrasi app keret MRT sama KAI. seminggu kemudian bnyak telp ke nomor sy ga jelas.... Udah pasti kan ada kebocoran DATA ! Selemah itu kan Sy tau dr mana tersebut penipu, dll, coba instal ... ""GET CONTACT!"" broo... Disana lebih simple, dn bisa komen ke nomor itu bahwa nomor itu penipu, atau agen kartu kredit. Sy bayar langsung 1 tahun sangat membantu banget... Dn biasanya klo ditelp nomor penipu yg banyak report nomor tersebut Ga bunyi bro ringtone nya...",1,Ugw_AGz1aNa2vszWquV4AaABAg,@diepa3d
Ugw_AGz1aNa2vszWquV4AaABAg.9dXlYXwWbA_A2rJBk5k3aI,,0,"2024-04-30 13:36:36",@football35703,"​@sonysutrisno-l3hmungkin dia pengecer togel",1,Ugw_AGz1aNa2vszWquV4AaABAg,@diepa3d
Ugw_AGz1aNa2vszWquV4AaABAg.9dXlYXwWbA_A4phu2mCGgk,,1,"2024-06-18 15:45:32",@FarhatIbrahim-f3g,"Dr bri",1,Ugw_AGz1aNa2vszWquV4AaABAg,@diepa3d
Ugw_AGz1aNa2vszWquV4AaABAg.9dXlYXwWbA_A4xB6LYs26M,,9,"2024-06-21 13:24:11",@masykurn4453,"Saya sudah sering ngalami hal seperti ini, tapi saya selalu ikuti kemauannya, apa yang diperintahkan saya ikuti tapi data yang saya berikan adalah data yang salah, paling aq suka kalau tidak punya rekening di Bank yang dia maksud maka bebaslah aq kerjain, sampai akhirnya dia berteriak anjing kau bajingan dasar orang miskin, lalu dia matikan hp dan langsung di blokir aq.🤣",1,Ugw_AGz1aNa2vszWquV4AaABAg,@diepa3d
Ugw_AGz1aNa2vszWquV4AaABAg.9dXlYXwWbA_A8dARAVgnE_,,0,"2024-09-21 04:59:03",@widyaasrini6414,"Bisa..kenapa awalnya​@dzakiyaananta",1,Ugw_AGz1aNa2vszWquV4AaABAg,@diepa3d
Ugw_AGz1aNa2vszWquV4AaABAg.9dXlYXwWbA_A9HwMRbCC8i,,0,"2024-10-07 10:15:26",@Seimana-t8d,"​@masykurn4453 Nah ini bs jadi solusi 🤣",1,Ugw_AGz1aNa2vszWquV4AaABAg,@diepa3d
Ugw_AGz1aNa2vszWquV4AaABAg.9dXlYXwWbA_A9gnqrCS6cI,,0,"2024-10-17 11:21:20",@johnyaejkt,"intinya apa... pd belai/bela penjahat cr berkelit bkn opsi bantu, php/pea (pdhal data cukup jk benar gaada urusan alias tertipu/hipnotis",1,Ugw_AGz1aNa2vszWquV4AaABAg,@diepa3d
Ugw_AGz1aNa2vszWquV4AaABAg.9dXlYXwWbA_A9uFAXojp5I,,0,"2024-10-22 16:38:57",@sirait8860,Kreen​@masykurn4453,1,Ugw_AGz1aNa2vszWquV4AaABAg,@diepa3d
Ugw_AGz1aNa2vszWquV4AaABAg.9dXlYXwWbA_AAYzsPq-j6Q,,0,"2024-11-07 21:44:38",@NadafajriaSalsabila-g6p,"​@masykurn4453Bener kemarin q juga gitu. Yang TLP mlh marah2 GK jls",1,Ugw_AGz1aNa2vszWquV4AaABAg,@diepa3d
Ugw_AGz1aNa2vszWquV4AaABAg.9dXlYXwWbA_ACyzrHfGe5t,,0,"2025-01-07 02:26:45",@EstepanusSuparno-ck7zv,"Betul,justru penipu begitu merasa sakit hati kalau malah kita tipu juga​@masykurn4453",1,Ugw_AGz1aNa2vszWquV4AaABAg,@diepa3d
Ugw_AGz1aNa2vszWquV4AaABAg.9dXlYXwWbA_ADro_BjR9LZ,,0,"2025-01-29 04:04:53",@fadilla8177,"Setuju...saya sering banget mainin penipu sampe dia marah² ngumpat² gitu",1,Ugw_AGz1aNa2vszWquV4AaABAg,@diepa3d
Ugw_AGz1aNa2vszWquV4AaABAg.9dXlYXwWbA_AEDH5VUgMNL,,2,"2025-02-06 21:26:08",@FredikAlnabe,"Saya pernah di tipu 88juta habis di rekening",1,Ugw_AGz1aNa2vszWquV4AaABAg,@diepa3d
Ugw_AGz1aNa2vszWquV4AaABAg.9dXlYXwWbA_AEDiwBaVc3t,,1,"2025-02-07 01:38:07",@fadilla8177,"@FredikAlnabe  semoga jd pelajaran berharga jgn mudah dg iming²",1,Ugw_AGz1aNa2vszWquV4AaABAg,@diepa3d
Ugw_AGz1aNa2vszWquV4AaABAg.9dXlYXwWbA_AEKAj1FXAh8,,0,"2025-02-09 13:45:10",@rianalfa1953,"Sy barusan ketipu,dan saldo di rekning hilang,pertanyaanya apakah itu terjadi skali saja atau Akan ttp di bobol stelah mreka tau Data Kita?",1,Ugw_AGz1aNa2vszWquV4AaABAg,@diepa3d
Ugw_AGz1aNa2vszWquV4AaABAg.9dXlYXwWbA_AEKPw0yRpnJ,,1,"2025-02-09 15:58:01",@fadilla8177,"@rianalfa1953  ganti PIN aja",1,Ugw_AGz1aNa2vszWquV4AaABAg,@diepa3d
Ugw_AGz1aNa2vszWquV4AaABAg.9dXlYXwWbA_AEvYonxoIIB,,0,"2025-02-24 11:26:49",@atiksetyowati4821,"​@dzakiyaanantaanakku pernah juga ....😢",1,Ugw_AGz1aNa2vszWquV4AaABAg,@diepa3d
Ugw_AGz1aNa2vszWquV4AaABAg.9dXlYXwWbA_AFJz2_CUYdN,,0,"2025-03-06 08:25:47",@ningning_is,"Sekarang jaman canggih udah banyak hacker di dunia internet",1,Ugw_AGz1aNa2vszWquV4AaABAg,@diepa3d
UgyDQ2btotvRX3qpnq54AaABAg,0,0,"2022-07-14 12:40:49",@pandoracarmain4832,"ia punya ko melvin, tahun 2020 🥲",0,,
UgzXJdkZI66tYXdcTsJ4AaABAg,1,4,"2022-07-13 12:05:04",@euodiapriscilla3060,"hati hatiii . serem banget",0,,
UgzXJdkZI66tYXdcTsJ4AaABAg.9dQQSappj7c9dRyXITMw6X,,0,"2022-07-14 02:30:47",@Finansialku_com,"Iya kak serem banget??",1,UgzXJdkZI66tYXdcTsJ4AaABAg,@euodiapriscilla3060
UgxSpAzND8kV7aEY4jF4AaABAg,1,4,"2022-07-13 12:03:33",@andinasir4537,"Hati2 segala bentuk penipuan?",0,,
UgxSpAzND8kV7aEY4jF4AaABAg.9dQQHYUKFzK9dQR5-1IIps,,1,"2022-07-13 12:10:35",@Finansialku_com,"Iya kak, harus hati-hati dengan segala bentuk penipuan. Apalagi sekarang modusnya makin bervariasi.",1,UgxSpAzND8kV7aEY4jF4AaABAg,@andinasir4537
