id,replyCount,likeCount,publishedAt,authorName,text,isReply,isReplyTo,isReplyToName
Ugwfl64hn-eLEF37U894AaABAg,33,636,"2025-01-08 02:54:25",@RizkyRiplay,"Yang belum nonton part 1 cek disini ya! https://youtu.be/MzHuFwXUgBY ",0,,
Ugwfl64hn-eLEF37U894AaABAg.AD0boi6gVqAAD0cyWwv7ib,,29,"2025-01-08 03:04:30",@safidinsyahikhsan8196,"Semangat bang rizky riplay😆😆🤩🤩😆😆 di tungguh ya episode berikutnya😆😆😆😆",1,Ugwfl64hn-eLEF37U894AaABAg,@RizkyRiplay
Ugwfl64hn-eLEF37U894AaABAg.AD0boi6gVqAAD0d7HPzSxq,,21,"2025-01-08 03:05:49",@WindhaMutiara-dl8dv,"Wahh aku selalu nntn ,dan suka ngelike",1,Ugwfl64hn-eLEF37U894AaABAg,@RizkyRiplay
Ugwfl64hn-eLEF37U894AaABAg.AD0boi6gVqAAD0dAbq_FUd,,8,"2025-01-08 03:06:17",@safidinsyahikhsan8196,"Aku bolehnya ga ya recomendasi untuk animasi berikutnya kalau Kak rizky replay tidak keberatan???? Dan berharap di buatkan animasinya😄😄 nantinya",1,Ugwfl64hn-eLEF37U894AaABAg,@RizkyRiplay
Ugwfl64hn-eLEF37U894AaABAg.AD0boi6gVqAAD0hW0q70n3,,5,"2025-01-08 03:44:09",@ReddyanaRose-tn7yv,"@RizkyRiplay ohh yura jadi junalist hutang pinjol mantap nih bisa ngukapan kerja nya pak Karna 🥴🥴",1,Ugwfl64hn-eLEF37U894AaABAg,@RizkyRiplay
Ugwfl64hn-eLEF37U894AaABAg.AD0boi6gVqAAD0iIfm6aP3,,3,"2025-01-08 03:51:04",@ut33jyo,"aku udh nonton yg part 1",1,Ugwfl64hn-eLEF37U894AaABAg,@RizkyRiplay
Ugwfl64hn-eLEF37U894AaABAg.AD0boi6gVqAAD0itI1RmnQ,,3,"2025-01-08 03:56:12",@ReddyanaRose-tn7yv,"@sambuff_privat12  iya sama juga saya juga udah nonton part 1 nya sama part 2 lagi 👍",1,Ugwfl64hn-eLEF37U894AaABAg,@RizkyRiplay
Ugwfl64hn-eLEF37U894AaABAg.AD0boi6gVqAAD0jguiMAHk,,2,"2025-01-08 04:03:15",@Udinnial,"bang boleh gk bagi pengalaman aku di buat cerita dsini.. Biar jadi motifasi buat penonton.. Aku mantan 114 bang",1,Ugwfl64hn-eLEF37U894AaABAg,@RizkyRiplay
Ugwfl64hn-eLEF37U894AaABAg.AD0boi6gVqAAD0kfVy1M-E,,1,"2025-01-08 04:11:48",@ownertravelmhu,"Mantap bg",1,Ugwfl64hn-eLEF37U894AaABAg,@RizkyRiplay
Ugwfl64hn-eLEF37U894AaABAg.AD0boi6gVqAAD0mSK_DLbL,,1,"2025-01-08 04:27:21",@miawwwwwwwwwwwwwwwwwwwwwwwwwww,Ok,1,Ugwfl64hn-eLEF37U894AaABAg,@RizkyRiplay
Ugwfl64hn-eLEF37U894AaABAg.AD0boi6gVqAAD0m_HxF5l1,,1,"2025-01-08 04:28:26",@EvanAkmar-ik9tj,Mantap,1,Ugwfl64hn-eLEF37U894AaABAg,@RizkyRiplay
Ugwfl64hn-eLEF37U894AaABAg.AD0boi6gVqAAD0nokiORVl,,1,"2025-01-08 04:39:17",@lukinia433,"Penonton setia meskipun. Telat 1 jam 😂😂😂❤❤❤❤",1,Ugwfl64hn-eLEF37U894AaABAg,@RizkyRiplay
Ugwfl64hn-eLEF37U894AaABAg.AD0boi6gVqAAD0pJWOY5Mz,,1,"2025-01-08 04:52:21",@jufrimuhamamm16,"makasih,udah upload, video lgi semangat,trussss kontennnya 👋. absen Lampung Barat, Hadir",1,Ugwfl64hn-eLEF37U894AaABAg,@RizkyRiplay
Ugwfl64hn-eLEF37U894AaABAg.AD0boi6gVqAAD0psqJUwHJ,,1,"2025-01-08 04:57:19",@editor_kori-l9n,"Sekarang jam 2:52",1,Ugwfl64hn-eLEF37U894AaABAg,@RizkyRiplay
Ugwfl64hn-eLEF37U894AaABAg.AD0boi6gVqAAD0q1bLrwk2,,1,"2025-01-08 04:58:39",@HBibi-w2k,"Kalbar ,hadir,,",1,Ugwfl64hn-eLEF37U894AaABAg,@RizkyRiplay
Ugwfl64hn-eLEF37U894AaABAg.AD0boi6gVqAAD0tY4mY-9y,,1,"2025-01-08 05:29:18",@fauzan0831,Rercepp,1,Ugwfl64hn-eLEF37U894AaABAg,@RizkyRiplay
Ugwfl64hn-eLEF37U894AaABAg.AD0boi6gVqAAD0uQSa4UCV,,0,"2025-01-08 05:36:59",@ownertravelmhu,"@RizkyRiplay sudah di part 1",1,Ugwfl64hn-eLEF37U894AaABAg,@RizkyRiplay
Ugwfl64hn-eLEF37U894AaABAg.AD0boi6gVqAAD0w9P-ynqf,,0,"2025-01-08 05:52:08",@ArtikaSari-w3p,"KK aku dah nonton yg prat 1 kemarin",1,Ugwfl64hn-eLEF37U894AaABAg,@RizkyRiplay
Ugwfl64hn-eLEF37U894AaABAg.AD0boi6gVqAAD0wnNQmFFW,,0,"2025-01-08 05:57:45",@Puspita78-s8j,"Semangat kaka,karya mu selalu di tunggu penggemar❤❤",1,Ugwfl64hn-eLEF37U894AaABAg,@RizkyRiplay
Ugwfl64hn-eLEF37U894AaABAg.AD0boi6gVqAAD0zh9qTYGT,,0,"2025-01-08 06:23:06",@dilan9498,"Lanjut part 3 riply Rizki,makin seru cerita nya mu rizky",1,Ugwfl64hn-eLEF37U894AaABAg,@RizkyRiplay
Ugwfl64hn-eLEF37U894AaABAg.AD0boi6gVqAAD1FDsJcK85,,0,"2025-01-08 08:47:31",@noHandle320,Udah,1,Ugwfl64hn-eLEF37U894AaABAg,@RizkyRiplay
Ugwfl64hn-eLEF37U894AaABAg.AD0boi6gVqAAD1RkzixKFT,,0,"2025-01-08 10:37:02",@kai-z-t1s,"Pacar baru kapan lagii minn",1,Ugwfl64hn-eLEF37U894AaABAg,@RizkyRiplay
Ugwfl64hn-eLEF37U894AaABAg.AD0boi6gVqAAD1RmtdQIcL,,0,"2025-01-08 10:37:17",@kai-z-t1s,"Part 2 pacar baruu",1,Ugwfl64hn-eLEF37U894AaABAg,@RizkyRiplay
Ugwfl64hn-eLEF37U894AaABAg.AD0boi6gVqAAD1S7zz82C8,,0,"2025-01-08 10:40:18",@hendrijaya6367,"mantap part 2 hadir",1,Ugwfl64hn-eLEF37U894AaABAg,@RizkyRiplay
Ugwfl64hn-eLEF37U894AaABAg.AD0boi6gVqAAD1bXiCuUOh,,1,"2025-01-08 12:11:12",@AYORIYAGAMI,"SEMANG BANG RIZKY RIPLAY❤🔥🔥🔥",1,Ugwfl64hn-eLEF37U894AaABAg,@RizkyRiplay
Ugwfl64hn-eLEF37U894AaABAg.AD0boi6gVqAAD1pnUzTr6m,,0,"2025-01-08 14:15:49",@yeremiadwiputrajoy4961,"JANGAN BERMAIN APAPUN YANG MENCURIGAKAN SEPERTI PINJOL JUDOL PENCURIAN DAN LAIN SEBAGAINYA. Itu tindakan Kriminalitas dan saya tidak suka ini",1,Ugwfl64hn-eLEF37U894AaABAg,@RizkyRiplay
Ugwfl64hn-eLEF37U894AaABAg.AD0boi6gVqAAD2CF2u6sx0,,0,"2025-01-08 17:40:42",@AntonNugrohogergorius,❤,1,Ugwfl64hn-eLEF37U894AaABAg,@RizkyRiplay
Ugwfl64hn-eLEF37U894AaABAg.AD0boi6gVqAAD3hQAYEhZf,,0,"2025-01-09 07:41:05",@riyanfauzhichannel2048,"🎉 kabupaten Jember hadir lagi bang Rizky smoga sukses terus Aminn 🤲💪❤",1,Ugwfl64hn-eLEF37U894AaABAg,@RizkyRiplay
Ugwfl64hn-eLEF37U894AaABAg.AD0boi6gVqAAD3nKf5xL6h,,0,"2025-01-09 08:32:45",@ginamasyrik7839,"Aku udh nonton part 1",1,Ugwfl64hn-eLEF37U894AaABAg,@RizkyRiplay
Ugwfl64hn-eLEF37U894AaABAg.AD0boi6gVqAAD68POSyMu0,,0,"2025-01-10 06:24:07",@laww_1-j8l,"Aku udah nonton part 1 nya bang",1,Ugwfl64hn-eLEF37U894AaABAg,@RizkyRiplay
Ugwfl64hn-eLEF37U894AaABAg.AD0boi6gVqAAD8PSWKxGrZ,,0,"2025-01-11 03:31:35",@heldi-g5q,Kren😎,1,Ugwfl64hn-eLEF37U894AaABAg,@RizkyRiplay
Ugwfl64hn-eLEF37U894AaABAg.AD0boi6gVqAAFXY-98Yjn2,,0,"2025-03-11 14:50:01",@AqsoArvi,5tt,1,Ugwfl64hn-eLEF37U894AaABAg,@RizkyRiplay
Ugwfl64hn-eLEF37U894AaABAg.AD0boi6gVqAAGOZJsoL6oG,,2,"2025-04-01 23:39:48",@RudiMv-w2n,"mira cantik😊",1,Ugwfl64hn-eLEF37U894AaABAg,@RizkyRiplay
Ugwfl64hn-eLEF37U894AaABAg.AD0boi6gVqAAVFeeK-EtsA,,0,"2026-04-06 08:32:55",@chelisya-channel,2:08,1,Ugwfl64hn-eLEF37U894AaABAg,@RizkyRiplay
UgzRjLDA4G49LPSoJW94AaABAg,1,0,"2026-05-13 09:09:29",@Ganihaja-w1l,"Makan nasi nambah Mulu kerna sambil nonton kartun Rizky replay, seru bgt🎉",0,,
UgzRjLDA4G49LPSoJW94AaABAg.AWk-FY5iuiFAWk0CKPsbSc,,0,"2026-05-13 09:17:47",@RizkyRiplay,"Terimakasih sudah menonton, jangan lupa nambah makan lagi yaa sob!",1,UgzRjLDA4G49LPSoJW94AaABAg,@Ganihaja-w1l
UgxTDdhoMhyINiZJq494AaABAg,0,1,"2026-04-24 19:42:18",@akmallzh,"Sayangnya di dunia nyata sulit banget ditangkap karena punya kuasa, ada aja oknum yg harusnya melindungi rakyat malah ikut terlibat.. ya solusinya kita rakyat perbanyak literasi hindari kebiasaan buruk hutang, judi itu",0,,
UgwVwdygAZNSYgehPGN4AaABAg,0,0,"2026-04-21 11:30:26",@wildanfairuz-t6o,"Serunya rizky riplay itu ceritanya selalu seru,tp paling bikin anteng karna endingnya para penjahat pasti kena hukum karna,bedanya itu dg dunia nyata",0,,
UgwiGzwx28LQSubuF9R4AaABAg,0,0,"2026-04-21 07:49:25",@kadekagus383,"Apa cuma aku yang nonton berulang²",0,,
Ugx9euizfvQqyXqNNxh4AaABAg,0,0,"2026-04-13 08:58:39",@EkaApriliani-n9m,"2:08 hahah",0,,
Ugwq6oUrDla312504454AaABAg,0,2,"2026-04-08 10:43:42",@khairussyifa2458,"doa in bapa ku ga main judi lagi cape kena kdrt terus coba aja gada judi di dunia ini pasti hidup ku harmonis",0,,
UgyzuBPsiI22JzFUelh4AaABAg,1,1,"2026-04-06 11:35:10",@GojoSatoru-l3e8n,"Ben serem 😥😥😥",0,,
UgyzuBPsiI22JzFUelh4AaABAg.AVFzWBBhbYOAVI5w8agZ1z,,1,"2026-04-07 07:18:30",@RizkyRiplay,"Ngeri banget ya sob",1,UgyzuBPsiI22JzFUelh4AaABAg,@GojoSatoru-l3e8n
UgydmmdABa2EP0Q3GXx4AaABAg,0,1,"2026-04-06 08:35:26",@chelisya-channel,"9:55 syukur dasar tukang tipu🖕😇",0,,
UgxOujtIhFT-wqvmVjV4AaABAg,0,1,"2026-04-06 08:33:17",@chelisya-channel,"2:25 jud* yang biasa itu",0,,
UgxYr-KupKmZ-fAgH5J4AaABAg,0,0,"2026-04-02 05:11:28",@NovaTunisa-i5t,"Vidio lama aja msh ku tonton, apa lagi yang baru 😊😊😊",0,,
UgzvtiVHp1peAef7l494AaABAg,1,1,"2026-04-01 13:21:37",@MinalAidin-i2k,"nyawa di balas nyawa",0,,
UgzvtiVHp1peAef7l494AaABAg.AV3IiVKKENYAV4rXsH9mrS,,1,"2026-04-02 03:53:51",@RizkyRiplay,"Semoga ada pelajaran yang bisa diambil dari cerita ini ya",1,UgzvtiVHp1peAef7l494AaABAg,@MinalAidin-i2k
UgwI7eCwmNDkTc-vqRB4AaABAg,0,0,"2026-03-26 13:16:24",@Queeneieis,"Lucu banget ketawa bg andyriplay",0,,
UgxjYP_Txg62BkRRO9J4AaABAg,0,0,"2026-03-21 01:57:11",@DewaSaputra-o4h,"seru banget",0,,
UgyzT6ak2FLOcFzmxhx4AaABAg,0,1,"2026-03-18 18:38:11",@lenibeltim1756,"Dasar organisasi jahat ilegal haram anak saya bakalan memilik organisasi baik",0,,
UgyIpZh66xMB8tpQrhN4AaABAg,0,0,"2026-03-07 17:57:30",@marsgaming8581,"Ngapain bayar pinjol cuy GK usah di pikiran fokus kehidupan masing""aja bayar kalok jadi milyader 😹",0,,
UgyUbjQnevu3LLvxIBZ4AaABAg,0,0,"2026-02-20 00:34:51",@whyreweb,"Kak rizky banyakik konten konten yg kyk gini dong yg lucknut lucknut gini bukan yg horror, janji deh nanti gabung silver riplay, aku bakal sering nonton kok",0,,
UgwTpoXk4r-hyDSmtbl4AaABAg,1,2,"2026-02-17 08:26:51",@alesha401,"Aku suka bgt nonton rizky riplay",0,,
UgwTpoXk4r-hyDSmtbl4AaABAg.ATK2nswPmcwATMdSeg6UmR,,1,"2026-02-18 08:34:20",@RizkyRiplay,"Terimakasih telah menonton, semoga terhibur dengan konten kami yaa",1,UgwTpoXk4r-hyDSmtbl4AaABAg,@alesha401
UgwyUt8AEdKou7DXy6x4AaABAg,0,1,"2026-02-06 05:38:09",@MbonTedy,"Kesian banget",0,,
UgwmEEZaG3gyn7dzcjl4AaABAg,0,1,"2026-02-01 06:29:05",@annapafle,"realitanya ya ges ya, judol di indonesia tetap sejahtera tuh, malah rakyat makin melorot😂",0,,
UgwrxyMtKSrxWhUFUjN4AaABAg,0,0,"2026-01-24 10:35:18",@channel_ichaops,"bagus ceritanya 🎉❤😊",0,,
Ugzk_CvAVdEeP73ERzx4AaABAg,0,0,"2026-01-23 06:46:55",@CaesarFaeza-c9j,"Mmmmmmmmmmmmmmm m",0,,
UgzhV5Zs4V27KgfG1mx4AaABAg,0,0,"2026-01-23 02:35:30",@evilgans9963,"8:39 baju kartu... apa ya kalo gak salah kayak karti judi gitu g sih bg rizkiy",0,,
Ugxizul6WTmVsyEy0I94AaABAg,1,2,"2026-01-18 12:58:58",@freskafreskilia,"Yang nonton di thn 2026😂",0,,
Ugxizul6WTmVsyEy0I94AaABAg.AS7I5fgwTwPAS9BL5eZiEB,,0,"2026-01-19 06:38:23",@RizkyRiplay,"Terimakasih telah menonton, semoga terhibur dengan konten kami yaa",1,Ugxizul6WTmVsyEy0I94AaABAg,@freskafreskilia
UgwbnP9SZWjBDfSBsUt4AaABAg,1,1,"2026-01-07 11:57:08",@iqbalhidayat1990,"Lama lama jadi kepengen juga jadi Intel bisa mengungkap kebenaran tersembunyi dan tidak dikenali sebagian orang karena mereka banyak sekali identitas",0,,
UgwbnP9SZWjBDfSBsUt4AaABAg.ARfrHDwSUzLARhzUc_Vm_i,,0,"2026-01-08 07:47:21",@RizkyRiplay,"Semangat ya untuk menggapai cita citanya",1,UgwbnP9SZWjBDfSBsUt4AaABAg,@iqbalhidayat1990
UgzqeVswVHLb6smQv854AaABAg,1,1,"2026-01-04 11:51:53",@ruslili-f5y,"Gantengnya jir yg nyenter saat balik belakang",0,,
UgzqeVswVHLb6smQv854AaABAg.ARZ7I5nMc3SARa5Lfzk5Z4,,1,"2026-01-05 06:13:22",@RizkyRiplay,"Hahaha bisa bisanya salfok",1,UgzqeVswVHLb6smQv854AaABAg,@ruslili-f5y
UgxwHBoD2HwXXmgv7qp4AaABAg,0,0,"2025-12-31 07:05:08",@attarwahit,9:50,0,,
UgwFztQI79VRb6az-3N4AaABAg,0,0,"2025-12-25 19:19:31",@evandesmiarso3076,9:50,0,,
UgxFh78wLAs7bjgQgXV4AaABAg,0,3,"2025-12-23 07:28:13",@AhmadainunAslam,"Tidak ada pelanggaran semacam ini kepada para jurnalis",0,,
UgxSuFoBPGg8QZgFXGp4AaABAg,0,7,"2025-12-05 10:02:33",@AurynNabila-g5o,"1:44 wkwk promosinya lewat baliho",0,,
UgxVbTLefrmWv4lNhLl4AaABAg,0,1,"2025-11-27 11:18:26",@TeaFebrian,"Anaknya yg bundir kmna ?",0,,
UgwRv_WfQfu3SEfLsiN4AaABAg,0,8,"2025-11-20 09:12:08",@farahdiba6540,""" judol tidak akan membuatmu kaya,lebih baik kamu bekerja walau gajinya tidak seberapa dari pada tidak bekerja sama sekali""",0,,
UgyYlwWy-q3-RHiu_5t4AaABAg,1,0,"2025-11-14 07:22:51",@Pandeg_10,"animasi terbagus Riski riplay,buat nemenin makan",0,,
UgyYlwWy-q3-RHiu_5t4AaABAg.APVJxfxM17eAPVNhvzwRHp,,0,"2025-11-14 07:55:36",@RizkyRiplay,"Wahh tim nonton sambil makan ya",1,UgyYlwWy-q3-RHiu_5t4AaABAg,@Pandeg_10
UgydHowSxWvgzQVzl0F4AaABAg,0,1,"2025-11-13 04:37:41",@ABSEMPIRE_8,"Semua kes , di akhiri dengan menjadi hantu Getayangan. Rendah Sdm . Rendah iq",0,,
UgwR3N9JQIGT0O3NHyd4AaABAg,1,0,"2025-11-11 11:44:53",@purboze,"Bos pinjolnya kok kayak siapa gitu ya 🤔",0,,
UgwR3N9JQIGT0O3NHyd4AaABAg.APO3ZdNbJwjAPQ8zExL-vo,,0,"2025-11-12 07:10:41",@RizkyRiplay,"Siapa sob emang?",1,UgwR3N9JQIGT0O3NHyd4AaABAg,@purboze
UgzwsQISd7ec-YiHaZl4AaABAg,0,0,"2025-11-08 03:10:50",@1menacee,"4:26 my bini",0,,
UgyNT6vr8D9hT_NHa454AaABAg,1,0,"2025-11-01 09:30:51",@hanifalbanna805,"Enak nyo, endingnya bukan palu dunia tapi ghoib. Memang susah ngelaman mereka pake palu keadilan dunia",0,,
UgyNT6vr8D9hT_NHa454AaABAg.AOz4HEUckxuAP8HtQozcss,,0,"2025-11-05 08:42:13",@RizkyRiplay,"Terimakasih telah menonton, semoga terhibur dengan konten kami yaa",1,UgyNT6vr8D9hT_NHa454AaABAg,@hanifalbanna805
UgxRrzAjau5oQIDpxL14AaABAg,2,0,"2025-10-30 04:30:31",@Lenja_cat_leon_moja,"KiYYA --------- AYYA --------",0,,
UgxRrzAjau5oQIDpxL14AaABAg.AOtOJiUbl9PAOtOZHTxr8M,,0,"2025-10-30 04:32:38",@Lenja_cat_leon_moja,"aqeela ufaira syabilla aqeeya ufaina shabira",1,UgxRrzAjau5oQIDpxL14AaABAg,@Lenja_cat_leon_moja
UgxRrzAjau5oQIDpxL14AaABAg.AOtOJiUbl9PAOtOylKJB0S,,0,"2025-10-30 04:36:15",@Lenja_cat_leon_moja,"Cyla & Cayla",1,UgxRrzAjau5oQIDpxL14AaABAg,@Lenja_cat_leon_moja
UgyYBrvrcMvbCqpT1c54AaABAg,1,0,"2025-10-28 17:15:25",@dwigaming5035,"Mirip Erik tohir😂",0,,
UgyYBrvrcMvbCqpT1c54AaABAg.AOpbGDSgfouAOqcAmG3mM-,,0,"2025-10-29 02:42:39",@RizkyRiplay,"Hmm siapa tuh sob?",1,UgyYBrvrcMvbCqpT1c54AaABAg,@dwigaming5035
Ugw0Q_q-Fn3z9O142Sh4AaABAg,1,0,"2025-10-28 11:35:45",@NivuxxefSubSurf,"Jadi colossal titan",0,,
Ugw0Q_q-Fn3z9O142Sh4AaABAg.AOp-OWMIg-AAOqeVzx_zIU,,0,"2025-10-29 03:03:01",@RizkyRiplay,"Hmm bisa gitu ya hahah",1,Ugw0Q_q-Fn3z9O142Sh4AaABAg,@NivuxxefSubSurf
UgzT5_lguzsKPT3ULLJ4AaABAg,1,0,"2025-10-26 02:20:38",@ferrykusmawandi939,"Judol dan pinjol itu haram 😡😡😡",0,,
UgzT5_lguzsKPT3ULLJ4AaABAg.AOirGvmbjrYAOmCMljdquc,,0,"2025-10-27 09:31:24",@RizkyRiplay,"Ambil pelajaran dari cerita ini ya",1,UgzT5_lguzsKPT3ULLJ4AaABAg,@ferrykusmawandi939
UgxH2e8dOfTXLAbJ12p4AaABAg,0,0,"2025-10-23 03:52:00",@shinsekai101,"Sebenernya apa beda pinjol dengan KTA??? Bedanya pinjol nominal nya bisa dari kecil dan bunga besar sementara KTA sedikit lebih dijaga (ga sembarang kasih) tpi jumlah gede dan bunga kecil. Sama aja inti nya sebenernya mah",0,,
UgzkS_j0j3KvrUfAzR54AaABAg,2,0,"2025-10-20 23:53:37",@Kitatauaja25.30,"Masa iya sekelas detektif bodoh terhadap dirinya, masa menjalankan misi mbawa barang yang pribadi, mana ada foto dia😂😂,tapi seru sih ceritanya banyak pembelajaran",0,,
UgzkS_j0j3KvrUfAzR54AaABAg.AOWiTknD30lAOX-6UCW7Fp,,0,"2025-10-21 02:27:43",@RizkyRiplay,"Ini cuma fiksi ya sob",1,UgzkS_j0j3KvrUfAzR54AaABAg,@Kitatauaja25.30
UgzkS_j0j3KvrUfAzR54AaABAg.AOWiTknD30lAOX1--hUZvo,,0,"2025-10-21 02:44:11",@Kitatauaja25.30,"​@RizkyRiplayYeyy setiap komen pasti di balas, makasih Abang 😊😊🎉",1,UgzkS_j0j3KvrUfAzR54AaABAg,@Kitatauaja25.30
Ugw6EIVw3Apo4UU9fX14AaABAg,1,0,"2025-10-11 11:19:08",@MelisaOcha,"Keren sih animasi gini aja bisa buat gue takut",0,,
Ugw6EIVw3Apo4UU9fX14AaABAg.AO8ByvZcVsdAOFEKidsUqI,,0,"2025-10-14 04:54:25",@RizkyRiplay,"Terimakasih telah menonton, semoga terhibur dengan konten kami yaa",1,Ugw6EIVw3Apo4UU9fX14AaABAg,@MelisaOcha
Ugzz8a6hFx-wMq7cekR4AaABAg,1,0,"2025-10-08 07:21:27",@yudhaofficial67,"Yng nnton 2025 bulan Oktober hadir dong",0,,
Ugzz8a6hFx-wMq7cekR4AaABAg.AO02OSfE50_AO0HktMDJaq,,0,"2025-10-08 09:35:44",@RizkyRiplay,"Siapa aja nih yang masih nonton",1,Ugzz8a6hFx-wMq7cekR4AaABAg,@yudhaofficial67
UgyHmv_jlm5nwBBYPZh4AaABAg,1,1,"2025-09-30 11:21:19",@waqiatulfitriahoppo3296,"Bagus banget ceritanya,semangat terus untuk team risky riplay🥳🤩",0,,
UgyHmv_jlm5nwBBYPZh4AaABAg.ANgsUE0ITUMANidSlS9W9h,,0,"2025-10-01 03:48:31",@RizkyRiplay,"Terimakasih supportnya ya sob, ditunggu untuk cerita terbaru lainnya dari kami",1,UgyHmv_jlm5nwBBYPZh4AaABAg,@waqiatulfitriahoppo3296
Ugxf--_Id7iYoawvw5V4AaABAg,0,0,"2025-09-24 00:54:12",@yeremiadwiputrajoy4961,"Makanya, kalau bisa kerja dong jangan ngutang! #mendingdongrakitpcbiarbisakerja",0,,
UgyBl7r49gluEkOWx_t4AaABAg,3,8,"2025-09-13 05:25:32",@Aliffth,"3:29 lo promosiin judol bg?",0,,
UgyBl7r49gluEkOWx_t4AaABAg.AN-TFWbNe7DAUeIpXGvmqB,,2,"2026-03-22 11:02:19",@vrraaa36,"gua juga mikir gini wkwkwk",1,UgyBl7r49gluEkOWx_t4AaABAg,@Aliffth
UgyBl7r49gluEkOWx_t4AaABAg.AN-TFWbNe7DAWgCIdAGm46,,0,"2026-05-11 21:46:32",@Matkelapak,"Astaga malah nyari salah org. Bego ya?",1,UgyBl7r49gluEkOWx_t4AaABAg,@Aliffth
UgyBl7r49gluEkOWx_t4AaABAg.AN-TFWbNe7DAWgCK80F1uK,,0,"2026-05-11 21:46:45",@Matkelapak,"Video yg lu nonton ini tentamg apa? Jawap.",1,UgyBl7r49gluEkOWx_t4AaABAg,@Aliffth
Ugyhm2dV6EYzo3bCUkN4AaABAg,1,0,"2025-09-09 05:21:24",@nayapari680,"wah seru banget",0,,
Ugyhm2dV6EYzo3bCUkN4AaABAg.AMq9aniFQ16AMqZTdLlc5E,,0,"2025-09-09 09:07:29",@RizkyRiplay,"Terimakasih telah menonton",1,Ugyhm2dV6EYzo3bCUkN4AaABAg,@nayapari680
UgyJaLTalPvT7birBq54AaABAg,0,0,"2025-09-04 16:43:06",@AanAnda-z1x9j,"Beda lagi kalau aslinya, polisi melindungi bos atau bandar judol karena meraka menikmati juga hasilnya😂😂",0,,
UgyRmcjNyzDF1Y-leAl4AaABAg,1,0,"2025-09-01 09:35:29",@Fahri38y,Hadir,0,,
UgyRmcjNyzDF1Y-leAl4AaABAg.AMX0JiX3a8sAMYwPDDWlMz,,0,"2025-09-02 03:31:01",@RizkyRiplay,"Terimakasih telah menonton",1,UgyRmcjNyzDF1Y-leAl4AaABAg,@Fahri38y
UgyLgJthmZvvJgVVDjZ4AaABAg,0,0,"2025-09-01 06:52:03",@ArseniusAgungjamal,"Kerja kaya gitu gk ada siapkan senjata api atau bekingan polisi yang kuat malah gk ada apa apa sama aja cara mati 😂",0,,
UgzxaDAe1-jEMmkFRMp4AaABAg,0,0,"2025-08-29 00:27:30",@yeah.its.joshua,3:26,0,,
UgzfD_YisQlbgPQElA94AaABAg,0,0,"2025-08-21 02:44:11",@ajunchanel7657,"Ialahjudol gk akan hilang orang di lindungi ama mentrinya inisial B.A",0,,
UgzPI-7XjrTdcd7XfGN4AaABAg,1,0,"2025-08-12 16:20:22",@SendiMaulana-l1s,"Yang nonton sambil mkn mana ini",0,,
UgzPI-7XjrTdcd7XfGN4AaABAg.ALjEkf4P2rjALkOIO5hXhZ,,0,"2025-08-13 03:02:59",@RizkyRiplay,"Siapa aja nihh",1,UgzPI-7XjrTdcd7XfGN4AaABAg,@SendiMaulana-l1s
UgwatESrJZWhpImLQYF4AaABAg,1,0,"2025-08-05 23:38:59",@BadraRamdhan,"kaluw kita ga berhenti dan sadar judol dan pinjol tetap terus beredar karana menguntungkan buat oknum²",0,,
UgwatESrJZWhpImLQYF4AaABAg.ALT-O4MvaaeALTI_mXFrp_,,1,"2025-08-06 02:26:44",@RizkyRiplay,"Ambil pelajaran dari cerita ini ya sob",1,UgwatESrJZWhpImLQYF4AaABAg,@BadraRamdhan
UgwDO9NjfRuv_NaxKuR4AaABAg,1,2,"2025-08-03 14:23:03",@AliFattaah,"Keren tpi endingnya basi bangett kaya gada cara lain selain diteror hantu, korban"" sebelumny gimana kok ga gentayang juga?Apapun itu keren bang👍",0,,
UgwDO9NjfRuv_NaxKuR4AaABAg.ALMrAZLo5tuALOLsLYdnWE,,0,"2025-08-04 04:19:17",@RizkyRiplay,"Ada kok sob yang endingnya ga kaya gitu, coba nonton yang lain xixi",1,UgwDO9NjfRuv_NaxKuR4AaABAg,@AliFattaah
Ugw58wuPdYdSLr_Jqul4AaABAg,1,0,"2025-08-03 12:34:49",@fajarrizkibinmuhammadami-bs9zi,"Pikabuuu stop",0,,
Ugw58wuPdYdSLr_Jqul4AaABAg.ALMemn0bTvuALRI4LS4CVp,,0,"2025-08-05 07:43:50",@RizkyRiplay,"Oh yang game itu ya sob",1,Ugw58wuPdYdSLr_Jqul4AaABAg,@fajarrizkibinmuhammadami-bs9zi
Ugw4lW7h4AJk1ZN55qV4AaABAg,0,1,"2025-08-01 17:03:18",@penerusluckyarul23n,"Jarang ada kejadian pemimpin dihantui, ada yang menggunduli hutan gak pernah dihantui gaada ceritanya wkwk",0,,
UgzP1B6uMhg6Z6xudF94AaABAg,1,0,"2025-07-28 12:24:48",@sarlitawayan,"boss nya kebanyakan makan uang haram makanya gendut😂",0,,
UgzP1B6uMhg6Z6xudF94AaABAg.AL7BsAZaCjvAL8nPFDCTdV,,0,"2025-07-29 03:20:44",@RizkyRiplay,"Hahahah bisa gitu yaa",1,UgzP1B6uMhg6Z6xudF94AaABAg,@sarlitawayan
Ugw3wqrxaVTjSyLRI8t4AaABAg,1,0,"2025-07-27 07:20:57",@aayiefahmad_official,"Bener bener kisah nyata",0,,
Ugw3wqrxaVTjSyLRI8t4AaABAg.AL44IqgmN0JAL6tRgTyHNF,,0,"2025-07-28 09:35:01",@RizkyRiplay,"Semoga tidak terjadi di kehidupan nyata ya sob",1,Ugw3wqrxaVTjSyLRI8t4AaABAg,@aayiefahmad_official
Ugx8ah_B2VGOxM6OfmB4AaABAg,0,0,"2025-07-21 12:59:09",@RAVZ_163,"ada mahjong co",0,,
UgwZOJolP3AQ1cM210l4AaABAg,0,0,"2025-07-20 12:00:40",@nicholaslienandjaja1815,"Jadi ingat game Pikabuu: Stop",0,,
UgwzyBJEGCB4SSzXf5p4AaABAg,1,0,"2025-07-20 09:46:16",@AgungMasmelow,"Mahjong 😂😂😂",0,,
UgwzyBJEGCB4SSzXf5p4AaABAg.AKnJN6WUyogAKpjJih0QLP,,0,"2025-07-21 08:20:13",@RizkyRiplay,"Semoga ada pelajaran yang bisa diambil dari cerita ini ya",1,UgwzyBJEGCB4SSzXf5p4AaABAg,@AgungMasmelow
UgxGcEeIB6a-7GFfxeR4AaABAg,2,1,"2025-07-16 12:37:11",@keyvinz,"3:38 Lingkaran setan",0,,
UgxGcEeIB6a-7GFfxeR4AaABAg.AKdJkQpeK3EAKf2TFVOnV3,,0,"2025-07-17 04:44:38",@RizkyRiplay,"Semoga ada pelajaran yang bisa diambil dari cerita ini ya",1,UgxGcEeIB6a-7GFfxeR4AaABAg,@keyvinz
UgxGcEeIB6a-7GFfxeR4AaABAg.AKdJkQpeK3EAKfBo_vgCxT,,0,"2025-07-17 06:06:20",@keyvinz,"​@RizkyRiplaysemoga para pemain segera sadar",1,UgxGcEeIB6a-7GFfxeR4AaABAg,@keyvinz
UgzqUwhOtY8iZ5J9PzJ4AaABAg,1,0,"2025-07-15 15:53:52",@Fans.pagent,"Pinjol meresahkan 😢 iklan nya lokasi nya di luar negeri semua di biayai perusahaan besar😢 moga aja hilang dari muka bumi ini",0,,
UgzqUwhOtY8iZ5J9PzJ4AaABAg.AKb5T7fl8D7AKcJ6JNt5xk,,0,"2025-07-16 03:12:20",@RizkyRiplay,"Semoga ada pelajaran yang bisa diambil dari cerita ini ya",1,UgzqUwhOtY8iZ5J9PzJ4AaABAg,@Fans.pagent
UgyqT4dZpi86gikZLAt4AaABAg,2,0,"2025-07-14 01:10:31",@DuwiWulandhari-d2o,"Rindu sama cerita2 jaman dl n gambar2 kartunya jaman dl. 😢😢",0,,
UgyqT4dZpi86gikZLAt4AaABAg.AKXw_LkyT-qAKYGH8Iaowc,,0,"2025-07-14 04:11:23",@RizkyRiplay,"Wahh mimin juga jadi kangen nihh",1,UgyqT4dZpi86gikZLAt4AaABAg,@DuwiWulandhari-d2o
UgyqT4dZpi86gikZLAt4AaABAg.AKXw_LkyT-qAKb9hNp38Ie,,0,"2025-07-15 16:30:54",@DuwiWulandhari-d2o,"Bikin dong kak, gambar skr lbh bagus sih, tp aku suka gambar yg jaman dl. Lbh ngena liatnya, lbh serem krna yg d ceritain di hutan2, desa2, pesugihan. kaya cerita jadul gt❤❤ gambar sm ceritanya masuk n ngena bgt​@RizkyRiplay",1,UgyqT4dZpi86gikZLAt4AaABAg,@DuwiWulandhari-d2o
UgwR4NbnytEoaKgVBT94AaABAg,0,1,"2025-06-30 08:02:53",@HasanMaulana-sl2kj,❤❤❤❤❤,0,,
UgzMVDbXykwsFgH8yYh4AaABAg,0,1,"2025-06-21 08:22:17",@XyzeFelix,"yang ngebuat web judi nya udah kaya, tambah kaya, yang main di web judi nya udah miskin tambah miskin",0,,
UgzuuMwE5_ENLk5Le8Z4AaABAg,0,0,"2025-06-18 06:52:05",@warungijay-u9m,"Bang buatin versi cak waw dong soalnya animasi buatan cak waw brutal parah",0,,
UgwsMaMgeSBNwNkhopZ4AaABAg,1,1,"2025-06-18 05:53:46",@RafzXkucing,"yura cakep bener bjir 🗿",0,,
UgwsMaMgeSBNwNkhopZ4AaABAg.AJVVKDeqy9GAJVdBKTyPh5,,0,"2025-06-18 07:11:12",@RizkyRiplay,"Hahaah salfok ya sob sama anaknya",1,UgwsMaMgeSBNwNkhopZ4AaABAg,@RafzXkucing
Ugyr6Z8VdssF6QY3qAt4AaABAg,0,0,"2025-06-12 10:12:49",@Ravielya,"Kan bisa lari ya 😂",0,,
Ugzc-sB53FeGNIybB7h4AaABAg,0,0,"2025-06-11 09:25:24",@talestunes_bey,"KALO UDAH PENYAKIT MAH GAK BAKAL SEMBUH, ORANG DISINI KEBANYAKAN KAYA GINI MEREKA HANYA UNTUNG DI AWAL RUGI DI AKHIR. TAPI BODOHNYA MEREKA YANG JUDOL LALU DEPO GAK SADAR AKAN ITU. SUSAH UNTUK DI BERI TAU, NANTI KALO UDAH BANYAK UTANG GARA GARA BUAT DEPO BARU TAU RASA DAN KITA SEBAGAI ORANG YANG PERNAH MENASIHATI HANYA BISA TERTAWA MELIHAT MEREKA SUDAH MISKIN TAMBAH MISKIN GARA GARA JUDOL",0,,
UgxVHRiErdcB5sZMZRt4AaABAg,0,0,"2025-06-10 08:16:21",@widioficial9363,"Hahaha ketawanya jelek banget orangnya",0,,
UgyDtsaBg_cudUP5E9d4AaABAg,0,0,"2025-06-05 13:11:17",@RakaCrp-x7l,7:11,0,,
UgyUlIAcwrqIGdEJ7cV4AaABAg,0,1,"2025-06-03 13:10:57",@C2OV,"kayak AI bg 🙁",0,,
UgwGVKMH7g4vxRh3TKR4AaABAg,0,0,"2025-06-01 12:04:59",@NdakOg-yh3zi,p,0,,
UgzZZ_un33NFivcfMy94AaABAg,0,0,"2025-05-30 15:16:44",@andrikdepi,"Kisah nyata kalah judol lari ke PINJOL gusti2",0,,
UgxNgfSqedcxDFjeZMN4AaABAg,0,35,"2025-05-29 05:05:29",@Frayreza,"1:44 wkwkwk promosinya lewat baliho anjir 😂",0,,
Ugwkcoq7MAvC5_9LOwJ4AaABAg,0,0,"2025-05-29 01:25:12",@leena_npc,"GACOR55 menang terus gacorr!",0,,
Ugz2sqWWiac6F4nIdo54AaABAg,0,0,"2025-05-28 09:46:07",@ZIDI_GAMINGG,"Tim ngga percaya judol dan pinjol 😊",0,,
UgzvH04jiZdbB6-naZt4AaABAg,0,1,"2025-05-26 16:32:56",@shoundclarty,"Kamboja tai anjeng lah gembong nya. Klo ado lokak membumi hanguskan kamboja saya siap.",0,,
UgxnJc9w7nSI9yFdnd94AaABAg,0,0,"2025-05-24 13:13:30",@PernandoZakha,"Kek nya di part 1 deh bg dimana ank perempuan itu",0,,
UgztE5BMJmPf1rKObeF4AaABAg,0,0,"2025-05-24 13:09:37",@PernandoZakha,"Apa yg terjadi ama ank perempuan orang tua itu bg di mana dia",0,,
UgwVH7HiODEsokP9TGl4AaABAg,0,1,"2025-05-19 02:53:19",@agustinaekakartikacandra5717,👏,0,,
UgxAvbEKA0_U5ptEyc14AaABAg,1,0,"2025-05-18 14:09:51",@Arvin_A.Z,"Halo kaka",0,,
UgxAvbEKA0_U5ptEyc14AaABAg.AIGZSTvrajUAIIS5tDMpQy,,0,"2025-05-19 07:44:04",@RizkyRiplay,"Haloo sob",1,UgxAvbEKA0_U5ptEyc14AaABAg,@Arvin_A.Z
UgxM9NhEAt9AkojjZ-d4AaABAg,0,0,"2025-05-15 11:33:19",@fellarajutt,"Nonton ini sambil diselingi iklan pinjol😂😭",0,,
UgyuQR2vusScqw0ii3J4AaABAg,0,0,"2025-05-12 04:30:42",@HermannCrispi,"Gmna si yg cewe malah di bakar",0,,
Ugzxog050M5odj9Sgf14AaABAg,0,0,"2025-05-10 05:46:27",@teletubbies_bunl,"Telat 4 bulan yg lalu, tapi gapapa lahh, seru jugaaa nii",0,,
UgxOe3AXEm1-iDFN8Lx4AaABAg,0,0,"2025-05-01 12:57:28",@joelytbf,"1:18 😮",0,,
Ugx851Smf-dKHhPrmod4AaABAg,0,0,"2025-04-30 03:24:31",@NingChanel89,"Perasaan pernah ada berita jurnalis wanita meninggal tapi kronologi tidak ada yg tau,, mungkinn kah ???",0,,
UgzCf91a7MT5TJwAOTN4AaABAg,0,0,"2025-04-25 17:01:07",@yoiiii-i7s,"Judulnya korban pinjol, tp iklan nya isi pinjol hadeh",0,,
UgwL7rHg1YiahOcQaMh4AaABAg,0,0,"2025-04-23 09:45:01",@JeayGround,"Hantu gosong",0,,
UgyHAdvCPhWGIKuJ3ul4AaABAg,0,1,"2025-04-18 03:53:06",@Saryanto12,"Hallo kak aku gefen baget sama filem kakak tapi aku gak bisa noton tiap hari karna aku di pondok semoga di bales",0,,
UgzedYALqWiPGl2mLMB4AaABAg,0,0,"2025-04-10 11:55:28",@radenfikri9731,"Intinya kerja apa aja meski sedikit hasilnya asal halal, pandai mengelola uang, gada yang instan apalagi dari judi, jangan pinjol parahnya uang pinjol di pake judi",0,,
UgwDU2iBnWpnhsfNNvh4AaABAg,2,0,"2025-04-10 08:26:19",@IROBSS,"Lucu bgttt judoll😂😂",0,,
UgwDU2iBnWpnhsfNNvh4AaABAg.AGj5wCVnQbTAGj7T-N8_1m,,0,"2025-04-10 08:39:40",@RizkyRiplay,"Hahahah terimakasih sudah menonton",1,UgwDU2iBnWpnhsfNNvh4AaABAg,@IROBSS
UgwDU2iBnWpnhsfNNvh4AaABAg.AGj5wCVnQbTAJWGsBtfm2Q,,0,"2025-06-18 13:06:43",@IROBSS,"Masyaallah di balesss❤​@RizkyRiplay",1,UgwDU2iBnWpnhsfNNvh4AaABAg,@IROBSS
UgzWXFUUM_sHy4vM_Xx4AaABAg,1,1,"2025-04-10 01:03:47",@chandragunnawan3800,"bener banget bang.. sodaranya istriku sampe jual rumah karna judol 😂 ..",0,,
UgzWXFUUM_sHy4vM_Xx4AaABAg.AGiJHuJXtC_AGiWQhVr-JD,,0,"2025-04-10 02:58:35",@RizkyRiplay,"Kasian ya sob, semoga keluarganya bisa lekas bangkit 😔",1,UgzWXFUUM_sHy4vM_Xx4AaABAg,@chandragunnawan3800
UgxqCeucliHhHEziKtF4AaABAg,0,0,"2025-04-08 14:09:17",@shamsulhashim6149,"Hari ni aku nekat dan tak ingin berjudi lagi..jadi malam ini video ini juga hadir di hari yg sama jadi aku ambik pelajaran semoga tidak berjudi lagi.. terima kasih ya risky telah buat video ini sebagai contoh seupaya tidak berjudi lagi salam dari Malaysia",0,,
UgyKM08Tf2g1poJEU8B4AaABAg,0,0,"2025-04-08 13:48:30",@zizah-b8b,"Keren jd suka nntn ini😂",0,,
UgzCcfs8vOyiGz553VB4AaABAg,1,0,"2025-04-08 05:42:58",@ifandewa9999,"Sama di 8:57",0,,
UgzCcfs8vOyiGz553VB4AaABAg.AGdee0zmnKaAGdtEAViL7R,,0,"2025-04-08 07:50:23",@RizkyRiplay,"Terimakasih telah menonton",1,UgzCcfs8vOyiGz553VB4AaABAg,@ifandewa9999
Ugy2MX1cGu98TsAZYDd4AaABAg,1,0,"2025-04-08 05:42:01",@ifandewa9999,"Di menit ke -2:07 kaget gw",0,,
Ugy2MX1cGu98TsAZYDd4AaABAg.AGdeY3c9xkbAGdtFnDKC4g,,0,"2025-04-08 07:50:36",@RizkyRiplay,"Hahahah terimakasih sudah menonton",1,Ugy2MX1cGu98TsAZYDd4AaABAg,@ifandewa9999
UgyWgFmG17ZHvJrrVJp4AaABAg,0,0,"2025-04-08 05:14:01",@MbakEr-m1d,"Iklannya pun pinjol smua",0,,
UgySqK5Xn07-9pmEQ-N4AaABAg,0,2,"2025-04-05 09:37:45",@AlekOzeer-de2fs,"Kasian tu penyidik😢 saya berharap banget pas adegan pembakaran ada hantu yg nyelametin mereka😢 dan menggagalkan aksi Biadab para bajingan itu",0,,
UgzKq9Ke-gGa_TEqbH14AaABAg,0,0,"2025-04-05 05:20:37",@martinrachman,"²⁰²⁵ siapa ya ²⁰²⁵",0,,
Ugzi2b_E8-_Qn3a0YiV4AaABAg,0,0,"2025-04-04 16:38:25",@Patra-e1b,"Pantun bus gusi Salim itu menjadi orang kalah kalah",0,,
UgwNy1ufxNnl8upCqaZ4AaABAg,0,1,"2025-04-03 03:00:24",@kkeoffa,"cerita nya gapernah gagal",0,,
UgxbUz3XuJ8AgqbhlYp4AaABAg,0,0,"2025-04-01 15:46:16",@iLikeYouBitch,Gendut!!!!!!!!,0,,
UgxbbimFe__eyDdsdod4AaABAg,0,0,"2025-04-01 04:21:27",@Pinggan-p8u,"Part 3 nya mana",0,,
UgyfzlnfKryHFmonOol4AaABAg,0,4,"2025-03-30 13:48:46",@DurableNova,"Pengen sewa hacker buat retas semua situs judi online deh",0,,
Ugxm0pi_KcyAiS8FP2t4AaABAg,0,6,"2025-03-29 11:08:13",@anabelaprilia-p6t,"relate bgt sama kehidupan nyataa,semangat teruss buat team rizky riplay",0,,
Ugy5OCUQm0RtySShb254AaABAg,0,0,"2025-03-27 13:05:32",@april_1-b9v,"lumayan kecewa si,bang Rizky pake AI😮‍💨",0,,
UgxS4c-p-EG0VQH30DN4AaABAg,0,0,"2025-03-27 11:45:29",@MitraGorden,"liat video ini jadi teringat dengan kejadian di dunia nyata tepatnya di indonesia, yg kata nya ada wartawan yg berhasil membongkar kegiatan judol di daerahnya, setelah dia mengetahui kegiatan tersebut selang beberapa hari dia dan keluarga nya dibakar hidup² di dalam rumah nya..",0,,
Ugz-5v39daKCuNBe7NN4AaABAg,1,0,"2025-03-27 05:56:07",@TiwiPratiwi-s9n,"Mas rizky aku suka loh peran cowok dari pada peran cewek, btw semangat",0,,
Ugz-5v39daKCuNBe7NN4AaABAg.AG9mbogCvg7AG9mwpAFonv,,0,"2025-03-27 05:58:59",@RizkyRiplay,"Terimakasih telah menonton sob",1,Ugz-5v39daKCuNBe7NN4AaABAg,@TiwiPratiwi-s9n
Ugzt1pofL7VmhXffO314AaABAg,0,0,"2025-03-21 08:26:13",@Mazmentrees,"Kalau macam tuh bang bisakah kalau misalnya kita ini kalau mandi sing asik gaya sing game ini bisa dapat uang loh 50.000 bisa dapat uang yang isinya banyak ini download nyanyi gimana aplikasi",0,,
UgzV-pT_sUMzSjYVtOx4AaABAg,0,1,"2025-03-09 07:00:30",@adellaputri164,"Gacorin 😂😂😂",0,,
Ugxnek0uf3KeUT1AzPt4AaABAg,0,0,"2025-03-08 16:24:17",@anniestark844,"muka debt collector nya kayak roblox",0,,
UgzyRkSrLzvPeACFyQR4AaABAg,0,0,"2025-03-06 12:36:14",@SunartiBkn,•_•,0,,
UgyBYSbxavzlE8zy4_Z4AaABAg,0,0,"2025-03-06 12:34:58",@SunartiBkn,^_^,0,,
UgxTbIolYSF_lwv-aot4AaABAg,0,1,"2025-03-05 05:13:28",@Rogerllaurado-2012,"Jwb dong heeee",0,,
Ugy6RnkzVjy_paKeCw14AaABAg,0,1,"2025-03-05 05:13:07",@Rogerllaurado-2012,"Kak rizky",0,,
UgwSRkC_ton3daVQLql4AaABAg,0,1,"2025-03-05 05:10:22",@Rogerllaurado-2012,"12balasan hoax",0,,
Ugx6kBPrqgdh3H2_E4F4AaABAg,0,1,"2025-03-05 05:07:29",@Rogerllaurado-2012,"Ah mad sa i fu din ri fa i",0,,
UgxG0MdBuXvLLxSpWyx4AaABAg,0,0,"2025-03-04 10:08:10",@WakepoAnimation,"Semoga para pemain judol bisa berenti amin❤",0,,
Ugy1godUR61edOIOqlZ4AaABAg,0,0,"2025-03-03 03:58:21",@AlfahriSutisna,Ooo,0,,
Ugz5BQGlCQgmGWP8cjN4AaABAg,0,0,"2025-03-03 03:57:01",@AlfahriSutisna,😢😢,0,,
UgzwvznbZVlpmVbzqmp4AaABAg,0,0,"2025-03-01 06:41:12",@HamimRamadani-u5f,"Ngomong"" anakny mna yy",0,,
Ugxm6ziND5CjTat2Zq94AaABAg,0,0,"2025-02-27 02:03:30",@riosurya7822,"Yg kek gini kemat*annya dibikin sadis kek min, kek setan nya copot seluruh badannya secara hidup "" , lalu seluruh karyawan nya di Bun*h"" in, pas mereka di mutilasi mereka di bikin tetap hidup lalu dibkar hidup"" sampe jadi abu",0,,
UgwHvCu2g-EGc5QF1QZ4AaABAg,0,0,"2025-02-21 13:07:29",@alghadaYT,"Aku bronze ripley",0,,
UgyQ5awMP_VD-RMaVlZ4AaABAg,0,0,"2025-02-21 13:07:18",@alghadaYT,"Aku bronze ripley",0,,
Ugxg7qlAEDcsf-Tg5Dt4AaABAg,0,0,"2025-02-18 08:38:46",@Pipi_Sigma_Girls,"penonton setia nihh",0,,
Ugxw0993b0pG7ZmpSqB4AaABAg,1,0,"2025-02-16 07:24:11",@nurafikanur,"Seru abiss",0,,
Ugxw0993b0pG7ZmpSqB4AaABAg.AEaWgiBuoR5AEdKxQ1e5x8,,0,"2025-02-17 09:39:20",@RizkyRiplay,"Terimakasih telah menonton",1,Ugxw0993b0pG7ZmpSqB4AaABAg,@nurafikanur
Ugz6-glyi9_9mgILl6Z4AaABAg,1,0,"2025-02-14 06:59:42",@ngintipterus-131,"Apa kita harus jadi hantu dulu supaya bisa melawan orang² yang lebih kuat, kayak karakter ini😅 pasti masih hidup lemah, pas udah jadi hantu seakan punya kekuatan😊😊 mantap bang lanjutin lagi",0,,
Ugz6-glyi9_9mgILl6Z4AaABAg.AEWKIZepL-XAEWKskshjy3,,1,"2025-02-14 07:04:46",@RizkyRiplay,"Waduhh ga gitu ya konsepnya hahahah",1,Ugz6-glyi9_9mgILl6Z4AaABAg,@ngintipterus-131
UgyQ20NP0dCaY76Pco14AaABAg,0,0,"2025-02-12 10:31:06",@bangrizalcastingsumatera4772,"Mantap kak rizki ceritanya,,,kak risk rikues azab bandar sabu plis ya kak riski",0,,
Ugyox0hPmySl8Se9BEh4AaABAg,1,0,"2025-02-10 23:13:18",@NurmaYamaha,"Jadi penyidik kok pakai asesoris yang ada identitas diri",0,,
Ugyox0hPmySl8Se9BEh4AaABAg.AENlY1wLphrAEO6aknFzLd,,0,"2025-02-11 02:26:03",@RizkyRiplay,"Itu kalung kesayangan mungkin sob",1,Ugyox0hPmySl8Se9BEh4AaABAg,@NurmaYamaha
UgzRRlyA595jQobwdqN4AaABAg,1,0,"2025-02-10 07:11:24",@WahyuniWidiantari,"Salam dari bali kak",0,,
UgzRRlyA595jQobwdqN4AaABAg.AEM2SrU9tLKAEM4NLs6HVm,,0,"2025-02-10 07:28:08",@RizkyRiplay,"Haloo salam untuk kakaknya ya dari bali yaa",1,UgzRRlyA595jQobwdqN4AaABAg,@WahyuniWidiantari
Ugzm361KGT-X59VqreB4AaABAg,0,0,"2025-02-09 08:10:38",@HanifKautsar-x3w,"wah dek Rizki akhirnya setan teror pinjol sampai mati itu akhirnya udah koit juga kak hanif degar nya enak banget iya kan dek Rizki biar mampus tu setan teror pinjol sampai mati itu iya kan dek Rizki",0,,
Ugxgtjf8BSrtuOQiXp14AaABAg,0,0,"2025-02-08 02:53:57",@NurmunirahNurmunirah,"Susah apa pun jangan kita berhutang kita yang rugi",0,,
UgwDyHOAHuw3hkvEMup4AaABAg,0,0,"2025-02-07 12:08:17",@r0smmmm,"Baru sempat nonton karena masih diluar kota, Andai aja pas boss judol itu kebakar Dan itu terjadi Di dunia nyata, pasti banyak yang terselamatkan, eh tapi sayang nya. bahkan sekarang iklan judol sudah menyerang kolom komentar Di YouTube 😔😔😔 itu kira2 mentri komunikasi nya dimana ya? Masa iya negara kalah sama judol?",0,,
UgzwO0_TV0ZCh5DCxft4AaABAg,1,0,"2025-02-03 09:08:58",@wLively,"baru nonton 3 minggu setelah upload, KERENN BGT KAKK. makin berkembang konten nya✊🏻✊🏻",0,,
UgzwO0_TV0ZCh5DCxft4AaABAg.AE4ELn6Jg8GAE4G1uWgkGj,,0,"2025-02-03 09:23:44",@RizkyRiplay,"Terimakasih telah menonton",1,UgzwO0_TV0ZCh5DCxft4AaABAg,@wLively
UgzlPSyL2kMPYjWkBNR4AaABAg,1,0,"2025-02-01 17:24:42",@dermanfatamorgana,"Sibuk kerja jadi telat nonton bg rizky",0,,
UgzlPSyL2kMPYjWkBNR4AaABAg.AE-yUvgXZplAEBrmJcOYPr,,1,"2025-02-06 08:16:56",@RizkyRiplay,"Gapapa sob ditonton waktu ga sibuk aja, yang penting nonton hehe",1,UgzlPSyL2kMPYjWkBNR4AaABAg,@dermanfatamorgana
UgywncBNfzwaCfpuPhp4AaABAg,0,3,"2025-02-01 12:03:58",@CydLLei,"bagus bgt ni film nya, kita jg dpt pelajaran/motovasi dari video tsb,grafiknya juga keren,oke lah, subscribe ah,biar gak ketinggalan videonya bang Rizky 😊",0,,
Ugza2VTBEjo1pcxscMJ4AaABAg,0,0,"2025-02-01 08:39:05",@Dhif_a,"Tetangga ku pun ada yang main judi online tapi dia merantau ke jakarta dia pun tertarik sama judi online emang sih awal awalan main game nya menang tapi lama kelamaan dia jadi kalah terus dia utang tu pinjol dan dia gak bisa nge lunasin makan aja dia bantu beli mie",0,,
Ugyy4raV_LQqCjEpYjt4AaABAg,0,0,"2025-01-30 13:37:18",@OppoA5rs,😊😊,0,,
UgwZWEO5f30Mzqe_vd94AaABAg,0,1,"2025-01-30 12:47:47",@C4SN13L.H3RE_NOW,"0:33 sigma bngt dah🗿",0,,
UgyaDjlw5mR6IMsskox4AaABAg,0,0,"2025-01-30 10:00:57",@bigszero6943,"ABSOLUTELY CINEMATIC",0,,
UgylpWCml4Y-hjGZXb54AaABAg,0,0,"2025-01-29 03:42:42",@Aqilaannatasya02,😮😮😮😮😮😮😮😮😮😮😮😮😮😮😮😮😮😮😮😮😮😮😮😮😮😮😮😮😮😮😮😮😮😮😮😮😮😮😮😮😮😮😮😮😮😮😮😮😮😮😮😮😮😮😮😮😮😮😮😮😮😮,0,,
UgxmgFr8QidTJYe6gqV4AaABAg,0,1,"2025-01-29 01:17:01",@keyyzee-yl3sb,"""kukira selamat ternyata tidak tante sama adek nya"" saya sedih bngt mereka dibakar🥲",0,,
UgxCD-UzwKmnw4yMtjV4AaABAg,0,0,"2025-01-28 14:47:55",@22cheeze,"Gw lagi nonton tiba tiba pas ada iklan pinjol jir🗿",0,,
Ugw2e0n_NqRCjxGb04F4AaABAg,0,0,"2025-01-28 05:43:57",@YANZZMODESAD-j5s,"12.02 serem banget",0,,
UgxUGLqTJ2lqfhPhyWd4AaABAg,0,0,"2025-01-27 15:06:35",@YurilaPobela-n8h,"ge intel",0,,
UgxleQ4-JKvI868CoZd4AaABAg,0,8,"2025-01-26 05:57:21",@Ivaa_Ivana,"9:28 ngakak bgt ngaduk nya gemoy",0,,
UgxhX8ZFaFQWG5RwgLZ4AaABAg,0,0,"2025-01-26 05:24:19",@Tamanna-s8j,"𝟱𝟱fivē emang rajanya cuan harian, gak percaya? Coba aja!",0,,
UgxFU4Y0ixkZVPg1zbJ4AaABAg,0,1,"2025-01-26 04:39:26",@muhammadiqbal-ev5iq,"Semoga di tutup semua pinjol dan judol agar masyarakat terbebas dari 2 penyakit ini",0,,
UgxBNjb0byQzAQ7mmpR4AaABAg,1,0,"2025-01-25 12:43:20",@futabaisekai4492,"Yg main judol emg org² t0l0l. Ludes ratusan juta ditambah utang dimana², emg SDM RENDAHHH",0,,
UgxBNjb0byQzAQ7mmpR4AaABAg.ADiRj-aYketAIgwGUBGbJ2,,0,"2025-05-29 05:17:25",@Frayreza,"Emang tolol mereka 😂 udahlah hidup pas Pasan suka ngotot pula, pas keluarga hancur nyalahin keadaan, dikasih uang bukannya ditabung atau beli keperluan malah di pakek depo",1,UgxBNjb0byQzAQ7mmpR4AaABAg,@futabaisekai4492
UgzWYtDW0BXRz1TjP8J4AaABAg,0,0,"2025-01-24 15:13:38",@TeukuMeurahhusin,"Part 3 gak ada",0,,
UgxPgTv9GE9JEmNWu_J4AaABAg,0,0,"2025-01-24 03:35:04",@RiswanWtp,"alhamdulillah saya smpai sekarang ga pernah main judol, ataupun pinjol",0,,
UgxCOfplcPOHKOE84ch4AaABAg,1,0,"2025-01-23 07:30:29",@naylasy-2,Cape,0,,
UgxCOfplcPOHKOE84ch4AaABAg.ADcjKnXuE3PADcyThiniiK,,0,"2025-01-23 09:42:46",@RizkyRiplay,"Terimakasih telah menonton",1,UgxCOfplcPOHKOE84ch4AaABAg,@naylasy-2
UgymYIQv2Cla3dmNOvd4AaABAg,1,0,"2025-01-23 07:10:11",@cherylwidjaja01,"Pesan moral : selalu halal dalam mencari rezeki Amin",0,,
UgymYIQv2Cla3dmNOvd4AaABAg.ADch076yXhxADcynAGHfvv,,0,"2025-01-23 09:45:34",@RizkyRiplay,"Terimakasih telah menonton",1,UgymYIQv2Cla3dmNOvd4AaABAg,@cherylwidjaja01
UgwvAuLyJ871Y93dk-h4AaABAg,2,1,"2025-01-22 15:45:46",@raravin_ululu2846,"Kesel ya sama si Yura. Jurnalis ngelakuin hal bahaya malah ceroboh banget. Nyamar minimal. Eh nggak. Duhh.. Plish kurang-kurangin karakter ngeselin gini 😂😂 emosi jadinya",0,,
UgwvAuLyJ871Y93dk-h4AaABAg.ADb2DZLAloSADcGTV09pQf,,0,"2025-01-23 03:09:31",@RizkyRiplay,"Yura nya juga ga tau sob kalau kalungnya jatuh",1,UgwvAuLyJ871Y93dk-h4AaABAg,@raravin_ululu2846
UgwvAuLyJ871Y93dk-h4AaABAg.ADb2DZLAloSAWgCl5JePF5,,0,"2026-05-11 21:50:34",@Matkelapak,"Ya elah cuman itu doang. Ini kartun animasi. Tolol banget. Tau nya ketik doang. Tolol",1,UgwvAuLyJ871Y93dk-h4AaABAg,@raravin_ululu2846
UgwgFQr7c8atLZ4E4rd4AaABAg,0,0,"2025-01-21 07:46:46",@rizzbot3781,"celekkk, bnyak iklan pinjol di video ini anjj",0,,
UgxZSWs85PIjmb9LExN4AaABAg,1,0,"2025-01-21 06:14:03",@CelsiBumbur,"Gambarnya bgus bgt . Dan sesuai dengan kisah nyata😀",0,,
UgxZSWs85PIjmb9LExN4AaABAg.ADYS-H8UGtIADYTe_nGg6H,,0,"2025-01-21 06:28:34",@RizkyRiplay,"Terimakasih dukungannya sob, jadi semangat buat bikin video baru nihh hehehe",1,UgxZSWs85PIjmb9LExN4AaABAg,@CelsiBumbur
UgznCAOsmeYdc6OzNI14AaABAg,0,0,"2025-01-20 13:14:38",@indahsarisitumorang3609,❤,0,,
UgzkzJrkNHbmVcC9igZ4AaABAg,1,0,"2025-01-20 12:47:19",@yayaaaa20,kasiann,0,,
UgzkzJrkNHbmVcC9igZ4AaABAg.ADW_Cp7WG2SADY3cSnIk5f,,0,"2025-01-21 02:41:05",@RizkyRiplay,"Bener sob, padahal mereka baik lo mau mengungkap usaha dari pak karna",1,UgzkzJrkNHbmVcC9igZ4AaABAg,@yayaaaa20
Ugz41f9h6kj18iN5hst4AaABAg,1,0,"2025-01-20 03:06:14",@Angga-i2f9o,"Balon ku ad 5 rupa rupa?",0,,
Ugz41f9h6kj18iN5hst4AaABAg.ADVXhmZE5OHADVcf1VVlEW,,0,"2025-01-20 03:58:17",@RizkyRiplay,"Terimakasih telah menonton",1,Ugz41f9h6kj18iN5hst4AaABAg,@Angga-i2f9o
UgzcvBXyPHZ7hVIOj8p4AaABAg,1,0,"2025-01-19 13:05:58",@ATHARYT-dv9tr,"Yang sering main judol akan kecanduan siapa pun cara menang judol adalah berhenti berjudi bandar nya yang kaya yang main masuk kubur mengibarat kan membuang mutiara demi mendapat kan debu sampah",0,,
UgzcvBXyPHZ7hVIOj8p4AaABAg.ADU1YXZE_wXADVUP3ECdwd,,0,"2025-01-20 02:37:20",@RizkyRiplay,"Semoga ada pembelajaran yang bisa diambil dari cerita di atas ya sob",1,UgzcvBXyPHZ7hVIOj8p4AaABAg,@ATHARYT-dv9tr
UgyBtL9gaxmHwLuxd4V4AaABAg,1,0,"2025-01-19 13:02:51",@ATHARYT-dv9tr,"Pinjol ilegal kalo ketemu target makin lama bunga nya di naikin drastis dan akan meneror korban seterus nya",0,,
UgyBtL9gaxmHwLuxd4V4AaABAg.ADU1BhapoDXADVUPjavQbx,,0,"2025-01-20 02:37:25",@RizkyRiplay,"Semoga ada pembelajaran yang bisa diambil dari cerita di atas ya sob",1,UgyBtL9gaxmHwLuxd4V4AaABAg,@ATHARYT-dv9tr
UgxxuxeQZzS6IRnLUy14AaABAg,1,0,"2025-01-19 12:24:12",@Nailaslsblaa-up5ym,"penonton setia nih tapi gapernah komenn, semoga di balas bang rizki😅",0,,
UgxxuxeQZzS6IRnLUy14AaABAg.ADTxlcgOCwDADVVGjZa7Db,,0,"2025-01-20 02:44:56",@RizkyRiplay,"Terimakasih sob sudah support kami, komen aja sob nanti mimin jawab hehehe",1,UgxxuxeQZzS6IRnLUy14AaABAg,@Nailaslsblaa-up5ym
UgwCvQlECzfqhMXLXBt4AaABAg,1,0,"2025-01-19 10:57:04",@DodikSustio,"Loh itu kan tmn ku jd pake apk judol itu jg cm bagroundnya aja sma nama nya aja yg beda krna di animasi di samarin ..",0,,
UgwCvQlECzfqhMXLXBt4AaABAg.ADTnnSTRCtQADVWG51Ijkh,,0,"2025-01-20 02:53:35",@RizkyRiplay,"Semoga ada pembelajaran yang bisa diambil dari cerita di atas ya sob",1,UgwCvQlECzfqhMXLXBt4AaABAg,@DodikSustio
UgwuQEJGXbFvOeGUill4AaABAg,1,0,"2025-01-19 04:58:41",@SonaAja-ij4wt,"Semangat kak rizky",0,,
UgwuQEJGXbFvOeGUill4AaABAg.ADT9mUEl_zwADVhCPghio_,,0,"2025-01-20 04:37:56",@RizkyRiplay,"Terimakasih atas supportnya sob",1,UgwuQEJGXbFvOeGUill4AaABAg,@SonaAja-ij4wt
Ugw2erW1Gq1p7tzre7d4AaABAg,1,1,"2025-01-18 14:10:31",@BrianSahertian-kq2sf,"Yaampun aku kok sedih banget sihh lihat Yura sama keponakan nya di bakar hidup-hidup,tapi endingnya Yura balas dendam sama pak karna.pelajaran yang dapat di ambil sii jangan tergiur sama pinjol yaa😀😉🍀🍀",0,,
Ugw2erW1Gq1p7tzre7d4AaABAg.ADR_8QNWzyMADW1BjKMvzi,,0,"2025-01-20 07:41:20",@RizkyRiplay,"Sama sob mimin juga sedih banget waktu bagian itu, padahal mereka baik lohh",1,Ugw2erW1Gq1p7tzre7d4AaABAg,@BrianSahertian-kq2sf
UgxAGiuU_qPMR9JH-ql4AaABAg,1,0,"2025-01-18 11:35:27",@ginayovinurulivadha25,"yang di tunggu tungguuu❗️❗️⚡️",0,,
UgxAGiuU_qPMR9JH-ql4AaABAg.ADRIOahAmanADW4mq6ZopO,,0,"2025-01-20 08:12:45",@RizkyRiplay,"Akhrinya tayang juga ya",1,UgxAGiuU_qPMR9JH-ql4AaABAg,@ginayovinurulivadha25
Ugw9TJPQ_qeT_Aov0Dh4AaABAg,0,0,"2025-01-18 01:36:58",@rafliputra1787,"Bang kok pake ai sih lama2, gak kreatif lama2 channel ini.. klo namanya industri kreativ ato hiburan klo bisa jgn pake ai dong.. ciri khas channel anda lama2 ilang, dan padahal art style lama channel ini bagus kok.. kurang respect lama2 klo pake ai trs😂",0,,
UgwCgmKGb0_fOSjtR8Z4AaABAg,1,1,"2025-01-17 06:19:34",@dela_ch-q6j,"Seru bangett kalo nonton vidio dari rizky riplay 😆😆👏👏",0,,
UgwCgmKGb0_fOSjtR8Z4AaABAg.ADO9SA9BP1yADOBOjM8fPY,,0,"2025-01-17 06:36:34",@RizkyRiplay,"Terimakasih atas supportnya",1,UgwCgmKGb0_fOSjtR8Z4AaABAg,@dela_ch-q6j
UgzcV1ehQ7hn4VLd4Zt4AaABAg,1,0,"2025-01-17 06:04:57",@RizkyKurniailhai,"Kejam sekali😮",0,,
UgzcV1ehQ7hn4VLd4Zt4AaABAg.ADO7m3_vK0lADO95f1X5Jv,,0,"2025-01-17 06:16:30",@RizkyRiplay,"Semoga ada pembelajaran yang bisa diambil dari cerita di atas ya sob",1,UgzcV1ehQ7hn4VLd4Zt4AaABAg,@RizkyKurniailhai
UgzKSz75hgN3EwcF_BR4AaABAg,0,0,"2025-01-16 14:38:32",@minyaklintah1234,"Ini kek kisah nyata, yang wartawan di bakar itu.sama rumah nya lupa aku...... Cuma perkiraan sih....",0,,
UgwlPy9vACp4FFjiH4F4AaABAg,0,1,"2025-01-16 10:20:15",@sweety_kyzl4,"Nyindir sebelahh bangedd 🗿",0,,
UgyDqp7kILNTC4Yb1854AaABAg,1,1,"2025-01-16 08:21:00",@NayayBrocot,"Tapi di dunia nyata para pelaku mksiat terutama para bandar2 judol dan narkoba lama dapet azabnya",0,,
UgyDqp7kILNTC4Yb1854AaABAg.ADLnYhgeB9uADLoSe7JxzK,,0,"2025-01-16 08:28:55",@RizkyRiplay,"Semoga ada pembelajaran yang bisa diambil dari cerita di atas ya sob",1,UgyDqp7kILNTC4Yb1854AaABAg,@NayayBrocot
Ugzkv_r7pyDuHLAkqhJ4AaABAg,1,1,"2025-01-16 07:04:46",@CoihYana,"Kalau bisa teh jangan sampai utang sana siniii",0,,
Ugzkv_r7pyDuHLAkqhJ4AaABAg.ADLepMzeJn8ADLfR6adel9,,1,"2025-01-16 07:10:03",@RizkyRiplay,"Semoga ada pembelajaran yang bisa diambil dari cerita di atas ya sob",1,Ugzkv_r7pyDuHLAkqhJ4AaABAg,@CoihYana
UgxCxsk2oqvlgsLVqBV4AaABAg,1,0,"2025-01-15 17:30:52",@putridoraemon6358,"Fakta, aku jg pernah jadi korban dr temen2 yg main begini Loh, Di tempat kerja yg parah. Tp udah pada dipecat.",0,,
UgxCxsk2oqvlgsLVqBV4AaABAg.ADKCgB09zJ4ADLAj1O2j_q,,1,"2025-01-16 02:33:01",@RizkyRiplay,"Terimakasih sudah mau sharing pengalamannya sob, semoga ada hikmah yang bisa diambil yaa",1,UgxCxsk2oqvlgsLVqBV4AaABAg,@putridoraemon6358
UgxAgSCkDT-0HB0alut4AaABAg,0,0,"2025-01-15 14:59:33",@DickyGustirahman,"Gue kira cuma dhot design doang yang viewer nya konsisten jutaan,ternya ini juga ya,baru tau gue soalnya baru pertama kali nonton hhe",0,,
UgzlNyIyFAB6-B7Jc7l4AaABAg,1,1,"2025-01-15 10:37:00",@ShezaRevalina,"Iklannya adakami😂....",0,,
UgzlNyIyFAB6-B7Jc7l4AaABAg.ADJTJxdSoo-ADLGIQJHXq_,,0,"2025-01-16 03:21:41",@RizkyRiplay,"Hahahaha bisa kebetulan gitu yaa",1,UgzlNyIyFAB6-B7Jc7l4AaABAg,@ShezaRevalina
UgzhHjuBi8NWEYEyrVh4AaABAg,1,0,"2025-01-15 06:45:53",@wiwinnaria1321,"Tak bagus banget kak filmnya bagus banget sedunia😂😊 oh ya kak nama aku arsyila ngomong-ngomong ngomong-ngomong kakak namanya siapa ngomong-ngomong kakak namanya siapa",0,,
UgzhHjuBi8NWEYEyrVh4AaABAg.ADJ2sBwupO5ADJ4kDbeeVD,,0,"2025-01-15 07:02:17",@RizkyRiplay,"Terimakasih atas supportnya sob, namanya rizky riplay ya sob atau biasa di panggil kak rizky",1,UgzhHjuBi8NWEYEyrVh4AaABAg,@wiwinnaria1321
UgyGvI_0vrx-xCYFkyp4AaABAg,2,0,"2025-01-15 06:27:55",@AnindyaRezz,"agak kecewa si:) karna semudah itu si yura m*ti, ekspektasi sy itu si yura berhasil lepas dari tali, karna sy kira si yura ini cerdik jadi mudah dong buat lepas talinya tapi... ya udh lah... lagi pula susah ko buat animasi, nanti juga lebih panjang ceritanya dan lebih rumit klo si yura bisa mudah lepas dari tali pasti ada tambahan video yg buat makin rumit, disini sy cuma berpendapat dari vid nya ya, bukan bermaksud nge hujat, ya pokoknya Semangat bang Rizky🙏🏻",0,,
UgyGvI_0vrx-xCYFkyp4AaABAg.ADJ0oXC29rSADJ1MsUqq8f,,0,"2025-01-15 06:32:44",@RizkyRiplay,"Terimakasih atas sarannya sob, ditunggu ya cerita terbaru dari kita",1,UgyGvI_0vrx-xCYFkyp4AaABAg,@AnindyaRezz
UgyGvI_0vrx-xCYFkyp4AaABAg.ADJ0oXC29rSADO-ZY7pN45,,0,"2025-01-17 04:53:12",@lilisrahayu1171,"mungkin krna ini bukan sinetron 😂",1,UgyGvI_0vrx-xCYFkyp4AaABAg,@AnindyaRezz
UgwjshYZ4TWKIpl5Z094AaABAg,1,0,"2025-01-15 06:11:20",@AhmadAlisyukur,mantap,0,,
UgwjshYZ4TWKIpl5Z094AaABAg.ADIzv2St4O_ADJ-15TZsTx,,0,"2025-01-15 06:12:17",@RizkyRiplay,"Terimakasih telah menonton",1,UgwjshYZ4TWKIpl5Z094AaABAg,@AhmadAlisyukur
Ugw7mc-yP0N6kmP0gjN4AaABAg,1,0,"2025-01-14 13:29:25",@HerwindaPrihandini,"Wehhh gak bahaya tah? wwkwkwk",0,,
Ugw7mc-yP0N6kmP0gjN4AaABAg.ADHCFoOLjGCADIcUM0ixyZ,,0,"2025-01-15 02:46:34",@RizkyRiplay,"Terimakasih telah menonton",1,Ugw7mc-yP0N6kmP0gjN4AaABAg,@HerwindaPrihandini
UgzUegCfKsP1TkLohOV4AaABAg,1,0,"2025-01-14 12:56:55",@NeymaQuresha_Riyanti05,"Akhirnya muncul juga",0,,
UgzUegCfKsP1TkLohOV4AaABAg.ADH8XnTczY2ADIdjeYPHOi,,0,"2025-01-15 02:57:32",@RizkyRiplay,"Yang ditunggu tunggu ya sob",1,UgzUegCfKsP1TkLohOV4AaABAg,@NeymaQuresha_Riyanti05
UgzGDCU8cWAohldZey94AaABAg,0,2,"2025-01-14 06:03:54",@DewintaAstuti,"Kasian sih jurnalisnya di bakar tapi puas banget sama endingnya karna pengusaha pinjol nya kebakar juga",0,,
UgxamaWgbpx-SLnvo8N4AaABAg,1,1,"2025-01-14 01:51:23",@Aera0611,"Jeritanya real banget",0,,
UgxamaWgbpx-SLnvo8N4AaABAg.ADFxNK3dw1gADG00XAXIPl,,0,"2025-01-14 02:23:14",@RizkyRiplay,"Bener sob, mimin merinding dengernya",1,UgxamaWgbpx-SLnvo8N4AaABAg,@Aera0611
Ugzi7mSuXZbk-vCIg-14AaABAg,1,0,"2025-01-13 17:44:12",@k_rizal229,Lanjut,0,,
Ugzi7mSuXZbk-vCIg-14AaABAg.ADF4c36T61vADG1IJwYkrw,,0,"2025-01-14 02:34:24",@RizkyRiplay,"Wahh sudah final nih",1,Ugzi7mSuXZbk-vCIg-14AaABAg,@k_rizal229
UgyRqvfMth8ZiaUGlWt4AaABAg,1,1,"2025-01-13 15:03:04",@eksaneksani5237,"Aku mau ngomong mas rizky sekarang aku punya chanel baru rencana sih mau upload video besok ya ku tunjukin😅😅",0,,
UgyRqvfMth8ZiaUGlWt4AaABAg.ADEnAtdnqhaADG1pm_JeAB,,1,"2025-01-14 02:39:06",@RizkyRiplay,"Wahhh semangat ya sob, semoga dilancarkan segala urusannya. Semangat terus ya buat konten baru",1,UgyRqvfMth8ZiaUGlWt4AaABAg,@eksaneksani5237
UgyRxtgJWDWkr71DJDR4AaABAg,1,0,"2025-01-13 11:18:49",@animasitvasyik,"Mantap alur ceritanya, ....bagus banget .🎉🎉🎉",0,,
UgyRxtgJWDWkr71DJDR4AaABAg.ADEOWRixeaRADG5biv8kAL,,0,"2025-01-14 03:12:08",@RizkyRiplay,"Terimakasih telah menonton sob, ditunggu cerita terbaru dari kita ya",1,UgyRxtgJWDWkr71DJDR4AaABAg,@animasitvasyik
UgzZ0lnzTrrdIqwJBBB4AaABAg,1,0,"2025-01-13 11:09:45",@IsmaYani2006,"Aku terlambat karna Kouta habis",0,,
UgzZ0lnzTrrdIqwJBBB4AaABAg.ADENTyqyH6fADG5cVBF95T,,0,"2025-01-14 03:12:14",@RizkyRiplay,"Gapapa sob yang penting nonton",1,UgzZ0lnzTrrdIqwJBBB4AaABAg,@IsmaYani2006
Ugw_k0UWYG7noDUXp694AaABAg,0,1,"2025-01-13 11:08:38",@Litakunacantik,M,0,,
UgygrxbqHHMKv_aY_QV4AaABAg,1,3,"2025-01-13 09:54:40",@BillaaAjaa-nk9ns,"yang gua bingung itu anaknya si bapak yang ngutang kemana? mati juga kah?",0,,
UgygrxbqHHMKv_aY_QV4AaABAg.ADEEt35vViVADG7WS2oq_r,,0,"2025-01-14 03:28:45",@RizkyRiplay,"Hmmm engga dehh soob",1,UgygrxbqHHMKv_aY_QV4AaABAg,@BillaaAjaa-nk9ns
UgxvWb3dZgNiqnCpZAx4AaABAg,1,0,"2025-01-13 07:59:38",@flyycukkk,"Gercepp uyyy",0,,
UgxvWb3dZgNiqnCpZAx4AaABAg.ADE1idCIhOnADE3FIAezQc,,1,"2025-01-13 08:12:58",@RizkyRiplay,"Terimakasih telah menonton",1,UgxvWb3dZgNiqnCpZAx4AaABAg,@flyycukkk
UgyGK3jIJcH0opx_dh14AaABAg,1,0,"2025-01-13 00:31:34",@Syahendri-12y,"Suka banget, cuman Chanel Rizky riplay, yg paling keren gak ada duanya😍",0,,
UgyGK3jIJcH0opx_dh14AaABAg.ADDERny2zX3ADDRogyiX1o,,0,"2025-01-13 02:28:25",@RizkyRiplay,"Terimakasih atas supportnya sob",1,UgyGK3jIJcH0opx_dh14AaABAg,@Syahendri-12y
UgxsEkPbCDpsH3tBJGp4AaABAg,0,0,"2025-01-12 17:29:41",@Virgogreenflag,"Jangan pernah pinjol dan judol... Klo mau bangkrutkan mereka",0,,
UgzI3KAUn6YjydyGJ3x4AaABAg,1,0,"2025-01-12 14:41:51",@rm.gardener,"saya masih terlilit pinjol ,,, doakan semoga ada jalan kluar",0,,
UgzI3KAUn6YjydyGJ3x4AaABAg.ADCAxfr8CfXADDe-XuCGz2,,0,"2025-01-13 04:23:38",@RizkyRiplay,"Semoga dimudahkan segala urusannya ya sob, semangat terus",1,UgzI3KAUn6YjydyGJ3x4AaABAg,@rm.gardener
Ugyor1VzNmyghjuwXex4AaABAg,1,0,"2025-01-12 10:27:57",@FarluraDaily,"mau cerita sedikit deh, pny sodara yg hobiny judol sm pinjol smpe ratusan jt, smpe skrg masih di kejar², hidupny lontang lantung, ibu nya yg jd kena tumpuan krna utang anak nya, eh tiba² bgt ema nya blg ke ibu ku kalau anak nya lg di jalan mau nyari kerja di tmpt ku & tinggal di sni tnpa ada perizinan ortu ku, eh smpe sini malah kurang ajar, pdhl sekluarga udh hati² bgt di saat sodara ku tinggal di sni, eh ttp aja kebobolan tiba² ada tagihan pinjol di hp abang ku 2jt, sialan kalang kabutt udh gt org nya kabur ke tmpt asalny, di sni udh kerja di ksh fasilitas motor sm ortu ku smpe abang ku ngalah kuliah ga bwa motor dia nebeng sm tmn ny, ibu ku sllu bilang ke tu org jgn smpe motor ibu ku di gadaiin sm tu org, krna aku gregetan bgt akhirny aku minta di cicil utang nya ke ortuny, bru berjalan 3 bln di cicil sebulan 300rb, smpe skrg tu org lontang lantung di tonjokin sm org lain wkwk, bru seminggu tetangga ku meninggoy gara² bundir krna pinjol sm judol😅",0,,
Ugyor1VzNmyghjuwXex4AaABAg.ADBiu-6vYchADDsS-0kead,,0,"2025-01-13 06:29:51",@RizkyRiplay,"Terimakasih sudah mau sharing ceritanya sob, semoga ada hikmah yang bisa diambil ya sob",1,Ugyor1VzNmyghjuwXex4AaABAg,@FarluraDaily
Ugy1LADHUYQiRap248N4AaABAg,0,0,"2025-01-12 10:12:41",@kimminjivp,2:6,0,,
UgzwbVgXCClaNyLOnUJ4AaABAg,0,0,"2025-01-12 08:59:42",@DaffamulyanaMulyana,😮😮😮,0,,
UgyOsbUmMRgJOfbcr5p4AaABAg,0,0,"2025-01-12 08:59:29",@DaffamulyanaMulyana,🎉🎉🎉🎉🎉🎉,0,,
UgyorVVuOHfKPhpsveF4AaABAg,1,0,"2025-01-12 07:51:04",@OddoA100,"Janlup guys yang instan hnya mie",0,,
UgyorVVuOHfKPhpsveF4AaABAg.ADBRx001w39ADDuZ3NceZY,,0,"2025-01-13 06:48:18",@RizkyRiplay,"Haahahaha bener sob, tapi ada juga lo bubur instant",1,UgyorVVuOHfKPhpsveF4AaABAg,@OddoA100
Ugzjx50gmZm7W4rnvfh4AaABAg,1,0,"2025-01-12 06:55:40",@azurahzurah8131,"Tapi , hutang itu dibawa lho sampe ke akhirat Tapi kan ini cuma animasi 🥀🗿",0,,
Ugzjx50gmZm7W4rnvfh4AaABAg.ADBLbEN3QRKADDvrC-A5x8,,0,"2025-01-13 06:59:39",@RizkyRiplay,"Semoga ada pembelajaran yang bisa diambil dari cerita di atas ya sob",1,Ugzjx50gmZm7W4rnvfh4AaABAg,@azurahzurah8131
UgyIa1vEpXDrMlF9d_Z4AaABAg,1,0,"2025-01-12 06:49:47",@KahiyangAyu-e8d,"Untung aku udah nonton part 1",0,,
UgyIa1vEpXDrMlF9d_Z4AaABAg.ADBKw7bYSzmADDvwNzlPXc,,0,"2025-01-13 07:00:21",@RizkyRiplay,"Terimakasih telah menonton",1,UgyIa1vEpXDrMlF9d_Z4AaABAg,@KahiyangAyu-e8d
Ugw5TWqdw_EKer-My1h4AaABAg,1,1,"2025-01-12 06:09:28",@PANGERANCIAMIS-m7b,"wow. 😏",0,,
Ugw5TWqdw_EKer-My1h4AaABAg.ADBGJpQASV4ADDwvhspadm,,0,"2025-01-13 07:09:00",@RizkyRiplay,"Terimakasih telah menonton",1,Ugw5TWqdw_EKer-My1h4AaABAg,@PANGERANCIAMIS-m7b
Ugxs9VH7kH_Y2g-93oZ4AaABAg,0,0,"2025-01-12 04:30:57",@ラサ-4,"Alhamdulillah udah kena azab tuh rentenir pinjol dan judol jahat itu wkwkwk 😂😊",0,,
UgzwqvroOknoKS4T_9p4AaABAg,1,0,"2025-01-12 04:20:58",@NaufalAprilio-h3k,"Baru 3 hari yg lalu tetangga kumeninggal gantung diri karena pinjol dan slot😢",0,,
UgzwqvroOknoKS4T_9p4AaABAg.ADB3u5z5_LvADDyu4Z2n8c,,0,"2025-01-13 07:26:15",@RizkyRiplay,"Terimakasih sudah mau sharing sob, semoga ada pembelajaran yang bisa diambil dari cerita di atas ya sob",1,UgzwqvroOknoKS4T_9p4AaABAg,@NaufalAprilio-h3k
Ugw98nXEzM5QRuE5N8l4AaABAg,1,0,"2025-01-12 02:37:51",@SherlyFarrel,"Ad yg ingat gk komik seram waktu jaman sd? Nah ini versi videonya😂",0,,
Ugw98nXEzM5QRuE5N8l4AaABAg.ADAt5pAP3CZADGB1ShXsci,,0,"2025-01-14 03:59:28",@RizkyRiplay,"Oh yang komik siksa neraka itu kahh sob",1,Ugw98nXEzM5QRuE5N8l4AaABAg,@SherlyFarrel
UgxMEJiA71NcvlR8lsF4AaABAg,1,1,"2025-01-12 02:19:59",@owaaa-h7x,"suka bgt sama channel ini sering² post pls buat temen makan 🫰🏻🫰🏻🫰🏻☹️☹️☹️",0,,
UgxMEJiA71NcvlR8lsF4AaABAg.ADAr34sKVJrADE2H7CcCLZ,,0,"2025-01-13 08:04:29",@RizkyRiplay,"Terimakasih atas supportnya sob",1,UgxMEJiA71NcvlR8lsF4AaABAg,@owaaa-h7x
UgyKrH_rM_80ENsOcL54AaABAg,1,0,"2025-01-12 01:17:44",@titiw77777,"dokternya ganteng poll",0,,
UgyKrH_rM_80ENsOcL54AaABAg.ADAjw3SsDvjADE5Ez558hW,,0,"2025-01-13 08:30:24",@RizkyRiplay,"Hahaah salfok nihh ceritanya",1,UgyKrH_rM_80ENsOcL54AaABAg,@titiw77777
UgwfcCnwsP9lIqRtpLl4AaABAg,2,0,"2025-01-12 01:02:48",@JoseEduardoAraki,"10:30 bisnis pak karna kok bisa dipenjara?",0,,
UgwfcCnwsP9lIqRtpLl4AaABAg.ADAiDh4waV1ADE5XysXTsv,,0,"2025-01-13 08:33:00",@RizkyRiplay,"Kan bisnis nya ilegal sob",1,UgwfcCnwsP9lIqRtpLl4AaABAg,@JoseEduardoAraki
UgwfcCnwsP9lIqRtpLl4AaABAg.ADAiDh4waV1ADE78Y4G6Qs,,0,"2025-01-13 08:47:00",@JoseEduardoAraki,"Ohh. Aku dah nonton ke kamu ya",1,UgwfcCnwsP9lIqRtpLl4AaABAg,@JoseEduardoAraki
UgwgdkuYaUpV6aXwAA14AaABAg,1,0,"2025-01-11 17:17:43",@JakKucing,"Gadot hihii",0,,
UgwgdkuYaUpV6aXwAA14AaABAg.AD9t-Jr-EtSADE9YdaEP_F,,0,"2025-01-13 09:08:03",@RizkyRiplay,"Terimakasih telah menonton",1,UgwgdkuYaUpV6aXwAA14AaABAg,@JakKucing
UgzVPWUqhr_eEGIM2dp4AaABAg,1,0,"2025-01-11 15:00:27",@IrvakaNerlin,"min horor komedi donggg mana",0,,
UgzVPWUqhr_eEGIM2dp4AaABAg.AD9dHyucXJaADEEDLQfT_o,,0,"2025-01-13 09:48:50",@RizkyRiplay,"Ditunggu next cerita dari kita horror komedinya ya sob",1,UgzVPWUqhr_eEGIM2dp4AaABAg,@IrvakaNerlin
UgzbDDds7_TscRr4Hi14AaABAg,1,0,"2025-01-11 13:40:50",@desviaaa,"duh suara dokternya 😋😭",0,,
UgzbDDds7_TscRr4Hi14AaABAg.AD9VAt2uKzoADGDc5jLJ12,,0,"2025-01-14 04:22:05",@RizkyRiplay,"Hahaha salfok nihh sama suara dokternya",1,UgzbDDds7_TscRr4Hi14AaABAg,@desviaaa
UgxcjQ8FO1sH9rMoNc54AaABAg,2,1,"2025-01-11 11:54:48",@pettermrs,"akhirnya up jg part k2 🎉🎉🎉🎉",0,,
UgxcjQ8FO1sH9rMoNc54AaABAg.AD9J2E6c5z1ADGRV5FzewR,,1,"2025-01-14 06:23:20",@RizkyRiplay,"Yang ditunggu tunggu ya",1,UgxcjQ8FO1sH9rMoNc54AaABAg,@pettermrs
UgxcjQ8FO1sH9rMoNc54AaABAg.AD9J2E6c5z1ADGqVSvF-zi,,0,"2025-01-14 10:10:34",@pettermrs,"@ skwkkww selalu klu ada part 1 psti selanjutnya part 🤣🤣biar ga penasaran...",1,UgxcjQ8FO1sH9rMoNc54AaABAg,@pettermrs
UgzC-NPThWyNMSP5GFV4AaABAg,1,0,"2025-01-11 10:11:44",@RUDIANA-GCS,"seru juga nih kisah pijol dan judol ending nya bikin sedih dan menyeramkan sekali ini seru juga ya......apalagi kalo nanti nonton di pas bulan puasa 2025",0,,
UgzC-NPThWyNMSP5GFV4AaABAg.AD97FIhoGUzADGUYxPgQMz,,1,"2025-01-14 06:50:04",@RizkyRiplay,"Terimakasih telah menonton",1,UgzC-NPThWyNMSP5GFV4AaABAg,@RUDIANA-GCS
UgzO-E5Xa1lCToyHltd4AaABAg,1,0,"2025-01-11 10:07:12",@SANUCHANEL,"Gercep kak rizky riplay",0,,
UgzO-E5Xa1lCToyHltd4AaABAg.AD96j9btSB_ADGUkaujW_a,,0,"2025-01-14 06:51:48",@RizkyRiplay,"Terimakasih telah menonton",1,UgzO-E5Xa1lCToyHltd4AaABAg,@SANUCHANEL
UgzeIh1Xd4sS9Q5tVq94AaABAg,1,0,"2025-01-11 06:57:04",@waskitajati6937,"Cara syaiton milenial menjerumuskan manusia ya lewat judol+pinjol..semakin rakus manusia semakin besar hawa nafsu serakah+gak pernah merasa cukup+kurangnya rasa syukur..nauzubillah mindzalik..",0,,
UgzeIh1Xd4sS9Q5tVq94AaABAg.AD8lyXhuYF2ADIoico8vYB,,0,"2025-01-15 04:33:31",@RizkyRiplay,"Semoga ada pembelajaran yang bisa diambil dari cerita di atas ya sob",1,UgzeIh1Xd4sS9Q5tVq94AaABAg,@waskitajati6937
Ugy-YwiWTuLItzZJWTd4AaABAg,0,1,"2025-01-11 06:31:14",@azzahra_rafahani,"7:23 ngeri leh",0,,
UgzaaxihCDvd92R-hgZ4AaABAg,1,0,"2025-01-11 06:30:16",@azzahra_rafahani,"13.29 tim rizky riplay mana suaranya 🎉🎉🎉🎉",0,,
UgzaaxihCDvd92R-hgZ4AaABAg.AD8iuGsS8XhAD8jYrIxKHx,,0,"2025-01-11 06:35:57",@RizkyRiplay,"Terimakasih telah menonton",1,UgzaaxihCDvd92R-hgZ4AaABAg,@azzahra_rafahani
UgwN7Pkh-c-CkayrjjB4AaABAg,1,1,"2025-01-11 06:16:29",@cyaaa8208,"duhh nontonnya degdegan bgttt, serem tpii seruu",0,,
UgwN7Pkh-c-CkayrjjB4AaABAg.AD8hKJhTfDoAD8ijohzrXb,,0,"2025-01-11 06:28:50",@RizkyRiplay,"Terimakasih sob udah nonton, sama nihh mimin juga hehehe",1,UgwN7Pkh-c-CkayrjjB4AaABAg,@cyaaa8208
UgxGAil_YS0BDg0AUmF4AaABAg,1,0,"2025-01-11 06:08:11",@PujiTV98,"Bang boleh kritik gak, sebenarnya aku suka cerita yang anda buat. Tapi sayang setiap endingnya selalu ada hantu dan korban mati, itu terlalu membosankan apa lagi sang penjahat cepat matinya tanpa di siksa dulu gitu biar penderitaan nya gak sebentar. Atau jangan biarkan korban mati dan biarkan korban hidup tapi berhasil membalas dendam kepada si penjahat.",0,,
UgxGAil_YS0BDg0AUmF4AaABAg.AD8gNY6bOLmADIqwg-lFLk,,0,"2025-01-15 04:52:54",@RizkyRiplay,"Terimakasih atas sarannya sob",1,UgxGAil_YS0BDg0AUmF4AaABAg,@PujiTV98
UgwsqNoLou7TRSHF_4F4AaABAg,1,1,"2025-01-11 05:53:17",@gojois-notdie,"8:30 badan gede baju imut😂😂❤😂",0,,
UgwsqNoLou7TRSHF_4F4AaABAg.AD8efQBpSXZADIrkOSSE0V,,0,"2025-01-15 04:59:58",@RizkyRiplay,Hahahahahahaha,1,UgwsqNoLou7TRSHF_4F4AaABAg,@gojois-notdie
UgypQ5cckR6787b3KM54AaABAg,5,11,"2025-01-11 05:38:00",@darmansagamerz9773,"6:54 ada yg sama gk kayak pikiran ku🗿🗿",0,,
UgypQ5cckR6787b3KM54AaABAg.AD8cvR4h4fYADJ0-MTe7oc,,5,"2025-01-15 06:20:47",@RizkyRiplay,"Emang kenapa sob",1,UgypQ5cckR6787b3KM54AaABAg,@darmansagamerz9773
UgypQ5cckR6787b3KM54AaABAg.AD8cvR4h4fYAGGmcdbNVNz,,0,"2025-03-29 23:10:55",@MAWADAHgurubatorpat.,"Pikiran bok*p🦍😅",1,UgypQ5cckR6787b3KM54AaABAg,@darmansagamerz9773
UgypQ5cckR6787b3KM54AaABAg.AD8cvR4h4fYAHsz4kPVs9E,,5,"2025-05-09 01:01:31",@RulzExye,hadeh,1,UgypQ5cckR6787b3KM54AaABAg,@darmansagamerz9773
UgypQ5cckR6787b3KM54AaABAg.AD8cvR4h4fYAOAWo0xe1NF,,0,"2025-10-12 08:59:38",@Cindrio,Ckckck,1,UgypQ5cckR6787b3KM54AaABAg,@darmansagamerz9773
UgypQ5cckR6787b3KM54AaABAg.AD8cvR4h4fYASx2v58XF-C,,1,"2026-02-08 00:46:03",@EmiBhandell,"​@RizkyRiplayYura said : kau boleh lakukan apa saja ke pada ku ........ Arti nya .................. 😅😅",1,UgypQ5cckR6787b3KM54AaABAg,@darmansagamerz9773
UgxP8LyisyN1u7506ON4AaABAg,1,0,"2025-01-11 05:14:36",@nengratu7268,"Nnton ini sambil iklan yg kewat ttg pinjaman online 😂😂",0,,
UgxP8LyisyN1u7506ON4AaABAg.AD8aF6G0SiJADJ2HynJpGj,,0,"2025-01-15 06:40:48",@RizkyRiplay,"Hahahaha jangan tergiur tapi ya sob apa lagi sama judol",1,UgxP8LyisyN1u7506ON4AaABAg,@nengratu7268
Ugwpn827PGz1_OkiM0Z4AaABAg,1,1,"2025-01-11 04:47:59",@AdiFadilah-dd7re,"Bikin orang-orang tobat😙",0,,
Ugwpn827PGz1_OkiM0Z4AaABAg.AD8YC8iYGwjADJ6SsjSLhP,,0,"2025-01-15 07:17:15",@RizkyRiplay,"Semoga ada pembelajaran yang bisa diambil dari cerita di atas ya sob",1,Ugwpn827PGz1_OkiM0Z4AaABAg,@AdiFadilah-dd7re
Ugyr4RBFJ6ZaKx2xjNt4AaABAg,1,0,"2025-01-11 04:23:19",@sitadamayanti-l2b,"Aku suka kamu",0,,
Ugyr4RBFJ6ZaKx2xjNt4AaABAg.AD8VNXTmW6YADJD4bMiHuT,,0,"2025-01-15 08:15:06",@RizkyRiplay,"Terimakasih telah menonton",1,Ugyr4RBFJ6ZaKx2xjNt4AaABAg,@sitadamayanti-l2b
UgxYxkKTSo7JqwgiPHJ4AaABAg,0,0,"2025-01-11 03:44:15",@SuperShorttt86,"Suara langkah epep",0,,
UgwCldcSG76YR7Gm3zl4AaABAg,0,1,"2025-01-11 02:56:04",@Rendypandumulyadi0419,"Tim gercep di sini 👇",0,,
Ugy8y8cxUZR9s956wfR4AaABAg,0,0,"2025-01-11 01:13:57",@MammyStore-n9p,"Assalamualaikum mas risky ... Jumpa fans donk",0,,
UgxHP60kmEbnL6UC_DV4AaABAg,0,0,"2025-01-10 23:05:36",@ymmaapience,"yeyyyy,, akhirnya lanjuttt🎉",0,,
UgyEA4RhXiT2yMO7s0h4AaABAg,0,0,"2025-01-10 18:40:11",@PersibBandung-vq5ut,"Oke gas oke gas 🎉🎉🎉",0,,
UgxxvLcajJ1bntm2NjN4AaABAg,0,0,"2025-01-10 16:38:22",@irwandinata4011,"suka bgt dgn alur cerita nya mkasih mm rizky",0,,
UgxuSRYQLltoLZf4IWx4AaABAg,0,0,"2025-01-10 15:44:24",@iqbalnovendra8630,Trending😂,0,,
UgyblsoJbNkBVamya-h4AaABAg,0,0,"2025-01-10 15:31:31",@firwangamer7736,"Kapan pacar Baru park 2 dilanjutkan lagi.",0,,
UgyrFoYo1O5aZuTZjzp4AaABAg,0,0,"2025-01-10 15:23:55",@muhammadrizqi94,"bagus ini ceritanya, semoga jadi pada sadar... 🎉",0,,
UgwSUXJBzdwtl1RB1nZ4AaABAg,0,0,"2025-01-10 14:35:40",@argaputra5624,"Req tentang azab yng ada part ny bg plisss",0,,
Ugwma6mpHYtqlJovbEx4AaABAg,0,0,"2025-01-10 14:22:36",@krisnawilantara7591,"Yah ketingalan",0,,
UgxYILaASuz1p9QqD2F4AaABAg,0,0,"2025-01-10 14:20:19",@Dhila-ya,"Kejam bngtt 🥲",0,,
UgySdkSZyHn_nzbg1ft4AaABAg,0,0,"2025-01-10 14:04:39",@sempakgimang2407,"maaf ya bang ini soal iklan nya di spotify tolong dong sesuai kan dengan waktu atau jam nya jan malem-malem gini saya niat nya lagi ngegalau sendirian malah jadi takut jadi nya tolong nya bang sesuaikan dengan waktu 🙏🏻",0,,
UgzJaHzsxKEU1fUUuiR4AaABAg,0,0,"2025-01-10 13:52:36",@nuraeni8398,"Tayang ya kelamaan GK si ini",0,,
UgxaWJGqwE3pceudeYl4AaABAg,0,6,"2025-01-10 13:48:54",@tiffaniticoalu2462,"Selamat malam hari dan semoga konten kakak Rizkyriply semakin seru dan menarik.❤😊",0,,
UgyWI5VNF5bIOHTYnpl4AaABAg,0,0,"2025-01-10 13:23:34",@ayuwiwintra8321,"Animasi hebat menginspirasi manusia kejalan yang salah",0,,
UgyRGgUBrdj-4bElTKt4AaABAg,0,1,"2025-01-10 13:22:23",@MargiYona-nf4el,"Sip seru bener filemnya 🌈👍🙂👍🎊",0,,
Ugx7PA2wSxtNbNJuOkx4AaABAg,0,0,"2025-01-10 13:16:32",@Haykalsssofficial,"bang, kalo boleh bikin drama azab anak sekolah mentang"" anak orang kaya, seenaknya cuci raport biar dapet nilai bagus dan juara kelas,😁",0,,
Ugwumx6QsDtWpZ0cjwx4AaABAg,0,0,"2025-01-10 13:10:36",@ElisaDestiana-v9l,"Seru seru banget sumpahh di chanel ka rizky",0,,
Ugxl2f5nFT9FtMs3ZKl4AaABAg,0,0,"2025-01-10 12:58:25",@rahmazubir5808,"Paert 3 lah soal nya ganjel endingnya",0,,
UgwnXt9ZNyvnTQ2s-Id4AaABAg,0,0,"2025-01-10 12:29:08",@zulnabeenajwaayesha397,"Kurang suka sama grafik yang baru 😢 maaf yah.. soal nya mata nya kayak ngak menunjukan emosi kayak grafik dulu",0,,
UgzpHWgJuu6Q4Y5Wr7B4AaABAg,0,7,"2025-01-10 12:05:53",@Quacky-r3t,"keren ya animasi karya tim Rizky Riplay makin berkembang, saya suka nih yg realita ada api nya, alur cerita nya juga nyambung. Sukses terus ya tim Rizky Riplay, semoga bisa menjadi salah satu tim kreator animasi paling sukses dan dapat lebih berkembang, Aamin ❤❤",0,,
Ugz7ObGzgkEv3DzYqL14AaABAg,0,0,"2025-01-10 12:01:32",@AnitaDarmayanti-j4y,"Bang blom ada yg baru lagi nih?..",0,,
UgxOPRKyCineG09ZkPR4AaABAg,0,0,"2025-01-10 11:05:06",@bribrianu07,"Kebiasaan dah, kebanyakan ending selalu diteror atau dihantui sosok yang telah mati",0,,
Ugx-vtJ0kpQUETSYBn94AaABAg,0,1,"2025-01-10 11:03:00",@yura_meizaa,"Nama ku yura 😭😭😭",0,,
UgzxLp4nxUya-vSyTJR4AaABAg,0,1,"2025-01-10 10:41:52",@lemburkocak4118,"Bang collab bareng dhot design lgi",0,,
Ugzd2EqS1f4DWPoOkkJ4AaABAg,0,0,"2025-01-10 10:25:34",@sugihartosugiharto8416,"Gacor terus🎉😂😂😂",0,,
UgxRg45qYWomSAAKAVB4AaABAg,0,0,"2025-01-10 09:51:36",@NurulMastunah,"semangatt bang buat konten nyaa ya 🎉",0,,
UgzszZnzqjzCgfEk3fp4AaABAg,0,1,"2025-01-10 09:49:27",@BroThisIsMyChannel,"Halo bang rizky riplay saya sangat suka video seperti ini apakah bang rizky riplay bisa buat asal usul slenderman😊",0,,
UgzRqj-lcUQS3cQYVOB4AaABAg,0,0,"2025-01-10 09:02:01",@medinarbaay1281,"Part 3 belum ya",0,,
UgwE1h6MP5P712IySSJ4AaABAg,0,0,"2025-01-10 08:53:22",@mierna9368,"Benar banget ini film nya",0,,
UgxnUhBJM2odj9h-rVJ4AaABAg,2,0,"2025-01-10 07:57:55",@JannieCalista-y1w,"Kak.. bikin cerita tentang pocong dan Kunti lagi donk...",0,,
UgxnUhBJM2odj9h-rVJ4AaABAg.AD6J8OsR1LIAD6JcQ7dwRL,,1,"2025-01-10 08:02:09",@RizkyRiplay,"Terimakasih sob udah request, banyak juga ya yang kangen sama setan di kampung hantu yaa ternyata",1,UgxnUhBJM2odj9h-rVJ4AaABAg,@JannieCalista-y1w
UgxnUhBJM2odj9h-rVJ4AaABAg.AD6J8OsR1LIAD9gPnUmxh1,,0,"2025-01-11 15:27:44",@JannieCalista-y1w,"@RizkyRiplay  gasss kakk",1,UgxnUhBJM2odj9h-rVJ4AaABAg,@JannieCalista-y1w
UgyXt2MYCZfX4f1quHF4AaABAg,1,1,"2025-01-10 07:13:52",@razifazhar2467,"Maaf ya bang telat soalnya gak ada internet",0,,
UgyXt2MYCZfX4f1quHF4AaABAg.AD6E5imobZZAD6ICNLI4sT,,0,"2025-01-10 07:49:43",@RizkyRiplay,"Gapapa sob yang penting nonton",1,UgyXt2MYCZfX4f1quHF4AaABAg,@razifazhar2467
Ugy4Fo77OluqpyWqzWZ4AaABAg,2,11,"2025-01-10 07:01:42",@myadreenachannel6188,"Yg nonton nya telat ngumpul",0,,
Ugy4Fo77OluqpyWqzWZ4AaABAg.AD6ChgH2QGiAD6IdhFhoRW,,2,"2025-01-10 07:53:36",@RizkyRiplay,"Gapapa sob yang penting nonton",1,Ugy4Fo77OluqpyWqzWZ4AaABAg,@myadreenachannel6188
Ugy4Fo77OluqpyWqzWZ4AaABAg.AD6ChgH2QGiADk3WvZPO0V,,0,"2025-01-26 03:50:19",@Safaanahal-aqilah,Sama😅😅,1,Ugy4Fo77OluqpyWqzWZ4AaABAg,@myadreenachannel6188
UgxrebzsVrhsJqcAzXp4AaABAg,2,0,"2025-01-10 06:58:42",@KenliungChai,"Gak susah ya bang bikin animasi itu apalagi per Minggu",0,,
UgxrebzsVrhsJqcAzXp4AaABAg.AD6CMfuUzYyAD6FBIeJt18,,0,"2025-01-10 07:23:22",@arisadianto9898,"Ya kan ini team jadi wajar bisa cepet",1,UgxrebzsVrhsJqcAzXp4AaABAg,@KenliungChai
UgxrebzsVrhsJqcAzXp4AaABAg.AD6CMfuUzYyAD6InTDcBcR,,1,"2025-01-10 07:54:55",@RizkyRiplay,"Susah banget sob buatnya, 1 video pendek gini aja bisa 1 bulan pengerjaannya",1,UgxrebzsVrhsJqcAzXp4AaABAg,@KenliungChai
UgyVkBfTGo62gNNNyHN4AaABAg,2,1,"2025-01-10 06:47:20",@roror_cs,"Polisi nya berdasarkan kisah nyata di konoha, pas bos nya udh mati polisinya baru bertindak😂😂",0,,
UgyVkBfTGo62gNNNyHN4AaABAg.AD6B3QVfIYoAD6IssP6qqq,,1,"2025-01-10 07:55:40",@RizkyRiplay,"Semoga ada pembelajaran yang bisa diambil dari cerita di atas ya sob",1,UgyVkBfTGo62gNNNyHN4AaABAg,@roror_cs
UgyVkBfTGo62gNNNyHN4AaABAg.AD6B3QVfIYoAD6X60rUy0P,,1,"2025-01-10 09:59:56",@roror_cs,"@RizkyRiplay  iya min🗿",1,UgyVkBfTGo62gNNNyHN4AaABAg,@roror_cs
UgzGGhWObsL1M5VvMX14AaABAg,1,0,"2025-01-10 06:40:13",@MYANCVBB,"Seru banget.Grafik nya makin lama makin bagus!",0,,
UgzGGhWObsL1M5VvMX14AaABAg.AD6AFF9GL_SAD6J2xW9vK-,,0,"2025-01-10 07:57:11",@RizkyRiplay,"Terimakasih sob atas supportnya, seneng dehh dengernya hehhe",1,UgzGGhWObsL1M5VvMX14AaABAg,@MYANCVBB
Ugw_1rIc7nzILp7OPHh4AaABAg,1,0,"2025-01-10 06:39:01",@ravenclawwitch2005,"Telat 2 hari gak ngaruh",0,,
Ugw_1rIc7nzILp7OPHh4AaABAg.AD6A6RM5UeLAD6J9sWOxYK,,1,"2025-01-10 07:58:07",@RizkyRiplay,"Gapapa sihh sob yang penting nonton hehehe",1,Ugw_1rIc7nzILp7OPHh4AaABAg,@ravenclawwitch2005
UgxhXX9MSpJx7Tdplch4AaABAg,1,0,"2025-01-10 06:28:52",@sofiiana9682,"Kk ku 1""nya kecanduan judi online,smga dia cpt sadar atas permainan yg dia mainin slma ini. Dan menyadarkan ssorng yg sdH kecanduan itu susah.",0,,
UgxhXX9MSpJx7Tdplch4AaABAg.AD68xD-HTqMAD6JL5fTJun,,0,"2025-01-10 07:59:39",@RizkyRiplay,"Terimakasih sob udah mau sharing, semoga cepet sadar ya biar ga tambah terjerumus. Sukses terus sob",1,UgxhXX9MSpJx7Tdplch4AaABAg,@sofiiana9682
UgzvrLtEZPrHU99KwOh4AaABAg,1,1,"2025-01-10 06:28:25",@laww_1-j8l,"Rizky riplay emg seru, dan hebat, trus bikin video nya juga bagus kayak yg asli gitu, trus ini juga bisa jadi untuk pembelajaran kita yak, dan jangan sampai kita kejalan yg tidak bagus, yak, trimakasih yg udah baca sampai akhir ❤",0,,
UgzvrLtEZPrHU99KwOh4AaABAg.AD68tp32EVfAD6JWHNFknp,,0,"2025-01-10 08:01:11",@RizkyRiplay,"Terimakasih atas supportnya sob, semoga ada pembelajaran yang bisa di ambil hehehe",1,UgzvrLtEZPrHU99KwOh4AaABAg,@laww_1-j8l
UgwX_woceMfFEvZW_394AaABAg,1,0,"2025-01-10 06:00:16",@alresha-n2b,"film favorit pas lagi makan😋😋😉",0,,
UgwX_woceMfFEvZW_394AaABAg.AD65fdpIw5rAD6K8tu5WRt,,0,"2025-01-10 08:06:44",@RizkyRiplay,"Terimakasih sob, sama kaya mimin nihh kalau makan pasti harus sambil nonton film",1,UgwX_woceMfFEvZW_394AaABAg,@alresha-n2b
UgxxFoxt5JsHI3Yfx-B4AaABAg,1,1,"2025-01-10 05:30:49",@Noviaazahra29,"Wkwkwk seru banget 🎉🎉",0,,
UgxxFoxt5JsHI3Yfx-B4AaABAg.AD62J1bESqfAD6KM915lkK,,0,"2025-01-10 08:08:32",@RizkyRiplay,"Terimakasih telah menonton",1,UgxxFoxt5JsHI3Yfx-B4AaABAg,@Noviaazahra29
UgyUHJdRwtkBRp2pohR4AaABAg,1,1,"2025-01-10 04:49:32",@ayyuu01,"Pngn liat hntu hantu Indonesia lgi",0,,
UgyUHJdRwtkBRp2pohR4AaABAg.AD5y_dhI3p_AD5yqS-uPuJ,,0,"2025-01-10 04:51:50",@RizkyRiplay,"Cerita pocong oplas itu hantu dari indonesia sob",1,UgyUHJdRwtkBRp2pohR4AaABAg,@ayyuu01
Ugyd_d1zGvbiyslj76d4AaABAg,1,0,"2025-01-10 04:30:21",@Erikawhys,"Ini fakta lo judo emang udah dsetting , awal2 menang, akhirnya kalah😅 itulah permainan bandar",0,,
Ugyd_d1zGvbiyslj76d4AaABAg.AD5wO3d2-F7AD5x_EyhZVx,,0,"2025-01-10 04:40:45",@RizkyRiplay,"Yupp bener banget sob, jangan pernah sentuh judol dehh",1,Ugyd_d1zGvbiyslj76d4AaABAg,@Erikawhys
UgwnPxQIJdRwDmgaNy54AaABAg,1,1,"2025-01-10 04:28:22",@arsadanurwenda8811,"salut sama Rizky Riplay😊😊🙏🙏 terus semangat 🔥🔥💯",0,,
UgwnPxQIJdRwDmgaNy54AaABAg.AD5w9bwAHrmAD5xajVSyGe,,0,"2025-01-10 04:40:57",@RizkyRiplay,"Terimakasih sob udah di semangatin hehehe",1,UgwnPxQIJdRwDmgaNy54AaABAg,@arsadanurwenda8811
Ugw1JMn91KpkGD_4u6h4AaABAg,1,0,"2025-01-10 04:09:53",@DilaFadilah-b4g,"Nonton ini eh tiba²dipertengahan ada iklan pinjol😭",0,,
Ugw1JMn91KpkGD_4u6h4AaABAg.AD5u2F0-M2jAD5xq7mgfyn,,1,"2025-01-10 04:43:03",@RizkyRiplay,"Waduhhh jangan coba coba ya tapi sob",1,Ugw1JMn91KpkGD_4u6h4AaABAg,@DilaFadilah-b4g
UgwnGzfoc-L6YNyMVkx4AaABAg,1,1,"2025-01-10 03:55:23",@MayangPrastati,"kita belajar untuk kisah ini agar tidak main judol dan pinjol karena kita tak tau akibanya nanti di akhirat😢😢😢😢",0,,
UgwnGzfoc-L6YNyMVkx4AaABAg.AD5sO03AAhoAD5xHM7J-6p,,0,"2025-01-10 04:38:10",@RizkyRiplay,"Yupp bener banget, jangn coba coba main judol ya sob sama pinjol",1,UgwnGzfoc-L6YNyMVkx4AaABAg,@MayangPrastati
UgyjePd-bZ6wEJx6smF4AaABAg,1,0,"2025-01-10 03:38:27",@VanaceceCece,"Bagus bikin film judol begini supaya menyinggung orang2 yg tukang main judi, dorang pikir judi itu bisa bikin kaya cuman bikin hidup susah bikin malas orang kerja, suda tau miskin bapinjol main lagi judi bukanx kerja cari uang halal 😌",0,,
UgyjePd-bZ6wEJx6smF4AaABAg.AD5qRyfWHp_AD5xV3Ig-jV,,0,"2025-01-10 04:40:02",@RizkyRiplay,"Semoga ada pembelajaran yang bisa diambil dari cerita di atas ya sob",1,UgyjePd-bZ6wEJx6smF4AaABAg,@VanaceceCece
UgwLJ5qgX35a3ZyGKDV4AaABAg,0,0,"2025-01-10 03:24:01",@SalomoSami-h4z,"Agus fire",0,,
UgzzQ6Xha_h2nroHvCB4AaABAg,1,0,"2025-01-10 03:19:49",@fitrianisari6422,"Time gercep nih😂😂😂",0,,
UgzzQ6Xha_h2nroHvCB4AaABAg.AD5oJVWtd2rAD5yCDeLrZm,,0,"2025-01-10 04:46:12",@RizkyRiplay,"Terimakasih telah menonton",1,UgzzQ6Xha_h2nroHvCB4AaABAg,@fitrianisari6422
Ugy3gd0rPATPQoE3mmt4AaABAg,1,0,"2025-01-10 01:59:47",@vinsensiasefa3248,"Alur cerita dan grafisnya makin keren. Semangat team Rizky Replay, sukses slalu🎉",0,,
Ugy3gd0rPATPQoE3mmt4AaABAg.AD5f9H_A6eiAD5yGNy29Yj,,0,"2025-01-10 04:46:46",@RizkyRiplay,"Terimakasih ya sob sudah support kami, jadi semangat buat bikin video lagi nihh",1,Ugy3gd0rPATPQoE3mmt4AaABAg,@vinsensiasefa3248
Ugxf3AsbT71S-aEqZp14AaABAg,1,0,"2025-01-10 01:29:27",@Nisariko,"Sayangnya ini cuma fiksi coba nyata",0,,
Ugxf3AsbT71S-aEqZp14AaABAg.AD5bg72Tol2AD5yMaZQqIY,,0,"2025-01-10 04:47:37",@RizkyRiplay,"Waduhh kasian dong yang jadi yura sama keponakannya",1,Ugxf3AsbT71S-aEqZp14AaABAg,@Nisariko
UgwoqtiS4in43F9A9yN4AaABAg,1,0,"2025-01-10 00:19:50",@Szuintesha,"SEMANGAT RIZKY RIPLAY 🎉🎉❤❤❤",0,,
UgwoqtiS4in43F9A9yN4AaABAg.AD5UiKJuX7cAD5yi2nSR9b,,0,"2025-01-10 04:50:41",@RizkyRiplay,"Terimakasih atas supportnya",1,UgwoqtiS4in43F9A9yN4AaABAg,@Szuintesha
UgzC0bW9M_5FSd4fW3Z4AaABAg,0,0,"2025-01-09 23:26:25",@AldiSyaputra-k3d,😮,0,,
Ugz-1aCm90XlnyNdF394AaABAg,1,0,"2025-01-09 22:50:41",@chelyy407,"hadir lagi",0,,
Ugz-1aCm90XlnyNdF394AaABAg.AD5KWJa9pNyAD5ym6lshwU,,0,"2025-01-10 04:51:14",@RizkyRiplay,"Haloo sob",1,Ugz-1aCm90XlnyNdF394AaABAg,@chelyy407
Ugydslog2gzeEMMyUbh4AaABAg,1,0,"2025-01-09 22:36:31",@Nadinemutiara-x7h,"Ka risky nanti bikin film lagi donk tapi yg ga ada part nya plis😅",0,,
Ugydslog2gzeEMMyUbh4AaABAg.AD5ItXfq79-AD5z1Q-1foF,,0,"2025-01-10 04:53:28",@RizkyRiplay,"Hahaha pasti ga sabar nihh nunggu part selanjutnya",1,Ugydslog2gzeEMMyUbh4AaABAg,@Nadinemutiara-x7h
UgxwGdg515UNOhBnyUV4AaABAg,0,0,"2025-01-09 17:04:17",@AliyaIndo-k2v,Kasian,0,,
UgyOTmVTOoKWIY5qZfZ4AaABAg,1,2,"2025-01-09 16:29:00",@RiskaPratiwi-gc6hs,"aq penonton setia Rizky Riplay tapi gak pernah coment😂 sukses terus ya kak❤",0,,
UgyOTmVTOoKWIY5qZfZ4AaABAg.AD4dppN6xZuAD6L-kmy06N,,0,"2025-01-10 08:14:13",@RizkyRiplay,"Wah makasih ya sob, setia banget nih haha",1,UgyOTmVTOoKWIY5qZfZ4AaABAg,@RiskaPratiwi-gc6hs
Ugx55eDKmyqi4iA799Z4AaABAg,0,0,"2025-01-09 15:58:01",@LaurensiaaImanuela,wih,0,,
UgxKjwfd43Ym8ComStp4AaABAg,1,9,"2025-01-09 15:33:18",@seo9916,"Ya allah min nungguin part ini dari saya hamil sampe ngelahirin kemaren senin😭😭",0,,
UgxKjwfd43Ym8ComStp4AaABAg.AD4YSoFFLPNAExg-wT9Njb,,0,"2025-02-25 07:16:52",@awaludinguciano8637,😂😂,1,UgxKjwfd43Ym8ComStp4AaABAg,@seo9916
Ugx__c-Y2-BnR6HFCYJ4AaABAg,0,0,"2025-01-09 14:56:47",@nurulkhoiriyah590,Gerceepp,0,,
Ugy3wj7EqlecmuSSO694AaABAg,1,1,"2025-01-09 14:46:55",@Official.Gamingtv,"Mana komentar judol yg sering nongol? Knp menghilang dari lane ya!!😂",0,,
Ugy3wj7EqlecmuSSO694AaABAg.AD4T99zcTWxAD4VQJ3HANr,,0,"2025-01-09 15:06:44",@Absurdmemehub,"karna ini cerita nya mirip sama tehnik judol mereka ketahuan deh 😂",1,Ugy3wj7EqlecmuSSO694AaABAg,@Official.Gamingtv
UgxSOG5RfjanUiaOTXF4AaABAg,0,0,"2025-01-09 14:09:08",@tesamariyana9584,"Tim dirumah makan apapun harus yutuban😂",0,,
UgyyqTRP-owJZkCe35d4AaABAg,0,0,"2025-01-09 14:08:12",@Hamidahchanel212,"Mantap cerita ny ❤❤",0,,
UgzwNktgOAV-aonPm2R4AaABAg,0,3,"2025-01-09 13:22:39",@Paguhh,"Aku sampe di tegur di kantor karena sering nonton ch ini pas jam istirahat 😂😂😂 temen kantor pada penasaran eh jd ikutan nobar",0,,
Ugx54PmdONZ2goQz8zZ4AaABAg,0,1,"2025-01-09 13:11:27",@Zainab.Dzunnurain,"Gak sabar nungguin. Kisah bos rental mobil. Yang di tembak.",0,,
UgyKPrFARCYkb_MQhXN4AaABAg,0,0,"2025-01-09 13:02:20",@rakagedelchannel683,"Hadir bang🎉",0,,
UgwHVdMHKC1e5KRGcCd4AaABAg,1,1,"2025-01-09 12:44:23",@Aida2856.,"bang Rizky yang pacarnya psikopat ada lanjutannya gak?😅",0,,
UgwHVdMHKC1e5KRGcCd4AaABAg.AD4F7fax2aAAD4Fkckdxi5,,0,"2025-01-09 12:49:51",@soour,"ASLI BANG @RizkyRiplay aku dah nunggu2",1,UgwHVdMHKC1e5KRGcCd4AaABAg,@Aida2856.
UgzHJVGjf4ktPAlDfeR4AaABAg,0,0,"2025-01-09 12:39:28",@tikiTiki-y2x,Seru,0,,
UgxixtHxdPftvSfFkLF4AaABAg,0,0,"2025-01-09 12:37:02",@debrian015,"Cihuyyyyyyyyyyyyyyyyyyyyyyyy 7:46 💖💖💖💖💖 8:09",0,,
UgwBWHU1tic9Eomu7GV4AaABAg,45,1057,"2025-01-09 12:35:06",@gargoyle396,"Kerja jd penyelidik kriminal tp pake aksesoris pribadi yg ada fotonya, ceroboh sih kata gw teh wkwk, sia2 tinggal terpencil.",0,,
UgwBWHU1tic9Eomu7GV4AaABAg.AD4E3bA0KOAADE6XPAX1BT,,12,"2025-01-13 08:41:40",@FitriNuraini-ts5hn,😊,1,UgwBWHU1tic9Eomu7GV4AaABAg,@gargoyle396
UgwBWHU1tic9Eomu7GV4AaABAg.AD4E3bA0KOAADH69UbsBI9,,25,"2025-01-14 12:36:07",@TheCandu2011,Kenangan,1,UgwBWHU1tic9Eomu7GV4AaABAg,@gargoyle396
UgwBWHU1tic9Eomu7GV4AaABAg.AD4E3bA0KOAADHNW_UXdct,,1,"2025-01-14 15:07:49",@shenilatifah9533,"Sumpah bodoh bgt biar apa bwa2 liontin isinya foto sendiri 😢😢😢",1,UgwBWHU1tic9Eomu7GV4AaABAg,@gargoyle396
UgwBWHU1tic9Eomu7GV4AaABAg.AD4E3bA0KOAADJTjflwXzd,,15,"2025-01-15 10:40:39",@clarissadmoza,"onyon emgg",1,UgwBWHU1tic9Eomu7GV4AaABAg,@gargoyle396
UgwBWHU1tic9Eomu7GV4AaABAg.AD4E3bA0KOAADO4B1nYb4k,,21,"2025-01-17 05:33:32",@rido2373,"​@TheCandu2011 EMG penting dibawa bawa ?",1,UgwBWHU1tic9Eomu7GV4AaABAg,@gargoyle396
UgwBWHU1tic9Eomu7GV4AaABAg.AD4E3bA0KOAADQBAoP0fUD,,24,"2025-01-18 01:13:09",@Uttaaaa,"Nonton berita aja noh biar serius 😂",1,UgwBWHU1tic9Eomu7GV4AaABAg,@gargoyle396
UgwBWHU1tic9Eomu7GV4AaABAg.AD4E3bA0KOAADQCCDt3v9g,,42,"2025-01-18 01:22:05",@gargoyle396,"@Uttaaaa Emg salah kl org mengkritisi cerita?? Kocak lu",1,UgwBWHU1tic9Eomu7GV4AaABAg,@gargoyle396
UgwBWHU1tic9Eomu7GV4AaABAg.AD4E3bA0KOAADQC_OSl7fj,,0,"2025-01-18 01:25:23",@Uttaaaa,"@gargoyle396 kaku amat idup lu, yg di kritis serius animasi lucu lu 🤣",1,UgwBWHU1tic9Eomu7GV4AaABAg,@gargoyle396
UgwBWHU1tic9Eomu7GV4AaABAg.AD4E3bA0KOAADQRpz6xqts,,64,"2025-01-18 03:38:43",@Julianto-e2l,"Hebatnya lagi bos pinjol bisa tahu letak rumah si jurnalis cuma sekedar liat foto doang wkwk",1,UgwBWHU1tic9Eomu7GV4AaABAg,@gargoyle396
UgwBWHU1tic9Eomu7GV4AaABAg.AD4E3bA0KOAADQWWGK-nkv,,28,"2025-01-18 04:19:35",@NotYourBoo-33,"​@Julianto-e2lpake intel, makanya ketemu",1,UgwBWHU1tic9Eomu7GV4AaABAg,@gargoyle396
UgwBWHU1tic9Eomu7GV4AaABAg.AD4E3bA0KOAADQbbu4S1o2,,17,"2025-01-18 05:12:55",@Uttaaaa,"@gargoyle396 sedih bngt hidup lu, sampai animasi di bawa serius 🤣",1,UgwBWHU1tic9Eomu7GV4AaABAg,@gargoyle396
UgwBWHU1tic9Eomu7GV4AaABAg.AD4E3bA0KOAADQgMzoL6fJ,,14,"2025-01-18 05:54:26",@gargoyle396,"@Uttaaaa animasi ceritanya dr kisah nyata bukan?? ciri2 brainrot nonton doang ga dicerna chuakss",1,UgwBWHU1tic9Eomu7GV4AaABAg,@gargoyle396
UgwBWHU1tic9Eomu7GV4AaABAg.AD4E3bA0KOAADQnyC7faOI,,10,"2025-01-18 07:00:49",@Uttaaaa,"@gargoyle396 lalu apa beda berita sama animasi? ya ga ada lah buat orang yg hidup nya cuma jadi beban dengan penuh tekanan 🤣",1,UgwBWHU1tic9Eomu7GV4AaABAg,@gargoyle396
UgwBWHU1tic9Eomu7GV4AaABAg.AD4E3bA0KOAADQo45w6zXC,,12,"2025-01-18 07:01:46",@Uttaaaa,"@gargoyle396 membedakan hiburan pun tak bisa, miris sekali hidup lu wkwk",1,UgwBWHU1tic9Eomu7GV4AaABAg,@gargoyle396
UgwBWHU1tic9Eomu7GV4AaABAg.AD4E3bA0KOAADd698cjgPz,,0,"2025-01-23 10:58:36",@KENFI12,"namanya juga sinetron",1,UgwBWHU1tic9Eomu7GV4AaABAg,@gargoyle396
UgwBWHU1tic9Eomu7GV4AaABAg.AD4E3bA0KOAADiuryrIAvX,,4,"2025-01-25 17:06:43",@KikiMbaeh,"Betul bang yang lain ngga bisa bedain hiburan sama cerita nyata ​@Uttaaaa",1,UgwBWHU1tic9Eomu7GV4AaABAg,@gargoyle396
UgwBWHU1tic9Eomu7GV4AaABAg.AD4E3bA0KOAADiv1SnA0e2,,0,"2025-01-25 17:08:08",@KikiMbaeh,"​@Suuuu12342namanya juga animasi cil bocil ep ep",1,UgwBWHU1tic9Eomu7GV4AaABAg,@gargoyle396
UgwBWHU1tic9Eomu7GV4AaABAg.AD4E3bA0KOAADsGUJUCVTf,,0,"2025-01-29 08:17:29",@masiay2006_,"emg lu bisa? 😂😂😂😂😂😂😂",1,UgwBWHU1tic9Eomu7GV4AaABAg,@gargoyle396
UgwBWHU1tic9Eomu7GV4AaABAg.AD4E3bA0KOAAEEq0YV0nzf,,2,"2025-02-07 11:59:16",@r0smmmm,"Ah sinetron indosiar juga begitu 😂😂😂😂😂😂​@Uttaaaa",1,UgwBWHU1tic9Eomu7GV4AaABAg,@gargoyle396
UgwBWHU1tic9Eomu7GV4AaABAg.AD4E3bA0KOAAEEqx2MWj0L,,0,"2025-02-07 12:07:23",@Uttaaaa,"@r0smmmm oh acara pembodohan berkedok kisah nyata itu? Gw sih gak mau nonton wkwk",1,UgwBWHU1tic9Eomu7GV4AaABAg,@gargoyle396
UgwBWHU1tic9Eomu7GV4AaABAg.AD4E3bA0KOAAEEs52vl4-Q,,0,"2025-02-07 12:17:21",@r0smmmm,"@Uttaaaa  aku juga gak sudi nonton 😂😂, cuma disini aku memberi contoh, yg diatas itu komen menyelidiki sesuatu kok bawa barang pribadi, Dan saya jwb, sama kaya sinetron indosiar",1,UgwBWHU1tic9Eomu7GV4AaABAg,@gargoyle396
UgwBWHU1tic9Eomu7GV4AaABAg.AD4E3bA0KOAAEEvf3dCt9s,,3,"2025-02-07 12:48:37",@Uttaaaa,"@r0smmmm  itulah namanya tontonan hiburan, namun yg punya komen ini pake logika nonton nya kaya emak2 yg kesal sama sinetron wkwk",1,UgwBWHU1tic9Eomu7GV4AaABAg,@gargoyle396
UgwBWHU1tic9Eomu7GV4AaABAg.AD4E3bA0KOAAH2KId55O44,,0,"2025-04-18 04:56:40",@MamahMah-b8m,"Namanya juga film kocak 😂😂",1,UgwBWHU1tic9Eomu7GV4AaABAg,@gargoyle396
UgwBWHU1tic9Eomu7GV4AaABAg.AD4E3bA0KOAAH78e-xMLOa,,3,"2025-04-20 01:51:04",@AsihAsihh-t1t,"Nama nya filim kartun",1,UgwBWHU1tic9Eomu7GV4AaABAg,@gargoyle396
UgwBWHU1tic9Eomu7GV4AaABAg.AD4E3bA0KOAAIDKMcJkb1L,,0,"2025-05-17 08:00:15",@SriwlnWlndri,"nonton di tv aj biar serius hidup mu",1,UgwBWHU1tic9Eomu7GV4AaABAg,@gargoyle396
UgwBWHU1tic9Eomu7GV4AaABAg.AD4E3bA0KOAAIh3mSnPg8l,,1,"2025-05-29 06:31:49",@seynatakeylafajarina,"yeu kocak😂namanya juga animasi lol",1,UgwBWHU1tic9Eomu7GV4AaABAg,@gargoyle396
UgwBWHU1tic9Eomu7GV4AaABAg.AD4E3bA0KOAAJISeu_Ntff,,0,"2025-06-13 04:20:23",@SapaRidah-kz7wi,"Lah namnya aja drama, kan tujuan dari dia pake klaung itu, sebagi petunjuk,, dari klaung itu dia ditangkap,, dan di bunuh, gimana sih,, apa yh di pake,, dan apa yg dilakukan ya sesuai alur cerita dong",1,UgwBWHU1tic9Eomu7GV4AaABAg,@gargoyle396
UgwBWHU1tic9Eomu7GV4AaABAg.AD4E3bA0KOAAJISrYBDw7u,,0,"2025-06-13 04:22:07",@SapaRidah-kz7wi,"Kalau seandainya dia gg pake klaung + foto dia,, gimana cara si penjahat dapat info😅",1,UgwBWHU1tic9Eomu7GV4AaABAg,@gargoyle396
UgwBWHU1tic9Eomu7GV4AaABAg.AD4E3bA0KOAAJISwA3TsRF,,12,"2025-06-13 04:22:45",@SapaRidah-kz7wi,"​@Julianto-e2lyaelah, padahal udh jelas si bos judi sewa org Untuk cari info, hadeh,,,",1,UgwBWHU1tic9Eomu7GV4AaABAg,@gargoyle396
UgwBWHU1tic9Eomu7GV4AaABAg.AD4E3bA0KOAAK-Y-zxMqHf,,1,"2025-06-30 16:32:55",@Uttaaaa,"​@wolpiibin brarti gw jg bebas dong beropini soal komentar dia yg konyol itu, klo baperan dikomentarin gausah komen",1,UgwBWHU1tic9Eomu7GV4AaABAg,@gargoyle396
UgwBWHU1tic9Eomu7GV4AaABAg.AD4E3bA0KOAAKTtIhiknE6,,1,"2025-07-12 11:24:56",@ryuzaaaaaa,"@gargoyle396 hidup lu serius amat bro",1,UgwBWHU1tic9Eomu7GV4AaABAg,@gargoyle396
UgwBWHU1tic9Eomu7GV4AaABAg.AD4E3bA0KOAAKYyCEF8ZTU,,3,"2025-07-14 10:43:56",@firlimuliani6473,"Dia nyewa lah kocak​@Julianto-e2l",1,UgwBWHU1tic9Eomu7GV4AaABAg,@gargoyle396
UgwBWHU1tic9Eomu7GV4AaABAg.AD4E3bA0KOAAKYyHCnhklz,,0,"2025-07-14 10:44:37",@firlimuliani6473,"​@gargoyle396Manusia aja kadang kelupaan dan cerobah jadi kalau di animasi kek gitu yah wajar malah lebih realistis",1,UgwBWHU1tic9Eomu7GV4AaABAg,@gargoyle396
UgwBWHU1tic9Eomu7GV4AaABAg.AD4E3bA0KOAAKYyLRFJIri,,0,"2025-07-14 10:45:12",@firlimuliani6473,"​@r0smmmmyah lu oon berarti, kayak lu gak pernah ceroboh aja padahal itu manusiawi",1,UgwBWHU1tic9Eomu7GV4AaABAg,@gargoyle396
UgwBWHU1tic9Eomu7GV4AaABAg.AD4E3bA0KOAAKucepI-Mt0,,0,"2025-07-23 05:58:16",@abinugraha9535,"Hey bung ini hanya untuk sebuah pembelajaran",1,UgwBWHU1tic9Eomu7GV4AaABAg,@gargoyle396
UgwBWHU1tic9Eomu7GV4AaABAg.AD4E3bA0KOAALdZr5H6mjS,,0,"2025-08-10 11:29:18",@Yudiono-x6z,"nmnya jg animasi oon, serius amat dah😹",1,UgwBWHU1tic9Eomu7GV4AaABAg,@gargoyle396
UgwBWHU1tic9Eomu7GV4AaABAg.AD4E3bA0KOAANKa47txI2_,,0,"2025-09-21 10:17:56",@ImanuelMarpaung-r1v,"Gak usah ribut nyata apa enggak intinya ini menghibur.... Cerita pembelajaran buat kita jangan terjebak pinjol dan judol... Ambil sisi baiknya .. jangan cari cari minus minus nya kesempurnaan cuman milik Allah, susah susah bikin konten animasi menghibur di cari cari minusnya saran kritik membangun boleh tp jangan seakan Ngece ngece buat bahan",1,UgwBWHU1tic9Eomu7GV4AaABAg,@gargoyle396
UgwBWHU1tic9Eomu7GV4AaABAg.AD4E3bA0KOAANRWfKzqp-P,,0,"2025-09-24 02:54:08",@Triadadar,"​@Uttaaaabukan begitu, itu mungkin kritik agar kedepannya bisa memperhatikan hal detail kaya gtu.",1,UgwBWHU1tic9Eomu7GV4AaABAg,@gargoyle396
UgwBWHU1tic9Eomu7GV4AaABAg.AD4E3bA0KOAANS7e5Paof7,,0,"2025-09-24 08:34:45",@Uttaaaa,"​@Triadadar animasi ga wajib atau harus detail realistis, mayoritas audience lebih fokus menikmati hiburannya yg ramah buat semua kalangan terutama bocil sekarang udah megang hp mana sempat perhatiin detil. angka views konten bang rizky sudah cukup membuktikannya.",1,UgwBWHU1tic9Eomu7GV4AaABAg,@gargoyle396
UgwBWHU1tic9Eomu7GV4AaABAg.AD4E3bA0KOAAQsHOms5ZUo,,1,"2025-12-18 11:13:35",@UNKNOWN_DAIGO,"gendeng amat udh tau ketahuan dari foto pas nyewa intel buat nyari tau keberadaan nya kok gendeng kamu@gargoyle396",1,UgwBWHU1tic9Eomu7GV4AaABAg,@gargoyle396
UgwBWHU1tic9Eomu7GV4AaABAg.AD4E3bA0KOAAR3mJ01D65s,,0,"2025-12-23 07:43:18",@Fauzy1515,"namanya juga kartun😅",1,UgwBWHU1tic9Eomu7GV4AaABAg,@gargoyle396
UgwBWHU1tic9Eomu7GV4AaABAg.AD4E3bA0KOAAW_9VxYUgCA,,0,"2026-05-09 04:07:27",@MuhammadFahri-e5s,"Sewa orng lah untuk cari info",1,UgwBWHU1tic9Eomu7GV4AaABAg,@gargoyle396
UgwBWHU1tic9Eomu7GV4AaABAg.AD4E3bA0KOAAWgCx16eMw3,,0,"2026-05-11 21:52:11",@Matkelapak,"Hidup seruis amat. Dikira real. Hadeh. Cuman itu doang di kritik. Bego anying",1,UgwBWHU1tic9Eomu7GV4AaABAg,@gargoyle396
UgwBWHU1tic9Eomu7GV4AaABAg.AD4E3bA0KOAAWlYxDjsoyJ,,0,"2026-05-13 23:40:39",@kriznakenboo8687,"Yo babah",1,UgwBWHU1tic9Eomu7GV4AaABAg,@gargoyle396
UgwBWHU1tic9Eomu7GV4AaABAg.AD4E3bA0KOAAWrxRuOsdSS,,0,"2026-05-16 11:18:53",@Dukunganmu,"​@Julianto-e2lkan ada hakcer untuk malcak keberadaan seseormg",1,UgwBWHU1tic9Eomu7GV4AaABAg,@gargoyle396
UgxMAjkcxFa-wivgyph4AaABAg,0,0,"2025-01-09 12:21:45",@nurhadiyah9151,"Persis cerita keluargaku😢 gara"" pinjol dan judol, rumah tangga ku hampiri hancur",0,,
UgwnUxuDAVhH4ivrjux4AaABAg,0,1,"2025-01-09 12:11:10",@NggaYaya,"Selagi orang jujur di Konoha tdk dpt mengapresiasi Korupsi pinjol judol akan selalu ada",0,,
UgzwEGrdPIG1311OtxN4AaABAg,0,0,"2025-01-09 12:08:01",@zzzppoupez,"diperpanjang dong durasinya",0,,
Ugxq7VzEAMjGePuJjLF4AaABAg,0,0,"2025-01-09 11:50:46",@abzchannel2828,"Tp sayangnya para bandar dan koruptor pada gak takut sama setan/iblis soalnya mereka lha iblis atau setannya 😅😂😅😅😂😅😂",0,,
Ugxn8XUkbQedSDICMrN4AaABAg,0,0,"2025-01-09 11:42:16",@jefriandriani3757,Hadiiir,0,,
Ugwc4WhVEPs2CNarA4h4AaABAg,2,0,"2025-01-09 11:36:41",@sitiainunnisaktribatamai,"Hihi akhirnya upload lagi biasanya ontime nonton semenjak kerja jadi agak lama sedikit ngga ngaruh intinya tetap suka sama animasi nya pak rizky riplay ✨✨",0,,
Ugwc4WhVEPs2CNarA4h4AaABAg.AD47Nqsqh7nAD497L3RVEM,,1,"2025-01-09 11:51:55",@RizkyRiplay,"Terimakasih ya sob, semangat kerja nya!",1,Ugwc4WhVEPs2CNarA4h4AaABAg,@sitiainunnisaktribatamai
Ugwc4WhVEPs2CNarA4h4AaABAg.AD47Nqsqh7nAD4At-2ISZQ,,0,"2025-01-09 12:07:18",@sitiainunnisaktribatamai,"@RizkyRiplay  Siap bang makasihhhh yaaa bang support nya ✨😊",1,Ugwc4WhVEPs2CNarA4h4AaABAg,@sitiainunnisaktribatamai
UgxTdBrZYz9C1ZbTg7p4AaABAg,0,0,"2025-01-09 11:36:00",@DedevRamadhani,"Kalo bisa kasih subsitel kak biar bisa lihat apa yang mereka bicarakan bagi yang tunarungu 😢😢",0,,
Ugx3gtmqGq0Si6xKa_l4AaABAg,0,0,"2025-01-09 11:34:55",@ChacuCu_123,"Sumpah karaktek depkolektor yg banu abu², terlihat ganteng dr belakang pas lg nyenter, beda sm aslinya wkwk",0,,
UgxJg8ggclfjaIyJRvF4AaABAg,0,0,"2025-01-09 11:31:09",@random-r7j,"Telat dikit ga ngaruh",0,,
Ugx9ds4VTTKYEgqU_Xp4AaABAg,0,0,"2025-01-09 11:26:46",@AbdulRaupu-o7p,"baru aja ngefens si yura udah mokad aja",0,,
UgyukJEETJdDAU36trB4AaABAg,0,0,"2025-01-09 11:23:22",@reskikurniati-i5f,"selalu nunggu cerita kak RizkyRiplay😊😊",0,,
UgzPaZ_ss-FasGptgRB4AaABAg,0,0,"2025-01-09 11:22:17",@MyBaby-b3f,"Suara dokter nya candu bangt ❤❤",0,,
UgwdR9l4mCVLss0XuQB4AaABAg,0,0,"2025-01-09 11:22:00",@Aryabegadangmulu,"gw di tipu 😞 padahal statusnya ya terbukti dia kirim uang ke nasabah tapi ada yang janggal nama yeni sering pinjam jadi pinjamnya sehari hari dan ada statusnya sama dengan pinjaman bri dan pinjaman bri itu upload status dia ngirim uangnya 16:45 dan yayasan al-falah 17:18 kan gabisa ambil foto status orang apalagi yayasan pinjol kan captionnya panjang, eh gw tf angsuran 350k soalnya mau pinjam 25 juta eh malah di tipu😞😞 padahal penting banget",0,,
UgwdxAgMfE3R8WOu4MN4AaABAg,0,0,"2025-01-09 11:13:32",@Imaracorner,"Request bikin squid game pasukan si ocong bang😊",0,,
Ugw6Mqdss71MBQx9N3F4AaABAg,0,0,"2025-01-09 11:13:17",@robivanpersie9448,"cewe misterius itu mantan saya",0,,
UgwIZlAOSXg7v0rVxaB4AaABAg,0,0,"2025-01-09 10:45:09",@WiwitSugiati,"Animasi yang kusuka",0,,
UgxnHsHYGAQ24kvbhNh4AaABAg,0,2,"2025-01-09 10:41:58",@KEBONSIPUT,"Maaf bang telat soalnya kemarin tidak ada kuota",0,,
UgzO7NLY4xK8s9NV_294AaABAg,0,0,"2025-01-09 10:38:49",@eriarian7421,"Ayo bikin animasi kasus koropsi sebagai kritik pemerintah Konoha , kasus Agus aja bisa kmren",0,,
UgyFObRqvZd9YwcmAx94AaABAg,0,1,"2025-01-09 10:28:24",@jakaria_21,"Keluarga Tiko yang mengahdapi masalah ekonomi akhirnya mencoba melakukan Pinjaman online (Pinjol). berharap masalah ekonominya selesai malah tambah berat akibat bunga dan denda besar yang dibebankan Pinjol. Keluarga Tiko akhirnya melakukan langkah ekstrim. Apakah pinjol Illegal Pak Karna berhasil dihentikan? Pak Karna pemilik aplikasi Pinjol Illegal ( Pinjaman online ) ekspansi bisnis mengembangkan aplikasi Judol juga ( Judi online ) dengan dua aplikasi tersebut yang diatur sedemikian rupa, mereka berhasil membuat lingkaran setan yang memiskinkan rakyat menengah kebawah menjadi korban pinjol dan korban judol. Suatu hari ada artikel viral yang membongkar bisnis jahat Pak karna, dia tidak terima dan berusaha mmebungkam jurnalis pembuat berita tersebut.",0,,
UgzKODdMB6OSCfNH1hd4AaABAg,0,0,"2025-01-09 10:13:58",@Billa-r1l,"animasinya makin keren bang rizky",0,,
UgxT_4Q7hYuC0u3aI8h4AaABAg,0,0,"2025-01-09 10:05:20",@kakfrankdanlita,"Kalau kalian jadi ditektif jangan tinggal di perumahan terpencil dan sendirian itu malah mencurigakan, lebih baik berbaur sama masyarakat jadi tukang bakso atau tukang cilok , biar gak di intimidasi kayak di video, duh ikut ngeri",0,,
UgxdDQN85UO1WSvZ_2d4AaABAg,0,1,"2025-01-09 10:02:09",@lilysakura12,"Ohh rupanya kak yura tu korban yang pinjam duit tu yaa faham",0,,
Ugx9J6kUrt5XqQqKiTZ4AaABAg,0,0,"2025-01-09 09:57:29",@dsfr15,"Mana nih orang orang bangke yg suka komen promoin judol? Kok ga muncul disini😒",0,,
UgwJk-v59F5lUxSwOw14AaABAg,0,0,"2025-01-09 09:54:46",@azurahidarlisarita2277,"Sampek balik lagi gara² komenan suara dokter yang di ajak nikah 😌",0,,
UgwbN_-Pp3U48rjH80J4AaABAg,0,0,"2025-01-09 09:47:33",@KamiGoroshi-tn2zc,"Gedangan hadir",0,,
UgwLluFV5vdF-zljogR4AaABAg,0,0,"2025-01-09 09:45:40",@roblox-l8r8l,😢😢😅😅😊,0,,
UgwxY8MwSTM7LFBKgRl4AaABAg,1,0,"2025-01-09 09:39:25",@Najmi_Tsaqib,"Next animasi judol, tapi di pelihara aparat, wkwkwk",0,,
UgwxY8MwSTM7LFBKgRl4AaABAg.AD3uxtEagtWAD3vuyRPioH,,0,"2025-01-09 09:47:45",@RizkyRiplay,Waduhhh,1,UgwxY8MwSTM7LFBKgRl4AaABAg,@Najmi_Tsaqib
Ugx3nhat-4h-R4lDEvx4AaABAg,1,1,"2025-01-09 09:27:02",@tiaoktaviani9858,"Pinjol + judol = kehancuran Mending jadi ojol 😀",0,,
Ugx3nhat-4h-R4lDEvx4AaABAg.AD3tYBQ0nfgAD3uIkY3-kn,,1,"2025-01-09 09:33:40",@RizkyRiplay,"Yang penting halal ya sob",1,Ugx3nhat-4h-R4lDEvx4AaABAg,@tiaoktaviani9858
Ugz-QnYPgD3TH3ITFvN4AaABAg,1,0,"2025-01-09 09:23:33",@Noor-z2j3u,"suaraa dokter nyaa ngjak nikah💋💋",0,,
Ugz-QnYPgD3TH3ITFvN4AaABAg.AD3t8k1aGk4AD3uN9FElYu,,0,"2025-01-09 09:34:16",@RizkyRiplay,"Waduh hahahahah",1,Ugz-QnYPgD3TH3ITFvN4AaABAg,@Noor-z2j3u
Ugy1iBEtqS70L5z4YKJ4AaABAg,2,4,"2025-01-09 08:51:13",@sfrdrahman7544,"telattttt 1hariiiii😭😭 gara garaa gdaaa pkett😭",0,,
Ugy1iBEtqS70L5z4YKJ4AaABAg.AD3pRvY1bWEAD3papyKooc,,1,"2025-01-09 08:52:35",@RizkyRiplay,"Gapapa sob yang penting nonton",1,Ugy1iBEtqS70L5z4YKJ4AaABAg,@sfrdrahman7544
Ugy1iBEtqS70L5z4YKJ4AaABAg.AD3pRvY1bWEAD3q5PcYuyz,,0,"2025-01-09 08:56:53",@tomihasani9823,"Sama aku jg baru buka 😅",1,Ugy1iBEtqS70L5z4YKJ4AaABAg,@sfrdrahman7544
UgwPJjEAyp4_s2AFCGh4AaABAg,1,1,"2025-01-09 08:33:39",@Legozstrorzy,"Pasti dijawab terima kasih telah menonton",0,,
UgwPJjEAyp4_s2AFCGh4AaABAg.AD3nREbvnrsAD3neq0zg24,,0,"2025-01-09 08:35:39",@RizkyRiplay,"Hahahahaah bisa bisa nya tau sob",1,UgwPJjEAyp4_s2AFCGh4AaABAg,@Legozstrorzy
Ugw14ZDDUcuMYpJ05C94AaABAg,2,0,"2025-01-09 08:32:34",@ginamasyrik7839,"Team gercep hahaha🎉",0,,
Ugw14ZDDUcuMYpJ05C94AaABAg.AD3nJFnWpQiAD3nfYeKzSa,,1,"2025-01-09 08:35:45",@RizkyRiplay,"Terimakasih telah menonton",1,Ugw14ZDDUcuMYpJ05C94AaABAg,@ginamasyrik7839
Ugw14ZDDUcuMYpJ05C94AaABAg.AD3nJFnWpQiAD3oeIJfGaE,,0,"2025-01-09 08:44:19",@ginamasyrik7839,"@RizkyRiplay  sama sama bang",1,Ugw14ZDDUcuMYpJ05C94AaABAg,@ginamasyrik7839
Ugz9anTLpX3AwaI6wzN4AaABAg,1,1,"2025-01-09 08:19:46",@hattahandsome5291,"Sedihlah kenapa perempuan dan keponakan nya meninggal",0,,
Ugz9anTLpX3AwaI6wzN4AaABAg.AD3lqYEwl8oAD3nkJj28eX,,0,"2025-01-09 08:36:24",@RizkyRiplay,"Nyesek banget sihh sob, padahal kan merekan mereka pembela kebenaran yaa",1,Ugz9anTLpX3AwaI6wzN4AaABAg,@hattahandsome5291
UgyA6nZ1ClN3Do6M4ax4AaABAg,2,8,"2025-01-09 08:08:43",@afiqahKeinarra,"6:23 greget banget sama bos pinjaman online dan judi😡",0,,
UgyA6nZ1ClN3Do6M4ax4AaABAg.AD3k_bWtvNCAD3l2bGHLH7,,8,"2025-01-09 08:12:49",@RizkyRiplay,"Semoga ada pembelajaran yang bisa diambil dari cerita di atas ya sob",1,UgyA6nZ1ClN3Do6M4ax4AaABAg,@afiqahKeinarra
UgyA6nZ1ClN3Do6M4ax4AaABAg.AD3k_bWtvNCAGA8SkGSHgr,,1,"2025-03-27 09:15:43",@Maulana-1ol,😂❤😂❤❤❤❤,1,UgyA6nZ1ClN3Do6M4ax4AaABAg,@afiqahKeinarra
UgweUmRyahrDOhFK8bt4AaABAg,1,1,"2025-01-09 07:53:56",@sheisrosa44_,"nonton terus donggg kalau rizky riplay up vidio🤍🤍",0,,
UgweUmRyahrDOhFK8bt4AaABAg.AD3itM83fIZAD3k54mZaZh,,2,"2025-01-09 08:04:25",@RizkyRiplay,"Terimakasih telah menonton",1,UgweUmRyahrDOhFK8bt4AaABAg,@sheisrosa44_
UgyedhQNv574I0ij48R4AaABAg,1,0,"2025-01-09 07:41:04",@JeskiPutraCh,"fakta uniknya divideo ini ada iklan judolnya 😅",0,,
UgyedhQNv574I0ij48R4AaABAg.AD3hQ7exQeVAD3ikpmDpO7,,0,"2025-01-09 07:52:46",@RizkyRiplay,"Emang iklan nya dimana sob",1,UgyedhQNv574I0ij48R4AaABAg,@JeskiPutraCh
UgxIcADxcUS1ZOGttr14AaABAg,1,1,"2025-01-09 07:32:19",@SuprihatinSuprihatin-s6o,"Kenapa rata rata part 2 hari rabu",0,,
UgxIcADxcUS1ZOGttr14AaABAg.AD3gQ0LsBFyAD3geaIOn3B,,1,"2025-01-09 07:34:27",@RizkyRiplay,"Terimakasih telah menonton",1,UgxIcADxcUS1ZOGttr14AaABAg,@SuprihatinSuprihatin-s6o
UgxApLDXMNLYzPvpPIl4AaABAg,1,1,"2025-01-09 07:32:15",@fispinkk,"Hallo bang rizky 👋🏻👋🏻",0,,
UgxApLDXMNLYzPvpPIl4AaABAg.AD3gPUomiiPAD3hRP0oAkT,,1,"2025-01-09 07:41:15",@RizkyRiplay,"Haloo sob",1,UgxApLDXMNLYzPvpPIl4AaABAg,@fispinkk
UgxW6lTXYg4B4ivDJwd4AaABAg,2,0,"2025-01-09 07:11:37",@suryaradja6639,"Yey yg ku tunggu2 akhirnyaaa",0,,
UgxW6lTXYg4B4ivDJwd4AaABAg.AD3e2LnBgbgAD3hxu1zarh,,0,"2025-01-09 07:45:49",@RizkyRiplay,"Akhirnya tayang juga ya sob",1,UgxW6lTXYg4B4ivDJwd4AaABAg,@suryaradja6639
UgxW6lTXYg4B4ivDJwd4AaABAg.AD3e2LnBgbgAD3ijnuwY0W,,0,"2025-01-09 07:52:38",@suryaradja6639,"@RizkyRiplay  iya 😀😀😀",1,UgxW6lTXYg4B4ivDJwd4AaABAg,@suryaradja6639
Ugx95ok7gJvdirTK9G94AaABAg,2,1,"2025-01-09 07:06:27",@Aqila_Matcha,"Tim telat siapa",0,,
Ugx95ok7gJvdirTK9G94AaABAg.AD3dSZexBXBAD3hykt1r87,,1,"2025-01-09 07:45:56",@RizkyRiplay,"Gapapa sob yang penting nonton",1,Ugx95ok7gJvdirTK9G94AaABAg,@Aqila_Matcha
Ugx95ok7gJvdirTK9G94AaABAg.AD3dSZexBXBAD3ibwrXxoA,,1,"2025-01-09 07:51:34",@Aqila_Matcha,"Bang kemaerin Lho aku lihat channel abang kemarin tapi gak tak lihat",1,Ugx95ok7gJvdirTK9G94AaABAg,@Aqila_Matcha
UgzDo0ul1HyCYNuc76N4AaABAg,1,0,"2025-01-09 07:00:23",@mulyadiaryadi834,"Onde onde onde Mande hadir selalu Mazhe ❤❤❤😂🎉",0,,
UgzDo0ul1HyCYNuc76N4AaABAg.AD3cl5KMnfFAD3ingN3D2T,,0,"2025-01-09 07:53:10",@RizkyRiplay,"Terimakasih telah menonton",1,UgzDo0ul1HyCYNuc76N4AaABAg,@mulyadiaryadi834
Ugx2Bmz9k4jo2mLMqVJ4AaABAg,1,0,"2025-01-09 06:55:35",@naelussasaadah3486,"Wiih keren,makin bagus aja nih gambarnya",0,,
Ugx2Bmz9k4jo2mLMqVJ4AaABAg.AD3cCznN9VeAD3cc4LFYNz,,0,"2025-01-09 06:59:09",@RizkyRiplay,"Terimakasih telah menonton",1,Ugx2Bmz9k4jo2mLMqVJ4AaABAg,@naelussasaadah3486
UgxQI1qq2t3n4sKFhGV4AaABAg,1,0,"2025-01-09 06:47:15",@YasnaMalaika-kp8nh,Rawrrrrr,0,,
UgxQI1qq2t3n4sKFhGV4AaABAg.AD3bFxKR_ZaAD3bqluyK7d,,0,"2025-01-09 06:52:25",@RizkyRiplay,"Terimakasih telah menonton",1,UgxQI1qq2t3n4sKFhGV4AaABAg,@YasnaMalaika-kp8nh
UgwlrVI0lRhBtxi2TDN4AaABAg,1,0,"2025-01-09 06:41:33",@Shellapro,"Makasih ya bang rizky karena bang rizky aku jadi punya channel faforit dan aku kasih tau temenku temenku sukaaaa banget",0,,
UgwlrVI0lRhBtxi2TDN4AaABAg.AD3ab8o1bdqAD3afm_NWg4,,0,"2025-01-09 06:42:11",@RizkyRiplay,"Terimakasih atas supportnya sob",1,UgwlrVI0lRhBtxi2TDN4AaABAg,@Shellapro
UgyzvDOjU3HiDQ4h1cx4AaABAg,1,0,"2025-01-09 06:24:47",@untukth1225,"“Ya Allah, berikan kedamaian, keadilan, dan keringanan kepada masyarakat Gaza dan Palestina.” “Lindungi mereka dari bahaya dan penindasan, dan akhiri penderitaan mereka.” “Ya Allah, kami mendoakan arwah mereka yang kehilangan nyawa di Palestina dan Gaza.” “Berilah mereka rahmat dan ampunan-Mu, dan tinggikan derajat mereka di akhirat.” Bagi mereka yang terluka, kami meminta kesembuhan yang cepat dan menyeluruh. “Hiburkan keluarga dan orang-orang terkasih mereka selama masa-masa sulit ini.” “Ya Allah, permudahlah penyaluran bantuan kemanusiaan dan bantuan kepada mereka yang membutuhkan di Palestina dan Gaza.” “Ya Allah, lindungi anak-anak tak berdosa di Palestina dan Gaza dari bahaya dan ketakutan.” “Ya Allah, ilhami persatuan dan solidaritas di antara masyarakat Palestina dan Gaza. Perkuat ikatan dan tekad mereka dalam menghadapi kesulitan.” “Ya Allah, terimalah permohonan kami dan doa komunitas global untuk kesejahteraan dan kelegaan masyarakat Palestina dan Gaza.” “Ya Allah, kasihanilah jiwa para syuhada di Palestina dan Gaza. Berilah mereka kedudukan yang tinggi di surga dan berikan kenyamanan kepada keluarganya. “Ya Allah, sembuhkan dan berikan kesembuhan yang cepat kepada mereka yang terluka di Palestina dan Gaza. Ringankan rasa sakit dan penderitaan mereka, dan beri mereka kekuatan dan kesabaran.” “Ya Allah, bantulah mereka yang tertindas di Palestina dan Gaza. Akhiri penderitaan mereka dan beri mereka keadilan. Berdayakan mereka dan beri mereka kekuatan untuk menanggung kesulitan ini.” Ya Allah turunkanlah pertolongan-Mu pada mujahidin di Suriah dan libanon Ya Allah turunkanlah pertolongan-Mu pada mujahidin di Palestina Ya Allah turunkanlah pertolongan-Mu pada mujahidin di Irak dan iran Ya Allah turunkanlah pertolongan-Mu pada mujahidin di Afghanistan Ya Allah turunkanlah pertolongan-Mu pada mujahidin di Afrika Ya Allah turunkanlah pertolongan-Mu pada mujahidin di seluruh permukaan bumi ini....aamiin",0,,
UgyzvDOjU3HiDQ4h1cx4AaABAg.AD3ZgLUoT6pAD3_7I7HU0Y,,1,"2025-01-09 06:28:36",@RizkyRiplay,"Semoga ada pembelajaran yang bisa diambil dari cerita di atas ya sob",1,UgyzvDOjU3HiDQ4h1cx4AaABAg,@untukth1225
UgxHfyQexSchtSzg7Gt4AaABAg,1,0,"2025-01-09 06:21:36",@piscesgirl5150,"Telat 1 hariii gppa lahh❤",0,,
UgxHfyQexSchtSzg7Gt4AaABAg.AD3ZK0G3yYXAD3_1rYMUbS,,0,"2025-01-09 06:27:51",@RizkyRiplay,"Gapapa sob yang penting nonton",1,UgxHfyQexSchtSzg7Gt4AaABAg,@piscesgirl5150
UgyfL0Skvo1p9P1h_qZ4AaABAg,1,0,"2025-01-09 06:20:12",@H..Y..I7782,"😭sy jg sdng dlm mslh pinjaman😭,KTP ku di pinjam tetangga buat nyari utangan,tp dia gk tertib angsuran nya alhasil aq jd gk tenang gara²hutang orang krna nagih nya ke sy.😭",0,,
UgyfL0Skvo1p9P1h_qZ4AaABAg.AD3Z9nUC7agAD3ZSBkucqT,,1,"2025-01-09 06:22:43",@RizkyRiplay,"Waduhh kok bisa gitu sob, kok bisa dipinjemin ke tetangga. Semoga ada jalan ya sob, semangat terus ya sob. Terimakasih juga sudah kirim pengalamannya semoga ada pesan yang bisa di ambil dan dijadikan pembelajarn oleh orang banyak",1,UgyfL0Skvo1p9P1h_qZ4AaABAg,@H..Y..I7782
UgyftaSS_W29eFacizl4AaABAg,1,0,"2025-01-09 06:05:00",@WindaAslami,"Lingkaran setan, mirisnya yg judol bnyk org2 dgn lingkar kemiskinan😢",0,,
UgyftaSS_W29eFacizl4AaABAg.AD3XQQyTPQnAD3YrjZMtb7,,0,"2025-01-09 06:17:36",@RizkyRiplay,"Terimakasih telah menonton",1,UgyftaSS_W29eFacizl4AaABAg,@WindaAslami
UgzuZVERuXXd4j6EikF4AaABAg,1,0,"2025-01-09 05:57:37",@ishyadiata.1636,"Hantunya kurang sereemmm",0,,
UgzuZVERuXXd4j6EikF4AaABAg.AD3W_RmWFcdAD3Yw9GkoIz,,0,"2025-01-09 06:18:12",@RizkyRiplay,"Terimakasih atas sarannya",1,UgzuZVERuXXd4j6EikF4AaABAg,@ishyadiata.1636
UgyF4hueGuIH5CCLxWl4AaABAg,1,0,"2025-01-09 05:49:53",@lnqq,"hal terbodoh yang dilakukan manusia, pinjem uang pake pinjol buat main judol😂",0,,
UgyF4hueGuIH5CCLxWl4AaABAg.AD3VglcyovGAD3YzWuOV6b,,0,"2025-01-09 06:18:40",@RizkyRiplay,"Semoga ada pembelajaran yang bisa diambil dari cerita di atas ya sob",1,UgyF4hueGuIH5CCLxWl4AaABAg,@lnqq
Ugym5USi411RiRj8cMh4AaABAg,1,1,"2025-01-09 05:24:12",@BagasAldiansyah-g9y,"Mantaps dong",0,,
Ugym5USi411RiRj8cMh4AaABAg.AD3SkaHGoerAD3ZEWz3WLp,,0,"2025-01-09 06:20:51",@RizkyRiplay,"Terimakasih telah menonton",1,Ugym5USi411RiRj8cMh4AaABAg,@BagasAldiansyah-g9y
UgxogFS9qLj6Tl3znf54AaABAg,0,0,"2025-01-09 05:21:40",@Citato_2026,"contoh nya di kotaku ada temen nya bapak ku hoby judi online terus di tinggalin istri nya dan dia pengen gantung diri tapi ketahuan sama warga",0,,
UgzI1DtRPi-TuRa6ej94AaABAg,1,0,"2025-01-09 05:19:02",@budirifqi7946,"Hore akhirnya lanjut",0,,
UgzI1DtRPi-TuRa6ej94AaABAg.AD3S9plL9xYAD3ZFzk73hS,,0,"2025-01-09 06:21:03",@RizkyRiplay,"Yang di tunggu tunggu ya sob",1,UgzI1DtRPi-TuRa6ej94AaABAg,@budirifqi7946
Ugx7eM-Uekd2w7S87xt4AaABAg,1,0,"2025-01-09 04:58:44",@anugrah-s5p,"Baru nonton gak ngaruh😅",0,,
Ugx7eM-Uekd2w7S87xt4AaABAg.AD3Pq3QqiBIAD3ZkWTYGP_,,0,"2025-01-09 06:25:21",@RizkyRiplay,"Terimakasih telah menonton",1,Ugx7eM-Uekd2w7S87xt4AaABAg,@anugrah-s5p
UgzAbYX2JxF4-i1sXVJ4AaABAg,1,0,"2025-01-09 04:51:34",@awanbiru3916,"nonton sambil nyetrika",0,,
UgzAbYX2JxF4-i1sXVJ4AaABAg.AD3P0bpFX1lAD3_2sCVMm5,,0,"2025-01-09 06:28:00",@RizkyRiplay,"Terimakasih telah menonton",1,UgzAbYX2JxF4-i1sXVJ4AaABAg,@awanbiru3916
UgzbAQ9mn10LoEWfZ8F4AaABAg,1,0,"2025-01-09 04:42:56",@BundaHanif-sc6yc,"Sampai kapanpun judol ini akan terus berkembang meskipun sudah di tuntas habis satu kasus judol, judol lain yang bertindak ibarat mati satu tumbuh seribu begitulah kira-kira pribahasa untuk kasus judol ini, jadi agak susah untuk memusnahkannya mungkin dengan datangnya hari kiamat baru tuh, semua judol musnah sampai ke akar-akarnya",0,,
UgzbAQ9mn10LoEWfZ8F4AaABAg.AD3O1Lu3Oo5AD3O99pW3yb,,1,"2025-01-09 04:44:00",@RizkyRiplay,"Semoga ada pembelajaran yang bisa diambil dari cerita di atas ya sob",1,UgzbAQ9mn10LoEWfZ8F4AaABAg,@BundaHanif-sc6yc
Ugzh7OCFwUfmsWFNiv54AaABAg,2,1,"2025-01-09 04:42:36",@IntanMaulida-u9i,"Dari sekian banyak komentar,apakah pasti disapa😊..",0,,
Ugzh7OCFwUfmsWFNiv54AaABAg.AD3O--H8IVoAD3O9zFCahY,,0,"2025-01-09 04:44:06",@RizkyRiplay,"Haloo sob",1,Ugzh7OCFwUfmsWFNiv54AaABAg,@IntanMaulida-u9i
Ugzh7OCFwUfmsWFNiv54AaABAg.AD3O--H8IVoAD3OZ4aRI9i,,0,"2025-01-09 04:47:32",@IntanMaulida-u9i,"​@RizkyRiplay anjayy gercep bangetttt 😮, suka banget videonya udah ngstand di konten ini selama 5 tahunnn😊",1,Ugzh7OCFwUfmsWFNiv54AaABAg,@IntanMaulida-u9i
UgxQUgru1SXIo-TjLDx4AaABAg,2,0,"2025-01-09 04:37:37",@SOLEHHudin-y4b,"Jadir bang",0,,
UgxQUgru1SXIo-TjLDx4AaABAg.AD3NQVhYB7EAD3NnJHXEFQ,,0,"2025-01-09 04:40:52",@RizkyRiplay,"Terimakasih telah menonton",1,UgxQUgru1SXIo-TjLDx4AaABAg,@SOLEHHudin-y4b
UgxQUgru1SXIo-TjLDx4AaABAg.AD3NQVhYB7EAD3Og7G6n9n,,0,"2025-01-09 04:48:38",@SOLEHHudin-y4b,"@RizkyRiplay  sama"" selalu nonton bang/hadir terus",1,UgxQUgru1SXIo-TjLDx4AaABAg,@SOLEHHudin-y4b
UgxAoMno6zQTdDIcD3d4AaABAg,1,0,"2025-01-09 04:33:59",@Reppkzzz,"gw gercep banget baru buka YouTube udh 700k aja yang nonton 😢",0,,
UgxAoMno6zQTdDIcD3d4AaABAg.AD3N-pii01jAD3Nov_D_Os,,0,"2025-01-09 04:41:06",@RizkyRiplay,"Terimakasih telah menonton",1,UgxAoMno6zQTdDIcD3d4AaABAg,@Reppkzzz
UgwDTpfal6onBuRvYwp4AaABAg,1,0,"2025-01-09 04:27:26",@ayuandriyani2743,"Tapi dalam dunia nyata Sebal dan kesal sama manusia yg bodoh itu. Mereka2 yg tidak berdikir bahwa memutiskan untuk berjudol itu adalah hal yg bodoh dan menghancurkan semuanya.",0,,
UgwDTpfal6onBuRvYwp4AaABAg.AD3MFq45HwbAD3MVPcsBg-,,0,"2025-01-09 04:29:33",@RizkyRiplay,"Semoga ada pembelajaran yang bisa diambil dari cerita di atas ya sob",1,UgwDTpfal6onBuRvYwp4AaABAg,@ayuandriyani2743
Ugxe1t-yvsL7Cdz03Lh4AaABAg,1,0,"2025-01-09 04:04:58",@yunyyuny8916,"Telat dikit..😊",0,,
Ugxe1t-yvsL7Cdz03Lh4AaABAg.AD3JgIYeSamAD3LSEwi028,,0,"2025-01-09 04:20:23",@RizkyRiplay,"Gapapa sob yang penting nonton",1,Ugxe1t-yvsL7Cdz03Lh4AaABAg,@yunyyuny8916
Ugx142NBcbAyqSgl3Zx4AaABAg,1,0,"2025-01-09 04:01:25",@GALANG77777,Gercep,0,,
Ugx142NBcbAyqSgl3Zx4AaABAg.AD3JHFqhWdeAD3JeCgj2mG,,1,"2025-01-09 04:04:41",@RizkyRiplay,"Terimakasih telah menonton",1,Ugx142NBcbAyqSgl3Zx4AaABAg,@GALANG77777
Ugzs4qNa19YnAUO4UIp4AaABAg,1,0,"2025-01-09 03:43:03",@BerlinDayu,"Tiap makan wajib nonton ini wkwk",0,,
Ugzs4qNa19YnAUO4UIp4AaABAg.AD3HAqGQdFQAD3HL9Hb7L8,,0,"2025-01-09 03:44:28",@RizkyRiplay,"Terimakasih telah menonton",1,Ugzs4qNa19YnAUO4UIp4AaABAg,@BerlinDayu
UgyqRAUta1Nhe5rWl2V4AaABAg,1,0,"2025-01-09 03:37:49",@eriscayuliana2187,"sebenernyaaaa kecanduan judol sekasiann ituu yaaaa😭",0,,
UgyqRAUta1Nhe5rWl2V4AaABAg.AD3G_WuJ7TKAD3HNbnzXHW,,0,"2025-01-09 03:44:48",@RizkyRiplay,"Semoga ada pembelajaran yang bisa diambil dari cerita di atas ya sob",1,UgyqRAUta1Nhe5rWl2V4AaABAg,@eriscayuliana2187
UgyVRtlzoU-lZVFnXbV4AaABAg,1,0,"2025-01-09 03:32:50",@BintangPramana-wr2ut,"Lanjutan cewe yandere mana?",0,,
UgyVRtlzoU-lZVFnXbV4AaABAg.AD3G016Xs2WAD3GB8U71mZ,,0,"2025-01-09 03:34:22",@RizkyRiplay,"Ditunggu ya sob, animatornya mau persiapan married dulu soalnya",1,UgyVRtlzoU-lZVFnXbV4AaABAg,@BintangPramana-wr2ut
UgypFlNBqXKU1to71td4AaABAg,1,0,"2025-01-09 02:51:36",@JanuryJanury-s9h,"Sya lbih suka klu crita ini benar benar terjadi di dunia nyta...,",0,,
UgypFlNBqXKU1to71td4AaABAg.AD3BHyO-cfEAD3BxBm0sTE,,0,"2025-01-09 02:57:22",@RizkyRiplay,"Waduhh jangan dong sob, nanti kasian yang jadi yura sama keponakannya",1,UgypFlNBqXKU1to71td4AaABAg,@JanuryJanury-s9h
UgyIPO-XeSgjbKHY8394AaABAg,1,0,"2025-01-09 02:36:09",@tiwwww4317,"Miris tau ada org rela pinjol demi judol itu pikirannya dimana ya",0,,
UgyIPO-XeSgjbKHY8394AaABAg.AD39Wly78ljAD39kF6zD_y,,1,"2025-01-09 02:38:07",@RizkyRiplay,"Semoga ada pembelajaran yang bisa diambil dari cerita di atas ya sob",1,UgyIPO-XeSgjbKHY8394AaABAg,@tiwwww4317
UgzZ-FIlOHSE8kt0tsp4AaABAg,2,0,"2025-01-09 02:27:45",@anthychannel6686,"Lagi nonton ini.. Tiba2 Iklannya yg kluar ttg pinjaman😂",0,,
UgzZ-FIlOHSE8kt0tsp4AaABAg.AD38ZEm_6z_AD39AkttMLL,,0,"2025-01-09 02:33:08",@RizkyRiplay,"Waduhh jangan coba coba ya sob tapi",1,UgzZ-FIlOHSE8kt0tsp4AaABAg,@anthychannel6686
UgzZ-FIlOHSE8kt0tsp4AaABAg.AD38ZEm_6z_AD3AtQpAS60,,0,"2025-01-09 02:48:07",@anthychannel6686,"@RizkyRiplay  Sip Aman Sobat.. Smngat trus semoga sehat selalu agar tetap menyajikan konten2 terbaik dan Menghibur 😇🙏",1,UgzZ-FIlOHSE8kt0tsp4AaABAg,@anthychannel6686
Ugzij9be8_TbeLHnmEd4AaABAg,1,0,"2025-01-09 01:48:32",@sheryn_ch,"puas liat nya",0,,
Ugzij9be8_TbeLHnmEd4AaABAg.AD3441IQLHVAD36PdC3_1D,,1,"2025-01-09 02:08:57",@RizkyRiplay,"Terimakasih telah menonton",1,Ugzij9be8_TbeLHnmEd4AaABAg,@sheryn_ch
UgwmDIdQIKdxkL6QxLR4AaABAg,1,0,"2025-01-09 01:38:17",@sandykurnia99,"Kalah ratusan kali ,tapi dikasih menang 3-4 kali udah bahagia ,bodoh",0,,
UgwmDIdQIKdxkL6QxLR4AaABAg.AD32u-p-xnhAD36Sweh2f9,,0,"2025-01-09 02:09:24",@RizkyRiplay,"Semoga ada pembelajaran yang bisa diambil dari cerita di atas ya sob",1,UgwmDIdQIKdxkL6QxLR4AaABAg,@sandykurnia99
UgzobMsSeQRPP16eDIZ4AaABAg,1,0,"2025-01-09 01:36:14",@anugerahpopana10,"Rasain lu bos judol",0,,
UgzobMsSeQRPP16eDIZ4AaABAg.AD32ew6lNtJAD36dx1MNq0,,0,"2025-01-09 02:11:03",@RizkyRiplay,"Semoga ada pembelajaran yang bisa diambil dari cerita di atas ya sob",1,UgzobMsSeQRPP16eDIZ4AaABAg,@anugerahpopana10
UgyM06wSo-jGhnjjkPB4AaABAg,1,0,"2025-01-09 01:35:25",@JerrySaputra-q7l,"Vidio lawas ni",0,,
UgyM06wSo-jGhnjjkPB4AaABAg.AD32ZyIlGGsAD36hcuVk9j,,0,"2025-01-09 02:11:33",@RizkyRiplay,"Bukan sob ini video baru",1,UgyM06wSo-jGhnjjkPB4AaABAg,@JerrySaputra-q7l
Ugwajz52URYW3n1slfR4AaABAg,0,1,"2025-01-09 01:24:12",@nabilawbiel,p,0,,
Ugzb5suF9LMEme_5yvt4AaABAg,1,0,"2025-01-09 01:23:57",@wisnufrd,"selain tontonan dan hiburan tapi di episode ini juga terdapat banyak pelajaran tentang bahaya judol dan pinjol.. namanya judi kalo kalah jadi penasaran, begitupun menang jadi ketagihan dan membuat kita benar benar terjebak di lingkaran setan",0,,
Ugzb5suF9LMEme_5yvt4AaABAg.AD31Fz3w-1vAD36t6Vgl23,,0,"2025-01-09 02:13:07",@RizkyRiplay,"Semoga ada pembelajaran yang bisa diambil dari cerita di atas ya sob, terimakasih sudah menonton",1,Ugzb5suF9LMEme_5yvt4AaABAg,@wisnufrd
Ugyth3SG2oLJ0W5F3ot4AaABAg,1,1,"2025-01-09 01:03:19",@naliaAna,"Bela belain beli paket untuk nonton RizkyRiplay yg ter baru walau telat 😂😂😂",0,,
Ugyth3SG2oLJ0W5F3ot4AaABAg.AD2ztv9Lm_4AD36zp4HRO-,,1,"2025-01-09 02:14:02",@RizkyRiplay,"Gapapa sob yang penting nonton",1,Ugyth3SG2oLJ0W5F3ot4AaABAg,@naliaAna
UgzFV9f415KMJeCvD-l4AaABAg,1,0,"2025-01-09 00:43:03",@Coba-o4t,"Kerensss bgt pas adegan apinya menyambar di dapur . 🎉🎉🎉🎉🎉 Gok tu the kil Gokilllllllll",0,,
UgzFV9f415KMJeCvD-l4AaABAg.AD2x_R_cyqHAD375hoSqWa,,0,"2025-01-09 02:14:58",@RizkyRiplay,"Terimakasih telah menonton",1,UgzFV9f415KMJeCvD-l4AaABAg,@Coba-o4t
UgzVHwE4GrE_IHZ0w854AaABAg,1,0,"2025-01-09 00:26:31",@MAA-w1l,"Bentuk orang nya tambah bagus, tambah keren ganteng² kaya anime😂❤",0,,
UgzVHwE4GrE_IHZ0w854AaABAg.AD2vgNpYJNGAD37Dfwnh_k,,1,"2025-01-09 02:16:04",@RizkyRiplay,"Terimakasih telah menonton",1,UgzVHwE4GrE_IHZ0w854AaABAg,@MAA-w1l
UgzoHLdVqS1TipvJd6B4AaABAg,1,0,"2025-01-09 00:11:18",@alyakameliafaida7430,"Ayo buat lagi kak rizky",0,,
UgzoHLdVqS1TipvJd6B4AaABAg.AD2twxJXja4AD37Ho7XnLW,,0,"2025-01-09 02:16:38",@RizkyRiplay,"Terimakasih telah menonton, tungguin next cerita dari kita yaa",1,UgzoHLdVqS1TipvJd6B4AaABAg,@alyakameliafaida7430
Ugx8T8umJLuepBKaz3V4AaABAg,2,0,"2025-01-08 23:21:02",@ucaaaaaaaaaa,"jahat bgt bapak"", kasian bgt jurnalisnya 🥺",0,,
Ugx8T8umJLuepBKaz3V4AaABAg.AD2oBk7MoHnAD37gzcfQ31,,0,"2025-01-09 02:20:12",@RizkyRiplay,"Semoga ada pembelajaran yang bisa diambil dari cerita di atas ya sob",1,Ugx8T8umJLuepBKaz3V4AaABAg,@ucaaaaaaaaaa
Ugx8T8umJLuepBKaz3V4AaABAg.AD2oBk7MoHnAD3BKdj9GoY,,0,"2025-01-09 02:51:58",@ucaaaaaaaaaa,"@RizkyRiplay  😘😘😘",1,Ugx8T8umJLuepBKaz3V4AaABAg,@ucaaaaaaaaaa
UgyVRHmFIedCRG4O-Ft4AaABAg,1,0,"2025-01-08 23:15:16",@mutiarasuci-xw4mp,"Pw bngt pagi pagi hujan trus rebahan selimutan sambil nonton rizky riplayy nikmat Tuhan mana lagi yang kau dustakan😭",0,,
UgyVRHmFIedCRG4O-Ft4AaABAg.AD2nXSmcrKgAD37pLfxa79,,0,"2025-01-09 02:21:20",@RizkyRiplay,"Terimakasih telah menonton",1,UgyVRHmFIedCRG4O-Ft4AaABAg,@mutiarasuci-xw4mp
UgxoTPgUww8nImKv9Vd4AaABAg,2,0,"2025-01-08 23:00:23",@Gerga.king8398,"Assalamualaikum, bang semogah sehat sekeluarga dan tiem, salam siraturahim semuanya fans anime indonesia, salam menyimak bang....",0,,
UgxoTPgUww8nImKv9Vd4AaABAg.AD2lpSh6zV4AD37s5BXVlv,,1,"2025-01-09 02:21:43",@RizkyRiplay,"Waalaikusalam sob, terimakasih atas doanya yaa",1,UgxoTPgUww8nImKv9Vd4AaABAg,@Gerga.king8398
UgxoTPgUww8nImKv9Vd4AaABAg.AD2lpSh6zV4AD3ylRX1r97,,0,"2025-01-09 10:12:40",@Gerga.king8398,"@RizkyRiplay  sama2 bang... Salam balik...",1,UgxoTPgUww8nImKv9Vd4AaABAg,@Gerga.king8398
UgyZ56EsIl0BVOurjJV4AaABAg,1,0,"2025-01-08 22:48:54",@RainsaranghaeAbbit,"Terkadang kegembiraan takkan selamanya merasa bahgia..akan ada disuatu saat kekesalan melanda..dan bayangan kegelapan akan sentiasa mendekat..carilah cahaya dimana kita sentiasa menyinari dalam sebuah kesulitan..dan jgn cari yang kesusahan selagi mampu mencari kebenaran 😎",0,,
UgyZ56EsIl0BVOurjJV4AaABAg.AD2kWKZHLpmAD37tD5-Vyu,,0,"2025-01-09 02:21:52",@RizkyRiplay,"Semoga ada pembelajaran yang bisa diambil dari cerita di atas ya sob",1,UgyZ56EsIl0BVOurjJV4AaABAg,@RainsaranghaeAbbit
UgwHKCngPKjz5Y5CxFh4AaABAg,1,2,"2025-01-08 22:45:16",@muhammaddedesahrilkakahmau6050,"SUKSES SEMANGAT SELALU YA BUAT KAKAK RIZKY RIPLAY AAMIN YRA ALLAHUMMA AAMIN",0,,
UgwHKCngPKjz5Y5CxFh4AaABAg.AD2k5kzCs2LAD37ugfFo-5,,1,"2025-01-09 02:22:04",@RizkyRiplay,"Terimakasih atas doanya ya sob",1,UgwHKCngPKjz5Y5CxFh4AaABAg,@muhammaddedesahrilkakahmau6050
UgzioPLfIe3TfLNToep4AaABAg,1,0,"2025-01-08 21:48:32",@aldinoputrapratama30,Keren,0,,
UgzioPLfIe3TfLNToep4AaABAg.AD2dbEasJZnAD384lvIMnV,,0,"2025-01-09 02:23:35",@RizkyRiplay,"Terimakasih telah menonton",1,UgzioPLfIe3TfLNToep4AaABAg,@aldinoputrapratama30
Ugzg7lGZ5zmhY5puHot4AaABAg,1,0,"2025-01-08 20:54:11",@takeshicharlotte7742,"Bisnis judol. Yang ngebekingin kan ....... 😅😅 sudahlah",0,,
Ugzg7lGZ5zmhY5puHot4AaABAg.AD2YOBsXvAVAD385NZ3bbv,,0,"2025-01-09 02:23:40",@RizkyRiplay,"Semoga ada pembelajaran yang bisa diambil dari cerita di atas ya sob",1,Ugzg7lGZ5zmhY5puHot4AaABAg,@takeshicharlotte7742
Ugyzz4LSVsPHwH9wv3x4AaABAg,2,0,"2025-01-08 20:20:46",@Queen-d6s,"Deger pinjol JD emosi..AQ GX pernah pinjam pinjol..tiap hari ditelpon beda beda nomer..AQ wa penipu ngakak dia..sampai sekarang Masi diteror pinjol..nomer nya ratusan..mau ganti nomer ..semua akses nomer itu..KLO nelpon blok",0,,
Ugyzz4LSVsPHwH9wv3x4AaABAg.AD2UZQ5tcCmAD38JP5hXoN,,0,"2025-01-09 02:25:35",@RizkyRiplay,"Semoga ada pembelajaran yang bisa diambil dari cerita di atas ya sob",1,Ugyzz4LSVsPHwH9wv3x4AaABAg,@Queen-d6s
Ugyzz4LSVsPHwH9wv3x4AaABAg.AD2UZQ5tcCmAD3Abds74Nr,,0,"2025-01-09 02:45:41",@Queen-d6s,"@RizkyRiplay  ok bg iky",1,Ugyzz4LSVsPHwH9wv3x4AaABAg,@Queen-d6s
UgwahpjntiLpyq_sWqN4AaABAg,1,0,"2025-01-08 19:51:54",@key26__,"Kalau aku nonton ini berarti sedang makan😂",0,,
UgwahpjntiLpyq_sWqN4AaABAg.AD2RFx7k7l-AD38JvrF_p5,,0,"2025-01-09 02:25:39",@RizkyRiplay,"Terimakasih telah menonton",1,UgwahpjntiLpyq_sWqN4AaABAg,@key26__
UgxjbO_LA_PVYHaYJMt4AaABAg,1,1,"2025-01-08 19:10:06",@HENSHIROSHUTORA,TANTE🗿,0,,
UgxjbO_LA_PVYHaYJMt4AaABAg.AD2MTnmWrdDAD38KIElRgW,,0,"2025-01-09 02:25:42",@RizkyRiplay,"Terimakasih telah menonton",1,UgxjbO_LA_PVYHaYJMt4AaABAg,@HENSHIROSHUTORA
UgxIKxnYspLXXOPeHIR4AaABAg,1,0,"2025-01-08 18:13:26",@satrioAdtya11,"kk rizky, nnti request bikin cerita tentang azab koruptor dan hukum tak sesuai",0,,
UgxIKxnYspLXXOPeHIR4AaABAg.AD2FzqQNkcuAD392yxYN0S,,0,"2025-01-09 02:32:05",@RizkyRiplay,"Terimakasih atas sarannya",1,UgxIKxnYspLXXOPeHIR4AaABAg,@satrioAdtya11
UgxQdaoWlRfKpY3rJ5R4AaABAg,1,1,"2025-01-08 18:13:18",@military1313,"Bg terlalu sadis, adegan anak kecil dan mbak penolong kok bisa di kabar hidup😢😢😢",0,,
UgxQdaoWlRfKpY3rJ5R4AaABAg.AD2FypPRHZRAD395NlEYUV,,0,"2025-01-09 02:32:24",@RizkyRiplay,"Boss judol nya terlalu kejam sob",1,UgxQdaoWlRfKpY3rJ5R4AaABAg,@military1313
UgyV9OhGqt2mXdV6gaF4AaABAg,1,0,"2025-01-08 17:24:42",@tanimulyooppo,"Sesuai realita kk",0,,
UgyV9OhGqt2mXdV6gaF4AaABAg.AD2APr0k2dbAD39CaK64x8,,0,"2025-01-09 02:33:23",@RizkyRiplay,"Terimakasih telah menonton, semoga ada pembelajaran yang bisa diambil dari cerita di atas ya sob",1,UgyV9OhGqt2mXdV6gaF4AaABAg,@tanimulyooppo
UgzedaSYMRxoHH5K9-94AaABAg,1,0,"2025-01-08 17:20:36",@AliaY20,"Min kalau beli baju yang kau jual itu bagaimana ya?",0,,
UgzedaSYMRxoHH5K9-94AaABAg.AD29wrE8xLvAD39EQGlSTs,,0,"2025-01-09 02:33:38",@RizkyRiplay,"Bisa di yt yaa sob hehehe",1,UgzedaSYMRxoHH5K9-94AaABAg,@AliaY20
Ugw9CAsKDLBAubwEldx4AaABAg,1,0,"2025-01-08 17:17:09",@WARNENG852,"Tim gercep ketingglan😢. Krna tdi sibuk jdi ktingglan nonton😢",0,,
Ugw9CAsKDLBAubwEldx4AaABAg.AD29YX0ILfKAD39FI7oGj1,,1,"2025-01-09 02:33:45",@RizkyRiplay,"Gapapa sob yang penting nonton",1,Ugw9CAsKDLBAubwEldx4AaABAg,@WARNENG852
Ugy4iPzHAj41Gk8KaDt4AaABAg,1,0,"2025-01-08 17:03:55",@Meruchan4351,"Gua suka nih Cerita nya dark dan seru Relate sama dunia nyata",0,,
Ugy4iPzHAj41Gk8KaDt4AaABAg.AD281exZjgcAD39FpGBGdf,,0,"2025-01-09 02:33:50",@RizkyRiplay,"Terimakasih telah menonton",1,Ugy4iPzHAj41Gk8KaDt4AaABAg,@Meruchan4351
UgyIlR0bXHMbfqgbSNV4AaABAg,1,0,"2025-01-08 17:02:08",@noldiannur12,"Bg buat vidio tentang hakim yg tidak adil dan goblok , hanya uang korupsi tidak bisa di penjara selama lama nya atau penjara seumur hidup",0,,
UgyIlR0bXHMbfqgbSNV4AaABAg.AD27palh77nAD39RBrglj9,,0,"2025-01-09 02:35:23",@RizkyRiplay,"Terimakasih atas sarannya",1,UgyIlR0bXHMbfqgbSNV4AaABAg,@noldiannur12
UgwduXQOZp98HUpfuhB4AaABAg,1,0,"2025-01-08 16:55:32",@Melissa-dw8zj,"bnyak pesan moral yg bermakna dibalik cerita ini, ini realita yg terjadi dimana judol dan pinjol berjamuran ..",0,,
UgwduXQOZp98HUpfuhB4AaABAg.AD274C0JDWOAD39YFoqClm,,1,"2025-01-09 02:36:21",@RizkyRiplay,"Yupp bener banget, semoga ada pembelajaran yang bisa diambil dari cerita di atas ya",1,UgwduXQOZp98HUpfuhB4AaABAg,@Melissa-dw8zj
UgzTe2qsxFhT2OHRR754AaABAg,1,0,"2025-01-08 16:25:38",@Korizen_inara-K,"Yah telat deh maaf ya soalnya tadi siang hpnya disita",0,,
UgzTe2qsxFhT2OHRR754AaABAg.AD23eCc29j8AD39fVRobm_,,1,"2025-01-09 02:37:28",@RizkyRiplay,"Gapapa sob yang penting nonton",1,UgzTe2qsxFhT2OHRR754AaABAg,@Korizen_inara-K
UgzbBJ2RLCHWPwAzw9N4AaABAg,1,0,"2025-01-08 16:23:39",@belshiki,"ga pernah bosen nontonn😋",0,,
UgzbBJ2RLCHWPwAzw9N4AaABAg.AD23QkApJ2ZAD39gUFglIx,,0,"2025-01-09 02:37:36",@RizkyRiplay,"Terimakasih telah menonton",1,UgzbBJ2RLCHWPwAzw9N4AaABAg,@belshiki
UgwHMg9108gzux-AJ114AaABAg,2,0,"2025-01-08 16:22:08",@BanaAbdul-s6r,"Bang req asal usul hantu asih pemilik warteg❤",0,,
UgwHMg9108gzux-AJ114AaABAg.AD23FarpG9vAD39h8ZpHGA,,1,"2025-01-09 02:37:42",@RizkyRiplay,"Terimakasih atas sarannya",1,UgwHMg9108gzux-AJ114AaABAg,@BanaAbdul-s6r
UgwHMg9108gzux-AJ114AaABAg.AD23FarpG9vAD3G4qS0KnL,,0,"2025-01-09 03:33:30",@BanaAbdul-s6r,"@RizkyRiplay  di tunggu bang 😍",1,UgwHMg9108gzux-AJ114AaABAg,@BanaAbdul-s6r
UgyT0RCmhX0HHlEDbGB4AaABAg,1,0,"2025-01-08 16:11:52",@fugaming9938,"Dan di balik ini semua ada preman berbaju seragam yang melindungi hal2 kayak gini",0,,
UgyT0RCmhX0HHlEDbGB4AaABAg.AD224Ti7xlrAD39m_jZBUh,,0,"2025-01-09 02:38:26",@RizkyRiplay,"Semoga ada pembelajaran yang bisa diambil dari cerita di atas ya sob",1,UgyT0RCmhX0HHlEDbGB4AaABAg,@fugaming9938
Ugw_3P3wUuNewht2lcR4AaABAg,1,0,"2025-01-08 16:09:34",@dewiAtlantis,"Dr video ini kita dpt mengambil pelajaranya bhwasanya setiap keputusan ada ditangan manusia dan bijaklah dalam mengambil pilihan,dan ketahuilah Allah slalu membantu manusia disaat terlena tapi apakah kau sadar atau tidak pilihan Allah,dan kbnyakan manusia memilih nafsunya atau egonya😅",0,,
Ugw_3P3wUuNewht2lcR4AaABAg.AD21oYDu2xGAD39qIeUSPd,,0,"2025-01-09 02:38:57",@RizkyRiplay,"Semoga ada pembelajaran yang bisa diambil dari cerita di atas ya sob",1,Ugw_3P3wUuNewht2lcR4AaABAg,@dewiAtlantis
Ugxv8VaryXYR17v2SI14AaABAg,0,0,"2025-01-08 16:04:44",@againaabigael2899,"Crita nya persis seperti di tanah karo sumatra utara,wartawan dan kluarganya habis di bakar",0,,
UgwnZclsZrZ_NVRe5TZ4AaABAg,0,0,"2025-01-08 16:00:14",@febryrizky7595,p,0,,
UgyX0U5X79vKvNZ1LCd4AaABAg,1,0,"2025-01-08 15:50:06",@dolhadi8874,"Mantap ceritanya yg seri ke2💪",0,,
UgyX0U5X79vKvNZ1LCd4AaABAg.AD2-_xZBh5vAD39rlePGWI,,0,"2025-01-09 02:39:09",@RizkyRiplay,"Terimakasih telah menonton",1,UgyX0U5X79vKvNZ1LCd4AaABAg,@dolhadi8874
UgwVMJONnFXQ8Na6xyR4AaABAg,1,0,"2025-01-08 15:42:40",@Masdhava,"Kisah nyata banget ini. Dikampungku juga bnyak yg sprti ini bahkan sampe ada yg bundir... Semoga segera dibrantas bandar2nya",0,,
UgwVMJONnFXQ8Na6xyR4AaABAg.AD1zjZ3AiY0AD39sVFSjpe,,0,"2025-01-09 02:39:15",@RizkyRiplay,"Semoga ada pembelajaran yang bisa diambil dari cerita di atas ya sob",1,UgwVMJONnFXQ8Na6xyR4AaABAg,@Masdhava
Ugyqr9hsx1uvHd2ofNN4AaABAg,1,0,"2025-01-08 15:27:38",@f3rr99,"☝️ yang ga ngerti judol",0,,
Ugyqr9hsx1uvHd2ofNN4AaABAg.AD1y0S6mUsDAD39wbmU6s1,,0,"2025-01-09 02:39:48",@RizkyRiplay,"Semoga ada pembelajaran yang bisa diambil dari cerita di atas ya sob",1,Ugyqr9hsx1uvHd2ofNN4AaABAg,@f3rr99
UgznB3tQGOz2QkTL4GN4AaABAg,2,0,"2025-01-08 15:21:42",@FatonahFat-n5k,"Apresiasi yang besar buay rizkyreplay .. Hiburanku setiap hari dirumah.. Aku dimalaysia.. Selalu setia nonton ceritanya setiap hari ❤❤❤",0,,
UgznB3tQGOz2QkTL4GN4AaABAg.AD1xKysZ9aRAD3A0joXynn,,0,"2025-01-09 02:40:31",@RizkyRiplay,"Terimakasih atas supportnya sob, seneng dehh dengernya jadi semangat buat video nihh",1,UgznB3tQGOz2QkTL4GN4AaABAg,@FatonahFat-n5k
UgznB3tQGOz2QkTL4GN4AaABAg.AD1xKysZ9aRAD3ApE1pAZz,,0,"2025-01-09 02:47:32",@FatonahFat-n5k,"@RizkyRiplay  hihi sama sama.. Semangat.. Animasi yg gapernah ngrbosenin..",1,UgznB3tQGOz2QkTL4GN4AaABAg,@FatonahFat-n5k
Ugw6ndNH2efdDcZMZ1N4AaABAg,1,0,"2025-01-08 15:15:02",@ninanovianti4458,"Pas banget lagi keseeeeeellllll polll sama iklan2 gilaaaaa merajalela dari PINJOL ADAKA*MI TUN*IKU heeeiiiii hilanglah kalian dari layar aplikasikuuuu 😭😭😭😭😭😭😭😭 na'udzubillah yaallah ngeRIBAngetttttt",0,,
Ugw6ndNH2efdDcZMZ1N4AaABAg.AD1w_Ay5j0RAD3A62d9DoN,,0,"2025-01-09 02:41:14",@RizkyRiplay,"Semoga ada pembelajaran yang bisa diambil dari cerita di atas ya sob",1,Ugw6ndNH2efdDcZMZ1N4AaABAg,@ninanovianti4458
UgzLkzn6mQ0uHX5N6a94AaABAg,1,0,"2025-01-08 15:02:45",@ErnaSari-t2v,"Penonton setia risky riplay tpi jarang komen, hehe",0,,
UgzLkzn6mQ0uHX5N6a94AaABAg.AD1vABfQgV9AD3AAbY7BMe,,0,"2025-01-09 02:41:51",@RizkyRiplay,"Wahhh terimakasih ya setia nontonin kami, komen aja sob hehehe",1,UgzLkzn6mQ0uHX5N6a94AaABAg,@ErnaSari-t2v
UgxOZHyVl7AKBDThERB4AaABAg,1,2,"2025-01-08 14:57:49",@Doyanmakanbpn,"Yeay akhirnyaa,sering sering bikin konten ginj kak memotivasi , biar jadi pelajaraan juga supaya orang orang lebih berhati hati mantap ini 🤩🤩",0,,
UgxOZHyVl7AKBDThERB4AaABAg.AD1ub1uO_PFAD3ACJzwSgj,,2,"2025-01-09 02:42:05",@RizkyRiplay,"Semoga ada pembelajaran yang bisa diambil dari cerita di atas ya sob",1,UgxOZHyVl7AKBDThERB4AaABAg,@Doyanmakanbpn
UgyHM8bzP7ZDteFywTx4AaABAg,1,2,"2025-01-08 14:57:45",@moonveloraa,"Seru banget alurnya, sering² bikin cerita horor kaya dulu lagi bang 🫵🥹",0,,
UgyHM8bzP7ZDteFywTx4AaABAg.AD1ua_dFnvwAD3ADp1o5fO,,0,"2025-01-09 02:42:18",@RizkyRiplay,"Terimakasih atas supportnya sob",1,UgyHM8bzP7ZDteFywTx4AaABAg,@moonveloraa
UgxdzEVOE-UbMv7GzK54AaABAg,1,0,"2025-01-08 14:56:15",@IndahFitriyaniFitriyani-id7sq,"banyakkk""innn vidiooo terbaruu minnn hehehe",0,,
UgxdzEVOE-UbMv7GzK54AaABAg.AD1uQcXDie_AD3AIQZLue4,,0,"2025-01-09 02:42:56",@RizkyRiplay,"Pastinya dong sob, tim kami semangat banget bikin video baru apalagi kalau banyak yang suka",1,UgxdzEVOE-UbMv7GzK54AaABAg,@IndahFitriyaniFitriyani-id7sq
UgyG8gs6WG90d-u4ekt4AaABAg,1,0,"2025-01-08 14:55:44",@valiyavictoria,GERCEPPP🎉🎉,0,,
UgyG8gs6WG90d-u4ekt4AaABAg.AD1uMkvS1TXAD3AMfPSL03,,0,"2025-01-09 02:43:30",@RizkyRiplay,"Wahh kurang gercep nihh sob, tapi gapapa yang penting nonton hehehe",1,UgyG8gs6WG90d-u4ekt4AaABAg,@valiyavictoria
Ugy2V1V-P2vp3IdxV8R4AaABAg,1,0,"2025-01-08 14:54:50",@AYAMGeprek-o5f,"Hadir bng gw yang pake akun bilzball bng hadir🎉🎉🎉",0,,
Ugy2V1V-P2vp3IdxV8R4AaABAg.AD1uG8eUb5DAD3ANRUGAIB,,0,"2025-01-09 02:43:36",@RizkyRiplay,"Terimakasih telah menonton",1,Ugy2V1V-P2vp3IdxV8R4AaABAg,@AYAMGeprek-o5f
UgxYRMExNSlLW0UA_E94AaABAg,1,0,"2025-01-08 14:49:24",@puspitasari1468,keren,0,,
UgxYRMExNSlLW0UA_E94AaABAg.AD1tdO_0cf8AD3APPoEvKJ,,0,"2025-01-09 02:43:53",@RizkyRiplay,"Terimakasih atas supportnya sob, seneng dehh dengernya",1,UgxYRMExNSlLW0UA_E94AaABAg,@puspitasari1468
Ugxd791mHtSMpMvItRJ4AaABAg,1,0,"2025-01-08 14:47:42",@Ikaslha05,"Rizki riplay is the best pokoknya ❤❤❤❤❤❤❤",0,,
Ugxd791mHtSMpMvItRJ4AaABAg.AD1tRucycIJAD3APtAdhwO,,0,"2025-01-09 02:43:57",@RizkyRiplay,"Terimakasih atas supportnya sob",1,Ugxd791mHtSMpMvItRJ4AaABAg,@Ikaslha05
Ugym9td37-GdjMcsFdd4AaABAg,1,0,"2025-01-08 14:44:05",@Taniaofficial33,Seru,0,,
Ugym9td37-GdjMcsFdd4AaABAg.AD1t1SfN2DcAD3AQxq-qvX,,0,"2025-01-09 02:44:05",@RizkyRiplay,"Terimakasih telah menonton",1,Ugym9td37-GdjMcsFdd4AaABAg,@Taniaofficial33
UgzOQIHIyDn7ZAGAqol4AaABAg,1,0,"2025-01-08 14:42:06",@argaminikrimputragemianjai745,"Selalu di tunggu episode yang menarik lain ny bang🥰🥰",0,,
UgzOQIHIyDn7ZAGAqol4AaABAg.AD1snzFoLhOAD3AXH4W2M1,,2,"2025-01-09 02:44:57",@RizkyRiplay,"Terimakasih ya sob sudah selalu nungguin kami",1,UgzOQIHIyDn7ZAGAqol4AaABAg,@argaminikrimputragemianjai745
UgxfgIldLysRamDIjMl4AaABAg,1,0,"2025-01-08 14:41:56",@ilihahaa1417,"Notifikasi nya aga telat bang😢",0,,
UgxfgIldLysRamDIjMl4AaABAg.AD1sml2I716AD3A__Mo8M8,,0,"2025-01-09 02:45:24",@RizkyRiplay,"Yahhh kok bisa gitu yaa, gapapa sob yang penting nonton hehehe",1,UgxfgIldLysRamDIjMl4AaABAg,@ilihahaa1417
Ugw0-_QKhKAy1dGTPJ54AaABAg,1,0,"2025-01-08 14:40:55",@RahmanAhmad,"Makasi video edukasinya",0,,
Ugw0-_QKhKAy1dGTPJ54AaABAg.AD1sfHvJjNUAD3AaBasi3p,,1,"2025-01-09 02:45:29",@RizkyRiplay,"Terimakasih telah menonton",1,Ugw0-_QKhKAy1dGTPJ54AaABAg,@RahmanAhmad
UgxKrrm2T2XWWL9C7QF4AaABAg,1,2,"2025-01-08 14:40:05",@aakmalmuslim,"gacor king risky spin teros😅",0,,
UgxKrrm2T2XWWL9C7QF4AaABAg.AD1s_DF6Z2tAD3AazqUrqs,,0,"2025-01-09 02:45:36",@RizkyRiplay,"Semoga ada pembelajaran yang bisa diambil dari cerita di atas ya sob",1,UgxKrrm2T2XWWL9C7QF4AaABAg,@aakmalmuslim
UgyiryseBV9HYRRicrZ4AaABAg,1,0,"2025-01-08 14:33:57",@BengbengMbeng,"Usaha nya bikin orang sengsara gak berkah",0,,
UgyiryseBV9HYRRicrZ4AaABAg.AD1rsHAmd75AD3AinPdhs2,,0,"2025-01-09 02:46:40",@RizkyRiplay,"Semoga ada pembelajaran yang bisa diambil dari cerita di atas ya sob",1,UgyiryseBV9HYRRicrZ4AaABAg,@BengbengMbeng
Ugy-0pPsopSN_WTFpKJ4AaABAg,1,0,"2025-01-08 14:31:58",@ummutauhid2441,"Maaf agak telat 😅",0,,
Ugy-0pPsopSN_WTFpKJ4AaABAg.AD1rdgnmBxWAD3AkfG6_Kn,,0,"2025-01-09 02:46:55",@RizkyRiplay,"Gapapa sob yang penting nonton",1,Ugy-0pPsopSN_WTFpKJ4AaABAg,@ummutauhid2441
Ugx2vuUSjfuT47LCoiV4AaABAg,0,0,"2025-01-08 14:17:24",@singa_mesir,😂😂😂🎉,0,,
UgyOnN3jhKt4vTMf--h4AaABAg,1,0,"2025-01-08 14:14:36",@yeremiadwiputrajoy4961,"Tepuk tangan yang paling meriah 🎉. Dengan berakhirnya presentasi ini kita menutup sesi kuliah kita pada malam hari ini, untuk itu dipersilahkan semua murid-murid untuk bangkit berdiri. Kita akan menutup dalam doa ..... Amin. Terimakasih sampai ketemu di pembealajaran selanjutnya, jangan lupa, ingat, kumpulkan makalah kalian, minggu depan sudah ada di saya untuk semuanya, karena kita masih ada 5 kali pertemuan lagi. Belum hasil tes evaluasi untuk kaliam di akhir sesi kuliah. Hati-hati di jalan. JANGAN BERMAIN SELAIN PULANG KE RUMAH",0,,
UgyOnN3jhKt4vTMf--h4AaABAg.AD1peaFtZVqAD3Ap_rsbW8,,1,"2025-01-09 02:47:35",@RizkyRiplay,"Terimakasih telah menonton",1,UgyOnN3jhKt4vTMf--h4AaABAg,@yeremiadwiputrajoy4961
UgxyKgTTOGHFpV7bwft4AaABAg,1,0,"2025-01-08 14:10:18",@riskiriski-gz7ur,"maf kak telat soalnya habis pulang kerja",0,,
UgxyKgTTOGHFpV7bwft4AaABAg.AD1p9zjRkgyAD3Avx7skwQ,,0,"2025-01-09 02:48:27",@RizkyRiplay,"Gapapa sob yang penting nonton",1,UgxyKgTTOGHFpV7bwft4AaABAg,@riskiriski-gz7ur
UgwB9ybd24IfOBzNDJx4AaABAg,1,0,"2025-01-08 14:06:42",@TediRosikurniawan-r2d,"Ya penting nya selamat judin kode dana haram' bahaya'. Semoga sukses selalu sehat 😊😊❤",0,,
UgwB9ybd24IfOBzNDJx4AaABAg.AD1okesPRm_AD3Aytr_EwJ,,0,"2025-01-09 02:48:52",@RizkyRiplay,"Semoga ada pembelajaran yang bisa diambil dari cerita di atas ya sob",1,UgwB9ybd24IfOBzNDJx4AaABAg,@TediRosikurniawan-r2d
UgwjucAaw-x7XFtsTyF4AaABAg,0,0,"2025-01-08 14:06:05",@TediRosikurniawan-r2d,"Hukumnya.. warga nya tangkap polisi di penjara.. kasusnya.. di gantung diri. Uanh haram nya . Berat tanggung jawab. Tidak baiknya . Penjara Ketua polisi nya",0,,
UgzHPlye1a8w-mnwBu94AaABAg,0,0,"2025-01-08 14:02:34",@TediRosikurniawan-r2d,❤🎉😢,0,,
UgxEDhxbG7-MbPIFMG14AaABAg,0,0,"2025-01-08 14:02:09",@TediRosikurniawan-r2d,"Saat bakar ❤",0,,
Ugwf1uBV5brxwIgM2mJ4AaABAg,0,0,"2025-01-08 14:01:47",@TediRosikurniawan-r2d,"Ibis bapak mati jin setan menghibur. Tutup polisai penjara nya . Dia nya judin oline 😴😴",0,,
Ugxor_kXkJMB1kTEKwZ4AaABAg,0,0,"2025-01-08 14:00:54",@TediRosikurniawan-r2d,"Modar nya sisa nya makanan nya gitu nya cipa",0,,
UgxVjZkNgIKS5y2dSUZ4AaABAg,0,0,"2025-01-08 14:00:22",@TediRosikurniawan-r2d,"Joduol2-3-4-5-6-7&8-9-10 Apkalksi nya . Masalahnya.",0,,
Ugw3efK_-QIV0bcBJlZ4AaABAg,1,0,"2025-01-08 13:59:39",@NinaEky-ds3yu,"di tunggu yang baru lagi kak Rizky 🥰",0,,
Ugw3efK_-QIV0bcBJlZ4AaABAg.AD1nx5OMWKeAD3B0zD9yfZ,,0,"2025-01-09 02:49:17",@RizkyRiplay,"Ok siapp sob ditunggu yaa",1,Ugw3efK_-QIV0bcBJlZ4AaABAg,@NinaEky-ds3yu
UgxrWLCDUxdOYopf3W94AaABAg,0,0,"2025-01-08 13:59:21",@TediRosikurniawan-r2d,"Secucinya dana nua makanan duiet memanh nya ojin oline kode",0,,
UgxHud1BUOJtVjHDgC54AaABAg,1,0,"2025-01-08 13:58:39",@TediRosikurniawan-r2d,"Nyatanya pak hartaya jual nya cewek jual nya di kirimkan nya amatan kalonya #pak harta viralnya .",0,,
UgxHud1BUOJtVjHDgC54AaABAg.AD1npl8D_bBAD3B2fItsc0,,0,"2025-01-09 02:49:31",@RizkyRiplay,"Semoga ada pembelajaran yang bisa diambil dari cerita di atas ya sob",1,UgxHud1BUOJtVjHDgC54AaABAg,@TediRosikurniawan-r2d
UgxnK3eLpUtNGdgDx1J4AaABAg,1,0,"2025-01-08 13:54:41",@robiatunAdawiyah-i6g,"Part 2 Yg di tunggu2 muncul jga",0,,
UgxnK3eLpUtNGdgDx1J4AaABAg.AD1nNbaBapwAD3B4i0fK9C,,0,"2025-01-09 02:49:47",@RizkyRiplay,"Akhirnya tayang juga yaa",1,UgxnK3eLpUtNGdgDx1J4AaABAg,@robiatunAdawiyah-i6g
Ugzbc98ULGnNH6Shdd94AaABAg,1,0,"2025-01-08 13:54:11",@ayyuu01,"Akhirnya stlh nunggu nntn juga walaupun telat soalnya bnyk aktivitas, tapi ttep penonton setia ❤😅",0,,
Ugzbc98ULGnNH6Shdd94AaABAg.AD1nJyKIVtlAD3B63rKx4W,,0,"2025-01-09 02:49:58",@RizkyRiplay,"Terimakasih telah menonton",1,Ugzbc98ULGnNH6Shdd94AaABAg,@ayyuu01
UgyLRal4qnL4VXGRhsd4AaABAg,1,4,"2025-01-08 13:53:21",@DedeDesti-id9cv,"aduh telat nonton ,sekrang ful belajar,dan mengerjakan pr duh jadi.lupa nonton bng rizky riplay 🎉❤❤semangat",0,,
UgyLRal4qnL4VXGRhsd4AaABAg.AD1nDpiYgi2AD3B9-6fwUs,,2,"2025-01-09 02:50:22",@RizkyRiplay,"Terimakasih atas supportnya sob, semangat belajarnya yaa",1,UgyLRal4qnL4VXGRhsd4AaABAg,@DedeDesti-id9cv
Ugwsc3cNGqRhXLTFj-h4AaABAg,1,1,"2025-01-08 13:43:45",@PrassGOD,"Tidakkkk yura😢😭",0,,
Ugwsc3cNGqRhXLTFj-h4AaABAg.AD1m7cwjqvMAD3BC4PeHfn,,1,"2025-01-09 02:50:48",@RizkyRiplay,"Kasian yura sama keponakannya",1,Ugwsc3cNGqRhXLTFj-h4AaABAg,@PrassGOD
UgxiJfeWIe-OL68nyjx4AaABAg,1,0,"2025-01-08 13:40:07",@selakumala4227,"Kasih. Yang seram""",0,,
UgxiJfeWIe-OL68nyjx4AaABAg.AD1lhvZuMaWAD3BIQnRfEe,,0,"2025-01-09 02:51:40",@RizkyRiplay,"Terimakasih telah menonton",1,UgxiJfeWIe-OL68nyjx4AaABAg,@selakumala4227
UgzrcpxK1WegR2hCp8h4AaABAg,1,0,"2025-01-08 13:38:30",@selakumala4227,"Min, sebelum nya maaf. Sekedar saran menurut saya vidio animasi nya agak berbeda, menghilangkan ciri khas rizky ruplay",0,,
UgzrcpxK1WegR2hCp8h4AaABAg.AD1lX5RAcdzAD3BL6Hk-H2,,0,"2025-01-09 02:52:02",@RizkyRiplay,"Terimakasih atas sarannya, ini beda animator ya sob hehehe",1,UgzrcpxK1WegR2hCp8h4AaABAg,@selakumala4227
UgzfoWLamGqUIC-OmHd4AaABAg,1,0,"2025-01-08 13:37:34",@ZahtaViolita,"Mantap bgt baru 10 jam udh byk bg beratus-ratus",0,,
UgzfoWLamGqUIC-OmHd4AaABAg.AD1lQLrvAtSAD3BN2AfSDM,,0,"2025-01-09 02:52:18",@RizkyRiplay,"Terimakasih telah menonton",1,UgzfoWLamGqUIC-OmHd4AaABAg,@ZahtaViolita
UgxW9A6UqNhKH3ZKBNd4AaABAg,1,0,"2025-01-08 13:32:17",@NazwaAwa-c7c,"Terimakasih untuk tontonan yang bagus dan banyak hal yang bisa diambil sukses selalu ka rizky 👍✨💯",0,,
UgxW9A6UqNhKH3ZKBNd4AaABAg.AD1kodPNZoJAD3BT9Wv4fJ,,0,"2025-01-09 02:53:08",@RizkyRiplay,"Terimakasih atas supportnya sob",1,UgxW9A6UqNhKH3ZKBNd4AaABAg,@NazwaAwa-c7c
UgyqQEFaMV4ib1CjH354AaABAg,1,0,"2025-01-08 13:30:18",@ayuuajaaalHya,"Dari vidio ini bnyk bget yanh harus di pelajari,z semangat trus bang ngonten nya❤❤",0,,
UgyqQEFaMV4ib1CjH354AaABAg.AD1ka21Tw_PAD3BTxjEdED,,0,"2025-01-09 02:53:14",@RizkyRiplay,"Semoga ada pembelajaran yang bisa diambil dari cerita di atas ya sob",1,UgyqQEFaMV4ib1CjH354AaABAg,@ayuuajaaalHya
UgyBaU_Bh7Z2QdUw_214AaABAg,1,8,"2025-01-08 13:29:42",@Elzhel,"3:40 lingkaran genjutsu yg sulit keluar 😮",0,,
UgyBaU_Bh7Z2QdUw_214AaABAg.AD1kWi1WZ1-AD3BViSrwfx,,0,"2025-01-09 02:53:29",@RizkyRiplay,"Bener banget sob, jangan coba coba main",1,UgyBaU_Bh7Z2QdUw_214AaABAg,@Elzhel
UgwAVRv6DBV8iwKLwB94AaABAg,1,0,"2025-01-08 13:22:59",@rizkiihdaniarnurisma9709,"Ka ini lebih serem drpd cerita hantu😢",0,,
UgwAVRv6DBV8iwKLwB94AaABAg.AD1jkYGbOGxAD3BatYHsDr,,1,"2025-01-09 02:54:19",@RizkyRiplay,"Nyesek juga sihh sama ceritanya",1,UgwAVRv6DBV8iwKLwB94AaABAg,@rizkiihdaniarnurisma9709
UgwRVpVSfyEK_RLB6Ad4AaABAg,1,0,"2025-01-08 13:19:37",@marvelmfbrlao,"Mantap bg risky",0,,
UgwRVpVSfyEK_RLB6Ad4AaABAg.AD1jMrllWVZAD3By8aOGZG,,0,"2025-01-09 02:57:30",@RizkyRiplay,"Terimakasih telah menonton",1,UgwRVpVSfyEK_RLB6Ad4AaABAg,@marvelmfbrlao
Ugy3bSl3qYdDrPmbQrp4AaABAg,1,0,"2025-01-08 13:17:05",@purnamaayuu,"sehat sehat selalu kak rizky dan team",0,,
Ugy3bSl3qYdDrPmbQrp4AaABAg.AD1j4H7NIm0AD3BzWatJTg,,0,"2025-01-09 02:57:41",@RizkyRiplay,"Terimakasih atas doanya sob",1,Ugy3bSl3qYdDrPmbQrp4AaABAg,@purnamaayuu
Ugw3IZ0HA-ibJ1d-WQh4AaABAg,1,0,"2025-01-08 13:15:11",@Linariris,"8:37 rasakaan pak",0,,
Ugw3IZ0HA-ibJ1d-WQh4AaABAg.AD1irJIoLURAD3C0XjkUUN,,0,"2025-01-09 02:57:58",@RizkyRiplay,"Terimakasih telah menonton",1,Ugw3IZ0HA-ibJ1d-WQh4AaABAg,@Linariris
UgwrafYDSYDeuu9G7m54AaABAg,1,0,"2025-01-08 13:11:15",@RoyMardi-qx3bm,"Kok ga ada notifikasi nya ya😭",0,,
UgwrafYDSYDeuu9G7m54AaABAg.AD1iP_rj1P9AD3C3HTixuP,,0,"2025-01-09 02:58:20",@RizkyRiplay,"Waduhh mungkin loncengnya belum di nyalain sob",1,UgwrafYDSYDeuu9G7m54AaABAg,@RoyMardi-qx3bm
UgwBgLDEAz4f94qieUh4AaABAg,1,0,"2025-01-08 13:09:53",@AyukiaAyu,"Bgs ya kartun animasi bang rizky beda dr yg lain. Sukses sllu bang lbh bgs lg bkin cerita amin ❤🎉",0,,
UgwBgLDEAz4f94qieUh4AaABAg.AD1iFYEA6EQAD3C4FhOcBE,,0,"2025-01-09 02:58:28",@RizkyRiplay,"Terimakasih atas supportnya sob",1,UgwBgLDEAz4f94qieUh4AaABAg,@AyukiaAyu
UgxnOwYvEtF8Yxj49O94AaABAg,2,0,"2025-01-08 13:01:43",@melisapratiwi4259,"Kasian banget ponakan Yura 😭🥹🥺",0,,
UgxnOwYvEtF8Yxj49O94AaABAg.AD1hJf13paTAD3CAWAQI7D,,1,"2025-01-09 02:59:19",@RizkyRiplay,"Bener sob kasian banget padahal dia ga slaah apa apa",1,UgxnOwYvEtF8Yxj49O94AaABAg,@melisapratiwi4259
UgxnOwYvEtF8Yxj49O94AaABAg.AD1hJf13paTAD3CceU__b4,,0,"2025-01-09 03:03:18",@melisapratiwi4259,"@ iya kak 😭",1,UgxnOwYvEtF8Yxj49O94AaABAg,@melisapratiwi4259
Ugwy5G5pfQrlGN0a2VN4AaABAg,1,0,"2025-01-08 13:01:42",@yantinelasari194,"Semoga dijauhkan.....😭😭😭😭 Ngeri sekali",0,,
Ugwy5G5pfQrlGN0a2VN4AaABAg.AD1hJcen8PuAD3CAznRNZw,,0,"2025-01-09 02:59:23",@RizkyRiplay,"Terimakasih telah menonton",1,Ugwy5G5pfQrlGN0a2VN4AaABAg,@yantinelasari194
UgwSNDaxwhf7QxIUSWx4AaABAg,1,0,"2025-01-08 12:59:32",@aminkhariss,"Bang secara langsung kau menyinggung realita yg terjadi di Indonesia skrg .. cuma animasi mu terlalu instan untuk bakar boss nya.. kalo di Indonesia aslinya masih berkuasa☹️",0,,
UgwSNDaxwhf7QxIUSWx4AaABAg.AD1h3lIunZjAD3CEhk1XJL,,0,"2025-01-09 02:59:54",@RizkyRiplay,"Semoga ada pembelajaran yang bisa diambil dari cerita di atas ya sob",1,UgwSNDaxwhf7QxIUSWx4AaABAg,@aminkhariss
UgyxfuNHqTm_Cz8Sgvd4AaABAg,1,0,"2025-01-08 12:57:36",@futrinonong9662,"Lanjutkan,bang cerita2 kaya gini biar yg kecanduan selot di luar sana biar kapok,termsuk adik gw😢😢😢",0,,
UgyxfuNHqTm_Cz8Sgvd4AaABAg.AD1gqXmLaQSAD3CGR32DNy,,0,"2025-01-09 03:00:08",@RizkyRiplay,"Ini sudah final ya sob ceritanya",1,UgyxfuNHqTm_Cz8Sgvd4AaABAg,@futrinonong9662
UgweGRfRGSuyrXAEK7B4AaABAg,1,0,"2025-01-08 12:53:39",@RafikiLindra,"Seruu bgtt🎉",0,,
UgweGRfRGSuyrXAEK7B4AaABAg.AD1gObHvVF6AD3CGzNnJPn,,0,"2025-01-09 03:00:12",@RizkyRiplay,"Terimakasih telah menonton",1,UgweGRfRGSuyrXAEK7B4AaABAg,@RafikiLindra
UgznPhXpz6utlQqTbNR4AaABAg,1,0,"2025-01-08 12:52:55",@LingsStar,"Ngeri kali",0,,
UgznPhXpz6utlQqTbNR4AaABAg.AD1gJG0Q4DNAD3CHKSkqaZ,,0,"2025-01-09 03:00:15",@RizkyRiplay,"Terimakasih telah menonton",1,UgznPhXpz6utlQqTbNR4AaABAg,@LingsStar
UgzyAr0CmE85xyJbMrx4AaABAg,1,0,"2025-01-08 12:51:36",@irfankasyafani8515,"NGAPAIN KERJA KALAU GACOR TERUS🗿",0,,
UgzyAr0CmE85xyJbMrx4AaABAg.AD1g9cdImgWAD3CHyQn_Ww,,0,"2025-01-09 03:00:20",@RizkyRiplay,"Semoga ada pembelajaran yang bisa diambil dari cerita di atas ya sob",1,UgzyAr0CmE85xyJbMrx4AaABAg,@irfankasyafani8515
Ugz_TP4ZVPOoJkZfy_R4AaABAg,1,0,"2025-01-08 12:51:11",@MaftukhinSaja,"Bikin azab motor tander isi minyak bolak nalik di pom dong meresahkan antrian lama mada 500ribu masuk tangki motor",0,,
Ugz_TP4ZVPOoJkZfy_R4AaABAg.AD1g6XlMzwDAD3CJjAKK5g,,1,"2025-01-09 03:00:35",@RizkyRiplay,"Terimakasih atas sarannya",1,Ugz_TP4ZVPOoJkZfy_R4AaABAg,@MaftukhinSaja
Ugzxn7e0KanKq8yZChd4AaABAg,1,0,"2025-01-08 12:46:13",@AkunGoogle-e1v,"Selamat risky sudah kaya raya sekarang, soalnya flem nya laris",0,,
Ugzxn7e0KanKq8yZChd4AaABAg.AD1fY81qn2cAD3CKj7tYQK,,0,"2025-01-09 03:00:43",@RizkyRiplay,"Terimakasih atas supportnya sob",1,Ugzxn7e0KanKq8yZChd4AaABAg,@AkunGoogle-e1v
UgwtUahwbs0iPToOOx94AaABAg,0,0,"2025-01-08 12:45:26",@WaferTangooooo,"ABSOLUTE CINEMA🔥🔥🔥",0,,
Ugxi-Tlm2juLqa086Hx4AaABAg,1,0,"2025-01-08 12:44:01",@Suryasawitfishingchannel,"Yng di tunggu tunggu lanjut juga🎉🎉🎉🎉",0,,
Ugxi-Tlm2juLqa086Hx4AaABAg.AD1fI7-iUinAD3CLccrqnr,,0,"2025-01-09 03:00:50",@RizkyRiplay,"Terimakasih telah menonton",1,Ugxi-Tlm2juLqa086Hx4AaABAg,@Suryasawitfishingchannel
UgzNt0lKUF7rYEjwRb14AaABAg,2,2,"2025-01-08 12:41:22",@malikdzaky-i2i,"di, tunggu part 3 nya bg rizky seru banget nonton nya",0,,
UgzNt0lKUF7rYEjwRb14AaABAg.AD1eziVQPZNAD3CMfhzcpD,,1,"2025-01-09 03:00:59",@RizkyRiplay,"Ini sudah final ya sob",1,UgzNt0lKUF7rYEjwRb14AaABAg,@malikdzaky-i2i
UgzNt0lKUF7rYEjwRb14AaABAg.AD1eziVQPZNAD3MAufISqX,,1,"2025-01-09 04:26:45",@malikdzaky-i2i,"@RizkyRiplay  hehe, maaf ga tau bg rizky 🙏",1,UgzNt0lKUF7rYEjwRb14AaABAg,@malikdzaky-i2i
UgwJKtoYwcyFxIGhMul4AaABAg,1,0,"2025-01-08 12:40:04",@orangmiskinkaka6733,"Hp ip x tapi layar hp nya ip 14 pro ke atas",0,,
UgwJKtoYwcyFxIGhMul4AaABAg.AD1eq8LtHD_AD3Ca8oHXVn,,0,"2025-01-09 03:02:57",@RizkyRiplay,"Hahahhaha terimakasih telah menonton sob",1,UgwJKtoYwcyFxIGhMul4AaABAg,@orangmiskinkaka6733
UgyyGGxPJCHwjdMbXbJ4AaABAg,1,0,"2025-01-08 12:39:43",@itoyasinta-zn8cd,"Mantap 👍🏽",0,,
UgyyGGxPJCHwjdMbXbJ4AaABAg.AD1enXBIM2FAD3CazEAnYs,,0,"2025-01-09 03:03:04",@RizkyRiplay,"Terimakasih telah menonton",1,UgyyGGxPJCHwjdMbXbJ4AaABAg,@itoyasinta-zn8cd
UgwOoNDjRXPqS-QlY814AaABAg,1,0,"2025-01-08 12:37:59",@Yi_SangEnthusiast,"8:27 what in the homestuck quadrants",0,,
UgwOoNDjRXPqS-QlY814AaABAg.AD1eau7vECzAD3Cehnv872,,1,"2025-01-09 03:03:35",@RizkyRiplay,"Terimakasih telah menonton",1,UgwOoNDjRXPqS-QlY814AaABAg,@Yi_SangEnthusiast
UgxMMMfxXY4K6vGWYkp4AaABAg,2,0,"2025-01-08 12:36:24",@ballstore-e8y,"gileee ni animasinya bagus co, apalagi pas ngadep belakang karakter si gendut nya beuhh",0,,
UgxMMMfxXY4K6vGWYkp4AaABAg.AD1eQJZrVLbAD3Chk2nq62,,0,"2025-01-09 03:04:00",@RizkyRiplay,"Terimakasih telah menonton",1,UgxMMMfxXY4K6vGWYkp4AaABAg,@ballstore-e8y
UgxMMMfxXY4K6vGWYkp4AaABAg.AD1eQJZrVLbAD3D0I33Uls,,0,"2025-01-09 03:06:40",@ballstore-e8y,"@RizkyRiplay  wih di bales dong",1,UgxMMMfxXY4K6vGWYkp4AaABAg,@ballstore-e8y
UgwC3zpgPcOkFe4_l6Z4AaABAg,1,0,"2025-01-08 12:35:01",@tepleng98,"Di pikir dlu kalo pinjol kan keadaan terpaksa ngak punya uang, apa iya harus ngemis2",0,,
UgwC3zpgPcOkFe4_l6Z4AaABAg.AD1eG6kV4n9AD3Cs8Ljnht,,0,"2025-01-09 03:05:25",@RizkyRiplay,"Semoga ada pembelajaran yang bisa diambil dari cerita di atas ya sob",1,UgwC3zpgPcOkFe4_l6Z4AaABAg,@tepleng98
UgwRB5lC9ceNX5SOMAB4AaABAg,1,0,"2025-01-08 12:34:24",@taqisanirabani2535,"Aku di Makkah tapi tetap nonton Rizky riplay",0,,
UgwRB5lC9ceNX5SOMAB4AaABAg.AD1eBa3XyBsAD3Csq7-6n0,,1,"2025-01-09 03:05:30",@RizkyRiplay,"Terimakasih telah menonton",1,UgwRB5lC9ceNX5SOMAB4AaABAg,@taqisanirabani2535
Ugwos2g_rNZOZSN_B3B4AaABAg,1,0,"2025-01-08 12:33:21",@yuanrisnandah1385,"Makin seru aja semangat ya bang buat video baru nya 😊",0,,
Ugwos2g_rNZOZSN_B3B4AaABAg.AD1e3uOGrtjAD3CtL6G13l,,0,"2025-01-09 03:05:35",@RizkyRiplay,"Terimakasih telah menonton",1,Ugwos2g_rNZOZSN_B3B4AaABAg,@yuanrisnandah1385
UgxXEvqPu_cFDMGUoGB4AaABAg,0,0,"2025-01-08 12:29:49",@jichen_ji0,"suami istri nya mati nya kok karna gantung diri,bukannya di part 1 suami istri nya mati karna minum racun ya,nah kakak nyakan adalah mata mata terkenal,pasti kakak nya banyak duit,bukannya minjam uang kekakak nya malah bunuh diri",0,,
UgyH7vvpnIpxlJLOGgx4AaABAg,1,1,"2025-01-08 12:29:34",@Dkfanboy-p4k,"Goreng trus banggg🔥🔥🔥",0,,
UgyH7vvpnIpxlJLOGgx4AaABAg.AD1ddG2uBdwAD3Cufu8qK2,,0,"2025-01-09 03:05:46",@RizkyRiplay,"Terimakasih telah menonton",1,UgyH7vvpnIpxlJLOGgx4AaABAg,@Dkfanboy-p4k
UgwBMvwWyPLsvg6EZMt4AaABAg,1,1,"2025-01-08 12:28:58",@farrel_tpi14,"2:07 Vivo V7 Plus",0,,
UgwBMvwWyPLsvg6EZMt4AaABAg.AD1dZtCcIB5AD3Cvk84Hsx,,0,"2025-01-09 03:05:54",@RizkyRiplay,"Terimakasih telah menonton",1,UgwBMvwWyPLsvg6EZMt4AaABAg,@farrel_tpi14
UgyVe453TXQWROegNmV4AaABAg,3,1,"2025-01-08 12:28:01",@NajwaNajwa-k2n,Harga,0,,
UgyVe453TXQWROegNmV4AaABAg.AD1dSw1GXQ2AD3CwWyakVc,,1,"2025-01-09 03:06:01",@RizkyRiplay,"Terimakasih telah menonton",1,UgyVe453TXQWROegNmV4AaABAg,@NajwaNajwa-k2n
UgyVe453TXQWROegNmV4AaABAg.AD1dSw1GXQ2AD3KvD1XY4K,,1,"2025-01-09 04:15:44",@NajwaNajwa-k2n,"@RizkyRiplay  halo kak",1,UgyVe453TXQWROegNmV4AaABAg,@NajwaNajwa-k2n
UgyVe453TXQWROegNmV4AaABAg.AD1dSw1GXQ2AD3P6_gm7aC,,0,"2025-01-09 04:52:23",@NajwaNajwa-k2n,"​@RizkyRiplaymakasii kak",1,UgyVe453TXQWROegNmV4AaABAg,@NajwaNajwa-k2n
UgxNBiXcrVMPl6sABiR4AaABAg,1,0,"2025-01-08 12:25:26",@ikraniikrani8283,"Mantep sambil makan nih",0,,
UgxNBiXcrVMPl6sABiR4AaABAg.AD1d9yfE2VeAD3Cxn17_yH,,0,"2025-01-09 03:06:11",@RizkyRiplay,"Wahhh mantep banget tuhh",1,UgxNBiXcrVMPl6sABiR4AaABAg,@ikraniikrani8283
UgyJTyCBJxn83wQtjuB4AaABAg,1,0,"2025-01-08 12:21:39",@sitirumlah7559,"Belum bisa jadi tim gercep,tapi selalu sempatin nonton 😂",0,,
UgyJTyCBJxn83wQtjuB4AaABAg.AD1cjCIqPssAD3D196FrcU,,0,"2025-01-09 03:06:47",@RizkyRiplay,"Terimakasih telah menonton",1,UgyJTyCBJxn83wQtjuB4AaABAg,@sitirumlah7559
UgyDag7aI_0xQ2Hp7xt4AaABAg,1,1,"2025-01-08 12:19:12",@dangkojie7429,"Hadir ❤❤❤",0,,
UgyDag7aI_0xQ2Hp7xt4AaABAg.AD1cSGNaoVkAD3D1pEZOw_,,0,"2025-01-09 03:06:52",@RizkyRiplay,"Terimakasih telah menonton",1,UgyDag7aI_0xQ2Hp7xt4AaABAg,@dangkojie7429
UgyUqCrYoNGenVboX1l4AaABAg,1,0,"2025-01-08 12:16:04",@Idanwigunas,"Anjir nungguin vedio ini sampe 1 minggu😂",0,,
UgyUqCrYoNGenVboX1l4AaABAg.AD1c5O6ZrWaAD3D4-94zcl,,0,"2025-01-09 03:07:10",@RizkyRiplay,"Hahahah iya sob soalnya lagi proses pembuatan juga",1,UgyUqCrYoNGenVboX1l4AaABAg,@Idanwigunas
Ugx9jlx2fB5rh-jrPYV4AaABAg,1,0,"2025-01-08 12:12:43",@TikaLufianah,"Kok di saya gaada suaranya yah.hmmm😢",0,,
Ugx9jlx2fB5rh-jrPYV4AaABAg.AD1bhpHAHLRAD3DGeslCr1,,0,"2025-01-09 03:08:54",@RizkyRiplay,"Coba di cek sob volume nya, mungkin masih di mute",1,Ugx9jlx2fB5rh-jrPYV4AaABAg,@TikaLufianah
UgywJZYWra5qQlNYSkJ4AaABAg,1,0,"2025-01-08 12:12:08",@iyainaja5045,"buat kek gini lagi bg rizky😊",0,,
UgywJZYWra5qQlNYSkJ4AaABAg.AD1bdaBwL1bAD3DI07LYUX,,0,"2025-01-09 03:09:05",@RizkyRiplay,"Terimakasih atas sarannya",1,UgywJZYWra5qQlNYSkJ4AaABAg,@iyainaja5045
Ugy4WvKXtTl-H6UKNaN4AaABAg,0,0,"2025-01-08 12:08:58",@kepoo317,😱😱,0,,
UgycH5fm3BWpUWgNOnJ4AaABAg,1,0,"2025-01-08 12:07:26",@JonesVanbasten,"Bang scene horornya tambahin durasinya ya bang thanks",0,,
UgycH5fm3BWpUWgNOnJ4AaABAg.AD1b6BVur9hAD3DJiSQslq,,0,"2025-01-09 03:09:19",@RizkyRiplay,"Terimakasih atas sarannya",1,UgycH5fm3BWpUWgNOnJ4AaABAg,@JonesVanbasten
UgyzFRXrNdFBpT_8HBt4AaABAg,1,0,"2025-01-08 12:03:49",@wahyuni245,Gerceppppp,0,,
UgyzFRXrNdFBpT_8HBt4AaABAg.AD1agh6UYtqAD3DL30rQ2z,,0,"2025-01-09 03:09:30",@RizkyRiplay,"Terimakasih telah menonton",1,UgyzFRXrNdFBpT_8HBt4AaABAg,@wahyuni245
UgzfkqMBXqUQpdtLO614AaABAg,0,0,"2025-01-08 12:01:57",@ali.akbar8759,😢😢😢,0,,
UgzKXmE1FmLtxdq353x4AaABAg,1,0,"2025-01-08 11:57:48",@Ravenzren,"Aku nggk pernah duduk depan pintu tapi sekarang nggk laku-laku 😂",0,,
UgzKXmE1FmLtxdq353x4AaABAg.AD1a-bERaDlAD3DQ2RF0yH,,0,"2025-01-09 03:10:11",@RizkyRiplay,"Oh mitos nya yang ga boleh duduk depan pintu itu ya, mungkin emang belum ketemu aja tapi nanti pasti ketemu kok",1,UgzKXmE1FmLtxdq353x4AaABAg,@Ravenzren
UgxjkXqj8KVxF1SvcAB4AaABAg,1,0,"2025-01-08 11:57:05",@BeningAinun,"akhirnya upload juga",0,,
UgxjkXqj8KVxF1SvcAB4AaABAg.AD1_vMaxMXqAD3DR2isF_4,,0,"2025-01-09 03:10:19",@RizkyRiplay,"Yang di tunggu tunggu ya",1,UgxjkXqj8KVxF1SvcAB4AaABAg,@BeningAinun
Ugy0I96CmWbSnBd3t9Z4AaABAg,1,0,"2025-01-08 11:56:17",@Ravenzren,"Gw malem Jumat nggk pernah duduk depan pintu tapi sampe sekarang nggk laku-laku 😂",0,,
Ugy0I96CmWbSnBd3t9Z4AaABAg.AD1_pWwx8JuAD3DRvgwBkG,,0,"2025-01-09 03:10:26",@RizkyRiplay,"Terimakasih telah menonton",1,Ugy0I96CmWbSnBd3t9Z4AaABAg,@Ravenzren
UgylA4TC-riHf5ynzEJ4AaABAg,2,1,"2025-01-08 11:54:06",@dedeyy3O,gerceppp❤❤❤,0,,
UgylA4TC-riHf5ynzEJ4AaABAg.AD1__Xni0dkAD3DTPBztBY,,1,"2025-01-09 03:10:38",@RizkyRiplay,"Terimakasih telah menonton",1,UgylA4TC-riHf5ynzEJ4AaABAg,@dedeyy3O
UgylA4TC-riHf5ynzEJ4AaABAg.AD1__Xni0dkAD3Iyge1C-9,,1,"2025-01-09 03:58:44",@dedeyy3O,"@RizkyRiplay  DI NOTIP??😭😭akuuu bakal setiaa nonton kaaa",1,UgylA4TC-riHf5ynzEJ4AaABAg,@dedeyy3O
UgzpQUyKVf6diUN_IB14AaABAg,1,0,"2025-01-08 11:54:03",@aurablongsong2507,"yah telat 9jam😂",0,,
UgzpQUyKVf6diUN_IB14AaABAg.AD1__97xR8QAD3DU0MVjyH,,0,"2025-01-09 03:10:44",@RizkyRiplay,"Gapapa sob yang penting nonton",1,UgzpQUyKVf6diUN_IB14AaABAg,@aurablongsong2507
UgyvAsx_9Ye6GtrUSXZ4AaABAg,1,0,"2025-01-08 11:53:24",@DevitaSarii,"ndaa bisaa gercepp baruuu mandii abiss ekstra pulangg sekull🎉",0,,
UgyvAsx_9Ye6GtrUSXZ4AaABAg.AD1_VObk53WAD3p9ZRHJKT,,0,"2025-01-09 08:48:43",@RizkyRiplay,"Gapapa sob yang penting nonton",1,UgyvAsx_9Ye6GtrUSXZ4AaABAg,@DevitaSarii
UgyT3jm9EplDYN8-tYV4AaABAg,1,0,"2025-01-08 11:50:00",@Storyujungbarat,"Ya Allah lindungi diri anda ya Allah jauhin dari judi online",0,,
UgyT3jm9EplDYN8-tYV4AaABAg.AD1_6RdafpaAD3DVH6DEXn,,0,"2025-01-09 03:10:53",@RizkyRiplay,"Semoga ada pembelajaran yang bisa diambil dari cerita di atas ya sob",1,UgyT3jm9EplDYN8-tYV4AaABAg,@Storyujungbarat
UgwF4_lYVuvpDEr_ey94AaABAg,2,0,"2025-01-08 11:49:49",@nonafh,"MINNN PLISSS BANYAKIN KOMEDI HOROORRRR SOALNYA SUKA BGTTTTT LOPPP",0,,
UgwF4_lYVuvpDEr_ey94AaABAg.AD1_57ztbUNAD3DVqzNx2c,,0,"2025-01-09 03:10:58",@RizkyRiplay,"Terimakasih telah menonton",1,UgwF4_lYVuvpDEr_ey94AaABAg,@nonafh
UgwF4_lYVuvpDEr_ey94AaABAg.AD1_57ztbUNAD9VUCCV-x7,,0,"2025-01-11 13:43:29",@nonafh,"@RizkyRiplay  scroll sampe akar cuma buat liat yg horor komedi tapi udh ditonton semua🥲🥲",1,UgwF4_lYVuvpDEr_ey94AaABAg,@nonafh
UgzsKZ4y-o6sGImvBel4AaABAg,1,0,"2025-01-08 11:43:49",@KholifiahOlifia-lu9ow,"Asikkk setan nya muncul lagi...💯👍",0,,
UgzsKZ4y-o6sGImvBel4AaABAg.AD1ZPB9oPMtAD3DWqyi1y0,,0,"2025-01-09 03:11:06",@RizkyRiplay,"Terimakasih telah menonton",1,UgzsKZ4y-o6sGImvBel4AaABAg,@KholifiahOlifia-lu9ow
UgwnBeaMO_PGvfVe53V4AaABAg,2,0,"2025-01-08 11:41:30",@sahrulgaming1773,"Dia pikir dgn bundir lunas hutang, di akhirat lbh parah siksaannya",0,,
UgwnBeaMO_PGvfVe53V4AaABAg.AD1Z88yciD4AD3DXqVo_4V,,0,"2025-01-09 03:11:15",@RizkyRiplay,"Semoga ada pembelajaran yang bisa diambil dari cerita di atas ya sob",1,UgwnBeaMO_PGvfVe53V4AaABAg,@sahrulgaming1773
UgwnBeaMO_PGvfVe53V4AaABAg.AD1Z88yciD4AD4Fl-W8WLD,,0,"2025-01-09 12:49:54",@sahrulgaming1773,"@RizkyRiplay  udh lma subrek, stiap video abang slalu ada pembelajaran kok",1,UgwnBeaMO_PGvfVe53V4AaABAg,@sahrulgaming1773
UgyMwqbNny0qgIRSJJh4AaABAg,1,0,"2025-01-08 11:39:35",@GuBa-qs7og,"Semoga para pembuat judi online sadar bahwa itu merusak generasi muda",0,,
UgyMwqbNny0qgIRSJJh4AaABAg.AD1YvD1XUMZAD3DYVMPdej,,0,"2025-01-09 03:11:20",@RizkyRiplay,"Semoga ada pembelajaran yang bisa diambil dari cerita di atas ya sob",1,UgyMwqbNny0qgIRSJJh4AaABAg,@GuBa-qs7og
UgwZlWRJxOV-34GvgyZ4AaABAg,1,0,"2025-01-08 11:39:03",@fachriputradinata8366,"yang nonton sambil makan😂",0,,
UgwZlWRJxOV-34GvgyZ4AaABAg.AD1YrI_zgURAD3D_EdKjN7,,0,"2025-01-09 03:11:34",@RizkyRiplay,"Wahh mantap banget tuhh",1,UgwZlWRJxOV-34GvgyZ4AaABAg,@fachriputradinata8366
Ugzvr0zB5HQrJfEt5eJ4AaABAg,1,0,"2025-01-08 11:36:46",@SyafaTalieta,"Telat 8 jam gapapa kan min?😂",0,,
Ugzvr0zB5HQrJfEt5eJ4AaABAg.AD1YaZC6k9qAD3D_rjwqa4,,0,"2025-01-09 03:11:39",@RizkyRiplay,"Gapapa sob yang penting nonton",1,Ugzvr0zB5HQrJfEt5eJ4AaABAg,@SyafaTalieta
UgyhueZDGclV4dHDGEF4AaABAg,2,0,"2025-01-08 11:22:48",@muhamadatmaahsan,"Bang sapa oh iya Abang juga ngebales komentar cewek pake seragam kan😊😊😊❤❤❤",0,,
UgyhueZDGclV4dHDGEF4AaABAg.AD1X-BKJxM7AD3DevfCklO,,0,"2025-01-09 03:12:21",@RizkyRiplay,"Hah gimana maksudnya sob? mimin ga paham nihh",1,UgyhueZDGclV4dHDGEF4AaABAg,@muhamadatmaahsan
UgyhueZDGclV4dHDGEF4AaABAg.AD1X-BKJxM7AD5dxEyWf96,,0,"2025-01-10 01:49:16",@muhamadatmaahsan,"Ohh ga paham yang nama nya anisa😂😂😂😊 2:15",1,UgyhueZDGclV4dHDGEF4AaABAg,@muhamadatmaahsan
Ugxo8qCKLQ0YIAME_fh4AaABAg,1,0,"2025-01-08 11:22:28",@Tiaraholsa,"Semangat terus kak Rizky riplay dan para team nya🎉🎉, btw aku baru pertama kali ngomantari video kakak😅, semoga dapat 20 jt sub🎉🎉🎉❤❤❤❤",0,,
Ugxo8qCKLQ0YIAME_fh4AaABAg.AD1Wxn5ATRrAD3pEFRrhkW,,1,"2025-01-09 08:49:21",@RizkyRiplay,"Terimakasih ya sob sudah support kami, doain kita bisa sampe 20 jt subscribes yaa",1,Ugxo8qCKLQ0YIAME_fh4AaABAg,@Tiaraholsa
UgyqoB64LWLGPG11Gzx4AaABAg,2,1,"2025-01-08 11:21:07",@ghinaap18,"KAK RIZKY LANJUTIN YANG PACAR BARU DONG KAK.. MANA PART 2 NYA😢😢",0,,
UgyqoB64LWLGPG11Gzx4AaABAg.AD1Wntcy_u_AD3DkXzd2sy,,0,"2025-01-09 03:13:07",@RizkyRiplay,"Ditunggu dulu ya sob, soalnya animatornya lagi persiapan buat merried",1,UgyqoB64LWLGPG11Gzx4AaABAg,@ghinaap18
UgyqoB64LWLGPG11Gzx4AaABAg.AD1Wntcy_u_AD9hcyVyaGX,,0,"2025-01-11 15:38:24",@ghinaap18,"@RizkyRiplay  wahh semoga lancarr",1,UgyqoB64LWLGPG11Gzx4AaABAg,@ghinaap18
UgziqfirZD5u6O3U2BR4AaABAg,2,0,"2025-01-08 11:20:36",@ernikusnita1952,"Ini bukan masalah judol dan pinjol Melainkan masyarakatnya yang *dodol*",0,,
UgziqfirZD5u6O3U2BR4AaABAg.AD1Wk84VSCrAD3DltmBV6D,,0,"2025-01-09 03:13:18",@RizkyRiplay,"Semoga ada pembelajaran yang bisa diambil dari cerita di atas ya sob",1,UgziqfirZD5u6O3U2BR4AaABAg,@ernikusnita1952
UgziqfirZD5u6O3U2BR4AaABAg.AD1Wk84VSCrADC0hHD-RDj,,0,"2025-01-12 13:12:14",@ernikusnita1952,"@RizkyRiplay  wih dibalasbang masih ya 😅",1,UgziqfirZD5u6O3U2BR4AaABAg,@ernikusnita1952
UgxWDsNjM7Fn9Hbda9p4AaABAg,1,0,"2025-01-08 11:15:26",@IkaKartika0601,"Puas banget endingnya bang uhuyyyy",0,,
UgxWDsNjM7Fn9Hbda9p4AaABAg.AD1W9H-jN91AD3Dms8l2Tw,,0,"2025-01-09 03:13:26",@RizkyRiplay,"Terimakasih telah menonton",1,UgxWDsNjM7Fn9Hbda9p4AaABAg,@IkaKartika0601
UgycF3b7hJKz4sFrmd54AaABAg,1,0,"2025-01-08 11:13:35",@DholpinGanteng,"bang kalo bisa upp sehari 3 kali😊",0,,
UgycF3b7hJKz4sFrmd54AaABAg.AD1Vwi0bVsAAD3DpHgkt8h,,0,"2025-01-09 03:13:46",@RizkyRiplay,"Doain kita bisa up setiap hari ya sob",1,UgycF3b7hJKz4sFrmd54AaABAg,@DholpinGanteng
UgxMMnenukU5S2fQPW14AaABAg,1,0,"2025-01-08 11:12:37",@SamuinMun,"aku telat 8 jam tapi ttp setia nonton",0,,
UgxMMnenukU5S2fQPW14AaABAg.AD1VpfQ9YonAD3DrjLovjX,,1,"2025-01-09 03:14:06",@RizkyRiplay,"Terimakasih telah menonton",1,UgxMMnenukU5S2fQPW14AaABAg,@SamuinMun
UgyqwLsAvFeEOLL6gIJ4AaABAg,1,1,"2025-01-08 11:10:36",@NutaaYyana,"kenapa si alurnya harus ketebak😢",0,,
UgyqwLsAvFeEOLL6gIJ4AaABAg.AD1VarE4hi7AD3DsRQIh6Y,,0,"2025-01-09 03:14:12",@RizkyRiplay,"Terimakasih telah menonton",1,UgyqwLsAvFeEOLL6gIJ4AaABAg,@NutaaYyana
UgzC61HDGwOMe0bf_lN4AaABAg,1,0,"2025-01-08 11:06:12",@najwahumayrah21,"Aku selalu nonton🎉",0,,
UgzC61HDGwOMe0bf_lN4AaABAg.AD1V5eVOBimAD3Dt4ltiaM,,0,"2025-01-09 03:14:17",@RizkyRiplay,"Terimakasih telah menonton",1,UgzC61HDGwOMe0bf_lN4AaABAg,@najwahumayrah21
Ugwh_jE2UXYiswOfbJF4AaABAg,4,0,"2025-01-08 11:05:56",@ArkanHamizan-d2y,"Halo bang rizky bang bisa ndak bang bikin animasi koruptor 300t bisa ndak",0,,
Ugwh_jE2UXYiswOfbJF4AaABAg.AD1V3dwDEB1AD1V5j_8X_t,,0,"2025-01-08 11:06:13",@ArkanHamizan-d2y,"Yang setuju siapa",1,Ugwh_jE2UXYiswOfbJF4AaABAg,@ArkanHamizan-d2y
Ugwh_jE2UXYiswOfbJF4AaABAg.AD1V3dwDEB1AD1V8rtFPxy,,0,"2025-01-08 11:06:38",@ArkanHamizan-d2y,"Di azab koruptor nya",1,Ugwh_jE2UXYiswOfbJF4AaABAg,@ArkanHamizan-d2y
Ugwh_jE2UXYiswOfbJF4AaABAg.AD1V3dwDEB1AD1VKEkdWWH,,0,"2025-01-08 11:08:11",@ryyzz22,Saya,1,Ugwh_jE2UXYiswOfbJF4AaABAg,@ArkanHamizan-d2y
Ugwh_jE2UXYiswOfbJF4AaABAg.AD1V3dwDEB1AD3DuImbimN,,0,"2025-01-09 03:14:27",@RizkyRiplay,"Terimakasih atas sarannya",1,Ugwh_jE2UXYiswOfbJF4AaABAg,@ArkanHamizan-d2y
UgwHB7rA2tS5k-sFt5V4AaABAg,2,2,"2025-01-08 11:03:39",@Kianzz_matchamilk,"Cara menang dari judi adalah berhenti judi",0,,
UgwHB7rA2tS5k-sFt5V4AaABAg.AD1Uo0vkUF2AD3Dv4Ay-Rx,,2,"2025-01-09 03:14:33",@RizkyRiplay,"Semoga ada pembelajaran yang bisa diambil dari cerita di atas ya sob",1,UgwHB7rA2tS5k-sFt5V4AaABAg,@Kianzz_matchamilk
UgwHB7rA2tS5k-sFt5V4AaABAg.AD1Uo0vkUF2AD3UL2_kQJP,,2,"2025-01-09 05:38:03",@Kianzz_matchamilk,"@RizkyRiplay  siap bang",1,UgwHB7rA2tS5k-sFt5V4AaABAg,@Kianzz_matchamilk
Ugz7o_5JYbdII4E_Cip4AaABAg,1,1,"2025-01-08 11:00:28",@sno_chiw23,"Sumpah sumpah sumpahhhh gk grecep sumpahh telat 8 jamm yaapa nih😪😭",0,,
Ugz7o_5JYbdII4E_Cip4AaABAg.AD1URglEJS9AD3DwnAU5ha,,0,"2025-01-09 03:14:47",@RizkyRiplay,"Gapapa sob yang penting nonton",1,Ugz7o_5JYbdII4E_Cip4AaABAg,@sno_chiw23
UgzNbx2I-keTfT8usRl4AaABAg,1,0,"2025-01-08 10:58:41",@Mustaidah-n5b,"Siapin nasi dulu",0,,
UgzNbx2I-keTfT8usRl4AaABAg.AD1UEellfYMAD3DxGlShcU,,0,"2025-01-09 03:14:51",@RizkyRiplay,"Terimakasih telah menonton",1,UgzNbx2I-keTfT8usRl4AaABAg,@Mustaidah-n5b
UgyRxVuNhnFFClWRXol4AaABAg,1,0,"2025-01-08 10:57:13",@alindewi9786,"hadirrr abangkuhhh,,i'm from hongkong,,lei hou ma koko rizky",0,,
UgyRxVuNhnFFClWRXol4AaABAg.AD1U3pg-vnXAD3DyP9M5BE,,0,"2025-01-09 03:15:00",@RizkyRiplay,"Terimakasih telah menonton",1,UgyRxVuNhnFFClWRXol4AaABAg,@alindewi9786
UgwNFIKfZkjbJftyjpF4AaABAg,0,0,"2025-01-08 10:55:46",@NiaAprilia-w9j,"Kak episode pacar psikopat kapan tayang part2 nya? Pnasaran nih",0,,
UgyrZquALQZpLynnGfh4AaABAg,1,0,"2025-01-08 10:55:27",@Awilda-f1c,"Bang kapan upload cewek yang obsesi bang soalnya seru bangett drama",0,,
UgyrZquALQZpLynnGfh4AaABAg.AD1TrrVDLRiAD3E2aOYKVK,,0,"2025-01-09 03:15:43",@RizkyRiplay,"Ditunggu ya sob, animatornya lagi persiapan buat merried soalnya",1,UgyrZquALQZpLynnGfh4AaABAg,@Awilda-f1c
Ugw25k2fDzuzN2rHr2N4AaABAg,1,6,"2025-01-08 10:54:43",@DillaNrfdilla,"Penonton setia bang rizky riplay hampir semua video nya udh aku tonton 🎉",0,,
Ugw25k2fDzuzN2rHr2N4AaABAg.AD1TmV9H9GRAD3E67ZKjmi,,1,"2025-01-09 03:16:12",@RizkyRiplay,"Terimakasih telah menonton",1,Ugw25k2fDzuzN2rHr2N4AaABAg,@DillaNrfdilla
UgycMYffZSw6OFGLwL14AaABAg,1,0,"2025-01-08 10:53:10",@anisharani-c4x,"akhirnya lanjut lagi",0,,
UgycMYffZSw6OFGLwL14AaABAg.AD1TbFCPrjfAD3E6c_DpJx,,0,"2025-01-09 03:16:16",@RizkyRiplay,"Terimakasih telah menonton",1,UgycMYffZSw6OFGLwL14AaABAg,@anisharani-c4x
UgymvirQqsDv4qPJME14AaABAg,1,0,"2025-01-08 10:51:50",@Renataamira2010,"Semoga orang-orang Indonesia tidak main judi lagi ya soalnya judi itu tuh dosa kita jadi kita nggak boleh main judi jadi semoga orang-orang Indonesia yang main judi itu makin dikit jangan makin banyak semoga aplikasi seperti itu akan hilang dan kalian itu kalau mau kaya kalian harus berusaha ya jadi jangan main judi Oke terima kasih assalamualaikum warahmatullahi wabarakatuh❤❤❤😊",0,,
UgymvirQqsDv4qPJME14AaABAg.AD1TSPXl4aSAD3E7Sht33U,,0,"2025-01-09 03:16:23",@RizkyRiplay,"Semoga ada pembelajaran yang bisa diambil dari cerita di atas ya sob",1,UgymvirQqsDv4qPJME14AaABAg,@Renataamira2010
UgyhCS2EGdCrNpoYx4N4AaABAg,1,0,"2025-01-08 10:49:42",@RokaaUSA,"Anjr, modar ceunah😂, ngakakk. hahaha",0,,
UgyhCS2EGdCrNpoYx4N4AaABAg.AD1TCqXFav6AD3E8-iacP4,,0,"2025-01-09 03:16:27",@RizkyRiplay,"Terimakasih telah menonton",1,UgyhCS2EGdCrNpoYx4N4AaABAg,@RokaaUSA
UgyKQ49JkDHOson5Wml4AaABAg,1,1,"2025-01-08 10:48:13",@asianboi5577,"Aku ke penonton brp nih?😢",0,,
UgyKQ49JkDHOson5Wml4AaABAg.AD1T1syZq6JAD3E8kAndpy,,0,"2025-01-09 03:16:33",@RizkyRiplay,"Terimakasih telah menonton",1,UgyKQ49JkDHOson5Wml4AaABAg,@asianboi5577
Ugz_XAN1AXkTqKEDMZF4AaABAg,1,1,"2025-01-08 10:47:37",@NemoGame22,"akhrinyaaa bangg, makasihh🎉😭🤍",0,,
Ugz_XAN1AXkTqKEDMZF4AaABAg.AD1SyZchxxsAD3E9DdxLr-,,0,"2025-01-09 03:16:37",@RizkyRiplay,"Terimakasih telah menonton",1,Ugz_XAN1AXkTqKEDMZF4AaABAg,@NemoGame22
Ugy2dkI6omkTxSgIFiJ4AaABAg,1,0,"2025-01-08 10:46:21",@amingusti4085,"kenapa ada iklan pinjam uang",0,,
Ugy2dkI6omkTxSgIFiJ4AaABAg.AD1SpKLZFBEAD3ECeEFZOd,,0,"2025-01-09 03:17:05",@RizkyRiplay,"Kalau iklan kita ga bisa ngantur ya sob",1,Ugy2dkI6omkTxSgIFiJ4AaABAg,@amingusti4085
UgxYgvHQTAchzPdV1814AaABAg,1,0,"2025-01-08 10:45:39",@YaniPurba-y5o,"ah, gk puas sama endingnya",0,,
UgxYgvHQTAchzPdV1814AaABAg.AD1Sk6TUwhNAD3EFuuWDLX,,0,"2025-01-09 03:17:32",@RizkyRiplay,"Terimakasih telah menonton",1,UgxYgvHQTAchzPdV1814AaABAg,@YaniPurba-y5o
UgyfO_qAFd4wcYLMNAF4AaABAg,2,0,"2025-01-08 10:45:16",@Naura_aja_kok,Gercap,0,,
UgyfO_qAFd4wcYLMNAF4AaABAg.AD1ShNZnu_fAD3EI6jHvga,,0,"2025-01-09 03:17:50",@RizkyRiplay,"Terimakasih telah menonton",1,UgyfO_qAFd4wcYLMNAF4AaABAg,@Naura_aja_kok
UgyfO_qAFd4wcYLMNAF4AaABAg.AD1ShNZnu_fAD3Fjur5X_W,,0,"2025-01-09 03:30:30",@Naura_aja_kok,"Sama sama semangat bikin konyennya ❤❤❤😊😊",1,UgyfO_qAFd4wcYLMNAF4AaABAg,@Naura_aja_kok
Ugy_zYCNz2lhYVhbyWx4AaABAg,1,0,"2025-01-08 10:44:19",@nathanarkananta2280,Hadir,0,,
Ugy_zYCNz2lhYVhbyWx4AaABAg.AD1SaPuxjspAD3pGlSOlHZ,,0,"2025-01-09 08:49:42",@RizkyRiplay,"Terimakasih telah menonton",1,Ugy_zYCNz2lhYVhbyWx4AaABAg,@nathanarkananta2280
UgzBmMUvUgpIMEpGrNl4AaABAg,1,0,"2025-01-08 10:41:13",@muslimahat-thohiri9405,"😢😢😢ksian bnget",0,,
UgzBmMUvUgpIMEpGrNl4AaABAg.AD1SEfSPvu1AD3ELdrv8w3,,0,"2025-01-09 03:18:19",@RizkyRiplay,"Terimakasih telah menonton",1,UgzBmMUvUgpIMEpGrNl4AaABAg,@muslimahat-thohiri9405
UgxTJ0qQny-pr7f4HH54AaABAg,0,0,"2025-01-08 10:40:26",@muslimahat-thohiri9405,🎉🎉🎉,0,,
UgwMzhRJXbOyRVemXl54AaABAg,1,0,"2025-01-08 10:39:12",@NazwaSilvi-z3t,"bang banyakin film yg ga horor plis🙏🙏",0,,
UgwMzhRJXbOyRVemXl54AaABAg.AD1S-y6WRJWAD3EM98ibzy,,0,"2025-01-09 03:18:23",@RizkyRiplay,"Terimakasih telah menonton",1,UgwMzhRJXbOyRVemXl54AaABAg,@NazwaSilvi-z3t
Ugxx0ObN-rXiaolHnit4AaABAg,1,0,"2025-01-08 10:36:12",@WongLapindoDoank,"Bikin cerita pocong dan kunti lgi donk kak...",0,,
Ugxx0ObN-rXiaolHnit4AaABAg.AD1RerstXTjAD3EX8Hc6-1,,1,"2025-01-09 03:19:53",@RizkyRiplay,"Terimakasih sob sudah request",1,Ugxx0ObN-rXiaolHnit4AaABAg,@WongLapindoDoank
UgxsQctYVXDn9o8Ugz14AaABAg,1,0,"2025-01-08 10:35:53",@widiaaura6536,"Halo selamat tahun baru ❤",0,,
UgxsQctYVXDn9o8Ugz14AaABAg.AD1RcZpA0KPAD3EiQg0uby,,0,"2025-01-09 03:21:34",@RizkyRiplay,"Haloo sob selamat tahun baru juga",1,UgxsQctYVXDn9o8Ugz14AaABAg,@widiaaura6536
Ugx0GvuaHTLaHS97Jsx4AaABAg,1,0,"2025-01-08 10:34:46",@YaniPurba-y5o,"naahh gini nih baru bisa tidur nyenyak 😭",0,,
Ugx0GvuaHTLaHS97Jsx4AaABAg.AD1RVR3T8x2AD3Ek18sVvv,,0,"2025-01-09 03:21:47",@RizkyRiplay,"Terimakasih telah menonton",1,Ugx0GvuaHTLaHS97Jsx4AaABAg,@YaniPurba-y5o
UgxXW_TxuF1p0xc2dCp4AaABAg,1,1,"2025-01-08 10:34:35",@shortyt-r9j,"Namanya game sudah di atur Ngapain ngarep ngarep 👍🤪😜",0,,
UgxXW_TxuF1p0xc2dCp4AaABAg.AD1RU8pWh5zAD3ElR5Qkgw,,0,"2025-01-09 03:21:58",@RizkyRiplay,"Semoga ada pembelajaran yang bisa diambil dari cerita di atas ya sob",1,UgxXW_TxuF1p0xc2dCp4AaABAg,@shortyt-r9j
Ugz160owPVHiYzInFYh4AaABAg,1,0,"2025-01-08 10:25:06",@JoniRidwan,"Keren bang Rizky... Pas banget... Bnyak peminat pinjol n judol heboh semenjak corona sampe sekarang pada ketagihan judol n pinjol kak... Da yang sampe hbis2 San pun tetep gak kapok. Semoga ditahun baru 2025 ini banyak peminat pinjol dan judol tobat",0,,
Ugz160owPVHiYzInFYh4AaABAg.AD1QOgPoK05AD3FFWU8Z0t,,0,"2025-01-09 03:26:13",@RizkyRiplay,"Terimakasih atas supportnya sob",1,Ugz160owPVHiYzInFYh4AaABAg,@JoniRidwan
UgxA20ULt1ckbGudweF4AaABAg,1,0,"2025-01-08 10:25:01",@BOBOIBOY-HALILINTAR123,"Seruh kali",0,,
UgxA20ULt1ckbGudweF4AaABAg.AD1QO2-vV8iAD3FGAF52Gv,,0,"2025-01-09 03:26:18",@RizkyRiplay,"Terimakasih telah menonton",1,UgxA20ULt1ckbGudweF4AaABAg,@BOBOIBOY-HALILINTAR123
Ugz3aGCe3nEXguzrh-x4AaABAg,1,1,"2025-01-08 10:24:02",@V.E.S.T.E.T.I.C,"Yg nonton 2025 👇🏻👇🏻😊",0,,
Ugz3aGCe3nEXguzrh-x4AaABAg.AD1QGqutWFqAD3FHuviKGa,,0,"2025-01-09 03:26:33",@RizkyRiplay,"Terimakasih telah menonton",1,Ugz3aGCe3nEXguzrh-x4AaABAg,@V.E.S.T.E.T.I.C
Ugw2z5_fsC_JFi4uxs14AaABAg,1,0,"2025-01-08 10:19:49",@vinojunior4878,"thankyou rizky riplay 🎉",0,,
Ugw2z5_fsC_JFi4uxs14AaABAg.AD1PmySV34CAD3FIJbtk0c,,0,"2025-01-09 03:26:36",@RizkyRiplay,"Terimakasih telah menonton",1,Ugw2z5_fsC_JFi4uxs14AaABAg,@vinojunior4878
UgxFRx2WZiuo_lqbBhB4AaABAg,1,8,"2025-01-08 10:19:46",@HhanHan-st15,"9:01 ddk nya imut banget wkwk",0,,
UgxFRx2WZiuo_lqbBhB4AaABAg.AD1Pm_C9gkuAD3FJj7B-ZK,,1,"2025-01-09 03:26:48",@RizkyRiplay,"Terimakasih telah menonton",1,UgxFRx2WZiuo_lqbBhB4AaABAg,@HhanHan-st15
Ugx_UkzOYJe1vfvyfD54AaABAg,2,298,"2025-01-08 10:17:00",@trimaryani4771,"Posisinya pokoknya msh teratas, animasi horor juara 1 Rizky riplay mah top bgt. Perfect...",0,,
Ugx_UkzOYJe1vfvyfD54AaABAg.AD1PTEJ-KaGAD3FseScElm,,21,"2025-01-09 03:31:42",@RizkyRiplay,"Terimakasih atas supportnya sob",1,Ugx_UkzOYJe1vfvyfD54AaABAg,@trimaryani4771
Ugx_UkzOYJe1vfvyfD54AaABAg.AD1PTEJ-KaGANByN2hJoBt,,0,"2025-09-18 01:57:04",@tuti_isnaw,"Setuju.. lihat channel lain kaya kurang suka karena terbiasa lihat Rizki riplay. Hihihihihi",1,Ugx_UkzOYJe1vfvyfD54AaABAg,@trimaryani4771
UgxgD17iYcWou1PGuhd4AaABAg,2,0,"2025-01-08 10:15:17",@Sin_1-u1s,Telat,0,,
UgxgD17iYcWou1PGuhd4AaABAg.AD1PGkConveAD3FtOh0YgJ,,1,"2025-01-09 03:31:48",@RizkyRiplay,"Gapapa sob yang penting nonton",1,UgxgD17iYcWou1PGuhd4AaABAg,@Sin_1-u1s
UgxgD17iYcWou1PGuhd4AaABAg.AD1PGkConveAD3GNBuQuAj,,0,"2025-01-09 03:36:00",@Sin_1-u1s,"@RizkyRiplay  Siap",1,UgxgD17iYcWou1PGuhd4AaABAg,@Sin_1-u1s
UgyUwIKQCN_fYSS_Lpl4AaABAg,1,0,"2025-01-08 10:14:09",@zahrodaina8435,"telat nih mas Rizky ❤",0,,
UgyUwIKQCN_fYSS_Lpl4AaABAg.AD1P8Q6G6wKAD3FtrVclPt,,0,"2025-01-09 03:31:52",@RizkyRiplay,"Gapapa sob yang penting nonton",1,UgyUwIKQCN_fYSS_Lpl4AaABAg,@zahrodaina8435
Ugw1LfR8u0OLFdUdna14AaABAg,1,0,"2025-01-08 10:12:49",@andoprananto4645,"maaf saya telat tapi tetap nonton sukses selalu bang",0,,
Ugw1LfR8u0OLFdUdna14AaABAg.AD1OzgEWATHAD3Fu6hqLOV,,1,"2025-01-09 03:31:54",@RizkyRiplay,"Gapapa sob yang penting nonton",1,Ugw1LfR8u0OLFdUdna14AaABAg,@andoprananto4645
Ugzd1VBJSkN0-Lqs_fB4AaABAg,1,0,"2025-01-08 10:11:04",@LismanSop,"Filem kartun bagus aku suka",0,,
Ugzd1VBJSkN0-Lqs_fB4AaABAg.AD1Omhv961nAD3FygJ9Ox3,,0,"2025-01-09 03:32:31",@RizkyRiplay,"Terimakasih telah menonton",1,Ugzd1VBJSkN0-Lqs_fB4AaABAg,@LismanSop
UgwgQkJl1UBlsl09UVh4AaABAg,1,0,"2025-01-08 10:10:06",@akhmadabiyu1920,"coba kak sesekali bikin skenario kaya action gitu",0,,
UgwgQkJl1UBlsl09UVh4AaABAg.AD1Ofn6MU11AD3FzZBl-S4,,0,"2025-01-09 03:32:38",@RizkyRiplay,"Terimakasih atas sarannya",1,UgwgQkJl1UBlsl09UVh4AaABAg,@akhmadabiyu1920
UgwvVZ129rJqpyiSyUt4AaABAg,1,0,"2025-01-08 10:08:02",@mndd237,Gerceppp,0,,
UgwvVZ129rJqpyiSyUt4AaABAg.AD1ORbgws5rAD3G-16lKNQ,,0,"2025-01-09 03:32:42",@RizkyRiplay,"Terimakasih telah menonton",1,UgwvVZ129rJqpyiSyUt4AaABAg,@mndd237
UgxBi09haHRM3ku-gU14AaABAg,1,0,"2025-01-08 10:05:02",@wildanwiyanto-b4j,"Gercep maaf telat 7 jam",0,,
UgxBi09haHRM3ku-gU14AaABAg.AD1O5c3pnfRAD3G2nV34aP,,0,"2025-01-09 03:33:13",@RizkyRiplay,"Gapapa sob yang penting nonton",1,UgxBi09haHRM3ku-gU14AaABAg,@wildanwiyanto-b4j
UgzJFxac1hg7jwtEIwN4AaABAg,3,0,"2025-01-08 10:03:46",@HestiYustian,"Ini cerita beneran gak sih apa ke. Upin ipin aja",0,,
UgzJFxac1hg7jwtEIwN4AaABAg.AD1NxOH4jiFAD1OEQn0Ply,,0,"2025-01-08 10:06:14",@ChetrinePricilla,"engga kak, ini cerita cuma fiktif belaka aja cuma dari cerita ini kita bisa ngerasain dn ga buat nyoba²",1,UgzJFxac1hg7jwtEIwN4AaABAg,@HestiYustian
UgzJFxac1hg7jwtEIwN4AaABAg.AD1NxOH4jiFAD1fzQn19B-,,0,"2025-01-08 12:50:04",@HestiYustian,"@ChetrinePricilla  owalah",1,UgzJFxac1hg7jwtEIwN4AaABAg,@HestiYustian
UgzJFxac1hg7jwtEIwN4AaABAg.AD1NxOH4jiFAD3G5tQqAHW,,1,"2025-01-09 03:33:38",@RizkyRiplay,"Ini cerita fiktif ya sob",1,UgzJFxac1hg7jwtEIwN4AaABAg,@HestiYustian
UgyGz0G0eq8CywWupIJ4AaABAg,1,1,"2025-01-08 10:00:35",@Asmara701,"Konten yg sangat mengedukasi sekali ❤",0,,
UgyGz0G0eq8CywWupIJ4AaABAg.AD1Na0AUyO5AD3G6rltt0V,,1,"2025-01-09 03:33:46",@RizkyRiplay,"Terimakasih telah menonton",1,UgyGz0G0eq8CywWupIJ4AaABAg,@Asmara701
Ugzgk2VjWesL64qZnXp4AaABAg,1,0,"2025-01-08 10:00:26",@agstn_06,"Yang gercep udah ngga sbaar liat part 2 inii☝☝☝",0,,
Ugzgk2VjWesL64qZnXp4AaABAg.AD1N_-5FDk9AD3G7ECyKOu,,0,"2025-01-09 03:33:49",@RizkyRiplay,"Terimakasih telah menonton",1,Ugzgk2VjWesL64qZnXp4AaABAg,@agstn_06
UgxhTdD1_p1NbGk8AbB4AaABAg,1,0,"2025-01-08 10:00:25",@terataisakafa1752,"Semoga kita semua di cukupkan rezeki dan di jauhkan pinjol🤲",0,,
UgxhTdD1_p1NbGk8AbB4AaABAg.AD1NZpqROn5AD3GCJWCH-5,,0,"2025-01-09 03:34:31",@RizkyRiplay,"Semoga ada pembelajaran yang bisa diambil dari cerita di atas ya sob",1,UgxhTdD1_p1NbGk8AbB4AaABAg,@terataisakafa1752
UgyO47A1fjcAWRpb7KN4AaABAg,1,0,"2025-01-08 09:59:37",@dinacecaria9276,"Seruuu bgtt.nungguin 8 januari akhir nya jadii vidionya,Semangatt Buat rizky riplayy",0,,
UgyO47A1fjcAWRpb7KN4AaABAg.AD1NTyzul6YAD3GDn-W4jS,,0,"2025-01-09 03:34:43",@RizkyRiplay,"Terimakasih telah menonton",1,UgyO47A1fjcAWRpb7KN4AaABAg,@dinacecaria9276
UgxW_naJOuHNk2yFqcZ4AaABAg,1,0,"2025-01-08 09:58:44",@bidunbidun-x3b,"rizky riplay Andy Riplay next buatin film kiamat full episode ❤aminn",0,,
UgxW_naJOuHNk2yFqcZ4AaABAg.AD1NNWRlrnGAD3GEYqWll-,,0,"2025-01-09 03:34:49",@RizkyRiplay,"Terimakasih atas sarannya",1,UgxW_naJOuHNk2yFqcZ4AaABAg,@bidunbidun-x3b
UgxGH0ufFyOhwOmwlB14AaABAg,1,0,"2025-01-08 09:56:17",@Justin123Justin-z4c,"Ketinggalan 😭😭😭😭",0,,
UgxGH0ufFyOhwOmwlB14AaABAg.AD1N5WVg2e7AD3GF0oel-l,,0,"2025-01-09 03:34:53",@RizkyRiplay,"Gapapa sob yang penting nonton",1,UgxGH0ufFyOhwOmwlB14AaABAg,@Justin123Justin-z4c
Ugx3RaDvEwHmhD9wmrR4AaABAg,1,1,"2025-01-08 09:55:45",@RubiAnsyah-w8e,Eeemmmm,0,,
Ugx3RaDvEwHmhD9wmrR4AaABAg.AD1N1d2IUaOAD3GKlt2Kp5,,0,"2025-01-09 03:35:40",@RizkyRiplay,"Terimakasih telah menonton",1,Ugx3RaDvEwHmhD9wmrR4AaABAg,@RubiAnsyah-w8e
UgxWZGdbKJM03sSDmyJ4AaABAg,1,0,"2025-01-08 09:55:28",@asepbetta9952,"Polisi selalu telat 😅",0,,
UgxWZGdbKJM03sSDmyJ4AaABAg.AD1N-YSRTHXAD3GLMjy4xK,,0,"2025-01-09 03:35:45",@RizkyRiplay,"Terimakasih telah menonton",1,UgxWZGdbKJM03sSDmyJ4AaABAg,@asepbetta9952
UgxT1hi4MIgVDw4-gON4AaABAg,1,0,"2025-01-08 09:55:12",@kharrismaulana3968,"Secara nggak langsung seperti Pinjol, Rentenir, dan apapun itu yang menguntungkan sebesar besarnya yang mana adanya mengorbankan hidup orang maka itu sudah termasuk melakukan pesugihan sama halnya pesugihan yang melibatkan akad dengan dukun dan bangsa jin meskipun itu tanpa adanya akad dengan dukun dan bangsa jin. Nggak menggaji pekerja aja udah termasuk pesugihan lho. Mengapa demikian ? Karena itu adanya korban yang tak lain sebagai tumbal. Lu memang dikasih kekayaan dan kejayaan diwaktu yang dekat namun suatu saat lu yang akan menjadi tumbalnya yang dimana tumbalnya adalah segala sesuatu yang berharga di hidup lu.",0,,
UgxT1hi4MIgVDw4-gON4AaABAg.AD1Mye7VDqaAD3GOXNoGPL,,0,"2025-01-09 03:36:11",@RizkyRiplay,"Semoga ada pembelajaran yang bisa diambil dari cerita di atas ya sob",1,UgxT1hi4MIgVDw4-gON4AaABAg,@kharrismaulana3968
UgzVqUl1xqp_VXwNMx54AaABAg,1,0,"2025-01-08 09:53:26",@KikiSamsung-zt1fx,"Akhirnya yg fitunggu tunggu apluod lagi",0,,
UgzVqUl1xqp_VXwNMx54AaABAg.AD1MlgmObsKAD3GQ8H8o01,,0,"2025-01-09 03:36:24",@RizkyRiplay,"Terimakasih telah menonton",1,UgzVqUl1xqp_VXwNMx54AaABAg,@KikiSamsung-zt1fx
UgxNi_OxFQv4u0lX_pZ4AaABAg,1,0,"2025-01-08 09:53:06",@rossiariyanto8752,"Yang di tunggu"" nih",0,,
UgxNi_OxFQv4u0lX_pZ4AaABAg.AD1MjBZjdObAD3GQ_IVLbn,,0,"2025-01-09 03:36:28",@RizkyRiplay,"Terimakasih telah menonton",1,UgxNi_OxFQv4u0lX_pZ4AaABAg,@rossiariyanto8752
UgzUmALG2SW6Xdg1N1J4AaABAg,1,0,"2025-01-08 09:42:36",@Banana_Anzug,"GG mas terus kan perjuangan bikin animasi",0,,
UgzUmALG2SW6Xdg1N1J4AaABAg.AD1LXMO7kSKAD3GWkHxrxk,,0,"2025-01-09 03:37:18",@RizkyRiplay,"Terimakasih telah menonton",1,UgzUmALG2SW6Xdg1N1J4AaABAg,@Banana_Anzug
Ugw-ndqK4xQMRyzHrat4AaABAg,1,0,"2025-01-08 09:39:53",@lin4107,"Hadir 🎉🎉🎉",0,,
Ugw-ndqK4xQMRyzHrat4AaABAg.AD1LDOqWFxgAD3GXMUh7g9,,0,"2025-01-09 03:37:24",@RizkyRiplay,"Terimakasih telah menonton",1,Ugw-ndqK4xQMRyzHrat4AaABAg,@lin4107
UgwfRM2Y1ND04vPKfcB4AaABAg,1,0,"2025-01-08 09:37:30",@virall..ahh.....,"Bagus banget tapi sayang cuma sampai part 2😮😢",0,,
UgwfRM2Y1ND04vPKfcB4AaABAg.AD1Kwy1klv0AD3GY09u9hi,,0,"2025-01-09 03:37:29",@RizkyRiplay,"Terimakasih telah menonton",1,UgwfRM2Y1ND04vPKfcB4AaABAg,@virall..ahh.....
Ugwv-uX9m-KAhT4A4_54AaABAg,1,0,"2025-01-08 09:33:31",@aul_xyyzz,"gercep nih bang rizky",0,,
Ugwv-uX9m-KAhT4A4_54AaABAg.AD1KUrhiZKlAD3GdsVVMZu,,0,"2025-01-09 03:38:25",@RizkyRiplay,"Terimakasih telah menonton",1,Ugwv-uX9m-KAhT4A4_54AaABAg,@aul_xyyzz
Ugy7tGwCAlwdulkLV-Z4AaABAg,1,0,"2025-01-08 09:31:53",@alseven77-u4m,"Bikin terus konten judol dan pinjol min biar saya semangat",0,,
Ugy7tGwCAlwdulkLV-Z4AaABAg.AD1KIpUm6cDAD3Gmszjtsk,,0,"2025-01-09 03:39:39",@RizkyRiplay,"Terimakasih atas sarannya",1,Ugy7tGwCAlwdulkLV-Z4AaABAg,@alseven77-u4m
UgwUGZOjOjng0rod9PB4AaABAg,1,0,"2025-01-08 09:30:43",@fyrahqiyah37910,"Akhirnya up juga,,semangat terus riplay and team buat vidio azab gini👍🏻",0,,
UgwUGZOjOjng0rod9PB4AaABAg.AD1KAHDr7JmAD3Gtru5hr_,,1,"2025-01-09 03:40:36",@RizkyRiplay,"Terimakasih atas supportnya sob",1,UgwUGZOjOjng0rod9PB4AaABAg,@fyrahqiyah37910
Ugxy1kKVXCtJXIGRBwp4AaABAg,1,0,"2025-01-08 09:30:43",@achmadzulfikar93,"Terimakasih atas kerja keras nya min buat konten baru dll",0,,
Ugxy1kKVXCtJXIGRBwp4AaABAg.AD1KAGqYmQoAD3GuUnvvTG,,0,"2025-01-09 03:40:41",@RizkyRiplay,"Terimakasih atas supportnya sob",1,Ugxy1kKVXCtJXIGRBwp4AaABAg,@achmadzulfikar93
UgzjPKDKwKbWG0P5HYh4AaABAg,1,0,"2025-01-08 09:30:36",@Srfhia,"Msyaalhh krennn bngg",0,,
UgzjPKDKwKbWG0P5HYh4AaABAg.AD1K9SF7VPhAD3GvAvMc_7,,0,"2025-01-09 03:40:47",@RizkyRiplay,"Terimakasih telah menonton",1,UgzjPKDKwKbWG0P5HYh4AaABAg,@Srfhia
UgyGwdKhFiMVojpHw3Z4AaABAg,1,0,"2025-01-08 09:30:18",@SantiWtp-u9h,"Telat 6 jam nihhh",0,,
UgyGwdKhFiMVojpHw3Z4AaABAg.AD1K7CmJ9NJAD3Gv_wqiN2,,0,"2025-01-09 03:40:50",@RizkyRiplay,"Gapapa sob yang penting nonton",1,UgyGwdKhFiMVojpHw3Z4AaABAg,@SantiWtp-u9h
UgzMTvlc_mnWG-rp-sV4AaABAg,1,14,"2025-01-08 09:28:46",@belvahaidachannel7144,"Aku tiap hari nungguin episode terbaru RR. Kdng serem, kdng ngakak juga, sukses slalu Bang Rizky...🤲😇",0,,
UgzMTvlc_mnWG-rp-sV4AaABAg.AD1Jx3svY-eAD3H5bJlld3,,3,"2025-01-09 03:42:20",@RizkyRiplay,"Terimakasih telah menonton",1,UgzMTvlc_mnWG-rp-sV4AaABAg,@belvahaidachannel7144
UgyK7KuxtQiFgRaFe4V4AaABAg,1,0,"2025-01-08 09:27:56",@elinasimangunsong4252,Gercep,0,,
UgyK7KuxtQiFgRaFe4V4AaABAg.AD1JqvOdWqwAD3H6-T_qpz,,0,"2025-01-09 03:42:24",@RizkyRiplay,"Terimakasih telah menonton",1,UgyK7KuxtQiFgRaFe4V4AaABAg,@elinasimangunsong4252
Ugz1LfZO_Whp6fli5jJ4AaABAg,1,0,"2025-01-08 09:24:27",@bndsp2626,"Judol + Pinjol: Combo Mematikan",0,,
Ugz1LfZO_Whp6fli5jJ4AaABAg.AD1JSSkg52JAD3H7vKMJ8n,,1,"2025-01-09 03:42:39",@RizkyRiplay,"Semoga ada pembelajaran yang bisa diambil dari cerita di atas ya sob",1,Ugz1LfZO_Whp6fli5jJ4AaABAg,@bndsp2626
UgyB2erOhyKPNHMqG-B4AaABAg,1,0,"2025-01-08 09:23:32",@HairulazamHairulanam,"Bang buatin versi di guna guna oleh tetangga yang iri bg pliss semoga vt ny rame , saya tunggu film nya ,terima kasih",0,,
UgyB2erOhyKPNHMqG-B4AaABAg.AD1JLeChW84AD3HDZjzMV0,,0,"2025-01-09 03:43:26",@RizkyRiplay,"Terimakasih atas sarannya",1,UgyB2erOhyKPNHMqG-B4AaABAg,@HairulazamHairulanam
UgwB7rfsDVsj-K3kOAl4AaABAg,1,0,"2025-01-08 09:22:34",@SabilahNurHalizah-is4jj,"Semangat dan Sukses Selalu : )😍🥳🔥",0,,
UgwB7rfsDVsj-K3kOAl4AaABAg.AD1JEf2DQTUAD3HCs0Yo5t,,1,"2025-01-09 03:43:20",@RizkyRiplay,"Terimakasih atas supportnya sob",1,UgwB7rfsDVsj-K3kOAl4AaABAg,@SabilahNurHalizah-is4jj
UgyKl--V2WPu_5m7xrF4AaABAg,1,0,"2025-01-08 09:22:16",@SabilahNurHalizah-is4jj,"Next Bang Riz : )❤",0,,
UgyKl--V2WPu_5m7xrF4AaABAg.AD1JCPL1jysAD3HEwcrEz0,,1,"2025-01-09 03:43:37",@RizkyRiplay,"Ini sudah final ya sob",1,UgyKl--V2WPu_5m7xrF4AaABAg,@SabilahNurHalizah-is4jj
UgzKUCiuGzD6ytvBOz94AaABAg,0,1,"2025-01-08 09:21:27",@SabilahNurHalizah-is4jj,"Kasian bngt mereka harus tewas jg tp kematian mereka berdua gk sia²🥺",0,,
UgwN0fQbBnPo-YRYZbV4AaABAg,1,0,"2025-01-08 09:19:51",@SabilahNurHalizah-is4jj,"Heh suara Dokternya bikin meleleh🥵",0,,
UgwN0fQbBnPo-YRYZbV4AaABAg.AD1Ivltf9hMAD1JQdQjjd5,,0,"2025-01-08 09:24:12",@RizkyRiplay,"Hahhaah pasti salfok nihh",1,UgwN0fQbBnPo-YRYZbV4AaABAg,@SabilahNurHalizah-is4jj
Ugye0SnlUf_CI-Rf9Xl4AaABAg,1,0,"2025-01-08 09:19:22",@user_3-4fg7,"P emg brp model animasi nya",0,,
Ugye0SnlUf_CI-Rf9Xl4AaABAg.AD1IsEPI9TbAD3HI9nElUm,,0,"2025-01-09 03:44:03",@RizkyRiplay,"Maksudnya ada berapa animator kahh? ada banyak sob",1,Ugye0SnlUf_CI-Rf9Xl4AaABAg,@user_3-4fg7
Ugxje_OTu-o3YNBLd9J4AaABAg,1,0,"2025-01-08 09:18:20",@RanggaMufassa_94,"alur cerita semakin aku sukaaaa bangett❤❤❤",0,,
Ugxje_OTu-o3YNBLd9J4AaABAg.AD1IkbGcb-sAD1JVE_hCnS,,0,"2025-01-08 09:24:50",@RizkyRiplay,"Terimakasih telah menonton",1,Ugxje_OTu-o3YNBLd9J4AaABAg,@RanggaMufassa_94
UgySwgHXBrGfJSWHmlR4AaABAg,1,6,"2025-01-08 09:17:15",@SabilahNurHalizah-is4jj,"Aduh cute bngt suara keponakannya😍",0,,
UgySwgHXBrGfJSWHmlR4AaABAg.AD1Icdx9zXkAD1JWwvcIpp,,4,"2025-01-08 09:25:04",@RizkyRiplay,"Hahahaah salfok nihh ceritanya",1,UgySwgHXBrGfJSWHmlR4AaABAg,@SabilahNurHalizah-is4jj
Ugwf1JXsmvjA8D7sYy54AaABAg,1,0,"2025-01-08 09:16:43",@MasFaris-u7y,"Kali ini animasinya beda lebih bagus",0,,
Ugwf1JXsmvjA8D7sYy54AaABAg.AD1IZnQZRaJAD1JY3t4FTh,,0,"2025-01-08 09:25:13",@RizkyRiplay,"Terimakasih telah menonton",1,Ugwf1JXsmvjA8D7sYy54AaABAg,@MasFaris-u7y
UgxPx2qF1NXD4Iq_mPp4AaABAg,0,1,"2025-01-08 09:15:28",@hottQueen,"Duh suara dokter ny bikin meleleh❤",0,,
UgyesYNWIRs7jOVbb_x4AaABAg,1,0,"2025-01-08 09:13:17",@wonjiean,"pulang sekolah lgsg nonton ini sambil makan 🤩 semangat posting nya ka rizky 😉",0,,
UgyesYNWIRs7jOVbb_x4AaABAg.AD1IAchrUjGAD1IfX2kAZP,,0,"2025-01-08 09:17:38",@RizkyRiplay,"Terimakasih telah menonton",1,UgyesYNWIRs7jOVbb_x4AaABAg,@wonjiean
UgxOYCk46jjKMIr8rrt4AaABAg,1,0,"2025-01-08 09:13:05",@hsp6614,Mantap,0,,
UgxOYCk46jjKMIr8rrt4AaABAg.AD1I98AsrS0AD1IoWo66IJ,,0,"2025-01-08 09:18:52",@RizkyRiplay,"Terimakasih telah menonton",1,UgxOYCk46jjKMIr8rrt4AaABAg,@hsp6614
Ugxutfwecbv4Xu6JekB4AaABAg,1,0,"2025-01-08 09:10:24",@imasrahayu8902,"Hadir part 2 min",0,,
Ugxutfwecbv4Xu6JekB4AaABAg.AD1HqZ-W7clAD1IpWT_pUr,,0,"2025-01-08 09:19:00",@RizkyRiplay,"Terimakasih telah menonton",1,Ugxutfwecbv4Xu6JekB4AaABAg,@imasrahayu8902
UgxZq9-0YD2t8ghWBkZ4AaABAg,2,0,"2025-01-08 09:09:23",@muhammadjaki7641,"Hadir lagi nonton dong 👍👍👍👍👍",0,,
UgxZq9-0YD2t8ghWBkZ4AaABAg.AD1Hj3TjWiSAD1IxKNwXkG,,1,"2025-01-08 09:20:04",@RizkyRiplay,"Terimakasih telah menonton",1,UgxZq9-0YD2t8ghWBkZ4AaABAg,@muhammadjaki7641
UgxZq9-0YD2t8ghWBkZ4AaABAg.AD1Hj3TjWiSAD1Jt1Lj-YN,,0,"2025-01-08 09:28:13",@muhammadjaki7641,"@RizkyRiplay  oke",1,UgxZq9-0YD2t8ghWBkZ4AaABAg,@muhammadjaki7641
Ugy7GWBpbGhDZFdskjp4AaABAg,1,49,"2025-01-08 09:09:17",@Kekira_124,"Pulang sekolah liat hp terus ada notifikasi dari Rizky riplay langsung seneng banget 😆😆💐",0,,
Ugy7GWBpbGhDZFdskjp4AaABAg.AD1HiM05kzNAD1HwhYY1FV,,6,"2025-01-08 09:11:15",@RizkyRiplay,"Terimakasih telah menonton",1,Ugy7GWBpbGhDZFdskjp4AaABAg,@Kekira_124
UgydOmoIQ__jwtMpKWh4AaABAg,2,2,"2025-01-08 09:08:41",@RAZFCGaming,"Akhirnya part 2 muncul seru banget semua vidio rizky riplay ❤❤",0,,
UgydOmoIQ__jwtMpKWh4AaABAg.AD1HdvSVPvDAD1I11h-0n0,,1,"2025-01-08 09:11:58",@RizkyRiplay,"Yang di tunggu tunggu ya sob",1,UgydOmoIQ__jwtMpKWh4AaABAg,@RAZFCGaming
UgydOmoIQ__jwtMpKWh4AaABAg.AD1HdvSVPvDAD1KItdPMAi,,0,"2025-01-08 09:31:54",@RAZFCGaming,"@RizkyRiplay  betol banget🤣",1,UgydOmoIQ__jwtMpKWh4AaABAg,@RAZFCGaming
UgzNlaxM04cXKXE6bIN4AaABAg,1,0,"2025-01-08 09:07:12",@azizraya2608,"Kalau begitu kenapa yura tidak kerja sebagai polwan saja yura ?",0,,
UgzNlaxM04cXKXE6bIN4AaABAg.AD1HU2hK8tvAD1I6nwfu-S,,0,"2025-01-08 09:12:46",@RizkyRiplay,"Soalnya yura emang lebih tertarik jadi jurnalis sob",1,UgzNlaxM04cXKXE6bIN4AaABAg,@azizraya2608
Ugx0lZ3c5jzoK9g-6Ex4AaABAg,1,0,"2025-01-08 09:07:01",@KhalidSerazi,"Jauhkanlah Pinjol dan judol, agar kita tidak memiliki kerugian masing masing 😢👍",0,,
Ugx0lZ3c5jzoK9g-6Ex4AaABAg.AD1HSlBjteFAD1ICd-sxBU,,0,"2025-01-08 09:13:33",@RizkyRiplay,"Semoga ada pembelajaran yang bisa diambil dari cerita di atas ya sob",1,Ugx0lZ3c5jzoK9g-6Ex4AaABAg,@KhalidSerazi
UgzmTtofrgr4UeAosHp4AaABAg,0,1,"2025-01-08 09:06:33",@ratihnew8587,"ga rela klo jurnalis nya di bakar please😢",0,,
UgzWT7hN-wMdcADHdSJ4AaABAg,2,0,"2025-01-08 09:05:47",@AdAm-g2t5w,"Alhamdulillah...Sya g prnh judol atau pinjol, mnding klo g pya uang jual brang2 d rumh ja",0,,
UgzWT7hN-wMdcADHdSJ4AaABAg.AD1HJhEkgGbAD1IH3L6Pq4,,0,"2025-01-08 09:14:10",@RizkyRiplay,"Semoga ada pembelajaran yang bisa diambil dari cerita di atas ya sob",1,UgzWT7hN-wMdcADHdSJ4AaABAg,@AdAm-g2t5w
UgzWT7hN-wMdcADHdSJ4AaABAg.AD1HJhEkgGbAD1JBXJpY5S,,0,"2025-01-08 09:22:09",@AdAm-g2t5w,"@RizkyRiplay  In Syaa Allah da,Kak",1,UgzWT7hN-wMdcADHdSJ4AaABAg,@AdAm-g2t5w
Ugxgg0Y_GVAheUgavp14AaABAg,1,0,"2025-01-08 09:04:41",@mayamaulidia9816,"Masya Allah ga terasa udah 11 jt dulu bang rizky njawab in komen yang bikin aku sama temenku seneng banget kalo dijawab",0,,
Ugxgg0Y_GVAheUgavp14AaABAg.AD1HBa7ZwyIAD1IRs-ACOB,,0,"2025-01-08 09:15:38",@RizkyRiplay,"Terimakasih ya sob udah ngikutin kami dari awal",1,Ugxgg0Y_GVAheUgavp14AaABAg,@mayamaulidia9816
UgxZtSBhPYXN4iEC4BN4AaABAg,1,1,"2025-01-08 09:04:22",@azizraya2608,"Kenapa nggak di gusur saja bisnis judol dan pinjol nya bang rizky !!! Biar orang jadi tenang kalau nggak ada pinjol dan judol lagi bang rizky",0,,
UgxZtSBhPYXN4iEC4BN4AaABAg.AD1H9JwrTGTAD1IWojjRuj,,0,"2025-01-08 09:16:19",@RizkyRiplay,"Semoga ada pembelajaran yang bisa diambil dari cerita di atas ya sob",1,UgxZtSBhPYXN4iEC4BN4AaABAg,@azizraya2608
UgyR65wpCBRvlNoSVkd4AaABAg,3,7,"2025-01-08 09:02:53",@azizraya2608,"10:41 kenapa arwah yura dan ponakan nya Nggak dimakam ya bang rizky ?",0,,
UgyR65wpCBRvlNoSVkd4AaABAg.AD1GzQXcFM0AD1I_lntkoW,,2,"2025-01-08 09:16:51",@RizkyRiplay,"Mereka udah terbakar sob",1,UgyR65wpCBRvlNoSVkd4AaABAg,@azizraya2608
UgyR65wpCBRvlNoSVkd4AaABAg.AD1GzQXcFM0AD1J3-vLX3D,,1,"2025-01-08 09:20:59",@azizraya2608,"@RizkyRiplay  seperti hantu tanpa rahang aja udah dimakam kan bang rizky kok arwah yang terbakar nggak bisa di kubur kan bang rizky ?",1,UgyR65wpCBRvlNoSVkd4AaABAg,@azizraya2608
UgyR65wpCBRvlNoSVkd4AaABAg.AD1GzQXcFM0AD40acRk5Dg,,0,"2025-01-09 10:37:25",@maybe.9452,"Karena ya konten bg Rizki selalu berkaitan dengan karma",1,UgyR65wpCBRvlNoSVkd4AaABAg,@azizraya2608
UgxHxm3k46jl_y5YQlt4AaABAg,1,4,"2025-01-08 08:58:10",@nana_9e,"suka banget sama animasi animasinya bang rizky riplay 😩💕 SEMANGAT BIKIN ANIMASI NYA!!🔥🔥",0,,
UgxHxm3k46jl_y5YQlt4AaABAg.AD1GRtWigTPAD1GlrKIHXS,,2,"2025-01-08 09:01:02",@RizkyRiplay,"Terimakasih atas supportnya sob",1,UgxHxm3k46jl_y5YQlt4AaABAg,@nana_9e
UgxPQi5FC8oLJ8QRKWF4AaABAg,1,0,"2025-01-08 08:53:56",@SaifulArifin-pm8zl,Bagus😮,0,,
UgxPQi5FC8oLJ8QRKWF4AaABAg.AD1FxurbYqoAD1GEUGYWCK,,0,"2025-01-08 08:56:20",@RizkyRiplay,"Terimakasih telah menonton",1,UgxPQi5FC8oLJ8QRKWF4AaABAg,@SaifulArifin-pm8zl
UgzcrQSv5xUcALxQ7Ix4AaABAg,1,0,"2025-01-08 08:52:12",@tasyaazhrn,"yeyy yang ditunggu",0,,
UgzcrQSv5xUcALxQ7Ix4AaABAg.AD1Fl8xv7cNAD1GFyuWsX9,,1,"2025-01-08 08:56:32",@RizkyRiplay,"Terimakasih telah menonton",1,UgzcrQSv5xUcALxQ7Ix4AaABAg,@tasyaazhrn
Ugwu63RK_PrbEs5BKwt4AaABAg,2,0,"2025-01-08 08:51:29",@IniiiiDestiiiiii,"Tercandu candu sama animasi iniii❤",0,,
Ugwu63RK_PrbEs5BKwt4AaABAg.AD1Ffyzy8tqAD1FxUmz9NC,,0,"2025-01-08 08:53:53",@RizkyRiplay,"Terimakasih telah menonton",1,Ugwu63RK_PrbEs5BKwt4AaABAg,@IniiiiDestiiiiii
Ugwu63RK_PrbEs5BKwt4AaABAg.AD1Ffyzy8tqAD1H_yVVNOn,,0,"2025-01-08 09:08:08",@IniiiiDestiiiiii,"​@RizkyRiplaySama sama kak",1,Ugwu63RK_PrbEs5BKwt4AaABAg,@IniiiiDestiiiiii
Ugx9KcqK3cvfYBW4sgF4AaABAg,2,0,"2025-01-08 08:50:59",@juwitasari-xe1vy,"gara2 nonton ini jadi tauh cara kerjanya mereka,, udh kyk intel aja bang rizky ya",0,,
Ugx9KcqK3cvfYBW4sgF4AaABAg.AD1FcFPPzz_AD1G-3Qw3LB,,0,"2025-01-08 08:54:14",@RizkyRiplay,"Semoga ada pembelajaran yang bisa diambil dari cerita di atas ya sob",1,Ugx9KcqK3cvfYBW4sgF4AaABAg,@juwitasari-xe1vy
Ugx9KcqK3cvfYBW4sgF4AaABAg.AD1FcFPPzz_AD1Gj-nIR2d,,0,"2025-01-08 09:00:38",@juwitasari-xe1vy,"@RizkyRiplay  Aamiinn ya bang,, apa pun masalahnya,, selagi bsh diatasi jangan sampe pinjol atau judol",1,Ugx9KcqK3cvfYBW4sgF4AaABAg,@juwitasari-xe1vy
UgwIoykPMQClxatiDuZ4AaABAg,1,0,"2025-01-08 08:50:43",@dayaheddyrahim9401,"Aku pernah pinjam duit buat judi online terus kalah aku tapi aku bisa. Bayar hutang aku dan aku udah taubat...tak main lagi judi online",0,,
UgwIoykPMQClxatiDuZ4AaABAg.AD1FaJdPxkqAD1G1Gx1J0Y,,1,"2025-01-08 08:54:32",@RizkyRiplay,"Semoga ada pembelajaran yang bisa diambil dari cerita di atas ya sob",1,UgwIoykPMQClxatiDuZ4AaABAg,@dayaheddyrahim9401
UgxBQjV2Nyl8sVdlcQp4AaABAg,1,0,"2025-01-08 08:50:19",@talitazahra7684,"telat 5 jam gppa kan yaaa",0,,
UgxBQjV2Nyl8sVdlcQp4AaABAg.AD1FYPw67fuAD1G1oXdXTY,,0,"2025-01-08 08:54:36",@RizkyRiplay,"Gapapa sob yang penting nonton",1,UgxBQjV2Nyl8sVdlcQp4AaABAg,@talitazahra7684
UgwalGSAdwFWTiRdKTF4AaABAg,1,0,"2025-01-08 08:47:55",@noHandle320,"Absen yg udah nonton part dari kemarin",0,,
UgwalGSAdwFWTiRdKTF4AaABAg.AD1FGswvw-_AD1FXbDcKwn,,0,"2025-01-08 08:50:12",@RizkyRiplay,"Terimakasih telah menonton",1,UgwalGSAdwFWTiRdKTF4AaABAg,@noHandle320
UgylNpLaAkI2Y9hL0_l4AaABAg,1,1,"2025-01-08 08:46:06",@ijanjonathan,"Yeah bg rizky Ngonten lagi 😊",0,,
UgylNpLaAkI2Y9hL0_l4AaABAg.AD1F3VCpmFXAD1FKSa8gTN,,0,"2025-01-08 08:48:25",@RizkyRiplay,"Terimakasih telah menonton",1,UgylNpLaAkI2Y9hL0_l4AaABAg,@ijanjonathan
UgyXaAXUdpSepTL_wMN4AaABAg,1,0,"2025-01-08 08:44:57",@ameliamaya9059,"selmat menikmati Kobann slot😂🤣",0,,
UgyXaAXUdpSepTL_wMN4AaABAg.AD1Ew8KcLkwAD1FMXKFTwG,,1,"2025-01-08 08:48:42",@RizkyRiplay,"Semoga ada pembelajaran yang bisa diambil dari cerita di atas ya sob",1,UgyXaAXUdpSepTL_wMN4AaABAg,@ameliamaya9059
UgwUx0YBU5uI3WzKVr14AaABAg,1,0,"2025-01-08 08:44:42",@ameliamaya9059,"selmat menikmati Kobann slot😂🤣",0,,
UgwUx0YBU5uI3WzKVr14AaABAg.AD1EuEh8A8lAD1FOyIUuyH,,1,"2025-01-08 08:49:02",@RizkyRiplay,"Semoga ada pembelajaran yang bisa diambil dari cerita di atas ya sob",1,UgwUx0YBU5uI3WzKVr14AaABAg,@ameliamaya9059
Ugx9qom57UWPVzKT9zB4AaABAg,1,0,"2025-01-08 08:44:16",@demasebnuc8838,"Sorry banget telat abis pulang sekolah",0,,
Ugx9qom57UWPVzKT9zB4AaABAg.AD1Er3W4_ekAD1FQCst0jP,,0,"2025-01-08 08:49:12",@RizkyRiplay,"Gapapa sob yang penting nonton",1,Ugx9qom57UWPVzKT9zB4AaABAg,@demasebnuc8838
UgxWx13TMxzF2uKKpbV4AaABAg,1,0,"2025-01-08 08:43:20",@Khimoci156,"Dokter nya ganteng",0,,
UgxWx13TMxzF2uKKpbV4AaABAg.AD1EkEF13GLAD1FRo6X-ER,,0,"2025-01-08 08:49:25",@RizkyRiplay,"Mana ada dokter nya sob",1,UgxWx13TMxzF2uKKpbV4AaABAg,@Khimoci156
UgwM6MGrfVq82_d8aLJ4AaABAg,1,0,"2025-01-08 08:41:47",@SintyaMaharani-h1b,"Cocok di tonton di saat makan , biar Ndak bosen 😂",0,,
UgwM6MGrfVq82_d8aLJ4AaABAg.AD1EZuP3_P7AD1F-7YLmm9,,0,"2025-01-08 08:45:30",@RizkyRiplay,"Wahh mantap tuhh sob",1,UgwM6MGrfVq82_d8aLJ4AaABAg,@SintyaMaharani-h1b
Ugw9PIh7AV9d6jVHn-d4AaABAg,2,0,"2025-01-08 08:39:15",@Achmadhilmimubarok,"Harta bukan lah untuk berbuat judi tetapi harta hanya untuk bertahan hidup jika kalian selalu berjudi maka Allah tidak akan mengampuni kalian atas dosa kalian dan berhati-hati lah dengan berita hoax karena hoax selalu membuat berita palsu seperti layaknya judi online dan berita yang aneh aneh STOP JUDI ONLINE KARENA JUDI ONLINE BISA MEMBUAT MU RUGI semoga apa yang saya sampaikan bisa diambil pelajaran yang bisa kita petik semoga Allah akan mengampuni mu dan menyayangi mu",0,,
Ugw9PIh7AV9d6jVHn-d4AaABAg.AD1EHOrGg7zAD1E_7X3NW7,,0,"2025-01-08 08:41:49",@RizkyRiplay,"Semoga ada pembelajaran yang bisa diambil dari cerita di atas ya sob",1,Ugw9PIh7AV9d6jVHn-d4AaABAg,@Achmadhilmimubarok
Ugw9PIh7AV9d6jVHn-d4AaABAg.AD1EHOrGg7zAD1FCELC0BA,,0,"2025-01-08 08:47:17",@Achmadhilmimubarok,"@RizkyRiplay  sekali lagi terima kasih atas kepercayaan semoga Allah akan memberikan syafaat kepada sampean semoga selamat dunia dan akhirat",1,Ugw9PIh7AV9d6jVHn-d4AaABAg,@Achmadhilmimubarok
UgyHAnvZF5trffPKQ4J4AaABAg,1,0,"2025-01-08 08:37:33",@AzrilKhairullah,"Kok GK ada suaranya",0,,
UgyHAnvZF5trffPKQ4J4AaABAg.AD1E4xJrXbvAD1EaoNcizB,,0,"2025-01-08 08:42:02",@RizkyRiplay,"Ada kok sob",1,UgyHAnvZF5trffPKQ4J4AaABAg,@AzrilKhairullah
UgwGdHHMDUI_wk62ow54AaABAg,1,0,"2025-01-08 08:37:18",@dewisifaarsita2076,"ka kadang lupa loh aku film sebelum part ini jadi klo ngebaresin flim itu ya itu ya ka semoga sukses (HANYA SARAN YA)😊",0,,
UgwGdHHMDUI_wk62ow54AaABAg.AD1E34WM-NTAD1EgczWaaK,,0,"2025-01-08 08:42:50",@RizkyRiplay,"Terimakasih sarannya, kita taruh tanggal kelanjutannya di akhir video ya sob",1,UgwGdHHMDUI_wk62ow54AaABAg,@dewisifaarsita2076
UgzEX2Hu6iK--Cnl8hJ4AaABAg,0,0,"2025-01-08 08:35:34",@sai_4212,"gak habis pikir aku cuman gara gara bukti kejahatan disebar malah bakar orang yang nyebarin",0,,
UgwXwtjsBaRqBTp73Hp4AaABAg,1,1,"2025-01-08 08:34:33",@nurqsyid6682,"Ending yang sangat memuaskan 😃👍",0,,
UgwXwtjsBaRqBTp73Hp4AaABAg.AD1DjtcO6ehAD1E5-9Kv3q,,0,"2025-01-08 08:37:34",@RizkyRiplay,"Hhahaah terimakasih sudah menonton",1,UgwXwtjsBaRqBTp73Hp4AaABAg,@nurqsyid6682
Ugy_Wi6w3RWwWAXar1V4AaABAg,2,1,"2025-01-08 08:34:17",@ayukhairani129,"part 2 pacar posesif bg mana😔",0,,
Ugy_Wi6w3RWwWAXar1V4AaABAg.AD1DhvrAlivAD1EBhnqZi7,,1,"2025-01-08 08:38:29",@RizkyRiplay,"Ditunggu ya itu di undur lama soalnya, animatornya lagi persiapan married sob",1,Ugy_Wi6w3RWwWAXar1V4AaABAg,@ayukhairani129
Ugy_Wi6w3RWwWAXar1V4AaABAg.AD1DhvrAlivAD1FxTsSGxx,,0,"2025-01-08 08:53:53",@ayukhairani129,"@RizkyRiplay oke siap bg",1,Ugy_Wi6w3RWwWAXar1V4AaABAg,@ayukhairani129
Ugy5bdvs5GtgH4Bom3p4AaABAg,1,0,"2025-01-08 08:33:06",@rastialifah322,"Tim telat",0,,
Ugy5bdvs5GtgH4Bom3p4AaABAg.AD1D_Mftc3oAD1EGY49LPn,,0,"2025-01-08 08:39:08",@RizkyRiplay,"Gapapa sob yang penting nonton",1,Ugy5bdvs5GtgH4Bom3p4AaABAg,@rastialifah322
Ugwyxrlg8LQAH9kjApl4AaABAg,1,0,"2025-01-08 08:33:05",@rastialifah322,"Tim telat",0,,
Ugwyxrlg8LQAH9kjApl4AaABAg.AD1D_EKmnXnAD1EH3olH3f,,0,"2025-01-08 08:39:13",@RizkyRiplay,"Gapapa sob yang penting nonton",1,Ugwyxrlg8LQAH9kjApl4AaABAg,@rastialifah322
Ugws_gYNWaJXYo9_ZxJ4AaABAg,1,1,"2025-01-08 08:30:53",@hanaambarwati5003,"ka rizky buat video horror komedi yg durasinya lama donggg hhee.. btw semangat terus yaa buat ka rizky smga sehat selalu dan dilancarkan rezekinya aamiin..🤲",0,,
Ugws_gYNWaJXYo9_ZxJ4AaABAg.AD1DK2NFM2HAD1DhrjGsRO,,0,"2025-01-08 08:34:16",@RizkyRiplay,"Terimakasih atas sarannya",1,Ugws_gYNWaJXYo9_ZxJ4AaABAg,@hanaambarwati5003
UgxXo-yTfyweyr1aWbJ4AaABAg,1,0,"2025-01-08 08:29:56",@dixvinaanindap3601,"yang nnton pasti umur 20+",0,,
UgxXo-yTfyweyr1aWbJ4AaABAg.AD1DD9gcnGoAD1DipqSJFa,,0,"2025-01-08 08:34:24",@RizkyRiplay,"Terimakasih telah menonton",1,UgxXo-yTfyweyr1aWbJ4AaABAg,@dixvinaanindap3601
UgwO448KBVZ2ISk50ox4AaABAg,0,2,"2025-01-08 08:29:47",@NursabilaAgustin,"Orang bodoh didunia ini 1. Judi online 2. Selingkuh",0,,
UgzhVu6mqA3lx03GPQV4AaABAg,1,2,"2025-01-08 08:28:02",@ALICIA-TANG,"makasih ya bang rizki, udah membuat video yang memberi kita pelajaran. semoga Allah pempermudahkan urusan abng Amin",0,,
UgzhVu6mqA3lx03GPQV4AaABAg.AD1D-E9QoZwAD1DrpSTBm0,,0,"2025-01-08 08:35:38",@RizkyRiplay,"Terimakasih atas doanya sob",1,UgzhVu6mqA3lx03GPQV4AaABAg,@ALICIA-TANG
UgzX3YB1a22KVJ48T-R4AaABAg,1,0,"2025-01-08 08:26:56",@AsshadiqMuhammadwahidasshadiqa,"gercep gak nih",0,,
UgzX3YB1a22KVJ48T-R4AaABAg.AD1Cs53AIVeAD1Dut7mlwH,,0,"2025-01-08 08:36:03",@RizkyRiplay,"Wahh kurang nihh sob, tapi gapapa yang penting nonton sihh",1,UgzX3YB1a22KVJ48T-R4AaABAg,@AsshadiqMuhammadwahidasshadiqa
Ugwxv8HKSEe1W75VZr94AaABAg,1,50,"2025-01-08 08:20:00",@sonicwe,"Mantap ditunggu cerita lainnya ",0,,
Ugwxv8HKSEe1W75VZr94AaABAg.AD1C4IyTnsJAD1CyYKNGFf,,7,"2025-01-08 08:27:48",@RizkyRiplay,"Terimakasih telah menonton",1,Ugwxv8HKSEe1W75VZr94AaABAg,@sonicwe
UgxVVXkdO6Nk8Fa1fdh4AaABAg,1,0,"2025-01-08 08:19:10",@unknownfoolman,"AKHIRNYA DATANG JUGA PART 2-NYA!!",0,,
UgxVVXkdO6Nk8Fa1fdh4AaABAg.AD1BzCgk6-DAD1D-W4TM6k,,0,"2025-01-08 08:28:05",@RizkyRiplay,"Yang di tunggu tunggu ya",1,UgxVVXkdO6Nk8Fa1fdh4AaABAg,@unknownfoolman
Ugy6BKiwi6QxDllc4_h4AaABAg,1,0,"2025-01-08 08:18:19",@ttyy06,"Ketinggalan 5 jm yg lalu gk ngaruh kn😭😭",0,,
Ugy6BKiwi6QxDllc4_h4AaABAg.AD1Bt5FUolSAD1C9YS6tuN,,0,"2025-01-08 08:20:42",@RizkyRiplay,"Gapapa sob yang penting nonton",1,Ugy6BKiwi6QxDllc4_h4AaABAg,@ttyy06
UgwyhM3p6dUw_2hp3od4AaABAg,1,0,"2025-01-08 08:17:28",@aris798-77,"Semangat terus bang Sama yang tadi di Ig makasi bang udah mau chat saya ❤",0,,
UgwyhM3p6dUw_2hp3od4AaABAg.AD1BmpdQY95AD1C9zD4O0O,,0,"2025-01-08 08:20:46",@RizkyRiplay,"Terimakasih atas supportnya kak",1,UgwyhM3p6dUw_2hp3od4AaABAg,@aris798-77
UgyZ214vudspe5mcQ214AaABAg,1,0,"2025-01-08 08:14:46",@ArtaWirawan-l7r,"Menurut ak ya jangan terpengaruh sama binjol kalok anda tidak mau mutang sana sini itu si menurut ku",0,,
UgyZ214vudspe5mcQ214AaABAg.AD1BU1QZmj0AD1BemlecQ6,,0,"2025-01-08 08:16:22",@RizkyRiplay,"Semoga ada pembelajaran yang bisa diambil dari cerita di atas ya kak",1,UgyZ214vudspe5mcQ214AaABAg,@ArtaWirawan-l7r
Ugxtbm2fbEm8lwq6BXp4AaABAg,1,1,"2025-01-08 08:12:23",@BenhardBonardo,Mengerikan,0,,
Ugxtbm2fbEm8lwq6BXp4AaABAg.AD1BCbo-q_6AD1BVOqisFM,,0,"2025-01-08 08:14:57",@RizkyRiplay,"Terimakasih telah menonton",1,Ugxtbm2fbEm8lwq6BXp4AaABAg,@BenhardBonardo
Ugzfp-kut94QRwcJhK54AaABAg,1,0,"2025-01-08 08:11:47",@JembodJembod,"Mantap bg konten motivasi",0,,
Ugzfp-kut94QRwcJhK54AaABAg.AD1B8DYmiHWAD1BVnjPZxo,,0,"2025-01-08 08:15:01",@RizkyRiplay,"Terimakasih telah menonton",1,Ugzfp-kut94QRwcJhK54AaABAg,@JembodJembod
UgxliyBc-BASBOVqCup4AaABAg,1,0,"2025-01-08 08:11:25",@faraniaa_17,"asikkk, pulang sekolah bisa nonton kak rizkyy sambil makann❤",0,,
UgxliyBc-BASBOVqCup4AaABAg.AD1B5TjJrcJAD1BWLXeOpX,,0,"2025-01-08 08:15:05",@RizkyRiplay,"Terimakasih telah menonton",1,UgxliyBc-BASBOVqCup4AaABAg,@faraniaa_17
UgzbHjrhZFVpMtzofuN4AaABAg,1,0,"2025-01-08 08:09:40",@walyy0314,"Hadirr selaluuu banggg😊❤",0,,
UgzbHjrhZFVpMtzofuN4AaABAg.AD1Ath_6hZuAD1BZE7rvz0,,0,"2025-01-08 08:15:28",@RizkyRiplay,"Terimakasih telah menonton",1,UgzbHjrhZFVpMtzofuN4AaABAg,@walyy0314
UgyMLdcs5lGGbPQ7Nmp4AaABAg,1,0,"2025-01-08 08:09:08",@BuruiTui,"kak Rizky kok cerita nya pinjol si kak tapi gak papa si tapi bikin cerita nya agak lebih lucu",0,,
UgyMLdcs5lGGbPQ7Nmp4AaABAg.AD1ApqZaUirAD1B_PKGpPL,,0,"2025-01-08 08:15:38",@RizkyRiplay,"Terimakasih atas sarannya",1,UgyMLdcs5lGGbPQ7Nmp4AaABAg,@BuruiTui
UgyzRe4UlsgMM2YBQwJ4AaABAg,1,0,"2025-01-08 08:08:52",@bocil_replay_imut,"SELALU SERUUUU❤❤",0,,
UgyzRe4UlsgMM2YBQwJ4AaABAg.AD1AnrdEP3dAD1BaTKqUs0,,0,"2025-01-08 08:15:47",@RizkyRiplay,"Terimakasih telah menonton",1,UgyzRe4UlsgMM2YBQwJ4AaABAg,@bocil_replay_imut
UgxlGPEPRd27X0VcA6Z4AaABAg,2,1,"2025-01-08 08:08:52",@indradjuniawan8148,"absen 50 org tercepat 😆😆✋🏻👇🏻",0,,
UgxlGPEPRd27X0VcA6Z4AaABAg.AD1Anq0j7l9AD1BbFW0q9f,,0,"2025-01-08 08:15:53",@RizkyRiplay,"Terimakasih telah menonton",1,UgxlGPEPRd27X0VcA6Z4AaABAg,@indradjuniawan8148
UgxlGPEPRd27X0VcA6Z4AaABAg.AD1Anq0j7l9AD_Y51IOyuu,,0,"2025-01-22 01:45:45",@Itsme_Ziya,1,1,UgxlGPEPRd27X0VcA6Z4AaABAg,@indradjuniawan8148
UgwHHpRUn2cTXY2zBNZ4AaABAg,1,0,"2025-01-08 08:06:03",@ReboCakep,"pas banget nonton ini ada iklan pinjol🌚",0,,
UgwHHpRUn2cTXY2zBNZ4AaABAg.AD1AUGAkYIvAD1BdxWxWAG,,0,"2025-01-08 08:16:15",@RizkyRiplay,"Jangan coba coba ya sob",1,UgwHHpRUn2cTXY2zBNZ4AaABAg,@ReboCakep
UgzCiJjW16MhuPHCJXx4AaABAg,1,0,"2025-01-08 08:05:32",@bututi,"KA aku udah liat yang prat satu nya loh udah like juga suka banget sama film nya 😊 semoga bisa menjadi orang sukses ya ❤😊",0,,
UgzCiJjW16MhuPHCJXx4AaABAg.AD1AQOUfjV7AD1BlOLElXA,,0,"2025-01-08 08:17:16",@RizkyRiplay,"Terimakasih ya sob sudah like, janganlupa subscribe juga ya",1,UgzCiJjW16MhuPHCJXx4AaABAg,@bututi
UgxGB4kjHpnAvfG_wLd4AaABAg,1,0,"2025-01-08 08:04:09",@ronanataliasimarmata7551,"Mantap kakk 🎉🎉🎉🎉",0,,
UgxGB4kjHpnAvfG_wLd4AaABAg.AD1AGGkmBmAAD1BL4V7EDH,,1,"2025-01-08 08:13:33",@RizkyRiplay,"Terimakasih telah menonton",1,UgxGB4kjHpnAvfG_wLd4AaABAg,@ronanataliasimarmata7551
UgwIrtt7v7Ff5QotGPJ4AaABAg,2,0,"2025-01-08 08:01:54",@inibotakcool,"Rasain kena azab🗿",0,,
UgwIrtt7v7Ff5QotGPJ4AaABAg.AD1A-oEQ3VaAD1BOijb12O,,0,"2025-01-08 08:14:02",@RizkyRiplay,"Semoga ada pembelajaran yang bisa diambil dari cerita di atas ya kak",1,UgwIrtt7v7Ff5QotGPJ4AaABAg,@inibotakcool
UgwIrtt7v7Ff5QotGPJ4AaABAg.AD1A-oEQ3VaAD1BjOHHAEA,,0,"2025-01-08 08:17:00",@inibotakcool,"Jangan rakus ama uang karena dunia ini sementara",1,UgwIrtt7v7Ff5QotGPJ4AaABAg,@inibotakcool
UgwpZd3V5tQsQsIckDB4AaABAg,1,0,"2025-01-08 08:01:32",@ZahraUrip,"Terlamabt nii😢😢",0,,
UgwpZd3V5tQsQsIckDB4AaABAg.AD19y3I7cH2AD1BPL7I-kl,,0,"2025-01-08 08:14:08",@RizkyRiplay,"Gapapa sob yang penting nonton",1,UgwpZd3V5tQsQsIckDB4AaABAg,@ZahraUrip
UgwLCTjsQOopfeA-vXx4AaABAg,1,0,"2025-01-08 08:01:30",@fitriwijayanti3473,"Nonton di jam 15.02 😊",0,,
UgwLCTjsQOopfeA-vXx4AaABAg.AD19xoQzWscAD1BQtM2ecg,,1,"2025-01-08 08:14:20",@RizkyRiplay,"Terimakasih telah menonton",1,UgwLCTjsQOopfeA-vXx4AaABAg,@fitriwijayanti3473
UgyNhMW6eobHnJWEWgd4AaABAg,1,0,"2025-01-08 07:59:23",@yayahrhs7650,"Gambarnya semakin bagus ...❤❤",0,,
UgyNhMW6eobHnJWEWgd4AaABAg.AD19iNLOBbtAD1AI9KCgbv,,0,"2025-01-08 08:04:24",@RizkyRiplay,"Terimakasih atas supportnya kak",1,UgyNhMW6eobHnJWEWgd4AaABAg,@yayahrhs7650
UgxO3eSgbiE_rrrH1454AaABAg,1,0,"2025-01-08 07:57:40",@syifaaulia27,"hallo , maaf telat dikit",0,,
UgxO3eSgbiE_rrrH1454AaABAg.AD19WlKsXeoAD1AJ2rxZ7a,,0,"2025-01-08 08:04:32",@RizkyRiplay,"Gapapa sob yang penting nonton",1,UgxO3eSgbiE_rrrH1454AaABAg,@syifaaulia27
Ugzi8A2xxJqkHO5iRS14AaABAg,1,0,"2025-01-08 07:57:12",@adelyasukmapratiwi8859,"Yg ditunggu tayang juga rizky riplay",0,,
Ugzi8A2xxJqkHO5iRS14AaABAg.AD19TQk1JTxAD1AJkfx8Kr,,0,"2025-01-08 08:04:37",@RizkyRiplay,"Terimakasih telah menonton",1,Ugzi8A2xxJqkHO5iRS14AaABAg,@adelyasukmapratiwi8859
Ugx8SMdZEGHAOH9eZ5p4AaABAg,6,1,"2025-01-08 07:56:22",@MERCILESS-369,Samsul,0,,
Ugx8SMdZEGHAOH9eZ5p4AaABAg.AD19NJ8ZU7oAD19PbAHVtN,,1,"2025-01-08 07:56:41",@MERCILESS-369,Samsul,1,Ugx8SMdZEGHAOH9eZ5p4AaABAg,@MERCILESS-369
Ugx8SMdZEGHAOH9eZ5p4AaABAg.AD19NJ8ZU7oAD19QadT7SY,,1,"2025-01-08 07:56:49",@MERCILESS-369,Samsul,1,Ugx8SMdZEGHAOH9eZ5p4AaABAg,@MERCILESS-369
Ugx8SMdZEGHAOH9eZ5p4AaABAg.AD19NJ8ZU7oAD19ReoHERl,,1,"2025-01-08 07:56:58",@MERCILESS-369,Samsul,1,Ugx8SMdZEGHAOH9eZ5p4AaABAg,@MERCILESS-369
Ugx8SMdZEGHAOH9eZ5p4AaABAg.AD19NJ8ZU7oAD19UHwSOmn,,1,"2025-01-08 07:57:19",@MERCILESS-369,Samsul,1,Ugx8SMdZEGHAOH9eZ5p4AaABAg,@MERCILESS-369
Ugx8SMdZEGHAOH9eZ5p4AaABAg.AD19NJ8ZU7oAD19VRmE6gU,,1,"2025-01-08 07:57:29",@MERCILESS-369,Samsul,1,Ugx8SMdZEGHAOH9eZ5p4AaABAg,@MERCILESS-369
Ugx8SMdZEGHAOH9eZ5p4AaABAg.AD19NJ8ZU7oAD19Xdda09G,,1,"2025-01-08 07:57:47",@MERCILESS-369,Samsul,1,Ugx8SMdZEGHAOH9eZ5p4AaABAg,@MERCILESS-369
Ugx1YxnJG3XSHh3TQm14AaABAg,2,1,"2025-01-08 07:56:02",@fadlyCihuyy,Mantpppp,0,,
Ugx1YxnJG3XSHh3TQm14AaABAg.AD19KoKvk6_AD1AKPjtzj-,,1,"2025-01-08 08:04:43",@RizkyRiplay,"Terimakasih telah menonton",1,Ugx1YxnJG3XSHh3TQm14AaABAg,@fadlyCihuyy
Ugx1YxnJG3XSHh3TQm14AaABAg.AD19KoKvk6_AD1P22fJZNe,,0,"2025-01-08 10:13:17",@fadlyCihuyy,"Selalu aku mah setiap notip walau telat hehe",1,Ugx1YxnJG3XSHh3TQm14AaABAg,@fadlyCihuyy
Ugz-AOZPo6JHAAvSWcd4AaABAg,1,0,"2025-01-08 07:55:03",@RahmaWati-iw7yb,"Tim yg GK bisa gercep tpi sellu hadir 🤣🤣",0,,
Ugz-AOZPo6JHAAvSWcd4AaABAg.AD19Damz9GMAD1AkI2e8uj,,0,"2025-01-08 08:08:23",@RizkyRiplay,"Terimakasih telah menonton",1,Ugz-AOZPo6JHAAvSWcd4AaABAg,@RahmaWati-iw7yb
UgwdhnVxrXPIObwWR8d4AaABAg,1,0,"2025-01-08 07:53:04",@HabibRizieq-x3x,"Bang lanjutkan Cerita ""Menunda Hari Kiamat """,0,,
UgwdhnVxrXPIObwWR8d4AaABAg.AD19-7ybOHDAD1B1Rq1dS-,,0,"2025-01-08 08:10:52",@RizkyRiplay,"Itu sudah final yaa",1,UgwdhnVxrXPIObwWR8d4AaABAg,@HabibRizieq-x3x
UgyErjfwyk2cOPX3beR4AaABAg,2,1,"2025-01-08 07:52:23",@Waannnz,"Telat 5 jam 😢",0,,
UgyErjfwyk2cOPX3beR4AaABAg.AD18v2e9NjRAD1BSmXT1_Q,,1,"2025-01-08 08:14:36",@RizkyRiplay,"Gapapa sob yang penting nonton",1,UgyErjfwyk2cOPX3beR4AaABAg,@Waannnz
UgyErjfwyk2cOPX3beR4AaABAg.AD18v2e9NjRAD1PhHOevKG,,0,"2025-01-08 10:19:03",@Waannnz,"@RizkyRiplay  respect masih di balas komen ku bang rizky😘, semangat terus bang 🔥",1,UgyErjfwyk2cOPX3beR4AaABAg,@Waannnz
UgxBq4TzD-xNJZBhr694AaABAg,1,0,"2025-01-08 07:49:53",@ElaLela-c9m,"Jahat pisan nya teu sieun azab allah",0,,
UgxBq4TzD-xNJZBhr694AaABAg.AD18cqt7ooaAD1BTOIG_6Q,,0,"2025-01-08 08:14:41",@RizkyRiplay,"Semoga ada pembelajaran yang bisa diambil dari cerita di atas ya kak",1,UgxBq4TzD-xNJZBhr694AaABAg,@ElaLela-c9m
UgwXQOyJNBS6qUaPUct4AaABAg,1,0,"2025-01-08 07:49:40",@mitlucker1702,"mantap...part 2",0,,
UgwXQOyJNBS6qUaPUct4AaABAg.AD18bD7mQ2rAD1Bm_V1T9t,,0,"2025-01-08 08:17:26",@RizkyRiplay,"Terimakasih telah menonton",1,UgwXQOyJNBS6qUaPUct4AaABAg,@mitlucker1702
UgwDsjwUi2fVDe-AAkN4AaABAg,1,0,"2025-01-08 07:48:50",@dewiagustini7379,"Asli seru 😂😂",0,,
UgwDsjwUi2fVDe-AAkN4AaABAg.AD18W7nCSMFAD1BnaCx_z1,,0,"2025-01-08 08:17:34",@RizkyRiplay,"Terimakasih telah menonton",1,UgwDsjwUi2fVDe-AAkN4AaABAg,@dewiagustini7379
UgxsE-gOvcHTNJjAZL54AaABAg,1,0,"2025-01-08 07:48:47",@LitaLita-hd8eq,"habiss pulang sekolah lngsung nntn rizky riplay, seruuu bgttt",0,,
UgxsE-gOvcHTNJjAZL54AaABAg.AD18VhWob6vAD1Bol_0mnS,,0,"2025-01-08 08:17:44",@RizkyRiplay,"Terimakasih telah menonton",1,UgxsE-gOvcHTNJjAZL54AaABAg,@LitaLita-hd8eq
Ugy5vzOx4W3UxPQwTLl4AaABAg,1,0,"2025-01-08 07:48:41",@daveofficial_0128,"Akhirnya upload",0,,
Ugy5vzOx4W3UxPQwTLl4AaABAg.AD18V1nTlWNAD1BpD7gSDR,,0,"2025-01-08 08:17:48",@RizkyRiplay,"Terimakasih telah menonton",1,Ugy5vzOx4W3UxPQwTLl4AaABAg,@daveofficial_0128
UgwpURv6aq5QMo-rr5t4AaABAg,0,0,"2025-01-08 07:47:40",@Void_NinjaEditz,"9:37 - 10:19 Balas dendam sebagai arwah maupun sebagai orang yg masih hidup kepada orang-orang dahulu menjahati/menyakiti mereka maka ia akan dimasukkan kedalam neraka yg dalam dan tidak akan bisa melihat surga yang indah 👿",0,,
UgxnzRDayv0fYspsOBN4AaABAg,0,0,"2025-01-08 07:47:17",@Hitlaarmy,"Gerindra Di universe itu: woilah cik😡😡😡😡",0,,
UgyFNUmPPnghmlyHQBl4AaABAg,1,0,"2025-01-08 07:46:47",@Fatin-zna,"Akhirnya prat dua ada 🎉🎉",0,,
UgyFNUmPPnghmlyHQBl4AaABAg.AD18H5a-DeaAD1Bt9sBxB7,,0,"2025-01-08 08:18:20",@RizkyRiplay,"Yang ditunggu tunggu ya",1,UgyFNUmPPnghmlyHQBl4AaABAg,@Fatin-zna
UgwUI0F7xNkCOVzzVcZ4AaABAg,1,0,"2025-01-08 07:46:37",@SitiRahma-n4g,"Ditunggu2 akhirnya ....😅😅",0,,
UgwUI0F7xNkCOVzzVcZ4AaABAg.AD18FpyarWoAD1BuKNS6Iv,,0,"2025-01-08 08:18:30",@RizkyRiplay,"Akhirnya tayang juga ya",1,UgwUI0F7xNkCOVzzVcZ4AaABAg,@SitiRahma-n4g
UgwiL4HI-DoytPMu_bJ4AaABAg,0,1,"2025-01-08 07:46:35",@jakaria_21,"Keluarga Tiko yang mengahdapi masalah ekonomi akhirnya mencoba melakukan Pinjaman online (Pinjol). berharap masalah ekonominya selesai malah tambah berat akibat bunga dan denda besar yang dibebankan Pinjol. Keluarga Tiko akhirnya melakukan langkah ekstrim. Apakah pinjol Illegal Pak Karna berhasil dihentikan? Pak Karna pemilik aplikasi Pinjol Illegal ( Pinjaman online ) ekspansi bisnis mengembangkan aplikasi Judol juga ( Judi online ) dengan dua aplikasi tersebut yang diatur sedemikian rupa, mereka berhasil membuat lingkaran setan yang memiskinkan rakyat menengah kebawah menjadi korban pinjol dan korban judol. Suatu hari ada artikel viral yang membongkar bisnis jahat Pak karna, dia tidak terima dan berusaha mmebungkam jurnalis pembuat berita tersebut.",0,,
UgwnLnmzzavpTk_mUU94AaABAg,1,1,"2025-01-08 07:45:34",@ijalgibran,"Cuman di sini gk ada komen judol takut kali ya",0,,
UgwnLnmzzavpTk_mUU94AaABAg.AD188CyoKEGAD1BxFdW8tv,,1,"2025-01-08 08:18:53",@RizkyRiplay,"Semoga aja ga ada komen judol yaa",1,UgwnLnmzzavpTk_mUU94AaABAg,@ijalgibran
UgyIFK5pCJhphJsrbVJ4AaABAg,2,1,"2025-01-08 07:45:16",@Setepenn.11,"Akirnya prat 2 tayang juga 🎉🎉",0,,
UgyIFK5pCJhphJsrbVJ4AaABAg.AD185zMWLntAD1By_JmXtf,,1,"2025-01-08 08:19:04",@RizkyRiplay,"Yang di tunggu tunggu ya",1,UgyIFK5pCJhphJsrbVJ4AaABAg,@Setepenn.11
UgyIFK5pCJhphJsrbVJ4AaABAg.AD185zMWLntAD1HKrOITdT,,1,"2025-01-08 09:05:57",@Setepenn.11,"Ya ka ceritanya seru",1,UgyIFK5pCJhphJsrbVJ4AaABAg,@Setepenn.11
UgzO1-fSxINTOKIwjKt4AaABAg,1,0,"2025-01-08 07:45:03",@a.syahr.y8989,"Kenapa cewek sama kponakannya dibuat meninggal?kesannya mlah klah sm pnjhatnya,walaupun hantunya yg akhirny blas dendam,tp itu terlalu sadis mnurutku,aplgi kponakannya yg g tau apa😢,greget bgt liat si karta,rasain lu mampus akhirnya kbakar😠,tp ada pljaran dr setiap video rizky riplay,ini yg plg keren sukses terus buat kak rizky adi dharma🙏😊",0,,
UgzO1-fSxINTOKIwjKt4AaABAg.AD184O1BeruAD1C-n_ntxZ,,0,"2025-01-08 08:19:23",@RizkyRiplay,"Semoga ada pembelajaran yang bisa diambil dari cerita di atas ya kak",1,UgzO1-fSxINTOKIwjKt4AaABAg,@a.syahr.y8989
UgyVaiDDWKyy0pC2xcJ4AaABAg,1,0,"2025-01-08 07:44:25",@Manda00-e3d,"geli banget liat badan nya😭",0,,
UgyVaiDDWKyy0pC2xcJ4AaABAg.AD18-jsyXurAD1C63a_pup,,0,"2025-01-08 08:20:14",@RizkyRiplay,"Merinding banget lihatnya",1,UgyVaiDDWKyy0pC2xcJ4AaABAg,@Manda00-e3d
UgygwBwHJ5tBaJMkB7R4AaABAg,2,0,"2025-01-08 07:42:20",@WinaListiana-RNP,"animasi bnyak pembelajaran❤❤❤",0,,
UgygwBwHJ5tBaJMkB7R4AaABAg.AD17lTTew7rAD18R-LrgDy,,1,"2025-01-08 07:48:08",@RizkyRiplay,"Semoga ada pembelajaran yang bisa diambil dari cerita di atas ya kak",1,UgygwBwHJ5tBaJMkB7R4AaABAg,@WinaListiana-RNP
UgygwBwHJ5tBaJMkB7R4AaABAg.AD17lTTew7rAD1B5mtrji0,,0,"2025-01-08 08:11:27",@WinaListiana-RNP,"@RizkyRiplay  mksih buat animasinya",1,UgygwBwHJ5tBaJMkB7R4AaABAg,@WinaListiana-RNP
UgzlYPakzwQxgd0c98t4AaABAg,1,0,"2025-01-08 07:41:59",@RizkyDarmawan-89,"nama saya juga rizky nih minn",0,,
UgzlYPakzwQxgd0c98t4AaABAg.AD17iuwXfE_AD18Sen_9yb,,0,"2025-01-08 07:48:22",@RizkyRiplay,"Wahh kembar nihh namanya",1,UgzlYPakzwQxgd0c98t4AaABAg,@RizkyDarmawan-89
Ugx66-Ij38w_RyYM-1F4AaABAg,1,0,"2025-01-08 07:40:50",@MuhIlham-mr6ev,"Gercep dikit😅",0,,
Ugx66-Ij38w_RyYM-1F4AaABAg.AD17aZLiHgsAD17uRHvKgy,,0,"2025-01-08 07:43:33",@RizkyRiplay,"Terimakasih telah menonton",1,Ugx66-Ij38w_RyYM-1F4AaABAg,@MuhIlham-mr6ev
UgyOiYtaybjTXmlH4zd4AaABAg,1,0,"2025-01-08 07:39:11",@bintangkhoerunaly,"Team yg duluan",0,,
UgyOiYtaybjTXmlH4zd4AaABAg.AD17PN1_3b6AD17vHZ2j9j,,0,"2025-01-08 07:43:40",@RizkyRiplay,"Terimakasih telah menonton",1,UgyOiYtaybjTXmlH4zd4AaABAg,@bintangkhoerunaly
UgxKhhDN0m73qqq8sRF4AaABAg,1,25,"2025-01-08 07:39:06",@novareeprass797,"Makasih mas rizky utk tayangan cerita yg bagus nya, selalu menemani saya pas lg begadangin anak karena hrs gendong berjam2 utk nidurin anak. ❤❤❤",0,,
UgxKhhDN0m73qqq8sRF4AaABAg.AD17OlU4OYzAD17wnCf-CV,,5,"2025-01-08 07:43:53",@RizkyRiplay,"Terimakasih telah menonton",1,UgxKhhDN0m73qqq8sRF4AaABAg,@novareeprass797
UgzJFHRuolGlLD_zLiN4AaABAg,1,0,"2025-01-08 07:38:42",@türkümbennnnnqq,"4 jam yg lalu🎉🎉🎉",0,,
UgzJFHRuolGlLD_zLiN4AaABAg.AD17LqzKq4jAD18ANMluZ4,,0,"2025-01-08 07:45:52",@RizkyRiplay,"Terimakasih telah menonton",1,UgzJFHRuolGlLD_zLiN4AaABAg,@türkümbennnnnqq
UgzSBxcuIRYSSiAM4kt4AaABAg,1,0,"2025-01-08 07:36:02",@anisahisan1418,gercep❤🎉,0,,
UgzSBxcuIRYSSiAM4kt4AaABAg.AD172PCdBAAAD18BtENf1g,,0,"2025-01-08 07:46:04",@RizkyRiplay,"Terimakasih telah menonton",1,UgzSBxcuIRYSSiAM4kt4AaABAg,@anisahisan1418
UgwVKkDZdzwcc9CT5KV4AaABAg,1,1,"2025-01-08 07:35:30",@imelia_saja,"sambil makan liat in duluu ciss😂",0,,
UgwVKkDZdzwcc9CT5KV4AaABAg.AD16zTt3zsSAD18DYJzNTt,,0,"2025-01-08 07:46:19",@RizkyRiplay,"Wahhh mantap tuhh",1,UgwVKkDZdzwcc9CT5KV4AaABAg,@imelia_saja
UgzqWYIyvP8j7uucLjp4AaABAg,1,0,"2025-01-08 07:35:15",@Ibukindusarawakchannel,"Hadir nonton nya juga sahabat 👍🤩",0,,
UgzqWYIyvP8j7uucLjp4AaABAg.AD16xecueZOAD18EFIpySU,,0,"2025-01-08 07:46:24",@RizkyRiplay,"Terimakasih telah menonton",1,UgzqWYIyvP8j7uucLjp4AaABAg,@Ibukindusarawakchannel
UgzjmIbg-ZnnVeI93jB4AaABAg,1,0,"2025-01-08 07:34:36",@PadangmurahMrican,"4 jam yg lalu😮",0,,
UgzjmIbg-ZnnVeI93jB4AaABAg.AD16sqM2YQPAD19t89rsXd,,0,"2025-01-08 08:00:51",@RizkyRiplay,"Terimakasih telah menonton",1,UgzjmIbg-ZnnVeI93jB4AaABAg,@PadangmurahMrican
UgxvCfTL8l-9jyIt9fF4AaABAg,1,0,"2025-01-08 07:32:39",@evanSalman-b5v,mantap,0,,
UgxvCfTL8l-9jyIt9fF4AaABAg.AD16ebswAN7AD19tX0xGsz,,0,"2025-01-08 08:00:54",@RizkyRiplay,"Terimakasih telah menonton",1,UgxvCfTL8l-9jyIt9fF4AaABAg,@evanSalman-b5v
UgyJow9moIh0-z8sm4x4AaABAg,1,0,"2025-01-08 07:31:11",@NiningKomalasari-d6p,"jahat bener ini judol sama pinjol bikin sengsara rakyat kecil udah nipu bunga nya juga nyekek leher mendingan pegadain bunga nya kecil",0,,
UgyJow9moIh0-z8sm4x4AaABAg.AD16UlqGyE4AD19uHd-rH4,,0,"2025-01-08 08:01:01",@RizkyRiplay,"Semoga ada pembelajaran yang bisa diambil dari cerita di atas ya kak",1,UgyJow9moIh0-z8sm4x4AaABAg,@NiningKomalasari-d6p
UgxyfC6pdy9sVyY1MAN4AaABAg,1,4,"2025-01-08 07:30:21",@sunsf2760,"Hongkong menyapa bang risky mksih hiburannya ❤",0,,
UgxyfC6pdy9sVyY1MAN4AaABAg.AD16Oi-vBy2AD19ulESvEp,,3,"2025-01-08 08:01:05",@RizkyRiplay,"Terimakasih telah menonton",1,UgxyfC6pdy9sVyY1MAN4AaABAg,@sunsf2760
Ugyy6zOf2wYOf0HaPyV4AaABAg,1,0,"2025-01-08 07:30:19",@fitriasari773,"Lebih banyak lagi upload vidionya dong banggg",0,,
Ugyy6zOf2wYOf0HaPyV4AaABAg.AD16OQSNCFDAD1AEWoyz5U,,0,"2025-01-08 08:03:55",@RizkyRiplay,"Pastinya dong",1,Ugyy6zOf2wYOf0HaPyV4AaABAg,@fitriasari773
UgzPYdCFfpLs7NVSwIh4AaABAg,1,12,"2025-01-08 07:30:07",@wahyuwahyu-o7p,"Suka banget sehhat selalu kak rizky dan team❤",0,,
UgzPYdCFfpLs7NVSwIh4AaABAg.AD16MzoVD8-AD1AFEe256X,,5,"2025-01-08 08:04:00",@RizkyRiplay,"Terimakasih atas supportnya kak",1,UgzPYdCFfpLs7NVSwIh4AaABAg,@wahyuwahyu-o7p
UgwfOzg00DiDPupzM454AaABAg,0,0,"2025-01-08 07:30:01",@Mommy-y6k,"mantul kita berantas pinjol dan judol yang mengelilingi lingkungan kita dan sekitarnya",0,,
UgwaL2-dFA5UaBqbvKl4AaABAg,1,0,"2025-01-08 07:29:12",@FNVirgo9,Gercep,0,,
UgwaL2-dFA5UaBqbvKl4AaABAg.AD16GEwqwioAD1AFiJmP8Y,,0,"2025-01-08 08:04:04",@RizkyRiplay,"Terimakasih telah menonton",1,UgwaL2-dFA5UaBqbvKl4AaABAg,@FNVirgo9
UgxkfGdqQWRFAuK6QI14AaABAg,2,0,"2025-01-08 07:28:21",@anthimaxvlog8190,"Yang bikin laki laki jaman sekarang kebanyakan miskin yaitu Judol plus Pinjol",0,,
UgxkfGdqQWRFAuK6QI14AaABAg.AD16A0v89HqAD1CBP_lTh4,,0,"2025-01-08 08:20:58",@RizkyRiplay,"Semoga ada pembelajaran yang bisa diambil dari cerita di atas ya kak",1,UgxkfGdqQWRFAuK6QI14AaABAg,@anthimaxvlog8190
UgxkfGdqQWRFAuK6QI14AaABAg.AD16A0v89HqAD1seZKHAg_,,0,"2025-01-08 14:40:49",@anthimaxvlog8190,"@RizkyRiplay  Utamanya mas Rizky dan mas Andi hayoooo jangan nakal ya nanti dicubit pakai tang lho 😂",1,UgxkfGdqQWRFAuK6QI14AaABAg,@anthimaxvlog8190
UgyVR77krSLBGF7FzDt4AaABAg,1,0,"2025-01-08 07:28:15",@zaibchannel8351,Wihhh,0,,
UgyVR77krSLBGF7FzDt4AaABAg.AD169JROm30AD1CC1PEWg5,,0,"2025-01-08 08:21:03",@RizkyRiplay,"Terimakasih telah menonton",1,UgyVR77krSLBGF7FzDt4AaABAg,@zaibchannel8351
Ugw01ZpR1fFzOX-fM-R4AaABAg,1,0,"2025-01-08 07:26:43",@adinarnadyne2095,"Disini malah ada oknum yg komen judol, miris bgt😢",0,,
Ugw01ZpR1fFzOX-fM-R4AaABAg.AD15z6WKeZoAD1CFbgpr1A,,0,"2025-01-08 08:21:32",@RizkyRiplay,"Banget sob, sedih banget masih banyak yang main judol",1,Ugw01ZpR1fFzOX-fM-R4AaABAg,@adinarnadyne2095
UgyxpZDkyhfcdZmRPvR4AaABAg,1,0,"2025-01-08 07:26:33",@periagustiyawan9270,"Telat dikit gk ngaruh lah😅",0,,
UgyxpZDkyhfcdZmRPvR4AaABAg.AD15xwiet4kAD1CGHGgArH,,0,"2025-01-08 08:21:38",@RizkyRiplay,"Gapapa sob yang penting nonton",1,UgyxpZDkyhfcdZmRPvR4AaABAg,@periagustiyawan9270
UgziOY2nITrhQuHU0qJ4AaABAg,0,0,"2025-01-08 07:25:33",@DADYLUCKYsubscribe,"Bapak gendut gila 😢",0,,
UgyuZ45f7qMdv8DHaTR4AaABAg,1,0,"2025-01-08 07:23:38",@akunmariot8395,"gercep bang",0,,
UgyuZ45f7qMdv8DHaTR4AaABAg.AD15cYtXLepAD1CI1eGfRn,,0,"2025-01-08 08:21:52",@RizkyRiplay,"Terimakasih telah menonton",1,UgyuZ45f7qMdv8DHaTR4AaABAg,@akunmariot8395
UgwumlrcXnZ5bKHFOTp4AaABAg,1,1,"2025-01-08 07:23:30",@SHAUKAN75,"Guys kalian tau engga, hampir semua kisah ini yang di buat bang rizki kisah nyata",0,,
UgwumlrcXnZ5bKHFOTp4AaABAg.AD15bXsFVd5AD1CKitLWv8,,0,"2025-01-08 08:22:14",@RizkyRiplay,"Semoga ada pembelajaran yang bisa diambil dari cerita di atas ya kak",1,UgwumlrcXnZ5bKHFOTp4AaABAg,@SHAUKAN75
UgwJAMtCmGK5CSnVNJp4AaABAg,1,1,"2025-01-08 07:22:02",@Cinema-r9m,"kapan bang sampai 2juta subscriber",0,,
UgwJAMtCmGK5CSnVNJp4AaABAg.AD15RmLIwwcAD1D6XoJsst,,0,"2025-01-08 08:29:02",@RizkyRiplay,"Alhamdulilah kita sudah lebih sob",1,UgwJAMtCmGK5CSnVNJp4AaABAg,@Cinema-r9m
UgwnWZSpVr6bE8VNOFN4AaABAg,1,0,"2025-01-08 07:21:38",@ninda7003,"Sering banget aku liat komentar judol di video vlog, makanan dan lainnya. Baru ini ga ada komentar tuh judol puas banget, apa mereka sien yah hahahah",0,,
UgwnWZSpVr6bE8VNOFN4AaABAg.AD15Ovv7yR8AD1DAkVnYPN,,0,"2025-01-08 08:29:37",@RizkyRiplay,"Semoga ga ada lagi orang yang main judol ya ob",1,UgwnWZSpVr6bE8VNOFN4AaABAg,@ninda7003
UgwQv4M3XXpMIVE54dd4AaABAg,1,0,"2025-01-08 07:21:35",@NdaaKiaa,"grafiknya baru ya a?",0,,
UgwQv4M3XXpMIVE54dd4AaABAg.AD15OX7_ardAD1DZZDCb2K,,0,"2025-01-08 08:33:00",@RizkyRiplay,"Beda animator ya",1,UgwQv4M3XXpMIVE54dd4AaABAg,@NdaaKiaa
UgzWPlK2FtJpjzLx5vR4AaABAg,1,1,"2025-01-08 07:21:20",@Cinema-r9m,"kapan bang sampai 2juta subscriber",0,,
UgzWPlK2FtJpjzLx5vR4AaABAg.AD15MhPD9E8AD3HQqem5oX,,0,"2025-01-09 03:45:14",@RizkyRiplay,"Terimakasih telah menonton",1,UgzWPlK2FtJpjzLx5vR4AaABAg,@Cinema-r9m
Ugwgyztr-7ORdsdBYBR4AaABAg,1,0,"2025-01-08 07:20:28",@thisis-Saa,"Yahh telat, masih sekolah😢",0,,
Ugwgyztr-7ORdsdBYBR4AaABAg.AD15GO3aN4mAD1DcmWEK0a,,1,"2025-01-08 08:33:34",@RizkyRiplay,"Gapapa sob yang penting nonton",1,Ugwgyztr-7ORdsdBYBR4AaABAg,@thisis-Saa
UgziXHzUgIEoi52FsBN4AaABAg,1,0,"2025-01-08 07:19:10",@rahmiajagausahribet,"Telat 4 jam😢",0,,
UgziXHzUgIEoi52FsBN4AaABAg.AD156r1dZpyAD1DgIeVyAu,,0,"2025-01-08 08:34:03",@RizkyRiplay,"Gapapa sob yang penting nonton",1,UgziXHzUgIEoi52FsBN4AaABAg,@rahmiajagausahribet
UgyNs4LUFtLKGLI4m6Z4AaABAg,1,18,"2025-01-08 07:19:09",@adityacero1023,"Inilah Azab yang setimpal bagi orang yang suka menipu ketika ada orang yang sedang kesulitan, semoga cerita ini bisa menjadi peringatan untuk kita agar tetap mencari rezeki yang halal, sukses terus 🎉❤",0,,
UgyNs4LUFtLKGLI4m6Z4AaABAg.AD156erv5JIAD1DguyqlGk,,3,"2025-01-08 08:34:08",@RizkyRiplay,"Semoga ada pembelajaran yang bisa diambil dari cerita di atas ya kak",1,UgyNs4LUFtLKGLI4m6Z4AaABAg,@adityacero1023
UgyGtAIk8NtVCRygM0J4AaABAg,1,0,"2025-01-08 07:17:48",@niyaturrosidah9985,"Di balik bos pinjol elegal 😊👍",0,,
UgyGtAIk8NtVCRygM0J4AaABAg.AD14xpWqbxdAD1E0-MeFI1,,0,"2025-01-08 08:36:53",@RizkyRiplay,"Semoga ada pembelajaran yang bisa diambil dari cerita di atas ya kak",1,UgyGtAIk8NtVCRygM0J4AaABAg,@niyaturrosidah9985
UgxtVshOMZB19w_3VBN4AaABAg,1,0,"2025-01-08 07:16:22",@suciindahashari,"kereeen. btw kaaak jgn lupa episode lanjutan yg cerita dokter di chanel pop indonesiaaa yah❤",0,,
UgxtVshOMZB19w_3VBN4AaABAg.AD14nLv0NtlAD1E2t2NSz4,,0,"2025-01-08 08:37:16",@RizkyRiplay,"Terimakasih telah menonton",1,UgxtVshOMZB19w_3VBN4AaABAg,@suciindahashari
UgzTjyjgByr7VvhAKPt4AaABAg,1,0,"2025-01-08 07:15:44",@Candra-j4u,"gas nonton 🤗",0,,
UgzTjyjgByr7VvhAKPt4AaABAg.AD14ig713NzAD1EMGdTR0Y,,0,"2025-01-08 08:39:55",@RizkyRiplay,"Terimakasih telah menonton",1,UgzTjyjgByr7VvhAKPt4AaABAg,@Candra-j4u
UgzVxkOZD4ZmkGD8Oop4AaABAg,1,14,"2025-01-08 07:15:05",@punyakamu2090,"Cerita animasi yg paling top diantara yg lainnya🔥 Sukses terus Rizky Riplay. Aku subscriber lama.",0,,
UgzVxkOZD4ZmkGD8Oop4AaABAg.AD14dxY0bZlAD1EN0dAC1Q,,3,"2025-01-08 08:40:01",@RizkyRiplay,"Terimakasih atas supportnya sob",1,UgzVxkOZD4ZmkGD8Oop4AaABAg,@punyakamu2090
Ugwzl2XXFLq4Fwhe7bl4AaABAg,1,0,"2025-01-08 07:14:52",@riczz4422,"akhirnya yg di tunggu-tunggu maaf bg baru bisa tonton soalnya abis pulang sekolah",0,,
Ugwzl2XXFLq4Fwhe7bl4AaABAg.AD14cHb5jGlAD1ENmpdAXO,,1,"2025-01-08 08:40:08",@RizkyRiplay,"Gapapa sob yang penting nonton",1,Ugwzl2XXFLq4Fwhe7bl4AaABAg,@riczz4422
UgzndttxaAwjNo8fCMd4AaABAg,1,0,"2025-01-08 07:12:47",@mohdsabri6236,"Apa yang kau tanam, itulah yang yang tuai",0,,
UgzndttxaAwjNo8fCMd4AaABAg.AD14O5Og2tZAD1EQSWaTxu,,0,"2025-01-08 08:40:30",@RizkyRiplay,"Bener banget, harus berbuat kebaikan ya",1,UgzndttxaAwjNo8fCMd4AaABAg,@mohdsabri6236
UgzxU2_H_x5u1DrI5hh4AaABAg,1,0,"2025-01-08 07:12:19",@kiaant24,"dulu gapernah nonton chanel ini krna sering lewat di beranda jadi penasaran eh malahh sukaa, seruu seruu banget apalagi nonton nya pas lagi makann behhh terus pengisi suara nya juga canduu🫢❤",0,,
UgzxU2_H_x5u1DrI5hh4AaABAg.AD14Kg9oe1CAD1EowmYYic,,0,"2025-01-08 08:43:58",@RizkyRiplay,"Terimakasih sob jangan lupa subscribe ya sob sama nyalain loncengnya",1,UgzxU2_H_x5u1DrI5hh4AaABAg,@kiaant24
UgxKSy5PC5rKRYDYLtV4AaABAg,1,0,"2025-01-08 07:11:32",@mirrelarchive701,"Kemarin ngeprint, abangnya main judol. Beli pisang keju juga bapaknya main😢sayang bgt keuntungan usaha mereka dipake sesuatu yg ga ada untungnya",0,,
UgxKSy5PC5rKRYDYLtV4AaABAg.AD14EuqhhM7AD156VWCjjX,,0,"2025-01-08 07:19:07",@RizkyRiplay,"Semoga ada pembelajaran yang bisa diambil dari cerita di atas ya kak",1,UgxKSy5PC5rKRYDYLtV4AaABAg,@mirrelarchive701
UgyAWOI1uFRPfYsTEPF4AaABAg,1,0,"2025-01-08 07:10:43",@lisacahya,"Update jugaa",0,,
UgyAWOI1uFRPfYsTEPF4AaABAg.AD148yMzaWpAD15AAdKMNQ,,0,"2025-01-08 07:19:38",@RizkyRiplay,"Yang di tunggu tunggu ya",1,UgyAWOI1uFRPfYsTEPF4AaABAg,@lisacahya
Ugz3G7RU1hnNcN99J_Z4AaABAg,2,1,"2025-01-08 07:09:57",@ddeellvvaa_lea,"Gercep 😅",0,,
Ugz3G7RU1hnNcN99J_Z4AaABAg.AD143MnjGEhAD145dcu3kX,,1,"2025-01-08 07:10:16",@ddeellvvaa_lea,"Walau telat 4 jam 😅😅",1,Ugz3G7RU1hnNcN99J_Z4AaABAg,@ddeellvvaa_lea
Ugz3G7RU1hnNcN99J_Z4AaABAg.AD143MnjGEhAD15B9D8JGQ,,1,"2025-01-08 07:19:46",@RizkyRiplay,"Terimakasih telah menonton",1,Ugz3G7RU1hnNcN99J_Z4AaABAg,@ddeellvvaa_lea
UgwZI-svbpKv4GWWIut4AaABAg,2,0,"2025-01-08 07:09:17",@Vikaoctaviani-yy4th,"Yg di tunggu akhirnya datang juga,pas hari rabu❤",0,,
UgwZI-svbpKv4GWWIut4AaABAg.AD13zRv1qBKAD17iNboJKH,,0,"2025-01-08 07:41:54",@RizkyRiplay,"Terimakasih telah menonton",1,UgwZI-svbpKv4GWWIut4AaABAg,@Vikaoctaviani-yy4th
UgwZI-svbpKv4GWWIut4AaABAg.AD13zRv1qBKAD180FubqnB,,0,"2025-01-08 07:44:29",@Vikaoctaviani-yy4th,"@RizkyRiplay  sama²",1,UgwZI-svbpKv4GWWIut4AaABAg,@Vikaoctaviani-yy4th
UgyDOBW714-ieooz6H54AaABAg,1,2,"2025-01-08 07:08:15",@pangestu.a5770,"Bener kak, bulan kemarin di desa sebelah ada yg gantung diri karena terlilit pinjol.. Dia ketagihan judol terus pinjol dan akhirnya ga bisa bayar.. Kasian anak dan istrinya😢",0,,
UgyDOBW714-ieooz6H54AaABAg.AD13rorZdYZAD142TKlwfi,,1,"2025-01-08 07:09:50",@RizkyRiplay,"Terimaksih sudah mau sharing sob, semoga ada pembelajaran yang bisa diambil dari cerita di atas ya kak",1,UgyDOBW714-ieooz6H54AaABAg,@pangestu.a5770
UgzwzbexKDQtcLZ6eMt4AaABAg,1,1,"2025-01-08 07:08:06",@meydonzz,"Tim gercep 🎉🎉",0,,
UgzwzbexKDQtcLZ6eMt4AaABAg.AD13qo-rrkCAD1433soZnE,,1,"2025-01-08 07:09:55",@RizkyRiplay,"Terimakasih telah menonton",1,UgzwzbexKDQtcLZ6eMt4AaABAg,@meydonzz
UgzhImDIUchwB6ZOty94AaABAg,1,0,"2025-01-08 07:07:21",@mr.farkhan563,"Jadi cerita part 2 ini cerita sisi lain atau spin off-nya dari hubungan keluarga dari pasutri yang bunuh diri itu , bukan?",0,,
UgzhImDIUchwB6ZOty94AaABAg.AD13lE97fVwAD149N5SyRI,,0,"2025-01-08 07:10:47",@RizkyRiplay,"Sisi lain ya sob, soalnya anak nya kan perempuan tapi yang ini laki laki",1,UgzhImDIUchwB6ZOty94AaABAg,@mr.farkhan563
Ugw0Z9WlAGZ7v8NcDFN4AaABAg,1,0,"2025-01-08 07:07:15",@Diinayy03,"paling gabisa kalo makan ga liat vidio dari rizky riplay😔😔",0,,
Ugw0Z9WlAGZ7v8NcDFN4AaABAg.AD13kVz2_I2AD14AAiLkec,,0,"2025-01-08 07:10:53",@RizkyRiplay,"Terimakasih telah menonton",1,Ugw0Z9WlAGZ7v8NcDFN4AaABAg,@Diinayy03
UgzPhk8k0pFER6FwcJ54AaABAg,1,0,"2025-01-08 07:06:41",@zasdailyy,"bang banyakin komedi dong bang andi sm rizky",0,,
UgzPhk8k0pFER6FwcJ54AaABAg.AD13gP8youBAD13phOZwVL,,0,"2025-01-08 07:07:57",@RizkyRiplay,"Terimakasih atas sarannya",1,UgzPhk8k0pFER6FwcJ54AaABAg,@zasdailyy
Ugx3MfQ0apHwVVi0ybh4AaABAg,1,0,"2025-01-08 07:04:29",@malcanuril356,"Itulah pentingnya menggugat pemerintah supaya memberikan lapangan pekerjaan yang layak untuk kita semua. Kalau cuma fokus satu kasus judi online, yang kena getahnya ya cuma pegawai-pegawai judul yang sama-sama rentan–diperlakukan oleh bos judol sewenang-wenang. Sama aja dengan lingkaran setan–kalau yang ditangkap maling menengah kayak bos pinjol ya sama saja–kecuali ada iktikad daro kesadaran masyarakat–yang seyoigiyaiya ditangkap ya para tukanh korup, sistem struktural yang membuat rakyat miskin–makanya pakek jalan alternatif semacam judol itu. Selama pemerintah dibiarkan bebas berkeliaran, memalak rakyat dengan segudang pajak. Kita rayat kelas bawah ya akan dibenturkan teru kayak gini. 😂.",0,,
Ugx3MfQ0apHwVVi0ybh4AaABAg.AD13RJkAmTrAD13cwsNyz_,,0,"2025-01-08 07:06:13",@RizkyRiplay,"Semoga ada pembelajaran yang bisa diambil dari cerita di atas ya kak",1,Ugx3MfQ0apHwVVi0ybh4AaABAg,@malcanuril356
UgyweR_07oQ9x4G3-TV4AaABAg,1,0,"2025-01-08 07:04:19",@febyrahmat1080,"Lagi nonton cerita pinjol, eh iklannya pinjol 😂",0,,
UgyweR_07oQ9x4G3-TV4AaABAg.AD13Q3U_DAtAD13f0fMRK0,,0,"2025-01-08 07:06:30",@RizkyRiplay,"Waduhh, jangan coba coba pinjol ya sob",1,UgyweR_07oQ9x4G3-TV4AaABAg,@febyrahmat1080
UgyMun5K8XRWYSbzc594AaABAg,1,0,"2025-01-08 07:03:29",@Juli-qx6sw,"Pinjol dan judol meresahkan",0,,
UgyMun5K8XRWYSbzc594AaABAg.AD13JwUSLqhAD13fulUWB6,,0,"2025-01-08 07:06:37",@RizkyRiplay,"Semoga ada pembelajaran yang bisa diambil dari cerita di atas ya kak",1,UgyMun5K8XRWYSbzc594AaABAg,@Juli-qx6sw
UgxxobUaMo1xthZAMe94AaABAg,1,0,"2025-01-08 07:02:29",@aca3333,"yg ditunggu akhirnya up fidio😍",0,,
UgxxobUaMo1xthZAMe94AaABAg.AD13CaiVU-jAD13OQdHCCF,,0,"2025-01-08 07:04:06",@RizkyRiplay,"Akhirnya tayang juga",1,UgxxobUaMo1xthZAMe94AaABAg,@aca3333
UgxxnT8Y3Rxac5Mi7el4AaABAg,2,0,"2025-01-08 07:02:00",@AnggaIndonesia-sn5pp,"2:41 jahat sekali kim jong un 😂",0,,
UgxxnT8Y3Rxac5Mi7el4AaABAg.AD1392WyM8cAD13Pdhvqxp,,0,"2025-01-08 07:04:16",@RizkyRiplay,"Terimakasih telah menonton",1,UgxxnT8Y3Rxac5Mi7el4AaABAg,@AnggaIndonesia-sn5pp
UgxxnT8Y3Rxac5Mi7el4AaABAg.AD1392WyM8cAD14D81iH-Z,,0,"2025-01-08 07:11:17",@AnggaIndonesia-sn5pp,"@RizkyRiplay  iya, bang rizky",1,UgxxnT8Y3Rxac5Mi7el4AaABAg,@AnggaIndonesia-sn5pp
UgxaR-9fJZZhDyLGFnZ4AaABAg,1,0,"2025-01-08 07:00:58",@Kenny_Kang,"Asik Akhirnya Klanjutannya.",0,,
UgxaR-9fJZZhDyLGFnZ4AaABAg.AD131Van0oOAD13UC6jMJ_,,0,"2025-01-08 07:04:53",@RizkyRiplay,"Yang ditunggu tunggu ya sob",1,UgxaR-9fJZZhDyLGFnZ4AaABAg,@Kenny_Kang
UgxYio0TOxp6oB4ew5t4AaABAg,1,0,"2025-01-08 07:00:25",@widiherlina,"Minnn upload tiap hari dong",0,,
UgxYio0TOxp6oB4ew5t4AaABAg.AD12yVjR40JAD13DubZp7q,,0,"2025-01-08 07:02:40",@RizkyRiplay,"Doain kita bisa up setiap hari ya sob",1,UgxYio0TOxp6oB4ew5t4AaABAg,@widiherlina
Ugzh815TZvJENhHq-vd4AaABAg,2,1,"2025-01-08 06:58:46",@WulanDari-f6z,"Yg ditunggu😊Sukses terus bang",0,,
Ugzh815TZvJENhHq-vd4AaABAg.AD12mNelZzQAD12yzi2vfP,,1,"2025-01-08 07:00:29",@RizkyRiplay,"Terimakasih telah menonton",1,Ugzh815TZvJENhHq-vd4AaABAg,@WulanDari-f6z
Ugzh815TZvJENhHq-vd4AaABAg.AD12mNelZzQAD9fROA0Fu4,,0,"2025-01-11 15:19:13",@WulanDari-f6z,"@RizkyRiplay  ia sama2 bg",1,Ugzh815TZvJENhHq-vd4AaABAg,@WulanDari-f6z
UgzHxSrw91PM-SU8_B54AaABAg,0,0,"2025-01-08 06:58:09",@Dwi-eb8fm,"Kalo pak Soeharto jadi presiden tu orang kepalanya tertembus peluru karna Petrus sniper 😰🙂",0,,
UgwLqx9D9J7QftDuUWB4AaABAg,0,0,"2025-01-08 06:57:25",@Dwi-eb8fm,"Wah kalo pak Soeharto jadi presiden tu orang kepalanya tertembus peluru karna Petrus sniper 😰😣",0,,
UgzIvDPPobUyWXLkHSx4AaABAg,1,0,"2025-01-08 06:57:17",@muhammadamrin5779,"Depo lagi depo lagi rungkad lagi rungkad lagi😂😂😂😂😂",0,,
UgzIvDPPobUyWXLkHSx4AaABAg.AD12bZ0y6OQAD12tNgzSfr,,0,"2025-01-08 06:59:43",@RizkyRiplay,"Semoga ada pembelajaran yang bisa diambil dari cerita di atas ya kak",1,UgzIvDPPobUyWXLkHSx4AaABAg,@muhammadamrin5779
UgwUNrkC4Vo2dTStxGd4AaABAg,1,0,"2025-01-08 06:57:13",@voliavitra8268,"semngat terus ka buat konten💯",0,,
UgwUNrkC4Vo2dTStxGd4AaABAg.AD12b2iN2YQAD12u5hU08Z,,0,"2025-01-08 06:59:49",@RizkyRiplay,"Terimakasih atas supportnya kak",1,UgwUNrkC4Vo2dTStxGd4AaABAg,@voliavitra8268
UgxX3X8FjtPqwjPJktR4AaABAg,1,0,"2025-01-08 06:56:26",@Dodik123-rw,"Pelajaran yang kita dapat kalau menyelidiki suatu kasus harus punya bekingan dan kemampuan pertahanan dan persenjataan yang mempuni agar sa.at ada serangan bisa self defence",0,,
UgxX3X8FjtPqwjPJktR4AaABAg.AD12WK_llZFAD131BjhIjD,,0,"2025-01-08 07:00:55",@RizkyRiplay,"Semoga ada pembelajaran yang bisa diambil dari cerita di atas ya kak",1,UgxX3X8FjtPqwjPJktR4AaABAg,@Dodik123-rw
UgzBoBkItWFTAe8CcQt4AaABAg,0,0,"2025-01-08 06:55:34",@ghg1946,"Judol yang seram? Main di Asiktoto aja, serunya bikin lupa takut! 🔥💎",0,,
Ugzen29TSlqxDo0r5Wt4AaABAg,1,1,"2025-01-08 06:55:25",@RiniLeonita-l8m,"Selalu telat😢tpi ga apa krna selalu nonton",0,,
Ugzen29TSlqxDo0r5Wt4AaABAg.AD12OpffoaeAD1374JhxY0,,0,"2025-01-08 07:01:44",@RizkyRiplay,"Gapapa sob yang penting nonton",1,Ugzen29TSlqxDo0r5Wt4AaABAg,@RiniLeonita-l8m
Ugy59XCfitJF7xiIYHV4AaABAg,1,0,"2025-01-08 06:53:53",@saptaakmal6004,"Bikin episode spa horor",0,,
Ugy59XCfitJF7xiIYHV4AaABAg.AD12De16Bk8AD13a8xyGwC,,0,"2025-01-08 07:05:50",@RizkyRiplay,"Terimakasih telah menonton",1,Ugy59XCfitJF7xiIYHV4AaABAg,@saptaakmal6004
UgxBvbSmFXLQT2sBTMJ4AaABAg,0,0,"2025-01-08 06:53:43",@Hemchand1243,"Pinjol dan judol? Tinggalkan, raih hoki besar di Asiktoto! 💎🎯",0,,
UgzEwvYpn9HsIWKa3iR4AaABAg,1,0,"2025-01-08 06:52:50",@yogieka__,"Lama banget update nya",0,,
UgzEwvYpn9HsIWKa3iR4AaABAg.AD125uiKfXwAD13k63FFBd,,0,"2025-01-08 07:07:11",@RizkyRiplay,"Kita up setiap hari rabu dan sabtu ya sob",1,UgzEwvYpn9HsIWKa3iR4AaABAg,@yogieka__
UgyNB2isYAXAjDF8q5h4AaABAg,1,0,"2025-01-08 06:51:52",@athleony,"iklan youtube penuh dengan pinjol",0,,
UgyNB2isYAXAjDF8q5h4AaABAg.AD11zp_XvJvAD13nmSHvFX,,0,"2025-01-08 07:07:42",@RizkyRiplay,"Tapi jangan coba coba ya sob",1,UgyNB2isYAXAjDF8q5h4AaABAg,@athleony
Ugx6qd44Ylz9B_wiOCl4AaABAg,1,0,"2025-01-08 06:51:31",@rezhaaditya592,"Terimah kasih bang akhir nya tayang juga 😅",0,,
Ugx6qd44Ylz9B_wiOCl4AaABAg.AD11xKRYjtdAD13tJNFdQ_,,1,"2025-01-08 07:08:27",@RizkyRiplay,"Yang ditunggu tunggu ya",1,Ugx6qd44Ylz9B_wiOCl4AaABAg,@rezhaaditya592
UgxmCRs0nkmZt7lI_Fp4AaABAg,1,2,"2025-01-08 06:50:04",@rendidwiprayoga9268,"Makin gacor aja bang rizky",0,,
UgxmCRs0nkmZt7lI_Fp4AaABAg.AD11miKjKdDAD13vEHPVDt,,0,"2025-01-08 07:08:43",@RizkyRiplay,"Terimakasih telah menonton",1,UgxmCRs0nkmZt7lI_Fp4AaABAg,@rendidwiprayoga9268
UgzgBw5x4ovsk1Q3VPF4AaABAg,1,0,"2025-01-08 06:49:28",@Hulahulapulu,"ada yang kurang judol nya, si jeus gada🗿",0,,
UgzgBw5x4ovsk1Q3VPF4AaABAg.AD11iIWekT_AD13xWnUcr7,,0,"2025-01-08 07:09:01",@RizkyRiplay,"Waduhh jangan coba coba judol ya sob",1,UgzgBw5x4ovsk1Q3VPF4AaABAg,@Hulahulapulu
Ugxjj8YaN5DAJ6drgXZ4AaABAg,1,0,"2025-01-08 06:48:30",@WilbertLeonardiThen,Semangat,0,,
Ugxjj8YaN5DAJ6drgXZ4AaABAg.AD11b9qfIPxAD13yVGrfsG,,0,"2025-01-08 07:09:09",@RizkyRiplay,"Terimakasih atas supportnya kak",1,Ugxjj8YaN5DAJ6drgXZ4AaABAg,@WilbertLeonardiThen
UgyFBNoX3COk9MyOogR4AaABAg,1,0,"2025-01-08 06:48:07",@Shadownyxa,"Judol dan pinjol itu kerja smaa sengaja bikin orang menarik mendapatkan uang instant awal kemenangan itu lah awal kehancuran mu dari video ini kita belajar judol itu pembodohan gkad kaya instant Terimakasih kepada bg rizky karena telah membuat video ini",0,,
UgyFBNoX3COk9MyOogR4AaABAg.AD11ZSCMgl-AD11jdcE7Rb,,0,"2025-01-08 06:49:39",@RizkyRiplay,"Semoga ada pembelajaran yang bisa diambil dari cerita di atas ya kak",1,UgyFBNoX3COk9MyOogR4AaABAg,@Shadownyxa
UgwfQoI0X4xfT5OuF614AaABAg,1,0,"2025-01-08 06:46:34",@cendolmomo,"Iklannya juga pinjol😂",0,,
UgwfQoI0X4xfT5OuF614AaABAg.AD11O3HAxPtAD11mnVEDO5,,0,"2025-01-08 06:50:05",@RizkyRiplay,"Waduhh jangan coba coba pinjol ya sob",1,UgwfQoI0X4xfT5OuF614AaABAg,@cendolmomo
UgypR_p0W2TsbDZB70l4AaABAg,1,0,"2025-01-08 06:45:21",@indryoktaviani8973,"Halo lagi bang",0,,
UgypR_p0W2TsbDZB70l4AaABAg.AD11F8MDTjqAD11ouBwW2G,,0,"2025-01-08 06:50:22",@RizkyRiplay,"Haloo sob",1,UgypR_p0W2TsbDZB70l4AaABAg,@indryoktaviani8973
UgzpFyjE4p9zWyngxo54AaABAg,1,0,"2025-01-08 06:45:17",@abil_alfarezi1979,"Baru pulang sekolah sudah rilis aj part 2 nya 😅",0,,
UgzpFyjE4p9zWyngxo54AaABAg.AD11EapwmFhAD12hK_uU1k,,0,"2025-01-08 06:58:04",@RizkyRiplay,"Terimakasih telah menonton",1,UgzpFyjE4p9zWyngxo54AaABAg,@abil_alfarezi1979
UgztSBsElR6lcsv6yHp4AaABAg,1,0,"2025-01-08 06:44:26",@HaeruRu,Keren,0,,
UgztSBsElR6lcsv6yHp4AaABAg.AD118T3a7h6AD12hixm0Uo,,0,"2025-01-08 06:58:08",@RizkyRiplay,"Terimakasih telah menonton",1,UgztSBsElR6lcsv6yHp4AaABAg,@HaeruRu
Ugz67P9i91bXIc6QhZN4AaABAg,1,0,"2025-01-08 06:40:42",@rierieyurahayu4409,"Mohon maaf nih... Aku jg pernah minjem dipinjol, itu kalau bayarnya cepet kadang bunganya bisa lebih murah dari biasanya, sebenrnya bukan salah pinjolnya sih.. Logikanya kan sebelum minjem ada tulisan dibalikin segini segini, kalau g sanggup harusnya jgn minjem kepinjol, biar bagaimanapun hutang tetaplah hutang, kalau g dibayar juga dosa ... Alhamdulillah tapi sekarang udah g pke pinjol lagi.. Emang bener sih pinjol kalau telat sehari udah nagihnya edan edanan",0,,
Ugz67P9i91bXIc6QhZN4AaABAg.AD10i7srF_9AD11WJAc9mZ,,0,"2025-01-08 06:47:42",@RizkyRiplay,"Semoga ada pembelajaran yang bisa diambil dari cerita di atas ya kak",1,Ugz67P9i91bXIc6QhZN4AaABAg,@rierieyurahayu4409
UgyF2ToTbMHQX16ZpVB4AaABAg,0,0,"2025-01-08 06:39:13",@okkyadriel9845,"Awal tahun lalu..akun Ig judi online menarik peminat dengan mengadakan Giveaway dengan nominal besar tiap hari..oknum2 kuters ( kuis Hunters ) dengan sadar share promosi judol demi hadiah giveaway..kadang miris lihatnya karena yang share akunnya agamis.. dinasehati juga ngeyel.",0,,
UgxMlW8IHbXRDB-EY-h4AaABAg,1,0,"2025-01-08 06:38:29",@filzanabillafauziah,"bagus banget film nyaa @risky riplay",0,,
UgxMlW8IHbXRDB-EY-h4AaABAg.AD10St_HLqQAD11_AYodXB,,0,"2025-01-08 06:48:13",@RizkyRiplay,"Terimakasih telah menonton",1,UgxMlW8IHbXRDB-EY-h4AaABAg,@filzanabillafauziah
Ugyc-zS8FmFmiqHcVN54AaABAg,1,0,"2025-01-08 06:38:09",@S_annngelll,gerceppp,0,,
Ugyc-zS8FmFmiqHcVN54AaABAg.AD10QQMnndbAD11_dg3dmF,,0,"2025-01-08 06:48:17",@RizkyRiplay,"Terimakasih telah menonton",1,Ugyc-zS8FmFmiqHcVN54AaABAg,@S_annngelll
UgyiyB_C0DKzKHM9K3J4AaABAg,1,0,"2025-01-08 06:38:05",@widyapradnyana6331,"Cerita bagus bagi yang suka pinjol dan judol,bisa jadi pembelajaran untuk berhenti dari apk setan itu",0,,
UgyiyB_C0DKzKHM9K3J4AaABAg.AD10Pwh9OSDAD11hjnll4p,,0,"2025-01-08 06:49:24",@RizkyRiplay,"Semoga ada pembelajaran yang bisa diambil dari cerita di atas ya kak",1,UgyiyB_C0DKzKHM9K3J4AaABAg,@widyapradnyana6331
UgwiXGwWgqyCZMNL_yl4AaABAg,1,1,"2025-01-08 06:36:50",@DarsihCinta-en6qr,Hadir,0,,
UgwiXGwWgqyCZMNL_yl4AaABAg.AD10GlTpDbuAD10kc8rcQ3,,1,"2025-01-08 06:41:03",@RizkyRiplay,"Terimakasih telah menonton",1,UgwiXGwWgqyCZMNL_yl4AaABAg,@DarsihCinta-en6qr
UgxYkDbCex8AQc8qjnV4AaABAg,0,0,"2025-01-08 06:36:29",@DarsihCinta-en6qr,🎉🎉,0,,
UgxMZI3qgHrIW7oWQSp4AaABAg,2,0,"2025-01-08 06:35:09",@Reksisatriadi13,"Telat 3 jam,,maklum karena habis pulang sekolah",0,,
UgxMZI3qgHrIW7oWQSp4AaABAg.AD104PN8MLfAD10HW3GfQr,,0,"2025-01-08 06:36:56",@RizkyRiplay,"Gapapa sob yang penting nonton",1,UgxMZI3qgHrIW7oWQSp4AaABAg,@Reksisatriadi13
UgxMZI3qgHrIW7oWQSp4AaABAg.AD104PN8MLfAD2e5ZWq87G,,0,"2025-01-08 21:52:49",@Reksisatriadi13,"@RizkyRiplay  ok",1,UgxMZI3qgHrIW7oWQSp4AaABAg,@Reksisatriadi13
Ugwx84mtIBLfA25iUMx4AaABAg,1,0,"2025-01-08 06:34:26",@yotan8470,"Pelajaran yang sangat berharga dan berarti....",0,,
Ugwx84mtIBLfA25iUMx4AaABAg.AD10-8l6a1BAD10IO274iV,,1,"2025-01-08 06:37:03",@RizkyRiplay,"Semoga ada pembelajaran yang bisa diambil dari cerita di atas ya kak",1,Ugwx84mtIBLfA25iUMx4AaABAg,@yotan8470
UgxICRswxMa99WTna9V4AaABAg,3,1,"2025-01-08 06:33:57",@jakaria_21,"Maaf bang Rizky aku telat 3 jam yang lalu😅😅😅",0,,
UgxICRswxMa99WTna9V4AaABAg.AD1-wcJ8F3oAD10InZKE68,,1,"2025-01-08 06:37:07",@RizkyRiplay,"Semoga ada pembelajaran yang bisa diambil dari cerita di atas ya kak",1,UgxICRswxMa99WTna9V4AaABAg,@jakaria_21
UgxICRswxMa99WTna9V4AaABAg.AD1-wcJ8F3oAD18BDq9xhY,,1,"2025-01-08 07:45:59",@jakaria_21,"Keluarga Tiko yang mengahdapi masalah ekonomi akhirnya mencoba melakukan Pinjaman online (Pinjol). berharap masalah ekonominya selesai malah tambah berat akibat bunga dan denda besar yang dibebankan Pinjol. Keluarga Tiko akhirnya melakukan langkah ekstrim. Apakah pinjol Illegal Pak Karna berhasil dihentikan? Pak Karna pemilik aplikasi Pinjol Illegal ( Pinjaman online ) ekspansi bisnis mengembangkan aplikasi Judol juga ( Judi online ) dengan dua aplikasi tersebut yang diatur sedemikian rupa, mereka berhasil membuat lingkaran setan yang memiskinkan rakyat menengah kebawah menjadi korban pinjol dan korban judol. Suatu hari ada artikel viral yang membongkar bisnis jahat Pak karna, dia tidak terima dan berusaha mmebungkam jurnalis pembuat berita tersebut.",1,UgxICRswxMa99WTna9V4AaABAg,@jakaria_21
UgxICRswxMa99WTna9V4AaABAg.AD1-wcJ8F3oAD4-WnuRU01,,1,"2025-01-09 10:28:01",@jakaria_21,"​@RizkyRiplay Keluarga Tiko yang mengahdapi masalah ekonomi akhirnya mencoba melakukan Pinjaman online (Pinjol). berharap masalah ekonominya selesai malah tambah berat akibat bunga dan denda besar yang dibebankan Pinjol. Keluarga Tiko akhirnya melakukan langkah ekstrim. Apakah pinjol Illegal Pak Karna berhasil dihentikan? Pak Karna pemilik aplikasi Pinjol Illegal ( Pinjaman online ) ekspansi bisnis mengembangkan aplikasi Judol juga ( Judi online ) dengan dua aplikasi tersebut yang diatur sedemikian rupa, mereka berhasil membuat lingkaran setan yang memiskinkan rakyat menengah kebawah menjadi korban pinjol dan korban judol. Suatu hari ada artikel viral yang membongkar bisnis jahat Pak karna, dia tidak terima dan berusaha mmebungkam jurnalis pembuat berita tersebut.",1,UgxICRswxMa99WTna9V4AaABAg,@jakaria_21
UgzVBLvmBEwYNkAM3Et4AaABAg,2,1,"2025-01-08 06:33:24",@YONDAIME-y2r,"Lanjut part 2 cewek psikopat",0,,
UgzVBLvmBEwYNkAM3Et4AaABAg.AD1-sYqjW5aAD105wWKo4t,,0,"2025-01-08 06:35:21",@RizkyRiplay,"Untuk lanjutan dari cerita itu diundur lama ya sob, soalnya animatornya lagi persiapan untuk merried",1,UgzVBLvmBEwYNkAM3Et4AaABAg,@YONDAIME-y2r
UgzVBLvmBEwYNkAM3Et4AaABAg.AD1-sYqjW5aAD15k8ePd0b,,0,"2025-01-08 07:24:40",@YONDAIME-y2r,"Oh, ok bg",1,UgzVBLvmBEwYNkAM3Et4AaABAg,@YONDAIME-y2r
UgzSuhHnFGlgO-J_9L14AaABAg,1,0,"2025-01-08 06:33:06",@AdakentutTidakbau,"Yang liat ini habis pulang sekolah",0,,
UgzSuhHnFGlgO-J_9L14AaABAg.AD1-qQetuu7AD106o0KZVJ,,0,"2025-01-08 06:35:29",@RizkyRiplay,"Terimakasih telah menonton",1,UgzSuhHnFGlgO-J_9L14AaABAg,@AdakentutTidakbau
UgyFspwenLO7lZJO2md4AaABAg,1,0,"2025-01-08 06:31:54",@setyowati4711,"ini sedikit gambaran bagi orng yang suka judi online ,,,nggk ada critanya bikin Kaya ,,yg ada mmbuat kluarga hancur ,,,TPI knpa sampai sekarang masih aja nggk hilang yg nmanya judi online ,,,",0,,
UgyFspwenLO7lZJO2md4AaABAg.AD1-h_kSFYvAD109Uc30Gg,,0,"2025-01-08 06:35:50",@RizkyRiplay,"Semoga ada pembelajaran yang bisa diambil dari cerita di atas ya kak",1,UgyFspwenLO7lZJO2md4AaABAg,@setyowati4711
Ugx39Y3dafAFWfrwQX14AaABAg,1,0,"2025-01-08 06:28:29",@Aliasyazana0918,"𝒮ℴ𝓇𝓇𝓎 𝓉ℯ𝓁𝒶𝓉 𝓇𝒾𝓏𝓀𝓎 𝓈𝓌𝒷𝒶𝒷 𝓈𝒶𝓎𝒶 𝓀ℯ𝓇𝒿𝒶 𝒽𝒶𝓇𝒾 𝓃𝒾😢",0,,
Ugx39Y3dafAFWfrwQX14AaABAg.AD1-JbwFy0NAD3pJKSXGXU,,1,"2025-01-09 08:50:03",@RizkyRiplay,"Gapapa sob yang penting nonton, semangat kerjanya yaa",1,Ugx39Y3dafAFWfrwQX14AaABAg,@Aliasyazana0918
UgwOsUM93Yn_HhPKysB4AaABAg,1,0,"2025-01-08 06:26:00",@SitiMufrodah-xr5ns,"Langsung gas nonton😂",0,,
UgwOsUM93Yn_HhPKysB4AaABAg.AD1-1Pd3VFTAD1-3R_Jt0p,,0,"2025-01-08 06:26:17",@RizkyRiplay,"Terimakasih telah menonton",1,UgwOsUM93Yn_HhPKysB4AaABAg,@SitiMufrodah-xr5ns
UgycJOSg-iKAxxoHCHp4AaABAg,1,2,"2025-01-08 06:24:53",@zhriptr,"yeayy akhir nya yg di tunggu"" upload jg😍❤",0,,
UgycJOSg-iKAxxoHCHp4AaABAg.AD0zuFo6h-RAD1-55NYyGn,,0,"2025-01-08 06:26:30",@RizkyRiplay,"Terimakasih telah menonton",1,UgycJOSg-iKAxxoHCHp4AaABAg,@zhriptr
UgwyE-h2wMesU5mUaNR4AaABAg,1,1,"2025-01-08 06:24:30",@dilan9498,"Lanjut part 3 rizky riplay",0,,
UgwyE-h2wMesU5mUaNR4AaABAg.AD0zrPtYRyZAD0zweQZGgP,,1,"2025-01-08 06:25:13",@RizkyRiplay,"Ini sudah final ya sob",1,UgwyE-h2wMesU5mUaNR4AaABAg,@dilan9498
Ugz8L9k2ckZwSHCfbkx4AaABAg,1,1,"2025-01-08 06:24:17",@AndraYeni-cf5or,"Telat maaf 😢😢",0,,
Ugz8L9k2ckZwSHCfbkx4AaABAg.AD0zppxI8F8AD0zxEYWZFX,,1,"2025-01-08 06:25:18",@RizkyRiplay,"Gapapa sob yang penting nonton",1,Ugz8L9k2ckZwSHCfbkx4AaABAg,@AndraYeni-cf5or
UgzgRM_q-rMzikq1TV94AaABAg,1,0,"2025-01-08 06:23:59",@SenandungMoriesta,"Alur cerita sama kayak di kehidupan nyata",0,,
UgzgRM_q-rMzikq1TV94AaABAg.AD0zneTKhmuAD0zy1iqXmb,,0,"2025-01-08 06:25:24",@RizkyRiplay,"Terimakasih telah menonton",1,UgzgRM_q-rMzikq1TV94AaABAg,@SenandungMoriesta
Ugz7GceqlI-d3_Plaul4AaABAg,1,0,"2025-01-08 06:23:42",@Ldrgh,"Yura : Yuni sara",0,,
Ugz7GceqlI-d3_Plaul4AaABAg.AD0zlbC7dOqAD0zyWFYnbw,,0,"2025-01-08 06:25:28",@RizkyRiplay,"Terimakasih telah menonton",1,Ugz7GceqlI-d3_Plaul4AaABAg,@Ldrgh
UgzkRIiKmYK8k9mlCsJ4AaABAg,1,0,"2025-01-08 06:20:44",@Ridho-s6v,"Semoga gime ini dihapuskan",0,,
UgzkRIiKmYK8k9mlCsJ4AaABAg.AD0zQrvl6q-AD0zp0DqKDU,,0,"2025-01-08 06:24:10",@RizkyRiplay,"Gime apa sob? maksudnya game judi online, semoga udah ga ada yang main yaa",1,UgzkRIiKmYK8k9mlCsJ4AaABAg,@Ridho-s6v
UgyxDE27HfsvnJqKKDR4AaABAg,1,2,"2025-01-08 06:20:10",@MeyRamdani,"Telat 3 jam ga ngaruh kann😂🎉🎉",0,,
UgyxDE27HfsvnJqKKDR4AaABAg.AD0zMheDGA5AD0zpfAz5lW,,1,"2025-01-08 06:24:16",@RizkyRiplay,"Gapapa sob yang penting nonton",1,UgyxDE27HfsvnJqKKDR4AaABAg,@MeyRamdani
Ugw5aLi8LzoJ6bLJypx4AaABAg,1,0,"2025-01-08 06:18:12",@Gunanto-y1t,"Gercep donk kakk😊",0,,
Ugw5aLi8LzoJ6bLJypx4AaABAg.AD0z8GcSHmVAD0zbzZqT1I,,0,"2025-01-08 06:22:23",@RizkyRiplay,"Wahh kurang gercep nihh sob, tapi gapapa yang penting nonton",1,Ugw5aLi8LzoJ6bLJypx4AaABAg,@Gunanto-y1t
UgxIcDo4gmZ1bax2UuF4AaABAg,1,0,"2025-01-08 06:17:53",@NakhenaShiva-bh6xr,"Hantu judol karna🤣🤣",0,,
UgxIcDo4gmZ1bax2UuF4AaABAg.AD0z6-YyEs8AD0zdZpCSPh,,0,"2025-01-08 06:22:37",@RizkyRiplay,"Terimakasih telah menonton",1,UgxIcDo4gmZ1bax2UuF4AaABAg,@NakhenaShiva-bh6xr
UgwrVPtw_HwA2t3NJVx4AaABAg,1,0,"2025-01-08 06:17:49",@centil05officialmaskevin55,"Lanjut kak prat 3 nya 🙏🙏🙏",0,,
UgwrVPtw_HwA2t3NJVx4AaABAg.AD0z5RWpPTXAD0zgMQAJP5,,0,"2025-01-08 06:22:59",@RizkyRiplay,"Ini sudah final ya sob",1,UgwrVPtw_HwA2t3NJVx4AaABAg,@centil05officialmaskevin55
UgycIklyqFHZ6uDbRWJ4AaABAg,1,0,"2025-01-08 06:17:03",@Llieann_reisss,"Seru banget",0,,
UgycIklyqFHZ6uDbRWJ4AaABAg.AD0z-qH7KUCAD0z7dMNB06,,0,"2025-01-08 06:18:07",@RizkyRiplay,"Terimakasih telah menonton",1,UgycIklyqFHZ6uDbRWJ4AaABAg,@Llieann_reisss
UgztLMDSogjLTAzooe14AaABAg,2,4,"2025-01-08 06:16:41",@Suka_Nayuto,"Tetap gercep dong pulang sekolah langsung nonton 😅",0,,
UgztLMDSogjLTAzooe14AaABAg.AD0yyBpD2mRAD0z8A0_1C9,,3,"2025-01-08 06:18:11",@RizkyRiplay,"Terimakasih telah menonton",1,UgztLMDSogjLTAzooe14AaABAg,@Suka_Nayuto
UgztLMDSogjLTAzooe14AaABAg.AD0yyBpD2mRAD0zRBHIkfn,,1,"2025-01-08 06:20:47",@Suka_Nayuto,"Sama kak ​@RizkyRiplay",1,UgztLMDSogjLTAzooe14AaABAg,@Suka_Nayuto
UgwpuNv4GNxf_ruNKNR4AaABAg,1,9,"2025-01-08 06:15:20",@YuniSusanti1891,"Telat 3 jm tp gx pp lah eaaa😅😅😅 aqsh tp nonton dn trus mnunggu cerita2 berikutnyaaa",0,,
UgwpuNv4GNxf_ruNKNR4AaABAg.AD0yoH-15aZAD0zB2ovcp9,,2,"2025-01-08 06:18:35",@RizkyRiplay,"Gapapa sob yang penting nonton",1,UgwpuNv4GNxf_ruNKNR4AaABAg,@YuniSusanti1891
Ugw-O51Rr6zHDle71L54AaABAg,1,0,"2025-01-08 06:15:17",@moodcewek_10,"Gercep banget nih",0,,
Ugw-O51Rr6zHDle71L54AaABAg.AD0ynyIQulxAD0zDU5RpGn,,0,"2025-01-08 06:18:55",@RizkyRiplay,"Wahh kurang gercep nihh sob",1,Ugw-O51Rr6zHDle71L54AaABAg,@moodcewek_10
UgxQOMCP3z3azyKKaud4AaABAg,2,0,"2025-01-08 06:14:43",@najwakayana380,"8:31 baju tidurnya estetok sekali✨sangat mencerminkan bandar judol",0,,
UgxQOMCP3z3azyKKaud4AaABAg.AD0yjmiTdyiAD0yzXHYkJp,,0,"2025-01-08 06:16:52",@RizkyRiplay,"Hahahahah judol sejati itu sob pak karna",1,UgxQOMCP3z3azyKKaud4AaABAg,@najwakayana380
UgxQOMCP3z3azyKKaud4AaABAg.AD0yjmiTdyiAD19L4LL17i,,0,"2025-01-08 07:56:04",@najwakayana380,"@RizkyRiplay btw bang kapan lanjutan ""pacar baru""",1,UgxQOMCP3z3azyKKaud4AaABAg,@najwakayana380
UgyyE2WxRILb8v7raMl4AaABAg,1,0,"2025-01-08 06:12:56",@Dede_Sunhu,Gercep,0,,
UgyyE2WxRILb8v7raMl4AaABAg.AD0yXh3fh_kAD0z6D7vAhK,,0,"2025-01-08 06:17:55",@RizkyRiplay,"Terimakasih telah menonton",1,UgyyE2WxRILb8v7raMl4AaABAg,@Dede_Sunhu
Ugx6Ul8CzrDWU-8zvGt4AaABAg,2,0,"2025-01-08 06:12:16",@RosdianaRosdiana-s9f,"Suka bngtt sma ceritanya",0,,
Ugx6Ul8CzrDWU-8zvGt4AaABAg.AD0ySq0voHdAD0zEpPy2gz,,1,"2025-01-08 06:19:06",@RizkyRiplay,"Terimakasih telah menonton",1,Ugx6Ul8CzrDWU-8zvGt4AaABAg,@RosdianaRosdiana-s9f
Ugx6Ul8CzrDWU-8zvGt4AaABAg.AD0ySq0voHdAD1-3R9BH8-,,0,"2025-01-08 06:26:17",@RosdianaRosdiana-s9f,"@RizkyRiplay  sudah lama suka sama semua ceritanya dan selalu ditunggu",1,Ugx6Ul8CzrDWU-8zvGt4AaABAg,@RosdianaRosdiana-s9f
UgxzZ7cn4j2KLstOitF4AaABAg,1,0,"2025-01-08 06:11:41",@KetutTamba-fj8fv,"Ketinggalan lgi 🗿",0,,
UgxzZ7cn4j2KLstOitF4AaABAg.AD0yObWyadDAD0zFRvbR1Z,,0,"2025-01-08 06:19:11",@RizkyRiplay,"Gapapa sob yang penting nonton",1,UgxzZ7cn4j2KLstOitF4AaABAg,@KetutTamba-fj8fv
UgzMw3_sFNdFhiNDUrt4AaABAg,2,0,"2025-01-08 06:11:36",@nassekhat-ul5oz,"*asyikk hkg hadir,,akhir nya tayang jg part 2 nya,mksih KK Rizky💪💪💪*",0,,
UgzMw3_sFNdFhiNDUrt4AaABAg.AD0yNyhQVMHAD0zH-aaxVM,,0,"2025-01-08 06:19:23",@RizkyRiplay,"Yang di tunggu tunggu ya sob",1,UgzMw3_sFNdFhiNDUrt4AaABAg,@nassekhat-ul5oz
UgzMw3_sFNdFhiNDUrt4AaABAg.AD0yNyhQVMHAD0zZcalrhu,,0,"2025-01-08 06:21:56",@nassekhat-ul5oz,"@RizkyRiplay  iya dong kk",1,UgzMw3_sFNdFhiNDUrt4AaABAg,@nassekhat-ul5oz
UgyEC8zPlUJclpsRMP54AaABAg,1,0,"2025-01-08 06:10:21",@ArullAr-i5v,"Akhirnya part2 tayang",0,,
UgyEC8zPlUJclpsRMP54AaABAg.AD0yEo_Lwq_AD0zIa0wAaN,,0,"2025-01-08 06:19:36",@RizkyRiplay,"yang ditunggu tunggu ya sob",1,UgyEC8zPlUJclpsRMP54AaABAg,@ArullAr-i5v
Ugy0Cr4VVO-SEeLZf0R4AaABAg,1,0,"2025-01-08 06:07:46",@LitaNofita,"Sambil makan siang 😅",0,,
Ugy0Cr4VVO-SEeLZf0R4AaABAg.AD0xwtEkBLVAD0zjw_Iqe0,,0,"2025-01-08 06:23:29",@RizkyRiplay,"Wahh mantap tuhh",1,Ugy0Cr4VVO-SEeLZf0R4AaABAg,@LitaNofita
UgzeNToMjeJJnJu4F8p4AaABAg,0,0,"2025-01-08 06:07:39",@ShortEditing19,"Ada loker ga bang 🙏",0,,
UgyK0J8_HxNaTgh4yyN4AaABAg,1,0,"2025-01-08 06:06:53",@Itz.kanghareditz,"Yang belum tonton part 1 disini ya :     • Jebakan Pinjol & Judol...  ​",0,,
UgyK0J8_HxNaTgh4yyN4AaABAg.AD0xqKaMD4sAD0zr-hE5X5,,0,"2025-01-08 06:24:27",@RizkyRiplay,"Terimakasih telah menonton",1,UgyK0J8_HxNaTgh4yyN4AaABAg,@Itz.kanghareditz
Ugzum5w2acWebKiqAPd4AaABAg,1,0,"2025-01-08 06:05:37",@NiaKurniawati-m6n,"Emng dunia nyata sih ini film",0,,
Ugzum5w2acWebKiqAPd4AaABAg.AD0xh5Fp6RHAD0zraLZhnD,,0,"2025-01-08 06:24:31",@RizkyRiplay,"Terimakasih telah menonton",1,Ugzum5w2acWebKiqAPd4AaABAg,@NiaKurniawati-m6n
UgzAG_NdX8z-E13u8mh4AaABAg,1,0,"2025-01-08 06:04:24",@Raraa-u6j,"Akhirnya upload juga",0,,
UgzAG_NdX8z-E13u8mh4AaABAg.AD0xZFXnV2GAD0ztvQeTWP,,1,"2025-01-08 06:24:50",@RizkyRiplay,"Yang ditunggu tunggu ya",1,UgzAG_NdX8z-E13u8mh4AaABAg,@Raraa-u6j
UgwAeJ0ppPXR4PzdqyR4AaABAg,1,0,"2025-01-08 06:03:06",@BahrulFamliy,Gerceppp,0,,
UgwAeJ0ppPXR4PzdqyR4AaABAg.AD0xPdgHRZUAD0zuLttLRk,,0,"2025-01-08 06:24:54",@RizkyRiplay,"Terimakasih telah menonton",1,UgwAeJ0ppPXR4PzdqyR4AaABAg,@BahrulFamliy
UgxehmNPR8rGYV6zMx14AaABAg,1,1,"2025-01-08 06:02:14",@defrial079,"Kalau bisa hindari pinjol entah resmi atau ilegal hidup lebih tenang tanpa hutang",0,,
UgxehmNPR8rGYV6zMx14AaABAg.AD0xJB7C0U6AD0zvw08lSI,,0,"2025-01-08 06:25:07",@RizkyRiplay,"Semoga ada pembelajaran yang bisa diambil dari cerita di atas ya kak",1,UgxehmNPR8rGYV6zMx14AaABAg,@defrial079
Ugy557ycTSSP56S92GV4AaABAg,1,0,"2025-01-08 06:02:03",@ferdidesign09,"Semoga ramenya nular ke channelku",0,,
Ugy557ycTSSP56S92GV4AaABAg.AD0xHxpqS44AD1--2Bbtok,,0,"2025-01-08 06:25:41",@RizkyRiplay,"Terimakasih telah menonton, semangat ya sob",1,Ugy557ycTSSP56S92GV4AaABAg,@ferdidesign09
UgwWyCAmcRPCndixoDd4AaABAg,1,0,"2025-01-08 06:01:46",@aaaaammmmmmoooooooyyyy,"telatt dikitt ga ngaruhh😢",0,,
UgwWyCAmcRPCndixoDd4AaABAg.AD0xFrY9N9LAD1--kndw0Q,,0,"2025-01-08 06:25:46",@RizkyRiplay,"Gapapa sob yang penting nonton",1,UgwWyCAmcRPCndixoDd4AaABAg,@aaaaammmmmmoooooooyyyy
UgyXchc4lYCDiddT7-V4AaABAg,1,20,"2025-01-08 06:01:39",@YattZX,"Akhirnya yg ditunggu² upload juga🎉",0,,
UgyXchc4lYCDiddT7-V4AaABAg.AD0xF4ylVL1AD1-0j4r_5D,,3,"2025-01-08 06:25:54",@RizkyRiplay,"Terimakasih telah menonton",1,UgyXchc4lYCDiddT7-V4AaABAg,@YattZX
UgwfeDT0WQbtUcd6FJB4AaABAg,1,0,"2025-01-08 06:01:15",@zahraaaww3,"Makasih 12 like ny🎉❤",0,,
UgwfeDT0WQbtUcd6FJB4AaABAg.AD0xC8OXybfAD1-GNXa__o,,0,"2025-01-08 06:28:03",@RizkyRiplay,"Terimakasih telah menonton",1,UgwfeDT0WQbtUcd6FJB4AaABAg,@zahraaaww3
UgwSaAGxAEHL6bzuRV54AaABAg,0,0,"2025-01-08 05:58:07",@GedeRaditya-d9e,Ok,0,,
UgwPnzLZtp-qwNEncyB4AaABAg,1,0,"2025-01-08 05:57:58",@SJTSHOW,"Saya nonton ini iklannya pinjol",0,,
UgwPnzLZtp-qwNEncyB4AaABAg.AD0wp7vd-u9AD1-KMZPryN,,0,"2025-01-08 06:28:35",@RizkyRiplay,"Waduh hahahahah",1,UgwPnzLZtp-qwNEncyB4AaABAg,@SJTSHOW
UgwQzH6KcXMAci_G_lp4AaABAg,2,0,"2025-01-08 05:56:40",@ibusumiati1723,"Akhirnya part 2 tayang juga. Cirebon Timur hadir.. Sehat,bahagia serta sukses slalu ya bng Rizky beserta team..❤❤❤",0,,
UgwQzH6KcXMAci_G_lp4AaABAg.AD0wfVUsnW9AD1-aGQ9s-i,,0,"2025-01-08 06:30:54",@RizkyRiplay,"Yang ditunggu tunggu ya sob",1,UgwQzH6KcXMAci_G_lp4AaABAg,@ibusumiati1723
UgwQzH6KcXMAci_G_lp4AaABAg.AD0wfVUsnW9AD11j6UCvvV,,0,"2025-01-08 06:49:35",@ibusumiati1723,"@RizkyRiplay  iya vng,mksh ya udh upload part 2 nya..🙏🙏😊😊",1,UgwQzH6KcXMAci_G_lp4AaABAg,@ibusumiati1723
UgxwIHuATmf0FczJIdN4AaABAg,1,0,"2025-01-08 05:55:47",@anakkaroperantauan2738,"Dah lama aku menunggu",0,,
UgxwIHuATmf0FczJIdN4AaABAg.AD0w_5IE61zAD1-eXZ2gt0,,0,"2025-01-08 06:31:29",@RizkyRiplay,"Akhirnya tayang juga ya sob",1,UgxwIHuATmf0FczJIdN4AaABAg,@anakkaroperantauan2738
UgzXqfvV4-WO6cxMfgJ4AaABAg,1,1,"2025-01-08 05:54:33",@jiniky,"Gw malah lupa😂😂",0,,
UgzXqfvV4-WO6cxMfgJ4AaABAg.AD0wR2UnLQkAD1-evvZvj9,,0,"2025-01-08 06:31:32",@RizkyRiplay,"Terimakasih telah menonton",1,UgzXqfvV4-WO6cxMfgJ4AaABAg,@jiniky
UgzbUGwygHjo94eMvo54AaABAg,1,1,"2025-01-08 05:54:05",@pinkflowers712,"STOP PINJOL, pinjol selalu menawarkan kemudahan tapi endingnya kesengsaraan karena harus bayar utang yang gaada habisnya. STOP JUDOL, gaada orang yang dengan sukarela ngasih uang tanpa kerja. Mungkin kalau ada 1 Indonesia bisa kaya semua",0,,
UgzbUGwygHjo94eMvo54AaABAg.AD0wNcqA7cbAD1-fiY2WDl,,0,"2025-01-08 06:31:38",@RizkyRiplay,"Semoga ada pembelajaran yang bisa diambil dari cerita di atas ya kak",1,UgzbUGwygHjo94eMvo54AaABAg,@pinkflowers712
UgwrvAWTIKpxBoGmt0R4AaABAg,1,0,"2025-01-08 05:53:22",@danurwendanugrohowicaksono4002,Lanjut,0,,
UgwrvAWTIKpxBoGmt0R4AaABAg.AD0wIN5yUwYAD1-gSNXFe_,,0,"2025-01-08 06:31:44",@RizkyRiplay,"Ini sudah final ya sob",1,UgwrvAWTIKpxBoGmt0R4AaABAg,@danurwendanugrohowicaksono4002
Ugw-zxxiHykJeqSzfWd4AaABAg,0,0,"2025-01-08 05:52:15",@Ruminahr-v2b,"Judol dan pinjol emang kombinasi sempurna buat bikin org cepet mokad anjir",0,,
Ugx07qy5NNreJ3z94Tl4AaABAg,1,1,"2025-01-08 05:52:03",@MuhammadIrul-j5e,Mantap,0,,
Ugx07qy5NNreJ3z94Tl4AaABAg.AD0w8m0QPcPAD1-if7JOpn,,1,"2025-01-08 06:32:03",@RizkyRiplay,"Terimakasih telah menonton",1,Ugx07qy5NNreJ3z94Tl4AaABAg,@MuhammadIrul-j5e
Ugxa6_r69tkKoMRb4IJ4AaABAg,1,0,"2025-01-08 05:51:22",@Chanell_PratamaAziz,"Bagus cerita nya bang 🎉🎉🎉❤❤",0,,
Ugxa6_r69tkKoMRb4IJ4AaABAg.AD0w3kNWnijAD1-tyKuRZl,,0,"2025-01-08 06:33:35",@RizkyRiplay,"Terimakasih telah menonton",1,Ugxa6_r69tkKoMRb4IJ4AaABAg,@Chanell_PratamaAziz
Ugw9FwH8TGdxR2nhiCB4AaABAg,1,0,"2025-01-08 05:51:04",@Lookism0895,"Hmm 😢 disini dekat rumah ku sudah banyak yg main judi online maupun judi offline, dari yg dewasa sampai ke anak anak 😢😢",0,,
Ugw9FwH8TGdxR2nhiCB4AaABAg.AD0w1aDvpsVAD1-xoea1Fg,,0,"2025-01-08 06:34:07",@RizkyRiplay,"Waduhh kok gitu yaa, jangan sampe keikut ya sob bahaya soalnya",1,Ugw9FwH8TGdxR2nhiCB4AaABAg,@Lookism0895
UgwvjkjoHH8hkaCPgwR4AaABAg,1,0,"2025-01-08 05:49:54",@lfsipokemon,"Video yg di pop Indonesia terbaru nya kpn",0,,
UgwvjkjoHH8hkaCPgwR4AaABAg.AD0vty2-uWlAD10108VdQ-,,0,"2025-01-08 06:34:41",@RizkyRiplay,"Ditunggu aja ya sob",1,UgwvjkjoHH8hkaCPgwR4AaABAg,@lfsipokemon
UgwrleOkIpDwi-FfVpl4AaABAg,0,0,"2025-01-08 05:49:51",@DindaSyafira-j1v,❤❤❤❤,0,,
UgyPn6e6sbX_qmAuUgZ4AaABAg,2,0,"2025-01-08 05:48:57",@riririndiyantika7852,"Bos pinjol meninggal auto banyak yg senang.. khususnya yg punya pinjol..",0,,
UgyPn6e6sbX_qmAuUgZ4AaABAg.AD0vn1sUG92AD10CzzBxBK,,1,"2025-01-08 06:36:19",@RizkyRiplay,"Semoga ada pembelajaran yang bisa diambil dari cerita di atas ya kak",1,UgyPn6e6sbX_qmAuUgZ4AaABAg,@riririndiyantika7852
UgyPn6e6sbX_qmAuUgZ4AaABAg.AD0vn1sUG92AD16KpC-itg,,0,"2025-01-08 07:29:49",@riririndiyantika7852,"semangat kak @RizkyRiplay",1,UgyPn6e6sbX_qmAuUgZ4AaABAg,@riririndiyantika7852
UgxCEI7rIZhwv3kSNzd4AaABAg,2,5,"2025-01-08 05:47:42",@thegionitachannel,"Keren bgt ceritanya... Sekaligus mengEDUKASI penontonnya tentang bahayanya JUDOL, PINJOL 🎉🎉👍👍👍. Sukses terus untuk channel @RizkyRiplay 👍👍👍👍👍✨✨✨✨",0,,
UgxCEI7rIZhwv3kSNzd4AaABAg.AD0vdvA3jyLAD10Di1Y95n,,2,"2025-01-08 06:36:25",@RizkyRiplay,"Semoga ada pembelajaran yang bisa diambil dari cerita di atas ya kak",1,UgxCEI7rIZhwv3kSNzd4AaABAg,@thegionitachannel
UgxCEI7rIZhwv3kSNzd4AaABAg.AD0vdvA3jyLAD5Ob_B9tUI,,1,"2025-01-09 23:26:29",@thegionitachannel,"@RizkyRiplay iya kak 🙏🤲",1,UgxCEI7rIZhwv3kSNzd4AaABAg,@thegionitachannel
UgwkqbFtpUzGuaNzTfd4AaABAg,1,1,"2025-01-08 05:47:39",@AiraRaissa-k6h,"Nah ini yg di tunggu,,mksh rizky riplay",0,,
UgwkqbFtpUzGuaNzTfd4AaABAg.AD0vdT9sP9wAD10EJ1ESk2,,0,"2025-01-08 06:36:30",@RizkyRiplay,"Terimakasih telah menonton",1,UgwkqbFtpUzGuaNzTfd4AaABAg,@AiraRaissa-k6h
UgxrTvWow_e-RSFaJaN4AaABAg,1,0,"2025-01-08 05:47:32",@putradan9750,Mantap,0,,
UgxrTvWow_e-RSFaJaN4AaABAg.AD0vcbIj66lAD10EdFAJ6b,,0,"2025-01-08 06:36:33",@RizkyRiplay,"Terimakasih telah menonton",1,UgxrTvWow_e-RSFaJaN4AaABAg,@putradan9750
UgxW0Rr7zeprBN9gdXd4AaABAg,1,6,"2025-01-08 05:47:25",@ijanjonathan7274,"Yeah ada part 2 in yg ku tunggu 😊",0,,
UgxW0Rr7zeprBN9gdXd4AaABAg.AD0vbqw2z86AD10G4UJZpD,,2,"2025-01-08 06:36:45",@RizkyRiplay,"Akhirnya tayang juga ya sob",1,UgxW0Rr7zeprBN9gdXd4AaABAg,@ijanjonathan7274
UgxiG2S8FwS6N07u5wZ4AaABAg,1,0,"2025-01-08 05:46:52",@karmilatikadewi4771,"Tim gercep",0,,
UgxiG2S8FwS6N07u5wZ4AaABAg.AD0vYoe8VWUAD10MNTda98,,0,"2025-01-08 06:37:36",@RizkyRiplay,"Terimakasih telah menonton",1,UgxiG2S8FwS6N07u5wZ4AaABAg,@karmilatikadewi4771
UgwPasR0mAAa-QAy8lR4AaABAg,1,0,"2025-01-08 05:46:46",@Hermanto_Ayong,"Ya jelas ada lah wong bekingnya aj .....tau sndri lah😂 aplgi narkoba itu sama aj mkanya klian gk pernah denger bandar besar narkoba yg ketngkep sellu pengedar dan pemakai 😅",0,,
UgwPasR0mAAa-QAy8lR4AaABAg.AD0vY40lpX8AD10cjYk2NN,,0,"2025-01-08 06:39:58",@RizkyRiplay,"Semoga ada pembelajaran yang bisa diambil dari cerita di atas ya kak",1,UgwPasR0mAAa-QAy8lR4AaABAg,@Hermanto_Ayong
UgxXwWV8NdNSwpOLNud4AaABAg,1,0,"2025-01-08 05:44:58",@CallmeFhiiaofficial01,"Pulang kerja langsung nonton😊",0,,
UgxXwWV8NdNSwpOLNud4AaABAg.AD0vKqEatQ_AD10gwAE6M-,,0,"2025-01-08 06:40:33",@RizkyRiplay,"Terimakasih telah menonton",1,UgxXwWV8NdNSwpOLNud4AaABAg,@CallmeFhiiaofficial01
UgyjH288iZliOchAzwh4AaABAg,2,0,"2025-01-08 05:44:55",@PrasTube,"Yg main pinjol/ judol hanyalah orang yg SDM Rendah.",0,,
UgyjH288iZliOchAzwh4AaABAg.AD0vKWyysskAD10k2ckfaZ,,2,"2025-01-08 06:40:58",@RizkyRiplay,"Intinya jangan coba coba pinjol sama judol ya sob",1,UgyjH288iZliOchAzwh4AaABAg,@PrasTube
UgyjH288iZliOchAzwh4AaABAg.AD0vKWyysskAD117NHrmsu,,0,"2025-01-08 06:44:17",@PrasTube,"@RizkyRiplay  Ok",1,UgyjH288iZliOchAzwh4AaABAg,@PrasTube
UgwJ_zFJQUDOKwU24jp4AaABAg,1,0,"2025-01-08 05:44:40",@arifianew627,"Bagus banget 🎉",0,,
UgwJ_zFJQUDOKwU24jp4AaABAg.AD0vIhk7jNFAD10lVuA3ne,,0,"2025-01-08 06:41:10",@RizkyRiplay,"Terimakasih telah menonton",1,UgwJ_zFJQUDOKwU24jp4AaABAg,@arifianew627
UgwrTAfiF7RxV6bWblV4AaABAg,1,2,"2025-01-08 05:43:23",@aUUliaa00,"Seru banget pliss tapi ada serem²samq ngerti²",0,,
UgwrTAfiF7RxV6bWblV4AaABAg.AD0v9Ea3rrPAD10oJ6-ADM,,1,"2025-01-08 06:41:33",@RizkyRiplay,"Terimakasih telah menonton",1,UgwrTAfiF7RxV6bWblV4AaABAg,@aUUliaa00
UgyosU3ncX4vIGlSGXF4AaABAg,1,0,"2025-01-08 05:43:03",@aldyakmal5704,"Tim gak gercep karena baru pulang sekolah",0,,
UgyosU3ncX4vIGlSGXF4AaABAg.AD0v6o7Q1N_AD10pQvnQ-k,,0,"2025-01-08 06:41:42",@RizkyRiplay,"Gapapa sob yang penting nonton",1,UgyosU3ncX4vIGlSGXF4AaABAg,@aldyakmal5704
UgyXDRIP0uLCONrBVRt4AaABAg,2,0,"2025-01-08 05:41:58",@ayyiayyi8514,"Beni ku mna😢😢😢",0,,
UgyXDRIP0uLCONrBVRt4AaABAg.AD0uzv-KV1CAD10ro-ldK6,,0,"2025-01-08 06:42:02",@RizkyRiplay,"Ditunggu ya sob, soalnya di undur lama",1,UgyXDRIP0uLCONrBVRt4AaABAg,@ayyiayyi8514
UgyXDRIP0uLCONrBVRt4AaABAg.AD0uzv-KV1CAD118o41cY1,,0,"2025-01-08 06:44:29",@ayyiayyi8514,"@ baik kak trimksih😍😍",1,UgyXDRIP0uLCONrBVRt4AaABAg,@ayyiayyi8514
UgxDIxHwwnUrCHVEBxR4AaABAg,1,0,"2025-01-08 05:41:44",@alongSani-lk2jc,Mantap,0,,
UgxDIxHwwnUrCHVEBxR4AaABAg.AD0uyD4jEJaAD10sC9pN4F,,0,"2025-01-08 06:42:05",@RizkyRiplay,"Terimakasih telah menonton",1,UgxDIxHwwnUrCHVEBxR4AaABAg,@alongSani-lk2jc
UgyiOOoYEVtzoi-fxWJ4AaABAg,1,1,"2025-01-08 05:40:59",@CantikaAzahrq,"Makasih 2k like nya🎉🎉🎉🎉",0,,
UgyiOOoYEVtzoi-fxWJ4AaABAg.AD0usetNaTjAD10yrUAo-R,,0,"2025-01-08 06:42:59",@RizkyRiplay,"Terimakasih telah menonton",1,UgyiOOoYEVtzoi-fxWJ4AaABAg,@CantikaAzahrq
UgyXK2wFBQ74HHM3frF4AaABAg,1,0,"2025-01-08 05:40:08",@AkimHaikal,"Siapa yang setuju orang2 pinjol di gebukin ramai2",0,,
UgyXK2wFBQ74HHM3frF4AaABAg.AD0umUsLUqIAD110FNr9QQ,,0,"2025-01-08 06:43:19",@RizkyRiplay,"Semoga ada pembelajaran yang bisa diambil dari cerita di atas ya kak",1,UgyXK2wFBQ74HHM3frF4AaABAg,@AkimHaikal
UgzmsXSLPA0BD-Ic4bt4AaABAg,1,0,"2025-01-08 05:39:15",@coolafdhal2148,"Paling enak makan sambil nonton",0,,
UgzmsXSLPA0BD-Ic4bt4AaABAg.AD0ug1ZpzBbAD111RJfFXn,,0,"2025-01-08 06:43:29",@RizkyRiplay,"Enak banget tuhh sob",1,UgzmsXSLPA0BD-Ic4bt4AaABAg,@coolafdhal2148
UgxGLSo65ucfDMuzpZZ4AaABAg,1,0,"2025-01-08 05:38:31",@Buruhsrgap,"Namanya karna sifat nya memalukan padahal nama karna itu orang nya dermawan baik hati sama suka ngebantu apalagi sama masyarakat miskin",0,,
UgxGLSo65ucfDMuzpZZ4AaABAg.AD0uabQhAAuAD113ehxa0W,,1,"2025-01-08 06:43:47",@RizkyRiplay,"Semoga ada pembelajaran yang bisa diambil dari cerita di atas ya kak",1,UgxGLSo65ucfDMuzpZZ4AaABAg,@Buruhsrgap
UgwC5gomY15w9M0x1lB4AaABAg,1,0,"2025-01-08 05:38:26",@nellyoktariana5086,"Telat 2jam🤦🏻‍♀️",0,,
UgwC5gomY15w9M0x1lB4AaABAg.AD0ua43ZDGvAD116Z2uAQg,,0,"2025-01-08 06:44:11",@RizkyRiplay,"Gapapa sob yang penting nonton",1,UgwC5gomY15w9M0x1lB4AaABAg,@nellyoktariana5086
UgzMCu95PTiusxwu5eV4AaABAg,1,2,"2025-01-08 05:38:13",@Elynaa_youtube,"alur nya bagus banget, jangan lupa Nonton sambil makan ,btw semangat ya kak rizky🎉",0,,
UgzMCu95PTiusxwu5eV4AaABAg.AD0uZOPQXGeAD117fpnAhX,,1,"2025-01-08 06:44:20",@RizkyRiplay,"Terimakasih telah menonton",1,UgzMCu95PTiusxwu5eV4AaABAg,@Elynaa_youtube
UgzOSXmm86sEcdk07lN4AaABAg,1,0,"2025-01-08 05:36:47",@felly-t3m,"Yah telat 2 jam 😅",0,,
UgzOSXmm86sEcdk07lN4AaABAg.AD0uOyX-Q_1AD12kXs-xve,,0,"2025-01-08 06:58:31",@RizkyRiplay,"Gapapa sob yang penting nonton",1,UgzOSXmm86sEcdk07lN4AaABAg,@felly-t3m
UgxzIMmTzvtLDHKMDvt4AaABAg,1,0,"2025-01-08 05:36:03",@Carmitasmith,"Realita kehidupan jaman sekarang 👍",0,,
UgxzIMmTzvtLDHKMDvt4AaABAg.AD0uJaddst8AD12lCnoToB,,0,"2025-01-08 06:58:36",@RizkyRiplay,"Semoga ada pembelajaran yang bisa diambil dari cerita di atas ya kak",1,UgxzIMmTzvtLDHKMDvt4AaABAg,@Carmitasmith
UgweiT2ClPjhZkjgPKF4AaABAg,1,3,"2025-01-08 05:35:42",@ESukeChannel,"Videonya di akhir nya macam kenak Azab mantap tuh 😅hehehehe.😊 Hasilnya bikin saya nangis hehe.mantap😅",0,,
UgweiT2ClPjhZkjgPKF4AaABAg.AD0uGxopZ9mAD14-Rv-Df2,,0,"2025-01-08 07:09:25",@RizkyRiplay,"Semoga ada pembelajaran yang bisa diambil dari cerita di atas ya kak",1,UgweiT2ClPjhZkjgPKF4AaABAg,@ESukeChannel
UgyZEtA1qCqQ0mvcgk94AaABAg,1,0,"2025-01-08 05:35:34",@Mamah-u8z,"hlo semuanya apa kabar😊",0,,
UgyZEtA1qCqQ0mvcgk94AaABAg.AD0uG2HT54MAD14MnxilM-,,0,"2025-01-08 07:12:37",@RizkyRiplay,"Haloo sob",1,UgyZEtA1qCqQ0mvcgk94AaABAg,@Mamah-u8z
UgxH7Rsae2rUw4OUIfJ4AaABAg,0,0,"2025-01-08 05:35:00",@LulukKamaliyah-l5s,❤❤🎉🎉🎉,0,,
UgycK-d3LQbzlfaICs54AaABAg,1,1,"2025-01-08 05:30:45",@FatmawatyRivanaKoampa,"Makasih 1 like nya😊",0,,
UgycK-d3LQbzlfaICs54AaABAg.AD0thlRyWxtAD14RRSRHwb,,0,"2025-01-08 07:13:15",@RizkyRiplay,"Terimakasih telah menonton",1,UgycK-d3LQbzlfaICs54AaABAg,@FatmawatyRivanaKoampa
UgzmOcGxbCp1ZnHGkM14AaABAg,1,0,"2025-01-08 05:30:32",@He_reImcoming,"Telatt 2 jam 😢😢😢",0,,
UgzmOcGxbCp1ZnHGkM14AaABAg.AD0tg6QQ23LAD14SF_J5CM,,0,"2025-01-08 07:13:21",@RizkyRiplay,"Gapapa sob yang penting nonton",1,UgzmOcGxbCp1ZnHGkM14AaABAg,@He_reImcoming
UgwA8mrLJh_9569Jazd4AaABAg,1,0,"2025-01-08 05:30:26",@ayuadinda7618,"Hongkong hadir bang sukses selalu 🫰❤❤😂",0,,
UgwA8mrLJh_9569Jazd4AaABAg.AD0tfOneBc5AD17noYSWBZ,,0,"2025-01-08 07:42:39",@RizkyRiplay,"Terimakasih telah menonton",1,UgwA8mrLJh_9569Jazd4AaABAg,@ayuadinda7618
Ugy-qCcyj20tW-aw2Bh4AaABAg,1,0,"2025-01-08 05:29:23",@delhendri9485,"Maaf telat karna baru pulang sekolah",0,,
Ugy-qCcyj20tW-aw2Bh4AaABAg.AD0tYh9lfBbAD17p5HhwYM,,0,"2025-01-08 07:42:50",@RizkyRiplay,"Gapapa sob yang penting nonton",1,Ugy-qCcyj20tW-aw2Bh4AaABAg,@delhendri9485
UgwmpajIPzj56hzF1AF4AaABAg,2,1,"2025-01-08 05:28:47",@ulyaauradita4669,"coba panjang bang durasinya sampai 30 menit gitu jadi nonton puas dech bang Rizky cepat banget selesainya 😂😂",0,,
UgwmpajIPzj56hzF1AF4AaABAg.AD0tUIpylwWAD1EtzMGbHB,,1,"2025-01-08 08:44:40",@RizkyRiplay,"Waduhh panjang juga ya, nanti ga tayang tayang dong sob soalnya lama pembuatnya",1,UgwmpajIPzj56hzF1AF4AaABAg,@ulyaauradita4669
UgwmpajIPzj56hzF1AF4AaABAg.AD0tUIpylwWAD1FhGPn6eM,,0,"2025-01-08 08:51:40",@ulyaauradita4669,"@RizkyRiplay  🤭🤭🤭",1,UgwmpajIPzj56hzF1AF4AaABAg,@ulyaauradita4669
UgxxeCKIr8iFMdaKXcR4AaABAg,1,0,"2025-01-08 05:25:56",@faizzalefe,"Mntap bng , coba collab sma pohon cerita chanell bang pasti seruuu",0,,
UgxxeCKIr8iFMdaKXcR4AaABAg.AD0t9TcYcK_AD1F90YjMgt,,0,"2025-01-08 08:46:51",@RizkyRiplay,"Terimakasih sarannya sob, doain kami bisa collab sama youtuber animasi lainnya juga ya",1,UgxxeCKIr8iFMdaKXcR4AaABAg,@faizzalefe
UgzeA6wub6otGz9zChJ4AaABAg,1,1,"2025-01-08 05:23:54",@Storyngakak62,"Seruu bngtt animasi nya dari dulu🎉❤😊",0,,
UgzeA6wub6otGz9zChJ4AaABAg.AD0svcDPZ4ZAD1F9xRrgnj,,0,"2025-01-08 08:46:59",@RizkyRiplay,"Terimakasih telah menonton",1,UgzeA6wub6otGz9zChJ4AaABAg,@Storyngakak62
UgyLOUwF5zjdKD6P4f14AaABAg,1,0,"2025-01-08 05:23:38",@KingAbhin,"Halo bang,habis pulang sekolah",0,,
UgyLOUwF5zjdKD6P4f14AaABAg.AD0stcZ8gUjAD1FDg-YcIr,,0,"2025-01-08 08:47:29",@RizkyRiplay,"Terimakasih telah menonton",1,UgyLOUwF5zjdKD6P4f14AaABAg,@KingAbhin
UgyZ9dl2l6M4AldgKsN4AaABAg,1,0,"2025-01-08 05:23:03",@AuliaMdn-v1f,"Awalnya iseng iseng nonton risky play eh malah keterusan ketagihan",0,,
UgyZ9dl2l6M4AldgKsN4AaABAg.AD0spL55NNmAD1FJDm3aLY,,0,"2025-01-08 08:48:14",@RizkyRiplay,"Terimakasih sob, jangan lupa subscribe juga ya sama nyalain loncengnya",1,UgyZ9dl2l6M4AldgKsN4AaABAg,@AuliaMdn-v1f
UgyffvwhXdpIvnkc5jZ4AaABAg,1,2,"2025-01-08 05:21:19",@FadlilDasiyem,"Yang ditunggu tunggu nihh ..",0,,
UgyffvwhXdpIvnkc5jZ4AaABAg.AD0scaWq4lUAD1FTRWgmk7,,0,"2025-01-08 08:49:38",@RizkyRiplay,"Terimakasih telah menonton",1,UgyffvwhXdpIvnkc5jZ4AaABAg,@FadlilDasiyem
Ugzz0I8Qkio90WTz2K94AaABAg,1,1,"2025-01-08 05:21:15",@KhoerulFaozan,"Pinjol tidak akan pernah bisa di percaya .bahkan ketika lunas pun nomer kita data pribadi kita sudah di sebarkan .sekelas mentri kominfo aja bisa di hacker apalagi pinjol",0,,
Ugzz0I8Qkio90WTz2K94AaABAg.AD0scC8uoEzAD1FU-TDzZV,,0,"2025-01-08 08:49:43",@RizkyRiplay,"Semoga ada pembelajaran yang bisa diambil dari cerita di atas ya sob",1,Ugzz0I8Qkio90WTz2K94AaABAg,@KhoerulFaozan
UgxIT-0XaewSwDPQOZ14AaABAg,1,0,"2025-01-08 05:20:28",@FaridHusain-nv1ol,"Akhirnya upload😂🎉❤",0,,
UgxIT-0XaewSwDPQOZ14AaABAg.AD0sXMq_Z3SAD1FV-q0Lqp,,0,"2025-01-08 08:49:51",@RizkyRiplay,"Yang di tunggu tunggu ya sob",1,UgxIT-0XaewSwDPQOZ14AaABAg,@FaridHusain-nv1ol
UgzeIGfHMbpU7EwWa814AaABAg,2,0,"2025-01-08 05:20:12",@rahmah4532,"Ada aja yang komen mempromosikan JUDOL hmm gk bisa liat apa cerita nya tentang apa dan akibatnya nnti apa🤦🤦🤦",0,,
UgzeIGfHMbpU7EwWa814AaABAg.AD0sVR867IXAD1FaS_0oKr,,0,"2025-01-08 08:50:44",@RizkyRiplay,"Mimin juga heran sob kok bisa, semoga sudah ga ada yang main judol yaa",1,UgzeIGfHMbpU7EwWa814AaABAg,@rahmah4532
UgzeIGfHMbpU7EwWa814AaABAg.AD0sVR867IXAD1PLqj5bF7,,0,"2025-01-08 10:15:59",@rahmah4532,"@RizkyRiplay  aamiin bg Rizky🤲🙂semoga pada sadar🙂",1,UgzeIGfHMbpU7EwWa814AaABAg,@rahmah4532
UgyZKQNWxfuEtwnQ1hB4AaABAg,1,0,"2025-01-08 05:19:56",@Gue___cwk,"Cara supaya terlepas dari judol gimana?",0,,
UgyZKQNWxfuEtwnQ1hB4AaABAg.AD0sTWxqTD0AD1FhnBNRH4,,0,"2025-01-08 08:51:44",@RizkyRiplay,"Stop main kaya gitu sob terus harus di pikir apa yang akan terjadi kedepannya kalau tetep main judol",1,UgyZKQNWxfuEtwnQ1hB4AaABAg,@Gue___cwk
UgwBLY7rH2b2BZJz1H94AaABAg,1,0,"2025-01-08 05:19:50",@HendraHendra-x1l,"Makasih bg rizki sdh mengingatkan 😢😢😢",0,,
UgwBLY7rH2b2BZJz1H94AaABAg.AD0sSn0wehTAD1FiVjSkIW,,1,"2025-01-08 08:51:50",@RizkyRiplay,"Semoga ada pembelajaran yang bisa diambil dari cerita di atas ya sob",1,UgwBLY7rH2b2BZJz1H94AaABAg,@HendraHendra-x1l
Ugy-HVBk3953qx1gE7Z4AaABAg,0,1,"2025-01-08 05:18:57",@INyomanKarma-fw5zr,❤,0,,
Ugw6JXn5N-GjU5YLlr94AaABAg,1,0,"2025-01-08 05:18:22",@Panggilmawar0709,"Pinjol dan judol sgt meresahkan..",0,,
Ugw6JXn5N-GjU5YLlr94AaABAg.AD0sI0aiRUIAD1Fl88CZpT,,0,"2025-01-08 08:52:11",@RizkyRiplay,"Semoga ada pembelajaran yang bisa diambil dari cerita di atas ya sob",1,Ugw6JXn5N-GjU5YLlr94AaABAg,@Panggilmawar0709
UgyKll9MNB_IKWk3bhh4AaABAg,1,0,"2025-01-08 05:18:18",@LutfiaLutfia-x3x,"Cung yang disini setiap mau makan harus nonton vt rizki riplay",0,,
UgyKll9MNB_IKWk3bhh4AaABAg.AD0sHa4-ZztAD1Fm7SPw-D,,0,"2025-01-08 08:52:19",@RizkyRiplay,"Terimakasih telah menonton",1,UgyKll9MNB_IKWk3bhh4AaABAg,@LutfiaLutfia-x3x
UgzyQrHGWmrKkgNg3lB4AaABAg,1,0,"2025-01-08 05:17:40",@ArtikaDamanik,"Sapa aku dong bang rizky😅",0,,
UgzyQrHGWmrKkgNg3lB4AaABAg.AD0sCypnyuOAD1G8AA0STl,,0,"2025-01-08 08:55:28",@RizkyRiplay,"Haloo sob",1,UgzyQrHGWmrKkgNg3lB4AaABAg,@ArtikaDamanik
Ugy6NZR0LNbmukpYT6t4AaABAg,1,0,"2025-01-08 05:16:13",@ArisNiko29,"Sesuai dengan kisah nyata di kehidupan masyarakat sehari-hari",0,,
Ugy6NZR0LNbmukpYT6t4AaABAg.AD0s2JT8w_DAD1GCQ-P_rF,,0,"2025-01-08 08:56:03",@RizkyRiplay,"Terimakasih telah menonton",1,Ugy6NZR0LNbmukpYT6t4AaABAg,@ArisNiko29
Ugy7PFccXKPsN6P60O94AaABAg,1,0,"2025-01-08 05:15:07",@HBibi-w2k,"Kasian si adek nya,di tinggal orang tua nya bundir",0,,
Ugy7PFccXKPsN6P60O94AaABAg.AD0rvDBaB2cAD1GDkbPfCs,,0,"2025-01-08 08:56:14",@RizkyRiplay,"Semoga ada pembelajaran yang bisa diambil dari cerita di atas ya sob",1,Ugy7PFccXKPsN6P60O94AaABAg,@HBibi-w2k
UgyM8SaACafLw86WMv54AaABAg,1,0,"2025-01-08 05:14:59",@AdiansyahAdiansyah-i9j,Gercep,0,,
UgyM8SaACafLw86WMv54AaABAg.AD0ruCv2ubEAD1GGL2Fn5P,,0,"2025-01-08 08:56:35",@RizkyRiplay,"Terimakasih telah menonton",1,UgyM8SaACafLw86WMv54AaABAg,@AdiansyahAdiansyah-i9j
UgxfC4xJClDA9f2lIXp4AaABAg,2,0,"2025-01-08 05:13:38",@imanmadani3523,"pantesan mengapa libya pada jamannya muamar pada ngelarang pinjol ama judol",0,,
UgxfC4xJClDA9f2lIXp4AaABAg.AD0rkOQdjwxAD1GJG5YC2L,,0,"2025-01-08 08:56:59",@RizkyRiplay,"Semoga ada pembelajaran yang bisa diambil dari cerita di atas ya sob",1,UgxfC4xJClDA9f2lIXp4AaABAg,@imanmadani3523
UgxfC4xJClDA9f2lIXp4AaABAg.AD0rkOQdjwxAD1LKmnJJ48,,0,"2025-01-08 09:40:53",@imanmadani3523,"@RizkyRiplay  baiklah",1,UgxfC4xJClDA9f2lIXp4AaABAg,@imanmadani3523
UgzOHkWUDefhUKi0QIx4AaABAg,2,0,"2025-01-08 05:13:01",@Rizki-o1v,"Abasen 1000 orang ter cepat",0,,
UgzOHkWUDefhUKi0QIx4AaABAg.AD0rfo7KzmNAD1GLPLaav4,,0,"2025-01-08 08:57:17",@RizkyRiplay,"Terimakasih telah menonton",1,UgzOHkWUDefhUKi0QIx4AaABAg,@Rizki-o1v
UgzOHkWUDefhUKi0QIx4AaABAg.AD0rfo7KzmNAD1TVgq5p2X,,0,"2025-01-08 10:52:17",@Rizki-o1v,"@RizkyRiplay  sama-sama oh ia kapan bikin episot baru lagi seru banget aku nonton dari 2019 sampe sekarang tetep seru",1,UgzOHkWUDefhUKi0QIx4AaABAg,@Rizki-o1v
Ugy0AAbd3loL7riBlXZ4AaABAg,1,1,"2025-01-08 05:12:51",@anfah__,"Gasss kenn langsung nontonnnnn🎉🎉🎉🎉",0,,
Ugy0AAbd3loL7riBlXZ4AaABAg.AD0reak_X0wAD1GM1pAQ6R,,0,"2025-01-08 08:57:22",@RizkyRiplay,"Terimakasih telah menonton",1,Ugy0AAbd3loL7riBlXZ4AaABAg,@anfah__
Ugy1aXmZNXotmAUwtxB4AaABAg,1,0,"2025-01-08 05:12:06",@hadisunaryoch2741,"Sepatutnya tante juga lapor kepolisi langsung",0,,
Ugy1aXmZNXotmAUwtxB4AaABAg.AD0r_B6mCzgAD1GOC4V_dz,,0,"2025-01-08 08:57:40",@RizkyRiplay,"Kan dia di iket sob",1,Ugy1aXmZNXotmAUwtxB4AaABAg,@hadisunaryoch2741
UgyecM7GmtOBIypnnhl4AaABAg,1,2,"2025-01-08 05:11:21",@nockyazhennocky4368,"RizkyRiplay Memamg favorite..best animasi movie 😅❤❤",0,,
UgyecM7GmtOBIypnnhl4AaABAg.AD0rUg_frXgAD1GS2zJ5PU,,1,"2025-01-08 08:58:11",@RizkyRiplay,"Terimakasih telah menonton",1,UgyecM7GmtOBIypnnhl4AaABAg,@nockyazhennocky4368
Ugxy-B5fjWiHZr0-NjB4AaABAg,0,0,"2025-01-08 05:10:06",@takulsiluman6923,"masih seragam coklat yg mengcover..... 😅😅",0,,
UgxPrYH_i8pD6jkASu14AaABAg,0,0,"2025-01-08 05:09:46",@HnSdy,"Pinzol ""Pinjaman Zolim""",0,,
UgxBsw7tzi2DbJr1mpx4AaABAg,1,0,"2025-01-08 05:08:57",@SryrumadayRumau,"Seruuu bang rizz Ko andy dimana bang",0,,
UgxBsw7tzi2DbJr1mpx4AaABAg.AD0rD340uvxAD1GY3LqcX6,,0,"2025-01-08 08:59:00",@RizkyRiplay,"Terimakasih telah menonton",1,UgxBsw7tzi2DbJr1mpx4AaABAg,@SryrumadayRumau
Ugydbe5cbc9C9Fx9CxF4AaABAg,1,0,"2025-01-08 05:08:56",@SyifaNurFadila-k7d,2jamm,0,,
Ugydbe5cbc9C9Fx9CxF4AaABAg.AD0rCy0omvdAD1GZ2YPZFA,,0,"2025-01-08 08:59:08",@RizkyRiplay,"Terimakasih telah menonton",1,Ugydbe5cbc9C9Fx9CxF4AaABAg,@SyifaNurFadila-k7d
Ugw0Cl4mQ4Re6Et_Fzd4AaABAg,1,0,"2025-01-08 05:08:44",@GembrutSaitama,"KOMBO MAUT 😂 JUDOL PAKEK PINJOL 😂",0,,
Ugw0Cl4mQ4Re6Et_Fzd4AaABAg.AD0rBVLx6c1AD1GaHxedg8,,0,"2025-01-08 08:59:27",@RizkyRiplay,"Semoga ada pembelajaran yang bisa diambil dari cerita di atas ya sob",1,Ugw0Cl4mQ4Re6Et_Fzd4AaABAg,@GembrutSaitama
UgzAfIjdwTOktfyhEZJ4AaABAg,1,0,"2025-01-08 05:08:03",@SukmaRaniPutri,"Yng lanjutan pacar psikopat itu dong min",0,,
UgzAfIjdwTOktfyhEZJ4AaABAg.AD0r6ULG6mKAD1GfUScY6Z,,0,"2025-01-08 09:00:09",@RizkyRiplay,"Kelanjutannya di undur ya sob soalnya animatornya lagi persiapan untuk married",1,UgzAfIjdwTOktfyhEZJ4AaABAg,@SukmaRaniPutri
Ugw1-5q7VvNUo2YrV8x4AaABAg,1,0,"2025-01-08 05:07:42",@satriaputra1195,#stopjudimiskin,0,,
Ugw1-5q7VvNUo2YrV8x4AaABAg.AD0r3xU08YXAD1GixcybAI,,0,"2025-01-08 09:00:38",@RizkyRiplay,"Semoga ada pembelajaran yang bisa diambil dari cerita di atas ya sob",1,Ugw1-5q7VvNUo2YrV8x4AaABAg,@satriaputra1195
Ugy2qqQMCS0IEPvByvp4AaABAg,1,0,"2025-01-08 05:07:33",@LintangGaming-e6i,"Halo bang",0,,
Ugy2qqQMCS0IEPvByvp4AaABAg.AD0r2lY-3zXAD1Gl-LDoKd,,0,"2025-01-08 09:00:55",@RizkyRiplay,"Haloo sob",1,Ugy2qqQMCS0IEPvByvp4AaABAg,@LintangGaming-e6i
Ugx7RE2xXEVdNb8oVcF4AaABAg,2,0,"2025-01-08 05:06:24",@riankrissianto,"yg terjerat pinjol stop bayar jangn sampe gali lobang tutup lobang,,siap kan mental karna sering d teror lewat tlfn sama chat wa,,buar kan saja itu cuman gertakan semata klw ada yg datang kerumah tinggal bilang blum ada uang dan jangn menjanjikan kapan bayar",0,,
Ugx7RE2xXEVdNb8oVcF4AaABAg.AD0qvRgPalzAD1GmhzbUra,,0,"2025-01-08 09:01:09",@RizkyRiplay,"Semoga ada pembelajaran yang bisa diambil dari cerita di atas ya sob",1,Ugx7RE2xXEVdNb8oVcF4AaABAg,@riankrissianto
Ugx7RE2xXEVdNb8oVcF4AaABAg.AD0qvRgPalzAD1IUVP3Nhq,,0,"2025-01-08 09:16:00",@riankrissianto,"@RizkyRiplay  jangan sampe terjerat pinjol sam judol",1,Ugx7RE2xXEVdNb8oVcF4AaABAg,@riankrissianto
Ugy9wERxmAtcQq6srqh4AaABAg,1,1,"2025-01-08 05:05:34",@evariana9287,"Langsung dowload bang rizky biar ga ketinggalan dan kalo ga ada kuota bisa nonton lagi 🤭",0,,
Ugy9wERxmAtcQq6srqh4AaABAg.AD0qpGOjywSAD1Govn6epR,,1,"2025-01-08 09:01:27",@RizkyRiplay,"Terimakasih telah menonton",1,Ugy9wERxmAtcQq6srqh4AaABAg,@evariana9287
Ugzffc2II0fmYpyFzb54AaABAg,1,0,"2025-01-08 05:05:17",@rahmatiarahmatia66,"Lambat akuu😂",0,,
Ugzffc2II0fmYpyFzb54AaABAg.AD0qnFwlngaAD1Gw7D8PSN,,0,"2025-01-08 09:02:26",@RizkyRiplay,"Gapapa sob yang penting nonton",1,Ugzffc2II0fmYpyFzb54AaABAg,@rahmatiarahmatia66
UgyBqQJQK9g8egdrGnV4AaABAg,1,4,"2025-01-08 05:04:57",@ziyadrzq0026,"Akhirnya keluar jg ❤ Sampe bolak-balik buka channel bang Rizky,bahkan nonton ulang video nya yg dah pernah ku tonton 😂😂. OTW LIKE LAH!! ❤❤❤",0,,
UgyBqQJQK9g8egdrGnV4AaABAg.AD0qkmQEvujAD1HfbCsM03,,1,"2025-01-08 09:08:55",@RizkyRiplay,"Terimakasih telah menonton",1,UgyBqQJQK9g8egdrGnV4AaABAg,@ziyadrzq0026
Ugzgqdvz7i-KS5lt1-14AaABAg,2,0,"2025-01-08 05:04:43",@piopii_22,"Kenapa sih guys kalian suka banget pinjol? Karena gengsi tinggi kah ?😢 Kan bisa tuh kalian kerja dan nabung sebanyak-banyak nya. Intinya hidup itu banyakin sabar dan bersyukur. #StopJudiBiarGakBundir #StopPinjolBiarGaNyusahinOrang",0,,
Ugzgqdvz7i-KS5lt1-14AaABAg.AD0qj5mMJBUAD1HjGcbWVf,,1,"2025-01-08 09:09:25",@RizkyRiplay,"Semoga ada pembelajaran yang bisa diambil dari cerita di atas ya sob",1,Ugzgqdvz7i-KS5lt1-14AaABAg,@piopii_22
Ugzgqdvz7i-KS5lt1-14AaABAg.AD0qj5mMJBUAD1URToOf7k,,0,"2025-01-08 11:00:26",@piopii_22,"@RizkyRiplay  terimakasih bang rizky riplay sudah memberikan edukasi dalam bentuk animasi. Tetap semangat ya bang, btw makin kesini gambarnya makin rapi dan bagus. Aku udh ngikutin dari 2022 😊",1,Ugzgqdvz7i-KS5lt1-14AaABAg,@piopii_22
UgyxcZ1jurHe-pSc0c94AaABAg,1,1,"2025-01-08 05:04:43",@Memel-u5j,"Nonton sambil ngemil 😁",0,,
UgyxcZ1jurHe-pSc0c94AaABAg.AD0qj0LUqV-AD1HkBUMNZS,,0,"2025-01-08 09:09:32",@RizkyRiplay,"Wahh enak banget tuhh",1,UgyxcZ1jurHe-pSc0c94AaABAg,@Memel-u5j
Ugza_iFZvGUt_um57TF4AaABAg,1,0,"2025-01-08 05:04:14",@Sunflower_0106,"Pulang skolah ada notif bang rizky upload part 2 wiiiii🎉Banyak pelajaran yg kita dpet dri ceritanya 👏",0,,
Ugza_iFZvGUt_um57TF4AaABAg.AD0qfX6fNxhAD1HuwaBxX8,,0,"2025-01-08 09:11:00",@RizkyRiplay,"Terimakasih telah menonton",1,Ugza_iFZvGUt_um57TF4AaABAg,@Sunflower_0106
UgyLwOSyu2F7Gv0lJOl4AaABAg,1,0,"2025-01-08 05:03:36",@gedesujati7208,"Iya bener",0,,
UgyLwOSyu2F7Gv0lJOl4AaABAg.AD0qavMiRIhAD1HvVjBBWP,,0,"2025-01-08 09:11:05",@RizkyRiplay,"Terimakasih telah menonton",1,UgyLwOSyu2F7Gv0lJOl4AaABAg,@gedesujati7208
UgzCEHkghdHKEfGq1Ct4AaABAg,0,0,"2025-01-08 05:02:38",@Inisaya_936,"Guys, teruntuk kalian yg tdk pernah menyentuh link judol ini, plis jgn pernah kalian coba, ataupun sekedar coba2 guys, krna judol akan membuat kalian kecanduan,yg awal nya dikasih kemenangan tapi lambat Laun kalian akan merasakan kekalahan dan kerugian,aku gk mau kalian ngalamin apa yg aku rasa, baru2 ini keluarga ku dpt musibah,dan saat itu kami perlu bgt sama uang, tapi suami ku malah pke uang nya utk judi, karna bbrpa wktu lalu juga dia dikasih menang bnyk, alhasil kecanduan, dan smpe skrg pun dia masih main itu judol, aku cape ngingetin, kami smpe gk ada pegangan sama sekali sejak dia pke uang berjuta2 utk judi,dan ini sangat2 menyiksa guys, dan teruntuk kalian yg sdh punya anak istri, stop judol, kasian keluarga kalian, mereka org pertama yg merasakan dampak nya🥹😭😭🙏🏼 sayangi diri dan keluarga kalian Untuk pinjol, pinjam lah sesuai dgn kemampuan kalian,pinjam lah jika keadaan mendesak, dan jgn pernah utk mencoba nya, bunga pinjol gk ada yg ringan guys, saya tdk membenarkan utk pinjol,tpi klo memang ada hal yg mendesak, asal kalian amanah aja bayar nya, jgn smpe telat,apa lg lari dari tanggung jwb, saya juga pinjol, krna memang ada hal yg sangat mendesak,dan kami memang perlu uang, pdhl nominal gk bnyk, tpi bunga nya Masya Allah banget, bunga yg setara dgn nominal uang yg kami pinjam 🥹 dan alhamdullilah nya, setiap dekat tgl pembayaran selalu ada rejeki yg datang Kesimpulan nya, klo bisa jauhi pinjol dan judol guys, hidup lah sesuai dgn penghasilan kalian, Semoga kita semua dijauhkan dr perbuatan2 yg tercela, semoga dilancarkan selalu pekerjaan dan rejeki kita semua🤲🏼🙏🏼😇",0,,
Ugzt6FM8eQX_lVH6sn94AaABAg,1,0,"2025-01-08 05:00:26",@UutKutsiahwati,Seruuu❤,0,,
Ugzt6FM8eQX_lVH6sn94AaABAg.AD0qEjA0Vh4AD1HvyMzMTu,,0,"2025-01-08 09:11:09",@RizkyRiplay,"Terimakasih telah menonton",1,Ugzt6FM8eQX_lVH6sn94AaABAg,@UutKutsiahwati
UgwghPmDFfcPNbzlo9d4AaABAg,1,5,"2025-01-08 05:00:00",@Gadiss-17,"Makasih bang Kyy selalu sukses menghibur disaat makan😙",0,,
UgwghPmDFfcPNbzlo9d4AaABAg.AD0qBUiInOnAD1IatJ-T_a,,1,"2025-01-08 09:17:00",@RizkyRiplay,"Terimakasih atas supportnya sob",1,UgwghPmDFfcPNbzlo9d4AaABAg,@Gadiss-17
UgyYwMKHMqJd0WmsJXB4AaABAg,1,0,"2025-01-08 04:59:32",@Teooffi,"Yng menantiKan kelanjutan ny ayo kumpul sini 🎉🎉🎉🎉",0,,
UgyYwMKHMqJd0WmsJXB4AaABAg.AD0q82gFFPhAD1Iehv4odI,,0,"2025-01-08 09:17:32",@RizkyRiplay,"Terimakasih sob sudah menonton",1,UgyYwMKHMqJd0WmsJXB4AaABAg,@Teooffi
UgwB_F5rsIXvs0VuU6p4AaABAg,1,0,"2025-01-08 04:57:59",@RUBYWANGYY27,"Coba bikin versi rental mobil dong kak",0,,
UgwB_F5rsIXvs0VuU6p4AaABAg.AD0pxjZiXmLAD1Iz5bB_co,,0,"2025-01-08 09:20:19",@RizkyRiplay,"Terimakasih atas sarannya",1,UgwB_F5rsIXvs0VuU6p4AaABAg,@RUBYWANGYY27
UgypH_vg2P0T43vXHfx4AaABAg,0,0,"2025-01-08 04:57:54",@JuandyLebuh,"Pake judi online bapa Bombom asu 😂",0,,
UgzOoeCwmQoGvwt5ES54AaABAg,1,0,"2025-01-08 04:57:28",@MohamadFirja,"Ih Serem!😱",0,,
UgzOoeCwmQoGvwt5ES54AaABAg.AD0ptwvF6loAD1Izjo_y7Z,,0,"2025-01-08 09:20:24",@RizkyRiplay,"Terimakasih telah menonton",1,UgzOoeCwmQoGvwt5ES54AaABAg,@MohamadFirja
UgwL8VIrFGfQj437gbN4AaABAg,1,1,"2025-01-08 04:56:44",@ariefhidayat6893,"Mntap ini, yg di tunggu. Lanjut kan bang @rizky",0,,
UgwL8VIrFGfQj437gbN4AaABAg.AD0podjddarAD1JEA3mSYC,,0,"2025-01-08 09:22:31",@RizkyRiplay,"Ini sudah final ya sob",1,UgwL8VIrFGfQj437gbN4AaABAg,@ariefhidayat6893
UgzMncUYzzfIHN90Cgx4AaABAg,1,0,"2025-01-08 04:56:40",@roseichimaruu,"Apapun ingin barang impian jangan sekali kali tergoda pinjol atau judol Bang semoga sepupuku yang laki laki kabur dari bahayanya pinjol dan judol",0,,
UgzMncUYzzfIHN90Cgx4AaABAg.AD0po6O0GAYAD1JINFQ69h,,0,"2025-01-08 09:23:05",@RizkyRiplay,"Semoga ada pembelajaran yang bisa diambil dari cerita di atas ya sob",1,UgzMncUYzzfIHN90Cgx4AaABAg,@roseichimaruu
UgwCwQOzM5B0mvzz92N4AaABAg,1,0,"2025-01-08 04:54:41",@MuhammadDaruquthniRamadhan,"mudah2an kita semua dilindungi dari tipu daya judol",0,,
UgwCwQOzM5B0mvzz92N4AaABAg.AD0p_X15NUzAD1JIqvuMtj,,0,"2025-01-08 09:23:09",@RizkyRiplay,"Semoga ada pembelajaran yang bisa diambil dari cerita di atas ya sob",1,UgwCwQOzM5B0mvzz92N4AaABAg,@MuhammadDaruquthniRamadhan
UgxWHOJM2FL6qCq2W194AaABAg,1,14,"2025-01-08 04:54:40",@Aniformozza,"Lah tlt hadir kk Rizky 🤗🤗🤗 yg penting msh bisa ntn.. sht sks slalu kk Risky Amin ya Allah 🤲🤲😊",0,,
UgxWHOJM2FL6qCq2W194AaABAg.AD0p_TNKTICAD1JZYh3W5P,,3,"2025-01-08 09:25:25",@RizkyRiplay,"Gapapa sob yang penting nonton",1,UgxWHOJM2FL6qCq2W194AaABAg,@Aniformozza
UgyIqZIEA3jxx0jDkcN4AaABAg,1,0,"2025-01-08 04:54:32",@viinadiaofficial2405,"Aku telat pantes biasa ny agak pagian ini kok baru jam segini keluar notif di hp aku yaa ,apa hp aku eror😄😂",0,,
UgyIqZIEA3jxx0jDkcN4AaABAg.AD0pZX1NF1pAD1M5SHjhL9,,0,"2025-01-08 09:47:32",@RizkyRiplay,"Gapapa sob yang penting nonton",1,UgyIqZIEA3jxx0jDkcN4AaABAg,@viinadiaofficial2405
UgxfHpEapDTKpkieW6h4AaABAg,1,0,"2025-01-08 04:53:52",@TIYAA-v3v,"akhirnya yg ditunggu""😍",0,,
UgxfHpEapDTKpkieW6h4AaABAg.AD0pUa6YFJoAD3HSLHqbby,,0,"2025-01-09 03:45:27",@RizkyRiplay,"Akhirnya tayang juga yaa",1,UgxfHpEapDTKpkieW6h4AaABAg,@TIYAA-v3v
UgzJR_WjAns8fhPHUlp4AaABAg,2,4,"2025-01-08 04:52:57",@fifii590,"yeyy akhirnyaaa upload jugaa🎉🎉❤❤",0,,
UgzJR_WjAns8fhPHUlp4AaABAg.AD0pNtS0r9KAD3HXFPHvsu,,1,"2025-01-09 03:46:07",@RizkyRiplay,"Yang ditunggu tunggu ya sob",1,UgzJR_WjAns8fhPHUlp4AaABAg,@fifii590
UgzJR_WjAns8fhPHUlp4AaABAg.AD0pNtS0r9KAD9SZuWsupP,,0,"2025-01-11 13:18:02",@fifii590,"@RizkyRiplay  ehehe iyaaa, aku jugaa masih nungguin lanjutan pacar psikopat ituu, cumaa aku jugaa ngertiin, semangat terus yaaa bang rizky dann team",1,UgzJR_WjAns8fhPHUlp4AaABAg,@fifii590
UgzsG5ODK0wOef56FaV4AaABAg,0,0,"2025-01-08 04:52:42",@SitiNurAisyaah-n1w,🎉,0,,
UgzqIhIBqkpvnuIsQnR4AaABAg,1,0,"2025-01-08 04:52:36",@phendphend3531,"Ayo kawan2 yang iklan judol dikoment kita laporkan penipuan",0,,
UgzqIhIBqkpvnuIsQnR4AaABAg.AD0pLMHi4n8AD3H_O4qfjV,,0,"2025-01-09 03:46:33",@RizkyRiplay,"Mimin sampe geram banget nihh sama yang komen judol gitu",1,UgzqIhIBqkpvnuIsQnR4AaABAg,@phendphend3531
Ugy7YPYVOWoBKeER9sp4AaABAg,1,0,"2025-01-08 04:51:56",@vioag2418,"kebanyakan iklannnnn ni",0,,
Ugy7YPYVOWoBKeER9sp4AaABAg.AD0pGSfac5_AD3HiAIrlU-,,0,"2025-01-09 03:47:45",@RizkyRiplay,"Iklan apa sob? iklan yt kahh, kalau ga mau ada iklannya bisa up premium sob nanti lebih nyaman nontonnya",1,Ugy7YPYVOWoBKeER9sp4AaABAg,@vioag2418
UgykHBQ_OqVPLk8RUEB4AaABAg,1,0,"2025-01-08 04:51:50",@KORIZEN_NOVI12345,"Bukan nya anak nya cewek kok cowok?",0,,
UgykHBQ_OqVPLk8RUEB4AaABAg.AD0pFfkHD2OAD3HlMx30Z8,,0,"2025-01-09 03:48:11",@RizkyRiplay,"Beda keluarga itu sob",1,UgykHBQ_OqVPLk8RUEB4AaABAg,@KORIZEN_NOVI12345
UgzC0Npy0V-2YyRB5Et4AaABAg,1,8,"2025-01-08 04:51:42",@Bermainbersamazira2488,"Ini bener2 mengedukasi masyarakat supaya berhati-hati dan jangan pernah tergiur oleh dua hal mematikan ini,, Trimakasih bang Rizky❤",0,,
UgzC0Npy0V-2YyRB5Et4AaABAg.AD0pEi_rHnIAD3HmVHy0E9,,2,"2025-01-09 03:48:20",@RizkyRiplay,"Semoga ada pembelajaran yang bisa diambil dari cerita di atas ya sob",1,UgzC0Npy0V-2YyRB5Et4AaABAg,@Bermainbersamazira2488
UgyxvkNilDlXwdfzNvd4AaABAg,1,0,"2025-01-08 04:51:01",@ghj920,iyalah,0,,
UgyxvkNilDlXwdfzNvd4AaABAg.AD0p9mkjDEMAD3Hr-Tv02y,,0,"2025-01-09 03:48:57",@RizkyRiplay,"Terimakasih telah menonton",1,UgyxvkNilDlXwdfzNvd4AaABAg,@ghj920
UgwS929vYFgj3daVNaR4AaABAg,1,2,"2025-01-08 04:50:55",@Fathirfahmi16,"10:15 DIA PANTAS MENDAPATKAN NYA😡",0,,
UgwS929vYFgj3daVNaR4AaABAg.AD0p8w6pZQPAD3Ht9_u851,,1,"2025-01-09 03:49:14",@RizkyRiplay,"Terimakasih telah menonton",1,UgwS929vYFgj3daVNaR4AaABAg,@Fathirfahmi16
UgziOg7Z6sPUVoRsnRp4AaABAg,1,0,"2025-01-08 04:50:13",@erwinnawawi-eg9hm,"karna hukuman di negri ini kurang tegas dan kurang berat untuk bandar judol maka pinjol pun merajalela ketika penegak hukum masih bisa di sogok maka Indonesia tidak akan pernah bisa jadi negara maju sungguh sangat miris negara ini kaya akan hasil alamnya tapi tidak bisa kita nikmati karna serakahnya para pejabat kaloo seumpama pejabat dan penegak hukum jujur semua Indonesia pasti menjadi negara yg makmur adil dan maju sayang nya itu hanya mimpi hanya ALLAH YG Akan membalas nya......",0,,
UgziOg7Z6sPUVoRsnRp4AaABAg.AD0p3uGbz0iAD3Hu0LoJkB,,0,"2025-01-09 03:49:22",@RizkyRiplay,"Semoga ada pembelajaran yang bisa diambil dari cerita di atas ya sob",1,UgziOg7Z6sPUVoRsnRp4AaABAg,@erwinnawawi-eg9hm
Ugzf7WJWtnwa6bFjnmB4AaABAg,1,0,"2025-01-08 04:48:55",@RiskaamandaRiska-l6y,yeyyy,0,,
Ugzf7WJWtnwa6bFjnmB4AaABAg.AD0ovPSgvc_AD3Hui3uPxj,,0,"2025-01-09 03:49:27",@RizkyRiplay,"Terimakasih telah menonton",1,Ugzf7WJWtnwa6bFjnmB4AaABAg,@RiskaamandaRiska-l6y
Ugxn10LdOve7mEIMzj14AaABAg,1,2,"2025-01-08 04:48:21",@Aristafabilanrhmz1,"Setiap upload aku tetep setia nonton 🥰🥰🙏🏻",0,,
Ugxn10LdOve7mEIMzj14AaABAg.AD0orDrpQ2yAD3HvNlcczh,,0,"2025-01-09 03:49:33",@RizkyRiplay,"Terimakasih telah menonton",1,Ugxn10LdOve7mEIMzj14AaABAg,@Aristafabilanrhmz1
Ugw3BQkjMfmvYL57AOt4AaABAg,1,2,"2025-01-08 04:48:01",@korizen_Vnisa,"tim gercep manaa nih 🎉🎉😁",0,,
Ugw3BQkjMfmvYL57AOt4AaABAg.AD0oonaQb09AD3Hwo0j3eI,,0,"2025-01-09 03:49:44",@RizkyRiplay,"Terimakasih telah menonton",1,Ugw3BQkjMfmvYL57AOt4AaABAg,@korizen_Vnisa
Ugwn8PgXo9ngvoqhs3B4AaABAg,2,1,"2025-01-08 04:47:13",@ardoputra1197,"Telat lagi😢",0,,
Ugwn8PgXo9ngvoqhs3B4AaABAg.AD0oisjSWypAD3HxcRodiX,,0,"2025-01-09 03:49:51",@RizkyRiplay,"Gapapa sob yang penting nonton",1,Ugwn8PgXo9ngvoqhs3B4AaABAg,@ardoputra1197
Ugwn8PgXo9ngvoqhs3B4AaABAg.AD0oisjSWypAD3Pz-3RUQz,,0,"2025-01-09 04:59:57",@ardoputra1197,"@RizkyRiplay  dimaapin y bre penonton setiamu telat trs soalnya kerja wkwk",1,Ugwn8PgXo9ngvoqhs3B4AaABAg,@ardoputra1197
UgzQqErLvDsrhku21pd4AaABAg,1,0,"2025-01-08 04:46:54",@NurHidayat-o5s,"Untung g pernah pinjol😅",0,,
UgzQqErLvDsrhku21pd4AaABAg.AD0ogaGbClOAD3HyA9RpHw,,0,"2025-01-09 03:49:56",@RizkyRiplay,"Semoga ada pembelajaran yang bisa diambil dari cerita di atas ya sob",1,UgzQqErLvDsrhku21pd4AaABAg,@NurHidayat-o5s
UgzfH3eETSh8eWz67Ht4AaABAg,2,1,"2025-01-08 04:45:56",@saras_sensei,"Wlaupun suka telat"", gpp tetap penonton setia ❤️❤️😁",0,,
UgzfH3eETSh8eWz67Ht4AaABAg.AD0o_X2S1XKAD3HypiLzRK,,1,"2025-01-09 03:50:01",@RizkyRiplay,"Terimakasih telah menonton",1,UgzfH3eETSh8eWz67Ht4AaABAg,@saras_sensei
UgzfH3eETSh8eWz67Ht4AaABAg.AD0o_X2S1XKAD3b-qducNS,,0,"2025-01-09 06:45:03",@saras_sensei,"@RizkyRiplay  iya sama"" bg Rizky🙏🏻",1,UgzfH3eETSh8eWz67Ht4AaABAg,@saras_sensei
UgywWxy6OG7TIqDA00N4AaABAg,1,0,"2025-01-08 04:44:53",@ekawahyup,"sebelum 1000",0,,
UgywWxy6OG7TIqDA00N4AaABAg.AD0oSmX5Md2AD3HziSbHtt,,0,"2025-01-09 03:50:08",@RizkyRiplay,"Terimakasih telah menonton",1,UgywWxy6OG7TIqDA00N4AaABAg,@ekawahyup
Ugy4rhRAluzRToRQp494AaABAg,1,2,"2025-01-08 04:44:52",@Eriiza_33,"Akhirnya yg di tunggu"" 🎉❤",0,,
Ugy4rhRAluzRToRQp494AaABAg.AD0oSfRNq8rAD3I-GKZlwC,,0,"2025-01-09 03:50:13",@RizkyRiplay,"Terimakasih telah menonton",1,Ugy4rhRAluzRToRQp494AaABAg,@Eriiza_33
UgzsalKsSaDnO-Kn6Eh4AaABAg,1,0,"2025-01-08 04:44:45",@Cyantikk,"Omaygattt 😱",0,,
UgzsalKsSaDnO-Kn6Eh4AaABAg.AD0oRrRfchXAD3I-ctBuwB,,0,"2025-01-09 03:50:16",@RizkyRiplay,"Terimakasih telah menonton",1,UgzsalKsSaDnO-Kn6Eh4AaABAg,@Cyantikk
UgwrtOrSJGIlHlSsxld4AaABAg,1,0,"2025-01-08 04:44:02",@AnangDerohman,"biar telat asal koment👍👍👍",0,,
UgwrtOrSJGIlHlSsxld4AaABAg.AD0oMa_dcs9AD3I0m2jmjn,,0,"2025-01-09 03:50:25",@RizkyRiplay,"Terimakasih telah menonton",1,UgwrtOrSJGIlHlSsxld4AaABAg,@AnangDerohman
UgxJXWReHBjxdBp2V654AaABAg,1,1,"2025-01-08 04:42:40",@luuluiss,"Udah kutunggu tunggu bang!! ceritanya ga pernah mengecewakan, animasinya kerennn, tetap semangatt",0,,
UgxJXWReHBjxdBp2V654AaABAg.AD0oC_-XbVDAD3I3BXhsI4,,0,"2025-01-09 03:50:45",@RizkyRiplay,"Terimakasih telah menonton",1,UgxJXWReHBjxdBp2V654AaABAg,@luuluiss
UgymHbS8AW6tRHA3gDF4AaABAg,1,0,"2025-01-08 04:42:09",@zulfikriranfibiankambani115,"Ke 999 dapat apa",0,,
UgymHbS8AW6tRHA3gDF4AaABAg.AD0o8qoXJHXAD3I3crBd0X,,0,"2025-01-09 03:50:49",@RizkyRiplay,"Terimakasih telah menonton",1,UgymHbS8AW6tRHA3gDF4AaABAg,@zulfikriranfibiankambani115
UgyYnQiKX7XeYoHPkTh4AaABAg,1,1,"2025-01-08 04:41:41",@ElinHerlina-pz4os,"Telat 1 jam gk ngaruh😅",0,,
UgyYnQiKX7XeYoHPkTh4AaABAg.AD0o5LPMslmAD3I5dFfYrl,,0,"2025-01-09 03:51:05",@RizkyRiplay,"Gapapa sob yang penting nonton",1,UgyYnQiKX7XeYoHPkTh4AaABAg,@ElinHerlina-pz4os
Ugw9epwITeWRti7Dqk54AaABAg,1,0,"2025-01-08 04:41:38",@ahmadjaelani4751,"Yg di tunggu2",0,,
Ugw9epwITeWRti7Dqk54AaABAg.AD0o4yEClVCAD3I65q9qtY,,0,"2025-01-09 03:51:09",@RizkyRiplay,"Terimakasih telah menonton",1,Ugw9epwITeWRti7Dqk54AaABAg,@ahmadjaelani4751
UgwpyKNsH7OYmrbGMGB4AaABAg,1,0,"2025-01-08 04:40:58",@rininisa4938,"Akir nya part 2 SDH ada nungguin lama ni 😅",0,,
UgwpyKNsH7OYmrbGMGB4AaABAg.AD0o05W7QieAD3I6bpgTIJ,,0,"2025-01-09 03:51:13",@RizkyRiplay,"Terimakasih telah menonton",1,UgwpyKNsH7OYmrbGMGB4AaABAg,@rininisa4938
UgyqXkzM9EjDfu5vs0Z4AaABAg,1,0,"2025-01-08 04:40:23",@Aisyahna932,"Gk gercep tp gppp btw 1rb org tercepat",0,,
UgyqXkzM9EjDfu5vs0Z4AaABAg.AD0nwsCodVyAD3IDzBGEe5,,0,"2025-01-09 03:52:13",@RizkyRiplay,"Terimakasih telah menonton",1,UgyqXkzM9EjDfu5vs0Z4AaABAg,@Aisyahna932
UgwGry5YfWTFUToskPp4AaABAg,1,0,"2025-01-08 04:39:21",@MosesHutapea-ix1co,"Bang kenal Rizky galaxy gk",0,,
UgwGry5YfWTFUToskPp4AaABAg.AD0npHzT9iyAD3IFDEobR2,,0,"2025-01-09 03:52:24",@RizkyRiplay,"Siapa tuhh sob?",1,UgwGry5YfWTFUToskPp4AaABAg,@MosesHutapea-ix1co
UgyqShHcSD0-D31Lrs94AaABAg,1,0,"2025-01-08 04:38:29",@ahmadtantowi7545,"Hadir bos ☝️",0,,
UgyqShHcSD0-D31Lrs94AaABAg.AD0nivxclqZAD3IGFGjiHg,,0,"2025-01-09 03:52:32",@RizkyRiplay,"Terimakasih telah menonton",1,UgyqShHcSD0-D31Lrs94AaABAg,@ahmadtantowi7545
UgwBYrMCNJVclZOgIz54AaABAg,0,0,"2025-01-08 04:38:26",@irmazunita9332,"Dlu suka bgt belanja bayar paylater.. Selalu kepikiran kalau mau byr tpi akhirnya suatu saat ganti hp dan ganti akun apk baru skrng gak lagi deh ngaktifin paylater mending COD 😭",0,,
UgyYjOCsGtgZnRZGFd94AaABAg,1,0,"2025-01-08 04:38:08",@ketutdewi3440,"Ginikan bagus bentuk tanggan nya👍👍",0,,
UgyYjOCsGtgZnRZGFd94AaABAg.AD0ngLh2U76AD3IHakUQjl,,0,"2025-01-09 03:52:43",@RizkyRiplay,"Terimakasih telah menonton",1,UgyYjOCsGtgZnRZGFd94AaABAg,@ketutdewi3440
UgzOS8F_vVjOXFsV2ml4AaABAg,1,1,"2025-01-08 04:38:03",@Elwasman,"Itu cewek yg misterius adalah ceweku kawan",0,,
UgzOS8F_vVjOXFsV2ml4AaABAg.AD0nfmg0VyaAD3IIGwDDif,,0,"2025-01-09 03:52:48",@RizkyRiplay,"Terimakasih telah menonton",1,UgzOS8F_vVjOXFsV2ml4AaABAg,@Elwasman
UgxiZn3E-FWZMHDwecx4AaABAg,1,0,"2025-01-08 04:36:49",@deniaa6904,"Met makan siang ges",0,,
UgxiZn3E-FWZMHDwecx4AaABAg.AD0nXkDHdwdAD3IJ0_qVaq,,0,"2025-01-09 03:52:55",@RizkyRiplay,"Terimakasih telah menonton",1,UgxiZn3E-FWZMHDwecx4AaABAg,@deniaa6904
Ugy2s5jKWRsuJ1nPsEl4AaABAg,1,0,"2025-01-08 04:36:18",@Afganputra47,"Masih sempet nonton di sekolah bg😂",0,,
Ugy2s5jKWRsuJ1nPsEl4AaABAg.AD0nTtohFDJAD3ILxfJK9M,,1,"2025-01-09 03:53:19",@RizkyRiplay,"Terimakasih telah menonton",1,Ugy2s5jKWRsuJ1nPsEl4AaABAg,@Afganputra47
UgyuG6fxeXIwLaQq1Mp4AaABAg,1,0,"2025-01-08 04:36:13",@mellaanjaniiii,"Tb² 8 hr😢",0,,
UgyuG6fxeXIwLaQq1Mp4AaABAg.AD0nTGz1ioHAD3IMGTUlHx,,0,"2025-01-09 03:53:21",@RizkyRiplay,"Terimakasih telah menonton",1,UgyuG6fxeXIwLaQq1Mp4AaABAg,@mellaanjaniiii
UgxDn5BAYi5yUMei9f14AaABAg,2,0,"2025-01-08 04:34:49",@mashuryalwi9886,"Kalimat yg terakhir seng MEDENI mas... Selama blm kiyamat judol & pinjol tak akan pernah berakhir",0,,
UgxDn5BAYi5yUMei9f14AaABAg.AD0nJ3VS_T9AD3INk6qtzf,,1,"2025-01-09 03:53:33",@RizkyRiplay,"Semoga ada pembelajaran yang bisa diambil dari cerita di atas ya sob",1,UgxDn5BAYi5yUMei9f14AaABAg,@mashuryalwi9886
UgxDn5BAYi5yUMei9f14AaABAg.AD0nJ3VS_T9AD3YCUGxhhB,,0,"2025-01-09 06:11:50",@mashuryalwi9886,"@RizkyRiplay aaminn....ya Robb...🤲🤲🤲",1,UgxDn5BAYi5yUMei9f14AaABAg,@mashuryalwi9886
Ugw24w75MPpoTh10M5p4AaABAg,2,5,"2025-01-08 04:34:35",@liliahasan3051,"Upload tiap hari dong kak Rizkyyyy 😂😂😂😊",0,,
Ugw24w75MPpoTh10M5p4AaABAg.AD0nHKaLm_SAD3IPgHe4nI,,2,"2025-01-09 03:53:49",@RizkyRiplay,"Doain aja kita bisa up setiap hari yaa",1,Ugw24w75MPpoTh10M5p4AaABAg,@liliahasan3051
Ugw24w75MPpoTh10M5p4AaABAg.AD0nHKaLm_SAD698emo98o,,0,"2025-01-10 06:30:34",@laww_1-j8l,"​@RizkyRiplayamin 🙏😇",1,Ugw24w75MPpoTh10M5p4AaABAg,@liliahasan3051
Ugwv5oW24EDnn49-whh4AaABAg,1,0,"2025-01-08 04:33:55",@arhysetyawanchannel7792,"Lanjut bang",0,,
Ugwv5oW24EDnn49-whh4AaABAg.AD0nCS6FJDmAD3IRYsQWJz,,0,"2025-01-09 03:54:04",@RizkyRiplay,"Ini sudah final ya sob",1,Ugwv5oW24EDnn49-whh4AaABAg,@arhysetyawanchannel7792
Ugw5iop43TqoK0NSbml4AaABAg,1,0,"2025-01-08 04:33:14",@NadiaSuciabsari-lx3nn,"1 jam yang lalu🎉",0,,
Ugw5iop43TqoK0NSbml4AaABAg.AD0n7UPH3ZZAD3IS1_Wurf,,0,"2025-01-09 03:54:08",@RizkyRiplay,"Terimakasih telah menonton",1,Ugw5iop43TqoK0NSbml4AaABAg,@NadiaSuciabsari-lx3nn
UgwUsA1t5VzxW9PKyCJ4AaABAg,1,0,"2025-01-08 04:32:33",@asimarohanihutabarat3850,"Jurnalis yg berani tpi sekaligus bodoh dan ceroboh .utk melawan mafia jahat tidak cukup dgn keberanian tp taktik yg jtu",0,,
UgwUsA1t5VzxW9PKyCJ4AaABAg.AD0n2Tq_fVyAD3IXZfoAlj,,0,"2025-01-09 03:54:54",@RizkyRiplay,"Jadi jurnalis itu susah sob ga gampang",1,UgwUsA1t5VzxW9PKyCJ4AaABAg,@asimarohanihutabarat3850
UgxEL5lkAIuXIE6P6Bl4AaABAg,1,0,"2025-01-08 04:31:25",@DesyRahmani,"Wehhhhh pernah kepikiran judol weh aku",0,,
UgxEL5lkAIuXIE6P6Bl4AaABAg.AD0mvDqHjZXAD3IaQND5B7,,0,"2025-01-09 03:55:25",@RizkyRiplay,"Terimakasih sudah mau sharing sob, semoga ada pembelajaran yang bisa diambil dari cerita di atas ya sob",1,UgxEL5lkAIuXIE6P6Bl4AaABAg,@DesyRahmani
UgwD8oES7nwybGbvMUJ4AaABAg,1,0,"2025-01-08 04:30:41",@Zahrazihan-h9b,"Emang selalu keren👍",0,,
UgwD8oES7nwybGbvMUJ4AaABAg.AD0mpmt6fM_AD3IcCyjVus,,0,"2025-01-09 03:55:40",@RizkyRiplay,"Terimakasih telah menonton",1,UgwD8oES7nwybGbvMUJ4AaABAg,@Zahrazihan-h9b
Ugy9BzlO4564o4xekNN4AaABAg,0,0,"2025-01-08 04:30:22",@Gamegabut4450,❤,0,,
UgyrFqa4xw76Tl6dYX94AaABAg,1,0,"2025-01-08 04:29:53",@Jhiraya.p,"Saya udah subscribe dan nonton dari par 1",0,,
UgyrFqa4xw76Tl6dYX94AaABAg.AD0mjyE7ZKsAD3Ico44PvV,,0,"2025-01-09 03:55:45",@RizkyRiplay,"Terimakasih telah menonton",1,UgyrFqa4xw76Tl6dYX94AaABAg,@Jhiraya.p
UgxCUDwQKAShn0HUw1d4AaABAg,2,0,"2025-01-08 04:29:23",@irmazunita9332,"Kontennya pinjol iklannya yt jga pinjol😂",0,,
UgxCUDwQKAShn0HUw1d4AaABAg.AD0mgKIgjzIAD3IebtoRC6,,0,"2025-01-09 03:56:00",@RizkyRiplay,"Waduh hahha janga coba coba tapi ya sob",1,UgxCUDwQKAShn0HUw1d4AaABAg,@irmazunita9332
UgxCUDwQKAShn0HUw1d4AaABAg.AD0mgKIgjzIAD3KctFnpYu,,0,"2025-01-09 04:13:14",@irmazunita9332,"@RizkyRiplay  amannnn kakaaa.. InsyaAllah",1,UgxCUDwQKAShn0HUw1d4AaABAg,@irmazunita9332
UgykC_sGFBgoiFqxSFV4AaABAg,1,0,"2025-01-08 04:27:44",@Deacnss,Yuhu,0,,
UgykC_sGFBgoiFqxSFV4AaABAg.AD0mV7vGjdZAD3Iibs8PJe,,0,"2025-01-09 03:56:33",@RizkyRiplay,"Terimakasih telah menonton",1,UgykC_sGFBgoiFqxSFV4AaABAg,@Deacnss
UgxMI-aGSRL7-NLUtO14AaABAg,1,1,"2025-01-08 04:27:32",@Thegengcats,Mntp❤,0,,
UgxMI-aGSRL7-NLUtO14AaABAg.AD0mTmZvsVjAD3IkE6Aegp,,1,"2025-01-09 03:56:46",@RizkyRiplay,"Terimakasih telah menonton",1,UgxMI-aGSRL7-NLUtO14AaABAg,@Thegengcats
UgyolO2ZJC0X4dJgmEh4AaABAg,1,0,"2025-01-08 04:27:09",@ADIBASYAKILAH-f1j,"Waduh agak telat🎉✨",0,,
UgyolO2ZJC0X4dJgmEh4AaABAg.AD0mQw3CSTgAD3IknF1uqZ,,0,"2025-01-09 03:56:50",@RizkyRiplay,"Gapapa sob yang penting nonton",1,UgyolO2ZJC0X4dJgmEh4AaABAg,@ADIBASYAKILAH-f1j
UgxtrQtieR8eCU4fHbF4AaABAg,2,1,"2025-01-08 04:27:02",@vivian8848,"Ponorogo hadir 🎉",0,,
UgxtrQtieR8eCU4fHbF4AaABAg.AD0mQ72Ul6qAD3IlGcPZpr,,0,"2025-01-09 03:56:54",@RizkyRiplay,"Terimakasih telah menonton",1,UgxtrQtieR8eCU4fHbF4AaABAg,@vivian8848
UgxtrQtieR8eCU4fHbF4AaABAg.AD0mQ72Ul6qAD6nihZT4Pf,,0,"2025-01-10 12:33:54",@vivian8848,"@RizkyRiplay  sama ² ko",1,UgxtrQtieR8eCU4fHbF4AaABAg,@vivian8848
UgypChI9Iv2h4Lx1n_d4AaABAg,1,0,"2025-01-08 04:26:51",@hafizneneng2790,"Masalahnya real kayak konoha tapi sayang engga happy ending kayak cerita ini..😭😭",0,,
UgypChI9Iv2h4Lx1n_d4AaABAg.AD0mOi-5DgyAD3ImGdm_91,,1,"2025-01-09 03:57:02",@RizkyRiplay,"Semoga ada pembelajaran yang bisa diambil dari cerita di atas ya sob",1,UgypChI9Iv2h4Lx1n_d4AaABAg,@hafizneneng2790
UgxzrwVLFaP25OY3Dfx4AaABAg,1,0,"2025-01-08 04:26:46",@arhysetyawanchannel7792,Hdir,0,,
UgxzrwVLFaP25OY3Dfx4AaABAg.AD0mOAM8zk0AD3Imp5z5M0,,0,"2025-01-09 03:57:07",@RizkyRiplay,"Terimakasih telah menonton",1,UgxzrwVLFaP25OY3Dfx4AaABAg,@arhysetyawanchannel7792
UgwUMGIIHxZK4hWuwXh4AaABAg,1,0,"2025-01-08 04:26:14",@berrybeanbluee,"Gw mahasiswi yg udah terlanjur kena pinjol 11jt an😭 dan harus sambil kerja buat ngelunasin semuanya, btw itu karena kemauan gw buat kuliah di rantauan, jadi harus bisa bayar UKT kost makan sendiri, tp apapun itu tetep salah gw, nyesel bgt",0,,
UgwUMGIIHxZK4hWuwXh4AaABAg.AD0mKEVyl33AD3IrkhMRjE,,0,"2025-01-09 03:57:47",@RizkyRiplay,"Terimakasih sudah mau sharing ceritanya sob, semangat ya di perantauan keren banget dehh sudah bisa bayar kebutuhan hidup sendiri",1,UgwUMGIIHxZK4hWuwXh4AaABAg,@berrybeanbluee
UgzDXwLgHsyjePtHWG54AaABAg,1,0,"2025-01-08 04:26:07",@nisatebing4240,"Baru sempat nonton",0,,
UgzDXwLgHsyjePtHWG54AaABAg.AD0mJPSRIvTAD3Ixsu207E,,0,"2025-01-09 03:58:38",@RizkyRiplay,"Terimakasih telah menonton",1,UgzDXwLgHsyjePtHWG54AaABAg,@nisatebing4240
Ugzo-DhJ1gh1UUbh8jN4AaABAg,0,0,"2025-01-08 04:25:52",@Malau_0108,"Kapok lu",0,,
UgzfwJDpCoahCEiYTNJ4AaABAg,2,0,"2025-01-08 04:25:25",@Rahman.Tubers,"Akhirnya Tunggu Om Rizkyriplay Ada Part 2 Lagi Mantap Om👍",0,,
UgzfwJDpCoahCEiYTNJ4AaABAg.AD0mEFHb9DXAD3Iz6GLgfv,,0,"2025-01-09 03:58:48",@RizkyRiplay,"Terimakasih telah menonton",1,UgzfwJDpCoahCEiYTNJ4AaABAg,@Rahman.Tubers
UgzfwJDpCoahCEiYTNJ4AaABAg.AD0mEFHb9DXAD3MWfsiGvO,,0,"2025-01-09 04:29:44",@Rahman.Tubers,"@RizkyRiplay  Iya Om",1,UgzfwJDpCoahCEiYTNJ4AaABAg,@Rahman.Tubers
UgzrGQg03sfYrfL3Y0B4AaABAg,1,0,"2025-01-08 04:25:09",@Renn-qx6jv,"Kangen sama pocong dan rizky ni min",0,,
UgzrGQg03sfYrfL3Y0B4AaABAg.AD0mCGJVZkPAD3J-_7oV0K,,0,"2025-01-09 03:59:00",@RizkyRiplay,"Wahhh iya nih banyak yang kangen yaa",1,UgzrGQg03sfYrfL3Y0B4AaABAg,@Renn-qx6jv
Ugx35W-FUbwUQ_eCI6Z4AaABAg,1,0,"2025-01-08 04:24:56",@SiskaNadirotul,"Akhirnya bisa nemu part 2 nya 🎉🎉",0,,
Ugx35W-FUbwUQ_eCI6Z4AaABAg.AD0mAgMS5aDAD3J01q0IXl,,0,"2025-01-09 03:59:03",@RizkyRiplay,"Terimakasih telah menonton",1,Ugx35W-FUbwUQ_eCI6Z4AaABAg,@SiskaNadirotul
UgxwUKMpQbMjXwU_grR4AaABAg,1,0,"2025-01-08 04:24:18",@AnggaPradana-bz2rj,"telat 1 jam baru pulang sekolah 🗿",0,,
UgxwUKMpQbMjXwU_grR4AaABAg.AD0m66AhMTPAD3J1XPaUEI,,0,"2025-01-09 03:59:16",@RizkyRiplay,"Gapapa sob yang penting nonton",1,UgxwUKMpQbMjXwU_grR4AaABAg,@AnggaPradana-bz2rj
UgyJRgOyIrB4NvjxGgJ4AaABAg,1,0,"2025-01-08 04:23:35",@nynyangska4888,"Akhirnya yg di tunggu2 udh ada juga..makasih bang rizky",0,,
UgyJRgOyIrB4NvjxGgJ4AaABAg.AD0m0k_LYHSAD3J3-1OTdk,,0,"2025-01-09 03:59:28",@RizkyRiplay,"Terimakasih telah menonton",1,UgyJRgOyIrB4NvjxGgJ4AaABAg,@nynyangska4888
Ugxhh0dxB0eTKOwLXa94AaABAg,3,0,"2025-01-08 04:23:23",@RiriAmoor_Channel,"Satu jam yg lalu",0,,
Ugxhh0dxB0eTKOwLXa94AaABAg.AD0m-LPafxJAD3J4dDl-4k,,1,"2025-01-09 03:59:41",@RizkyRiplay,"Terimakasih telah menonton",1,Ugxhh0dxB0eTKOwLXa94AaABAg,@RiriAmoor_Channel
Ugxhh0dxB0eTKOwLXa94AaABAg.AD0m-LPafxJAD45TKle4yS,,0,"2025-01-09 11:19:58",@RiriAmoor_Channel,"@RizkyRiplay  sama""",1,Ugxhh0dxB0eTKOwLXa94AaABAg,@RiriAmoor_Channel
Ugxhh0dxB0eTKOwLXa94AaABAg.AD0m-LPafxJAD45WwbMVhi,,0,"2025-01-09 11:20:27",@RiriAmoor_Channel,"@RizkyRiplay  mau berbagi cerita horor lewat mana yah bang??",1,Ugxhh0dxB0eTKOwLXa94AaABAg,@RiriAmoor_Channel
UgwbYb0LwTwBxbB8U554AaABAg,1,0,"2025-01-08 04:22:59",@amelizaazahri585,"akhirnya yg di tunggu tunggu",0,,
UgwbYb0LwTwBxbB8U554AaABAg.AD0lxM9j5UWAD3J5nY7Hic,,0,"2025-01-09 03:59:51",@RizkyRiplay,"Terimakasih telah menonton",1,UgwbYb0LwTwBxbB8U554AaABAg,@amelizaazahri585
UgwB9b0bQty9lU1sVcp4AaABAg,0,1,"2025-01-08 04:22:52",@Ifah-q3v,🎉🎉🎉🎉🎉,0,,
UgzysfxxXWaq474A3iZ4AaABAg,2,0,"2025-01-08 04:22:51",@Rimap-r2g,"Horor 😅",0,,
UgzysfxxXWaq474A3iZ4AaABAg.AD0lwTJj-NTAD3J7Ug2gAj,,0,"2025-01-09 04:00:04",@RizkyRiplay,"Terimakasih telah menonton",1,UgzysfxxXWaq474A3iZ4AaABAg,@Rimap-r2g
UgzysfxxXWaq474A3iZ4AaABAg.AD0lwTJj-NTAD3JkFs2ZBw,,0,"2025-01-09 04:05:30",@Rimap-r2g,"@RizkyRiplay  sama2 Kak.",1,UgzysfxxXWaq474A3iZ4AaABAg,@Rimap-r2g
UgzXhCkXYj9LvoJ3gZV4AaABAg,1,0,"2025-01-08 04:22:43",@masanto8160,"pasti sebenar nya yang punya pinjol ini berhalusinasi kalau dia di teror dan ga sengaja jatuhin gas terus akibat nya ada percikan api jadi terbakar, menurut ku ya, soal nya gada manusia yang tenang sehabis bunuh nyawa orang😢",0,,
UgzXhCkXYj9LvoJ3gZV4AaABAg.AD0lvThNyEVAD3JA5FqA9T,,0,"2025-01-09 04:00:26",@RizkyRiplay,"Terimakasih telah menonton",1,UgzXhCkXYj9LvoJ3gZV4AaABAg,@masanto8160
UgxjTCb2ZVvmeBOpcah4AaABAg,1,0,"2025-01-08 04:22:28",@KebabSakinah,"Akhirnya keluar juga part 2 nya,bikin penasaran aja hehehe...",0,,
UgxjTCb2ZVvmeBOpcah4AaABAg.AD0ltfmxMISAD3JBWs8D3M,,0,"2025-01-09 04:00:37",@RizkyRiplay,"Terimakasih telah menonton",1,UgxjTCb2ZVvmeBOpcah4AaABAg,@KebabSakinah
UgyDOLAlKcBN3hrd_Xt4AaABAg,1,0,"2025-01-08 04:22:00",@RockieNow2024,"request dong cewe yang suka morotin duit cowo belum dibuat juga nih",0,,
UgyDOLAlKcBN3hrd_Xt4AaABAg.AD0lq96t8bWAD3JCWLezCm,,0,"2025-01-09 04:00:46",@RizkyRiplay,"Terimakasih atas sarannya",1,UgyDOLAlKcBN3hrd_Xt4AaABAg,@RockieNow2024
UgzU9MH-Kg0nv9GIRuR4AaABAg,8,303,"2025-01-08 04:20:49",@Nyne97,"Semoga untuk yang pecandu judol cepet pada tobat ya,sebab uang haram di kasih buat anak anak kalian itu gak ada berkahnya😢",0,,
UgzU9MH-Kg0nv9GIRuR4AaABAg.AD0lhZbFVK3AD0pzls8MWj,,4,"2025-01-08 04:58:16",@editor_kori-l9n,"Gimana caranya??",1,UgzU9MH-Kg0nv9GIRuR4AaABAg,@Nyne97
UgzU9MH-Kg0nv9GIRuR4AaABAg.AD0lhZbFVK3AD1aIRNwCW-,,2,"2025-01-08 12:00:22",@dapinotaa-e5r,"8:26 aku",1,UgzU9MH-Kg0nv9GIRuR4AaABAg,@Nyne97
UgzU9MH-Kg0nv9GIRuR4AaABAg.AD0lhZbFVK3AD1g07UEVtV,,0,"2025-01-08 12:50:18",@Alleviour,"​@editor_kori-l9n tobat, cari kerja yang bener",1,UgzU9MH-Kg0nv9GIRuR4AaABAg,@Nyne97
UgzU9MH-Kg0nv9GIRuR4AaABAg.AD0lhZbFVK3AD3JEF3DJDW,,16,"2025-01-09 04:01:00",@RizkyRiplay,"Semoga ada pembelajaran yang bisa diambil dari cerita di atas ya sob",1,UgzU9MH-Kg0nv9GIRuR4AaABAg,@Nyne97
UgzU9MH-Kg0nv9GIRuR4AaABAg.AD0lhZbFVK3AD6g62j9No2,,0,"2025-01-10 11:27:19",@ramadhanfauzi-h1q,"La hooh",1,UgzU9MH-Kg0nv9GIRuR4AaABAg,@Nyne97
UgzU9MH-Kg0nv9GIRuR4AaABAg.AD0lhZbFVK3AD6tEdOnU_O,,0,"2025-01-10 13:22:05",@ayuwiwintra8321,"Udah terlanjur hancur hutang suami ku gara2 pinjol hampir 5 milyar...",1,UgzU9MH-Kg0nv9GIRuR4AaABAg,@Nyne97
UgzU9MH-Kg0nv9GIRuR4AaABAg.AD0lhZbFVK3ADDdW62Btja,,0,"2025-01-13 04:19:20",@NandaVivo-ye1vz,"lah beneran bu??​@ayuwiwintra8321",1,UgzU9MH-Kg0nv9GIRuR4AaABAg,@Nyne97
UgzU9MH-Kg0nv9GIRuR4AaABAg.AD0lhZbFVK3AIK9uOVmW3k,,0,"2025-05-19 23:43:34",@fatihchanel23,Yoi​@RizkyRiplay,1,UgzU9MH-Kg0nv9GIRuR4AaABAg,@Nyne97
Ugy-wAB2zGCgES9KMtd4AaABAg,0,0,"2025-01-08 04:20:16",@Samidi80,"Mahjong 😂😂",0,,
UgxLRA1d7qOZlm7-9fh4AaABAg,5,19,"2025-01-08 04:19:59",@sukaayamgoreng-w0rl,"0:28 iya itu cewek yg kemarin",0,,
UgxLRA1d7qOZlm7-9fh4AaABAg.AD0lbQ6hWiuAD10WKpZJaZ,,1,"2025-01-08 06:38:58",@lovelyjeyy.ৎ,"emang kocak",1,UgxLRA1d7qOZlm7-9fh4AaABAg,@sukaayamgoreng-w0rl
UgxLRA1d7qOZlm7-9fh4AaABAg.AD0lbQ6hWiuAD3JLR9dmwd,,2,"2025-01-09 04:01:59",@RizkyRiplay,"Iya sob",1,UgxLRA1d7qOZlm7-9fh4AaABAg,@sukaayamgoreng-w0rl
UgxLRA1d7qOZlm7-9fh4AaABAg.AD0lbQ6hWiuAD6PBW68G-D,,0,"2025-01-10 08:50:46",@windiningsih7842,"Itu cewe gua",1,UgxLRA1d7qOZlm7-9fh4AaABAg,@sukaayamgoreng-w0rl
UgxLRA1d7qOZlm7-9fh4AaABAg.AD0lbQ6hWiuAD6PXgXVney,,0,"2025-01-10 08:53:48",@lovelyjeyy.ৎ,"@windiningsih7842 basi basi 😂",1,UgxLRA1d7qOZlm7-9fh4AaABAg,@sukaayamgoreng-w0rl
UgxLRA1d7qOZlm7-9fh4AaABAg.AD0lbQ6hWiuAFH26GH_NEE,,0,"2025-03-05 05:03:31",@Rogerllaurado-2012,Kocok,1,UgxLRA1d7qOZlm7-9fh4AaABAg,@sukaayamgoreng-w0rl
UgytAVQiSrvWzo0YsIZ4AaABAg,1,1,"2025-01-08 04:19:58",@cliperid-m1n,"banyakin plot wist bang seru. seruan plot wist dari pada gohib atau setan",0,,
UgytAVQiSrvWzo0YsIZ4AaABAg.AD0lbJhIjXUAD3JMVBVrY3,,0,"2025-01-09 04:02:07",@RizkyRiplay,"Terimakasih telah menonton",1,UgytAVQiSrvWzo0YsIZ4AaABAg,@cliperid-m1n
Ugwix_FL6EUbtFIQM1p4AaABAg,1,1,"2025-01-08 04:19:50",@BREAKjaj,"Mantap 😊",0,,
Ugwix_FL6EUbtFIQM1p4AaABAg.AD0laNJxdYEAD3JMqW3NQp,,0,"2025-01-09 04:02:10",@RizkyRiplay,"Terimakasih telah menonton",1,Ugwix_FL6EUbtFIQM1p4AaABAg,@BREAKjaj
UgyMKbQSuBMvrkLPPL14AaABAg,1,0,"2025-01-08 04:18:32",@AdiAlmunawar,"Hati hari bang Rizky,jgn terlalu reel gambar judolnya,nanti bahaya lo😅",0,,
UgyMKbQSuBMvrkLPPL14AaABAg.AD0lRn0SMihAD3JNMJLtV1,,0,"2025-01-09 04:02:14",@RizkyRiplay,"Terimakasih telah menonton",1,UgyMKbQSuBMvrkLPPL14AaABAg,@AdiAlmunawar
UgzqsKtRNo0tH3r2SAl4AaABAg,1,0,"2025-01-08 04:18:09",@sunartiparno3385,assalamualaikum,0,,
UgzqsKtRNo0tH3r2SAl4AaABAg.AD0lP0Ogod5AD3JOE1veup,,0,"2025-01-09 04:02:22",@RizkyRiplay,Waalaikumsalam,1,UgzqsKtRNo0tH3r2SAl4AaABAg,@sunartiparno3385
UgxIazQjBhFD_VVA3uV4AaABAg,1,0,"2025-01-08 04:17:57",@dianardeliaiskandar6549,"akhir nya",0,,
UgxIazQjBhFD_VVA3uV4AaABAg.AD0lNU2J3q_AD3JPDC6rQO,,0,"2025-01-09 04:02:30",@RizkyRiplay,"Terimakasih telah menonton",1,UgxIazQjBhFD_VVA3uV4AaABAg,@dianardeliaiskandar6549
UgyOZigJHp6p7_t7vO14AaABAg,1,0,"2025-01-08 04:17:16",@mashuryalwi9886,"Sukses selalu mas 👍👍👍",0,,
UgyOZigJHp6p7_t7vO14AaABAg.AD0lIZDulCoAD3JYZvH21d,,0,"2025-01-09 04:03:46",@RizkyRiplay,"Terimakasih telah menonton",1,UgyOZigJHp6p7_t7vO14AaABAg,@mashuryalwi9886
UgyRo7A9y7I0-qZqlvt4AaABAg,2,0,"2025-01-08 04:17:03",@meiryan796,"Tega sekali😭😭",0,,
UgyRo7A9y7I0-qZqlvt4AaABAg.AD0lGzR6nPDAD3J_1MtmUK,,1,"2025-01-09 04:03:58",@RizkyRiplay,"Terimakasih telah menonton",1,UgyRo7A9y7I0-qZqlvt4AaABAg,@meiryan796
UgyRo7A9y7I0-qZqlvt4AaABAg.AD0lGzR6nPDAD3MSn3SxuK,,0,"2025-01-09 04:29:12",@meiryan796,"@RizkyRiplay  iya, sama sama bang",1,UgyRo7A9y7I0-qZqlvt4AaABAg,@meiryan796
UgymJIU8XXs23RjAp-J4AaABAg,1,1,"2025-01-08 04:16:25",@tesalonikasew-w8z,"akhirnyaa bisa makan sambil nntn rizky riplay 🥹😆☝🏻",0,,
UgymJIU8XXs23RjAp-J4AaABAg.AD0lCMizLBoAD3JadRH8vA,,0,"2025-01-09 04:04:11",@RizkyRiplay,"Terimakasih telah menonton",1,UgymJIU8XXs23RjAp-J4AaABAg,@tesalonikasew-w8z
UgyRqEJEkvQ-N-TUuXZ4AaABAg,1,0,"2025-01-08 04:15:28",@NayaraNayara-t7f,"Hadiiirrr bang 🎉",0,,
UgyRqEJEkvQ-N-TUuXZ4AaABAg.AD0l5MH2-3VAD3Java-uGq,,0,"2025-01-09 04:04:14",@RizkyRiplay,"Terimakasih telah menonton",1,UgyRqEJEkvQ-N-TUuXZ4AaABAg,@NayaraNayara-t7f
UgylWqgTDrTn3_Ebf4l4AaABAg,1,21,"2025-01-08 04:15:13",@febbychan_03,"terniat banget animasinya, ceritanya juga menarik dan banyak pesan moral yang bisa diambil semoga sukses selalu untuk chanel ini dalam mengedukasi",0,,
UgylWqgTDrTn3_Ebf4l4AaABAg.AD0l3Vf4uCCAD3JbJpXcZL,,3,"2025-01-09 04:04:17",@RizkyRiplay,"Terimakasih telah menonton",1,UgylWqgTDrTn3_Ebf4l4AaABAg,@febbychan_03
UgyNoEDNamt3Zc49YUV4AaABAg,0,0,"2025-01-08 04:12:31",@AisyahGemiy,"No pertama:dhot disgn No dua : risky riplay❤😂",0,,
Ugw19IrKJ7fd4dHt-Th4AaABAg,0,0,"2025-01-08 04:12:28",@AntoAldo-f5u,Gacorrrrr😂,0,,
UgxA_PSF5iemdC3W_bZ4AaABAg,1,0,"2025-01-08 04:12:23",@ownertravelmhu,"Makin keren gambar nya",0,,
UgxA_PSF5iemdC3W_bZ4AaABAg.AD0kjiOFbDyAD3JdWb0_sp,,0,"2025-01-09 04:04:35",@RizkyRiplay,"Terimakasih telah menonton",1,UgxA_PSF5iemdC3W_bZ4AaABAg,@ownertravelmhu
UgxnslbaH_elqxVot214AaABAg,1,0,"2025-01-08 04:11:54",@AfriLiansyah-g4o,"Nyimak gaesss",0,,
UgxnslbaH_elqxVot214AaABAg.AD0kgBEtrpKAD3JdqZKVL1,,0,"2025-01-09 04:04:38",@RizkyRiplay,"Terimakasih telah menonton",1,UgxnslbaH_elqxVot214AaABAg,@AfriLiansyah-g4o
UgwXMa2r2_jrmYwbIqx4AaABAg,1,1,"2025-01-08 04:11:43",@OkaTulasan,"Alhamdulillah. Yang Di tunggu- tunggu Sudah Tayang Juga.. Bantul Selatan Hadir Bang.. 👏",0,,
UgwXMa2r2_jrmYwbIqx4AaABAg.AD0kerBRdKqAD3JeeL1qXy,,0,"2025-01-09 04:04:44",@RizkyRiplay,"Terimakasih telah menonton",1,UgwXMa2r2_jrmYwbIqx4AaABAg,@OkaTulasan
UgzTxtolVvF9WxQzGaF4AaABAg,1,0,"2025-01-08 04:11:36",@Ririzzkyyy,"Kweren wong jambangan Ki ❤🎉",0,,
UgzTxtolVvF9WxQzGaF4AaABAg.AD0ke0hClTDAD3Jf8DDyxG,,0,"2025-01-09 04:04:48",@RizkyRiplay,"Terimakasih telah menonton",1,UgzTxtolVvF9WxQzGaF4AaABAg,@Ririzzkyyy
UgxlYJBZp1VAfQ3v1IJ4AaABAg,1,0,"2025-01-08 04:10:46",@widia26608,"dari dulu suka banget nonton rizky riplay sampe sekarang udah gede masih suka,jangan sampe berhenti ya buat konten2nya soalnya aku suka 😍",0,,
UgxlYJBZp1VAfQ3v1IJ4AaABAg.AD0kYxgozwRAD3JgZq4N51,,0,"2025-01-09 04:05:00",@RizkyRiplay,"Terimakasih telah menonton",1,UgxlYJBZp1VAfQ3v1IJ4AaABAg,@widia26608
Ugw0Bt2Mk7zzEngJRep4AaABAg,1,0,"2025-01-08 04:09:05",@dionchandra1565,"1houurs ago ❤❤❤",0,,
Ugw0Bt2Mk7zzEngJRep4AaABAg.AD0kMbrlCbZAD3JkFLNdXi,,0,"2025-01-09 04:05:30",@RizkyRiplay,"Terimakasih telah menonton",1,Ugw0Bt2Mk7zzEngJRep4AaABAg,@dionchandra1565
UgxT-ZlW2B_FEHqERdp4AaABAg,1,0,"2025-01-08 04:07:25",@amelliantyramadhani7321,"Ga prnh bosen nnton nya,, walau d ulang berkali2",0,,
UgxT-ZlW2B_FEHqERdp4AaABAg.AD0kANXuZXTAD3Jn5UItLk,,0,"2025-01-09 04:05:54",@RizkyRiplay,"Terimakasih telah menonton",1,UgxT-ZlW2B_FEHqERdp4AaABAg,@amelliantyramadhani7321
UgwIp0nLuxZ6FK9Gpu14AaABAg,1,0,"2025-01-08 04:07:05",@fairuz-chomel886fairuz_cho6,"hadir mas🇲🇾🤝🇲🇨👻👻",0,,
UgwIp0nLuxZ6FK9Gpu14AaABAg.AD0k7z-oCJJAD3JpVjMcdE,,0,"2025-01-09 04:06:13",@RizkyRiplay,"Terimakasih telah menonton",1,UgwIp0nLuxZ6FK9Gpu14AaABAg,@fairuz-chomel886fairuz_cho6
UgzcR9xWOj80TFtcveR4AaABAg,1,2,"2025-01-08 04:06:37",@lilidarmayanti6307,"Selalu syuukaa liat alur cerita nya🥲🥺",0,,
UgzcR9xWOj80TFtcveR4AaABAg.AD0k4Z7j-clAD3JqPZKu2b,,0,"2025-01-09 04:06:21",@RizkyRiplay,"Terimakasih telah menonton",1,UgzcR9xWOj80TFtcveR4AaABAg,@lilidarmayanti6307
UgwwJiyTgMen2XuVbKp4AaABAg,1,1,"2025-01-08 04:05:56",@MujibRidwan-m9l,"Akhirnya part 2 juga tapi kok agak lama ya part dua ini",0,,
UgwwJiyTgMen2XuVbKp4AaABAg.AD0k-UBjccCAD3JqpLfF04,,1,"2025-01-09 04:06:24",@RizkyRiplay,"Terimakasih telah menonton",1,UgwwJiyTgMen2XuVbKp4AaABAg,@MujibRidwan-m9l
Ugx3qUiQwB31qnzrs414AaABAg,1,0,"2025-01-08 04:05:50",@Kangphoto_semarang,"Bang bikin video azab exco pssinya konoha dong",0,,
Ugx3qUiQwB31qnzrs414AaABAg.AD0jzmj3dRTAD3Jtoz7Xj4,,0,"2025-01-09 04:06:49",@RizkyRiplay,"Terimakasih telah menonton",1,Ugx3qUiQwB31qnzrs414AaABAg,@Kangphoto_semarang
UgxUTT3EIVQwbPkbtV14AaABAg,1,0,"2025-01-08 04:03:54",@nabilaaja3322,"Kesel pol LG nnton ini bahkan iklan nya pinjol truss..semoga kita terjauh kan dr pinjol pinjol",0,,
UgxUTT3EIVQwbPkbtV14AaABAg.AD0jlgY0fkqAD3JukSe_tP,,0,"2025-01-09 04:06:56",@RizkyRiplay,"Terimakasih telah menonton",1,UgxUTT3EIVQwbPkbtV14AaABAg,@nabilaaja3322
Ugw5ytbO0CMwku2zFdx4AaABAg,1,7,"2025-01-08 04:03:54",@alva-t2z,"Akhirnya tayang juga setelah sekian lama menunggu 😊😊",0,,
Ugw5ytbO0CMwku2zFdx4AaABAg.AD0jlbZFW-aAD3JwiEF5-c,,1,"2025-01-09 04:07:12",@RizkyRiplay,"Terimakasih telah menonton",1,Ugw5ytbO0CMwku2zFdx4AaABAg,@alva-t2z
Ugw3RQkhtZclWoPwGPt4AaABAg,2,0,"2025-01-08 04:03:49",@zexone6551,"Buka komen isinya judol",0,,
Ugw3RQkhtZclWoPwGPt4AaABAg.AD0jl4ovQhUAD0k1V9UBgw,,0,"2025-01-08 04:06:12",@ceriadk,"yuk bantu reprt",1,Ugw3RQkhtZclWoPwGPt4AaABAg,@zexone6551
Ugw3RQkhtZclWoPwGPt4AaABAg.AD0jl4ovQhUAD3JxoTSrqU,,1,"2025-01-09 04:07:21",@RizkyRiplay,"Bantu mimin ya sob",1,Ugw3RQkhtZclWoPwGPt4AaABAg,@zexone6551
Ugxsb6E7xgz4sD452mB4AaABAg,1,0,"2025-01-08 04:03:20",@Hamidahskd,"Yeayy akhirnya yg di tunggu-tunggu 🎉🎉 walaupun telat dikit gak ngaruh lah ya 😅",0,,
Ugxsb6E7xgz4sD452mB4AaABAg.AD0jhRYgrj-AD3KOC_hNZC,,0,"2025-01-09 04:11:06",@RizkyRiplay,"Terimakasih telah menonton",1,Ugxsb6E7xgz4sD452mB4AaABAg,@Hamidahskd
UgyiskkgkkaPH4YagyN4AaABAg,1,0,"2025-01-08 04:02:43",@installer_windows56,"Nah akhirnya udah tayang",0,,
UgyiskkgkkaPH4YagyN4AaABAg.AD0jd0N0jFSAD3LQfKZe2v,,0,"2025-01-09 04:20:10",@RizkyRiplay,"Terimakasih telah menonton",1,UgyiskkgkkaPH4YagyN4AaABAg,@installer_windows56
UgwIg0vX4EQS4pVUc3R4AaABAg,1,0,"2025-01-08 04:02:10",@subehimaulana,"Bikin vidio kaya gini mas",0,,
UgwIg0vX4EQS4pVUc3R4AaABAg.AD0jZvd7yiNAD3LR5iBPps,,1,"2025-01-09 04:20:14",@RizkyRiplay,"Terimakasih telah menonton",1,UgwIg0vX4EQS4pVUc3R4AaABAg,@subehimaulana
UgxfL_LLQiq1bQ7iCyp4AaABAg,2,0,"2025-01-08 04:01:23",@SyifaAzzahra-f3r,"Yang ditunggu²akhir nya tayang juga",0,,
UgxfL_LLQiq1bQ7iCyp4AaABAg.AD0jUC2Dz02AD3LRUAdgEC,,0,"2025-01-09 04:20:17",@RizkyRiplay,"Terimakasih telah menonton",1,UgxfL_LLQiq1bQ7iCyp4AaABAg,@SyifaAzzahra-f3r
UgxfL_LLQiq1bQ7iCyp4AaABAg.AD0jUC2Dz02AD3LwlVx9XJ,,0,"2025-01-09 04:24:41",@SyifaAzzahra-f3r,"@RizkyRiplay  penonton setia Rizky riplay",1,UgxfL_LLQiq1bQ7iCyp4AaABAg,@SyifaAzzahra-f3r
UgxgYzeOhrt1IGTiU3B4AaABAg,1,1,"2025-01-08 04:00:34",@NomuraYin,"Kelasszz bang🎉",0,,
UgxgYzeOhrt1IGTiU3B4AaABAg.AD0jOAjeTFHAD3LhlBBNgR,,1,"2025-01-09 04:22:38",@RizkyRiplay,"Terimakasih telah menonton",1,UgxgYzeOhrt1IGTiU3B4AaABAg,@NomuraYin
UgyBgqAShxMY8yyhwGZ4AaABAg,1,0,"2025-01-08 03:58:52",@titianayanti5782,"Ada notif langsng gercep dong",0,,
UgyBgqAShxMY8yyhwGZ4AaABAg.AD0jBkt5LCLAD3LrBHLmf-,,0,"2025-01-09 04:23:56",@RizkyRiplay,"Terimakasih telah menonton",1,UgyBgqAShxMY8yyhwGZ4AaABAg,@titianayanti5782
UgypY91EjywGv3m73np4AaABAg,1,0,"2025-01-08 03:58:10",@ASCENDANT-VOID,"Bandar full senyum pemain full emosi 🔥",0,,
UgypY91EjywGv3m73np4AaABAg.AD0j6gGP3fDAD3Lrj0OANg,,0,"2025-01-09 04:24:00",@RizkyRiplay,"Semoga ada pembelajaran yang bisa diambil dari cerita di atas ya sob",1,UgypY91EjywGv3m73np4AaABAg,@ASCENDANT-VOID
UgxDA5_qYTZ3GCEmA3d4AaABAg,1,1,"2025-01-08 03:57:51",@idk-le7z,"Tim gercep sini",0,,
UgxDA5_qYTZ3GCEmA3d4AaABAg.AD0j4IEEu5KAD3LsKtZYAD,,1,"2025-01-09 04:24:05",@RizkyRiplay,"Terimakasih telah menonton",1,UgxDA5_qYTZ3GCEmA3d4AaABAg,@idk-le7z
Ugz7R7eFBZH3ZiGDQs14AaABAg,2,0,"2025-01-08 03:57:31",@adeklintanglovemasbudi3074,"Judol dan Pinjol sudah marak dimana2 bahkan viral sampai ke medsos, bnyk org2 yg terlibat kasus Judol dan Pinjol, jgn sampai kita yg org2 baik terlibat kasus Judol dan Pinjol. Di televisi bnyk menteri2 yg terlibat kasus judol, calon mantan suamiku jg sudah terlibat kasus pinjol sampai pd akhirnya hutangnya jd bnyk mencapai 500ribu rupiah. Tp setiap kali org yg dari pinjol itu dtg utk menagihnya dia tdk mau mmbyr hutang2nya, dia malah menyuruhku yg hrs mmbyr semua hutang2nya, krn aku tdk mau ikut campur urusan pinjol akhirnya akupun memarahinya hbs2an dan memberitahunya jgn suka main2 dengan pinjol pd akhirnya dia sndr yg hrs menanggung akibatnya.",0,,
Ugz7R7eFBZH3ZiGDQs14AaABAg.AD0j1qS7cEwAD3LziKWqCw,,0,"2025-01-09 04:25:05",@RizkyRiplay,"Semoga ada pembelajaran yang bisa diambil dari cerita di atas ya sob",1,Ugz7R7eFBZH3ZiGDQs14AaABAg,@adeklintanglovemasbudi3074
Ugz7R7eFBZH3ZiGDQs14AaABAg.AD0j1qS7cEwAD3My35l5q7,,0,"2025-01-09 04:33:36",@adeklintanglovemasbudi3074,"@RizkyRiplay  Amiin🙏iya Mas Rizky, semoga kita semua terhindar dari Judol dan Pinjol, hrpn aku semoga Judol dan Pinjol segera dibasmi dan org yg sudah trlnjr terlibat Judol dan Pinjol bisa segera ditangani oleh polisi.",1,Ugz7R7eFBZH3ZiGDQs14AaABAg,@adeklintanglovemasbudi3074
UgyThR-1xkgZm8oSmz54AaABAg,1,1,"2025-01-08 03:57:21",@REZACREATORLIVE,"SUKSES ALLAH SWT AMIN YOUTUBE RIZKY RIPLAY",0,,
UgyThR-1xkgZm8oSmz54AaABAg.AD0j0ctMGQUAD3M39lm_AT,,0,"2025-01-09 04:25:42",@RizkyRiplay,"Terimakasih atas doanya sob",1,UgyThR-1xkgZm8oSmz54AaABAg,@REZACREATORLIVE
Ugxajouvhft7TbXBaIh4AaABAg,1,0,"2025-01-08 03:56:09",@MufahirTajul,"Wah mantap bang",0,,
Ugxajouvhft7TbXBaIh4AaABAg.AD0isrKzseBAD3M5LgXMvz,,0,"2025-01-09 04:26:00",@RizkyRiplay,"Terimakasih telah menonton",1,Ugxajouvhft7TbXBaIh4AaABAg,@MufahirTajul
UgzohNHVXMyScr1mbYV4AaABAg,1,0,"2025-01-08 03:55:23",@iklas_goodperson,"Suka banget sama tontonan bag iki",0,,
UgzohNHVXMyScr1mbYV4AaABAg.AD0inIHXsngAD3M66w42ua,,0,"2025-01-09 04:26:06",@RizkyRiplay,"Terimakasih telah menonton",1,UgzohNHVXMyScr1mbYV4AaABAg,@iklas_goodperson
UgwVdOQS7fz-0u6DHHB4AaABAg,1,0,"2025-01-08 03:54:40",@InurRaisa,"Telat 1 jam bang rizky...beberes rumah",0,,
UgwVdOQS7fz-0u6DHHB4AaABAg.AD0ihzAxAUqAD3M7PeuyR4,,1,"2025-01-09 04:26:17",@RizkyRiplay,"Gapapa sob yang penting nonton",1,UgwVdOQS7fz-0u6DHHB4AaABAg,@InurRaisa
UgxxO2XakaVmTW0qZct4AaABAg,1,0,"2025-01-08 03:54:39",@fayukreatif7451,lesgoo,0,,
UgxxO2XakaVmTW0qZct4AaABAg.AD0ihu3psGdAD3M87vg3YA,,0,"2025-01-09 04:26:23",@RizkyRiplay,"Terimakasih telah menonton",1,UgxxO2XakaVmTW0qZct4AaABAg,@fayukreatif7451
Ugz59PLcnBJkDDipZC54AaABAg,1,2,"2025-01-08 03:54:28",@LanangeJagat-h8y,"Coba klo d kehidupan nyata bisa kaya gt jg matinya si bos pinjol..",0,,
Ugz59PLcnBJkDDipZC54AaABAg.AD0igXU2N-yAD3MKKEthLv,,0,"2025-01-09 04:28:02",@RizkyRiplay,"Semoga ada pembelajaran yang bisa diambil dari cerita di atas ya sob",1,Ugz59PLcnBJkDDipZC54AaABAg,@LanangeJagat-h8y
UgzXPHDJPuAa-7Nw0FN4AaABAg,1,0,"2025-01-08 03:54:24",@Anna-85,"Aku baru bangun tidur, ada notif langsung nonton. Semangat terus bang rizky dan team",0,,
UgzXPHDJPuAa-7Nw0FN4AaABAg.AD0ig-P4gW_AD3ML33uGbR,,1,"2025-01-09 04:28:08",@RizkyRiplay,"Terimakasih telah menonton",1,UgzXPHDJPuAa-7Nw0FN4AaABAg,@Anna-85
Ugy6tVfo6Qh_h62rSsd4AaABAg,1,0,"2025-01-08 03:54:14",@ojelsah9846,"Sering nonton tapi ga pernah komen mana orang nya",0,,
Ugy6tVfo6Qh_h62rSsd4AaABAg.AD0iet7SVH_AD3MLivQ8NP,,0,"2025-01-09 04:28:14",@RizkyRiplay,"Terimakasih telah menonton",1,Ugy6tVfo6Qh_h62rSsd4AaABAg,@ojelsah9846
UgwrVRrymBYN5VBSE3N4AaABAg,1,1,"2025-01-08 03:53:59",@WayanRasmi-g6w,"Setia walaupun gapernah komen, smangat terus bg sering2 upload soalnya mau di download buat tontonan pas makan hehhehe😅",0,,
UgwrVRrymBYN5VBSE3N4AaABAg.AD0icy5D7GaAD3MScizYnV,,0,"2025-01-09 04:29:10",@RizkyRiplay,"Terimakasih telah menonton",1,UgwrVRrymBYN5VBSE3N4AaABAg,@WayanRasmi-g6w
UgxAH50ifL6n81HLm0F4AaABAg,1,0,"2025-01-08 03:53:52",@ayuclaraditha5801,"Tim yg nonton jarang komen😂",0,,
UgxAH50ifL6n81HLm0F4AaABAg.AD0ic87wzJWAD3MT2HmuCZ,,0,"2025-01-09 04:29:14",@RizkyRiplay,"Terimakasih telah menonton",1,UgxAH50ifL6n81HLm0F4AaABAg,@ayuclaraditha5801
Ugy-pM-9aBi_63cBz5R4AaABAg,0,0,"2025-01-08 03:53:30",@Fikoooooooo,🎉,0,,
UgxDrHanINX7zb9JbWN4AaABAg,1,0,"2025-01-08 03:53:01",@haesoo_yaa,"nonton disela' sibuk jam magang hehe 😊",0,,
UgxDrHanINX7zb9JbWN4AaABAg.AD0iWrv_fPiAD3MW60OXTm,,1,"2025-01-09 04:29:39",@RizkyRiplay,"Terimakasih telah menonton",1,UgxDrHanINX7zb9JbWN4AaABAg,@haesoo_yaa
UgyK8eMTigWhPkA83GR4AaABAg,1,0,"2025-01-08 03:52:53",@April_24400,"judol itu program komputer, namanya program pasti di coding manusia. plis bijak jadi orang, jangan mau ketipu",0,,
UgyK8eMTigWhPkA83GR4AaABAg.AD0iVyXV34zAD3MWujb9aT,,0,"2025-01-09 04:29:46",@RizkyRiplay,"Semoga ada pembelajaran yang bisa diambil dari cerita di atas ya sob",1,UgyK8eMTigWhPkA83GR4AaABAg,@April_24400
Ugz3c2etGoliKl-55N14AaABAg,1,0,"2025-01-08 03:52:38",@amyrashafa7323,"sukses terusssss rizky riplay🎉🎉🎉",0,,
Ugz3c2etGoliKl-55N14AaABAg.AD0iU5ksVqGAD3MXQE0xkB,,0,"2025-01-09 04:29:50",@RizkyRiplay,"Terimakasih atas supportnya sob",1,Ugz3c2etGoliKl-55N14AaABAg,@amyrashafa7323
Ugzn9hKXavuKRQCPJ8N4AaABAg,1,0,"2025-01-08 03:51:37",@JuanMamboai-t9l,"seru banget film filmnya ka rizkiy",0,,
Ugzn9hKXavuKRQCPJ8N4AaABAg.AD0iMdj883HAD3MZGN2Q6c,,0,"2025-01-09 04:30:05",@RizkyRiplay,"Terimakasih telah menonton",1,Ugzn9hKXavuKRQCPJ8N4AaABAg,@JuanMamboai-t9l
UgzrKJpaaocHKAZNtrd4AaABAg,1,0,"2025-01-08 03:50:46",@mbaLI_94,"Hyyy bang rizkyyy",0,,
UgzrKJpaaocHKAZNtrd4AaABAg.AD0iGQZY9XcAD0yhqRV9Ok,,0,"2025-01-08 06:14:27",@RizkyRiplay,"Haloo sob",1,UgzrKJpaaocHKAZNtrd4AaABAg,@mbaLI_94
Ugwbxcu31igPQ9rRbN94AaABAg,1,0,"2025-01-08 03:50:39",@yudasanti411,"Gerceppp donggg😊",0,,
Ugwbxcu31igPQ9rRbN94AaABAg.AD0iFbpeGzIAD0yiRFab4B,,0,"2025-01-08 06:14:32",@RizkyRiplay,"Terimakasih telah menonton",1,Ugwbxcu31igPQ9rRbN94AaABAg,@yudasanti411
UgzLfIaZSdlL90-4Ex94AaABAg,1,0,"2025-01-08 03:50:36",@nazlyhalawanieslubis9790,"Plis lah bg Rizky. Tiba-tiba upload, jam segini malah masih ngajar 😢",0,,
UgzLfIaZSdlL90-4Ex94AaABAg.AD0iFFKqBUHAD0ylMAWqkb,,0,"2025-01-08 06:14:56",@RizkyRiplay,"Kita tadi up jam 10 sob",1,UgzLfIaZSdlL90-4Ex94AaABAg,@nazlyhalawanieslubis9790
UgxNdF_PZheRtBgnJ5t4AaABAg,0,1,"2025-01-08 03:50:34",@chikasallyani9480,"Akhirnya pak karna kena karma juga kebakar beserta rumahnya",0,,
Ugz1tkU-3_dfWDPSx3R4AaABAg,1,1,"2025-01-08 03:50:13",@esterratu996,"Yang di tunggu""akhrnyaaa🎉",0,,
Ugz1tkU-3_dfWDPSx3R4AaABAg.AD0iCQLPFl0AD0ymvowN6T,,0,"2025-01-08 06:15:09",@RizkyRiplay,"Akhirnya tayang juga ya sob",1,Ugz1tkU-3_dfWDPSx3R4AaABAg,@esterratu996
UgxpKGcU6UBF-1JwQ1Z4AaABAg,1,0,"2025-01-08 03:49:48",@kusumabook145,"Pas aku lagi makan",0,,
UgxpKGcU6UBF-1JwQ1Z4AaABAg.AD0i9JPcxHmAD0ynk__dlM,,0,"2025-01-08 06:15:16",@RizkyRiplay,"Wahh mantap tuuhh",1,UgxpKGcU6UBF-1JwQ1Z4AaABAg,@kusumabook145
UgxlcDSoMejLn3QDk3Z4AaABAg,1,0,"2025-01-08 03:49:20",@ADMINPENGAJIAN,"sebelum berangkat pkl langsung nonton 😍",0,,
UgxlcDSoMejLn3QDk3Z4AaABAg.AD0i5szB1jMAD0ypj57dtZ,,0,"2025-01-08 06:15:32",@RizkyRiplay,"Jangan sampe telat lohh sob pkl nya",1,UgxlcDSoMejLn3QDk3Z4AaABAg,@ADMINPENGAJIAN
Ugydrka52GLzKKai6j54AaABAg,2,30,"2025-01-08 03:49:13",@nadia08_,"animasi bukan sekedar animasi tapi hebat bisa mengingatkan untuk tidak terjatuh ke lingkaran setan sukses terusss rizky riplay🎉❤❤",0,,
Ugydrka52GLzKKai6j54AaABAg.AD0i56tcZQBAD0yuY6Lkrj,,5,"2025-01-08 06:16:11",@RizkyRiplay,"Semoga ada pembelajaran yang bisa diambil dari cerita di atas ya kak",1,Ugydrka52GLzKKai6j54AaABAg,@nadia08_
Ugydrka52GLzKKai6j54AaABAg.AD0i56tcZQBAD2tZ1vDAm4,,1,"2025-01-09 00:07:54",@Dwiaurora-fm9ie,"Bukan sembarang animasi Besttt sih👏🤨😁",1,Ugydrka52GLzKKai6j54AaABAg,@nadia08_
UgxfI0l0FbTjhrLj2XN4AaABAg,1,0,"2025-01-08 03:49:04",@anday129,"Slalu nonton tpi jarang komen😊",0,,
UgxfI0l0FbTjhrLj2XN4AaABAg.AD0i3wr2YzAAD0ywC2iMSy,,0,"2025-01-08 06:16:25",@RizkyRiplay,"Comment aja sob gapapa",1,UgxfI0l0FbTjhrLj2XN4AaABAg,@anday129
UgzMUuE3cdrjStDd3zZ4AaABAg,1,0,"2025-01-08 03:48:44",@Marshanda-z4p,"Sukses terus buat Rizki riplay🎉",0,,
UgzMUuE3cdrjStDd3zZ4AaABAg.AD0i1ZMZiI0AD3MaN0-sjx,,0,"2025-01-09 04:30:22",@RizkyRiplay,"Terimakasih atas supportnya sob",1,UgzMUuE3cdrjStDd3zZ4AaABAg,@Marshanda-z4p
UgxEVzlJe7e1-duNslt4AaABAg,1,0,"2025-01-08 03:48:43",@desyrachmawati2548,"Mungkin di aktifitas di kamboja kurang lebih begini kali yaa",0,,
UgxEVzlJe7e1-duNslt4AaABAg.AD0i1NnuTbgAD3Mbc9x14o,,0,"2025-01-09 04:30:32",@RizkyRiplay,"Terimakasih telah menonton",1,UgxEVzlJe7e1-duNslt4AaABAg,@desyrachmawati2548
UgxkzFfVuvcihbtNJop4AaABAg,1,0,"2025-01-08 03:48:36",@zahwasalsanabila5725,"ada notif langsung putar❤",0,,
UgxkzFfVuvcihbtNJop4AaABAg.AD0i0WA2YsJAD3Mc1IvFJx,,0,"2025-01-09 04:30:36",@RizkyRiplay,"Terimakasih telah menonton",1,UgxkzFfVuvcihbtNJop4AaABAg,@zahwasalsanabila5725
UgwBfe1JUsfuyYWkPQd4AaABAg,1,1,"2025-01-08 03:47:57",@AmeliaNurIstiani,gercep,0,,
UgwBfe1JUsfuyYWkPQd4AaABAg.AD0hws1DmGWAD3McTZoX0J,,0,"2025-01-09 04:30:39",@RizkyRiplay,"Terimakasih telah menonton",1,UgwBfe1JUsfuyYWkPQd4AaABAg,@AmeliaNurIstiani
UgyszIcsV2_g-r7pN6B4AaABAg,1,0,"2025-01-08 03:47:54",@wahyudiramadhan2710,"udah pada madang belom",0,,
UgyszIcsV2_g-r7pN6B4AaABAg.AD0hwP1pbIFAD3MdazBUEC,,0,"2025-01-09 04:30:49",@RizkyRiplay,"Terimakasih telah menonton",1,UgyszIcsV2_g-r7pN6B4AaABAg,@wahyudiramadhan2710
UgzJzBglH0SHOR0dDNZ4AaABAg,1,1,"2025-01-08 03:47:02",@AmeliaNurIstiani,gercep,0,,
UgzJzBglH0SHOR0dDNZ4AaABAg.AD0hq94gzU4AD3Me-KdEve,,0,"2025-01-09 04:30:52",@RizkyRiplay,"Terimakasih telah menonton",1,UgzJzBglH0SHOR0dDNZ4AaABAg,@AmeliaNurIstiani
Ugxld3cTpvFpv6OHHfN4AaABAg,1,0,"2025-01-08 03:46:54",@ayopastibisa1,"1. telat 8 bulan gak ngaruh 2. absen 890 juta orang tercepat 3. yang like semoga dapet 271 T 4. Konoha hadir 5. yang sering komen tapi gapernah liat 6. edit : makasih 8 jt like nya",0,,
Ugxld3cTpvFpv6OHHfN4AaABAg.AD0hp5YHDrNAD3MnwcwIS4,,0,"2025-01-09 04:32:13",@RizkyRiplay,"Terimakasih telah menonton",1,Ugxld3cTpvFpv6OHHfN4AaABAg,@ayopastibisa1
Ugx42ddI6u6EDyT8lK14AaABAg,1,0,"2025-01-08 03:46:31",@Mama_azzam,"Akhirnya lanjutannya hadir ❤❤",0,,
Ugx42ddI6u6EDyT8lK14AaABAg.AD0hmN-j_L-AD3MpX7exlF,,1,"2025-01-09 04:32:26",@RizkyRiplay,"Terimakasih telah menonton",1,Ugx42ddI6u6EDyT8lK14AaABAg,@Mama_azzam
Ugx1TpUz0cRECselPnF4AaABAg,2,0,"2025-01-08 03:46:16",@Velisaandiniputri,"SERU BANGETTT",0,,
Ugx1TpUz0cRECselPnF4AaABAg.AD0hkRA2DSDAD0i0FpfoIV,,1,"2025-01-08 03:48:33",@Winz_animation,"animasi terseru",1,Ugx1TpUz0cRECselPnF4AaABAg,@Velisaandiniputri
Ugx1TpUz0cRECselPnF4AaABAg.AD0hkRA2DSDAD3MqDHg2UZ,,1,"2025-01-09 04:32:32",@RizkyRiplay,"Terimakasih telah menonton",1,Ugx1TpUz0cRECselPnF4AaABAg,@Velisaandiniputri
UgxXzB_tyMmtR8qtdvd4AaABAg,2,33,"2025-01-08 03:46:14",@wislieanthony1999,"Semangat ya Ka Rizky dan Ka Laras bikin ceritanya dan lancar bikin ceritanya dan aku support Ka Rizky dan Ka Laras",0,,
UgxXzB_tyMmtR8qtdvd4AaABAg.AD0hkIFO6uhAD3MqpV-8co,,1,"2025-01-09 04:32:37",@RizkyRiplay,"Terimakasih atas supportnya sob",1,UgxXzB_tyMmtR8qtdvd4AaABAg,@wislieanthony1999
UgxXzB_tyMmtR8qtdvd4AaABAg.AD0hkIFO6uhAD3PZ7cX9bg,,0,"2025-01-09 04:56:17",@wislieanthony1999,"Sama sama",1,UgxXzB_tyMmtR8qtdvd4AaABAg,@wislieanthony1999
UgwYQ6ENGHUvwK33ivp4AaABAg,2,0,"2025-01-08 03:45:59",@Reni1234-k4i,"Gercep telat 54 menit",0,,
UgwYQ6ENGHUvwK33ivp4AaABAg.AD0hiO9bTF_AD0hxVumFJe,,0,"2025-01-08 03:48:03",@RizkyRiplay,"Terimakasih telah menonton",1,UgwYQ6ENGHUvwK33ivp4AaABAg,@Reni1234-k4i
UgwYQ6ENGHUvwK33ivp4AaABAg.AD0hiO9bTF_AD0qLpcuL4C,,0,"2025-01-08 05:01:24",@Reni1234-k4i,"@RizkyRiplay  yaa bang",1,UgwYQ6ENGHUvwK33ivp4AaABAg,@Reni1234-k4i
Ugw-m0D1-_Zn0hdYw0R4AaABAg,1,0,"2025-01-08 03:45:30",@sbeliana,"Gercepp ga nih",0,,
Ugw-m0D1-_Zn0hdYw0R4AaABAg.AD0heugG1wnAD0hzk-FUtc,,0,"2025-01-08 03:48:21",@RizkyRiplay,"Wahh kurang nihh sob, tapi gapapa yang penting nonton",1,Ugw-m0D1-_Zn0hdYw0R4AaABAg,@sbeliana
Ugz1rCNQ8LIwpcNwqwl4AaABAg,1,0,"2025-01-08 03:45:29",@DeryKurniawan-q1h,"Seru bngett 🎉",0,,
Ugz1rCNQ8LIwpcNwqwl4AaABAg.AD0hejzv9XTAD0iEQJoUI_,,1,"2025-01-08 03:50:29",@RizkyRiplay,"Terimakasih telah menonton",1,Ugz1rCNQ8LIwpcNwqwl4AaABAg,@DeryKurniawan-q1h
UgxjfxEOTu7cfYf7_GB4AaABAg,1,0,"2025-01-08 03:45:21",@ipanhakim2158,"Seru banget ini fidio nya",0,,
UgxjfxEOTu7cfYf7_GB4AaABAg.AD0hdhwOipBAD0iEtiKd0-,,0,"2025-01-08 03:50:33",@RizkyRiplay,"Terimakasih telah menonton",1,UgxjfxEOTu7cfYf7_GB4AaABAg,@ipanhakim2158
Ugx1AV1tkBZpfk9HsQN4AaABAg,1,0,"2025-01-08 03:44:58",@cloutiekatt,mantappppp,0,,
Ugx1AV1tkBZpfk9HsQN4AaABAg.AD0hayVj5PlAD0iFhtVbOT,,0,"2025-01-08 03:50:40",@RizkyRiplay,"Terimakasih telah menonton",1,Ugx1AV1tkBZpfk9HsQN4AaABAg,@cloutiekatt
UgxmAZ1RPBaT_iLMxKR4AaABAg,1,0,"2025-01-08 03:43:53",@elvirathalitacahaya9121,"makan sambil nontoon😂🎉",0,,
UgxmAZ1RPBaT_iLMxKR4AaABAg.AD0hU12F47xAD0hg-wabNC,,0,"2025-01-08 03:45:39",@RizkyRiplay,"Wahh mantep banget tuhh sob",1,UgxmAZ1RPBaT_iLMxKR4AaABAg,@elvirathalitacahaya9121
UgzXp8v94qXnwEgmNkN4AaABAg,1,0,"2025-01-08 03:43:51",@evy-bungaleda2396,"Mntp jiwa",0,,
UgzXp8v94qXnwEgmNkN4AaABAg.AD0hTjDNYfnAD0hgTZ84lM,,0,"2025-01-08 03:45:43",@RizkyRiplay,"Terimakasih telah menonton",1,UgzXp8v94qXnwEgmNkN4AaABAg,@evy-bungaleda2396
UgzbTlEuVhQySApZzlh4AaABAg,1,0,"2025-01-08 03:42:55",@OtangBregez8050,"Hadir CISEENG PARUNG BOGOR 🎉",0,,
UgzbTlEuVhQySApZzlh4AaABAg.AD0hMtv27p2AD0hVpfmI7Q,,0,"2025-01-08 03:44:08",@RizkyRiplay,"Terimakasih telah menonton",1,UgzbTlEuVhQySApZzlh4AaABAg,@OtangBregez8050
Ugz9d0CyZBufItZdBlB4AaABAg,1,1,"2025-01-08 03:42:47",@Xodiac_fanss,"51 menit yang lalu😅",0,,
Ugz9d0CyZBufItZdBlB4AaABAg.AD0hLxCdCPiAD0hWBlhbUa,,1,"2025-01-08 03:44:11",@RizkyRiplay,"Terimakasih telah menonton",1,Ugz9d0CyZBufItZdBlB4AaABAg,@Xodiac_fanss
UgzlIBsy6J7OYtqpi414AaABAg,1,0,"2025-01-08 03:42:41",@Arilsaputra-y7o,"100 orang pertama👇",0,,
UgzlIBsy6J7OYtqpi414AaABAg.AD0hLCjmwbGAD0hWgsAin7,,0,"2025-01-08 03:44:15",@RizkyRiplay,"Terimakasih telah menonton",1,UgzlIBsy6J7OYtqpi414AaABAg,@Arilsaputra-y7o
UgzC3WzHGj6FKJtiAHx4AaABAg,1,25,"2025-01-08 03:42:15",@vannyamalia0406,"Terimakasih untuk tontonan yg bagus dan banyak hal yg bisa diambil. Sukses selalu untuk team RizkyRiplay😊",0,,
UgzC3WzHGj6FKJtiAHx4AaABAg.AD0hI2Yd0g2AD0hXqNYZET,,3,"2025-01-08 03:44:24",@RizkyRiplay,"Terimakasih atas supportnya kak",1,UgzC3WzHGj6FKJtiAHx4AaABAg,@vannyamalia0406
UgyuOXSw8FkwOCmsKgB4AaABAg,1,0,"2025-01-08 03:41:50",@uzui_j3n,"gercep ni bang riskyy , 11:41",0,,
UgyuOXSw8FkwOCmsKgB4AaABAg.AD0hF0MbYbNAD0hN4Loa6Y,,1,"2025-01-08 03:42:56",@RizkyRiplay,"Terimakasih telah menonton",1,UgyuOXSw8FkwOCmsKgB4AaABAg,@uzui_j3n
Ugxn7mIRcW7j0EqG-q14AaABAg,1,1,"2025-01-08 03:41:45",@poniiridd,"gercepp , semangatt terus kak rizky",0,,
Ugxn7mIRcW7j0EqG-q14AaABAg.AD0hERC6Z-OAD0hNfUokof,,0,"2025-01-08 03:43:01",@RizkyRiplay,"Terimakasih atas supportnya kak",1,Ugxn7mIRcW7j0EqG-q14AaABAg,@poniiridd
UgxPKOaHpaJ6mQpcW7x4AaABAg,1,0,"2025-01-08 03:41:39",@zarra-uk2ut,"Di Reply gak ya sama Kak Rizky?",0,,
UgxPKOaHpaJ6mQpcW7x4AaABAg.AD0hDdquX_YAD0hOrs4yKz,,0,"2025-01-08 03:43:11",@RizkyRiplay,"Haloo sob",1,UgxPKOaHpaJ6mQpcW7x4AaABAg,@zarra-uk2ut
UgxKzG5LgXm_Tasv40Z4AaABAg,0,2,"2025-01-08 03:41:13",@MasjidAl-NabawiOfficial,"Keluarga Tiko yang mengahdapi masalah ekonomi akhirnya mencoba melakukan Pinjaman online (Pinjol). berharap masalah ekonominya selesai malah tambah berat akibat bunga dan denda besar yang dibebankan Pinjol. Keluarga Tiko akhirnya melakukan langkah ekstrim. Apakah pinjol Illegal Pak Karna berhasil dihentikan?Pak Karna pemilik aplikasi Pinjol Illegal ( Pinjaman online ) ekspansi bisnis mengembangkan aplikasi Judol juga ( Judi online ) dengan dua aplikasi tersebut yang diatur sedemikian rupa, mereka berhasil membuat lingkaran setan yang memiskinkan rakyat menengah kebawah menjadi korban pinjol dan korban judol. Suatu hari ada artikel viral yang membongkar bisnis jahat Pak karna, dia tidak terima dan berusaha mmebungkam jurnalis pembuat berita tersebut.",0,,
UgxmKG869bHoqsan8IV4AaABAg,1,0,"2025-01-08 03:41:11",@EndraSusanti-l5w,"semangat mas risky",0,,
UgxmKG869bHoqsan8IV4AaABAg.AD0hAF5CoaMAD0hPKJUhFr,,0,"2025-01-08 03:43:15",@RizkyRiplay,"Terimakasih atas supportnya kak",1,UgxmKG869bHoqsan8IV4AaABAg,@EndraSusanti-l5w
Ugz7C8DgG5XfX6Qnd-94AaABAg,1,0,"2025-01-08 03:40:59",@SalsabilNabilah-cx6ds,"Semangat ya kak😆😆😆😆",0,,
Ugz7C8DgG5XfX6Qnd-94AaABAg.AD0h8nQ2yvJAD0hPda7JG3,,0,"2025-01-08 03:43:17",@RizkyRiplay,"Terimakasih atas supportnya kak",1,Ugz7C8DgG5XfX6Qnd-94AaABAg,@SalsabilNabilah-cx6ds
UgwykNwi12FJIzo-qYd4AaABAg,14,44,"2025-01-08 03:40:41",@Apiszzy,"Absen 100 orang tercepat",0,,
UgwykNwi12FJIzo-qYd4AaABAg.AD0h6_aOZWXAD0hQAT8PQw,,5,"2025-01-08 03:43:21",@RizkyRiplay,"Terimakasih telah menonton",1,UgwykNwi12FJIzo-qYd4AaABAg,@Apiszzy
UgwykNwi12FJIzo-qYd4AaABAg.AD0h6_aOZWXAD0jvuToDwj,,0,"2025-01-08 04:05:18",@Kamal-y1h,Hadir,1,UgwykNwi12FJIzo-qYd4AaABAg,@Apiszzy
UgwykNwi12FJIzo-qYd4AaABAg.AD0h6_aOZWXAD0k2Ykjv_G,,0,"2025-01-08 04:06:21",@Jahwan-m1q,Hadirr,1,UgwykNwi12FJIzo-qYd4AaABAg,@Apiszzy
UgwykNwi12FJIzo-qYd4AaABAg.AD0h6_aOZWXAD0kA9xQc4g,,0,"2025-01-08 04:07:23",@Zanafina-b1z,Hadirrr,1,UgwykNwi12FJIzo-qYd4AaABAg,@Apiszzy
UgwykNwi12FJIzo-qYd4AaABAg.AD0h6_aOZWXAD0kIfPvJZC,,0,"2025-01-08 04:08:33",@Qonto-o4r,Hadir,1,UgwykNwi12FJIzo-qYd4AaABAg,@Apiszzy
UgwykNwi12FJIzo-qYd4AaABAg.AD0h6_aOZWXAD13rUguxBN,,0,"2025-01-08 07:08:12",@mr.farkhan563,"Jadi cerita part 2 ini cerita sisi lain atau spin off-nya dari hubungan keluarga dari pasutri yang bunuh diri itu , bukan?",1,UgwykNwi12FJIzo-qYd4AaABAg,@Apiszzy
UgwykNwi12FJIzo-qYd4AaABAg.AD0h6_aOZWXAD1EjzRPN3a,,0,"2025-01-08 08:43:18",@trikartikachannel6275,❤,1,UgwykNwi12FJIzo-qYd4AaABAg,@Apiszzy
UgwykNwi12FJIzo-qYd4AaABAg.AD0h6_aOZWXAD1EoSNdBvl,,0,"2025-01-08 08:43:54",@trikartikachannel6275,"​Gak tau tuh @mr.farkhan563",1,UgwykNwi12FJIzo-qYd4AaABAg,@Apiszzy
UgwykNwi12FJIzo-qYd4AaABAg.AD0h6_aOZWXAD1Eq26Vt28,,0,"2025-01-08 08:44:07",@trikartikachannel6275,😮,1,UgwykNwi12FJIzo-qYd4AaABAg,@Apiszzy
UgwykNwi12FJIzo-qYd4AaABAg.AD0h6_aOZWXAD1GuLfTr-H,,0,"2025-01-08 09:02:11",@sseptianizhang156,Hadir,1,UgwykNwi12FJIzo-qYd4AaABAg,@Apiszzy
UgwykNwi12FJIzo-qYd4AaABAg.AD0h6_aOZWXAD1cgT6stP-,,0,"2025-01-08 12:21:16",@anakabah3871,"Bukan absen, tapi attend",1,UgwykNwi12FJIzo-qYd4AaABAg,@Apiszzy
UgwykNwi12FJIzo-qYd4AaABAg.AD0h6_aOZWXAD638ktx6El,,0,"2025-01-10 05:38:10",@apsarisaraswatim.2314,Hadir,1,UgwykNwi12FJIzo-qYd4AaABAg,@Apiszzy
UgwykNwi12FJIzo-qYd4AaABAg.AD0h6_aOZWXAD9Lbww3fM6,,0,"2025-01-11 12:17:17",@Tillah5382,Hadirrr,1,UgwykNwi12FJIzo-qYd4AaABAg,@Apiszzy
UgwykNwi12FJIzo-qYd4AaABAg.AD0h6_aOZWXAPhj547jwMJ,,0,"2025-11-19 12:21:16",@RaynaCesa,hai,1,UgwykNwi12FJIzo-qYd4AaABAg,@Apiszzy
UgwpC-inWrSPSvDKsR54AaABAg,1,0,"2025-01-08 03:40:17",@ZafiraIteung,"Gercep nih bang rizky😊",0,,
UgwpC-inWrSPSvDKsR54AaABAg.AD0h3iFdSb9AD0hEiut4ih,,0,"2025-01-08 03:41:48",@RizkyRiplay,"Terimakasih telah menonton",1,UgwpC-inWrSPSvDKsR54AaABAg,@ZafiraIteung
UgyikE4wKg9nbocUB1N4AaABAg,1,0,"2025-01-08 03:40:15",@PutrizetanaZetana,Halooi,0,,
UgyikE4wKg9nbocUB1N4AaABAg.AD0h3Ngc6EOAD0hFPaXWKT,,0,"2025-01-08 03:41:53",@RizkyRiplay,"Haloo sob",1,UgyikE4wKg9nbocUB1N4AaABAg,@PutrizetanaZetana
UgwrKlptKmsy0oKEZth4AaABAg,1,0,"2025-01-08 03:40:11",@jakertood2799,Keren👺,0,,
UgwrKlptKmsy0oKEZth4AaABAg.AD0h2zKbO31AD0hFvH_eAN,,0,"2025-01-08 03:41:58",@RizkyRiplay,"Terimakasih telah menonton",1,UgwrKlptKmsy0oKEZth4AaABAg,@jakertood2799
Ugw8l8zFk8J-Op57FZp4AaABAg,7,372,"2025-01-08 03:40:10",@sintaayuprasasti,"ini bisa di jadiin pembelajaran buat kita semua agar tidak terlibat, karna jiga sudah masuk atau terlibat pasti akan susah untuk keluar dari lingkaran tsb, banyak hal yang bisa di ambil dari kisah ini untuk kita jadiin pembelajaran❤",0,,
Ugw8l8zFk8J-Op57FZp4AaABAg.AD0h2rq-UUQAD0hGla0GrL,,34,"2025-01-08 03:42:04",@RizkyRiplay,"Semoga ada pembelajaran yang bisa diambil dari cerita di atas ya kak",1,Ugw8l8zFk8J-Op57FZp4AaABAg,@sintaayuprasasti
Ugw8l8zFk8J-Op57FZp4AaABAg.AD0h2rq-UUQAD0y7uKelip,,6,"2025-01-08 06:09:25",@roromera7685,"Shrsny abiz menang jng main2 lagi 😂",1,Ugw8l8zFk8J-Op57FZp4AaABAg,@sintaayuprasasti
Ugw8l8zFk8J-Op57FZp4AaABAg.AD0h2rq-UUQAD13iP2OQk_,,0,"2025-01-08 07:06:58",@mr.farkhan563,"Jadi cerita part 2 ini cerita sisi lain atau spin off-nya dari hubungan keluarga dari pasutri yang bunuh diri itu , bukan?",1,Ugw8l8zFk8J-Op57FZp4AaABAg,@sintaayuprasasti
Ugw8l8zFk8J-Op57FZp4AaABAg.AD0h2rq-UUQAD13pL8CPTr,,0,"2025-01-08 07:07:54",@mr.farkhan563,"Jadi cerita part 2 ini cerita sisi lain atau spin off-nya dari hubungan keluarga dari pasutri yang bunuh diri itu , bukan?",1,Ugw8l8zFk8J-Op57FZp4AaABAg,@sintaayuprasasti
Ugw8l8zFk8J-Op57FZp4AaABAg.AD0h2rq-UUQAD1dt7NbCC2,,0,"2025-01-08 12:31:44",@RafaRamadhan-xo1op,"Ada seriesnya ni @SANTOONTV judul: miskin semakin miskin",1,Ugw8l8zFk8J-Op57FZp4AaABAg,@sintaayuprasasti
Ugw8l8zFk8J-Op57FZp4AaABAg.AD0h2rq-UUQADBPA3hpmAX,,0,"2025-01-12 07:26:47",@aninslife1695,"Halo kak Rizky😊",1,Ugw8l8zFk8J-Op57FZp4AaABAg,@sintaayuprasasti
Ugw8l8zFk8J-Op57FZp4AaABAg.AD0h2rq-UUQAGGVamNqCTc,,1,"2025-03-29 20:33:22",@angahshah9249,"Kata-kata berikut udah gak ngaruh ama warga indo, walaupun udah bnyak yg jadi korban tetap aja mreka suka begituan 😂",1,Ugw8l8zFk8J-Op57FZp4AaABAg,@sintaayuprasasti
UgzKA7I3kkJwYFEqvxh4AaABAg,1,0,"2025-01-08 03:40:04",@EgoGalih,"absen 200 org tercepat",0,,
UgzKA7I3kkJwYFEqvxh4AaABAg.AD0h20vfpjbAD0hI-2LJgM,,0,"2025-01-08 03:42:14",@RizkyRiplay,"Terimakasih telah menonton",1,UgzKA7I3kkJwYFEqvxh4AaABAg,@EgoGalih
UgwBGYgCVr_V_Dz2Qzp4AaABAg,1,2,"2025-01-08 03:39:45",@MasjidAl-NabawiOfficial,"49 menit yang lalu",0,,
UgwBGYgCVr_V_Dz2Qzp4AaABAg.AD0h-ieEy9iAD0h4lyU3Hd,,2,"2025-01-08 03:40:26",@RizkyRiplay,"Terimakasih telah menonton",1,UgwBGYgCVr_V_Dz2Qzp4AaABAg,@MasjidAl-NabawiOfficial
Ugydsv8GRYudhu2oy614AaABAg,1,2,"2025-01-08 03:39:03",@MasjidAl-NabawiOfficial,"48 menit yang lalu",0,,
Ugydsv8GRYudhu2oy614AaABAg.AD0gvdKXn09AD0h-WawE5h,,2,"2025-01-08 03:39:43",@RizkyRiplay,"Terimakasih telah menonton",1,Ugydsv8GRYudhu2oy614AaABAg,@MasjidAl-NabawiOfficial
UgyJxmOAEyuRQydHMwN4AaABAg,1,0,"2025-01-08 03:39:02",@dellalestari318,"tim gercepp",0,,
UgyJxmOAEyuRQydHMwN4AaABAg.AD0gvTHYCyjAD0h0RO74HD,,0,"2025-01-08 03:39:51",@RizkyRiplay,"Terimakasih telah menonton",1,UgyJxmOAEyuRQydHMwN4AaABAg,@dellalestari318
UgwZz-CR_w4MMgaYDHV4AaABAg,2,2,"2025-01-08 03:38:48",@Viral.COM88,"Yuhuuuuu 🎉(^^)^_^",0,,
UgwZz-CR_w4MMgaYDHV4AaABAg.AD0gtkgHzVtAD0h0sA2lto,,1,"2025-01-08 03:39:54",@RizkyRiplay,"Terimakasih telah menonton",1,UgwZz-CR_w4MMgaYDHV4AaABAg,@Viral.COM88
UgwZz-CR_w4MMgaYDHV4AaABAg.AD0gtkgHzVtAD1MvleUO1S,,1,"2025-01-08 09:54:48",@Viral.COM88,"Sama-sama ^_^",1,UgwZz-CR_w4MMgaYDHV4AaABAg,@Viral.COM88
Ugw7i8NLrg1bj2cdONd4AaABAg,1,0,"2025-01-08 03:38:17",@idabagussuandayana8382,"Gercep dikit",0,,
Ugw7i8NLrg1bj2cdONd4AaABAg.AD0gpyxqAiHAD0h1Ftepla,,0,"2025-01-08 03:39:57",@RizkyRiplay,"Terimakasih telah menonton",1,Ugw7i8NLrg1bj2cdONd4AaABAg,@idabagussuandayana8382
UgxyvpxxDSBA__WJX3V4AaABAg,2,0,"2025-01-08 03:38:12",@RazmiTalita,Gercep,0,,
UgxyvpxxDSBA__WJX3V4AaABAg.AD0gpMgWub_AD0h1bhyTpU,,1,"2025-01-08 03:40:00",@RizkyRiplay,"Terimakasih telah menonton",1,UgxyvpxxDSBA__WJX3V4AaABAg,@RazmiTalita
UgxyvpxxDSBA__WJX3V4AaABAg.AD0gpMgWub_AD0hnY6blYN,,0,"2025-01-08 03:46:41",@RazmiTalita,"@RizkyRiplay  ye di bales gak nyangka",1,UgxyvpxxDSBA__WJX3V4AaABAg,@RazmiTalita
UgyDpoT9oLCAM7X3hWF4AaABAg,1,1,"2025-01-08 03:37:57",@JOJO_CIKO,"Minn sory telat swl ny bru balik btw ini akun bru di via1599 gw bg",0,,
UgyDpoT9oLCAM7X3hWF4AaABAg.AD0gncdSV7sAD0h2gCurto,,1,"2025-01-08 03:40:09",@RizkyRiplay,"Terimakasih telah menonton",1,UgyDpoT9oLCAM7X3hWF4AaABAg,@JOJO_CIKO
Ugz0WQv5Si7F4x7GyGt4AaABAg,2,1,"2025-01-08 03:37:56",@Viral.COM88,"Semoga ini terkenal aamin ^_^(^^)",0,,
Ugz0WQv5Si7F4x7GyGt4AaABAg.AD0gnQc-iYVAD0h3BDSpLe,,1,"2025-01-08 03:40:13",@RizkyRiplay,"Terimakasih telah menonton",1,Ugz0WQv5Si7F4x7GyGt4AaABAg,@Viral.COM88
Ugz0WQv5Si7F4x7GyGt4AaABAg.AD0gnQc-iYVAD1Mxt5qqWE,,0,"2025-01-08 09:55:06",@Viral.COM88,"@RizkyRiplay  sama-sama^_^",1,Ugz0WQv5Si7F4x7GyGt4AaABAg,@Viral.COM88
Ugy-c9VcM_Fh2mTF5Sp4AaABAg,1,2,"2025-01-08 03:37:45",@MasjidAl-NabawiOfficial,"47 menit yang lalu",0,,
Ugy-c9VcM_Fh2mTF5Sp4AaABAg.AD0gm8SQqkOAD0h3WS0Ql0,,2,"2025-01-08 03:40:16",@RizkyRiplay,"Terimakasih telah menonton",1,Ugy-c9VcM_Fh2mTF5Sp4AaABAg,@MasjidAl-NabawiOfficial
Ugw0UCvcnzsYkHi6XEV4AaABAg,1,2,"2025-01-08 03:37:07",@MasjidAl-NabawiOfficial,"46 menit yang lalu",0,,
Ugw0UCvcnzsYkHi6XEV4AaABAg.AD0ghRmycjDAD0grgRp-ES,,2,"2025-01-08 03:38:31",@RizkyRiplay,"Terimakasih telah menonton",1,Ugw0UCvcnzsYkHi6XEV4AaABAg,@MasjidAl-NabawiOfficial
Ugw9GKShZ3JeJQ_69Sp4AaABAg,1,0,"2025-01-08 03:37:02",@WayanSari-n6l,"GK seru nih masak peran baiknya malah mati",0,,
Ugw9GKShZ3JeJQ_69Sp4AaABAg.AD0ggoo7PmTAD0gtc3p4Ir,,0,"2025-01-08 03:38:47",@RizkyRiplay,"Hmmm sabar ya sob",1,Ugw9GKShZ3JeJQ_69Sp4AaABAg,@WayanSari-n6l
Ugxg4eR6Hc-ntr3Az3V4AaABAg,2,1,"2025-01-08 03:36:32",@Viral.COM88,"Bagus banget video nya ^_^(^^) kaka",0,,
Ugxg4eR6Hc-ntr3Az3V4AaABAg.AD0gdEcPpFaAD0guGAUTPO,,0,"2025-01-08 03:38:52",@RizkyRiplay,"Terimakasih telah menonton",1,Ugxg4eR6Hc-ntr3Az3V4AaABAg,@Viral.COM88
Ugxg4eR6Hc-ntr3Az3V4AaABAg.AD0gdEcPpFaAD0h1F0zAzw,,1,"2025-01-08 03:39:57",@Viral.COM88,"@RizkyRiplay iya (^^)^_^",1,Ugxg4eR6Hc-ntr3Az3V4AaABAg,@Viral.COM88
Ugwv2g-bD-W-kqUfBmR4AaABAg,1,0,"2025-01-08 03:36:18",@furqanmarten56,"dari jam 9 buka youtube tngk part2 kalau ada sda yey terima kasih 😂",0,,
Ugwv2g-bD-W-kqUfBmR4AaABAg.AD0gbQTlAIxAD0guygnxm8,,0,"2025-01-08 03:38:58",@RizkyRiplay,"Terimakasih telah menonton",1,Ugwv2g-bD-W-kqUfBmR4AaABAg,@furqanmarten56
UgzsIUC0XnNHoYVtCEJ4AaABAg,1,0,"2025-01-08 03:36:13",@angsaa-6,"Tolong bikin yg durasinya pnjang dong",0,,
UgzsIUC0XnNHoYVtCEJ4AaABAg.AD0gas4ikhiAD0gvZAQ1Bf,,0,"2025-01-08 03:39:02",@RizkyRiplay,"Terimakasih atas sarannya",1,UgzsIUC0XnNHoYVtCEJ4AaABAg,@angsaa-6
Ugws5teA8_7YeE9gfMZ4AaABAg,1,2,"2025-01-08 03:36:05",@MasjidAl-NabawiOfficial,"45 menit yang lalu",0,,
Ugws5teA8_7YeE9gfMZ4AaABAg.AD0g_rJXHFtAD0gw8PAGuN,,1,"2025-01-08 03:39:07",@RizkyRiplay,"Terimakasih telah menonton",1,Ugws5teA8_7YeE9gfMZ4AaABAg,@MasjidAl-NabawiOfficial
UgwuIKypXbMksRJ8DON4AaABAg,1,0,"2025-01-08 03:35:51",@MultiSetiawan-u8o,"Mana tim gerecepnya ni",0,,
UgwuIKypXbMksRJ8DON4AaABAg.AD0gZBZy7ttAD0gwisTI5H,,0,"2025-01-08 03:39:12",@RizkyRiplay,"Terimakasih telah menonton",1,UgwuIKypXbMksRJ8DON4AaABAg,@MultiSetiawan-u8o
Ugw8NY7Nu6nWxIzqZHR4AaABAg,1,0,"2025-01-08 03:35:31",@gesangsetiadinata4266,"Apapun yang terjadi jangan main judoll",0,,
Ugw8NY7Nu6nWxIzqZHR4AaABAg.AD0gWmw8kf-AD0gyKMmgup,,0,"2025-01-08 03:39:25",@RizkyRiplay,"Yupp bener banget sob",1,Ugw8NY7Nu6nWxIzqZHR4AaABAg,@gesangsetiadinata4266
UgyBA9gGQ2aEkGTQH9d4AaABAg,1,2,"2025-01-08 03:35:08",@MasjidAl-NabawiOfficial,"44 menit yang lalu",0,,
UgyBA9gGQ2aEkGTQH9d4AaABAg.AD0gU-O7D3JAD0gesxjN2f,,2,"2025-01-08 03:36:46",@RizkyRiplay,"Terimakasih telah menonton",1,UgyBA9gGQ2aEkGTQH9d4AaABAg,@MasjidAl-NabawiOfficial
UgwkFJVxtzBIPdw4Aqt4AaABAg,2,1,"2025-01-08 03:34:52",@byselsel,"Kak Risky req dong Pocong sama kawanan hantu jalan jalan sma tuyul juga durasi nya klo boleh aga lama in dikit ga 😢soal ga puas hhe klo cmn brp menit",0,,
UgwkFJVxtzBIPdw4Aqt4AaABAg.AD0gRxBd4W7AD0gU0fA7YM,,1,"2025-01-08 03:35:09",@byselsel,up,1,UgwkFJVxtzBIPdw4Aqt4AaABAg,@byselsel
UgwkFJVxtzBIPdw4Aqt4AaABAg.AD0gRxBd4W7AD0ghDGSA1d,,0,"2025-01-08 03:37:05",@RizkyRiplay,"Terimakasih atas sarannya",1,UgwkFJVxtzBIPdw4Aqt4AaABAg,@byselsel
UgwwPD_GOZgoehe780x4AaABAg,1,0,"2025-01-08 03:34:37",@LiauAuling-ee8dy,"Hadir buat temen istirahat kantor wkwk",0,,
UgwwPD_GOZgoehe780x4AaABAg.AD0gQCYWzGrAD0gjhWaBka,,1,"2025-01-08 03:37:25",@RizkyRiplay,"Terimakasih telah menonton",1,UgwwPD_GOZgoehe780x4AaABAg,@LiauAuling-ee8dy
UgwNmjr272sXXGc3X_R4AaABAg,1,0,"2025-01-08 03:34:37",@Riieell1702,"Ye datang juga too makasih ya kak,,,,",0,,
UgwNmjr272sXXGc3X_R4AaABAg.AD0gQCdTpyOAD0gkl_Lli5,,0,"2025-01-08 03:37:34",@RizkyRiplay,"Terimakasih telah menonton",1,UgwNmjr272sXXGc3X_R4AaABAg,@Riieell1702
UgzjjiCkgCk2KTaSgDF4AaABAg,0,0,"2025-01-08 03:34:35",@PurWa-o7v,❤❤❤,0,,
UgxlQIR8IE3mj085HkZ4AaABAg,1,0,"2025-01-08 03:34:12",@NellaUnlimited,Yuhuuuu,0,,
UgxlQIR8IE3mj085HkZ4AaABAg.AD0gN9C2bvlAD0glSk8BmZ,,0,"2025-01-08 03:37:40",@RizkyRiplay,"Terimakasih telah menonton",1,UgxlQIR8IE3mj085HkZ4AaABAg,@NellaUnlimited
UgyRxGPoRmghG6yYQPB4AaABAg,1,0,"2025-01-08 03:34:12",@noorlatifah6537,"iklan nya baru ad pinjol nih pas nonton wkkwk",0,,
UgyRxGPoRmghG6yYQPB4AaABAg.AD0gN5Lfz61AD0gp23WiIh,,0,"2025-01-08 03:38:09",@RizkyRiplay,"Hhaahah kalau iklan kita ga tau ya sob, intinya jangan coba coba pinjol sama judol dehh",1,UgyRxGPoRmghG6yYQPB4AaABAg,@noorlatifah6537
Ugx3tt3577EtDov1YK54AaABAg,1,0,"2025-01-08 03:34:08",@Viimerli,Gasss!!!!,0,,
Ugx3tt3577EtDov1YK54AaABAg.AD0gMe3e_81AD0gpSqCBpV,,1,"2025-01-08 03:38:13",@RizkyRiplay,"Terimakasih telah menonton",1,Ugx3tt3577EtDov1YK54AaABAg,@Viimerli
Ugyig1ivaprCV2n-di54AaABAg,1,1,"2025-01-08 03:34:08",@epep1456,"Kok bisa langsung tau rumahnya?",0,,
Ugyig1ivaprCV2n-di54AaABAg.AD0gMa1BNWvAD0gqt8cY3_,,1,"2025-01-08 03:38:24",@RizkyRiplay,"Dia kan bisa ngelacak sob",1,Ugyig1ivaprCV2n-di54AaABAg,@epep1456
UgzqGMp9uK67jATgLkd4AaABAg,1,0,"2025-01-08 03:34:07",@riaseni7122,"Gercep dong",0,,
UgzqGMp9uK67jATgLkd4AaABAg.AD0gMWly-vAAD0grIv30Xc,,0,"2025-01-08 03:38:28",@RizkyRiplay,"Terimakasih telah menonton",1,UgzqGMp9uK67jATgLkd4AaABAg,@riaseni7122
UgxBbsyDWVEVdyQQA5t4AaABAg,1,2,"2025-01-08 03:34:07",@MasjidAl-NabawiOfficial,"43 menit yang lalu",0,,
UgxBbsyDWVEVdyQQA5t4AaABAg.AD0gMU5DUX6AD0gyhlfTo5,,1,"2025-01-08 03:39:28",@RizkyRiplay,"Terimakasih telah menonton",1,UgxBbsyDWVEVdyQQA5t4AaABAg,@MasjidAl-NabawiOfficial
Ugzuf76raWaCoUi0xYd4AaABAg,1,17,"2025-01-08 03:34:04",@nurhabibahnurhabibah7893,"Bikin merinding pas gambar yg bundir ke inget kejadian itu tpi mantaplahh bang ceritanya ...sukses selalu bang d tunggu cerita menarik selanjutnya 🙏👍👍👍👍",0,,
Ugzuf76raWaCoUi0xYd4AaABAg.AD0gMBqwSpTAD0gzXbRBd4,,4,"2025-01-08 03:39:35",@RizkyRiplay,"Semoga ada pembelajaran yang bisa diambil dari cerita di atas ya kak",1,Ugzuf76raWaCoUi0xYd4AaABAg,@nurhabibahnurhabibah7893
UgyBrUpC3krp-qhbTDt4AaABAg,1,0,"2025-01-08 03:33:40",@DekNikmah-m9c,"Telat 42 minet",0,,
UgyBrUpC3krp-qhbTDt4AaABAg.AD0gJE2OcgIAD0h5FfWMpn,,0,"2025-01-08 03:40:30",@RizkyRiplay,"Terimakasih telah menonton",1,UgyBrUpC3krp-qhbTDt4AaABAg,@DekNikmah-m9c
Ugy0DMpmJNTtiCwzdX14AaABAg,1,0,"2025-01-08 03:33:34",@bungaapio2124,Gercep,0,,
Ugy0DMpmJNTtiCwzdX14AaABAg.AD0gIU7KQb3AD0h5acVJat,,0,"2025-01-08 03:40:33",@RizkyRiplay,"Terimakasih telah menonton",1,Ugy0DMpmJNTtiCwzdX14AaABAg,@bungaapio2124
UgwCXOAxGBOPUcllYOF4AaABAg,1,2,"2025-01-08 03:33:02",@MasjidAl-NabawiOfficial,"42 menit yang lalu",0,,
UgwCXOAxGBOPUcllYOF4AaABAg.AD0gEWHx82dAD0h5wtta4t,,2,"2025-01-08 03:40:36",@RizkyRiplay,"Terimakasih telah menonton",1,UgwCXOAxGBOPUcllYOF4AaABAg,@MasjidAl-NabawiOfficial
UgxQox116PTMNAvgsqF4AaABAg,1,0,"2025-01-08 03:32:33",@imarotuljannah1889,"Ternyata begitu yaa ..cara kerja judol ...😢😢",0,,
UgxQox116PTMNAvgsqF4AaABAg.AD0gB4Wm5FtAD0h8rhmicz,,1,"2025-01-08 03:41:00",@RizkyRiplay,"Iya sob bener banget, awalnya doang di kasih menang",1,UgxQox116PTMNAvgsqF4AaABAg,@imarotuljannah1889
UgzXj-B6QbvUn3KelsJ4AaABAg,1,0,"2025-01-08 03:32:27",@nurwanawana6805,"Akhirnya 🎉🎉",0,,
UgzXj-B6QbvUn3KelsJ4AaABAg.AD0gAL0EH09AD0hA2E3Ei6,,0,"2025-01-08 03:41:09",@RizkyRiplay,"Terimakasih telah menonton",1,UgzXj-B6QbvUn3KelsJ4AaABAg,@nurwanawana6805
UgxaESybJzI33SzuTxx4AaABAg,1,2,"2025-01-08 03:32:00",@MasjidAl-NabawiOfficial,"41 menit yang lalu",0,,
UgxaESybJzI33SzuTxx4AaABAg.AD0g71wucvKAD0hBjNWJBi,,2,"2025-01-08 03:41:23",@RizkyRiplay,"Terimakasih telah menonton",1,UgxaESybJzI33SzuTxx4AaABAg,@MasjidAl-NabawiOfficial
UgxmICL8X-ckMnG9Z4x4AaABAg,1,6,"2025-01-08 03:31:50",@WahyuNingsih-zh3rs,"Tim gercep cunggg tangan ✋✋✋✋😂😂😂",0,,
UgxmICL8X-ckMnG9Z4x4AaABAg.AD0g5i60Oz3AD0hC6yd-NG,,3,"2025-01-08 03:41:26",@RizkyRiplay,"Terimakasih telah menonton",1,UgxmICL8X-ckMnG9Z4x4AaABAg,@WahyuNingsih-zh3rs
UgzzJD11SKsn_odDXiJ4AaABAg,2,0,"2025-01-08 03:31:44",@sitimariya2692,"Paling d tunggu tungu 🎉",0,,
UgzzJD11SKsn_odDXiJ4AaABAg.AD0g5-cjKBqAD0hEBBn30Z,,1,"2025-01-08 03:41:43",@RizkyRiplay,"Akhirnya tayang juga yaa",1,UgzzJD11SKsn_odDXiJ4AaABAg,@sitimariya2692
UgzzJD11SKsn_odDXiJ4AaABAg.AD0g5-cjKBqAD14Qvn9lWx,,0,"2025-01-08 07:13:10",@sitimariya2692,"​@RizkyRiplaynext slnnjutnya",1,UgzzJD11SKsn_odDXiJ4AaABAg,@sitimariya2692
Ugw6F0EdvZAvEuz_jX14AaABAg,2,2,"2025-01-08 03:31:32",@Arilsaputra-y7o,"telat 40 menit ni min",0,,
Ugw6F0EdvZAvEuz_jX14AaABAg.AD0g3brsFykAD0hIaZTC2G,,1,"2025-01-08 03:42:19",@RizkyRiplay,"Gapapa kak yang penting nonton",1,Ugw6F0EdvZAvEuz_jX14AaABAg,@Arilsaputra-y7o
Ugw6F0EdvZAvEuz_jX14AaABAg.AD0g3brsFykAD0snNCHkRj,,1,"2025-01-08 05:22:47",@Arilsaputra-y7o,"@RizkyRiplay  siapp minn penonton setiaa inii",1,Ugw6F0EdvZAvEuz_jX14AaABAg,@Arilsaputra-y7o
UgwXMmkmZ9kFau7bzrJ4AaABAg,1,0,"2025-01-08 03:31:26",@reyhanpratama5467,"bg coba buat video tentang olo Panggabean preman terkaya di medan karena agen judi dan togel",0,,
UgwXMmkmZ9kFau7bzrJ4AaABAg.AD0g2tNmHlrAD0gPEqzFMZ,,0,"2025-01-08 03:34:29",@RizkyRiplay,"Terimakasih atas sarannya",1,UgwXMmkmZ9kFau7bzrJ4AaABAg,@reyhanpratama5467
UgyUqHs-ZjYnXuqBTxd4AaABAg,1,1,"2025-01-08 03:31:02",@MazzzWannn,"Kenapa sih bang riz kenapaaa detektif nya sampai mati😢 harusnya jangan dibikin gini ceritanya 😢",0,,
UgyUqHs-ZjYnXuqBTxd4AaABAg.AD0g-vQKTxTAD0gRvQxGCa,,2,"2025-01-08 03:34:51",@RizkyRiplay,"Nyesek ya jadi detektifnya sama ponakannya",1,UgyUqHs-ZjYnXuqBTxd4AaABAg,@MazzzWannn
UgxP-7bU4Vd0QLqVQAx4AaABAg,1,2,"2025-01-08 03:31:00",@MasjidAl-NabawiOfficial,"40 menit yang lalu",0,,
UgxP-7bU4Vd0QLqVQAx4AaABAg.AD0g-iiLMWkAD0gS_JsZ0m,,2,"2025-01-08 03:34:57",@RizkyRiplay,"Terimakasih telah menonton",1,UgxP-7bU4Vd0QLqVQAx4AaABAg,@MasjidAl-NabawiOfficial
UgwvAIQSY7vNjb7Ncp94AaABAg,1,1,"2025-01-08 03:30:56",@erlanfahlevi1695,"Telat 39 menit",0,,
UgwvAIQSY7vNjb7Ncp94AaABAg.AD0g-7O9FoRAD0gTUFQkkG,,1,"2025-01-08 03:35:04",@RizkyRiplay,"Terimakasih telah menonton",1,UgwvAIQSY7vNjb7Ncp94AaABAg,@erlanfahlevi1695
UgyHWfojm8LPPLc4MwJ4AaABAg,1,0,"2025-01-08 03:30:48",@MuhajarMuhajar-w1i,"untung gak telat😅😅",0,,
UgyHWfojm8LPPLc4MwJ4AaABAg.AD0fzBaAlcKAD0gU1r-aA0,,0,"2025-01-08 03:35:09",@RizkyRiplay,"Terimakasih telah menonton",1,UgyHWfojm8LPPLc4MwJ4AaABAg,@MuhajarMuhajar-w1i
UgwrCsvZ7PNDmAd80I14AaABAg,1,0,"2025-01-08 03:30:27",@Salsabilla-tb1yn,"Kren bang Riski 🎉🎉🎉",0,,
UgwrCsvZ7PNDmAd80I14AaABAg.AD0fwdBeveHAD0gUa27hvb,,0,"2025-01-08 03:35:13",@RizkyRiplay,"Terimakasih telah menonton",1,UgwrCsvZ7PNDmAd80I14AaABAg,@Salsabilla-tb1yn
Ugw0dsu6dQWW7-95Kbd4AaABAg,1,0,"2025-01-08 03:30:25",@akhmadnurilhuda9512,"Baju tidurnya motif kartu remi 😅",0,,
Ugw0dsu6dQWW7-95Kbd4AaABAg.AD0fwRsV4DPAD0gXT_Ry9K,,0,"2025-01-08 03:35:37",@RizkyRiplay,"Iya sob hahah sesuai dengan usahanya",1,Ugw0dsu6dQWW7-95Kbd4AaABAg,@akhmadnurilhuda9512
Ugzs_G4WV1Jl80y_nyd4AaABAg,1,2,"2025-01-08 03:30:12",@MasjidAl-NabawiOfficial,"39 menit yang lalu",0,,
Ugzs_G4WV1Jl80y_nyd4AaABAg.AD0ful5WJA2AD0gXvBbTgh,,2,"2025-01-08 03:35:41",@RizkyRiplay,"Terimakasih telah menonton",1,Ugzs_G4WV1Jl80y_nyd4AaABAg,@MasjidAl-NabawiOfficial
Ugy-ZsrTY57JSnkq3u54AaABAg,1,0,"2025-01-08 03:29:55",@SupangiBonkkik,"Gercep hadir",0,,
Ugy-ZsrTY57JSnkq3u54AaABAg.AD0fsgLids2AD0gYKygLkn,,0,"2025-01-08 03:35:44",@RizkyRiplay,"Terimakasih telah menonton",1,Ugy-ZsrTY57JSnkq3u54AaABAg,@SupangiBonkkik
UgytmzO9BeGNh1Qdsrx4AaABAg,2,2,"2025-01-08 03:29:30",@MasjidAl-NabawiOfficial,"Telat bang Rizky habis pulang sekolah 😅😅😅",0,,
UgytmzO9BeGNh1Qdsrx4AaABAg.AD0fpiK3Lx9AD0hLcggcMs,,2,"2025-01-08 03:42:44",@RizkyRiplay,"Gapapa sob yang penting nonton",1,UgytmzO9BeGNh1Qdsrx4AaABAg,@MasjidAl-NabawiOfficial
UgytmzO9BeGNh1Qdsrx4AaABAg.AD0fpiK3Lx9AD0hxEg1_N4,,2,"2025-01-08 03:48:00",@MasjidAl-NabawiOfficial,"@RizkyRiplay  dah bang Rizky",1,UgytmzO9BeGNh1Qdsrx4AaABAg,@MasjidAl-NabawiOfficial
UgyCuNlVAaQBIFNcuNd4AaABAg,1,0,"2025-01-08 03:29:28",@mawarti7249,"setelah di tunggu 2 akhirnya",0,,
UgyCuNlVAaQBIFNcuNd4AaABAg.AD0fpPcbS0kAD0hMKhqDzV,,0,"2025-01-08 03:42:50",@RizkyRiplay,"Terimakasih telah menonton",1,UgyCuNlVAaQBIFNcuNd4AaABAg,@mawarti7249
UgxS6Iqc4Jg6nFnZcNp4AaABAg,2,0,"2025-01-08 03:29:23",@AkbarRizkiwijaya,"mantap kak rizky",0,,
UgxS6Iqc4Jg6nFnZcNp4AaABAg.AD0forklnCeAD0hMgKjJr5,,0,"2025-01-08 03:42:53",@RizkyRiplay,"Terimakasih telah menonton",1,UgxS6Iqc4Jg6nFnZcNp4AaABAg,@AkbarRizkiwijaya
UgxS6Iqc4Jg6nFnZcNp4AaABAg.AD0forklnCeAD0hm8iLboy,,0,"2025-01-08 03:46:30",@AkbarRizkiwijaya,"​@RizkyRiplaysiap kak, dari dulu jaman sekolah nonton terus sampe skrng kerja 😅",1,UgxS6Iqc4Jg6nFnZcNp4AaABAg,@AkbarRizkiwijaya
UgwW8MXWvh0YY2tJLF94AaABAg,1,0,"2025-01-08 03:29:14",@IntanNuraeni-b3c,"Selalu gercep 🎉",0,,
UgwW8MXWvh0YY2tJLF94AaABAg.AD0fnlQtbPeAD0hQtoYXgN,,1,"2025-01-08 03:43:27",@RizkyRiplay,"Terimakasih telah menonton",1,UgwW8MXWvh0YY2tJLF94AaABAg,@IntanNuraeni-b3c
UgyIGSl4hI2EREVlB354AaABAg,1,1,"2025-01-08 03:29:10",@FandiFandi-y8s,"Makasih 10 like nya❤",0,,
UgyIGSl4hI2EREVlB354AaABAg.AD0fnG8b8diAD0hRDtuds7,,0,"2025-01-08 03:43:30",@RizkyRiplay,"Terimakasih telah menonton",1,UgyIGSl4hI2EREVlB354AaABAg,@FandiFandi-y8s
UgyG5vv7pjzPjyl-ual4AaABAg,1,1,"2025-01-08 03:29:00",@YolaEko,"Halo bang saya kembali",0,,
UgyG5vv7pjzPjyl-ual4AaABAg.AD0flzSmVapAD0hUqBTPSK,,0,"2025-01-08 03:44:00",@RizkyRiplay,"Haloo sob",1,UgyG5vv7pjzPjyl-ual4AaABAg,@YolaEko
UgxfKXa5wG3wzXFIBL54AaABAg,1,0,"2025-01-08 03:28:56",@purnamaSidik-kl4wo,"Akhirnya yang di tunggu tunggu part 2 nya muncul juga",0,,
UgxfKXa5wG3wzXFIBL54AaABAg.AD0fl_7wINdAD0hVQ2sCCD,,0,"2025-01-08 03:44:04",@RizkyRiplay,"Terimakasih telah menonton",1,UgxfKXa5wG3wzXFIBL54AaABAg,@purnamaSidik-kl4wo
UgzbrlPpxKja-PHAZ3B4AaABAg,1,29,"2025-01-08 03:28:34",@KantiRahayu-r9h,"Akhirnya muncul notifikasi langsung deh nonton sambil makan.😅😅",0,,
UgzbrlPpxKja-PHAZ3B4AaABAg.AD0finJdQffAD0hZOSkmmg,,3,"2025-01-08 03:44:37",@RizkyRiplay,"Wahh enak banget tuhh",1,UgzbrlPpxKja-PHAZ3B4AaABAg,@KantiRahayu-r9h
UgwsNZzXqA6CDSwlt_Z4AaABAg,1,0,"2025-01-08 03:28:06",@tyoanggoro-d4k,"semangat bang risky😊😊",0,,
UgwsNZzXqA6CDSwlt_Z4AaABAg.AD0ffS34YpnAD0hbXiAuGi,,0,"2025-01-08 03:45:03",@RizkyRiplay,"Terimakasih atas supportnya kak",1,UgwsNZzXqA6CDSwlt_Z4AaABAg,@tyoanggoro-d4k
Ugw7RFYPYZQxhs51nxV4AaABAg,1,0,"2025-01-08 03:27:25",@asdfghjklpeng,"udah siap makaan",0,,
Ugw7RFYPYZQxhs51nxV4AaABAg.AD0faT0BQhwAD0fh7Qc85w,,0,"2025-01-08 03:28:20",@RizkyRiplay,"Wahh mantap tuhh",1,Ugw7RFYPYZQxhs51nxV4AaABAg,@asdfghjklpeng
Ugyv2824NYOSgrBmEZ54AaABAg,1,4,"2025-01-08 03:26:46",@debbbbb18,"Selalu terbaik team rizky riplay, Tuhan memberkati",0,,
Ugyv2824NYOSgrBmEZ54AaABAg.AD0fWhDXn5mAD0fkWztnAH,,2,"2025-01-08 03:28:48",@RizkyRiplay,"Terimakasih atas supportnya kak",1,Ugyv2824NYOSgrBmEZ54AaABAg,@debbbbb18
Ugy--WQjannyJtE5xRF4AaABAg,1,1,"2025-01-08 03:26:45",@akuwangi86,"thank you bang Rizky... salam dari Malaysia... hensem2 semua kartun nya.... hehe... as for me orang yang memberi pinjaman secara illegal sudah confirm2 salah... but orang yang suka meminjam jugak patut fikir before procced with this borrowing... lebih2 lagi for a person that do loan only for keeping a lavish lifestyle... whether use legal channel (personal loan with bank), or illegal (in Malaysia we call it Ah Long (loan shark)), personally for me, if can avoid to pinjam the money, please avoid it... unless you seriously betol2 sesak nak pakai duit tapi before proceed you need to also consider whether you can paid it later...",0,,
Ugy--WQjannyJtE5xRF4AaABAg.AD0fWXHfdFOAD0ftm4I27-,,1,"2025-01-08 03:30:04",@RizkyRiplay,"Terimakasih telah menonton, semoga ada pembelajaran yang bisa diambil yaa. Jadi semangat buat video baru nihh",1,Ugy--WQjannyJtE5xRF4AaABAg,@akuwangi86
Ugz1YNfY9vd-smfSv4R4AaABAg,1,1,"2025-01-08 03:26:31",@RizkyArif-u8w,"601 tercepat",0,,
Ugz1YNfY9vd-smfSv4R4AaABAg.AD0fUq5uZSYAD0fupX6I4j,,0,"2025-01-08 03:30:12",@RizkyRiplay,"Terimakasih telah menonton",1,Ugz1YNfY9vd-smfSv4R4AaABAg,@RizkyArif-u8w
UgxPiOAAZfQrpoEMVwx4AaABAg,1,0,"2025-01-08 03:25:53",@ikkyoakleayy6142,"Yeah hadir part 2 nya",0,,
UgxPiOAAZfQrpoEMVwx4AaABAg.AD0fQ7LrTKMAD0fyTxtDw7,,1,"2025-01-08 03:30:42",@RizkyRiplay,"Yang di tunggu tunggu ya",1,UgxPiOAAZfQrpoEMVwx4AaABAg,@ikkyoakleayy6142
UgwblUeBjT6bTeUlnaJ4AaABAg,1,4,"2025-01-08 03:23:48",@AsrulAsrul-g4j,"semangat terus bang risky dalam bikin animasi nya saya selalu mendukung 🎉🎉🎉🎉",0,,
UgwblUeBjT6bTeUlnaJ4AaABAg.AD0fAwAM8tLAD0fZp8PP3X,,4,"2025-01-08 03:27:12",@RizkyRiplay,"Terimakasih atas supportnya kak",1,UgwblUeBjT6bTeUlnaJ4AaABAg,@AsrulAsrul-g4j
UgzDXnKl2QaRkQfhW9V4AaABAg,2,1,"2025-01-08 03:23:03",@khairulanam4809,"Untuk kalian yang suka main judol teruslah berjudol jika itu yang akan membuat kalian kaya walau tanpa berkerja",0,,
UgzDXnKl2QaRkQfhW9V4AaABAg.AD0f5QFaAl5AD0fB-E585t,,0,"2025-01-08 03:23:49",@RizkyRiplay,"Semoga ada pembelajaran yang bisa diambil dari cerita di atas ya kak",1,UgzDXnKl2QaRkQfhW9V4AaABAg,@khairulanam4809
UgzDXnKl2QaRkQfhW9V4AaABAg.AD0f5QFaAl5AD0wL0xY_m-,,0,"2025-01-08 05:53:43",@khairulanam4809,"@RizkyRiplay  yoi",1,UgzDXnKl2QaRkQfhW9V4AaABAg,@khairulanam4809
UgzI-GefQAsLAf3v7mt4AaABAg,1,1,"2025-01-08 03:22:33",@YT_KANG_NGARIT,"pengangguran cung😂",0,,
UgzI-GefQAsLAf3v7mt4AaABAg.AD0f1jm_qotAD0fBf2YkrS,,0,"2025-01-08 03:23:54",@RizkyRiplay,"Semoga ada pembelajaran yang bisa diambil dari cerita di atas ya kak",1,UgzI-GefQAsLAf3v7mt4AaABAg,@YT_KANG_NGARIT
UgyKQUEJmIG2UcmkgUd4AaABAg,1,0,"2025-01-08 03:22:32",@NurAida-u1t,"Lanjut episode, pacar baru bg",0,,
UgyKQUEJmIG2UcmkgUd4AaABAg.AD0f1hLtwpQAD0fFd3N8ED,,1,"2025-01-08 03:24:26",@RizkyRiplay,"Ditunggu ya sob agak lama soalnya, ga tau bakal up kapan. Soalnya animatornya lagi ada acara ya sob",1,UgyKQUEJmIG2UcmkgUd4AaABAg,@NurAida-u1t
Ugx40fTp4eMLdaOS_J14AaABAg,1,1,"2025-01-08 03:22:23",@IpankIpank-cy6pi,31🎉,0,,
Ugx40fTp4eMLdaOS_J14AaABAg.AD0f0b9NnAAAD69qL0USoV,,1,"2025-01-10 06:36:41",@laww_1-j8l,"Selamat kamu yg pertama nonton film ini ❤",1,Ugx40fTp4eMLdaOS_J14AaABAg,@IpankIpank-cy6pi
Ugxdo_lvNvK347pDfHZ4AaABAg,1,0,"2025-01-08 03:22:23",@MasBasri-lx4fj,"Kami tunggu yang selanjutnya bang",0,,
Ugxdo_lvNvK347pDfHZ4AaABAg.AD0f0YjPwKEAD0fH1ilPwi,,1,"2025-01-08 03:24:38",@RizkyRiplay,"Wahh sudah final nihh",1,Ugxdo_lvNvK347pDfHZ4AaABAg,@MasBasri-lx4fj
UgxXGngtuts0kaj5K8B4AaABAg,1,0,"2025-01-08 03:22:22",@diyahshakila248,"Langsung aja gass man teman",0,,
UgxXGngtuts0kaj5K8B4AaABAg.AD0f0QFjXzMAD0fHb9SxvW,,1,"2025-01-08 03:24:43",@RizkyRiplay,"Terimakasih telah menonton",1,UgxXGngtuts0kaj5K8B4AaABAg,@diyahshakila248
Ugxq7BTNPkC_5om5E2p4AaABAg,1,1,"2025-01-08 03:22:10",@KhocengYt-z7m,"Untung bpk gue Ga tau elektronik Jadi gaa tau hp yhaa kita nya gaada pinjam² man",0,,
Ugxq7BTNPkC_5om5E2p4AaABAg.AD0f-06e6G4AD0fJHa5bY7,,0,"2025-01-08 03:24:56",@RizkyRiplay,"Terimakasih telah menonton",1,Ugxq7BTNPkC_5om5E2p4AaABAg,@KhocengYt-z7m
UgyRfzUIuWnoccEfUJd4AaABAg,1,0,"2025-01-08 03:22:05",@titin_16,"bagian serunya slalu taro diakhir 👎 strategi marketing",0,,
UgyRfzUIuWnoccEfUJd4AaABAg.AD0ezL5afbFAD0fMIeFat3,,1,"2025-01-08 03:25:21",@RizkyRiplay,"Hmmm kan emang buat biking penasaran mangkanya di buat part",1,UgyRfzUIuWnoccEfUJd4AaABAg,@titin_16
Ugx4u-wCgy-sQMN5X2p4AaABAg,1,2,"2025-01-08 03:22:05",@Mangadi561,"Gercep ges😂",0,,
Ugx4u-wCgy-sQMN5X2p4AaABAg.AD0ezJgHn-xAD0fMd-Yup6,,0,"2025-01-08 03:25:24",@RizkyRiplay,"Terimakasih telah menonton",1,Ugx4u-wCgy-sQMN5X2p4AaABAg,@Mangadi561
Ugyq4gggGq1LDcivEDB4AaABAg,1,1,"2025-01-08 03:21:48",@Kanome_K,"Assalamualaikum ❤❤❤",0,,
Ugyq4gggGq1LDcivEDB4AaABAg.AD0exKkmJ2fAD0fQnho28s,,1,"2025-01-08 03:25:58",@RizkyRiplay,"Waalaikumsalam sob",1,Ugyq4gggGq1LDcivEDB4AaABAg,@Kanome_K
UgweuSDmFEbiQhrCMx14AaABAg,1,0,"2025-01-08 03:21:34",@RiaSyafitri-x3g,"Yg dtunggu tunggu",0,,
UgweuSDmFEbiQhrCMx14AaABAg.AD0evWAG5dBAD0f_t9GRbd,,0,"2025-01-08 03:27:21",@RizkyRiplay,"Akhirnya tayang juga yaa",1,UgweuSDmFEbiQhrCMx14AaABAg,@RiaSyafitri-x3g
Ugw35HXygrIim8ofsHV4AaABAg,1,1,"2025-01-08 03:21:28",@ALINurwoko,"Absen hadir",0,,
Ugw35HXygrIim8ofsHV4AaABAg.AD0euo7c9t3AD0faKwQejx,,1,"2025-01-08 03:27:24",@RizkyRiplay,"Terimakasih telah menonton",1,Ugw35HXygrIim8ofsHV4AaABAg,@ALINurwoko
UgyKMhP_GkHHIWUICP14AaABAg,1,374,"2025-01-08 03:21:19",@tanianurulemi7161,"Gambarnya bagus. Alur cerita sesuai kehidupan nyata. Bagus semua",0,,
UgyKMhP_GkHHIWUICP14AaABAg.AD0etjP0pEZAD0fb89AK90,,30,"2025-01-08 03:27:31",@RizkyRiplay,"Terimakasih telah menonton",1,UgyKMhP_GkHHIWUICP14AaABAg,@tanianurulemi7161
Ugz2RG7AZ8PfSR_2dgF4AaABAg,2,2,"2025-01-08 03:21:02",@N0t-CAT-ART,"Siapa yang gercep Nih!!!👇👇",0,,
Ugz2RG7AZ8PfSR_2dgF4AaABAg.AD0erbe1WXtAD0fbUMOg25,,1,"2025-01-08 03:27:34",@RizkyRiplay,"Terimakasih telah menonton",1,Ugz2RG7AZ8PfSR_2dgF4AaABAg,@N0t-CAT-ART
Ugz2RG7AZ8PfSR_2dgF4AaABAg.AD0erbe1WXtADEGayX12Zv,,0,"2025-01-13 10:09:40",@N0t-CAT-ART,"Sama sama bang Rizky riplay terimakasih sudah di jawab",1,Ugz2RG7AZ8PfSR_2dgF4AaABAg,@N0t-CAT-ART
UgznGQ6fLpe4TEemizR4AaABAg,1,23,"2025-01-08 03:20:42",@firsaferrari4213,"Makin kesini animasinya semakin bagus dan smoothh",0,,
UgznGQ6fLpe4TEemizR4AaABAg.AD0epHeipUYAD0fc0Pm0f3,,4,"2025-01-08 03:27:38",@RizkyRiplay,"Terimakasih telah menonton",1,UgznGQ6fLpe4TEemizR4AaABAg,@firsaferrari4213
UgzE2M_UxR7o2dzl6H14AaABAg,1,1,"2025-01-08 03:20:36",@AhmadAryasyaputra77,"1rb org tercepat 🎉",0,,
UgzE2M_UxR7o2dzl6H14AaABAg.AD0eoSvzrKYAD0fcO2gV3p,,1,"2025-01-08 03:27:41",@RizkyRiplay,"Terimakasih telah menonton",1,UgzE2M_UxR7o2dzl6H14AaABAg,@AhmadAryasyaputra77
Ugxe9uYKb1gx8o30_pZ4AaABAg,1,0,"2025-01-08 03:20:05",@CiciPutriHidayat1989,"Hadir kak❤",0,,
Ugxe9uYKb1gx8o30_pZ4AaABAg.AD0ekepxZl8AD0evxImHYD,,0,"2025-01-08 03:21:37",@RizkyRiplay,"Terimakasih telah menonton",1,Ugxe9uYKb1gx8o30_pZ4AaABAg,@CiciPutriHidayat1989
UgxCzOwoodME5KFeExp4AaABAg,0,0,"2025-01-08 03:19:58",@ZAR._TV_22,😂,0,,
UgxF3xbmIlplE9RG6154AaABAg,1,0,"2025-01-08 03:19:07",@HikmatulMuharomah,"Yeayyy sudah tayang 🎉",0,,
UgxF3xbmIlplE9RG6154AaABAg.AD0ed_Cry8YAD0enYmn_9c,,0,"2025-01-08 03:20:28",@RizkyRiplay,"Terimakasih telah menonton",1,UgxF3xbmIlplE9RG6154AaABAg,@HikmatulMuharomah
UgyW2qcjatkNAaCG9A54AaABAg,1,0,"2025-01-08 03:18:45",@ZahraCamalia,"Sebelum 1 jam",0,,
UgyW2qcjatkNAaCG9A54AaABAg.AD0eb-W45cDAD0eoldE6Dt,,0,"2025-01-08 03:20:38",@RizkyRiplay,"Terimakasih telah menonton",1,UgyW2qcjatkNAaCG9A54AaABAg,@ZahraCamalia
UgyJeCX1e50QdsjlC-14AaABAg,2,0,"2025-01-08 03:18:00",@DewiTrisno,"Aku nonton mimin",0,,
UgyJeCX1e50QdsjlC-14AaABAg.AD0eWTlRH_MAD0eiPlDGOi,,2,"2025-01-08 03:19:46",@RizkyRiplay,"Hah kakaknya nontonin mimin? hahahha",1,UgyJeCX1e50QdsjlC-14AaABAg,@DewiTrisno
UgyJeCX1e50QdsjlC-14AaABAg.AD0eWTlRH_MAD0f5Gc0lZz,,0,"2025-01-08 03:23:02",@DewiTrisno,"Ya bukan lah nonton vidionya 😂😂😂​@RizkyRiplay",1,UgyJeCX1e50QdsjlC-14AaABAg,@DewiTrisno
UgwWVcrwL2gtQOudoa94AaABAg,1,0,"2025-01-08 03:17:29",@rindiatv8249,"Hadir slalu 🎉🎉🎉🎉",0,,
UgwWVcrwL2gtQOudoa94AaABAg.AD0eSc9udnLAD0eiqhKKlD,,1,"2025-01-08 03:19:50",@RizkyRiplay,"Terimakasih telah menonton",1,UgwWVcrwL2gtQOudoa94AaABAg,@rindiatv8249
UgwyF-MJAn9DEBelxlN4AaABAg,1,1,"2025-01-08 03:17:24",@tok_dalang_wvu,"Gercep gak nih",0,,
UgwyF-MJAn9DEBelxlN4AaABAg.AD0eS0P4Yd8AD0ej6t6u37,,0,"2025-01-08 03:19:52",@RizkyRiplay,"Terimakasih telah menonton",1,UgwyF-MJAn9DEBelxlN4AaABAg,@tok_dalang_wvu
UgxmE49449LgvU245694AaABAg,1,0,"2025-01-08 03:17:24",@Rukaa_.kanaeru,"Ke 489 🎉",0,,
UgxmE49449LgvU245694AaABAg.AD0eS-kaSj7AD0ejR56hB8,,1,"2025-01-08 03:19:55",@RizkyRiplay,"Terimakasih telah menonton",1,UgxmE49449LgvU245694AaABAg,@Rukaa_.kanaeru
UgySvprPA4ViaD3dlll4AaABAg,1,0,"2025-01-08 03:17:14",@HerigunawanHeri-q5x,"Yeayyyyy, finally 🎉🎉🎉",0,,
UgySvprPA4ViaD3dlll4AaABAg.AD0eQo70DN_AD0ejnM9jDo,,1,"2025-01-08 03:19:57",@RizkyRiplay,"Terimakasih telah menonton",1,UgySvprPA4ViaD3dlll4AaABAg,@HerigunawanHeri-q5x
UgydTv-cqbxle3a_-5N4AaABAg,1,0,"2025-01-08 03:16:30",@marya8296,"Lanjutttttt lanjutttttt Yay",0,,
UgydTv-cqbxle3a_-5N4AaABAg.AD0eLSW6gZQAD0elZAZN_f,,0,"2025-01-08 03:20:12",@RizkyRiplay,"Terimakasih telah menonton",1,UgydTv-cqbxle3a_-5N4AaABAg,@marya8296
UgyMbayK8mWLSYrX4bp4AaABAg,2,4,"2025-01-08 03:16:22",@junikopancaanandaofficial2138,"Akhirnya sudah tayang part sebelumnya siap stay tuned KK Rizky",0,,
UgyMbayK8mWLSYrX4bp4AaABAg.AD0eKUroM0hAD0emEqJLME,,2,"2025-01-08 03:20:17",@RizkyRiplay,"Terimakasih telah menonton",1,UgyMbayK8mWLSYrX4bp4AaABAg,@junikopancaanandaofficial2138
UgyMbayK8mWLSYrX4bp4AaABAg.AD0eKUroM0hAD0fmXmpZOa,,1,"2025-01-08 03:29:04",@junikopancaanandaofficial2138,"@RizkyRiplay  sama sama kembali kak Rizky sukses selalu",1,UgyMbayK8mWLSYrX4bp4AaABAg,@junikopancaanandaofficial2138
UgzPIhviiuciSyLTG_V4AaABAg,1,0,"2025-01-08 03:16:05",@indahtrinuryati,"Yeay Yg d tunggu🔥🔥",0,,
UgzPIhviiuciSyLTG_V4AaABAg.AD0eIT0EL-_AD0emyqZ77o,,0,"2025-01-08 03:20:23",@RizkyRiplay,"Terimakasih telah menonton",1,UgzPIhviiuciSyLTG_V4AaABAg,@indahtrinuryati
UgxB5BhXoWdgnMcFeuV4AaABAg,1,0,"2025-01-08 03:15:54",@astadanti1744,"Kasian amat Yura sama keponakannya, mana keluarganya yg lain jg udh meninggal",0,,
UgxB5BhXoWdgnMcFeuV4AaABAg.AD0eH21KpBTAD0e_zn_Veh,,1,"2025-01-08 03:18:37",@RizkyRiplay,"Iya nihh, padahal mereka membela kebenaran loo",1,UgxB5BhXoWdgnMcFeuV4AaABAg,@astadanti1744
Ugx1wwtgT6_kSlXnCF54AaABAg,0,1,"2025-01-08 03:15:34",@MohdAriffJumiranAriff,😆😆🙏🙏😇😇,0,,
UgyBkKemno6OopspfJV4AaABAg,1,4,"2025-01-08 03:15:20",@wahidbledeg,Gercep,0,,
UgyBkKemno6OopspfJV4AaABAg.AD0eCxYPyexAD0eRIz64of,,1,"2025-01-08 03:17:18",@RizkyRiplay,"Terimakasih telah menonton",1,UgyBkKemno6OopspfJV4AaABAg,@wahidbledeg
Ugyi2mDc5N7xOOgUm314AaABAg,1,0,"2025-01-08 03:15:15",@sitifatimahanazahra7739,"You are the best",0,,
Ugyi2mDc5N7xOOgUm314AaABAg.AD0eCIZBiKkAD0eRfZcWCb,,1,"2025-01-08 03:17:21",@RizkyRiplay,"Terimakasih telah menonton",1,Ugyi2mDc5N7xOOgUm314AaABAg,@sitifatimahanazahra7739
UgxYFg17Y7_BiIRNHTB4AaABAg,2,0,"2025-01-08 03:15:09",@Redwave_04,"Masih seruan risky dan ko andi lebih menghibur, munculin dong min😂",0,,
UgxYFg17Y7_BiIRNHTB4AaABAg.AD0eBdH1vYAAD0eU2F3Ccv,,1,"2025-01-08 03:17:40",@RizkyRiplay,"Wahhh pasti kangen nihh sama kelakuan mereka",1,UgxYFg17Y7_BiIRNHTB4AaABAg,@Redwave_04
UgxYFg17Y7_BiIRNHTB4AaABAg.AD0eBdH1vYAAD0gdzOUdKG,,0,"2025-01-08 03:36:38",@Redwave_04,"@RizkyRiplay  iya doong group hantunya juga pling gokil ada bumbu cinlok si kun dan sugus eeh si ocong wkkkk",1,UgxYFg17Y7_BiIRNHTB4AaABAg,@Redwave_04
UgwCGwOumDds49JcXcB4AaABAg,1,33,"2025-01-08 03:14:59",@amaniahmad3761,"Puas banget endingnya...👏🏼👏🏼👏🏼",0,,
UgwCGwOumDds49JcXcB4AaABAg.AD0eAOVbQLUAD0eU_D2vTm,,8,"2025-01-08 03:17:45",@RizkyRiplay,"Terimakasih telah menonton",1,UgwCGwOumDds49JcXcB4AaABAg,@amaniahmad3761
UgyEUWve2wzqdrFdJIx4AaABAg,2,0,"2025-01-08 03:14:48",@EchiKinanty-v1l,"Biasa nunggu dri pgi kluarnya jam 11an nih..",0,,
UgyEUWve2wzqdrFdJIx4AaABAg.AD0e92RrP_-AD0eEI8SNuL,,1,"2025-01-08 03:15:32",@RizkyRiplay,"Iya sob kali ini lebih cepet",1,UgyEUWve2wzqdrFdJIx4AaABAg,@EchiKinanty-v1l
UgyEUWve2wzqdrFdJIx4AaABAg.AD0e92RrP_-AD0xaDoaYrm,,0,"2025-01-08 06:04:41",@EchiKinanty-v1l,"@RizkyRiplay  kak aku punya cerita pengen bgt dibuatin animasinya sma ka @RizkyRiplay",1,UgyEUWve2wzqdrFdJIx4AaABAg,@EchiKinanty-v1l
Ugyqlis5J9nP-IECxsB4AaABAg,2,0,"2025-01-08 03:14:26",@sitichodidja8124,Hadirrr,0,,
Ugyqlis5J9nP-IECxsB4AaABAg.AD0e6MJoi5XAD0eF08QX7v,,0,"2025-01-08 03:15:37",@RizkyRiplay,"Terimakasih telah menonton",1,Ugyqlis5J9nP-IECxsB4AaABAg,@sitichodidja8124
Ugyqlis5J9nP-IECxsB4AaABAg.AD0e6MJoi5XAD0e_A5b2Cz,,0,"2025-01-08 03:18:30",@sitichodidja8124,"Penonton setia nie 😂 nungguin dari kemaren²😂",1,Ugyqlis5J9nP-IECxsB4AaABAg,@sitichodidja8124
UgxWIjCQvqBWMIGO9FR4AaABAg,2,0,"2025-01-08 03:14:20",@NurulChomariah-ri3bs,"Yg di tunggu2..😂👏👏👏",0,,
UgxWIjCQvqBWMIGO9FR4AaABAg.AD0e5dbBaaXAD0eGjOasuA,,0,"2025-01-08 03:15:51",@RizkyRiplay,"Akhirnya tayang juga",1,UgxWIjCQvqBWMIGO9FR4AaABAg,@NurulChomariah-ri3bs
UgxWIjCQvqBWMIGO9FR4AaABAg.AD0e5dbBaaXAD0hvr8T0VF,,0,"2025-01-08 03:47:49",@NurulChomariah-ri3bs,"Makasih🙏kamu lah favoritku👏👏❤️❤️❤️🤟🤟🤟👏👏👏👏👏",1,UgxWIjCQvqBWMIGO9FR4AaABAg,@NurulChomariah-ri3bs
UgzBcuRTtHBpQPwSYrV4AaABAg,3,0,"2025-01-08 03:14:12",@AnnasyaAdrena-c8f,"Baru aja selesai nonton yg part 1 udah muncul yg final",0,,
UgzBcuRTtHBpQPwSYrV4AaABAg.AD0e4Yz8s68AD0eHFmfSHm,,0,"2025-01-08 03:15:56",@RizkyRiplay,"Terimakasih telah menonton",1,UgzBcuRTtHBpQPwSYrV4AaABAg,@AnnasyaAdrena-c8f
UgzBcuRTtHBpQPwSYrV4AaABAg.AD0e4Yz8s68AD0ee9kx1WJ,,0,"2025-01-08 03:19:11",@AnnasyaAdrena-c8f,"Izin download video nya bang",1,UgzBcuRTtHBpQPwSYrV4AaABAg,@AnnasyaAdrena-c8f
UgzBcuRTtHBpQPwSYrV4AaABAg.AD0e4Yz8s68AD0eicuoIhv,,0,"2025-01-08 03:19:48",@AnnasyaAdrena-c8f,"​@RizkyRiplaysama sama bang🎉",1,UgzBcuRTtHBpQPwSYrV4AaABAg,@AnnasyaAdrena-c8f
UgyBdzRdq1adlGBnuV94AaABAg,1,0,"2025-01-08 03:13:59",@MauraSaja-q5q,"Pesan moralnya apa",0,,
UgyBdzRdq1adlGBnuV94AaABAg.AD0e2zl-AsGAD0e9O0oXXP,,0,"2025-01-08 03:14:51",@RizkyRiplay,"Jangan pernah main judol dan pinjol",1,UgyBdzRdq1adlGBnuV94AaABAg,@MauraSaja-q5q
UgxKvft-3hU5GH3px6R4AaABAg,1,0,"2025-01-08 03:13:43",@Khoirotunnisa779,"Tim gercep 😊 ayo kumpul sini",0,,
UgxKvft-3hU5GH3px6R4AaABAg.AD0e160kvf4AD0e9oy1FKQ,,0,"2025-01-08 03:14:55",@RizkyRiplay,"Terimakasih telah menonton",1,UgxKvft-3hU5GH3px6R4AaABAg,@Khoirotunnisa779
UgxZlXLbh1dy_8jTERZ4AaABAg,1,0,"2025-01-08 03:13:43",@Khoirotunnisa779,"Tim gercep 😊 ayo kumpul sini",0,,
UgxZlXLbh1dy_8jTERZ4AaABAg.AD0e15fTFBLAD0eAD7lYhu,,0,"2025-01-08 03:14:58",@RizkyRiplay,"Terimakasih telah menonton",1,UgxZlXLbh1dy_8jTERZ4AaABAg,@Khoirotunnisa779
UgzxCENL_UNrsACrq154AaABAg,0,1,"2025-01-08 03:13:43",@dinda.u,🙌,0,,
UgyWiItBi6qnuqck-Rp4AaABAg,0,0,"2025-01-08 03:13:33",@Khoirotunnisa779,"Tim gercep 😊 ayo kumpul sini",0,,
Ugzl3-agVpND5ZWKbCh4AaABAg,1,0,"2025-01-08 03:13:32",@Oktaviana-n5x,"Gercep nih",0,,
Ugzl3-agVpND5ZWKbCh4AaABAg.AD0e-m4RD_mAD0eB3dQf7F,,0,"2025-01-08 03:15:05",@RizkyRiplay,"Terimakasih telah menonton",1,Ugzl3-agVpND5ZWKbCh4AaABAg,@Oktaviana-n5x
Ugw1pcNdPon-THw6sxl4AaABAg,0,0,"2025-01-08 03:13:28",@Khoirotunnisa779,"Tim gercep 😊 ayo kumpul sini",0,,
Ugx65uDhN7tTyJ9ov4B4AaABAg,0,0,"2025-01-08 03:13:18",@Khoirotunnisa779,"Tim gercep 😊 ayo kumpul sini",0,,
UgwWpA0H7lpDRX5w8d94AaABAg,0,0,"2025-01-08 03:13:05",@Khoirotunnisa779,"Tim gercep 😊 ayo kumpul sini",0,,
Ugx3JK9ImutMgtRRAdB4AaABAg,0,0,"2025-01-08 03:12:58",@Khoirotunnisa779,"Tim gercep 😊 ayo kumpul sini",0,,
Ugx-EYbjryv8oAw7g194AaABAg,1,2,"2025-01-08 03:12:49",@urJellyfish_03,"Paling ga suka sama pinjol dan judol, karna ujung-ujungnya cuma jadi masalah dikemudian hari. Udah banyak korbannya, bahkan tahun lalu kalau gak salah* ada banyak tindakan kriminal yg viral gara-gara pinjol dan judol. Hal² yang instan gini emang kelihatan menggiurkan dan bikin addicted karna adrenalin bakal kepacu, ga heran ada yang bilang ""ngutang biar semangat kerja"" (mungkin berasa ada target yang harus dicapai) yg padahal itu tuh 'masalah' yang bisa merembet kemana-mana kalo makin ga bisa di atur dan cepat diselesaikan😢.",0,,
Ugx-EYbjryv8oAw7g194AaABAg.AD0dvVtCXfDAD0eNAUtiEg,,1,"2025-01-08 03:16:44",@RizkyRiplay,"Semoga ada pembelajaran yang bisa diambil dari cerita di atas ya kak",1,Ugx-EYbjryv8oAw7g194AaABAg,@urJellyfish_03
UgzBIFU5HXvrH0RSUqB4AaABAg,1,0,"2025-01-08 03:12:42",@NONE_SENSEYT,"Jangan sampai ada yg ngeiklanin judol di sini",0,,
UgzBIFU5HXvrH0RSUqB4AaABAg.AD0duevtEylAD0eXDIUpDT,,0,"2025-01-08 03:18:06",@RizkyRiplay,"Yupp bener banget, mimin sampe geram banget nihh",1,UgzBIFU5HXvrH0RSUqB4AaABAg,@NONE_SENSEYT
UgxCK81m2T7lEJO_XKZ4AaABAg,1,0,"2025-01-08 03:12:29",@Khoirotunnisa779,"Tim gercep 😊",0,,
UgxCK81m2T7lEJO_XKZ4AaABAg.AD0dt6L3wLlAD0eXZuEBOQ,,0,"2025-01-08 03:18:09",@RizkyRiplay,"Terimakasih telah menonton",1,UgxCK81m2T7lEJO_XKZ4AaABAg,@Khoirotunnisa779
UgwbrhGAVSrwaHZkwoR4AaABAg,1,0,"2025-01-08 03:12:04",@NasbiMuhammad,"semangat bang Rizky riplay bikin konten nya 🎉",0,,
UgwbrhGAVSrwaHZkwoR4AaABAg.AD0dpzAzTf7AD0eY6cpV6Z,,0,"2025-01-08 03:18:14",@RizkyRiplay,"Terimakasih atas supportnya kak",1,UgwbrhGAVSrwaHZkwoR4AaABAg,@NasbiMuhammad
UgxAtHaKocaFQAM119N4AaABAg,1,0,"2025-01-08 03:11:54",@gustiBoy-m1e,"Yang di tunggu²🥰",0,,
UgxAtHaKocaFQAM119N4AaABAg.AD0dokOXIklAD0eYdbfa9r,,0,"2025-01-08 03:18:18",@RizkyRiplay,"Terimakasih telah menonton",1,UgxAtHaKocaFQAM119N4AaABAg,@gustiBoy-m1e
UgzxBWp44_wGAjPhQex4AaABAg,1,0,"2025-01-08 03:11:43",@jenalaripin,Gercepppppp🎉🎉,0,,
UgzxBWp44_wGAjPhQex4AaABAg.AD0dnUBBjdEAD0e1V498rN,,0,"2025-01-08 03:13:46",@RizkyRiplay,"Terimakasih telah menonton",1,UgzxBWp44_wGAjPhQex4AaABAg,@jenalaripin
UgwfrCIxC056fxgCo7F4AaABAg,1,0,"2025-01-08 03:11:37",@Tarki-if3hw,"Alhamdulilah bisa tidur dengan tenang hehehe😍😍",0,,
UgwfrCIxC056fxgCo7F4AaABAg.AD0dmhtg6nlAD0e1yYk3n6,,0,"2025-01-08 03:13:50",@RizkyRiplay,"Terimakasih telah menonton",1,UgwfrCIxC056fxgCo7F4AaABAg,@Tarki-if3hw
Ugzmald0nmx4k2M-Z5p4AaABAg,1,0,"2025-01-08 03:11:02",@cecepaza5543,"Allhamduliilah tayang juga.",0,,
Ugzmald0nmx4k2M-Z5p4AaABAg.AD0diLfeD4CAD0e2a6V1zz,,0,"2025-01-08 03:13:55",@RizkyRiplay,"Terimakasih telah menonton",1,Ugzmald0nmx4k2M-Z5p4AaABAg,@cecepaza5543
UgytiFG_FgATtpIJ11Z4AaABAg,1,0,"2025-01-08 03:10:56",@MasBasri-lx4fj,Sama-sama,0,,
UgytiFG_FgATtpIJ11Z4AaABAg.AD0dheWii4RAD0e3-cUX_o,,0,"2025-01-08 03:13:59",@RizkyRiplay,"Terimakasih telah menonton",1,UgytiFG_FgATtpIJ11Z4AaABAg,@MasBasri-lx4fj
UgyPvmBuKKiqzjsaTX94AaABAg,1,0,"2025-01-08 03:10:53",@wiyototv8385,"Siapa disini penonton setia rizky ripalay yang jarang komen ?",0,,
UgyPvmBuKKiqzjsaTX94AaABAg.AD0dhHeh_PBAD0e3Xt5PI7,,1,"2025-01-08 03:14:03",@RizkyRiplay,"Terimakasih telah menonton",1,UgyPvmBuKKiqzjsaTX94AaABAg,@wiyototv8385
UgwiN-3sQckwLn2Ng3B4AaABAg,1,0,"2025-01-08 03:10:49",@NayyaraDewi,"Bangg belom setengah jam udah rame aja nihhh😊",0,,
UgwiN-3sQckwLn2Ng3B4AaABAg.AD0dgpMtOZXAD0e5FvTSx5,,0,"2025-01-08 03:14:17",@RizkyRiplay,"Terimakasih telah menonton",1,UgwiN-3sQckwLn2Ng3B4AaABAg,@NayyaraDewi
Ugxx51vEKPkJ_fNelcV4AaABAg,1,0,"2025-01-08 03:10:44",@maysapta6853,"Tim gercep😊",0,,
Ugxx51vEKPkJ_fNelcV4AaABAg.AD0dgHfcSAzAD0e6BFWdmM,,0,"2025-01-08 03:14:25",@RizkyRiplay,"Terimakasih telah menonton",1,Ugxx51vEKPkJ_fNelcV4AaABAg,@maysapta6853
UgwYW-JuleOfSuGnmTR4AaABAg,1,0,"2025-01-08 03:10:27",@danangdanang7608,"Gasss part 2 nih😂",0,,
UgwYW-JuleOfSuGnmTR4AaABAg.AD0de5qD6bEAD0e6Z7NGwy,,0,"2025-01-08 03:14:28",@RizkyRiplay,"Terimakasih telah menonton",1,UgwYW-JuleOfSuGnmTR4AaABAg,@danangdanang7608
UgxQ86vdKZ_a3CNyH2V4AaABAg,1,0,"2025-01-08 03:10:17",@AmoyCee,"Sat set😂😂",0,,
UgxQ86vdKZ_a3CNyH2V4AaABAg.AD0dcy8bRSgAD0eaJ_ek3W,,0,"2025-01-08 03:18:40",@RizkyRiplay,"Terimakasih telah menonton",1,UgxQ86vdKZ_a3CNyH2V4AaABAg,@AmoyCee
Ugzcc0eAzsjnM-OyhDR4AaABAg,1,27,"2025-01-08 03:10:05",@IlhamAlhafiizh-zm7jd,"Asiik dah hadir part 2 nya .sukses sll Rizky riplay n' team",0,,
Ugzcc0eAzsjnM-OyhDR4AaABAg.AD0dbRHN5G5AD0eb4rakpf,,5,"2025-01-08 03:18:46",@RizkyRiplay,"Terimakasih telah menonton",1,Ugzcc0eAzsjnM-OyhDR4AaABAg,@IlhamAlhafiizh-zm7jd
UgzXOVEuxkJsNAYvjwh4AaABAg,2,12,"2025-01-08 03:09:56",@AnahsupriyanaSupriyana-y2s,"Selalu nonton ngga pernah ketinggalan, walaupun jarang komen, tapi ttp setia, klo ada notif langsung cusss nonton.",0,,
UgzXOVEuxkJsNAYvjwh4AaABAg.AD0daN0nvPhAD0ebY9TG_v,,3,"2025-01-08 03:18:50",@RizkyRiplay,"Terimakasih telah menonton",1,UgzXOVEuxkJsNAYvjwh4AaABAg,@AnahsupriyanaSupriyana-y2s
UgzXOVEuxkJsNAYvjwh4AaABAg.AD0daN0nvPhAD0iXtMZbwh,,1,"2025-01-08 03:53:09",@AnahsupriyanaSupriyana-y2s,"@RizkyRiplay  Sama""kak, sukses selalu.",1,UgzXOVEuxkJsNAYvjwh4AaABAg,@AnahsupriyanaSupriyana-y2s
UgxOkAwlIyyC9ZGxXFx4AaABAg,1,0,"2025-01-08 03:09:54",@DODICIKAL,"18 menit yang lalu Tumben gak ada notif 😌",0,,
UgxOkAwlIyyC9ZGxXFx4AaABAg.AD0da6jUIm_AD0ebwHZbvG,,0,"2025-01-08 03:18:53",@RizkyRiplay,"Terimakasih telah menonton",1,UgxOkAwlIyyC9ZGxXFx4AaABAg,@DODICIKAL
UgyKlvhq7LvluF5IKtZ4AaABAg,1,0,"2025-01-08 03:09:31",@raramiddle,"Udah nungguin dr tadi awowkwowkwkw",0,,
UgyKlvhq7LvluF5IKtZ4AaABAg.AD0dYJ20lANAD0edBVteBq,,0,"2025-01-08 03:19:03",@RizkyRiplay,"Terimakasih telah menonton",1,UgyKlvhq7LvluF5IKtZ4AaABAg,@raramiddle
UgzpvFaywuRC30CuQNF4AaABAg,1,0,"2025-01-08 03:09:27",@Nadila_alfa,"Nonton sambil beres2 dong,sukses selalu rizkyriplay🎉",0,,
UgzpvFaywuRC30CuQNF4AaABAg.AD0dXsT0d3pAD0edh7bLKb,,0,"2025-01-08 03:19:08",@RizkyRiplay,"Terimakasih telah menonton",1,UgzpvFaywuRC30CuQNF4AaABAg,@Nadila_alfa
UgxAk9JmiT5lNTejanp4AaABAg,1,1,"2025-01-08 03:09:27",@rifqiofficial5720,"Telat 18 menit min",0,,
UgxAk9JmiT5lNTejanp4AaABAg.AD0dXnkG7x_AD0eeEMx9Zm,,1,"2025-01-08 03:19:12",@RizkyRiplay,"Gapapa kak yang penting nonton",1,UgxAk9JmiT5lNTejanp4AaABAg,@rifqiofficial5720
Ugx7rtDxBfl9kt2NGf94AaABAg,1,1,"2025-01-08 03:09:26",@dedysusanto2698,Garcepp,0,,
Ugx7rtDxBfl9kt2NGf94AaABAg.AD0dXiwam91AD0enD3Hkx0,,0,"2025-01-08 03:20:25",@RizkyRiplay,"Terimakasih telah menonton",1,Ugx7rtDxBfl9kt2NGf94AaABAg,@dedysusanto2698
UgzFfrisQDdk8S-eTO14AaABAg,1,0,"2025-01-08 03:09:24",@miaqiqi95,"Makan sambil lihat YouTube Rizky riplay",0,,
UgzFfrisQDdk8S-eTO14AaABAg.AD0dXTimmNYAD0epg4Blej,,0,"2025-01-08 03:20:46",@RizkyRiplay,"Wahh mantap tuhh",1,UgzFfrisQDdk8S-eTO14AaABAg,@miaqiqi95
UgxZ_q9Q2__pbpf0wkB4AaABAg,2,0,"2025-01-08 03:09:18",@ReddyanaRose-tn7yv,"Wahh kak rizky video ini ada judol nya juga part2 pinjolnya huhuhu kesian banget deh gara² bunga yang telalu tinggi Dan ngak bisa bayar akhirnya pasangan mati bunuh diri 😢😢😢",0,,
UgxZ_q9Q2__pbpf0wkB4AaABAg.AD0dWfQZxpvAD0equqAHkC,,1,"2025-01-08 03:20:56",@RizkyRiplay,"Semoga ada pembelajaran yang bisa diambil dari cerita di atas ya kak",1,UgxZ_q9Q2__pbpf0wkB4AaABAg,@ReddyanaRose-tn7yv
UgxZ_q9Q2__pbpf0wkB4AaABAg.AD0dWfQZxpvAD0glYvU4_l,,0,"2025-01-08 03:37:41",@ReddyanaRose-tn7yv,"@RizkyRiplay  iya kak rizky 🤣",1,UgxZ_q9Q2__pbpf0wkB4AaABAg,@ReddyanaRose-tn7yv
Ugy0LcO_UfRJANVjecZ4AaABAg,1,0,"2025-01-08 03:08:45",@viavia4234,"Siapa yg sering nonton tapi jarang coment 😭",0,,
Ugy0LcO_UfRJANVjecZ4AaABAg.AD0dShTcH4XAD0erWuNxkK,,0,"2025-01-08 03:21:01",@RizkyRiplay,"Terimakasih telah menonton",1,Ugy0LcO_UfRJANVjecZ4AaABAg,@viavia4234
Ugy7TDVF0f82UR35rwl4AaABAg,1,1,"2025-01-08 03:08:43",@SubaidiAziz,"Wih sukses selalu bang 🎉❤❤❤",0,,
Ugy7TDVF0f82UR35rwl4AaABAg.AD0dSRM8e9WAD0ersOi-wi,,1,"2025-01-08 03:21:04",@RizkyRiplay,"Terimakasih telah menonton",1,Ugy7TDVF0f82UR35rwl4AaABAg,@SubaidiAziz
Ugz_BZiwcX1AZanZ-Vh4AaABAg,1,0,"2025-01-08 03:07:59",@NilaWati-y8r,"𝙶𝚎𝚛𝚌𝚎𝚙 𝚔𝚊𝚕𝚒𝚖𝚊𝚗𝚝𝚊𝚗 𝚜𝚎𝚕𝚊𝚝𝚊𝚗 𝚑𝚊𝚍𝚒𝚛",0,,
Ugz_BZiwcX1AZanZ-Vh4AaABAg.AD0dN8CAWYtAD0esJHzlq2,,0,"2025-01-08 03:21:07",@RizkyRiplay,"Terimakasih telah menonton",1,Ugz_BZiwcX1AZanZ-Vh4AaABAg,@NilaWati-y8r
UgwCb9ezHyiS4ECqJX54AaABAg,1,0,"2025-01-08 03:07:36",@anisa7214,"Bang sapa aku",0,,
UgwCb9ezHyiS4ECqJX54AaABAg.AD0dKJKSd6aAD0et9egk1v,,0,"2025-01-08 03:21:14",@RizkyRiplay,"Halooo sob",1,UgwCb9ezHyiS4ECqJX54AaABAg,@anisa7214
UgxSI78kVHqTJ1-sruB4AaABAg,1,0,"2025-01-08 03:07:25",@AhmadIzzudin-n3i,"hadir brother rizky",0,,
UgxSI78kVHqTJ1-sruB4AaABAg.AD0dIuAbBddAD0etcm3tRl,,0,"2025-01-08 03:21:18",@RizkyRiplay,"Terimakasih telah menonton",1,UgxSI78kVHqTJ1-sruB4AaABAg,@AhmadIzzudin-n3i
UgyF_4d8hqqR1tEZ06V4AaABAg,1,0,"2025-01-08 03:07:22",@djanas_,"Menyalaaa teruss rizky riplaayy 🔥🔥",0,,
UgyF_4d8hqqR1tEZ06V4AaABAg.AD0dIbbkiK-AD0eu0MDmh5,,0,"2025-01-08 03:21:21",@RizkyRiplay,"Terimakasih telah menonton",1,UgyF_4d8hqqR1tEZ06V4AaABAg,@djanas_
UgwtIF_6z5bbnMQ7dpJ4AaABAg,2,16,"2025-01-08 03:07:06",@wahyunipku2120,"Dengan film ini kita banyak belajar Kalau bukan karna usaha kerja keras sendiri kita tidak akan bisa dapat rezeki yang lebih puas hasilnya daripada dengan cara kaya instan dan menyakiti diri sendiri dan keluarga kita",0,,
UgwtIF_6z5bbnMQ7dpJ4AaABAg.AD0dGcUpLnyAD0ewdcqbWI,,4,"2025-01-08 03:21:43",@RizkyRiplay,"Semoga ada pembelajaran yang bisa diambil dari cerita di atas ya kak",1,UgwtIF_6z5bbnMQ7dpJ4AaABAg,@wahyunipku2120
UgwtIF_6z5bbnMQ7dpJ4AaABAg.AD0dGcUpLnyAD0fuNpkWqg,,2,"2025-01-08 03:30:09",@wahyunipku2120,"@RizkyRiplay iya, semoga selalu sukses dalam berkarya dan selalu memberikan edukasi buat seluruh masyarakat Indonesia, kalian hebat😊👍",1,UgwtIF_6z5bbnMQ7dpJ4AaABAg,@wahyunipku2120
UgyGR4QOdaYGLcmAfup4AaABAg,1,0,"2025-01-08 03:06:47",@serlyagustina3995,"Langsung garcep dong",0,,
UgyGR4QOdaYGLcmAfup4AaABAg.AD0dELSbyzFAD0f5kuUxFJ,,0,"2025-01-08 03:23:06",@RizkyRiplay,"Terimakasih telah menonton",1,UgyGR4QOdaYGLcmAfup4AaABAg,@serlyagustina3995
UgzZzEO8wuT1td-FyXl4AaABAg,0,0,"2025-01-08 03:06:40",@akunhapeini5929,👍👍,0,,
UgwGhl_Y-VZf8rMwDZB4AaABAg,1,0,"2025-01-08 03:06:28",@akunhapeini5929,Hadir,0,,
UgwGhl_Y-VZf8rMwDZB4AaABAg.AD0dBy1t6vPAD0f6OsCK78,,1,"2025-01-08 03:23:11",@RizkyRiplay,"Terimakasih telah menonton",1,UgwGhl_Y-VZf8rMwDZB4AaABAg,@akunhapeini5929
Ugy3Ls_-upWRQVVpXXB4AaABAg,1,1,"2025-01-08 03:06:20",@dioraclay,"lah kok pas grebek rmh jurnalisnya gda yg pake seragam coklat² itu ya? apa nyamar pake kaos?😂",0,,
Ugy3Ls_-upWRQVVpXXB4AaABAg.AD0dB0T8ADHAD0f9h3JZy0,,0,"2025-01-08 03:23:38",@RizkyRiplay,"Seragam coklat apa sob",1,Ugy3Ls_-upWRQVVpXXB4AaABAg,@dioraclay
UgzX4kceD2kK7LLfvsp4AaABAg,0,0,"2025-01-08 03:05:59",@MetaMixman,"Seperti yang dikatakan Arthur ""Joker"" Fleck saat Pak Karna kena azabnya: YOU GET WHAT YOU F**KING DESERVE!",0,,
UgzU8VUD8VNNkyv3_3t4AaABAg,2,0,"2025-01-08 03:05:30",@IlyasErni123,"Ada notip lngsung nonton",0,,
UgzU8VUD8VNNkyv3_3t4AaABAg.AD0d4rVYG3AAD0fA4p02Sd,,0,"2025-01-08 03:23:41",@RizkyRiplay,"Terimakasih telah menonton",1,UgzU8VUD8VNNkyv3_3t4AaABAg,@IlyasErni123
UgzU8VUD8VNNkyv3_3t4AaABAg.AD0d4rVYG3AAD9lWU1w2gB,,0,"2025-01-11 16:12:20",@IlyasErni123,"@RizkyRiplay  sama sama,, sukses terus bang",1,UgzU8VUD8VNNkyv3_3t4AaABAg,@IlyasErni123
Ugxk3lobQqvtiga5Qdd4AaABAg,1,0,"2025-01-08 03:05:22",@AmelMelia-z4r,"Nasi ku sudah siap",0,,
Ugxk3lobQqvtiga5Qdd4AaABAg.AD0d3zXtAgSAD0fATtLKQu,,0,"2025-01-08 03:23:44",@RizkyRiplay,"Terimakasih telah menonton",1,Ugxk3lobQqvtiga5Qdd4AaABAg,@AmelMelia-z4r
Ugy230wv0zODk0jHXCp4AaABAg,1,0,"2025-01-08 03:05:08",@sarasdewimamihurka3846,"Sblm ke kmpus nnton dluuu",0,,
Ugy230wv0zODk0jHXCp4AaABAg.AD0d2BRZ2OhAD0ffCbknfo,,0,"2025-01-08 03:28:04",@RizkyRiplay,"Wahh terimakasih ya sudah di sempetin nonton, jangan sampe telat ya sob ke kampusnya",1,Ugy230wv0zODk0jHXCp4AaABAg,@sarasdewimamihurka3846
UgwlpWgaMyojuuanF0R4AaABAg,4,366,"2025-01-08 03:05:07",@uminadifa5351,"Banyak pelajaran yg bisa di ambil dri cerita ini,seperti jangan mudah tergiur dengan pinjol tanpa mikir bunganya,trs jangan beranggapan bundir adalah sebuah akhir dari semua masalah",0,,
UgwlpWgaMyojuuanF0R4AaABAg.AD0d233pIXpAD0dIGAMje6,,16,"2025-01-08 03:07:19",@uminadifa5351,"Dan Satu lagi yang perlu di ingat Judi online tu gamungkin bikin kamu kaya,jdi stop jangan bodoh gais",1,UgwlpWgaMyojuuanF0R4AaABAg,@uminadifa5351
UgwlpWgaMyojuuanF0R4AaABAg.AD0d233pIXpAD0fg67aHLI,,28,"2025-01-08 03:28:12",@RizkyRiplay,"Semoga ada pembelajaran yang bisa diambil dari cerita di atas ya kak",1,UgwlpWgaMyojuuanF0R4AaABAg,@uminadifa5351
UgwlpWgaMyojuuanF0R4AaABAg.AD0d233pIXpAD0fwL1QNgP,,2,"2025-01-08 03:30:25",@wardah_mundzir,"1 menit yg laluuu",1,UgwlpWgaMyojuuanF0R4AaABAg,@uminadifa5351
UgwlpWgaMyojuuanF0R4AaABAg.AD0d233pIXpAD0jYZglkKh,,4,"2025-01-08 04:01:59",@tiaradewi5003,"Kakak benar😃makasih komen yang bermanfaat😃",1,UgwlpWgaMyojuuanF0R4AaABAg,@uminadifa5351
UgxKajmnLMKj79rbP5V4AaABAg,1,0,"2025-01-08 03:05:04",@Andrianbule-is8xf,"Wow baru 13mnit yg lalu udah banyak yg like aja,support trs lahhh....",0,,
UgxKajmnLMKj79rbP5V4AaABAg.AD0d1jPMlKaAD0g0EjPqNh,,1,"2025-01-08 03:31:05",@RizkyRiplay,"Terimakasih atas supportnya kak",1,UgxKajmnLMKj79rbP5V4AaABAg,@Andrianbule-is8xf
UgygTFaSnIfXCOM8UG14AaABAg,1,0,"2025-01-08 03:05:01",@Aa-75-c7g,"Bagus ceritanya...dan kartunnya",0,,
UgygTFaSnIfXCOM8UG14AaABAg.AD0d1JauFh1AD0g0i-jRO4,,0,"2025-01-08 03:31:08",@RizkyRiplay,"Terimakasih telah menonton",1,UgygTFaSnIfXCOM8UG14AaABAg,@Aa-75-c7g
Ugwv789OyxkxStuBCr94AaABAg,0,0,"2025-01-08 03:04:43",@firdausfaza8166,Rowrrrrrrr,0,,
UgzAl9dxYdZVxR_RTrl4AaABAg,1,0,"2025-01-08 03:04:41",@safiraputri3179,"Hadir ka",0,,
UgzAl9dxYdZVxR_RTrl4AaABAg.AD0czwBFCkiAD0g2iXPe3L,,2,"2025-01-08 03:31:25",@RizkyRiplay,"Terimakasih telah menonton",1,UgzAl9dxYdZVxR_RTrl4AaABAg,@safiraputri3179
UgydGF58Oz6nksSyzzt4AaABAg,1,1,"2025-01-08 03:04:24",@VivoOviv-d5r,"Tim yang selalu nonton tapi ngak pernah sama sekali komen wkwkwk",0,,
UgydGF58Oz6nksSyzzt4AaABAg.AD0cxojGJ0dAD0gCr9G6xT,,1,"2025-01-08 03:32:48",@RizkyRiplay,"Terimakasih telah menonton",1,UgydGF58Oz6nksSyzzt4AaABAg,@VivoOviv-d5r
UgyCv6A9PU0LCFBjyGx4AaABAg,4,57,"2025-01-08 03:04:13",@cahayaaya6252,"Ayo dong bikin ceritanya lbh seru lagi saya tungunih saya pnton setia semoga sukses slalu",0,,
UgyCv6A9PU0LCFBjyGx4AaABAg.AD0cwWLRITYAD0gMyTQRBH,,8,"2025-01-08 03:34:11",@RizkyRiplay,"Terimakasih sob udah selalu nungguin cerita dari kita",1,UgyCv6A9PU0LCFBjyGx4AaABAg,@cahayaaya6252
UgyCv6A9PU0LCFBjyGx4AaABAg.AD0cwWLRITYAD1R74v6d-y,,0,"2025-01-08 10:31:27",@YamauchiSawa,"aku. cinta kamu❤❤❤❤😍😍🥰🥰🥰💋💋💋💋💋😋😋😋😋",1,UgyCv6A9PU0LCFBjyGx4AaABAg,@cahayaaya6252
UgyCv6A9PU0LCFBjyGx4AaABAg.AD0cwWLRITYAD68exJe7sD,,0,"2025-01-10 06:26:23",@laww_1-j8l,"​@YamauchiSawakamu cinta kesiapa?",1,UgyCv6A9PU0LCFBjyGx4AaABAg,@cahayaaya6252
UgyCv6A9PU0LCFBjyGx4AaABAg.AD0cwWLRITYAG6vDxpSkdl,,0,"2025-03-26 03:13:39",@JunaBaihaqi-x1f,😅​@YamauchiSawa,1,UgyCv6A9PU0LCFBjyGx4AaABAg,@cahayaaya6252
UgxsfSeYV0Gyi3mxUhZ4AaABAg,1,0,"2025-01-08 03:04:08",@revanrzhd,"Nonton pas lagi istirahat sekolah",0,,
UgxsfSeYV0Gyi3mxUhZ4AaABAg.AD0cvuqPKx1AD0gNb7F5J2,,0,"2025-01-08 03:34:16",@RizkyRiplay,"Terimakasih telah menonton",1,UgxsfSeYV0Gyi3mxUhZ4AaABAg,@revanrzhd
UgxTKUiuP9pBcRr5zip4AaABAg,1,0,"2025-01-08 03:03:31",@IdaFari-jg2gm,"Baru beberapa menit udah ratusan komennya.. like nya juga udah ribuann",0,,
UgxTKUiuP9pBcRr5zip4AaABAg.AD0crNOR8L6AD0dTttXnCy,,0,"2025-01-08 03:08:55",@RizkyRiplay,"Terimakasih telah menonton",1,UgxTKUiuP9pBcRr5zip4AaABAg,@IdaFari-jg2gm
Ugx7fI5EuBnM7WXstTV4AaABAg,2,0,"2025-01-08 03:03:09",@EqiMalik,"Asyiikk pagi2 hujan2 lihat riskyriplay😅",0,,
Ugx7fI5EuBnM7WXstTV4AaABAg.AD0cofqrJxqAD0cuf2d9XR,,0,"2025-01-08 03:03:58",@RizkyRiplay,"Terimakasih telah menonton",1,Ugx7fI5EuBnM7WXstTV4AaABAg,@EqiMalik
Ugx7fI5EuBnM7WXstTV4AaABAg.AD0cofqrJxqAD0frdV5pgU,,0,"2025-01-08 03:29:46",@EqiMalik,"@RizkyRiplay  sama² bang",1,Ugx7fI5EuBnM7WXstTV4AaABAg,@EqiMalik
UgwRVcFQgwCrCig0yeB4AaABAg,1,0,"2025-01-08 03:02:57",@fulus.s8679,"12 menit",0,,
UgwRVcFQgwCrCig0yeB4AaABAg.AD0cnGLIlijAD0cv2S8N2s,,0,"2025-01-08 03:04:01",@RizkyRiplay,"Terimakasih telah menonton",1,UgwRVcFQgwCrCig0yeB4AaABAg,@fulus.s8679
Ugw6T-n_HcNvr1dtT9Z4AaABAg,1,0,"2025-01-08 03:02:36",@fii7660,"Absen wakk",0,,
Ugw6T-n_HcNvr1dtT9Z4AaABAg.AD0ckhuqWcQAD0cvQOesz5,,0,"2025-01-08 03:04:04",@RizkyRiplay,"Terimakasih telah menonton",1,Ugw6T-n_HcNvr1dtT9Z4AaABAg,@fii7660
Ugwg3WGJJUyac9MOtdd4AaABAg,0,2,"2025-01-08 03:02:27",@SantosoWahyu-ol8mz,"Tim gercep 👇",0,,
UgxvTOjxeWn5PYDCXZp4AaABAg,1,9,"2025-01-08 03:02:24",@RirinTriisvianti,"Assalamualaikum,, Akhirnya yg di tunggu2, nonton sembari mkn,,",0,,
UgxvTOjxeWn5PYDCXZp4AaABAg.AD0cjFPzaz6AD0cw3UdHTH,,4,"2025-01-08 03:04:09",@RizkyRiplay,"Terimakasih telah menonton",1,UgxvTOjxeWn5PYDCXZp4AaABAg,@RirinTriisvianti
UgzrIW5dp2-HkphjDwJ4AaABAg,1,1,"2025-01-08 03:02:24",@altaa18,yeyyyyy🎉🎉,0,,
UgzrIW5dp2-HkphjDwJ4AaABAg.AD0cjCEcF0GAD0cwWcCgxQ,,1,"2025-01-08 03:04:13",@RizkyRiplay,"Terimakasih telah menonton",1,UgzrIW5dp2-HkphjDwJ4AaABAg,@altaa18
UgyuA8FKuUytefWDA2h4AaABAg,1,0,"2025-01-08 03:02:07",@gameproveterangmail.compro3099,"Plislah kalian udah tau judi di setting masih aja ngenyel 🗿🗿🗿nanti gacor nanti menang walau untung ke kita kalian jual barang murah tapi ayolah berenti",0,,
UgyuA8FKuUytefWDA2h4AaABAg.AD0ch7tBw4kAD0clpRRSgk,,0,"2025-01-08 03:02:46",@RizkyRiplay,"Semoga ada pembelajaran yang bisa diambil dari cerita di atas ya kak",1,UgyuA8FKuUytefWDA2h4AaABAg,@gameproveterangmail.compro3099
UgwlvficeAlANQwqO8d4AaABAg,2,0,"2025-01-08 03:01:57",@rimahadriyani223,"Cerita tentang pinjol.iklan nya pinjol semua buset😂",0,,
UgwlvficeAlANQwqO8d4AaABAg.AD0cfu7Pdr4AD0cop5YruG,,0,"2025-01-08 03:03:10",@RizkyRiplay,"Waduhh kalau iklan kita ga tau ya sob",1,UgwlvficeAlANQwqO8d4AaABAg,@rimahadriyani223
UgwlvficeAlANQwqO8d4AaABAg.AD0cfu7Pdr4AD0dDiCcwwp,,0,"2025-01-08 03:06:42",@rimahadriyani223,"@ g bisa milih iklan ya min.iklan pinjol merajalela",1,UgwlvficeAlANQwqO8d4AaABAg,@rimahadriyani223
UgzBSTIc6df-wUR5npJ4AaABAg,1,10,"2025-01-08 03:01:39",@AstiAriliya,"selalu nntn kalo makannn, kalo gak ueno family ya rizki riplayyy😂🎉❤",0,,
UgzBSTIc6df-wUR5npJ4AaABAg.AD0cdeJLl1yAD0cn-D8-Tq,,2,"2025-01-08 03:02:55",@RizkyRiplay,"Terimakasih telah menonton",1,UgzBSTIc6df-wUR5npJ4AaABAg,@AstiAriliya
Ugw7oT7nPvsQ6q4y2fl4AaABAg,1,0,"2025-01-08 03:01:30",@muhamadfadil-q1m,"Hadir kak di tempat saya juga banyak korban judol atau pinjol bahkan ada gantung diri miris banget ya kk semoga judol pinjol cepat hilang",0,,
Ugw7oT7nPvsQ6q4y2fl4AaABAg.AD0cc_rg1SCAD0cpVn7XTN,,0,"2025-01-08 03:03:16",@RizkyRiplay,"Terimakasih telah menonton",1,Ugw7oT7nPvsQ6q4y2fl4AaABAg,@muhamadfadil-q1m
UgzGc-Jz_UIiXdytNvh4AaABAg,1,1,"2025-01-08 03:01:04",@Indahchannel_13,Gercep,0,,
UgzGc-Jz_UIiXdytNvh4AaABAg.AD0c_TNuZeUAD0ch3nFvyS,,0,"2025-01-08 03:02:06",@RizkyRiplay,"Terimakasih telah menonton",1,UgzGc-Jz_UIiXdytNvh4AaABAg,@Indahchannel_13
UgzQYP9HIywZ0olgCEZ4AaABAg,1,11,"2025-01-08 03:00:50",@ok0810,"Akhirnya yg di tunggu° lanjutan nya 🎉🎉🎉",0,,
UgzQYP9HIywZ0olgCEZ4AaABAg.AD0cYgjKYRkAD0caOm3FJC,,3,"2025-01-08 03:01:12",@RizkyRiplay,"Terimakasih telah menonton",1,UgzQYP9HIywZ0olgCEZ4AaABAg,@ok0810
Ugx_V1d3gsAyYjKmynd4AaABAg,1,0,"2025-01-08 03:00:38",@NindyaMaulina-vl7vb,"Akhirnya muncul juga notif dari Rizky riplay",0,,
Ugx_V1d3gsAyYjKmynd4AaABAg.AD0cXICBY0bAD0cb57Vihz,,0,"2025-01-08 03:01:18",@RizkyRiplay,"Terimakasih telah menonton",1,Ugx_V1d3gsAyYjKmynd4AaABAg,@NindyaMaulina-vl7vb
UgwytS8L9T-gStREQNZ4AaABAg,1,0,"2025-01-08 03:00:22",@ciastore2594,"yey dluan",0,,
UgwytS8L9T-gStREQNZ4AaABAg.AD0cVErA0EbAD0cYgnsRch,,0,"2025-01-08 03:00:50",@RizkyRiplay,"Terimakasih telah menonton",1,UgwytS8L9T-gStREQNZ4AaABAg,@ciastore2594
Ugz8tRinl4qVknc6kAZ4AaABAg,1,0,"2025-01-08 03:00:21",@ariyannisari7845,"Akhirnya tayang,,,",0,,
Ugz8tRinl4qVknc6kAZ4AaABAg.AD0cV9gpA_QAD0cZZG2heR,,0,"2025-01-08 03:00:57",@RizkyRiplay,"Terimakasih telah menonton",1,Ugz8tRinl4qVknc6kAZ4AaABAg,@ariyannisari7845
UgxS8iBY8WfJnYk0mwR4AaABAg,1,0,"2025-01-08 03:00:18",@septynurr,9mntt:(,0,,
UgxS8iBY8WfJnYk0mwR4AaABAg.AD0cUqGza15AD0cbWnlsTv,,0,"2025-01-08 03:01:21",@RizkyRiplay,"Terimakasih telah menonton",1,UgxS8iBY8WfJnYk0mwR4AaABAg,@septynurr
UgyYO2MGo-w907m4VnN4AaABAg,2,0,"2025-01-08 03:00:09",@PipitIndriyani-r7b,"Komen ke 309 😂",0,,
UgyYO2MGo-w907m4VnN4AaABAg.AD0cTm7qM1PAD0cbra3TTv,,1,"2025-01-08 03:01:24",@RizkyRiplay,"Terimakasih telah menonton",1,UgyYO2MGo-w907m4VnN4AaABAg,@PipitIndriyani-r7b
UgyYO2MGo-w907m4VnN4AaABAg.AD0cTm7qM1PAD0plyAVoX0,,0,"2025-01-08 04:56:22",@PipitIndriyani-r7b,"@RizkyRiplay  ngga nyangka bkl di balas kak, sukses slalu kk",1,UgyYO2MGo-w907m4VnN4AaABAg,@PipitIndriyani-r7b
UgwofdvAk9ODCRP-cNV4AaABAg,1,0,"2025-01-08 02:59:56",@bayujuniarta453,"Anjieer gercep bngt",0,,
UgwofdvAk9ODCRP-cNV4AaABAg.AD0cS74okXHAD0ccGe7-VK,,0,"2025-01-08 03:01:27",@RizkyRiplay,"Terimakasih telah menonton",1,UgwofdvAk9ODCRP-cNV4AaABAg,@bayujuniarta453
UgzKpIY0BBcNXwfWScd4AaABAg,1,0,"2025-01-08 02:59:50",@awindyahnaura9865,8mnt,0,,
UgzKpIY0BBcNXwfWScd4AaABAg.AD0cRRX93yFAD0ccxO5d3m,,0,"2025-01-08 03:01:33",@RizkyRiplay,"Terimakasih telah menonton",1,UgzKpIY0BBcNXwfWScd4AaABAg,@awindyahnaura9865
UgyNACdZxGVnUb2Tc5x4AaABAg,1,11,"2025-01-08 02:59:47",@ainurainur8181,"Suka banget sama animasi nya ga kaleng"" semangat terus tim bg Rizky 💪🏻😀",0,,
UgyNACdZxGVnUb2Tc5x4AaABAg.AD0cR4FuDSVAD0cenOdoVw,,1,"2025-01-08 03:01:48",@RizkyRiplay,"Terimakasih atas supportnya kak",1,UgyNACdZxGVnUb2Tc5x4AaABAg,@ainurainur8181
UgzQQUM6kEyCrqLu0OV4AaABAg,1,0,"2025-01-08 02:59:45",@PutuNina-lo1zt,"Keren banget bang",0,,
UgzQQUM6kEyCrqLu0OV4AaABAg.AD0cQj5bZugAD0cf4DRgXe,,0,"2025-01-08 03:01:50",@RizkyRiplay,"Terimakasih atas supportnya kak",1,UgzQQUM6kEyCrqLu0OV4AaABAg,@PutuNina-lo1zt
UgzcdVtBLNIcf6G5QWd4AaABAg,0,0,"2025-01-08 02:59:40",@M.Arief.S,"Dari pinjol ke judol sungguh kombinasi aplikasi yang menyiksa orang yg di kira untung malah buntung 2:28",0,,
Ugw1TEcxfbVaK983HoV4AaABAg,1,0,"2025-01-08 02:59:39",@anggraenipurwaningtyas6891,"8 menit yang lalu😅",0,,
Ugw1TEcxfbVaK983HoV4AaABAg.AD0cQ0t4wUKAD0cUMKlEAc,,0,"2025-01-08 03:00:14",@RizkyRiplay,"Terimakasih telah menonton",1,Ugw1TEcxfbVaK983HoV4AaABAg,@anggraenipurwaningtyas6891
UgxHyzxbGHlXibrn9qV4AaABAg,1,2,"2025-01-08 02:59:26",@Rifta555,"Baru berapa menit udh banyak aja yg nonton",0,,
UgxHyzxbGHlXibrn9qV4AaABAg.AD0cOSIYKhpAD0cUoat2O0,,1,"2025-01-08 03:00:18",@RizkyRiplay,"Terimakasih telah menonton",1,UgxHyzxbGHlXibrn9qV4AaABAg,@Rifta555
Ugx8Qx0jxM_2rgc-up94AaABAg,1,0,"2025-01-08 02:59:21",@adityarahman4423,"awww lama bareng rilisnya",0,,
Ugx8Qx0jxM_2rgc-up94AaABAg.AD0cNubkwiOAD0cVHccyPR,,0,"2025-01-08 03:00:22",@RizkyRiplay,"Terimakasih telah menonton",1,Ugx8Qx0jxM_2rgc-up94AaABAg,@adityarahman4423
UgzzjNJGw0bXj3Ivrp54AaABAg,1,1,"2025-01-08 02:59:14",@CellsiYadi,"Yg kesekian Apsen😂😂😂",0,,
UgzzjNJGw0bXj3Ivrp54AaABAg.AD0cMxW1kBVAD0cVrSHC3j,,0,"2025-01-08 03:00:27",@RizkyRiplay,"Terimakasih telah menonton",1,UgzzjNJGw0bXj3Ivrp54AaABAg,@CellsiYadi
UgyAJqKXxlPpuqmaev94AaABAg,2,0,"2025-01-08 02:59:10",@SelviputrirahayuPutri,"8 menitt🎉",0,,
UgyAJqKXxlPpuqmaev94AaABAg.AD0cMWCoq-IAD0cWSXgLoB,,0,"2025-01-08 03:00:31",@RizkyRiplay,"Terimakasih telah menonton",1,UgyAJqKXxlPpuqmaev94AaABAg,@SelviputrirahayuPutri
UgyAJqKXxlPpuqmaev94AaABAg.AD0cMWCoq-IAD0g4iZYuQk,,0,"2025-01-08 03:31:41",@SelviputrirahayuPutri,"@RizkyRiplay  wah 🤩 biasanya cuma nonton ga komen , sekali komen d bales",1,UgyAJqKXxlPpuqmaev94AaABAg,@SelviputrirahayuPutri
Ugz5sWhmsjveDGXI8JF4AaABAg,1,0,"2025-01-08 02:58:55",@jooyyyuu,"SIPPP, MAKASII ❤❤",0,,
Ugz5sWhmsjveDGXI8JF4AaABAg.AD0cKdvcOQPAD0cWnhAYYV,,0,"2025-01-08 03:00:34",@RizkyRiplay,"Terimakasih telah menonton",1,Ugz5sWhmsjveDGXI8JF4AaABAg,@jooyyyuu
UgxTEYlg9SvJ8AZ05hp4AaABAg,1,0,"2025-01-08 02:58:38",@HenisaFadila-xd8hz,"Gercep nih,,😅",0,,
UgxTEYlg9SvJ8AZ05hp4AaABAg.AD0cIYwsnODAD0cXC8MApp,,1,"2025-01-08 03:00:38",@RizkyRiplay,"Terimakasih telah menonton",1,UgxTEYlg9SvJ8AZ05hp4AaABAg,@HenisaFadila-xd8hz
Ugw1x45EFtrDrzKLuNJ4AaABAg,1,0,"2025-01-08 02:58:34",@ZesikaOlipia,"Aku dah download kk bgus bgt",0,,
Ugw1x45EFtrDrzKLuNJ4AaABAg.AD0cI7mktzQAD0cXXw7A7e,,0,"2025-01-08 03:00:40",@RizkyRiplay,"Terimakasih telah menonton",1,Ugw1x45EFtrDrzKLuNJ4AaABAg,@ZesikaOlipia
UgxI4H2UmTX5tQMIVFl4AaABAg,1,0,"2025-01-08 02:58:22",@DewidewiquCantik,"Aku gercep gak nih",0,,
UgxI4H2UmTX5tQMIVFl4AaABAg.AD0cGcgtznWAD0cXuIjfXq,,1,"2025-01-08 03:00:43",@RizkyRiplay,"Terimakasih telah menonton",1,UgxI4H2UmTX5tQMIVFl4AaABAg,@DewidewiquCantik
UgzH5hAUz1yqk0Qpu6Z4AaABAg,1,58,"2025-01-08 02:58:02",@lastrilia4673,"Makasih 10 likenya🎉🎉",0,,
UgzH5hAUz1yqk0Qpu6Z4AaABAg.AD0cEDMlO_dAD0cg5juEjG,,9,"2025-01-08 03:01:59",@RizkyRiplay,"Terimakasih telah menonton",1,UgzH5hAUz1yqk0Qpu6Z4AaABAg,@lastrilia4673
UgzrcZRjuL75UM32ID14AaABAg,1,1,"2025-01-08 02:57:55",@NurMaya-h2b,gerceppp,0,,
UgzrcZRjuL75UM32ID14AaABAg.AD0cDPXbggcAD0chUv9tdm,,0,"2025-01-08 03:02:10",@RizkyRiplay,"Terimakasih telah menonton",1,UgzrcZRjuL75UM32ID14AaABAg,@NurMaya-h2b
Ugw6BK0zD0KVGz5iRpB4AaABAg,0,0,"2025-01-08 02:57:54",@Kayla-q6l,❤❤❤,0,,
UgytyFJGMD3mw9pqHXB4AaABAg,2,69,"2025-01-08 02:57:52",@kedaimamet9446,"Bukan penonton pertama tapi penonton setia,,,hasekkkk😂😂😂😂😂",0,,
UgytyFJGMD3mw9pqHXB4AaABAg.AD0cD-Id3g0AD0ciCXa0kk,,10,"2025-01-08 03:02:16",@RizkyRiplay,"Terimakasih telah menonton",1,UgytyFJGMD3mw9pqHXB4AaABAg,@kedaimamet9446
UgytyFJGMD3mw9pqHXB4AaABAg.AD0cD-Id3g0AD13n9UFlHg,,0,"2025-01-08 07:07:36",@mr.farkhan563,"Jadi cerita part 2 ini cerita sisi lain atau spin off-nya dari hubungan keluarga dari pasutri yang bunuh diri itu , bukan?",1,UgytyFJGMD3mw9pqHXB4AaABAg,@kedaimamet9446
Ugwd5G7ZNSCaniQlv7V4AaABAg,1,1,"2025-01-08 02:57:46",@Elroy_DM,"Yey Akhirnya upload semangat bang Rizky 🔥",0,,
Ugwd5G7ZNSCaniQlv7V4AaABAg.AD0cCE2vFk-AD0ci_lTtFp,,1,"2025-01-08 03:02:19",@RizkyRiplay,"Terimakasih telah menonton",1,Ugwd5G7ZNSCaniQlv7V4AaABAg,@Elroy_DM
UgwQXSe6QMUUjxnwgpd4AaABAg,1,0,"2025-01-08 02:57:44",@wachidatulchasanah511,"YG DITUNGGU""",0,,
UgwQXSe6QMUUjxnwgpd4AaABAg.AD0cBzflbPoAD0cixOzPc4,,0,"2025-01-08 03:02:22",@RizkyRiplay,"Terimakasih telah menonton",1,UgwQXSe6QMUUjxnwgpd4AaABAg,@wachidatulchasanah511
UgxTx9f2qqB59ZRwu9x4AaABAg,1,0,"2025-01-08 02:57:42",@bintangkejora9912,"Yeyyy gercep juga gw🎉",0,,
UgxTx9f2qqB59ZRwu9x4AaABAg.AD0cBmqnroJAD0cjPNoido,,1,"2025-01-08 03:02:26",@RizkyRiplay,"Terimakasih telah menonton",1,UgxTx9f2qqB59ZRwu9x4AaABAg,@bintangkejora9912
UgyUXPQDozwVl7N4Avt4AaABAg,1,0,"2025-01-08 02:57:40",@Zeyidaa,"Like ke 942,coment ke 291",0,,
UgyUXPQDozwVl7N4Avt4AaABAg.AD0cBU8VOpnAD0cjuLLIfh,,0,"2025-01-08 03:02:30",@RizkyRiplay,"Terimakasih telah menonton",1,UgyUXPQDozwVl7N4Avt4AaABAg,@Zeyidaa
UgzPJ0rRjkVb5x8rc9J4AaABAg,1,0,"2025-01-08 02:57:39",@Titintin13a-zv3ok,"Gercep oii",0,,
UgzPJ0rRjkVb5x8rc9J4AaABAg.AD0cBQzCHarAD0ckKSdag8,,0,"2025-01-08 03:02:33",@RizkyRiplay,"Terimakasih telah menonton",1,UgzPJ0rRjkVb5x8rc9J4AaABAg,@Titintin13a-zv3ok
Ugw8sCEcgDf5Lfjl01N4AaABAg,1,0,"2025-01-08 02:57:30",@AdilahilahMatSenin-zg7le,"mantap bang rizky❤️‍🔥",0,,
Ugw8sCEcgDf5Lfjl01N4AaABAg.AD0cAK5ctXoAD0cpqFlK1L,,1,"2025-01-08 03:03:18",@RizkyRiplay,"Terimakasih telah menonton",1,Ugw8sCEcgDf5Lfjl01N4AaABAg,@AdilahilahMatSenin-zg7le
Ugx_Lm5GRmOgEIjNzBN4AaABAg,1,1,"2025-01-08 02:57:22",@icaaaabcdefg,"ini diaa yang di tunggu tunggu 🔥🔥",0,,
Ugx_Lm5GRmOgEIjNzBN4AaABAg.AD0c9IYEGrEAD0crurQUlu,,0,"2025-01-08 03:03:35",@RizkyRiplay,"Terimakasih telah menonton",1,Ugx_Lm5GRmOgEIjNzBN4AaABAg,@icaaaabcdefg
UgxO_VEwybix2B-Cngh4AaABAg,1,0,"2025-01-08 02:57:12",@oesmanzakchanel3882,"Pinjol itu yg legal maupun legal sama aja",0,,
UgxO_VEwybix2B-Cngh4AaABAg.AD0c89DxR8UAD0csUgAoIT,,0,"2025-01-08 03:03:40",@RizkyRiplay,"Terimakasih telah menonton",1,UgxO_VEwybix2B-Cngh4AaABAg,@oesmanzakchanel3882
Ugz8AnO3ctw4JndzF6d4AaABAg,1,1,"2025-01-08 02:57:11",@selina_offc,"gercepp 😅",0,,
Ugz8AnO3ctw4JndzF6d4AaABAg.AD0c81golnsAD0ct3KqWhW,,0,"2025-01-08 03:03:45",@RizkyRiplay,"Terimakasih telah menonton",1,Ugz8AnO3ctw4JndzF6d4AaABAg,@selina_offc
Ugxi60JczvosisTi7AN4AaABAg,8,729,"2025-01-08 02:57:02",@victoriameu4469,"ternyata Jurnalisnya dibakar 😢 tapi endingnya pengusaha pinjol & judol juga dapat balasannya meninggal terbakar 😢 semoga di jauhkan dari pinjol dan Judol 🙏🏻",0,,
Ugxi60JczvosisTi7AN4AaABAg.AD0c6wO2KnRAD0cu9BBcII,,82,"2025-01-08 03:03:54",@RizkyRiplay,"Semoga ada pembelajaran yang bisa diambil dari cerita di atas ya kak",1,Ugxi60JczvosisTi7AN4AaABAg,@victoriameu4469
Ugxi60JczvosisTi7AN4AaABAg.AD0c6wO2KnRAD0fLU2YBMo,,20,"2025-01-08 03:25:14",@michaelalvianto9932,"biar arwah keluarga jurnalis pun ikut tenang dan menyatu denganku",1,Ugxi60JczvosisTi7AN4AaABAg,@victoriameu4469
Ugxi60JczvosisTi7AN4AaABAg.AD0c6wO2KnRAD0sXqADoLK,,0,"2025-01-08 05:20:31",@HendraHendra-x1l,Amiin,1,Ugxi60JczvosisTi7AN4AaABAg,@victoriameu4469
Ugxi60JczvosisTi7AN4AaABAg.AD0c6wO2KnRAD1-pg_MrNF,,1,"2025-01-08 06:33:00",@ViperBlackBeard,"semi 1:37 1:38 1:38 1:38 1:38 1:38 1:39 1:32",1,Ugxi60JczvosisTi7AN4AaABAg,@victoriameu4469
Ugxi60JczvosisTi7AN4AaABAg.AD0c6wO2KnRAD16gPG1Olt,,2,"2025-01-08 07:32:54",@AryaAlby,"malah di kasih spoiler",1,Ugxi60JczvosisTi7AN4AaABAg,@victoriameu4469
Ugxi60JczvosisTi7AN4AaABAg.AD0c6wO2KnRAD1ojXH588n,,1,"2025-01-08 14:06:33",@amaniTv_Official,"Ya makanya nonton duluan baru baca komentar. Gmna sih ​@AryaAlby",1,Ugxi60JczvosisTi7AN4AaABAg,@victoriameu4469
Ugxi60JczvosisTi7AN4AaABAg.AD0c6wO2KnRAD2kbnBduTv,,0,"2025-01-08 22:49:46",@michaelalvianto9932,"@amaniTv_Official semoga Yura dan keponakannya tetap berada di alam sana",1,Ugxi60JczvosisTi7AN4AaABAg,@victoriameu4469
Ugxi60JczvosisTi7AN4AaABAg.AD0c6wO2KnRADDIFXcAw31,,0,"2025-01-13 01:04:50",@bambangimronrosyadi2861,Aamiin,1,Ugxi60JczvosisTi7AN4AaABAg,@victoriameu4469
UgzYdrQxvCxGmJ1-bud4AaABAg,1,1,"2025-01-08 02:57:02",@maisahsari1830,"Tim gercap kumpul 👇 👇",0,,
UgzYdrQxvCxGmJ1-bud4AaABAg.AD0c6sPc4ZqAD0dSDVxxmi,,0,"2025-01-08 03:08:41",@RizkyRiplay,"Terimakasih telah menonton",1,UgzYdrQxvCxGmJ1-bud4AaABAg,@maisahsari1830
Ugxpqj0sC4nKjm9jz_F4AaABAg,1,0,"2025-01-08 02:56:58",@sandraprilia,"Jelass dong gerecep... Orang ini episode yang di tunggu """,0,,
Ugxpqj0sC4nKjm9jz_F4AaABAg.AD0c6O53aMDAD0dTLjM4GT,,0,"2025-01-08 03:08:50",@RizkyRiplay,"Terimakasih telah menonton",1,Ugxpqj0sC4nKjm9jz_F4AaABAg,@sandraprilia
Ugy1XrCzj-HbnA90gCt4AaABAg,1,1,"2025-01-08 02:56:42",@ekaanurr6309,gercepp☝🏻,0,,
Ugy1XrCzj-HbnA90gCt4AaABAg.AD0c4UtFI8dAD0dgWD1zhQ,,1,"2025-01-08 03:10:46",@RizkyRiplay,"Terimakasih telah menonton",1,Ugy1XrCzj-HbnA90gCt4AaABAg,@ekaanurr6309
UgwHz39jLlOUOxWHQWt4AaABAg,1,1,"2025-01-08 02:56:40",@Cicitaniaaa__01,"Asik udah tayang",0,,
UgwHz39jLlOUOxWHQWt4AaABAg.AD0c49dM-k6AD0dnWNFKpt,,0,"2025-01-08 03:11:44",@RizkyRiplay,"Terimakasih telah menonton",1,UgwHz39jLlOUOxWHQWt4AaABAg,@Cicitaniaaa__01
Ugywtlj88TUraJfEW8Z4AaABAg,1,0,"2025-01-08 02:56:32",@IntanIntan-pi2dy,"Wuihhhh telat 5 menit nih bang rizky😅",0,,
Ugywtlj88TUraJfEW8Z4AaABAg.AD0c3Eoa8y9AD0dorRHswp,,0,"2025-01-08 03:11:55",@RizkyRiplay,"Gapapa kak yang penting nonton",1,Ugywtlj88TUraJfEW8Z4AaABAg,@IntanIntan-pi2dy
UgzJyBxzKyd91KpS4wx4AaABAg,1,0,"2025-01-08 02:56:23",@NyinyiAmellia-zo3up,Keren❤,0,,
UgzJyBxzKyd91KpS4wx4AaABAg.AD0c25SMaf5AD0dpTvedsT,,0,"2025-01-08 03:12:00",@RizkyRiplay,"Terimakasih telah menonton",1,UgzJyBxzKyd91KpS4wx4AaABAg,@NyinyiAmellia-zo3up
UgzZPupZkiROcSXMQv14AaABAg,2,0,"2025-01-08 02:56:20",@M.Arief.S,"Gaskeun lanjutin yang kemarin 🔥",0,,
UgzZPupZkiROcSXMQv14AaABAg.AD0c1igszcWAD0dsibUzdj,,0,"2025-01-08 03:12:26",@RizkyRiplay,"Terimakasih telah menonton",1,UgzZPupZkiROcSXMQv14AaABAg,@M.Arief.S
UgzZPupZkiROcSXMQv14AaABAg.AD0c1igszcWAD0eLU7SNHj,,0,"2025-01-08 03:16:30",@M.Arief.S,"@RizkyRiplay  selalu sya tunggu bang Rizky konten menarik lain nya 👌",1,UgzZPupZkiROcSXMQv14AaABAg,@M.Arief.S
Ugyn4jV0xQwcB4cmVIB4AaABAg,2,0,"2025-01-08 02:56:19",@K4r_XArt,"Di video ku baru up 4mnt",0,,
Ugyn4jV0xQwcB4cmVIB4AaABAg.AD0c1dB-K2WAD0e-m9f3YN,,1,"2025-01-08 03:13:32",@RizkyRiplay,"Terimakasih telah menonton",1,Ugyn4jV0xQwcB4cmVIB4AaABAg,@K4r_XArt
Ugyn4jV0xQwcB4cmVIB4AaABAg.AD0c1dB-K2WAD0fVI1HViY,,0,"2025-01-08 03:26:35",@K4r_XArt,"@RizkyRiplay  ok bang semangat bikin vidio nya, aku suka tonton ini dari 2019",1,Ugyn4jV0xQwcB4cmVIB4AaABAg,@K4r_XArt
UgyP33oAY9Io9mq2kvx4AaABAg,1,1,"2025-01-08 02:56:18",@JuandraJuan-h6z,"Bang bikin drama tentang rumah tangga dong",0,,
UgyP33oAY9Io9mq2kvx4AaABAg.AD0c1WcqIieAD0e0y0KDp-,,0,"2025-01-08 03:13:42",@RizkyRiplay,"Terimakasih atas sarannya",1,UgyP33oAY9Io9mq2kvx4AaABAg,@JuandraJuan-h6z
UgytGIQijEuCtJIF0NR4AaABAg,2,0,"2025-01-08 02:56:17",@AlfinaCahya-g5d,"Gercap dong 🎉",0,,
UgytGIQijEuCtJIF0NR4AaABAg.AD0c1NhGXHwAD0gO0O1LtI,,0,"2025-01-08 03:34:20",@RizkyRiplay,"Terimakasih telah menonton",1,UgytGIQijEuCtJIF0NR4AaABAg,@AlfinaCahya-g5d
UgytGIQijEuCtJIF0NR4AaABAg.AD0c1NhGXHwAD0hcUnQ-Cd,,0,"2025-01-08 03:45:10",@AlfinaCahya-g5d,"@RizkyRiplay  sama ""kak,suka sama konten""kak rizky ,jadi selalu nonton setiap kakak bikin konten hantu 🥳",1,UgytGIQijEuCtJIF0NR4AaABAg,@AlfinaCahya-g5d
Ugxf6OPD8rUwILFBPtZ4AaABAg,1,0,"2025-01-08 02:56:14",@SaniArja-sf6il,"akhirnya udah update",0,,
Ugxf6OPD8rUwILFBPtZ4AaABAg.AD0c0yshFDAAD0hdeYjX9v,,0,"2025-01-08 03:45:20",@RizkyRiplay,"Yang ditunggu tunggu ya",1,Ugxf6OPD8rUwILFBPtZ4AaABAg,@SaniArja-sf6il
Ugzfbm5TeCkeiXuaPE14AaABAg,1,0,"2025-01-08 02:55:46",@GhaisanZayyana-o1k,"gercep ke 1",0,,
Ugzfbm5TeCkeiXuaPE14AaABAg.AD0byZPlqkmAD0heBPUFAi,,0,"2025-01-08 03:45:24",@RizkyRiplay,"Terimakasih telah menonton",1,Ugzfbm5TeCkeiXuaPE14AaABAg,@GhaisanZayyana-o1k
Ugzjf5ONCHlbiSRLfod4AaABAg,1,6,"2025-01-08 02:55:42",@zaelanianggara3701,"Akhirnya tayang mantap bang Rizky semangat 💪🏻 terus",0,,
Ugzjf5ONCHlbiSRLfod4AaABAg.AD0by5Vfd0ZAD0hhLm50_6,,3,"2025-01-08 03:45:50",@RizkyRiplay,"Terimakasih telah menonton",1,Ugzjf5ONCHlbiSRLfod4AaABAg,@zaelanianggara3701
UgzUdG0MkIi7nPocwwt4AaABAg,1,0,"2025-01-08 02:55:40",@陈俊飞-k3f,"gerseppp bgttt",0,,
UgzUdG0MkIi7nPocwwt4AaABAg.AD0bxsYeXktAD0hhgj-A9o,,0,"2025-01-08 03:45:53",@RizkyRiplay,"Terimakasih telah menonton",1,UgzUdG0MkIi7nPocwwt4AaABAg,@陈俊飞-k3f
UgznT0sz2bfNcm0JIk94AaABAg,1,0,"2025-01-08 02:55:26",@NahrulGunawan-1996,"Akhirnya yang ditunggu²",0,,
UgznT0sz2bfNcm0JIk94AaABAg.AD0bwDaJ2OYAD0hjCJzUaD,,0,"2025-01-08 03:46:06",@RizkyRiplay,"Akhirnya tayang juga yaa",1,UgznT0sz2bfNcm0JIk94AaABAg,@NahrulGunawan-1996
Ugw3LWOfnbQu44CKpER4AaABAg,1,0,"2025-01-08 02:55:24",@qiqila15,"gercep gk niih",0,,
Ugw3LWOfnbQu44CKpER4AaABAg.AD0bvzcVJUmAD0hjgiL6rx,,1,"2025-01-08 03:46:09",@RizkyRiplay,"Terimakasih telah menonton",1,Ugw3LWOfnbQu44CKpER4AaABAg,@qiqila15
UgxHrUTj6AMtzUkEnfl4AaABAg,3,85,"2025-01-08 02:55:12",@MusliYanti-ct5or,"sebutuh butuhnya uang jangan sampe pinjem ke aplikasi apalagi ke reinternir, masalah yg tidak terlalu besar bisa malah besar banget, udh banyak banget korbannya. jangan tergiur guysss",0,,
UgxHrUTj6AMtzUkEnfl4AaABAg.AD0buPr4IkvAD0hkNElJhA,,6,"2025-01-08 03:46:15",@RizkyRiplay,"Semoga ada pembelajaran yang bisa diambil dari cerita di atas ya kak",1,UgxHrUTj6AMtzUkEnfl4AaABAg,@MusliYanti-ct5or
UgxHrUTj6AMtzUkEnfl4AaABAg.AD0buPr4IkvAD0kpSBlMT-,,0,"2025-01-08 04:13:09",@rahmaofficialchannel1391,"Betul itu",1,UgxHrUTj6AMtzUkEnfl4AaABAg,@MusliYanti-ct5or
UgxHrUTj6AMtzUkEnfl4AaABAg.AD0buPr4IkvADMnzAESJGp,,0,"2025-01-16 17:43:59",@nurulfadilah2913,"Kadang minjem ke org terdekat ga dikasih kak, aku mending pinnjam ke pinjol trus bulan depan gajian bayar, tenor yg 1 bulan aja, itu juga kalo lg butuh bgt.",1,UgxHrUTj6AMtzUkEnfl4AaABAg,@MusliYanti-ct5or
Ugxx4cL6Tcf0ddtj7iF4AaABAg,1,1,"2025-01-08 02:55:07",@Uswah1708,"Yeeee.... Akhirnya",0,,
Ugxx4cL6Tcf0ddtj7iF4AaABAg.AD0btpbmVciAD0hlqOga80,,1,"2025-01-08 03:46:27",@RizkyRiplay,"Yang ditunggu tunggu up juga ya",1,Ugxx4cL6Tcf0ddtj7iF4AaABAg,@Uswah1708
Ugywd5KHbgYTw1i4JT14AaABAg,1,0,"2025-01-08 02:54:55",@AliYan-r7c,"Supaya rakyat yang pingin kaya tanpa kerja bisa sadar",0,,
Ugywd5KHbgYTw1i4JT14AaABAg.AD0bsKuEkR7AD0hwgq4jks,,0,"2025-01-08 03:47:56",@RizkyRiplay,"Yupp bener banget sob",1,Ugywd5KHbgYTw1i4JT14AaABAg,@AliYan-r7c
UgwDx_ugntYM0SI8fQd4AaABAg,1,1,"2025-01-08 02:54:49",@santikristiyani2866,"Sambil nunggu jualan , sambil nntn ini.",0,,
UgwDx_ugntYM0SI8fQd4AaABAg.AD0bre4Cr4eAD0ygDtHEZ9,,0,"2025-01-08 06:14:14",@RizkyRiplay,"Terimakasih telah menonton",1,UgwDx_ugntYM0SI8fQd4AaABAg,@santikristiyani2866
Ugz0GxtMG6lJzk_R2oJ4AaABAg,1,0,"2025-01-08 02:54:49",@nanaal-ishlahkhiya,"100 orng gercep👇🏻",0,,
Ugz0GxtMG6lJzk_R2oJ4AaABAg.AD0brbf6NC1AD0yge9Tou6,,0,"2025-01-08 06:14:17",@RizkyRiplay,"Terimakasih telah menonton",1,Ugz0GxtMG6lJzk_R2oJ4AaABAg,@nanaal-ishlahkhiya
Ugy0wZZzKjWdnQq_hG14AaABAg,2,1,"2025-01-08 02:54:48",@ris_offline_cihuy,"Gercep gak nihhhh😢",0,,
Ugy0wZZzKjWdnQq_hG14AaABAg.AD0brY5WF6oAD0yh1hqnGa,,1,"2025-01-08 06:14:21",@RizkyRiplay,"Terimakasih telah menonton",1,Ugy0wZZzKjWdnQq_hG14AaABAg,@ris_offline_cihuy
Ugy0wZZzKjWdnQq_hG14AaABAg.AD0brY5WF6oAE5y2LOL9iD,,0,"2025-02-04 01:16:15",@ris_offline_cihuy,"@RizkyRiplay  iya kak",1,Ugy0wZZzKjWdnQq_hG14AaABAg,@ris_offline_cihuy
UgyLdNZ1-_rCy0nco9h4AaABAg,1,1,"2025-01-08 02:54:48",@abrisamofficial6720,"Semangat mas",0,,
UgyLdNZ1-_rCy0nco9h4AaABAg.AD0brWmOE4pAD3NO3s9hhA,,0,"2025-01-09 04:37:17",@RizkyRiplay,"Terimakasih atas supportnya sob",1,UgyLdNZ1-_rCy0nco9h4AaABAg,@abrisamofficial6720
Ugz_sr_e57xsCh3NZot4AaABAg,1,96,"2025-01-08 02:54:46",@adesserli6817,"Selain owner judinya, si penjudinya juga agak laen. Memang pada dasarnya yang instan itu kurang baik. Pelajaran yang bisa diambil adalah jangan pernah sekali-kali mencoba judi atau akan terjebak di lingkaran setan.",0,,
Ugz_sr_e57xsCh3NZot4AaABAg.AD0brEyp4HrAD3NejbgJzn,,4,"2025-01-09 04:39:42",@RizkyRiplay,"Semoga ada pembelajaran yang bisa diambil dari cerita di atas ya sob",1,Ugz_sr_e57xsCh3NZot4AaABAg,@adesserli6817
Ugyt-0cdv5hJPP2XBwF4AaABAg,1,0,"2025-01-08 02:54:42",@noi_zizah319,Gercep,0,,
Ugyt-0cdv5hJPP2XBwF4AaABAg.AD0bqrRYkTGAD3NfQ16bR0,,0,"2025-01-09 04:39:48",@RizkyRiplay,"Terimakasih telah menonton",1,Ugyt-0cdv5hJPP2XBwF4AaABAg,@noi_zizah319
UgxqeeQ_Up3x3q3r_kt4AaABAg,1,0,"2025-01-08 02:54:42",@murtilestari2391,"Alhamdulillah bisa absen pas masih 200.an 🎉",0,,
UgxqeeQ_Up3x3q3r_kt4AaABAg.AD0bqlDK5aOAD3NfmfEb27,,0,"2025-01-09 04:39:51",@RizkyRiplay,"Terimakasih telah menonton",1,UgxqeeQ_Up3x3q3r_kt4AaABAg,@murtilestari2391
Ugzjd8yNcQmR5JD2gDB4AaABAg,2,2,"2025-01-08 02:54:40",@sida.artyom,"Jangan-jangan itu adalah Arwah reporter itu",0,,
Ugzjd8yNcQmR5JD2gDB4AaABAg.AD0bqbS-DrEAD0d5LliIcN,,0,"2025-01-08 03:05:34",@justinjuansetiawan8873,benar,1,Ugzjd8yNcQmR5JD2gDB4AaABAg,@sida.artyom
Ugzjd8yNcQmR5JD2gDB4AaABAg.AD0bqbS-DrEAD3NgvEemZS,,0,"2025-01-09 04:40:00",@RizkyRiplay,"Yupp bener banget sob",1,Ugzjd8yNcQmR5JD2gDB4AaABAg,@sida.artyom
UgxmUJEAu-z5lVQbEKV4AaABAg,1,0,"2025-01-08 02:54:30",@auliazaafarani1655,"Sukses terus🎉",0,,
UgxmUJEAu-z5lVQbEKV4AaABAg.AD0bpLEiMJtAD3NjL7x1on,,1,"2025-01-09 04:40:20",@RizkyRiplay,"Terimakasih atas supportnya sob",1,UgxmUJEAu-z5lVQbEKV4AaABAg,@auliazaafarani1655
UgxyCaDf7tR7RzR0BXl4AaABAg,1,0,"2025-01-08 02:54:25",@AliYan-r7c,"Rill di dunia nyata 😂",0,,
UgxyCaDf7tR7RzR0BXl4AaABAg.AD0bomHt87-AD3Njlp0iAf,,0,"2025-01-09 04:40:23",@RizkyRiplay,"Terimakasih telah menonton",1,UgxyCaDf7tR7RzR0BXl4AaABAg,@AliYan-r7c
Ugwfl64hn-eLEF37U894AaABAg,33,636,"2025-01-08 02:54:25",@RizkyRiplay,"Yang belum nonton part 1 cek disini ya! https://youtu.be/MzHuFwXUgBY ",0,,
Ugwfl64hn-eLEF37U894AaABAg.AD0boi6gVqAAD0cyWwv7ib,,29,"2025-01-08 03:04:30",@safidinsyahikhsan8196,"Semangat bang rizky riplay😆😆🤩🤩😆😆 di tungguh ya episode berikutnya😆😆😆😆",1,Ugwfl64hn-eLEF37U894AaABAg,@RizkyRiplay
Ugwfl64hn-eLEF37U894AaABAg.AD0boi6gVqAAD0d7HPzSxq,,21,"2025-01-08 03:05:49",@WindhaMutiara-dl8dv,"Wahh aku selalu nntn ,dan suka ngelike",1,Ugwfl64hn-eLEF37U894AaABAg,@RizkyRiplay
Ugwfl64hn-eLEF37U894AaABAg.AD0boi6gVqAAD0dAbq_FUd,,8,"2025-01-08 03:06:17",@safidinsyahikhsan8196,"Aku bolehnya ga ya recomendasi untuk animasi berikutnya kalau Kak rizky replay tidak keberatan???? Dan berharap di buatkan animasinya😄😄 nantinya",1,Ugwfl64hn-eLEF37U894AaABAg,@RizkyRiplay
Ugwfl64hn-eLEF37U894AaABAg.AD0boi6gVqAAD0hW0q70n3,,5,"2025-01-08 03:44:09",@ReddyanaRose-tn7yv,"@RizkyRiplay ohh yura jadi junalist hutang pinjol mantap nih bisa ngukapan kerja nya pak Karna 🥴🥴",1,Ugwfl64hn-eLEF37U894AaABAg,@RizkyRiplay
Ugwfl64hn-eLEF37U894AaABAg.AD0boi6gVqAAD0iIfm6aP3,,3,"2025-01-08 03:51:04",@ut33jyo,"aku udh nonton yg part 1",1,Ugwfl64hn-eLEF37U894AaABAg,@RizkyRiplay
Ugwfl64hn-eLEF37U894AaABAg.AD0boi6gVqAAD0itI1RmnQ,,3,"2025-01-08 03:56:12",@ReddyanaRose-tn7yv,"@sambuff_privat12  iya sama juga saya juga udah nonton part 1 nya sama part 2 lagi 👍",1,Ugwfl64hn-eLEF37U894AaABAg,@RizkyRiplay
Ugwfl64hn-eLEF37U894AaABAg.AD0boi6gVqAAD0jguiMAHk,,2,"2025-01-08 04:03:15",@Udinnial,"bang boleh gk bagi pengalaman aku di buat cerita dsini.. Biar jadi motifasi buat penonton.. Aku mantan 114 bang",1,Ugwfl64hn-eLEF37U894AaABAg,@RizkyRiplay
Ugwfl64hn-eLEF37U894AaABAg.AD0boi6gVqAAD0kfVy1M-E,,1,"2025-01-08 04:11:48",@ownertravelmhu,"Mantap bg",1,Ugwfl64hn-eLEF37U894AaABAg,@RizkyRiplay
Ugwfl64hn-eLEF37U894AaABAg.AD0boi6gVqAAD0mSK_DLbL,,1,"2025-01-08 04:27:21",@miawwwwwwwwwwwwwwwwwwwwwwwwwww,Ok,1,Ugwfl64hn-eLEF37U894AaABAg,@RizkyRiplay
Ugwfl64hn-eLEF37U894AaABAg.AD0boi6gVqAAD0m_HxF5l1,,1,"2025-01-08 04:28:26",@EvanAkmar-ik9tj,Mantap,1,Ugwfl64hn-eLEF37U894AaABAg,@RizkyRiplay
Ugwfl64hn-eLEF37U894AaABAg.AD0boi6gVqAAD0nokiORVl,,1,"2025-01-08 04:39:17",@lukinia433,"Penonton setia meskipun. Telat 1 jam 😂😂😂❤❤❤❤",1,Ugwfl64hn-eLEF37U894AaABAg,@RizkyRiplay
Ugwfl64hn-eLEF37U894AaABAg.AD0boi6gVqAAD0pJWOY5Mz,,1,"2025-01-08 04:52:21",@jufrimuhamamm16,"makasih,udah upload, video lgi semangat,trussss kontennnya 👋. absen Lampung Barat, Hadir",1,Ugwfl64hn-eLEF37U894AaABAg,@RizkyRiplay
Ugwfl64hn-eLEF37U894AaABAg.AD0boi6gVqAAD0psqJUwHJ,,1,"2025-01-08 04:57:19",@editor_kori-l9n,"Sekarang jam 2:52",1,Ugwfl64hn-eLEF37U894AaABAg,@RizkyRiplay
Ugwfl64hn-eLEF37U894AaABAg.AD0boi6gVqAAD0q1bLrwk2,,1,"2025-01-08 04:58:39",@HBibi-w2k,"Kalbar ,hadir,,",1,Ugwfl64hn-eLEF37U894AaABAg,@RizkyRiplay
Ugwfl64hn-eLEF37U894AaABAg.AD0boi6gVqAAD0tY4mY-9y,,1,"2025-01-08 05:29:18",@fauzan0831,Rercepp,1,Ugwfl64hn-eLEF37U894AaABAg,@RizkyRiplay
Ugwfl64hn-eLEF37U894AaABAg.AD0boi6gVqAAD0uQSa4UCV,,0,"2025-01-08 05:36:59",@ownertravelmhu,"@RizkyRiplay sudah di part 1",1,Ugwfl64hn-eLEF37U894AaABAg,@RizkyRiplay
Ugwfl64hn-eLEF37U894AaABAg.AD0boi6gVqAAD0w9P-ynqf,,0,"2025-01-08 05:52:08",@ArtikaSari-w3p,"KK aku dah nonton yg prat 1 kemarin",1,Ugwfl64hn-eLEF37U894AaABAg,@RizkyRiplay
Ugwfl64hn-eLEF37U894AaABAg.AD0boi6gVqAAD0wnNQmFFW,,0,"2025-01-08 05:57:45",@Puspita78-s8j,"Semangat kaka,karya mu selalu di tunggu penggemar❤❤",1,Ugwfl64hn-eLEF37U894AaABAg,@RizkyRiplay
Ugwfl64hn-eLEF37U894AaABAg.AD0boi6gVqAAD0zh9qTYGT,,0,"2025-01-08 06:23:06",@dilan9498,"Lanjut part 3 riply Rizki,makin seru cerita nya mu rizky",1,Ugwfl64hn-eLEF37U894AaABAg,@RizkyRiplay
Ugwfl64hn-eLEF37U894AaABAg.AD0boi6gVqAAD1FDsJcK85,,0,"2025-01-08 08:47:31",@noHandle320,Udah,1,Ugwfl64hn-eLEF37U894AaABAg,@RizkyRiplay
Ugwfl64hn-eLEF37U894AaABAg.AD0boi6gVqAAD1RkzixKFT,,0,"2025-01-08 10:37:02",@kai-z-t1s,"Pacar baru kapan lagii minn",1,Ugwfl64hn-eLEF37U894AaABAg,@RizkyRiplay
Ugwfl64hn-eLEF37U894AaABAg.AD0boi6gVqAAD1RmtdQIcL,,0,"2025-01-08 10:37:17",@kai-z-t1s,"Part 2 pacar baruu",1,Ugwfl64hn-eLEF37U894AaABAg,@RizkyRiplay
Ugwfl64hn-eLEF37U894AaABAg.AD0boi6gVqAAD1S7zz82C8,,0,"2025-01-08 10:40:18",@hendrijaya6367,"mantap part 2 hadir",1,Ugwfl64hn-eLEF37U894AaABAg,@RizkyRiplay
Ugwfl64hn-eLEF37U894AaABAg.AD0boi6gVqAAD1bXiCuUOh,,1,"2025-01-08 12:11:12",@AYORIYAGAMI,"SEMANG BANG RIZKY RIPLAY❤🔥🔥🔥",1,Ugwfl64hn-eLEF37U894AaABAg,@RizkyRiplay
Ugwfl64hn-eLEF37U894AaABAg.AD0boi6gVqAAD1pnUzTr6m,,0,"2025-01-08 14:15:49",@yeremiadwiputrajoy4961,"JANGAN BERMAIN APAPUN YANG MENCURIGAKAN SEPERTI PINJOL JUDOL PENCURIAN DAN LAIN SEBAGAINYA. Itu tindakan Kriminalitas dan saya tidak suka ini",1,Ugwfl64hn-eLEF37U894AaABAg,@RizkyRiplay
Ugwfl64hn-eLEF37U894AaABAg.AD0boi6gVqAAD2CF2u6sx0,,0,"2025-01-08 17:40:42",@AntonNugrohogergorius,❤,1,Ugwfl64hn-eLEF37U894AaABAg,@RizkyRiplay
Ugwfl64hn-eLEF37U894AaABAg.AD0boi6gVqAAD3hQAYEhZf,,0,"2025-01-09 07:41:05",@riyanfauzhichannel2048,"🎉 kabupaten Jember hadir lagi bang Rizky smoga sukses terus Aminn 🤲💪❤",1,Ugwfl64hn-eLEF37U894AaABAg,@RizkyRiplay
Ugwfl64hn-eLEF37U894AaABAg.AD0boi6gVqAAD3nKf5xL6h,,0,"2025-01-09 08:32:45",@ginamasyrik7839,"Aku udh nonton part 1",1,Ugwfl64hn-eLEF37U894AaABAg,@RizkyRiplay
Ugwfl64hn-eLEF37U894AaABAg.AD0boi6gVqAAD68POSyMu0,,0,"2025-01-10 06:24:07",@laww_1-j8l,"Aku udah nonton part 1 nya bang",1,Ugwfl64hn-eLEF37U894AaABAg,@RizkyRiplay
Ugwfl64hn-eLEF37U894AaABAg.AD0boi6gVqAAD8PSWKxGrZ,,0,"2025-01-11 03:31:35",@heldi-g5q,Kren😎,1,Ugwfl64hn-eLEF37U894AaABAg,@RizkyRiplay
Ugwfl64hn-eLEF37U894AaABAg.AD0boi6gVqAAFXY-98Yjn2,,0,"2025-03-11 14:50:01",@AqsoArvi,5tt,1,Ugwfl64hn-eLEF37U894AaABAg,@RizkyRiplay
Ugwfl64hn-eLEF37U894AaABAg.AD0boi6gVqAAGOZJsoL6oG,,2,"2025-04-01 23:39:48",@RudiMv-w2n,"mira cantik😊",1,Ugwfl64hn-eLEF37U894AaABAg,@RizkyRiplay
Ugwfl64hn-eLEF37U894AaABAg.AD0boi6gVqAAVFeeK-EtsA,,0,"2026-04-06 08:32:55",@chelisya-channel,2:08,1,Ugwfl64hn-eLEF37U894AaABAg,@RizkyRiplay
UgygaJTQzw2owXjzKrd4AaABAg,1,0,"2025-01-08 02:54:18",@CiciUtari-g2q,"3 menit",0,,
UgygaJTQzw2owXjzKrd4AaABAg.AD0bntiSLPqAD3Nk_NP2-g,,0,"2025-01-09 04:40:30",@RizkyRiplay,"Terimakasih telah menonton",1,UgygaJTQzw2owXjzKrd4AaABAg,@CiciUtari-g2q
UgxCyHBm9OrKtSsq4B14AaABAg,1,0,"2025-01-08 02:54:15",@Windra-k5f,"Untung ga pernah main pinjol dan judol",0,,
UgxCyHBm9OrKtSsq4B14AaABAg.AD0bnVCy2xuAD3NlAvrmcE,,1,"2025-01-09 04:40:35",@RizkyRiplay,"Semoga ada pembelajaran yang bisa diambil dari cerita di atas ya sob",1,UgxCyHBm9OrKtSsq4B14AaABAg,@Windra-k5f
Ugy7bf4qtfszaDoPLLd4AaABAg,1,8,"2025-01-08 02:54:13",@andrinata4493,"Selalu setia dengan Rizky riplay sukses selalu dan selalu sukses buat Chanel Rizky riplay",0,,
Ugy7bf4qtfszaDoPLLd4AaABAg.AD0bnGW5RvuAD3NmCSvJxZ,,1,"2025-01-09 04:40:43",@RizkyRiplay,"Terimakasih atas supportnya sob",1,Ugy7bf4qtfszaDoPLLd4AaABAg,@andrinata4493
UgxS3HXY87UA-LPd3094AaABAg,1,0,"2025-01-08 02:54:10",@ismailmarzuki9115,"Hadir kembali bang rizky 🙏",0,,
UgxS3HXY87UA-LPd3094AaABAg.AD0bmuQ11n5AD3Nmehdh0V,,0,"2025-01-09 04:40:47",@RizkyRiplay,"Terimakasih telah menonton",1,UgxS3HXY87UA-LPd3094AaABAg,@ismailmarzuki9115
UgzDYrMhFRVEPFgqy-14AaABAg,1,0,"2025-01-08 02:54:09",@afbimantara5669,"Absen tercepat",0,,
UgzDYrMhFRVEPFgqy-14AaABAg.AD0bmnIl9zgAD3Nmz8hJLD,,0,"2025-01-09 04:40:50",@RizkyRiplay,"Terimakasih telah menonton",1,UgzDYrMhFRVEPFgqy-14AaABAg,@afbimantara5669
UgxP_gnaoCRTLoC9Ckd4AaABAg,3,96,"2025-01-08 02:54:03",@MuhammadRizal-xb5kn,"Yang di tunggu""",0,,
UgxP_gnaoCRTLoC9Ckd4AaABAg.AD0bm5jgWdSAD13jjhwMIE,,0,"2025-01-08 07:07:09",@mr.farkhan563,"Jadi cerita part 2 ini cerita sisi lain atau spin off-nya dari hubungan keluarga dari pasutri yang bunuh diri itu , bukan?",1,UgxP_gnaoCRTLoC9Ckd4AaABAg,@MuhammadRizal-xb5kn
UgxP_gnaoCRTLoC9Ckd4AaABAg.AD0bm5jgWdSAD14ZO8Ai1y,,0,"2025-01-08 07:14:20",@MuhammadRizal-xb5kn,"@mr.farkhan563  kek nya bukan deh",1,UgxP_gnaoCRTLoC9Ckd4AaABAg,@MuhammadRizal-xb5kn
UgxP_gnaoCRTLoC9Ckd4AaABAg.AD0bm5jgWdSAD3Nq77Wdz7,,1,"2025-01-09 04:41:15",@RizkyRiplay,"Terimakasih telah menonton",1,UgxP_gnaoCRTLoC9Ckd4AaABAg,@MuhammadRizal-xb5kn
UgwKcfRTqtOjWgjiYF14AaABAg,1,0,"2025-01-08 02:53:59",@AniksetioriniRini,Hadirrr,0,,
UgwKcfRTqtOjWgjiYF14AaABAg.AD0blZxtH5qAD3NqgTVC2I,,0,"2025-01-09 04:41:20",@RizkyRiplay,"Terimakasih telah menonton",1,UgwKcfRTqtOjWgjiYF14AaABAg,@AniksetioriniRini
Ugzhh05diSKaerllidN4AaABAg,1,0,"2025-01-08 02:53:58",@rinamotovlog,"Tim gercep ☝️☝️☝️",0,,
Ugzhh05diSKaerllidN4AaABAg.AD0blRcW05YAD3Nr9ms979,,1,"2025-01-09 04:41:24",@RizkyRiplay,"Terimakasih telah menonton",1,Ugzhh05diSKaerllidN4AaABAg,@rinamotovlog
Ugz9ex5VQbdDX4tW8pV4AaABAg,1,0,"2025-01-08 02:53:51",@AlpinRohman,"Telat 2 menit😢",0,,
Ugz9ex5VQbdDX4tW8pV4AaABAg.AD0bkcpjctFAD3NuwxSc71,,0,"2025-01-09 04:41:55",@RizkyRiplay,"Gapapa sob yang penting nonton",1,Ugz9ex5VQbdDX4tW8pV4AaABAg,@AlpinRohman
UgzcJLhudkwsi0Vrfth4AaABAg,1,1,"2025-01-08 02:53:50",@Pikbaee,"Masih 100 like nya 🎉🎉🎉",0,,
UgzcJLhudkwsi0Vrfth4AaABAg.AD0bkTzbvk4AD3NvU_Vif6,,0,"2025-01-09 04:42:00",@RizkyRiplay,"Terimakasih telah menonton",1,UgzcJLhudkwsi0Vrfth4AaABAg,@Pikbaee
UgwvDE71w4cwxUv99tZ4AaABAg,1,0,"2025-01-08 02:53:50",@ZaskiaAuliaAriyanti,Gercep,0,,
UgwvDE71w4cwxUv99tZ4AaABAg.AD0bkQZL-0TAD3NvmI6ACs,,0,"2025-01-09 04:42:02",@RizkyRiplay,"Terimakasih telah menonton",1,UgwvDE71w4cwxUv99tZ4AaABAg,@ZaskiaAuliaAriyanti
UgwZ_17xS6xHOsJwWgN4AaABAg,1,0,"2025-01-08 02:53:37",@AyuComel-b3j,"Palembang hadir",0,,
UgwZ_17xS6xHOsJwWgN4AaABAg.AD0bitceCSOAD3NwFHaTtR,,0,"2025-01-09 04:42:06",@RizkyRiplay,"Terimakasih telah menonton",1,UgwZ_17xS6xHOsJwWgN4AaABAg,@AyuComel-b3j
UgzXNd4mN60_GjeT-XV4AaABAg,1,0,"2025-01-08 02:53:27",@AmanFirmansya,"Judol membawa Petaka",0,,
UgzXNd4mN60_GjeT-XV4AaABAg.AD0bhaxy36-AD3NxFAUiie,,0,"2025-01-09 04:42:14",@RizkyRiplay,"Semoga ada pembelajaran yang bisa diambil dari cerita di atas ya sob",1,UgzXNd4mN60_GjeT-XV4AaABAg,@AmanFirmansya
Ugwn_YgQxoZBQYxmmxh4AaABAg,1,0,"2025-01-08 02:53:26",@danisdanis9413,"Wah baru satu menit udah mendapatkan like beratus,, sukses sll buat mas Rizky play",0,,
Ugwn_YgQxoZBQYxmmxh4AaABAg.AD0bhZfnFR8AD3Nxt2gX4t,,0,"2025-01-09 04:42:19",@RizkyRiplay,"Terimakasih telah menonton",1,Ugwn_YgQxoZBQYxmmxh4AaABAg,@danisdanis9413
UgzmVLXlURaaphM7qWZ4AaABAg,0,0,"2025-01-08 02:53:18",@yulianariaafriani2126,🎉,0,,
Ugy9i9H7xZpDbDgmRgF4AaABAg,1,0,"2025-01-08 02:53:17",@seri_sr,"Tim gercep😅",0,,
Ugy9i9H7xZpDbDgmRgF4AaABAg.AD0bgNP1rKxAD3O-5cv02L,,0,"2025-01-09 04:42:37",@RizkyRiplay,"Terimakasih telah menonton",1,Ugy9i9H7xZpDbDgmRgF4AaABAg,@seri_sr
UgxsFyBAK3umn6cvxVZ4AaABAg,1,0,"2025-01-08 02:53:14",@NanikHidayah-e9f,"gercep bngtt❤",0,,
UgxsFyBAK3umn6cvxVZ4AaABAg.AD0bg7EYsCZAD3O-Ukxpu7,,1,"2025-01-09 04:42:40",@RizkyRiplay,"Terimakasih telah menonton",1,UgxsFyBAK3umn6cvxVZ4AaABAg,@NanikHidayah-e9f
UgxmC9ulELRY150hQO94AaABAg,1,0,"2025-01-08 02:53:11",@SiskaRiani-cw3ry,"😢garcep langsung",0,,
UgxmC9ulELRY150hQO94AaABAg.AD0bfhnHxpXAD3O0J65Aap,,0,"2025-01-09 04:42:47",@RizkyRiplay,"Terimakasih telah menonton",1,UgxmC9ulELRY150hQO94AaABAg,@SiskaRiani-cw3ry
UgxsfLughZYbDzqLArh4AaABAg,1,0,"2025-01-08 02:53:11",@SuleSiswanto1234,"Garcep baru 9.52😊",0,,
UgxsfLughZYbDzqLArh4AaABAg.AD0bfd08jnpAD3O0h98xNF,,0,"2025-01-09 04:42:50",@RizkyRiplay,"Terimakasih telah menonton",1,UgxsfLughZYbDzqLArh4AaABAg,@SuleSiswanto1234
Ugzf8pOhVoFW1E4FdP54AaABAg,1,0,"2025-01-08 02:53:07",@beningazzahraardi23,"1 menit yang lalu ga tuh",0,,
Ugzf8pOhVoFW1E4FdP54AaABAg.AD0bfDBiUwBAD3O24UMmFa,,0,"2025-01-09 04:43:02",@RizkyRiplay,"Terimakasih telah menonton",1,Ugzf8pOhVoFW1E4FdP54AaABAg,@beningazzahraardi23
Ugxl_PGx8iKipTwTFfF4AaABAg,1,0,"2025-01-08 02:53:04",@syarohmay1553,"Aku tunggu video video nya bang rizky",0,,
Ugxl_PGx8iKipTwTFfF4AaABAg.AD0betQj9WBAD3O3xcMC-p,,0,"2025-01-09 04:43:17",@RizkyRiplay,"Terimakasih telah menonton",1,Ugxl_PGx8iKipTwTFfF4AaABAg,@syarohmay1553
UgzR2YBL_mDMQXZsmzt4AaABAg,1,1,"2025-01-08 02:53:04",@rinawahyuningdyah7473,"Gercep dong😍",0,,
UgzR2YBL_mDMQXZsmzt4AaABAg.AD0berV8JYXAD3O4O72zcY,,0,"2025-01-09 04:43:20",@RizkyRiplay,"Terimakasih telah menonton",1,UgzR2YBL_mDMQXZsmzt4AaABAg,@rinawahyuningdyah7473
UgypjfkQyRqcBrp9B1B4AaABAg,1,1,"2025-01-08 02:53:00",@Hassss_itaaa,"Gercep bang",0,,
UgypjfkQyRqcBrp9B1B4AaABAg.AD0beJJuvv5AD3O5MoHWjD,,0,"2025-01-09 04:43:28",@RizkyRiplay,"Terimakasih telah menonton",1,UgypjfkQyRqcBrp9B1B4AaABAg,@Hassss_itaaa
UgyMoJvOHlBp0LVr8KR4AaABAg,1,0,"2025-01-08 02:52:55",@mulyosb1603,"Jossss pol ❤",0,,
UgyMoJvOHlBp0LVr8KR4AaABAg.AD0bdkUIS4IAD3O5stZTqW,,0,"2025-01-09 04:43:33",@RizkyRiplay,"Terimakasih telah menonton",1,UgyMoJvOHlBp0LVr8KR4AaABAg,@mulyosb1603
Ugw6fC3B2UP9hOcR6QN4AaABAg,1,0,"2025-01-08 02:52:55",@dinamarina1400,Lanjuuttt,0,,
Ugw6fC3B2UP9hOcR6QN4AaABAg.AD0bdjqE2HzAD3O6nWZaw-,,0,"2025-01-09 04:43:40",@RizkyRiplay,"Ini sudah final ya sob",1,Ugw6fC3B2UP9hOcR6QN4AaABAg,@dinamarina1400
UgzTWOQaVZPtEWS8Rld4AaABAg,1,0,"2025-01-08 02:52:52",@BubbleTeaaHott,"siapa yang nonton sambil makann",0,,
UgzTWOQaVZPtEWS8Rld4AaABAg.AD0bdMgThETAD3O8HafDDT,,0,"2025-01-09 04:43:52",@RizkyRiplay,"Terimakasih telah menonton",1,UgzTWOQaVZPtEWS8Rld4AaABAg,@BubbleTeaaHott
Ugwvr2ulFm-d3ZVTX8F4AaABAg,1,0,"2025-01-08 02:52:51",@rizkiihdaniarnurisma9709,"Wih launching",0,,
Ugwvr2ulFm-d3ZVTX8F4AaABAg.AD0bdBhooFzAD3OAe3dlL7,,0,"2025-01-09 04:44:12",@RizkyRiplay,"Terimakasih telah menonton",1,Ugwvr2ulFm-d3ZVTX8F4AaABAg,@rizkiihdaniarnurisma9709
UgzAhB9UN_kWMwH6_c94AaABAg,2,12,"2025-01-08 02:52:50",@zakyahmad8404,"Ini dia yg di tunggu2.. mantap langsung nonton dong 👍👍👍👍👍",0,,
UgzAhB9UN_kWMwH6_c94AaABAg.AD0bdAMLhzZAD3OB1Excx1,,2,"2025-01-09 04:44:16",@RizkyRiplay,"Terimakasih telah menonton",1,UgzAhB9UN_kWMwH6_c94AaABAg,@zakyahmad8404
UgzAhB9UN_kWMwH6_c94AaABAg.AD0bdAMLhzZAD3VhGxBaOV,,0,"2025-01-09 05:49:57",@zakyahmad8404,"@RizkyRiplay  Oke",1,UgzAhB9UN_kWMwH6_c94AaABAg,@zakyahmad8404
Ugw738g5f4A6nhxWWUV4AaABAg,1,0,"2025-01-08 02:52:50",@DheraAtayasusanto,"Tim gercep👇👇👇",0,,
Ugw738g5f4A6nhxWWUV4AaABAg.AD0bd9c7oBOAD3OBNPyXqg,,0,"2025-01-09 04:44:18",@RizkyRiplay,"Terimakasih telah menonton",1,Ugw738g5f4A6nhxWWUV4AaABAg,@DheraAtayasusanto
UgyHLEPanAMqF1W6GnZ4AaABAg,1,0,"2025-01-08 02:52:50",@tioeko8252,Woww,0,,
UgyHLEPanAMqF1W6GnZ4AaABAg.AD0bd41vUtMAD3OBcKIfJ8,,0,"2025-01-09 04:44:20",@RizkyRiplay,"Terimakasih telah menonton",1,UgyHLEPanAMqF1W6GnZ4AaABAg,@tioeko8252
UgzcrdY0s1ssqsCqXlt4AaABAg,1,0,"2025-01-08 02:52:49",@reztahidayat7860,Gercepppp,0,,
UgzcrdY0s1ssqsCqXlt4AaABAg.AD0bd-naHMcAD3OByrkAoy,,0,"2025-01-09 04:44:23",@RizkyRiplay,"Terimakasih telah menonton",1,UgzcrdY0s1ssqsCqXlt4AaABAg,@reztahidayat7860
UgzMwy9ybCMCAhmlFEZ4AaABAg,1,0,"2025-01-08 02:52:48",@bulentyalcn1513,Gercep,0,,
UgzMwy9ybCMCAhmlFEZ4AaABAg.AD0bcxNvIfbAD3OCEI6-Fh,,0,"2025-01-09 04:44:25",@RizkyRiplay,"Terimakasih telah menonton",1,UgzMwy9ybCMCAhmlFEZ4AaABAg,@bulentyalcn1513
UgyiD3hK0y-IJ11F5mh4AaABAg,1,0,"2025-01-08 02:52:48",@yogipakaya7276,"ini beneran ada yaa, jadi jangan mau terpengaruh dengan pinjol..",0,,
UgyiD3hK0y-IJ11F5mh4AaABAg.AD0bcvl9OctAD3OCqm8abH,,0,"2025-01-09 04:44:30",@RizkyRiplay,"Semoga ada pembelajaran yang bisa diambil dari cerita di atas ya sob",1,UgyiD3hK0y-IJ11F5mh4AaABAg,@yogipakaya7276
Ugym8-CLRX9hHWB678Z4AaABAg,1,0,"2025-01-08 02:52:48",@SaonahSaonah-p2g,Joss,0,,
Ugym8-CLRX9hHWB678Z4AaABAg.AD0bctsE8zTAD3ODODcr3v,,0,"2025-01-09 04:44:34",@RizkyRiplay,"Terimakasih telah menonton",1,Ugym8-CLRX9hHWB678Z4AaABAg,@SaonahSaonah-p2g
UgzcQBWODqd2e2VNAld4AaABAg,1,0,"2025-01-08 02:52:46",@aisyahazzahra6489,ASEEKKKK,0,,
UgzcQBWODqd2e2VNAld4AaABAg.AD0bcgdQqotAD3ODi4lwOY,,0,"2025-01-09 04:44:37",@RizkyRiplay,"Terimakasih telah menonton",1,UgzcQBWODqd2e2VNAld4AaABAg,@aisyahazzahra6489
UgywFTkcUMKBdoLEM5h4AaABAg,1,0,"2025-01-08 02:52:45",@Enggaryog4,wooww,0,,
UgywFTkcUMKBdoLEM5h4AaABAg.AD0bcT_LISjAD3OE3t2Z0-,,0,"2025-01-09 04:44:40",@RizkyRiplay,"Terimakasih telah menonton",1,UgywFTkcUMKBdoLEM5h4AaABAg,@Enggaryog4
UgxrPl-nxO7EkmST9-x4AaABAg,1,0,"2025-01-08 02:52:43",@syarohmay1553,"Hallo bang rizkyy",0,,
UgxrPl-nxO7EkmST9-x4AaABAg.AD0bcJEwgVuAD3OEZvTSYE,,0,"2025-01-09 04:44:44",@RizkyRiplay,"Haloo sob",1,UgxrPl-nxO7EkmST9-x4AaABAg,@syarohmay1553
Ugyzaw2xtIQaVxah-Xl4AaABAg,0,0,"2025-01-08 02:52:43",@IkyRiski-f8k,"Gercap kali orang2",0,,
UgxdBpj4dJA7aytq4Ul4AaABAg,1,1,"2025-01-08 02:52:39",@BabyHelo-l9n,"Timm gerceepp",0,,
UgxdBpj4dJA7aytq4Ul4AaABAg.AD0bbkLKREnAD3OF0fuEi8,,0,"2025-01-09 04:44:48",@RizkyRiplay,"Terimakasih telah menonton",1,UgxdBpj4dJA7aytq4Ul4AaABAg,@BabyHelo-l9n
UgwoSJ3IU8aO1a0JGdZ4AaABAg,1,0,"2025-01-08 02:52:37",@anandalianti6384,"ada notif langsung tontonnn🔥",0,,
UgwoSJ3IU8aO1a0JGdZ4AaABAg.AD0bbZQ3q0_AD3OFQBHHOf,,1,"2025-01-09 04:44:51",@RizkyRiplay,"Terimakasih telah menonton",1,UgwoSJ3IU8aO1a0JGdZ4AaABAg,@anandalianti6384
UgyQ_cWIF3b-cyGNeB94AaABAg,1,0,"2025-01-08 02:52:36",@ayatau1,gercep,0,,
UgyQ_cWIF3b-cyGNeB94AaABAg.AD0bbP-ExLBAD3OFqN0eSb,,0,"2025-01-09 04:44:54",@RizkyRiplay,"Terimakasih telah menonton",1,UgyQ_cWIF3b-cyGNeB94AaABAg,@ayatau1
UgzE6TFwPvtho4IMTMt4AaABAg,1,9,"2025-01-08 02:52:33",@sunartirizwan2581,"alkhamdulillah yg di tunggu datang juga,semoga kita semua di jauhkan dari hal2 yg tidak baik dan yg sedang punya hutang semoga segera terlunaskan,Aamiin. hongkong nyimak min🎉🎉🎉",0,,
UgzE6TFwPvtho4IMTMt4AaABAg.AD0bb5r2Q3NAD3OGHe2jsP,,2,"2025-01-09 04:44:58",@RizkyRiplay,"Terimakasih telah menonton",1,UgzE6TFwPvtho4IMTMt4AaABAg,@sunartirizwan2581
UgxN10g67MMdXK-9IxV4AaABAg,1,0,"2025-01-08 02:52:33",@Mitha489,Pertama,0,,
UgxN10g67MMdXK-9IxV4AaABAg.AD0bb20FV96AD3OGjuVqZc,,0,"2025-01-09 04:45:02",@RizkyRiplay,"Terimakasih telah menonton",1,UgxN10g67MMdXK-9IxV4AaABAg,@Mitha489
UgxZ_3V-DwIwNSfViIR4AaABAg,1,0,"2025-01-08 02:52:31",@srirezkirahayu7498,Gercep,0,,
UgxZ_3V-DwIwNSfViIR4AaABAg.AD0baltiNzcAD3OHI6acZB,,1,"2025-01-09 04:45:06",@RizkyRiplay,"Terimakasih telah menonton",1,UgxZ_3V-DwIwNSfViIR4AaABAg,@srirezkirahayu7498
UgyeDcvqRYdJVSR1C_d4AaABAg,8,22,"2025-01-08 02:52:31",@nanaysaradict,"yeayyy gercepp , nonton sambil makan disekolahhh",0,,
UgyeDcvqRYdJVSR1C_d4AaABAg.AD0bam6rZYUAD0eNtB5lL2,,1,"2025-01-08 03:16:50",@Rafipresetz,hy,1,UgyeDcvqRYdJVSR1C_d4AaABAg,@nanaysaradict
UgyeDcvqRYdJVSR1C_d4AaABAg.AD0bam6rZYUAD0g6pTHmil,,1,"2025-01-08 03:31:59",@beauty7714,"Dpt makan siang gratis ga?",1,UgyeDcvqRYdJVSR1C_d4AaABAg,@nanaysaradict
UgyeDcvqRYdJVSR1C_d4AaABAg.AD0bam6rZYUAD0gCkMIGcE,,0,"2025-01-08 03:32:47",@MawarMerah-w3x,"Sekolah dimana dekkk😆",1,UgyeDcvqRYdJVSR1C_d4AaABAg,@nanaysaradict
UgyeDcvqRYdJVSR1C_d4AaABAg.AD0bam6rZYUAD0gV9umsLS,,0,"2025-01-08 03:35:18",@Rafipresetz,"@MawarMerah-w3x ditempat yang sama namun beda perasaan",1,UgyeDcvqRYdJVSR1C_d4AaABAg,@nanaysaradict
UgyeDcvqRYdJVSR1C_d4AaABAg.AD0bam6rZYUAD14G_XszCl,,0,"2025-01-08 07:11:46",@nanaysaradict,"@MawarMerah-w3x smk di cilegon",1,UgyeDcvqRYdJVSR1C_d4AaABAg,@nanaysaradict
UgyeDcvqRYdJVSR1C_d4AaABAg.AD0bam6rZYUAD14LEYDNeg,,1,"2025-01-08 07:12:24",@nanaysaradict,"@beauty7714 nooo, bertahap mungkin ya ibu kota tu baru dpt makan siang gratis",1,UgyeDcvqRYdJVSR1C_d4AaABAg,@nanaysaradict
UgyeDcvqRYdJVSR1C_d4AaABAg.AD0bam6rZYUAD16XzxDoJM,,0,"2025-01-08 07:31:37",@beauty7714,"@nanay2008-w3p  ya jga sii gantian ga langsung jdi 1 klu bareng2 mah",1,UgyeDcvqRYdJVSR1C_d4AaABAg,@nanaysaradict
UgyeDcvqRYdJVSR1C_d4AaABAg.AD0bam6rZYUAD3OHuibwj7,,1,"2025-01-09 04:45:11",@RizkyRiplay,"Terimakasih telah menonton",1,UgyeDcvqRYdJVSR1C_d4AaABAg,@nanaysaradict
UgwEzycL1cEOVKbhv694AaABAg,1,0,"2025-01-08 02:52:27",@senipebriani-q6z,"tim nonon terus tapi jarang komen😂❤",0,,
UgwEzycL1cEOVKbhv694AaABAg.AD0baHcnVwbAD3OKsQD9v1,,0,"2025-01-09 04:45:36",@RizkyRiplay,"Terimakasih telah menonton",1,UgwEzycL1cEOVKbhv694AaABAg,@senipebriani-q6z
UgxLFZLpTBSWguCxFbl4AaABAg,1,0,"2025-01-08 02:52:26",@ruthyolanda9693,"Ahhhhh akhirnya part 2 tayang juga, selalu suka dengan cerita nya🎉❤",0,,
UgxLFZLpTBSWguCxFbl4AaABAg.AD0ba99OflOAD3OLVpuE51,,0,"2025-01-09 04:45:41",@RizkyRiplay,"Terimakasih telah menonton",1,UgxLFZLpTBSWguCxFbl4AaABAg,@ruthyolanda9693
UgyVmjaBUJ4et8g-UuF4AaABAg,1,1,"2025-01-08 02:52:25",@rinawahyuningdyah7473,"Hadir kak❤",0,,
UgyVmjaBUJ4et8g-UuF4AaABAg.AD0ba138UZyAD3OM5-oINI,,0,"2025-01-09 04:45:45",@RizkyRiplay,"Terimakasih telah menonton",1,UgyVmjaBUJ4et8g-UuF4AaABAg,@rinawahyuningdyah7473
UgwiYHeCngMJPLBFx8t4AaABAg,1,0,"2025-01-08 02:52:24",@nunucantik-c9l,"gercep kakaku❤❤❤❤😊",0,,
UgwiYHeCngMJPLBFx8t4AaABAg.AD0b_uvfT_jAD3OMtxpZH0,,0,"2025-01-09 04:45:52",@RizkyRiplay,"Terimakasih telah menonton",1,UgwiYHeCngMJPLBFx8t4AaABAg,@nunucantik-c9l
UgxE87nbaWhrJi_zj4R4AaABAg,1,0,"2025-01-08 02:52:21",@DeviWulandari-x1e,"Tim paling gercep😍",0,,
UgxE87nbaWhrJi_zj4R4AaABAg.AD0b_Y6j5wsAD3ONJDeap_,,0,"2025-01-09 04:45:55",@RizkyRiplay,"Terimakasih telah menonton",1,UgxE87nbaWhrJi_zj4R4AaABAg,@DeviWulandari-x1e
UgxPinaEBd9Jc5BPUzJ4AaABAg,1,0,"2025-01-08 02:52:19",@ulpayslf,"Selalu nonton tapi gk pernah komen😂",0,,
UgxPinaEBd9Jc5BPUzJ4AaABAg.AD0b_LW6dBTAD3ONkHtkE0,,0,"2025-01-09 04:45:59",@RizkyRiplay,"Terimakasih telah menonton",1,UgxPinaEBd9Jc5BPUzJ4AaABAg,@ulpayslf
UgxIlHawT8295meEWvh4AaABAg,1,1,"2025-01-08 02:52:18",@Cila_Cilo,"Semangat min🎉😊",0,,
UgxIlHawT8295meEWvh4AaABAg.AD0b_B5Kw4eAD3OObn0Rkb,,1,"2025-01-09 04:46:06",@RizkyRiplay,"Terimakasih atas supportnya sob",1,UgxIlHawT8295meEWvh4AaABAg,@Cila_Cilo
UgzE0J8JYVwRvdIDL7Z4AaABAg,1,0,"2025-01-08 02:52:17",@ElaRahma-h3n,Gercepppp🥳,0,,
UgzE0J8JYVwRvdIDL7Z4AaABAg.AD0b_92eFhUAD3OPC5vlNQ,,0,"2025-01-09 04:46:11",@RizkyRiplay,"Terimakasih telah menonton",1,UgzE0J8JYVwRvdIDL7Z4AaABAg,@ElaRahma-h3n
UgwME7F4MS6SnSPfTmN4AaABAg,1,0,"2025-01-08 02:52:16",@Sindiirawati12,"Suka bangeet sama konten KA Rizky ❤",0,,
UgwME7F4MS6SnSPfTmN4AaABAg.AD0bZj6WUl5AD3OPjtcS_3,,0,"2025-01-09 04:46:15",@RizkyRiplay,"Terimakasih telah menonton",1,UgwME7F4MS6SnSPfTmN4AaABAg,@Sindiirawati12
UgxJQi_bsQ2HaxiLLVN4AaABAg,1,0,"2025-01-08 02:52:12",@ikkyarmank465,"Hadir bang Rizky 😊",0,,
UgxJQi_bsQ2HaxiLLVN4AaABAg.AD0bZXu9Nv6AD3OQ8LwtAI,,0,"2025-01-09 04:46:19",@RizkyRiplay,"Terimakasih telah menonton",1,UgxJQi_bsQ2HaxiLLVN4AaABAg,@ikkyarmank465
UgyV0cgyygWI8LzKweZ4AaABAg,0,0,"2025-01-08 02:52:12",@CREATIVETAILOR,Hader,0,,
UgzmDPjLcyyv96FRFUJ4AaABAg,1,0,"2025-01-08 02:52:12",@ItaMaulida-p1t,"Tim gercep mana nih🎉❤",0,,
UgzmDPjLcyyv96FRFUJ4AaABAg.AD0bZTh1zyiAD3OQtWulNO,,0,"2025-01-09 04:46:25",@RizkyRiplay,"Terimakasih telah menonton",1,UgzmDPjLcyyv96FRFUJ4AaABAg,@ItaMaulida-p1t
UgykKB1cM4_V9iKR1DV4AaABAg,1,0,"2025-01-08 02:52:09",@Fellainivirapy,"Tim gercep mana nih",0,,
UgykKB1cM4_V9iKR1DV4AaABAg.AD0bZA4xCptAD3OVBldMII,,0,"2025-01-09 04:47:00",@RizkyRiplay,"Terimakasih telah menonton",1,UgykKB1cM4_V9iKR1DV4AaABAg,@Fellainivirapy
Ugy6eEJz2MkrotVVauh4AaABAg,1,0,"2025-01-08 02:52:08",@Nafisahuwaidagunawan18,gercep❤❤,0,,
Ugy6eEJz2MkrotVVauh4AaABAg.AD0bZ0jvlggAD3OVwG9bBQ,,0,"2025-01-09 04:47:06",@RizkyRiplay,"Terimakasih telah menonton",1,Ugy6eEJz2MkrotVVauh4AaABAg,@Nafisahuwaidagunawan18
UgweScnBOMDD7FOOZJh4AaABAg,1,0,"2025-01-08 02:52:06",@Maskhozinnn20,"tumben banggg😂❤",0,,
UgweScnBOMDD7FOOZJh4AaABAg.AD0bYlKFNu-AD3OXP4zoOk,,0,"2025-01-09 04:47:18",@RizkyRiplay,"Terimakasih telah menonton",1,UgweScnBOMDD7FOOZJh4AaABAg,@Maskhozinnn20
UgyoVq5X2q-D9ghBfal4AaABAg,1,0,"2025-01-08 02:52:05",@ayuuuuu96,"yuhuui yang ditungguuu, lgsg klikkk!❤",0,,
UgyoVq5X2q-D9ghBfal4AaABAg.AD0bYf6H_7KAD3OXvk07ez,,0,"2025-01-09 04:47:22",@RizkyRiplay,"Terimakasih telah menonton",1,UgyoVq5X2q-D9ghBfal4AaABAg,@ayuuuuu96
UgzEFqcq2oist2fPekt4AaABAg,1,0,"2025-01-08 02:52:04",@AmelSintang-d7w,"Yg di tunggu""🎉",0,,
UgzEFqcq2oist2fPekt4AaABAg.AD0bYZCOX2lAD3O_DfCnkL,,0,"2025-01-09 04:47:41",@RizkyRiplay,"Terimakasih telah menonton",1,UgzEFqcq2oist2fPekt4AaABAg,@AmelSintang-d7w
UgzPa70SOJ2VAt0QKAd4AaABAg,1,2,"2025-01-08 02:52:01",@DesiNursyaniyahssiw,"gercep ga tuh",0,,
UgzPa70SOJ2VAt0QKAd4AaABAg.AD0bYActExhAD3O_y6dZD4,,0,"2025-01-09 04:47:47",@RizkyRiplay,"Terimakasih telah menonton",1,UgzPa70SOJ2VAt0QKAd4AaABAg,@DesiNursyaniyahssiw
Ugz2uSTWzGbJIfKM3sR4AaABAg,1,0,"2025-01-08 02:52:00",@reveucseu,gercepp,0,,
Ugz2uSTWzGbJIfKM3sR4AaABAg.AD0bY3Zv1oxAD3OaPcg_4H,,1,"2025-01-09 04:47:51",@RizkyRiplay,"Terimakasih telah menonton",1,Ugz2uSTWzGbJIfKM3sR4AaABAg,@reveucseu
UgwN6fvScX2Rji4aRHx4AaABAg,2,0,"2025-01-08 02:51:59",@MuhamadNurhasanfauzi-eh2lu,"Hallo bng rizky?",0,,
UgwN6fvScX2Rji4aRHx4AaABAg.AD0bXx7IyWmAD3ObK0y5Rg,,0,"2025-01-09 04:47:58",@RizkyRiplay,"Haloo sob",1,UgwN6fvScX2Rji4aRHx4AaABAg,@MuhamadNurhasanfauzi-eh2lu
UgwN6fvScX2Rji4aRHx4AaABAg.AD0bXx7IyWmAD3RYzhDenW,,0,"2025-01-09 05:13:44",@MuhamadNurhasanfauzi-eh2lu,"@RizkyRiplay  sob buntut apa iga, tuh bng😁",1,UgwN6fvScX2Rji4aRHx4AaABAg,@MuhamadNurhasanfauzi-eh2lu
Ugwocxe0xJ04MIxT4WF4AaABAg,1,0,"2025-01-08 02:51:58",@KepinanjaymabarrSlebeww,Gercep,0,,
Ugwocxe0xJ04MIxT4WF4AaABAg.AD0bXmyYn5DAD3OcI3gIN_,,0,"2025-01-09 04:48:06",@RizkyRiplay,"Terimakasih telah menonton",1,Ugwocxe0xJ04MIxT4WF4AaABAg,@KepinanjaymabarrSlebeww
UgzUGvnhAo1FOveZg_J4AaABAg,1,0,"2025-01-08 02:51:58",@marianiyuhuu,"yang nonton dan ga pernah komen sini kumpul😂",0,,
UgzUGvnhAo1FOveZg_J4AaABAg.AD0bXj6tFTJAD3OciYTsoJ,,0,"2025-01-09 04:48:10",@RizkyRiplay,"Terimakasih telah menonton",1,UgzUGvnhAo1FOveZg_J4AaABAg,@marianiyuhuu
UgwTXfMLgguBKxS4_lp4AaABAg,1,0,"2025-01-08 02:51:57",@Windra-k5f,"Hadir bang",0,,
UgwTXfMLgguBKxS4_lp4AaABAg.AD0bXeXuvRpAD3Od56AvR7,,0,"2025-01-09 04:48:13",@RizkyRiplay,"Terimakasih telah menonton",1,UgwTXfMLgguBKxS4_lp4AaABAg,@Windra-k5f
UgwtxRqB15vvCpB3_tF4AaABAg,1,0,"2025-01-08 02:51:56",@asmadins.sos.i4043,"38 detik",0,,
UgwtxRqB15vvCpB3_tF4AaABAg.AD0bXUueMGQAD3OdR5wWwH,,0,"2025-01-09 04:48:16",@RizkyRiplay,"Terimakasih telah menonton",1,UgwtxRqB15vvCpB3_tF4AaABAg,@asmadins.sos.i4043
UgxO9JxVGAurzrjy5Tl4AaABAg,1,0,"2025-01-08 02:51:55",@kedepchamplenk7423,"𝔾𝕒𝕤 𝕜𝕖𝕦𝕟 𝕛𝕘𝕟 𝕒𝕞𝕡𝕖 𝕥𝕖𝕝𝕒𝕥",0,,
UgxO9JxVGAurzrjy5Tl4AaABAg.AD0bXPHvdbsAD3OeQLg6En,,0,"2025-01-09 04:48:24",@RizkyRiplay,"Terimakasih telah menonton",1,UgxO9JxVGAurzrjy5Tl4AaABAg,@kedepchamplenk7423
Ugyc_z_amt69sX7J-OF4AaABAg,1,0,"2025-01-08 02:51:55",@Hisma798,"Garcep, akhirnya di up juga😊😊😊🎉",0,,
Ugyc_z_amt69sX7J-OF4AaABAg.AD0bXNvl2WfAD3Oi6M1B5e,,0,"2025-01-09 04:48:54",@RizkyRiplay,"Terimakasih telah menonton",1,Ugyc_z_amt69sX7J-OF4AaABAg,@Hisma798
UgwoSG8-UUCdEHHWdYl4AaABAg,0,0,"2025-01-08 02:51:54",@IkyRiski-f8k,"Pertama bang",0,,
UgxMg_FhuGk1cmmQdRJ4AaABAg,1,0,"2025-01-08 02:51:54",@keii6403,gercep😂,0,,
UgxMg_FhuGk1cmmQdRJ4AaABAg.AD0bXIUGHFNAD3OiUS_z8h,,0,"2025-01-09 04:48:57",@RizkyRiplay,"Terimakasih telah menonton",1,UgxMg_FhuGk1cmmQdRJ4AaABAg,@keii6403
Ugzvb0P-1etT6Zh49JB4AaABAg,1,0,"2025-01-08 02:51:54",@amalianurfajrina6053,"Tim selalu gercep nonton jarang komen 😊",0,,
Ugzvb0P-1etT6Zh49JB4AaABAg.AD0bXH2ClaIAD3Oipq4vh2,,0,"2025-01-09 04:49:00",@RizkyRiplay,"Terimakasih telah menonton",1,Ugzvb0P-1etT6Zh49JB4AaABAg,@amalianurfajrina6053
Ugz3I_Iq4knwjtfsh0R4AaABAg,1,0,"2025-01-08 02:51:53",@SitiNurahmah-r9b,"Wah yang ditunggu"" Akhirnya keluar juga lanjutan nya 👍👍☺",0,,
Ugz3I_Iq4knwjtfsh0R4AaABAg.AD0bXEF_kR1AD3OjFFJPyD,,1,"2025-01-09 04:49:03",@RizkyRiplay,"Terimakasih telah menonton",1,Ugz3I_Iq4knwjtfsh0R4AaABAg,@SitiNurahmah-r9b
UgywUMctvD2wmiVFfM94AaABAg,1,1,"2025-01-08 02:51:53",@fifiamelia8626,"Akhirnya yang saya tunggu² tayang juga🤗",0,,
UgywUMctvD2wmiVFfM94AaABAg.AD0bXCF0Kk2AD3OjeAjcB1,,1,"2025-01-09 04:49:07",@RizkyRiplay,"Terimakasih telah menonton",1,UgywUMctvD2wmiVFfM94AaABAg,@fifiamelia8626
Ugx1jVr4jc00rMCosjl4AaABAg,1,0,"2025-01-08 02:51:53",@AbimAbim-c1q,"Aku penonton pertama",0,,
Ugx1jVr4jc00rMCosjl4AaABAg.AD0bX8Qyx0LAD3Y7ktMhNV,,0,"2025-01-09 06:11:11",@RizkyRiplay,"Terimakasih telah menonton",1,Ugx1jVr4jc00rMCosjl4AaABAg,@AbimAbim-c1q
UgwqGtGCAKcejidQA0d4AaABAg,1,5,"2025-01-08 02:51:53",@lshaa6540,"gercepp selalu 😮😮",0,,
UgwqGtGCAKcejidQA0d4AaABAg.AD0bX74KONFAD3Y9OkX-FF,,0,"2025-01-09 06:11:24",@RizkyRiplay,"Terimakasih telah menonton",1,UgwqGtGCAKcejidQA0d4AaABAg,@lshaa6540
UgzOoqWiFWd5SLkFrDp4AaABAg,1,0,"2025-01-08 02:51:53",@AmanFirmansya,"Selamat Pagi",0,,
UgzOoqWiFWd5SLkFrDp4AaABAg.AD0bX5c0vkYAD3YANXtNSq,,0,"2025-01-09 06:11:32",@RizkyRiplay,"Terimakasih telah menonton",1,UgzOoqWiFWd5SLkFrDp4AaABAg,@AmanFirmansya
UgyWVwG98Knol4mA1Kt4AaABAg,1,0,"2025-01-08 02:51:52",@melitriani992,"gercep ni gercep",0,,
UgyWVwG98Knol4mA1Kt4AaABAg.AD0bX4CdoZOAD3YBa4MUon,,0,"2025-01-09 06:11:42",@RizkyRiplay,"Terimakasih telah menonton",1,UgyWVwG98Knol4mA1Kt4AaABAg,@melitriani992
UgxW5vKEV58Xmj-iw9t4AaABAg,1,0,"2025-01-08 02:51:50",@tonyavan377,yuhu,0,,
UgxW5vKEV58Xmj-iw9t4AaABAg.AD0bWrRMg3IAD3YBxBvBK2,,0,"2025-01-09 06:11:45",@RizkyRiplay,"Terimakasih telah menonton",1,UgxW5vKEV58Xmj-iw9t4AaABAg,@tonyavan377
UgwQv8KlChZyvl9O9ch4AaABAg,1,0,"2025-01-08 02:51:49",@motor-y3b,"Tim gercep",0,,
UgwQv8KlChZyvl9O9ch4AaABAg.AD0bWhiuXalAD3YCWPxMF1,,0,"2025-01-09 06:11:50",@RizkyRiplay,"Terimakasih telah menonton",1,UgwQv8KlChZyvl9O9ch4AaABAg,@motor-y3b
UgzAS06tf6dTwLRATb14AaABAg,1,26,"2025-01-08 02:51:49",@Sofi-Adinda,"Absen tercepat 👇",0,,
UgzAS06tf6dTwLRATb14AaABAg.AD0bWefdFYiAD3YCtl73r1,,2,"2025-01-09 06:11:53",@RizkyRiplay,"Terimakasih telah menonton",1,UgzAS06tf6dTwLRATb14AaABAg,@Sofi-Adinda
UgyeTDzEVpXVhMD_qCl4AaABAg,1,0,"2025-01-08 02:51:48",@InggridAuliaHasibuan,"Bisa gak nunggu gak sampai 1minggu kelamaan bgt🥲🥲",0,,
UgyeTDzEVpXVhMD_qCl4AaABAg.AD0bWbbkMQAAD3YFK_bhtA,,0,"2025-01-09 06:12:13",@RizkyRiplay,"Sabar ya sob",1,UgyeTDzEVpXVhMD_qCl4AaABAg,@InggridAuliaHasibuan
UgxCxsu4exm00ui0oFJ4AaABAg,1,1,"2025-01-08 02:51:48",@fahriirwansyah3711,"Salam dari Tangerang",0,,
UgxCxsu4exm00ui0oFJ4AaABAg.AD0bW_xSBkyAD3YU8TEvF5,,0,"2025-01-09 06:14:14",@RizkyRiplay,"Terimakasih telah menonton",1,UgxCxsu4exm00ui0oFJ4AaABAg,@fahriirwansyah3711
Ugyuamwt7bsNc8BFqvZ4AaABAg,1,0,"2025-01-08 02:51:47",@yuliindrawati7085,Garcep😍,0,,
Ugyuamwt7bsNc8BFqvZ4AaABAg.AD0bWV30auDAD3YUNfauoO,,0,"2025-01-09 06:14:16",@RizkyRiplay,"Terimakasih telah menonton",1,Ugyuamwt7bsNc8BFqvZ4AaABAg,@yuliindrawati7085
UgxBCWEzmcjLXHr5qb14AaABAg,1,0,"2025-01-08 02:51:46",@flonawww,"akhirnya upload 🌟",0,,
UgxBCWEzmcjLXHr5qb14AaABAg.AD0bWGaVAwTAD3YVxAIL7z,,0,"2025-01-09 06:14:29",@RizkyRiplay,"Terimakasih telah menonton",1,UgxBCWEzmcjLXHr5qb14AaABAg,@flonawww
Ugx2n8kZ5HRjxiDtFxN4AaABAg,1,2,"2025-01-08 02:51:44",@saski_09,"gercep trus yh bang",0,,
Ugx2n8kZ5HRjxiDtFxN4AaABAg.AD0bW7AYT26AD3YXJNTIev,,0,"2025-01-09 06:14:40",@RizkyRiplay,"Terimakasih telah menonton",1,Ugx2n8kZ5HRjxiDtFxN4AaABAg,@saski_09
Ugysb4RySwn9p-nxWRB4AaABAg,1,0,"2025-01-08 02:51:44",@pikapristia4083,"Up nya jngn lma2 dong bng",0,,
Ugysb4RySwn9p-nxWRB4AaABAg.AD0bW6TfT4jAD3YXweCJ1R,,0,"2025-01-09 06:14:45",@RizkyRiplay,"Terimakasih telah menonton",1,Ugysb4RySwn9p-nxWRB4AaABAg,@pikapristia4083
UgxoDnmRgcLg_s4aGVl4AaABAg,1,0,"2025-01-08 02:51:43",@RoundyIsHere,Gercep,0,,
UgxoDnmRgcLg_s4aGVl4AaABAg.AD0bVvWAawtAD3YYa1AnWZ,,0,"2025-01-09 06:14:51",@RizkyRiplay,"Terimakasih telah menonton",1,UgxoDnmRgcLg_s4aGVl4AaABAg,@RoundyIsHere
UgwmInm5MV3ibY47kuR4AaABAg,1,0,"2025-01-08 02:51:42",@rimainovyta4892,Gercep,0,,
UgwmInm5MV3ibY47kuR4AaABAg.AD0bVrUsuiKAD3YYzLSpgi,,1,"2025-01-09 06:14:54",@RizkyRiplay,"Terimakasih telah menonton",1,UgwmInm5MV3ibY47kuR4AaABAg,@rimainovyta4892
UgwF5KFAWT5E-DyBd4l4AaABAg,1,12,"2025-01-08 02:51:42",@SitiMarfuah-j1i,"Tim gercep Rizky riplay 😍😍",0,,
UgwF5KFAWT5E-DyBd4l4AaABAg.AD0bVm-e30NAD3YZJVsZyO,,1,"2025-01-09 06:14:57",@RizkyRiplay,"Terimakasih telah menonton",1,UgwF5KFAWT5E-DyBd4l4AaABAg,@SitiMarfuah-j1i
UgzfctJtdzQPRd6tmAV4AaABAg,1,0,"2025-01-08 02:51:41",@SalwaSweet,"Telatt gaa minn",0,,
UgzfctJtdzQPRd6tmAV4AaABAg.AD0bVlKcYLNAD3YZsG2aRJ,,0,"2025-01-09 06:15:01",@RizkyRiplay,"Terimakasih telah menonton",1,UgzfctJtdzQPRd6tmAV4AaABAg,@SalwaSweet
Ugxb0Z7Wthsop8EP8f14AaABAg,1,0,"2025-01-08 02:51:41",@RifkyReny,"Hadir ...",0,,
Ugxb0Z7Wthsop8EP8f14AaABAg.AD0bVihBNZyAD3Y_UW-2hM,,0,"2025-01-09 06:15:06",@RizkyRiplay,"Terimakasih telah menonton",1,Ugxb0Z7Wthsop8EP8f14AaABAg,@RifkyReny
UgwRFm8XsWt_b0OWxM54AaABAg,1,0,"2025-01-08 02:51:40",@putran_,"Gercep bng",0,,
UgwRFm8XsWt_b0OWxM54AaABAg.AD0bVZOZ0PMAD3Ybx0zNI-,,0,"2025-01-09 06:15:27",@RizkyRiplay,"Terimakasih telah menonton",1,UgwRFm8XsWt_b0OWxM54AaABAg,@putran_
UgzAj-siMKj-qK1o_bl4AaABAg,2,0,"2025-01-08 02:51:40",@Urlove_liora,"Nyahahahahahaha ada bg part 3nya?",0,,
UgzAj-siMKj-qK1o_bl4AaABAg.AD0bVYTtaddAD3Yd6clZ_s,,0,"2025-01-09 06:15:36",@RizkyRiplay,"Ga ada sob ini sudah final",1,UgzAj-siMKj-qK1o_bl4AaABAg,@Urlove_liora
UgzAj-siMKj-qK1o_bl4AaABAg.AD0bVYTtaddAD3YwJZ3YKg,,0,"2025-01-09 06:18:13",@Urlove_liora,"@RizkyRiplay  yahhhh",1,UgzAj-siMKj-qK1o_bl4AaABAg,@Urlove_liora
UgylSEYuxfACTtb07jp4AaABAg,1,0,"2025-01-08 02:51:40",@NengWafaa,gercepp❤☝🏻🥰,0,,
UgylSEYuxfACTtb07jp4AaABAg.AD0bVY64N1yAD3YdVwbgNL,,0,"2025-01-09 06:15:39",@RizkyRiplay,"Terimakasih telah menonton",1,UgylSEYuxfACTtb07jp4AaABAg,@NengWafaa
UgyXQk4vpOWDzX00izl4AaABAg,1,0,"2025-01-08 02:51:39",@gabut00_,"Tim gercepp sini ngumpul😇",0,,
UgyXQk4vpOWDzX00izl4AaABAg.AD0bVWgsvsmAD3YePk9-w-,,0,"2025-01-09 06:15:47",@RizkyRiplay,"Terimakasih telah menonton",1,UgyXQk4vpOWDzX00izl4AaABAg,@gabut00_
UgypI2fOVw47wEORW0h4AaABAg,1,0,"2025-01-08 02:51:39",@mawarrezky9766,"28 detik langsung gasss nonton heheheh selalu ditunggu2 rizky riplay mah ♥️",0,,
UgypI2fOVw47wEORW0h4AaABAg.AD0bVVrzbLgAD3Yex3q4dB,,0,"2025-01-09 06:15:51",@RizkyRiplay,"Terimakasih telah menonton",1,UgypI2fOVw47wEORW0h4AaABAg,@mawarrezky9766
UgxlOcR765Judqw1KEp4AaABAg,1,0,"2025-01-08 02:51:39",@Ahmadzaenikenteng07,"17 detik yg lalu",0,,
UgxlOcR765Judqw1KEp4AaABAg.AD0bVUAyzVVAD3_3GkUB3V,,0,"2025-01-09 06:28:03",@RizkyRiplay,"Terimakasih telah menonton",1,UgxlOcR765Judqw1KEp4AaABAg,@Ahmadzaenikenteng07
UgzV5YKQMmhCRz_cBhV4AaABAg,0,0,"2025-01-08 02:51:38",@JulitaYulius,😮,0,,
UgxpEmbsp2AfeMxKaYV4AaABAg,1,0,"2025-01-08 02:51:38",@kepolu-g,"Pertama nih dapat apa ya😊 Semoga dapat pin❤",0,,
UgxpEmbsp2AfeMxKaYV4AaABAg.AD0bVMlT_mOAD3_41xvBJs,,0,"2025-01-09 06:28:09",@RizkyRiplay,"Terimakasih telah menonton",1,UgxpEmbsp2AfeMxKaYV4AaABAg,@kepolu-g
UgzvtjGWyjhf3vsgBad4AaABAg,1,0,"2025-01-08 02:51:38",@AmanFirmansya,"Assalamualaikum ABANGKU Rizky Riplay",0,,
UgzvtjGWyjhf3vsgBad4AaABAg.AD0bVGuArSAAD3_5GABv48,,0,"2025-01-09 06:28:19",@RizkyRiplay,"Waalaikumsalam sob",1,UgzvtjGWyjhf3vsgBad4AaABAg,@AmanFirmansya
Ugw5j1yIU2zHxmcdEWt4AaABAg,1,0,"2025-01-08 02:51:37",@Riski-e2c,"Pertama dapet apa bang dari dulu suka bgt kontennya",0,,
Ugw5j1yIU2zHxmcdEWt4AaABAg.AD0bVADsGXSAD3_5u6reAn,,0,"2025-01-09 06:28:24",@RizkyRiplay,"Terimakasih telah menonton",1,Ugw5j1yIU2zHxmcdEWt4AaABAg,@Riski-e2c
UgyKi0Fbz35ohDi50MZ4AaABAg,0,1,"2025-01-08 02:51:36",@MelonCraft078-kq6rm,":( <"" x ""> ): 🎉🎉🎉",0,,
Ugw3PYWYNj6jb16kPXZ4AaABAg,1,1,"2025-01-08 02:51:36",@rikarahayu8264,Pertama,0,,
Ugw3PYWYNj6jb16kPXZ4AaABAg.AD0bV59yaEZAD3_7rfQF1t,,0,"2025-01-09 06:28:40",@RizkyRiplay,"Terimakasih telah menonton",1,Ugw3PYWYNj6jb16kPXZ4AaABAg,@rikarahayu8264
UgyKzhQXS6HeL28yD-B4AaABAg,1,0,"2025-01-08 02:51:36",@Erna-w5s,"Pertama 😇",0,,
UgyKzhQXS6HeL28yD-B4AaABAg.AD0bV28StzxAD3_8AqZW_H,,0,"2025-01-09 06:28:43",@RizkyRiplay,"Terimakasih telah menonton",1,UgyKzhQXS6HeL28yD-B4AaABAg,@Erna-w5s
UgxSU9WwTYcG85WsS5V4AaABAg,1,0,"2025-01-08 02:51:35",@elysuryana4905,"Aku kira aku yg pertama",0,,
UgxSU9WwTYcG85WsS5V4AaABAg.AD0bV-20602AD3_8ZzsCel,,0,"2025-01-09 06:28:46",@RizkyRiplay,"Terimakasih telah menonton",1,UgxSU9WwTYcG85WsS5V4AaABAg,@elysuryana4905
UgykiGrssDKceVDsFS94AaABAg,1,0,"2025-01-08 02:51:35",@firdausarizky2637,"Pertama min🎉",0,,
UgykiGrssDKceVDsFS94AaABAg.AD0bUzAXA3JAD3_8yomQsw,,0,"2025-01-09 06:28:50",@RizkyRiplay,"Terimakasih telah menonton",1,UgykiGrssDKceVDsFS94AaABAg,@firdausarizky2637
UgwspnQiQ2DWzype9rx4AaABAg,1,0,"2025-01-08 02:51:35",@alfasanz,"lanjut terus bg🎉",0,,
UgwspnQiQ2DWzype9rx4AaABAg.AD0bUz4ioIsAD3_A8egTzK,,0,"2025-01-09 06:28:59",@RizkyRiplay,"Ini sudah final ya sob",1,UgwspnQiQ2DWzype9rx4AaABAg,@alfasanz
UgysGsDtYjCvhMa9C1t4AaABAg,1,0,"2025-01-08 02:51:35",@NiaNurhaliza-zm2bj,Gercep,0,,
UgysGsDtYjCvhMa9C1t4AaABAg.AD0bUxmZ2CyAD3_WXNQLi8,,0,"2025-01-09 06:32:02",@RizkyRiplay,"Terimakasih telah menonton",1,UgysGsDtYjCvhMa9C1t4AaABAg,@NiaNurhaliza-zm2bj
UgxvNobiw2i-js3axIF4AaABAg,2,0,"2025-01-08 02:51:34",@NurulHikmah-ji4bl,Pertamaa😅,0,,
UgxvNobiw2i-js3axIF4AaABAg.AD0bUuty6eyAD3_WuNyJ8X,,0,"2025-01-09 06:32:06",@RizkyRiplay,"Terimakasih telah menonton",1,UgxvNobiw2i-js3axIF4AaABAg,@NurulHikmah-ji4bl
UgxvNobiw2i-js3axIF4AaABAg.AD0bUuty6eyAD3cfhHMbV3,,0,"2025-01-09 06:59:39",@NurulHikmah-ji4bl,"@RizkyRiplay  makasih kak udah di notice komen ku 🤭",1,UgxvNobiw2i-js3axIF4AaABAg,@NurulHikmah-ji4bl
UgyeTpTF2g8wCeWKapB4AaABAg,1,0,"2025-01-08 02:51:35",@nathanianabil3716,"gercep ni",0,,
UgyeTpTF2g8wCeWKapB4AaABAg.AD0bUuV4EXOAD3_XCpu6dV,,0,"2025-01-09 06:32:08",@RizkyRiplay,"Terimakasih telah menonton",1,UgyeTpTF2g8wCeWKapB4AaABAg,@nathanianabil3716
UgxMsPD1C3LnDIxi1jp4AaABAg,1,0,"2025-01-08 02:51:34",@titatamada2655,Pertama,0,,
UgxMsPD1C3LnDIxi1jp4AaABAg.AD0bUs95EqoAD3_XR2wVEz,,0,"2025-01-09 06:32:10",@RizkyRiplay,"Terimakasih telah menonton",1,UgxMsPD1C3LnDIxi1jp4AaABAg,@titatamada2655
Ugwo85aNOyzIrjiEzBt4AaABAg,0,0,"2025-01-08 02:51:34",@AbimAbim-c1q,😂😂,0,,
UgwTlvhxuUxMomks1ex4AaABAg,1,0,"2025-01-08 02:51:34",@fauzianynurainy2851,"Tim gercep 🎉",0,,
UgwTlvhxuUxMomks1ex4AaABAg.AD0bUnThQBcAD3_XsT7z8-,,1,"2025-01-09 06:32:13",@RizkyRiplay,"Terimakasih telah menonton",1,UgwTlvhxuUxMomks1ex4AaABAg,@fauzianynurainy2851
UgzGQfb9d8rtnLoq0nJ4AaABAg,0,0,"2025-01-08 02:51:33",@heylita8761,Lfyu,0,,
UgzxqIOE-nErylIzPJx4AaABAg,1,1,"2025-01-08 02:51:33",@restisayang9506,"smgt terus bang rizky",0,,
UgzxqIOE-nErylIzPJx4AaABAg.AD0bUg0sfy7AD3_YFculHI,,1,"2025-01-09 06:32:17",@RizkyRiplay,"Terimakasih atas supportnya sob",1,UgzxqIOE-nErylIzPJx4AaABAg,@restisayang9506
UgyW1fz-enE7hSK-s6V4AaABAg,1,0,"2025-01-08 02:51:32",@NursitaAbaleka,"Pertama 😅",0,,
UgyW1fz-enE7hSK-s6V4AaABAg.AD0bUdyuISGAD3_Z0gOnNU,,0,"2025-01-09 06:32:23",@RizkyRiplay,"Terimakasih telah menonton",1,UgyW1fz-enE7hSK-s6V4AaABAg,@NursitaAbaleka
UgxxSjWR7chxmVj7UCh4AaABAg,1,0,"2025-01-08 02:51:32",@bagusbagaskara1586,"Pertama 😁",0,,
UgxxSjWR7chxmVj7UCh4AaABAg.AD0bUc7Y8fcAD3_byElg_X,,0,"2025-01-09 06:32:55",@RizkyRiplay,"Terimakasih telah menonton",1,UgxxSjWR7chxmVj7UCh4AaABAg,@bagusbagaskara1586
UgwW4QLRB8B19ATVRg14AaABAg,1,1,"2025-01-08 02:51:32",@DodeSuputra,Grecep,0,,
UgwW4QLRB8B19ATVRg14AaABAg.AD0bUc5GtaKAD3_cPSDo8p,,0,"2025-01-09 06:32:59",@RizkyRiplay,"Terimakasih telah menonton",1,UgwW4QLRB8B19ATVRg14AaABAg,@DodeSuputra
UgyP7isol_5X_VcIRK14AaABAg,1,1,"2025-01-08 02:51:32",@tsanitsani-h5k,First,0,,
UgyP7isol_5X_VcIRK14AaABAg.AD0bUZPOZIEAD3_f0_RPNP,,0,"2025-01-09 06:33:20",@RizkyRiplay,"Terimakasih telah menonton",1,UgyP7isol_5X_VcIRK14AaABAg,@tsanitsani-h5k
UgwBvBqijvF9pv97aDF4AaABAg,1,0,"2025-01-08 02:51:32",@devia_juvanti8158,"Absen 💯 orang tercepat kak semangat ya 👍👇",0,,
UgwBvBqijvF9pv97aDF4AaABAg.AD0bU_icKRIAD3_fU-lEsd,,0,"2025-01-09 06:33:24",@RizkyRiplay,"Terimakasih telah menonton",1,UgwBvBqijvF9pv97aDF4AaABAg,@devia_juvanti8158
UgzM7A3g_oQ9oMGXzSp4AaABAg,1,2,"2025-01-08 02:51:32",@dwiaidah333,"Like pertama Komen pertama❤",0,,
UgzM7A3g_oQ9oMGXzSp4AaABAg.AD0bUYPih4WAD3_gJKOdHL,,1,"2025-01-09 06:33:31",@RizkyRiplay,"Terimakasih telah menonton",1,UgzM7A3g_oQ9oMGXzSp4AaABAg,@dwiaidah333
UgyJIZ24vWCTYhjNj3N4AaABAg,1,0,"2025-01-08 02:51:31",@AldiXXX-ru9iw,"Pertama kah",0,,
UgyJIZ24vWCTYhjNj3N4AaABAg.AD0bUXdiEsuAD3_gsOg09t,,0,"2025-01-09 06:33:35",@RizkyRiplay,"Terimakasih telah menonton",1,UgyJIZ24vWCTYhjNj3N4AaABAg,@AldiXXX-ru9iw
UgwzFMSEX325PQks27B4AaABAg,1,0,"2025-01-08 02:51:31",@Icahhhchaaa,"Akhirnyaaa tayang jugaaa🎉🎉🎉",0,,
UgwzFMSEX325PQks27B4AaABAg.AD0bUXCd38vAD3_iT73k-y,,0,"2025-01-09 06:33:48",@RizkyRiplay,"yang ditunggu tunggu ya sob",1,UgwzFMSEX325PQks27B4AaABAg,@Icahhhchaaa
UgxckkszGFQwaQ0uCtZ4AaABAg,1,0,"2025-01-08 02:51:31",@fatanfadillah1880,"Halo bang",0,,
UgxckkszGFQwaQ0uCtZ4AaABAg.AD0bUWIRoQyAD3_klPr3ZL,,0,"2025-01-09 06:34:07",@RizkyRiplay,"Halo sob",1,UgxckkszGFQwaQ0uCtZ4AaABAg,@fatanfadillah1880
UgzlLcO9UkkdtT_I8ot4AaABAg,1,0,"2025-01-08 02:51:31",@uzumakinaruto4763,"Assalamualaikum bang sehat selalu ya",0,,
UgzlLcO9UkkdtT_I8ot4AaABAg.AD0bUVUDFq7AD3_mmJlO83,,0,"2025-01-09 06:34:24",@RizkyRiplay,"Waalaikum sob",1,UgzlLcO9UkkdtT_I8ot4AaABAg,@uzumakinaruto4763
UgzF1eJPbP6xKSqNi194AaABAg,1,0,"2025-01-08 02:51:31",@tegarkusuma1228,pertama,0,,
UgzF1eJPbP6xKSqNi194AaABAg.AD0bUTMKVQiAD3_nOLboLP,,0,"2025-01-09 06:34:29",@RizkyRiplay,"Terimakasih telah menonton",1,UgzF1eJPbP6xKSqNi194AaABAg,@tegarkusuma1228
Ugxsliak6eSvpkfglBl4AaABAg,1,1,"2025-01-08 02:51:30",@febryanor7372,"Pertama hehehehe 🎉🎉🎉",0,,
Ugxsliak6eSvpkfglBl4AaABAg.AD0bUQMESH1AD3_oAQ8hd6,,0,"2025-01-09 06:34:35",@RizkyRiplay,"Terimakasih telah menonton",1,Ugxsliak6eSvpkfglBl4AaABAg,@febryanor7372
Ugz6lQ-4UxI-C9eElZN4AaABAg,2,170,"2025-01-08 02:51:30",@De_nor23,"Tim gercep, makan harus sambil nonton hehe",0,,
Ugz6lQ-4UxI-C9eElZN4AaABAg.AD0bUNzTbNsAD1pO9khq9q,,5,"2025-01-08 14:12:14",@riskiriski-gz7ur,"team yg lagi makan sini kumpul 😂",1,Ugz6lQ-4UxI-C9eElZN4AaABAg,@De_nor23
Ugz6lQ-4UxI-C9eElZN4AaABAg.AD0bUNzTbNsAD3_oadQ6dW,,4,"2025-01-09 06:34:39",@RizkyRiplay,"Terimakasih telah menonton",1,Ugz6lQ-4UxI-C9eElZN4AaABAg,@De_nor23
UgzXAm5YOjIvFGQURG54AaABAg,1,0,"2025-01-08 02:51:30",@Fallen_181,"Wkwkwkwj mantap akhirnya first",0,,
UgzXAm5YOjIvFGQURG54AaABAg.AD0bUNTl09PAD3_rDzUt3t,,0,"2025-01-09 06:35:00",@RizkyRiplay,"Terimakasih telah menonton",1,UgzXAm5YOjIvFGQURG54AaABAg,@Fallen_181
Ugxsqg16Kie2Lf8YIxJ4AaABAg,1,0,"2025-01-08 02:51:29",@SabilahNurHalizah-is4jj,"Yeay UP😍",0,,
Ugxsqg16Kie2Lf8YIxJ4AaABAg.AD0bUFSdUt2AD3_rTgmvmW,,1,"2025-01-09 06:35:02",@RizkyRiplay,"Terimakasih telah menonton",1,Ugxsqg16Kie2Lf8YIxJ4AaABAg,@SabilahNurHalizah-is4jj
Ugx69XKNXvOh_wJCBIN4AaABAg,1,0,"2025-01-08 02:51:29",@Saifanalfarizi-qc8xv,Halow,0,,
Ugx69XKNXvOh_wJCBIN4AaABAg.AD0bUDalbMcAD3_s5oMtuP,,0,"2025-01-09 06:35:07",@RizkyRiplay,"Haloo sob",1,Ugx69XKNXvOh_wJCBIN4AaABAg,@Saifanalfarizi-qc8xv
Ugz3zwWgtwhD4j34orV4AaABAg,1,0,"2025-01-08 02:51:29",@PleaseCallMeRey,"Yg ditunggu²",0,,
Ugz3zwWgtwhD4j34orV4AaABAg.AD0bUEKtIdOAD3_t3DkcbD,,0,"2025-01-09 06:35:15",@RizkyRiplay,"Akhirnya tayang juga ya sob",1,Ugz3zwWgtwhD4j34orV4AaABAg,@PleaseCallMeRey
UgzDF3OkflGdM0Thqd54AaABAg,1,0,"2025-01-08 02:51:29",@SalmanAlfarisi-ly9et,"Ke 100 bang",0,,
UgzDF3OkflGdM0Thqd54AaABAg.AD0bUCYziK6AD3_u-Ez3Oq,,0,"2025-01-09 06:35:23",@RizkyRiplay,"Terimakasih telah menonton",1,UgzDF3OkflGdM0Thqd54AaABAg,@SalmanAlfarisi-ly9et
Ugwun18Luc7dkcjG5j14AaABAg,1,0,"2025-01-08 02:51:28",@imronrosadi6137,"Yeay pertama 🎉🎉🎉",0,,
Ugwun18Luc7dkcjG5j14AaABAg.AD0bU7C70c1AD3_uOqLaye,,0,"2025-01-09 06:35:26",@RizkyRiplay,"Terimakasih telah menonton",1,Ugwun18Luc7dkcjG5j14AaABAg,@imronrosadi6137
UgwW37Xn3lqIWB05gdl4AaABAg,1,0,"2025-01-08 02:51:28",@AbdulGhofur-e7r,"Pertama nihh",0,,
UgwW37Xn3lqIWB05gdl4AaABAg.AD0bU75hvJaAD3_v5ReTp1,,0,"2025-01-09 06:35:32",@RizkyRiplay,"Terimakasih telah menonton",1,UgwW37Xn3lqIWB05gdl4AaABAg,@AbdulGhofur-e7r
UgxhHpmAT8FFb3AA8QR4AaABAg,1,0,"2025-01-08 02:51:28",@citracitra8316,"kercep omm",0,,
UgxhHpmAT8FFb3AA8QR4AaABAg.AD0bU2d0kB3AD3_wAVoWIm,,1,"2025-01-09 06:35:41",@RizkyRiplay,"Terimakasih telah menonton",1,UgxhHpmAT8FFb3AA8QR4AaABAg,@citracitra8316
UgyjyZucHjD_Ti43fQh4AaABAg,1,1,"2025-01-08 02:51:27",@Hanzmodeon,Pertama,0,,
UgyjyZucHjD_Ti43fQh4AaABAg.AD0bU2XD8v9AD3_wW4UniX,,0,"2025-01-09 06:35:43",@RizkyRiplay,"Terimakasih telah menonton",1,UgyjyZucHjD_Ti43fQh4AaABAg,@Hanzmodeon
UgwGw0IVXQDKZVJbtDZ4AaABAg,1,0,"2025-01-08 02:51:27",@Nanaenah-l9i,"tim gercep",0,,
UgwGw0IVXQDKZVJbtDZ4AaABAg.AD0bTxwpcXdAD3_wryalPM,,0,"2025-01-09 06:35:46",@RizkyRiplay,"Terimakasih telah menonton",1,UgwGw0IVXQDKZVJbtDZ4AaABAg,@Nanaenah-l9i
Ugye7Mc3MNO2cldY4QJ4AaABAg,1,1,"2025-01-08 02:51:27",@febrianafebriana5001,"pertama nih kak sapa dongg😊",0,,
Ugye7Mc3MNO2cldY4QJ4AaABAg.AD0bTwPCLPeAD3_xQ94DSE,,1,"2025-01-09 06:35:51",@RizkyRiplay,"Haloo sob",1,Ugye7Mc3MNO2cldY4QJ4AaABAg,@febrianafebriana5001
Ugy4Y3GH_F_RWrVUzr94AaABAg,1,1,"2025-01-08 02:51:26",@pratamaaziz0859,"tim gercep",0,,
Ugy4Y3GH_F_RWrVUzr94AaABAg.AD0bTvNoxmQAD3_xxQ16M7,,0,"2025-01-09 06:35:55",@RizkyRiplay,"Terimakasih telah menonton",1,Ugy4Y3GH_F_RWrVUzr94AaABAg,@pratamaaziz0859
Ugy5gJ3KePlQFD4tKeR4AaABAg,0,0,"2025-01-08 02:51:26",@spiiihnsssss,🎉🎉,0,,
UgwWo2qR1CkC9KMFmRF4AaABAg,1,0,"2025-01-08 02:51:26",@sulisWujudaksinyata,"Pertama min wkwk",0,,
UgwWo2qR1CkC9KMFmRF4AaABAg.AD0bTs-EIL6AD3_yWnCz4I,,0,"2025-01-09 06:36:00",@RizkyRiplay,"Terimakasih telah menonton",1,UgwWo2qR1CkC9KMFmRF4AaABAg,@sulisWujudaksinyata
Ugzj-VQy6AL7gM8iVGB4AaABAg,1,0,"2025-01-08 02:51:26",@MirandaAswar,"Akhirnya yg di tunggu² lanjutan nya 🎉",0,,
Ugzj-VQy6AL7gM8iVGB4AaABAg.AD0bTqFV6tOAD3a-Rmak2m,,0,"2025-01-09 06:36:16",@RizkyRiplay,"Yang di tunggu tunggu akhirnya up juga yaa",1,Ugzj-VQy6AL7gM8iVGB4AaABAg,@MirandaAswar
Ugwdik4PElETuelKqId4AaABAg,1,0,"2025-01-08 02:51:26",@DheraAtayasusanto,"Pertama bang",0,,
Ugwdik4PElETuelKqId4AaABAg.AD0bTppcHwiAD3a-vgVcTu,,0,"2025-01-09 06:36:20",@RizkyRiplay,"Terimakasih telah menonton",1,Ugwdik4PElETuelKqId4AaABAg,@DheraAtayasusanto
Ugxj-H61sse51bBO2DF4AaABAg,1,0,"2025-01-08 02:51:25",@MithaWidia,Pertama,0,,
Ugxj-H61sse51bBO2DF4AaABAg.AD0bTkaT4sXAD3a2EgpCio,,0,"2025-01-09 06:36:39",@RizkyRiplay,"Terimakasih telah menonton",1,Ugxj-H61sse51bBO2DF4AaABAg,@MithaWidia
Ugwu_EBVUC2-fQiygsN4AaABAg,2,2,"2025-01-08 02:51:25",@LOKITTY-x35,"🎉🎉🎉 nunggu yang pacar psikopat min❤💪💪",0,,
Ugwu_EBVUC2-fQiygsN4AaABAg.AD0bTjCePeOAD3a64rKgGV,,1,"2025-01-09 06:37:10",@RizkyRiplay,"Ditunggu ya sob, animatornya lagi persiapan buat married nihh soalnya",1,Ugwu_EBVUC2-fQiygsN4AaABAg,@LOKITTY-x35
Ugwu_EBVUC2-fQiygsN4AaABAg.AD0bTjCePeOAD3cK2yXSlz,,0,"2025-01-09 06:56:33",@LOKITTY-x35,"@RizkyRiplay  semangat 💪💪☺️",1,Ugwu_EBVUC2-fQiygsN4AaABAg,@LOKITTY-x35
UgwP0fdWu0CQmkuyg9N4AaABAg,0,0,"2025-01-08 02:51:24",@asylanaila3488,🎉🎉🎉🎉,0,,
Ugy5R-zn-EOJD9c-y2V4AaABAg,1,0,"2025-01-08 02:51:24",@NadiaSari-u6x,"Langsung gercep",0,,
Ugy5R-zn-EOJD9c-y2V4AaABAg.AD0bTgAB93gAD3a6wSqciD,,0,"2025-01-09 06:37:17",@RizkyRiplay,"Terimakasih telah menonton",1,Ugy5R-zn-EOJD9c-y2V4AaABAg,@NadiaSari-u6x
Ugyqnjzv_Y_R9MjrUsh4AaABAg,1,0,"2025-01-08 02:51:24",@NaNa-c4o,"Gercep kkk 🎉",0,,
Ugyqnjzv_Y_R9MjrUsh4AaABAg.AD0bTb_GIKMAD3a7nf31Ul,,0,"2025-01-09 06:37:24",@RizkyRiplay,"Terimakasih telah menonton",1,Ugyqnjzv_Y_R9MjrUsh4AaABAg,@NaNa-c4o
UgzyvvBtoIuk3pIoieV4AaABAg,1,0,"2025-01-08 02:51:24",@masfebbb,mantap,0,,
UgzyvvBtoIuk3pIoieV4AaABAg.AD0bT_bt_v3AD3a8E8J79E,,0,"2025-01-09 06:37:28",@RizkyRiplay,"Terimakasih telah menonton",1,UgzyvvBtoIuk3pIoieV4AaABAg,@masfebbb
Ugzdv0OD4dzPHqDOhcV4AaABAg,1,1,"2025-01-08 02:51:23",@diabelitung9328,"Pertama ❤",0,,
Ugzdv0OD4dzPHqDOhcV4AaABAg.AD0bTZAJdLuAD3a8d8iqiN,,0,"2025-01-09 06:37:31",@RizkyRiplay,"Terimakasih telah menonton",1,Ugzdv0OD4dzPHqDOhcV4AaABAg,@diabelitung9328
UgzH0dYWGVFv1PXUNVB4AaABAg,1,0,"2025-01-08 02:51:23",@MuhamadHadianor,Wowww🙌🏻🙌🏻,0,,
UgzH0dYWGVFv1PXUNVB4AaABAg.AD0bTZ0wfztAD3a8uvKaLj,,0,"2025-01-09 06:37:33",@RizkyRiplay,"Terimakasih telah menonton",1,UgzH0dYWGVFv1PXUNVB4AaABAg,@MuhamadHadianor
UgzDksw45u0Ed6LwQDF4AaABAg,1,0,"2025-01-08 02:51:23",@gregoriusthristanoctavianu4498,"Ke 1",0,,
UgzDksw45u0Ed6LwQDF4AaABAg.AD0bTXE7bNoAD3a9OHOaxT,,0,"2025-01-09 06:37:37",@RizkyRiplay,"Terimakasih telah menonton",1,UgzDksw45u0Ed6LwQDF4AaABAg,@gregoriusthristanoctavianu4498
UgwkjZ4N5yy5DZH0YuV4AaABAg,1,0,"2025-01-08 02:51:23",@sindihariyani9133,"Baru nonton semalam udah tayang part 2 nya",0,,
UgwkjZ4N5yy5DZH0YuV4AaABAg.AD0bTWvG8HjAD3aAXqXpEg,,1,"2025-01-09 06:37:47",@RizkyRiplay,"Terimakasih telah menonton",1,UgwkjZ4N5yy5DZH0YuV4AaABAg,@sindihariyani9133
UgzbeJ6GlGorTcPXbCl4AaABAg,1,2,"2025-01-08 02:51:23",@SellSatoruuu,"Gercep nih❤",0,,
UgzbeJ6GlGorTcPXbCl4AaABAg.AD0bTVUvkSJAD0cFaHuJUP,,1,"2025-01-08 02:58:13",@RizkyRiplay,"Terimakasih telah menonton",1,UgzbeJ6GlGorTcPXbCl4AaABAg,@SellSatoruuu
UgyHbVC5_k0lkcKMXWJ4AaABAg,1,1,"2025-01-08 02:51:22",@FahmiJagung567,"Tim Gercep mna nih",0,,
UgyHbVC5_k0lkcKMXWJ4AaABAg.AD0bTRkLYKhAD0cPSl7rCW,,1,"2025-01-08 02:59:34",@RizkyRiplay,"Terimakasih telah menonton",1,UgyHbVC5_k0lkcKMXWJ4AaABAg,@FahmiJagung567
UgxI8SDPRxqUYveHEe94AaABAg,1,0,"2025-01-08 02:51:22",@DiegoSyahputra-o8b,Pertama,0,,
UgxI8SDPRxqUYveHEe94AaABAg.AD0bTQBhq-VAD0cQGUzFqL,,0,"2025-01-08 02:59:41",@RizkyRiplay,"Terimakasih telah menonton",1,UgxI8SDPRxqUYveHEe94AaABAg,@DiegoSyahputra-o8b
UgzAoMk_i8jq7AjI_794AaABAg,1,0,"2025-01-08 02:51:22",@NiaNurhaliza-zm2bj,Gercepppp,0,,
UgzAoMk_i8jq7AjI_794AaABAg.AD0bTO1_eGLAD3aAtZh1dx,,0,"2025-01-09 06:37:50",@RizkyRiplay,"Terimakasih telah menonton",1,UgzAoMk_i8jq7AjI_794AaABAg,@NiaNurhaliza-zm2bj
UgywX562a4uoQfNCGdV4AaABAg,1,0,"2025-01-08 02:51:22",@ulfalovers-id5on,"Pertama nih😂",0,,
UgywX562a4uoQfNCGdV4AaABAg.AD0bTMa-EM2AD0cRrv6o9q,,1,"2025-01-08 02:59:54",@RizkyRiplay,"Terimakasih telah menonton",1,UgywX562a4uoQfNCGdV4AaABAg,@ulfalovers-id5on
UgxL44EJF7HJajWIaV94AaABAg,1,0,"2025-01-08 02:51:22",@Irma-y5z,"Pertama. 1000 like nya dongs❤❤❤",0,,
UgxL44EJF7HJajWIaV94AaABAg.AD0bTMWQeQzAD0cSElrK3h,,0,"2025-01-08 02:59:57",@RizkyRiplay,"Terimakasih telah menonton",1,UgxL44EJF7HJajWIaV94AaABAg,@Irma-y5z
UgxH9rmGTzaMhHdC6Yt4AaABAg,1,0,"2025-01-08 02:51:22",@Jayarayasolution-ju5el,"Yang pertama kah",0,,
UgxH9rmGTzaMhHdC6Yt4AaABAg.AD0bTLcAYysAD0cSavTLd1,,0,"2025-01-08 03:00:00",@RizkyRiplay,"Terimakasih telah menonton",1,UgxH9rmGTzaMhHdC6Yt4AaABAg,@Jayarayasolution-ju5el
Ugwif4HH0nGkusYzijd4AaABAg,1,0,"2025-01-08 02:51:21",@RinaAini-rj2oe,Prtama😊,0,,
Ugwif4HH0nGkusYzijd4AaABAg.AD0bTKXy6xzAD0cSzjUYX8,,0,"2025-01-08 03:00:03",@RizkyRiplay,"Terimakasih telah menonton",1,Ugwif4HH0nGkusYzijd4AaABAg,@RinaAini-rj2oe
Ugx2aufa0OSGqM79zLl4AaABAg,1,0,"2025-01-08 02:51:21",@anzanitasholihah4537,"pertama nih bos",0,,
Ugx2aufa0OSGqM79zLl4AaABAg.AD0bTHr-GvfAD0cTP3pREY,,0,"2025-01-08 03:00:06",@RizkyRiplay,"Terimakasih telah menonton",1,Ugx2aufa0OSGqM79zLl4AaABAg,@anzanitasholihah4537
UgyjDR5ABK2GCsOxfoF4AaABAg,1,0,"2025-01-08 02:51:20",@TattaFadillah,"Yeyyy akhirnya tayang",0,,
UgyjDR5ABK2GCsOxfoF4AaABAg.AD0bTA-QpZ6AD3aC2XXV8a,,0,"2025-01-09 06:37:59",@RizkyRiplay,"Yang di tunggu tunggu ya sob",1,UgyjDR5ABK2GCsOxfoF4AaABAg,@TattaFadillah
UgyI9TCDO6MHqbrKqrp4AaABAg,1,0,"2025-01-08 02:51:20",@Hanyoo_Cha,"Yeyyy tim gercep nihhh!!! 😅",0,,
UgyI9TCDO6MHqbrKqrp4AaABAg.AD0bTBHYtVfAD3aFULO8us,,0,"2025-01-09 06:38:27",@RizkyRiplay,"Terimakasih telah menonton",1,UgyI9TCDO6MHqbrKqrp4AaABAg,@Hanyoo_Cha
Ugz7FRVRm1JODRhKE1B4AaABAg,1,0,"2025-01-08 02:51:20",@AmeliaNuraini-lu8mn,first😆,0,,
Ugz7FRVRm1JODRhKE1B4AaABAg.AD0bT8u9heJAD3aHdsQUAM,,0,"2025-01-09 06:38:45",@RizkyRiplay,"Terimakasih telah menonton",1,Ugz7FRVRm1JODRhKE1B4AaABAg,@AmeliaNuraini-lu8mn
UgwBTTgzFf1U0_apbpV4AaABAg,1,0,"2025-01-08 02:51:20",@DwiputriAdrianti,"Yeayyy gercepp😂🎉",0,,
UgwBTTgzFf1U0_apbpV4AaABAg.AD0bT7SfSvhAD3aI8u1igH,,0,"2025-01-09 06:38:49",@RizkyRiplay,"Terimakasih telah menonton",1,UgwBTTgzFf1U0_apbpV4AaABAg,@DwiputriAdrianti
UgyD6_9YJ8zU-pBOWRB4AaABAg,1,0,"2025-01-08 02:51:20",@JulitaYulius,"Pertama nihh😮😅",0,,
UgyD6_9YJ8zU-pBOWRB4AaABAg.AD0bT7dBGX-AD3aIapwzIc,,0,"2025-01-09 06:38:53",@RizkyRiplay,"Terimakasih telah menonton",1,UgyD6_9YJ8zU-pBOWRB4AaABAg,@JulitaYulius
UgxNGW5EgcnGDwwxP9R4AaABAg,1,0,"2025-01-08 02:51:20",@KlimQuid,"Pertama nih",0,,
UgxNGW5EgcnGDwwxP9R4AaABAg.AD0bT6xHGJNAD3aJ3o70dW,,0,"2025-01-09 06:38:57",@RizkyRiplay,"Terimakasih telah menonton",1,UgxNGW5EgcnGDwwxP9R4AaABAg,@KlimQuid
Ugy6HYKz5r9w5iwBqFx4AaABAg,0,0,"2025-01-08 02:51:20",@muhammadravizal5487,🙌🙌🙌,0,,
UgznHDTdpHzUG7yib3N4AaABAg,1,0,"2025-01-08 02:51:19",@vinamaulida2160,"Pertama nihh minn❤❤🎉🎉",0,,
UgznHDTdpHzUG7yib3N4AaABAg.AD0bT3eWxdPAD3aKB87o-z,,0,"2025-01-09 06:39:06",@RizkyRiplay,"Terimakasih telah menonton",1,UgznHDTdpHzUG7yib3N4AaABAg,@vinamaulida2160
UgzdMb08z4cnIw92B794AaABAg,1,1,"2025-01-08 02:51:19",@nuraini3483,Pertama🎉🎉🎉,0,,
UgzdMb08z4cnIw92B794AaABAg.AD0bT1Htri8AD3aKRYw2Jj,,0,"2025-01-09 06:39:08",@RizkyRiplay,"Terimakasih telah menonton",1,UgzdMb08z4cnIw92B794AaABAg,@nuraini3483
UgyCyuCs2ZCpQPhXC9N4AaABAg,1,0,"2025-01-08 02:51:19",@fitriyobo192,"Yeyy pertamaa🎉",0,,
UgyCyuCs2ZCpQPhXC9N4AaABAg.AD0bT-1_4wsAD3aKlO1UCm,,0,"2025-01-09 06:39:10",@RizkyRiplay,"Terimakasih telah menonton",1,UgyCyuCs2ZCpQPhXC9N4AaABAg,@fitriyobo192
UgwWfVzjRzQkfdZI4514AaABAg,2,10,"2025-01-08 02:51:19",@LutfiyatulHasana,Gercepp,0,,
UgwWfVzjRzQkfdZI4514AaABAg.AD0bSz1qXm7AD0bXAzPjvk,,2,"2025-01-08 02:51:53",@LutfiyatulHasana,Pertama🎉😂,1,UgwWfVzjRzQkfdZI4514AaABAg,@LutfiyatulHasana
UgwWfVzjRzQkfdZI4514AaABAg.AD0bSz1qXm7AD3aL6hvs1y,,2,"2025-01-09 06:39:13",@RizkyRiplay,"Terimakasih telah menonton",1,UgwWfVzjRzQkfdZI4514AaABAg,@LutfiyatulHasana
UgxsG-QZte20VFfbJBh4AaABAg,24,264,"2025-01-08 02:51:18",@SindyUmar,"Gercep gak nih🎉",0,,
UgxsG-QZte20VFfbJBh4AaABAg.AD0bSvmBu8BAD0bhXTWxJl,,6,"2025-01-08 02:53:26",@mianoviantiii49,2,1,UgxsG-QZte20VFfbJBh4AaABAg,@SindyUmar
UgxsG-QZte20VFfbJBh4AaABAg.AD0bSvmBu8BAD0buw4hZy4,,5,"2025-01-08 02:55:16",@GemaAltafAmin,3,1,UgxsG-QZte20VFfbJBh4AaABAg,@SindyUmar
UgxsG-QZte20VFfbJBh4AaABAg.AD0bSvmBu8BAD0cD_Bsci1,,3,"2025-01-08 02:57:57",@KHOIRULHIDAYAT-mh5gi,4,1,UgxsG-QZte20VFfbJBh4AaABAg,@SindyUmar
UgxsG-QZte20VFfbJBh4AaABAg.AD0bSvmBu8BAD0cMDktYxz,,1,"2025-01-08 02:59:08",@ayuuserrgmonn,5,1,UgxsG-QZte20VFfbJBh4AaABAg,@SindyUmar
UgxsG-QZte20VFfbJBh4AaABAg.AD0bSvmBu8BAD0csVbGPRr,,1,"2025-01-08 03:03:40",@musaynabepa2092,🎉,1,UgxsG-QZte20VFfbJBh4AaABAg,@SindyUmar
UgxsG-QZte20VFfbJBh4AaABAg.AD0bSvmBu8BAD0ehn8f6oV,,1,"2025-01-08 03:19:41",@Iwbgehisk9gdugsvdiakbxibaliksh,Gk,1,UgxsG-QZte20VFfbJBh4AaABAg,@SindyUmar
UgxsG-QZte20VFfbJBh4AaABAg.AD0bSvmBu8BAD0evuEfx9J,,0,"2025-01-08 03:21:37",@anashellaveronica,6,1,UgxsG-QZte20VFfbJBh4AaABAg,@SindyUmar
UgxsG-QZte20VFfbJBh4AaABAg.AD0bSvmBu8BAD0g7YXDwRR,,0,"2025-01-08 03:32:05",@Leesyagoku,"Mls ngiranya",1,UgxsG-QZte20VFfbJBh4AaABAg,@SindyUmar
UgxsG-QZte20VFfbJBh4AaABAg.AD0bSvmBu8BAD0hYZJHa26,,0,"2025-01-08 03:44:30",@fitriwulan2429,gercep,1,UgxsG-QZte20VFfbJBh4AaABAg,@SindyUmar
UgxsG-QZte20VFfbJBh4AaABAg.AD0bSvmBu8BAD0iAGsxneo,,0,"2025-01-08 03:49:55",@alviandraputra4239,7,1,UgxsG-QZte20VFfbJBh4AaABAg,@SindyUmar
UgxsG-QZte20VFfbJBh4AaABAg.AD0bSvmBu8BAD0iyqtOu1f,,0,"2025-01-08 03:56:58",@iniikarliz_quit,"Aku kayak nya gk gercep deh",1,UgxsG-QZte20VFfbJBh4AaABAg,@SindyUmar
UgxsG-QZte20VFfbJBh4AaABAg.AD0bSvmBu8BAD0mTYfiT4S,,0,"2025-01-08 04:27:30",@miawwwwwwwwwwwwwwwwwwwwwwwwwww,"Akuh 🎉",1,UgxsG-QZte20VFfbJBh4AaABAg,@SindyUmar
UgxsG-QZte20VFfbJBh4AaABAg.AD0bSvmBu8BAD0pEyACqMO,,0,"2025-01-08 04:51:44",@Sylvie-o9u,"Lu,ayan",1,UgxsG-QZte20VFfbJBh4AaABAg,@SindyUmar
UgxsG-QZte20VFfbJBh4AaABAg.AD0bSvmBu8BAD0wRdayYvU,,0,"2025-01-08 05:54:38",@tesalonika2420,Hadir,1,UgxsG-QZte20VFfbJBh4AaABAg,@SindyUmar
UgxsG-QZte20VFfbJBh4AaABAg.AD0bSvmBu8BAD147N6lcDp,,0,"2025-01-08 07:10:30",@sitiea,"Harus donk",1,UgxsG-QZte20VFfbJBh4AaABAg,@SindyUmar
UgxsG-QZte20VFfbJBh4AaABAg.AD0bSvmBu8BAD16WG2OwuV,,0,"2025-01-08 07:31:23",@Wildan-gd3mq,Nukan,1,UgxsG-QZte20VFfbJBh4AaABAg,@SindyUmar
UgxsG-QZte20VFfbJBh4AaABAg.AD0bSvmBu8BAD1FSvflxPE,,0,"2025-01-08 08:49:34",@ayralisha-n9s,"gercep juga nihh",1,UgxsG-QZte20VFfbJBh4AaABAg,@SindyUmar
UgxsG-QZte20VFfbJBh4AaABAg.AD0bSvmBu8BAD1YrzovBWO,,0,"2025-01-08 11:39:09",@Gavin-t2u,Saya,1,UgxsG-QZte20VFfbJBh4AaABAg,@SindyUmar
UgxsG-QZte20VFfbJBh4AaABAg.AD0bSvmBu8BAD1_JpW6e4g,,0,"2025-01-08 11:51:50",@Wizzieyx,"Gercepp dongggk",1,UgxsG-QZte20VFfbJBh4AaABAg,@SindyUmar
UgxsG-QZte20VFfbJBh4AaABAg.AD0bSvmBu8BAD3YhSvB0Ep,,0,"2025-01-09 06:16:12",@AiraNabila-z1g,😮,1,UgxsG-QZte20VFfbJBh4AaABAg,@SindyUmar
UgxsG-QZte20VFfbJBh4AaABAg.AD0bSvmBu8BAD3aLVuL0W3,,3,"2025-01-09 06:39:17",@RizkyRiplay,"Terimakasih telah menonton",1,UgxsG-QZte20VFfbJBh4AaABAg,@SindyUmar
UgxsG-QZte20VFfbJBh4AaABAg.AD0bSvmBu8BAD3kw9UsJ2l,,1,"2025-01-09 08:11:48",@abc-e2d,"Sama sama😅😊",1,UgxsG-QZte20VFfbJBh4AaABAg,@SindyUmar
UgxsG-QZte20VFfbJBh4AaABAg.AD0bSvmBu8BAD7NpliIyFh,,0,"2025-01-10 17:58:10",@chandraelyas897,"pastinya gercep kak penonyon setia",1,UgxsG-QZte20VFfbJBh4AaABAg,@SindyUmar
UgxsG-QZte20VFfbJBh4AaABAg.AD0bSvmBu8BAD8rNATTnti,,0,"2025-01-11 07:44:15",@Reksha-go7rs,"Gercep dong",1,UgxsG-QZte20VFfbJBh4AaABAg,@SindyUmar
UgwJyTpLMzYiHQySzcx4AaABAg,1,0,"2025-01-08 02:51:18",@all_yutt45,pertama,0,,
UgwJyTpLMzYiHQySzcx4AaABAg.AD0bSvPL9CaAD3aMIDdFve,,0,"2025-01-09 06:39:23",@RizkyRiplay,"Terimakasih telah menonton",1,UgwJyTpLMzYiHQySzcx4AaABAg,@all_yutt45
UgyD6wvsbtr1v0HcFXh4AaABAg,1,0,"2025-01-08 02:51:18",@Rahel-l9k,pertama☝🏻,0,,
UgyD6wvsbtr1v0HcFXh4AaABAg.AD0bSuCZtkOAD3aM_mmDEu,,0,"2025-01-09 06:39:25",@RizkyRiplay,"Terimakasih telah menonton",1,UgyD6wvsbtr1v0HcFXh4AaABAg,@Rahel-l9k
UgzYIsUyTx2VFz6-Qr94AaABAg,1,0,"2025-01-08 02:51:18",@Nadia-lk2yq,"Uwoppp langsng nggk tuhh",0,,
UgzYIsUyTx2VFz6-Qr94AaABAg.AD0bStYjTNDAD3aMy7ask0,,0,"2025-01-09 06:39:28",@RizkyRiplay,"Terimakasih telah menonton",1,UgzYIsUyTx2VFz6-Qr94AaABAg,@Nadia-lk2yq
UgyBUGREomK4BOCs7q54AaABAg,1,0,"2025-01-08 02:51:18",@iankessek1016,Prtma,0,,
UgyBUGREomK4BOCs7q54AaABAg.AD0bSrDbwIoAD3aNLhdgfr,,0,"2025-01-09 06:39:31",@RizkyRiplay,"Terimakasih telah menonton",1,UgyBUGREomK4BOCs7q54AaABAg,@iankessek1016
UgyoNWnlsCVGNHUvtrx4AaABAg,1,0,"2025-01-08 02:51:17",@Fallen_181,First,0,,
UgyoNWnlsCVGNHUvtrx4AaABAg.AD0bSpagwv6AD3aNmiNLP6,,0,"2025-01-09 06:39:35",@RizkyRiplay,"Terimakasih telah menonton",1,UgyoNWnlsCVGNHUvtrx4AaABAg,@Fallen_181
Ugy9ZYGfk5jf3OK0Xut4AaABAg,1,0,"2025-01-08 02:51:17",@Animationprisma3d,first,0,,
Ugy9ZYGfk5jf3OK0Xut4AaABAg.AD0bSluXobFAD3aO73Vty3,,0,"2025-01-09 06:39:38",@RizkyRiplay,"Terimakasih telah menonton",1,Ugy9ZYGfk5jf3OK0Xut4AaABAg,@Animationprisma3d
UgwXWAv8mXLnyp8cNgB4AaABAg,1,0,"2025-01-08 02:51:17",@fabriziokenzo3740,"Pertama bangg,semoga semakin jayaa🎉",0,,
UgwXWAv8mXLnyp8cNgB4AaABAg.AD0bSl2RxXiAD3aOujUNmt,,0,"2025-01-09 06:39:44",@RizkyRiplay,"Terimakasih telah menonton",1,UgwXWAv8mXLnyp8cNgB4AaABAg,@fabriziokenzo3740
Ugw0_WzosTdXYq9enyB4AaABAg,0,0,"2025-01-08 02:51:17",@EllyIermawati,🎉🎉🎉🎉🎉,0,,
Ugztd6jIze7dbg2NGGh4AaABAg,1,1,"2025-01-08 02:51:16",@dwiaidah333,"Komen pertama❤",0,,
Ugztd6jIze7dbg2NGGh4AaABAg.AD0bSiNxWqaAD3aPJSKpSL,,1,"2025-01-09 06:39:48",@RizkyRiplay,"Terimakasih telah menonton",1,Ugztd6jIze7dbg2NGGh4AaABAg,@dwiaidah333
UgxUgxe67stAhqGesBV4AaABAg,1,1,"2025-01-08 02:51:16",@Lowzy_aja,Pertama,0,,
UgxUgxe67stAhqGesBV4AaABAg.AD0bShxktNnAD3aPdWi47X,,0,"2025-01-09 06:39:50",@RizkyRiplay,"Terimakasih telah menonton",1,UgxUgxe67stAhqGesBV4AaABAg,@Lowzy_aja
Ugw-aj_rwYVEPGpj5LV4AaABAg,1,0,"2025-01-08 02:51:16",@perjalananwisatawan...7221,"Pertama kak dari lombok",0,,
Ugw-aj_rwYVEPGpj5LV4AaABAg.AD0bSeRCj_vAD3aQ0C6jZ1,,0,"2025-01-09 06:39:53",@RizkyRiplay,"Terimakasih telah menonton",1,Ugw-aj_rwYVEPGpj5LV4AaABAg,@perjalananwisatawan...7221
Ugwzs1IekYfP1GBqY_t4AaABAg,1,0,"2025-01-08 02:51:16",@yuliaabas2655,Pertama😂😂😂,0,,
Ugwzs1IekYfP1GBqY_t4AaABAg.AD0bSdUU2TYAD3aQSHoCJE,,1,"2025-01-09 06:39:57",@RizkyRiplay,"Terimakasih telah menonton",1,Ugwzs1IekYfP1GBqY_t4AaABAg,@yuliaabas2655
UgzYdu2krWef0I_wJTx4AaABAg,1,0,"2025-01-08 02:51:16",@NiningThaib,Yuhuuuu🎉,0,,
UgzYdu2krWef0I_wJTx4AaABAg.AD0bSdwrkJjAD3aQrYmQKL,,1,"2025-01-09 06:40:00",@RizkyRiplay,"Terimakasih telah menonton",1,UgzYdu2krWef0I_wJTx4AaABAg,@NiningThaib
Ugygwh5YE5QvYYH-qU14AaABAg,1,2,"2025-01-08 02:51:16",@lienluphe,"Pertama 😊",0,,
Ugygwh5YE5QvYYH-qU14AaABAg.AD0bSa6OMcxAD3aUrBXWP1,,0,"2025-01-09 06:40:33",@RizkyRiplay,"Terimakasih telah menonton",1,Ugygwh5YE5QvYYH-qU14AaABAg,@lienluphe
UgzbtXGnVwaFr1jHWiV4AaABAg,1,0,"2025-01-08 02:51:16",@afrilsantosogilangpratam-fq2pu,Pertama,0,,
UgzbtXGnVwaFr1jHWiV4AaABAg.AD0bSZiRBjCAD3aVRVpGkr,,0,"2025-01-09 06:40:38",@RizkyRiplay,"Terimakasih telah menonton",1,UgzbtXGnVwaFr1jHWiV4AaABAg,@afrilsantosogilangpratam-fq2pu
UgyUTYzlQsbafWCXwap4AaABAg,1,1,"2025-01-08 02:51:15",@febryanor7372,"Ye pertama",0,,
UgyUTYzlQsbafWCXwap4AaABAg.AD0bSVDLCZQAD3aW2hGbCt,,0,"2025-01-09 06:40:43",@RizkyRiplay,"Terimakasih telah menonton",1,UgyUTYzlQsbafWCXwap4AaABAg,@febryanor7372
Ugzb06Rah3qYXAo8WKZ4AaABAg,1,0,"2025-01-08 02:51:15",@Aell-444,grecepppp❤❤❤❤,0,,
Ugzb06Rah3qYXAo8WKZ4AaABAg.AD0bSUFMT9eAD3aWWSLpwL,,0,"2025-01-09 06:40:47",@RizkyRiplay,"Terimakasih telah menonton",1,Ugzb06Rah3qYXAo8WKZ4AaABAg,@Aell-444
UgwDr9O_KfouYmfN1GZ4AaABAg,1,0,"2025-01-08 02:51:14",@romiprima399,"Wah.. akhirnya",0,,
UgwDr9O_KfouYmfN1GZ4AaABAg.AD0bSScCec8AD3aWo_2C6V,,0,"2025-01-09 06:40:49",@RizkyRiplay,"Terimakasih telah menonton",1,UgwDr9O_KfouYmfN1GZ4AaABAg,@romiprima399
UgzrQMgZawBoxAK0FIt4AaABAg,1,0,"2025-01-08 02:51:14",@MarwanRiska,"Pertama mungkin😂",0,,
UgzrQMgZawBoxAK0FIt4AaABAg.AD0bSRnkUwLAD3aX3F253f,,0,"2025-01-09 06:40:51",@RizkyRiplay,"Terimakasih telah menonton",1,UgzrQMgZawBoxAK0FIt4AaABAg,@MarwanRiska
Ugzb2XFM2KnTOrGN6bF4AaABAg,1,1,"2025-01-08 02:51:14",@cameliaakheitnaa,pertamaaaa💁🏻‍♀️💁🏻‍♀️,0,,
Ugzb2XFM2KnTOrGN6bF4AaABAg.AD0bSPpQsoMAD3aXoh1VPb,,0,"2025-01-09 06:40:57",@RizkyRiplay,"Terimakasih telah menonton",1,Ugzb2XFM2KnTOrGN6bF4AaABAg,@cameliaakheitnaa
Ugxl6Hs2rYbnUZ3IxeR4AaABAg,1,0,"2025-01-08 02:51:14",@Beny-ix4xz,"Pertama nih",0,,
Ugxl6Hs2rYbnUZ3IxeR4AaABAg.AD0bSNo53CuAD3aY3hhgfA,,0,"2025-01-09 06:40:59",@RizkyRiplay,"Terimakasih telah menonton",1,Ugxl6Hs2rYbnUZ3IxeR4AaABAg,@Beny-ix4xz
UgzTWNBovdf0MQEaR6B4AaABAg,1,0,"2025-01-08 02:51:14",@DayuPradnya-ho2gl,"gercep ga nihhh?",0,,
UgzTWNBovdf0MQEaR6B4AaABAg.AD0bSNlzLHsAD3aYPWTiTx,,0,"2025-01-09 06:41:02",@RizkyRiplay,"Terimakasih telah menonton",1,UgzTWNBovdf0MQEaR6B4AaABAg,@DayuPradnya-ho2gl
UgzP9uAMtX2f-6C-cAl4AaABAg,1,1,"2025-01-08 02:51:14",@Syabil-hc1tq,First🎉🎉,0,,
UgzP9uAMtX2f-6C-cAl4AaABAg.AD0bSND-ID1AD3aYpP4Rac,,1,"2025-01-09 06:41:06",@RizkyRiplay,"Terimakasih telah menonton",1,UgzP9uAMtX2f-6C-cAl4AaABAg,@Syabil-hc1tq
UgyfYavBCkWjZtZBgd94AaABAg,1,0,"2025-01-08 02:51:13",@awalbelajar2561,"Langsung lihattt",0,,
UgyfYavBCkWjZtZBgd94AaABAg.AD0bSJzFU3gAD3a_wzkdlO,,1,"2025-01-09 06:41:23",@RizkyRiplay,"Terimakasih telah menonton",1,UgyfYavBCkWjZtZBgd94AaABAg,@awalbelajar2561
UgzcleLLV1IKpnobcp54AaABAg,1,0,"2025-01-08 02:51:13",@classicx9,"pertama bang",0,,
UgzcleLLV1IKpnobcp54AaABAg.AD0bSIFkZBXAD3aaEL9bEZ,,0,"2025-01-09 06:41:25",@RizkyRiplay,"Terimakasih telah menonton",1,UgzcleLLV1IKpnobcp54AaABAg,@classicx9
UgwenZR7Q80NjJS_ePh4AaABAg,1,0,"2025-01-08 02:51:13",@sabilaoktaviaramadhani9693,Gercep,0,,
UgwenZR7Q80NjJS_ePh4AaABAg.AD0bSHjapsiAD3ab8-AZVC,,0,"2025-01-09 06:41:33",@RizkyRiplay,"Terimakasih telah menonton",1,UgwenZR7Q80NjJS_ePh4AaABAg,@sabilaoktaviaramadhani9693
UgxLtPBy6wzbg3VRV5R4AaABAg,1,0,"2025-01-08 02:51:13",@JuvitaLegiaSari,gercep,0,,
UgxLtPBy6wzbg3VRV5R4AaABAg.AD0bSGSGFv-AD3abfQ_CJ3,,0,"2025-01-09 06:41:37",@RizkyRiplay,"Terimakasih telah menonton",1,UgxLtPBy6wzbg3VRV5R4AaABAg,@JuvitaLegiaSari
UgxT9v-unSauDh1xAaB4AaABAg,1,1,"2025-01-08 02:51:12",@Pov_55,Pertama,0,,
UgxT9v-unSauDh1xAaB4AaABAg.AD0bSDijbiLAD3abx7hoJd,,1,"2025-01-09 06:41:39",@RizkyRiplay,"Terimakasih telah menonton",1,UgxT9v-unSauDh1xAaB4AaABAg,@Pov_55
UgwWs0Ld9mg1vd-I9vt4AaABAg,1,0,"2025-01-08 02:51:12",@mallasariraz6167,"pertm bangg🎉",0,,
UgwWs0Ld9mg1vd-I9vt4AaABAg.AD0bSAKrcSpAD3acIzhLFq,,0,"2025-01-09 06:41:42",@RizkyRiplay,"Terimakasih telah menonton",1,UgwWs0Ld9mg1vd-I9vt4AaABAg,@mallasariraz6167
UgzOjqqzQ1UNhw_ppt54AaABAg,1,0,"2025-01-08 02:51:12",@RefaldiWowo,Pertama,0,,
UgzOjqqzQ1UNhw_ppt54AaABAg.AD0bS9hgDpvAD3acfkxi-3,,0,"2025-01-09 06:41:45",@RizkyRiplay,"Terimakasih telah menonton",1,UgzOjqqzQ1UNhw_ppt54AaABAg,@RefaldiWowo
UgzxsQFLywgZpG9VYFB4AaABAg,1,0,"2025-01-08 02:51:11",@rafifmaulana9621,#1,0,,
UgzxsQFLywgZpG9VYFB4AaABAg.AD0bS5BoCgcAD3adCNOW9-,,0,"2025-01-09 06:41:50",@RizkyRiplay,"Terimakasih telah menonton",1,UgzxsQFLywgZpG9VYFB4AaABAg,@rafifmaulana9621
Ugwg1df8WAL-gDOoAaN4AaABAg,1,0,"2025-01-08 02:51:12",@ritaritaastutik7303,pertama🎉🎉,0,,
Ugwg1df8WAL-gDOoAaN4AaABAg.AD0bS56Q5oXAD3adYdpdeW,,0,"2025-01-09 06:41:52",@RizkyRiplay,"Terimakasih telah menonton",1,Ugwg1df8WAL-gDOoAaN4AaABAg,@ritaritaastutik7303
UgxSZfIAx8djMbR5KV54AaABAg,1,0,"2025-01-08 02:51:11",@ajisaubirin5080,"Tim gercep",0,,
UgxSZfIAx8djMbR5KV54AaABAg.AD0bS5ZpPQyAD3adtovToG,,0,"2025-01-09 06:41:55",@RizkyRiplay,"Terimakasih telah menonton",1,UgxSZfIAx8djMbR5KV54AaABAg,@ajisaubirin5080
UgxDGGJWIGYptp8H2694AaABAg,1,0,"2025-01-08 02:51:09",@raditnigenk1411,"Pertama bang",0,,
UgxDGGJWIGYptp8H2694AaABAg.AD0bRrnvkucAD3aeGpYdkG,,0,"2025-01-09 06:41:58",@RizkyRiplay,"Terimakasih telah menonton",1,UgxDGGJWIGYptp8H2694AaABAg,@raditnigenk1411
Ugww48DGPLomvbOLjtF4AaABAg,1,1,"2025-01-08 02:51:09",@SariN-x4b,"Pertama dpt ap",0,,
Ugww48DGPLomvbOLjtF4AaABAg.AD0bRqPajvFAD3aefK4KAZ,,0,"2025-01-09 06:42:02",@RizkyRiplay,"Terimakasih telah menonton",1,Ugww48DGPLomvbOLjtF4AaABAg,@SariN-x4b
UgzN_kbWif6Rn_Mbpr94AaABAg,1,0,"2025-01-08 02:51:09",@나스하아,"pertamaaa minnnn🎉🎉🎉🎉🎉",0,,
UgzN_kbWif6Rn_Mbpr94AaABAg.AD0bRpdSOA6AD3af0frKM6,,0,"2025-01-09 06:42:04",@RizkyRiplay,"Terimakasih telah menonton",1,UgzN_kbWif6Rn_Mbpr94AaABAg,@나스하아
Ugw_-CBx6R-TmDVlF_B4AaABAg,1,0,"2025-01-08 02:51:08",@ratihnew8587,"ke 1❤",0,,
Ugw_-CBx6R-TmDVlF_B4AaABAg.AD0bRdBV2RAAD3aga3qs2T,,0,"2025-01-09 06:42:17",@RizkyRiplay,"Terimakasih telah menonton",1,Ugw_-CBx6R-TmDVlF_B4AaABAg,@ratihnew8587
Ugy70ae4e3en1_53GXJ4AaABAg,1,0,"2025-01-08 02:51:07",@rzkirmdhniyt4490,mantapp,0,,
Ugy70ae4e3en1_53GXJ4AaABAg.AD0bRbY5X2oAD3ah08sqt6,,0,"2025-01-09 06:42:21",@RizkyRiplay,"Terimakasih telah menonton",1,Ugy70ae4e3en1_53GXJ4AaABAg,@rzkirmdhniyt4490
Ugx8f5oo5XxsJIiNG9V4AaABAg,2,1,"2025-01-08 02:51:07",@Kayla-q6l,Pertama,0,,
Ugx8f5oo5XxsJIiNG9V4AaABAg.AD0bRZhwtzjAD3ahIEUCBf,,1,"2025-01-09 06:42:23",@RizkyRiplay,"Terimakasih telah menonton",1,Ugx8f5oo5XxsJIiNG9V4AaABAg,@Kayla-q6l
Ugx8f5oo5XxsJIiNG9V4AaABAg.AD0bRZhwtzjADAzIfpF0n-,,0,"2025-01-12 03:32:02",@Kayla-q6l,"@RizkyRiplay  sama sama bang Riski semoga sehat selalu aminnn 😄🥳",1,Ugx8f5oo5XxsJIiNG9V4AaABAg,@Kayla-q6l
UgzgcGgzqaRGwnZpOPl4AaABAg,1,0,"2025-01-08 02:51:07",@rapihsusilawati,"Akhirnya up juga❤",0,,
UgzgcGgzqaRGwnZpOPl4AaABAg.AD0bRY96xtZAD3ahX3QnTB,,0,"2025-01-09 06:42:25",@RizkyRiplay,"Terimakasih telah menonton",1,UgzgcGgzqaRGwnZpOPl4AaABAg,@rapihsusilawati
Ugyajj_HAtpFML9Cgq14AaABAg,1,1,"2025-01-08 02:51:07",@iqbalkhaidar-v2v,"ke 1",0,,
Ugyajj_HAtpFML9Cgq14AaABAg.AD0bRXb_l5DAD3ahuNMiJt,,0,"2025-01-09 06:42:28",@RizkyRiplay,"Terimakasih telah menonton",1,Ugyajj_HAtpFML9Cgq14AaABAg,@iqbalkhaidar-v2v
UgxY4L6NuulkZbAsyW94AaABAg,2,0,"2025-01-08 02:51:07",@REZZ_KING,First❤❤,0,,
UgxY4L6NuulkZbAsyW94AaABAg.AD0bRWwPwbcAD3aiVjhUfI,,0,"2025-01-09 06:42:33",@RizkyRiplay,"Terimakasih telah menonton",1,UgxY4L6NuulkZbAsyW94AaABAg,@REZZ_KING
UgxY4L6NuulkZbAsyW94AaABAg.AD0bRWwPwbcAD4Ls95hDeZ,,0,"2025-01-09 13:43:18",@REZZ_KING,Yaayyyy😊😊,1,UgxY4L6NuulkZbAsyW94AaABAg,@REZZ_KING
UgzLOr4NOtrRU8MxY2R4AaABAg,1,0,"2025-01-08 02:51:06",@RixxToll,"Pertama bg",0,,
UgzLOr4NOtrRU8MxY2R4AaABAg.AD0bRUFG2M-AD3aim4mb9r,,0,"2025-01-09 06:42:35",@RizkyRiplay,"Terimakasih telah menonton",1,UgzLOr4NOtrRU8MxY2R4AaABAg,@RixxToll
Ugwdffs7lKdKGEUiAUV4AaABAg,1,0,"2025-01-08 02:51:06",@cucumelenia95,Gerceeep,0,,
Ugwdffs7lKdKGEUiAUV4AaABAg.AD0bRTwpMlIAD3ajMi6LhX,,0,"2025-01-09 06:42:40",@RizkyRiplay,"Terimakasih telah menonton",1,Ugwdffs7lKdKGEUiAUV4AaABAg,@cucumelenia95
UgxYp9arguiJcg7_a8d4AaABAg,1,0,"2025-01-08 02:51:06",@WidiaSampit-n4r,"pertama min",0,,
UgxYp9arguiJcg7_a8d4AaABAg.AD0bRQKppN_AD3ajaaLDyG,,0,"2025-01-09 06:42:42",@RizkyRiplay,"Terimakasih telah menonton",1,UgxYp9arguiJcg7_a8d4AaABAg,@WidiaSampit-n4r
Ugy9N-JeD50pKqRi3Bx4AaABAg,1,0,"2025-01-08 02:51:06",@miazuliani6480,Pertama,0,,
Ugy9N-JeD50pKqRi3Bx4AaABAg.AD0bRPXHIKKAD3ajwIXb30,,0,"2025-01-09 06:42:45",@RizkyRiplay,"Terimakasih telah menonton",1,Ugy9N-JeD50pKqRi3Bx4AaABAg,@miazuliani6480
Ugz82Uj8-JPNpP35del4AaABAg,1,0,"2025-01-08 02:51:06",@nuriani6435,"Hai kakak",0,,
Ugz82Uj8-JPNpP35del4AaABAg.AD0bRPUN9KNAD3akGSP3gt,,0,"2025-01-09 06:42:47",@RizkyRiplay,"Terimakasih telah menonton",1,Ugz82Uj8-JPNpP35del4AaABAg,@nuriani6435
UgwiwFEvoYS9ykKVl-V4AaABAg,1,0,"2025-01-08 02:51:04",@Srkeke-i3n,Pertama😊,0,,
UgwiwFEvoYS9ykKVl-V4AaABAg.AD0bRF-puLXAD3akW3PiZp,,0,"2025-01-09 06:42:49",@RizkyRiplay,"Terimakasih telah menonton",1,UgwiwFEvoYS9ykKVl-V4AaABAg,@Srkeke-i3n
Ugy7tA1ao_h4-M-SAet4AaABAg,1,0,"2025-01-08 02:51:04",@pecandoesangoe8727,"Pertama Minn",0,,
Ugy7tA1ao_h4-M-SAet4AaABAg.AD0bR7o2nJaAD3aksf1uAL,,0,"2025-01-09 06:42:53",@RizkyRiplay,"Terimakasih telah menonton",1,Ugy7tA1ao_h4-M-SAet4AaABAg,@pecandoesangoe8727
Ugz7hEa7ae4UtzuKCb94AaABAg,1,0,"2025-01-08 02:51:04",@Lohooo,Pertama,0,,
Ugz7hEa7ae4UtzuKCb94AaABAg.AD0bR8-778KAD3al9jfjsg,,0,"2025-01-09 06:42:55",@RizkyRiplay,"Terimakasih telah menonton",1,Ugz7hEa7ae4UtzuKCb94AaABAg,@Lohooo
Ugxr_Z-wQyua-fPWjDB4AaABAg,1,0,"2025-01-08 02:51:03",@krisgaming1680,Permata,0,,
Ugxr_Z-wQyua-fPWjDB4AaABAg.AD0bR6SvlIoAD3alPUAYyp,,0,"2025-01-09 06:42:57",@RizkyRiplay,"Terimakasih telah menonton",1,Ugxr_Z-wQyua-fPWjDB4AaABAg,@krisgaming1680
UgxWTOv80ANQa8JDKhF4AaABAg,1,0,"2025-01-08 02:51:02",@YanuarSujatmiko,"Pertama bang",0,,
UgxWTOv80ANQa8JDKhF4AaABAg.AD0bQv8vLpoAD3alm2gyP1,,0,"2025-01-09 06:43:00",@RizkyRiplay,"Terimakasih telah menonton",1,UgxWTOv80ANQa8JDKhF4AaABAg,@YanuarSujatmiko
UgxDt7qSAf2eBudWndp4AaABAg,1,2,"2025-01-08 02:51:00",@Hwzychan,Gercep❤,0,,
UgxDt7qSAf2eBudWndp4AaABAg.AD0bQke42ivAD3am4wrTS1,,0,"2025-01-09 06:43:02",@RizkyRiplay,"Terimakasih telah menonton",1,UgxDt7qSAf2eBudWndp4AaABAg,@Hwzychan
