id,replyCount,likeCount,publishedAt,authorName,text,isReply,isReplyTo,isReplyToName
Ugzr6I6SBj4td-r4u8J4AaABAg,0,0,"2026-05-19 08:50:12",@hanyaaku-bg8vu,"jangann judii ya guyss",0,,
Ugzb6fV8bARzV2TMyhx4AaABAg,0,0,"2026-05-17 12:07:05",@muhsekill6021,2:44,0,,
Ugy55XV2RnpucLkvUdF4AaABAg,0,0,"2026-05-17 12:06:57",@muhsekill6021,3:44,0,,
Ugyz1eISNlb2YlrxP3Z4AaABAg,0,0,"2026-05-17 12:06:41",@muhsekill6021,2.44,0,,
Ugy1ZJcygvr6Q1yAsx94AaABAg,0,0,"2026-05-17 07:46:33",@zaenalawaludin7390,"06:25 real banget ya 😅",0,,
Ugz2YFRwKvBU0S8tv5x4AaABAg,0,0,"2026-05-16 06:04:22",@RifqiFaiz-d9b7n,"Jangan judi nanti dosa",0,,
UgzmqoeNzqGka54kWKZ4AaABAg,0,0,"2026-05-15 15:10:31",@iqbal-h9m1n,"Top orang kecanduan susah dikasih tau: 1.Orang merokok 2.Orang judol 3.pejabat",0,,
UgxcKtZ77wBD5sUzb-R4AaABAg,0,0,"2026-05-13 03:49:18",@Reyfalls-g6x,"Dah stres gara2 judol😂😂😂😂",0,,
Ugx0Txa3Z8FTzXXGTxZ4AaABAg,0,0,"2026-05-12 06:58:54",@galihHasnahrabani10,"Lah itu kaki nya nge glict yang lagi iklan tanggo",0,,
UgyGG_xHGJz0tO52Sz94AaABAg,0,1,"2026-05-09 10:38:24",@pramitaputri3336,"Wah, background gambar Warung sate yang dipakai itu warung sate kambing saya. 😂 https://maps.app.goo.gl/sgGiuS3NChGnSnEe6?g_st=ac",0,,
UgyWqnLrAABPkJvaL1J4AaABAg,0,0,"2026-05-08 12:40:25",@VksTiko,"nama gua bang😂😭",0,,
UgxyO-2TGadivkx5XUZ4AaABAg,1,1,"2026-05-05 18:46:25",@callednoppp,ckckckkk,0,,
UgxyO-2TGadivkx5XUZ4AaABAg.AWRQvCa5EzLAWSPjOF-0Yi,,1,"2026-05-06 03:55:19",@RizkyRiplay,"Ambil pelajaran dari cerita ini ya",1,UgxyO-2TGadivkx5XUZ4AaABAg,@callednoppp
Ugwl-mGtjpcv14ftUpF4AaABAg,1,1,"2026-05-04 14:48:37",@OfficialPositif,"Di pesbuk & ig banyak iklan judi. Apa gunanya komdigi🤣",0,,
Ugwl-mGtjpcv14ftUpF4AaABAg.AWOQubNh4N-AWPjg9pFkko,,1,"2026-05-05 03:00:39",@RizkyRiplay,"Ambil pelajaran dari cerita ini ya",1,Ugwl-mGtjpcv14ftUpF4AaABAg,@OfficialPositif
UgzWiDG1SuTmL2RzTOR4AaABAg,1,1,"2026-05-04 06:36:26",@gw_belumtau,"Duit halal jadi duit haram 💔 Ya 1000 kan halal pas di game dan di kembalikan jadi haram 💔",0,,
UgzWiDG1SuTmL2RzTOR4AaABAg.AWNY_g_Z4-sAWQOhvypbQz,,0,"2026-05-05 09:07:54",@RizkyRiplay,"Semoga ada pelajaran yang bisa diambil dari cerita ini ya",1,UgzWiDG1SuTmL2RzTOR4AaABAg,@gw_belumtau
UgzSoUBdH9D-EbRt5H14AaABAg,0,0,"2026-05-04 05:28:51",@ArilBugis-k2r,"Tu jangan pcrn nanti hamilin anak orang KY ini ni video nya",0,,
UgxwYiDUQ_J09rhqksl4AaABAg,0,0,"2026-05-03 12:55:34",@ArifRNS0.7,"3:29 kirain alarm🗿😂",0,,
UgzilRz4fBwR6oAV-_Z4AaABAg,0,0,"2026-05-03 08:32:40",@GustyRanda-p6h,10:23😂😂,0,,
Ugw4gPzdk-YqZJqYxJt4AaABAg,0,1,"2026-05-03 04:54:40",@archive_A-j8,11:56😂,0,,
Ugxmj-OHD6TplDbYTkB4AaABAg,0,0,"2026-05-02 10:18:32",@Cocobain-l3k,"Judul anjink emng.gua kena tipu sama teman gua yg sudah lama kenal.",0,,
UgyUUCYwMgV_ibEgwHl4AaABAg,0,0,"2026-05-01 15:05:57",@AbdulRachman-o6u,"Salah manusia yg paling susah di nasehatin itu penjudi ..klau udh buat kalian para perempuan hati hati klau kenal cowo penjudi... tinggalin!",0,,
UgxZOdJgQoXGjxTNxcx4AaABAg,0,0,"2026-05-01 01:36:54",@AlvaroPutra-ue3xy,.,0,,
UgyS3XIS0rrrMc7c-rt4AaABAg,2,0,"2026-04-29 14:53:24",@SymboliRudolf-f2p,"Lucu kali kata katanya😂😂😂 ""semoga judol di berantas oleh pemerintah""😂😂😂",0,,
UgyS3XIS0rrrMc7c-rt4AaABAg.AWBZUH-xVNtAWD-Vnp4Adk,,1,"2026-04-30 04:17:31",@RizkyRiplay,"Jangan nyentuh judol ya sob",1,UgyS3XIS0rrrMc7c-rt4AaABAg,@SymboliRudolf-f2p
UgyS3XIS0rrrMc7c-rt4AaABAg.AWBZUH-xVNtAWV80DaxeTu,,0,"2026-05-07 05:18:11",@SymboliRudolf-f2p,"​@RizkyRiplaysiap bg tapi joks nya lucu loh😂😂",1,UgyS3XIS0rrrMc7c-rt4AaABAg,@SymboliRudolf-f2p
Ugzsu9Z4Tp2HehqpnoN4AaABAg,0,0,"2026-04-27 09:18:21",@ralvinsimon2042,"Tiko tai. Hamilin anak orang, main judol. Rusak2",0,,
UgwAXCb3MMSSlS2SBvN4AaABAg,1,0,"2026-04-27 08:37:11",@ramonavrilso,"bang tetanggaku sering banget narkoba sampay dipenjara sampay 2 tahun tapi aku gak bermaksut menghina aku cuman mau ngasih tau aja",0,,
UgwAXCb3MMSSlS2SBvN4AaABAg.AW5jpzI_8HrAW89PXiTozG,,0,"2026-04-28 07:07:51",@RizkyRiplay,"Ambil pelajaran dari hal tersebut ya",1,UgwAXCb3MMSSlS2SBvN4AaABAg,@ramonavrilso
UgxxGh0Ils_7VivnpcV4AaABAg,0,0,"2026-04-26 07:23:33",@GoldaKopi-z6k3w,"Di sini ada di desa , orngtuanya Ampe gade motor byar utang anak nya nge judol",0,,
UgxwNtlmomNU54TFToB4AaABAg,0,0,"2026-04-26 01:01:04",@MR_DESGN,"ya kan membutuh kan nya bukan gitu kotak amal untuk kebutuhan masjid",0,,
Ugwn454xoFRQI1QhaG54AaABAg,0,0,"2026-04-24 14:47:30",@AJbrtgamingtutorial,"Istri si tiko lumayan juga",0,,
Ugwjn3KkK8EsdCb-UtZ4AaABAg,0,0,"2026-04-24 13:16:09",@RiskiRamadhan-i5y,"Ini kayak di game pikabu stop",0,,
Ugzgui5xmNcO5itSMRR4AaABAg,0,0,"2026-04-24 06:27:18",@dandidanuarta1918,"@tikus4d itu contoh ny situs penipuan",0,,
Ugwp2CfZla4deGWrb494AaABAg,0,0,"2026-04-23 10:59:55",@RiskiAditiapratama-y8d,"8:19 8:20 8:21 8:22 8:23 8:24 8:25 8:26 8:27 8:28 8:29 8:29 8:30 8:31 8:31 8:31 8:31 8:31 8:32 8:32 8:32 8:32 8:32 8:33 8:33 8:33 8:33 8:34 8:35 8:35 8:35 8:35 8:35 8:35 8:36",0,,
Ugx0BhVFkZP_JRLtIVx4AaABAg,0,1,"2026-04-23 10:57:29",@RiskiAditiapratama-y8d,"5:44 kdrt 😂😂😂",0,,
UgwPm83xnYA3CXYeljh4AaABAg,0,0,"2026-04-21 15:01:38",@user-cb6el5py5c,"andai bos nya ga gitu",0,,
UgzpxGEgJ8_6lG1x67h4AaABAg,0,0,"2026-04-19 19:42:58",@RYNM011,"Anj gw rungkad Mulu 🗿",0,,
Ugzl2SIwrMeSEonDIBR4AaABAg,1,0,"2026-04-19 13:52:21",@stasiavissarinonnovna,"KONTEN APAAN INI CUY, BERMANFAAT BGT..",0,,
Ugzl2SIwrMeSEonDIBR4AaABAg.AVmhYHCZCy-AVohOa3gxcN,,0,"2026-04-20 08:29:30",@RizkyRiplay,"Terimakasih telah menonton, semoga terhibur dengan konten kami yaa",1,Ugzl2SIwrMeSEonDIBR4AaABAg,@stasiavissarinonnovna
UgwFI2Bcktgrt2QgmLV4AaABAg,2,1,"2026-04-17 04:01:06",@hidupjokowi-v67,"Alhamdulillah udh 1 tahun ga judol",0,,
UgwFI2Bcktgrt2QgmLV4AaABAg.AVgVIA5pkA3AVgbUxlQ-Mh,,1,"2026-04-17 05:04:01",@RizkyRiplay,"Alhamdulillah udh berhenti yaa, semangat terussss",1,UgwFI2Bcktgrt2QgmLV4AaABAg,@hidupjokowi-v67
UgwFI2Bcktgrt2QgmLV4AaABAg.AVgVIA5pkA3AVuDMWWWU0R,,0,"2026-04-22 11:53:47",@SyamuelArgaPrayata-t1j,"​​@RizkyRiplayGercep banget balas",1,UgwFI2Bcktgrt2QgmLV4AaABAg,@hidupjokowi-v67
UgzcncQ4bKR4v3xjUN54AaABAg,1,4,"2026-04-14 19:01:20",@aurel-s9y,"Sukses adalah di masa depan yg like jadi CEO aminnnn ya Allah yarobal almin 😊",0,,
UgzcncQ4bKR4v3xjUN54AaABAg.AVaNw-EkB3HAVbD8SC3bdZ,,0,"2026-04-15 02:46:17",@RizkyRiplay,"Sukses dan sehat selalu ya sob",1,UgzcncQ4bKR4v3xjUN54AaABAg,@aurel-s9y
UgwIHxOjMgOuUss06Hx4AaABAg,0,0,"2026-04-14 18:46:08",@channelinviteme4680,"intinya.. yg bilang judi haram sih yg kalah.. yg menang mah masuk tipi.. jadi film god of gmbler..",0,,
Ugy55nuTo1gFJvuIsIp4AaABAg,0,0,"2026-04-14 05:00:39",@9A_Gaming,"Di cari kata paustad yg suka mqin jodol tobat woi",0,,
UgzuuJZgrvJ-Pn9CsPx4AaABAg,0,1,"2026-04-13 10:21:41",@ferdi7780,11:56,0,,
UgzW2YyrIJYPU3BktbN4AaABAg,0,4,"2026-04-13 06:38:47",@AdityaDaniswara-l8j,"cocok nih dijadiin film👊",0,,
Ugz0DcIto19wAB_fM-J4AaABAg,0,1,"2026-04-13 06:37:15",@MuhammadRifkyyy,😮,0,,
UgyyDZsaj7diFb8ubWV4AaABAg,1,3,"2026-04-11 12:46:43",@cryptohunter5691,"Kaget njirr.. ringtone hp nya mirip ringtone gue...",0,,
UgyyDZsaj7diFb8ubWV4AaABAg.AVSzfaHtEiBAVT6ckud6GK,,0,"2026-04-11 13:56:14",@ZIDANFT1,"Kyk di hp bpk gw🗿",1,UgyyDZsaj7diFb8ubWV4AaABAg,@cryptohunter5691
Ugzm0M5bZQlv4BvKtlt4AaABAg,0,1,"2026-04-11 09:48:22",@kucing_mewing-e9r,"Judi tidak guna",0,,
UgyIHArbnkanjXB2i314AaABAg,0,1,"2026-04-11 09:31:05",@ZainGsp-yh9hx,"malah jadi agus buta",0,,
UgxlKSQH223dk-TGymB4AaABAg,0,0,"2026-04-09 06:56:09",@virgo_123-abc,"Seru banget film nya bang 👏🏻",0,,
Ugx-9C_0HE-N-891opR4AaABAg,0,1,"2026-04-09 02:44:24",@satria-w4l,"ekonomi sejahat itu ya",0,,
UgzdlkocTxVvAY46aRB4AaABAg,0,0,"2026-04-08 13:53:10",@alfinafina8685,"Coba coba kok main kakek,dahlah🤣",0,,
Ugw7Mmnuy41FIuDhfut4AaABAg,0,0,"2026-04-08 10:27:35",@HanaSafira-if4uo,2026,0,,
UgxKqwtqvCyxqJuv-Np4AaABAg,0,0,"2026-04-08 10:05:03",@yusrizalyugastianputra5146,"apes banget jir nasibnya",0,,
UgyiwXTI9xxOXGSgHsF4AaABAg,0,0,"2026-04-05 12:32:03",@IlkhamNurhidayat-m8d,"Itu tempat ngumpetnya kek gak asing",0,,
UgzBOEtmvgC5BFHu-qZ4AaABAg,0,0,"2026-04-05 12:09:20",@Lucky-b5s7u,"Hindari ini -Cewek -Narkoba -Rokok -Hutang/Pinjol -Slot",0,,
UgxgWA_muRIlGyng8_N4AaABAg,0,0,"2026-04-05 10:39:24",@ajengoktaa-w9i4z,"judi juga bisa bikin kita yang gak ada uang",0,,
UgzprUaBwhJaMvSbTgZ4AaABAg,0,0,"2026-04-05 10:31:36",@CekikCekuk,cuu,0,,
UgzidC9EXESAUaMj6UN4AaABAg,0,0,"2026-04-04 15:01:58",@MohammadRoyhan-bx5df,"lebih serem dari film horror ini",0,,
Ugzul7TDCDIJH0Zzbg54AaABAg,0,0,"2026-04-03 10:16:59",@stickman-l6t,"Tiba-tiba lagu pas gue kecil pas gue masih TK lagi mana pakai gitar dulu tapi pakai gitar dari kayu sih atau dibilang dibuat sendiri",0,,
Ugx1ligsQ7RKzl5XMbB4AaABAg,0,0,"2026-04-03 06:53:10",@arsahei,"Temenku gara"" judol. Tanah motor mobil habis di jual gara"" judol",0,,
UgyUVBt1XkH5gsFofYh4AaABAg,0,0,"2026-04-03 06:35:56",@Redmi123H4-p8z,"Motor beat velg revo😂",0,,
UgwiLVhCYpdXC1XH7th4AaABAg,0,0,"2026-04-02 09:25:22",@UjangUjang-u4f,"Udah 7 tahun aja bang",0,,
UgyrCX87B9TQUEjmAHd4AaABAg,0,0,"2026-04-02 06:20:40",@usagiuk,6:24,0,,
UgzipwSoofddBdtvLRB4AaABAg,0,1,"2026-04-02 04:13:54",@ArianaAdawiyah-e5v,"Kok isterinya itam🗿?",0,,
UgwTjOLPitD8WxS-gZd4AaABAg,0,0,"2026-04-01 06:13:25",@hiroffc10,"4:34 😢",0,,
Ugy6vkLzZ8zQ8r_BEVR4AaABAg,1,2,"2026-03-30 13:49:41",@MohamadRafael-r6c,"Intinya jangan judol guys, itu gak baik buat diri sendiri",0,,
Ugy6vkLzZ8zQ8r_BEVR4AaABAg.AUzCLKPIjy7AV-hlK2Af7t,,0,"2026-03-31 03:52:14",@RizkyRiplay,"Ambil pelajaran dari cerita ini ya",1,Ugy6vkLzZ8zQ8r_BEVR4AaABAg,@MohamadRafael-r6c
UgxQrWuOThn9wQGEZSJ4AaABAg,1,0,"2026-03-30 09:40:49",@Rafiangara,"Astaghfirullah halazim",0,,
UgxQrWuOThn9wQGEZSJ4AaABAg.AUykrad2vx3AUyl8VH3Ymc,,0,"2026-03-30 09:43:16",@Rafiangara,"Tahanan gendeng",1,UgxQrWuOThn9wQGEZSJ4AaABAg,@Rafiangara
UgxHyb8c74bWoaU4am14AaABAg,0,0,"2026-03-27 10:32:28",@LukMan-t6t6k,"Gue main judi selot onlen tapi WD caranya ganti ganti akun nomer wa dan jangan napsuh hanya iseng doang uang judi itu ga berkah",0,,
UgxHASvl9Gkf9cFFDb14AaABAg,1,0,"2026-03-26 01:53:04",@RandomSingkat_09,cihuyyyy,0,,
UgxHASvl9Gkf9cFFDb14AaABAg.AUnc97UDh3oAUnkfymeNFz,,0,"2026-03-26 03:07:35",@RizkyRiplay,"Terimakasih telah menonton",1,UgxHASvl9Gkf9cFFDb14AaABAg,@RandomSingkat_09
Ugz1Rhk4f7R6HDDf6Hd4AaABAg,0,0,"2026-03-25 07:35:40",@KomarUdin-rk1hz,"Janngan judi karena judi itu merusak iman dan juga merusak kehidupan walauoun duit kau banyak tetapi tetap habis duit nya judi itu hukum nya haram kamu dapat duit hasil judi kamu beri kan kepada keluarga mu itu sama saja seperti memberi racun keluarga keluarga mu dan itu akan menjadi darah daging mau tidak mau anggota badan akan melakukan maksiat",0,,
UgxqdkXa8TIYZU5xEH54AaABAg,0,0,"2026-03-25 03:45:16",@PUTRAROBLOX,"Bapak gw kemarin hampir aja mau main judol tapi langsung ku bilang ke bapak gw itu haram dan bapak gw gak jadi main😁",0,,
UgxtFIs4EEwN1kp9K-N4AaABAg,0,0,"2026-03-23 05:23:42",@fauzirahmad807,"KISAHNYA MIRIP DI TEMPAT KU, KURIR J&TOD KEJEBAK MAIN SLOT",0,,
Ugx6v62s2fDrrU60iqJ4AaABAg,0,0,"2026-03-22 18:57:36",@NursarifAlhakam-dc8do,🤣🤣🤣,0,,
UgyIAqAWR-5DGu6zpxN4AaABAg,0,0,"2026-03-22 03:49:56",@verasylvia520,"Udah deh kacau",0,,
Ugy8pMDxia2ijhBAB4V4AaABAg,0,3,"2026-03-20 04:37:30",@husnasyifaul,"maap telat komen ""intinya jangan berkembang biak sebelum berkembang baik""",0,,
Ugw7pcRd2wvJ71yJy1Z4AaABAg,0,0,"2026-03-19 10:16:06",@kalamcarito8037,"Terus terang saya anak muda yang dulu sebelum main slot Uang 400 cukup sebulan Skrng kenal selot Melebihi itu Uang gajih abis terus",0,,
UgwacuTulk6Yf0F_gRh4AaABAg,0,0,"2026-03-19 07:27:50",@AMBUDUDUXML,🎉🎉🎉,0,,
UgwCLiTb6qMNm2WdW8t4AaABAg,0,0,"2026-03-14 02:51:29",@OzilRafan,"Bukan ny judol di blokir malah tiktok roblox dll😹",0,,
UgzdyFitXc7Hqy-Ztd54AaABAg,0,0,"2026-03-09 14:38:07",@rudisyahyunan4006,😢😢😢😢😢😅dvxvbdfshgh,0,,
UgztJZDoUb1m2MHtOcZ4AaABAg,0,0,"2026-03-08 09:32:12",@MrMr-f1f1b,"Orang yg membutuh kan❎ Orang yg ingin miskin dan gila✅",0,,
Ugw3pb_cDIHMJwwOCNp4AaABAg,0,0,"2026-03-08 07:16:38",@ZahiArfandhiya,#boikotjudol,0,,
UgxFkDaVkb4hg9oO37d4AaABAg,0,0,"2026-03-08 03:38:08",@Yudi2904,"Kok kayak bilang mata gitu yaallah😮",0,,
UgzJY25RGzaYcz3OGNR4AaABAg,0,1,"2026-03-07 13:58:34",@koxxxxv,"P, gw terakhir nih pasti 🗿",0,,
Ugy69Mk9gUzcdpQZP3h4AaABAg,0,0,"2026-03-04 10:20:40",@Eni_xyt,"Keren sih film ny bermanfaat",0,,
UgwqliAo9ut9SfVsX9V4AaABAg,1,0,"2026-03-02 17:18:26",@RokaRoka-i4v,"gacor gacor 😂",0,,
UgwqliAo9ut9SfVsX9V4AaABAg.ATrTympV1pmATsWyW_FVfV,,0,"2026-03-03 03:03:51",@RizkyRiplay,"Ambil pelajaran dari cerita ini yaa",1,UgwqliAo9ut9SfVsX9V4AaABAg,@RokaRoka-i4v
UgzEWB6H5eu5VY8k5NV4AaABAg,1,0,"2026-03-02 05:48:54",@mulyatri,"Emang lowongan goblok. Maksimal 25. Tapi pengalaman 10. Maksudnya lu baru selesai SMP langsung kerja gitu",0,,
UgzEWB6H5eu5VY8k5NV4AaABAg.ATqF3PYjvvRATsw6IQ9DSn,,0,"2026-03-03 06:52:15",@RizkyRiplay,"Ambil pelajaran dari cerita ini ya sob",1,UgzEWB6H5eu5VY8k5NV4AaABAg,@mulyatri
Ugzf6kb4DsFjJ0uCOkx4AaABAg,0,0,"2026-03-01 02:24:44",@sean6fw,P,0,,
Ugzo7Tjftmy0dxwyN294AaABAg,0,0,"2026-02-26 22:27:11",@HshshHshsh-p4n,"Di pikir pikir semua bermula dari barang yang ilang dimana semua orang pernah merasakan kehilangan",0,,
UgwN0Suj0Qc7LduhqKR4AaABAg,1,2,"2026-02-26 09:45:00",@gkltdijtsjgzmfigatifioi86524p,"Bayi itu yang penting minum susu langsung dari ibunya, daripada beli susu bayi mahal. Yang penting ibunya sehat",0,,
UgwN0Suj0Qc7LduhqKR4AaABAg.ATgMu3G3x6QATj7JkTmaei,,0,"2026-02-27 11:26:32",@shinjuyo4530,"tapi bukan ke situ intinya",1,UgwN0Suj0Qc7LduhqKR4AaABAg,@gkltdijtsjgzmfigatifioi86524p
UgzL7OFw4NDgxlkzfpB4AaABAg,0,0,"2026-02-26 08:31:42",@Algazalyy,"Awal vidio karaterna te ayaan matana eta mah mang kumaha atuh",0,,
UgzsfTzwdkSv0vu8fl54AaABAg,0,0,"2026-02-24 00:23:13",@khairulanuarmurad9169,"Pemerintah jgk main judol,sekaligus bos judol..mana bisa dibanteras,apalagi anggota pejabat semua,pemain slot jgk.. Negara🇲🇨no 1 didunia paling kuat korup,pemerintah,anggota pejabat, anggota anti korup jgk korup,emang semuanya korup,dgn rakus makan hasil haram bagi keturunan sekali..jadi semuanya keturunan anak h4r4m..wkwkwk 😂",0,,
UgwgvUpG929JpWD7qpF4AaABAg,1,0,"2026-02-23 15:00:29",@DerickVandio,"Beli di indoApril 😂😂",0,,
UgwgvUpG929JpWD7qpF4AaABAg.AT_CcH_aXy_ATaVPDHs2e9,,1,"2026-02-24 03:03:50",@RizkyRiplay,"HAhaha salfok ya sob",1,UgwgvUpG929JpWD7qpF4AaABAg,@DerickVandio
UgzLNUPaNLKHrkOQFxx4AaABAg,0,0,"2026-02-20 12:16:30",@nazmiiiiiiiiiiiiiiiii,"Ini mirip seperti game pikabuu stop, dimana dia kecanduan main judi, dan tidak punya apa apa, dia pun akhir nya tahu akibat, karena bermain judi dan pada akhir nya Ida tidak punya apa apa keluarga nya kabur meninggalkan dia, dan dia pun pada akhirnya tidak mempunyai apa apa, bahkan dia tidak ada rumah, Link kalian bisa nonton di pikabuu windah atau miawau Peringatan jangan main judi terus ya",0,,
UgyjhmIpK7omw0dsDix4AaABAg,0,0,"2026-02-19 14:42:36",@BOOYAH123-v9v,"Bang itu editnya susah gak",0,,
UgwmCMp0yAG3y9K29K94AaABAg,0,0,"2026-02-18 07:45:27",@Calon_baryrobloxuser,"Telor gulung Pentol gulung😂",0,,
Ugx7Rcj-GmTdw2SICRl4AaABAg,1,0,"2026-02-17 23:20:11",@Nanaaaaaa-y8g,Terakirrr😅😮😊😂🎉,0,,
Ugx7Rcj-GmTdw2SICRl4AaABAg.ATLe1tvaGtcATM2kWQh24D,,0,"2026-02-18 03:04:52",@RizkyRiplay,"Terimakasih sudah menonton sob",1,Ugx7Rcj-GmTdw2SICRl4AaABAg,@Nanaaaaaa-y8g
UgwbTs-PjgEXsfZgU8p4AaABAg,0,3,"2026-02-16 10:47:08",@Raka-f2o,"Semangat bang bikin konten nya konten nya sangat menghibur",0,,
UgxZEeoraKxC5DnGsdF4AaABAg,2,4,"2026-02-15 12:29:33",@ErnaInang,"Lah om gua menang 2 jt dikasih 250",0,,
UgxZEeoraKxC5DnGsdF4AaABAg.ATFKzhJCMQFATXgTvWuFX6,,0,"2026-02-22 15:32:22",@Aditya-h3e6c,"Parah parah",1,UgxZEeoraKxC5DnGsdF4AaABAg,@ErnaInang
UgxZEeoraKxC5DnGsdF4AaABAg.ATFKzhJCMQFAUSNC9G2I9D,,1,"2026-03-17 10:30:23",@soraloyalty,"Selamat menikmati takdirmu",1,UgxZEeoraKxC5DnGsdF4AaABAg,@ErnaInang
UgyevnEPMpFMkGMmJVB4AaABAg,0,0,"2026-02-15 12:07:58",@Sahwa_chan,"Tiba tiba bgt pas mau nonton ada iklan tor monitor",0,,
UgwXfq4GcvE2M-qB-g14AaABAg,0,0,"2026-02-14 08:20:11",@AKBARPANGESTU314,"Judol adalah membahayakan orang orang dan dosa karena karma sendiri",0,,
Ugw05ROgOfmISZ66E6x4AaABAg,0,0,"2026-02-13 11:11:43",@Anak_banjar_kalsel,"1:27 malah ngiler sama es dan makanan nya😂",0,,
UgxxYO_BoA4igmq0ivN4AaABAg,1,0,"2026-02-11 08:08:28",@izammchennel,"Dengan film sebentar ini dan animasi nya kita bisa dapat pesan moral 🎉",0,,
UgxxYO_BoA4igmq0ivN4AaABAg.AT4ZvzR6QnaAT4_FJP_vwE,,0,"2026-02-11 08:11:14",@RizkyRiplay,"Semoga ada pelajaran yang bisa diambil dari cerita ini ya",1,UgxxYO_BoA4igmq0ivN4AaABAg,@izammchennel
UgxX6OEHc2-ZVI7eEhp4AaABAg,0,0,"2026-02-11 07:52:01",@ZakiajaAja-v1t,"Bayi nya udah besar tu🗿🗿",0,,
UgybU1hX02H5dH4UBxt4AaABAg,0,0,"2026-02-11 07:10:56",@alimayona4940,Indoapril😂,0,,
Ugz4SnebCFqNy3F95VZ4AaABAg,1,1,"2026-02-10 17:50:44",@Frayreza,"Hidup pas Pasan + Judol + Pinjol + nyabu + KDRT + tidak mau dengar orang lain: sebuah Kombo maut menjadi orang menyebalkan dan pantas untuk dibenci",0,,
Ugz4SnebCFqNy3F95VZ4AaABAg.AT31lo_tzeKAT4-M7NwgHq,,0,"2026-02-11 02:48:51",@RizkyRiplay,"Jangan pernah nyoba judol ya sob",1,Ugz4SnebCFqNy3F95VZ4AaABAg,@Frayreza
Ugzcl1YqEyMlyY9b9l94AaABAg,1,0,"2026-02-09 03:22:03",@dumped-o3i,"Jauhi judi online, itu bukan permainan tapi jebakan",0,,
Ugzcl1YqEyMlyY9b9l94AaABAg.ASzuZVycUZGAT24lgw7zjb,,0,"2026-02-10 08:57:41",@RizkyRiplay,"Ambil pelajaran dari cerita ini ya sob",1,Ugzcl1YqEyMlyY9b9l94AaABAg,@dumped-o3i
Ugw4-lrkArWrCoP-eJd4AaABAg,1,5,"2026-02-08 11:41:18",@PutuDaniel-k3d,"Awal dari kehancuran keluarga dari judol adalah dari ""iseng""",0,,
Ugw4-lrkArWrCoP-eJd4AaABAg.ASyDuDqFv--ASztmAAbz80,,4,"2026-02-09 03:15:11",@RizkyRiplay,"Ambil pelajaran dari cerita ini yaa",1,Ugw4-lrkArWrCoP-eJd4AaABAg,@PutuDaniel-k3d
Ugwcf0P87t8TiCS2gFx4AaABAg,0,0,"2026-02-07 12:30:47",@Hakahimeihaj7780,"Kalo aku jomblo ka rizky tidak ada yang menyukai 😢😢 akan tetapi menyukai nonton rizky riplay horror mantap",0,,
UgznMcFcl9ZKvIzcLkt4AaABAg,0,2,"2026-02-07 09:56:24",@Lordsurosoo,"gacor gacor wahahahahahahaha 12:02",0,,
UgxOywSD3pVBguwxQBN4AaABAg,0,0,"2026-02-06 04:40:06",@dedenugraha5887,"anti slot",0,,
UgyOZKwpr8PLWnyfhS94AaABAg,0,0,"2026-02-05 12:05:45",@NoviAndriyani-c5x,"Ayo Gabung Komunitas Kami ! Rasakan keseruannya Bareng Ribuan Gamer Lain di 😘Ubocash😘ya bosku",0,,
UgzyDVhFTY_CufD1GI14AaABAg,0,0,"2026-02-03 04:40:56",@ViralStorys27,"Pesan moral... Jauhi boss yang beengsek",0,,
UgwJj_2HWUqh_OGGU8F4AaABAg,3,0,"2026-02-02 03:31:03",@selvia_nasution,"tim baru nonton episode ini",0,,
UgwJj_2HWUqh_OGGU8F4AaABAg.AShu1JhER46AShwFh2nYd_,,1,"2026-02-02 03:50:30",@RizkyRiplay,"Terimakasih telah menonton, semoga terhibur dengan konten kami yaa",1,UgwJj_2HWUqh_OGGU8F4AaABAg,@selvia_nasution
UgwJj_2HWUqh_OGGU8F4AaABAg.AShu1JhER46ASi18ZjFt6A,,0,"2026-02-02 04:41:57",@selvia_nasution,"​@RizkyRiplayoii dibales donggg semangat terus bang ditunggu konten horor menari lainnya",1,UgwJj_2HWUqh_OGGU8F4AaABAg,@selvia_nasution
UgwJj_2HWUqh_OGGU8F4AaABAg.AShu1JhER46AVm54X_WXv5,,0,"2026-04-19 08:07:30",@FarisShofyanbasakoro,🤪,1,UgwJj_2HWUqh_OGGU8F4AaABAg,@selvia_nasution
Ugxo9hIBlA6qYH8Rfb14AaABAg,1,0,"2026-02-02 00:57:06",@tasjotasjoe,"Gara2 Kecerobohan hilangkan hp milik pelanggan masalahnya jdi kemana2",0,,
Ugxo9hIBlA6qYH8Rfb14AaABAg.AShcPkCqBzKASho_z5pQyj,,0,"2026-02-02 02:43:30",@RizkyRiplay,"Ambil pelajaran dari cerita ini ya sob",1,Ugxo9hIBlA6qYH8Rfb14AaABAg,@tasjotasjoe
UgybkxwzrxE7_eDDldx4AaABAg,0,0,"2026-01-30 11:48:38",@BangKamal-i2r,"Seharusnya admin nya yg di AS zap",0,,
Ugyte5oDDBzkKdhVz214AaABAg,1,0,"2026-01-27 13:44:21",@davidhariyadi5602,"Didalam keadaan terpuruk pasanganmu lah yg menentukan kemana arah dan tujuan hidup",0,,
Ugyte5oDDBzkKdhVz214AaABAg.ASUYRwNvX6NASVzUN49YRm,,0,"2026-01-28 03:08:35",@RizkyRiplay,"Ambil pelajaran dari cerita ini ya sob",1,Ugyte5oDDBzkKdhVz214AaABAg,@davidhariyadi5602
Ugx8wBqAJoa5EsS8oY14AaABAg,0,0,"2026-01-26 20:13:46",@AzlanSyah-c9l,"Menurutku kenapa de harus beli susu buat bayi, padahal ibunya punya air susu, apa de kok beli susu tu orang buat apa sih beli ? Emang susu ibunya kagak ada atau memang boros atau alasan lainnya",0,,
UgyAfAJGg2Ve7uFk8Xp4AaABAg,0,0,"2026-01-24 14:09:28",@KardianSon-w1c,67!!!,0,,
UgzJt-jV6atTCLmBeJV4AaABAg,0,1,"2026-01-24 10:15:12",@nightstalker17-i5z,"Buat beli mie ini mah bang sumpah dah ,Ampe niat begini😢",0,,
UgyyJ5DPgfDI7LgGRI94AaABAg,1,1,"2026-01-22 16:10:49",@anakmuda-gjj,"se umur² blm pernah main dujol aja Alhamdulillah 😁",0,,
UgyyJ5DPgfDI7LgGRI94AaABAg.ASHwEJhLHOXASJm0GXhVuK,,0,"2026-01-23 09:19:59",@RizkyRiplay,"Alhamdulillah yaa, jangan sampe deh coba coba",1,UgyyJ5DPgfDI7LgGRI94AaABAg,@anakmuda-gjj
Ugydb_EVGIxsqzRtCNt4AaABAg,2,0,"2026-01-20 09:05:24",@CarissaQueenAdreena,"Kak rizki boleh ga tentang hidup ku di jadiin cerita? / kalo gblh gpp kok kak🙏",0,,
Ugydb_EVGIxsqzRtCNt4AaABAg.ASC0xohSsJEASE0W1Z4pow,,0,"2026-01-21 03:39:57",@RizkyRiplay,"Boleh kirim ceritanya di email ini ya sobatriplay@gmail.com",1,Ugydb_EVGIxsqzRtCNt4AaABAg,@CarissaQueenAdreena
Ugydb_EVGIxsqzRtCNt4AaABAg.ASC0xohSsJEASEXpFtINbo,,0,"2026-01-21 08:31:05",@CarissaQueenAdreena,​@RizkyRiplayokee,1,Ugydb_EVGIxsqzRtCNt4AaABAg,@CarissaQueenAdreena
Ugw9yFzoWENl8hTvQdh4AaABAg,0,0,"2026-01-19 12:33:41",@Earth6969-jw3si,"Dari pengalaman, Ｍａｎｔｕｌｈ０ｋ１ terpercaya dan aman.",0,,
Ugwh2cZXIS5eGULLYEx4AaABAg,0,0,"2026-01-19 08:11:48",@unknown1821-p5s,"Banyak review bilang Ｍａｎｔｕｌｈ０ｋ１ terpercaya dan aman.",0,,
UgwAQdlj__PJd3VC8Ap4AaABAg,0,0,"2026-01-19 06:27:51",@VânNhiPhạm-f9x,"Ｍａｎｔｕｌｈ０ｋ１ terpercaya dan aman, nggak lemot.",0,,
Ugy0kAc8G8I2NefyxYB4AaABAg,0,0,"2026-01-19 05:10:08",@Ashishmaurya-pv7cv,"Ｍａｎｔｕｌｈ０ｋ１ terpercaya dan aman tanpa kendala berarti.",0,,
UgyLV5VJ3CYw59EdnLt4AaABAg,0,0,"2026-01-19 02:52:46",@RKing-k4g,"Ｍａｎｔｕｌｈ０ｋ１ terpercaya dan aman, tampilannya juga rapi.",0,,
UgxrXWiyoYWgm61du6R4AaABAg,0,0,"2026-01-19 01:33:24",@theOneMokk,"Ｍａｎｔｕｌｈ０ｋ１ terpercaya dan aman sejauh ini.",0,,
UgwqhQS9B2HZPA3NGnV4AaABAg,0,0,"2026-01-18 21:50:03",@FLOWER_IN_KERALA,"Ｍａｎｔｕｌｈ０ｋ１ terpercaya dan aman, nggak ribet di HP.",0,,
Ugy3IAFzSQsujETEP4p4AaABAg,0,0,"2026-01-18 16:41:48",@arsalanahmed8500,"Ｍａｎｔｕｌｈ０ｋ１ terpercaya dan aman buat pemula juga.",0,,
Ugzmtp07FYxxn2FUS-h4AaABAg,0,0,"2026-01-18 14:18:51",@AllsmmWorld,"Ｍａｎｔｕｌｈ０ｋ１ terpercaya dan aman buat pemula juga.",0,,
UgyBAh0TI9-jB8PLMSx4AaABAg,1,0,"2026-01-18 13:59:33",@Ayiii-z3h9v,"😢 gw sendiri",0,,
UgyBAh0TI9-jB8PLMSx4AaABAg.AS7P1UZEKMBAS8tF-bvTHl,,0,"2026-01-19 03:51:31",@RizkyRiplay,"Terimakasih telah menonton",1,UgyBAh0TI9-jB8PLMSx4AaABAg,@Ayiii-z3h9v
UgyjfJBhEt2w_rAhLxV4AaABAg,2,0,"2026-01-18 12:25:18",@IntannDwi,"Kok baju nya itu itu Mulu sihh",0,,
UgyjfJBhEt2w_rAhLxV4AaABAg.AS7EFBewaafAS9DVGZNE5e,,0,"2026-01-19 06:57:15",@RizkyRiplay,"Dia cuker sob (cuci kering) hehehe",1,UgyjfJBhEt2w_rAhLxV4AaABAg,@IntannDwi
UgyjfJBhEt2w_rAhLxV4AaABAg.AS7EFBewaafAS9F614kxOq,,0,"2026-01-19 07:11:17",@IntannDwi,"​@RizkyRiplay ada ada aja sih",1,UgyjfJBhEt2w_rAhLxV4AaABAg,@IntannDwi
UgzfAHDYY3mcWjBotjZ4AaABAg,0,0,"2026-01-18 06:25:51",@ValviYogesh-e3j7w,"Ｍａｎｔｕｌｈ０ｋ１ terpercaya dan aman, navigasi jelas.",0,,
UgygLBxJnNJfJ4-Womx4AaABAg,0,0,"2026-01-18 06:15:50",@Freedkithofficiel,"Dari pengalaman, Ｍａｎｔｕｌｈ０ｋ１ terpercaya dan aman.",0,,
Ugxj_Btx0R9roIkIcKV4AaABAg,0,0,"2026-01-18 06:05:14",@inosukeRaoji-e1g,"Ｍａｎｔｕｌｈ０ｋ１ terpercaya dan aman diakses lewat HP.",0,,
UgxKCV4gokuYY1qj4Yx4AaABAg,0,0,"2026-01-17 23:40:16",@HDohliheYouTubechahhel,"Ｍａｎｔｕｌｈ０ｋ１ terpercaya dan aman, CS-nya responsif.",0,,
UgwkGk_Fl-s0JIhfaBN4AaABAg,0,0,"2026-01-17 21:27:10",@PromiseUkwaMonday,"Ｍａｎｔｕｌｈ０ｋ１ terpercaya dan aman, tampilannya simpel.",0,,
UgxF20RUVbv2UPZR_8R4AaABAg,0,0,"2026-01-17 21:13:05",@RekhaJain-s2e,"Ｍａｎｔｕｌｈ０ｋ１ terpercaya dan aman, navigasi jelas.",0,,
UgyOCTSTQ33bJLE6tiR4AaABAg,0,0,"2026-01-17 19:33:34",@upsc_gen1,"Ｍａｎｔｕｌｈ０ｋ１ terpercaya dan aman, loading stabil.",0,,
UgwT8NhJjPeEpTCYY9R4AaABAg,0,0,"2026-01-17 15:00:23",@EchoMyst-u1j,"Banyak yang bilang Ｍａｎｔｕｌｈ０ｋ１ terpercaya dan aman.",0,,
UgxkoIqlfy9JG-14eJF4AaABAg,0,0,"2026-01-17 14:56:22",@VpnLondon-g9z4v,"Ｍａｎｔｕｌｈ０ｋ１ terpercaya dan aman buat dicoba santai.",0,,
UgyZOTq0MQVnphRE9514AaABAg,0,0,"2026-01-17 08:23:50",@SabihaNaz-r7f,"Ｍａｎｔｕｌｈ０ｋ１ terpercaya dan aman menurut saya.",0,,
Ugy4235lkYUWs51-jQV4AaABAg,0,0,"2026-01-17 07:49:26",@Jadav_gemar_07,"Ｍａｎｔｕｌｈ０ｋ１ terpercaya dan aman buat dicoba santai.",0,,
Ugy9ro-zOPxm6Hb5jyd4AaABAg,0,0,"2026-01-17 06:36:29",@WweAH118,"Akses Ｍａｎｔｕｌｈ０ｋ１ terpercaya dan aman di saya.",0,,
Ugwi2jOCkYkfpBGwOoh4AaABAg,0,1,"2026-01-16 11:45:44",@Yans231,"Naga mahyong 😂",0,,
Ugz9EUagL9H2zykJZu14AaABAg,0,0,"2026-01-16 02:40:15",@RidoMutakin,"bg komen2nan judi hapus aja ganggu, yg komen gitu pada oot2😊",0,,
UgzhKfuTyqa9FuLLE4p4AaABAg,0,0,"2026-01-15 08:55:09",@Vannyourbae27204,"Perkara tidak pakai kondom masa depan pun hancur hancuran",0,,
UgzxI-q2xhQUKfLK5A14AaABAg,0,0,"2026-01-15 06:42:31",@kingpristelkece,"Org judol dp mlu wd kagak😂",0,,
Ugy342Vs2HTwLcbB-nt4AaABAg,2,0,"2026-01-14 10:41:10",@yaddi_aja,"3:29 tak kira hpku 😂",0,,
Ugy342Vs2HTwLcbB-nt4AaABAg.ARxk8wiBHUdARzpqVJrJK5,,0,"2026-01-15 06:09:25",@RizkyRiplay,"HAhaah salah sangka ya sob",1,Ugy342Vs2HTwLcbB-nt4AaABAg,@yaddi_aja
Ugy342Vs2HTwLcbB-nt4AaABAg.ARxk8wiBHUdARzyB8pMXQ1,,0,"2026-01-15 07:22:17",@yaddi_aja,"​@RizkyRiplaymaklum pengguna sumsang",1,Ugy342Vs2HTwLcbB-nt4AaABAg,@yaddi_aja
Ugy6ClNzvUsNU6kUjdN4AaABAg,0,0,"2026-01-12 13:35:48",@kpp-f1b,"𝐌𝐚𝐧𝐭𝐮𝐥𝐡𝟎𝐤𝟏 gacor, pelayanan jelas.",0,,
Ugzt7DimfWRETnbTvt94AaABAg,0,0,"2026-01-12 12:28:28",@Coolgaming-m7v,"𝐌𝐚𝐧𝐭𝐮𝐥𝐡𝟎𝐤𝟏 menjadi pilihan banyak pemain baru karena sistemnya yang rapi, permainan terasa cukup gacor, dan proses pembayaran selalu diurus dengan lancar, sehingga kamu bisa main tanpa khawatir.",0,,
UgzEItyRNVo7y9AoV2x4AaABAg,1,0,"2026-01-12 07:46:51",@MuhammadSakfan,"Bang salah edit ka",0,,
UgzEItyRNVo7y9AoV2x4AaABAg.ARsHbT9smwjARum02DSVnv,,0,"2026-01-13 06:59:42",@RizkyRiplay,"Hmm yang mana emang sob?",1,UgzEItyRNVo7y9AoV2x4AaABAg,@MuhammadSakfan
Ugxcja0LG1j624gyZ7N4AaABAg,0,0,"2026-01-12 03:36:50",@depresson-g8j,"Gabung 𝐌𝐚𝐧𝐭𝐮𝐥𝐡𝟎𝐤𝟏 hari ini, rasakan main lebih nyaman, sistemnya rapi, pembayaran lancar, dan permainan tetap seru setiap harinya.",0,,
UgxpHmiz8UWDBexdFd94AaABAg,0,0,"2026-01-11 22:03:54",@jamilaait3mer88,"Main di 𝐌𝐚𝐧𝐭𝐮𝐥𝐡𝟎𝐤𝟏 terasa berbeda karena banyak pemain yang merekomendasikan, permainan gacor, dan proses pembayaran selalu rapi serta mudah diikuti.",0,,
UgzX9e9L0d1w5wV1vEh4AaABAg,0,0,"2026-01-11 20:01:12",@MinuMinuKhosla,"𝐌𝐚𝐧𝐭𝐮𝐥𝐡𝟎𝐤𝟏 cocok untuk member baru yang ingin belajar main dengan tenang, karena alur permainan jelas, sistemnya rapi, dan pembayaran dilakukan dengan cepat tanpa ribet.",0,,
UgyBT_IC8p2a45zt4tR4AaABAg,0,0,"2026-01-11 16:12:26",@369ansh,"𝐌𝐚𝐧𝐭𝐮𝐥𝐡𝟎𝐤𝟏 aman dan cocok buat yang cari kepastian.",0,,
UgzaToCD6SgQ4MHSY8Z4AaABAg,0,0,"2026-01-11 05:56:18",@dushyantkukrejafan777,"𝐌𝐚𝐧𝐭𝐮𝐥𝐡𝟎𝐤𝟏 konsisten dan terpercaya.",0,,
UgxT2X2pYI6KRNknYf54AaABAg,0,0,"2026-01-10 23:33:49",@chandanimishra9798,"𝐌𝐚𝐧𝐭𝐮𝐥𝐡𝟎𝐤𝟏 layak dicoba karena gacor dan bayar lancar.",0,,
UgzvGGpeRq04ZaAj3s54AaABAg,0,0,"2026-01-10 23:12:52",@Vimla-z8d,"𝐌𝐚𝐧𝐭𝐮𝐥𝐡𝟎𝐤𝟏 dikenal sebagai situs yang terpercaya untuk pemula, dengan sistem aman, permainan lancar, dan pembayaran yang jelas, membuat kamu bisa fokus main tanpa takut masalah.",0,,
UgzGYpZ2gNfyTtxJiU14AaABAg,0,0,"2026-01-10 22:08:31",@princeofficial2686,"𝐌𝐚𝐧𝐭𝐮𝐥𝐡𝟎𝐤𝟏 jadi rekomendasi karena terbukti bayar.",0,,
Ugx-IQzSKWAO2NHYD8R4AaABAg,0,0,"2026-01-10 21:47:03",@cute_pets1234,"𝐌𝐚𝐧𝐭𝐮𝐥𝐡𝟎𝐤𝟏 main lebih tenang, pembayaran aman.",0,,
Ugy1CeDZ8dFNuXbXrAZ4AaABAg,0,0,"2026-01-10 10:22:50",@AkbarJhon-k6w,"Saya ada juga bang temen ni tapi nama nya juga saya rahasiakan ya . Waktu itu sebelum dia kenal judol dia itu kaya usahanya 1 hari omset nya puluhan juta tapi setelah dia kenal judol dari temen temen tongkrongan saya ujung ujung nya dia cerai sama istri nya rumah nya dijual mobil pribadi usaha dia semua dijual gara gara judi online pesan saya judol itu bukan judi tapi penipuan 🙏🙏🙏🙏🙏🙏",0,,
UgwY_wEjLsnvMbFbVo54AaABAg,0,0,"2026-01-09 22:22:16",@Bangxex,😭😭😭,0,,
UgzPoR7A6O1NheHXiCh4AaABAg,0,0,"2026-01-07 10:52:44",@Irsad-m8r,"7:39 halal apa enggak 😂lu kira pas lu ngentod diluar nikah punya pikiran haram/halal ga 😂",0,,
Ugw4li_YIYdjGk1kngt4AaABAg,0,0,"2026-01-05 07:24:54",@nguyệtcúc1970,"💰N̶A̶S̶A̶P̶L̶A̶Y̶ Visual cakep, alur enak, bikin pengen balik lagi terus!",0,,
UgwhwGXGlJvl45_e1hN4AaABAg,0,0,"2026-01-05 07:17:00",@TuyếtTạThu_3417,"💫N̶A̶S̶A̶P̶L̶A̶Y̶ Desain keren, alur smooth, hasilnya bikin puas banget!",0,,
UgzbT1gmQfTBe8ED_G94AaABAg,0,0,"2026-01-05 07:14:18",@maithị1977,"🎯N̶A̶S̶A̶P̶L̶A̶Y̶ Tampilan elegan, feel dapet, pengalaman makin nyata — langsung rasain sendiri!",0,,
Ugxpah3lI7ky2obLJ7B4AaABAg,0,0,"2026-01-03 04:59:30",@Liewzhie,"Makanya jauhi zina Pegangin ugama digigi gigit jangan lepas.",0,,
Ugxsknho4l9m8CoqYaR4AaABAg,0,0,"2026-01-02 17:11:48",@Ilyasafandi-u6d,"Ratu311 situs judol penipu ratusan juta habis buat deposit giliran wd malah ga di bayar Semoga ga ada korban lgi bagi para player",0,,
UgwBY-M5_dIS_lxAzet4AaABAg,0,0,"2026-01-02 06:26:42",@zhong_nanafujoshi5143,😮😮😅,0,,
UgzWMGdyOPGBxGo0Hsx4AaABAg,0,0,"2026-01-01 23:31:01",@Dhiwa_kasep,"Buset pake ring 17 standar 😂",0,,
UgyCtDy02o1j08zK-2J4AaABAg,1,0,"2025-12-31 07:24:57",@candradinata4536,"Pesan moral 1. Hamil diluar nikah itu haram ( dosa besar ) akibatnya masalah demi masalah datang 2. Judol",0,,
UgyCtDy02o1j08zK-2J4AaABAg.AROLZ_kpiMTARORT_m0tJg,,0,"2025-12-31 08:16:34",@RizkyRiplay,"Semoga ada pelajaran yang bisa diambil dari cerita ini ya",1,UgyCtDy02o1j08zK-2J4AaABAg,@candradinata4536
Ugzq55pPj767aushV5B4AaABAg,0,0,"2025-12-30 10:34:08",@alitirof3532,"Kalo tau trik nya sih gak bakalan rungkad",0,,
UgzEgKxf4lkQYrKmmmN4AaABAg,0,0,"2025-12-30 08:43:44",@ادمابراهيم-ي5ث,"Datang rame-rame 🍒🎀 𝑅❀𝑀𝒜 𝟦𝒟 🎀🍒",0,,
UgwLLziYh-tBweqAkUJ4AaABAg,0,0,"2025-12-30 08:43:44",@KaifPrime8,"Tempat seru 🍒🎀 𝑅❀𝑀𝒜 𝟦𝒟 🎀🍒",0,,
UgxYn4YeAru-fyV8WX94AaABAg,0,0,"2025-12-30 08:43:44",@khankaleem946,"Nongkrong asik 🍒🎀 𝑅❀𝑀𝒜 𝟦𝒟 🎀🍒",0,,
UgzFRSSUyvXEiBC8wcp4AaABAg,0,0,"2025-12-30 08:43:20",@KarenGholami-o9p,"Wajib dicoba 🍒🎀 𝑅❀𝑀𝒜 𝟦𝒟 🎀🍒",0,,
UgwVVZiAmlICO5_UbY94AaABAg,0,0,"2025-12-30 08:43:10",@PIU-w1k,"Tempat santai 🍒🎀 𝑅❀𝑀𝒜 𝟦𝒟 🎀🍒",0,,
UgwDebfy5o2io6NyMdd4AaABAg,0,0,"2025-12-30 08:43:03",@TarsemSingh15-i8f,"Nongkrong bebas 🍒🎀 𝑅❀𝑀𝒜 𝟦𝒟 🎀🍒",0,,
UgzX6oXiXdBvAz-INu14AaABAg,0,0,"2025-12-30 08:42:54",@ArabdevSingh-k1n,"Suasananya dapet 🍒🎀 𝑅❀𝑀𝒜 𝟦𝒟 🎀🍒",0,,
UgxZuV3q-Q3uYk7-nbF4AaABAg,0,0,"2025-12-30 08:42:51",@moviehub530,"Datang jadi langganan 🍒🎀 𝑅❀𝑀𝒜 𝟦𝒟 🎀🍒",0,,
UgzxlhqC4xm0omAV25x4AaABAg,0,0,"2025-12-30 08:42:45",@anachi4852,"Mampir gak nyesel 🍒🎀 𝑅❀𝑀𝒜 𝟦𝒟 🎀🍒",0,,
UgymB4xfdRplDCUT6Up4AaABAg,0,0,"2025-12-29 11:40:22",@SuryadiDaulay-m1n,"_tulisan miring_",0,,
UgyHjtF8hivsxR0SEEV4AaABAg,0,0,"2025-12-27 10:01:18",@BrianAndavidCleverley,https://youtu.be/riQMdj-ed6A?si=HgYIMrWh24tZYwjh,0,,
Ugwbq4SeFxjOm5vDlS94AaABAg,0,0,"2025-12-27 10:01:11",@BrianAndavidCleverley,7:39,0,,
UgxldRRwlqK6kEbA0sV4AaABAg,0,0,"2025-12-26 03:46:50",@Hermanpay-h5m,"Gua pernah main tapi hanya sesaat setelah menang gede gua berhenti,kalo dilanjutin kutahu bakal ketagihan dan penasaran akan menang yg lebih besar lagi,emang duitnya gak halal tapi tu duit Kubelikan bentuk barang...kalo bisa jangan dicoba tu judol kalo gak bisa dan tau cara ngakali nya",0,,
UgzlcI7W094UaeuW56R4AaABAg,0,0,"2025-12-23 05:07:02",@azharfirdaus-n8l,"judol hamma",0,,
UgxH23QjbKS0X-bgPS14AaABAg,1,20,"2025-12-23 03:55:52",@inwanatunnuriyah211,"3:30 kaget banget nada deringnya over the horizon 😭😭",0,,
UgxH23QjbKS0X-bgPS14AaABAg.AR3NH8IRbaRAWXsjCpnOoR,,0,"2026-05-08 06:53:38",@jovandoramadhan4775,"ronnie mcnuut😂",1,UgxH23QjbKS0X-bgPS14AaABAg,@inwanatunnuriyah211
UgzId9EeBrf8ST3wd4x4AaABAg,0,0,"2025-12-22 23:06:24",@seja-v7e,"kak izin pinjem videonya ya untuk inspirasi pematerian",0,,
UgyFUqh5uIa2hC2z8dZ4AaABAg,1,1,"2025-12-21 13:00:49",@RayanPasyaadrian,"Kek pikabu stop",0,,
UgyFUqh5uIa2hC2z8dZ4AaABAg.AR-C2lzUnpSAR0exFz6JdT,,0,"2025-12-22 02:41:19",@RizkyRiplay,"Apa tuh sob?",1,UgyFUqh5uIa2hC2z8dZ4AaABAg,@RayanPasyaadrian
UgyiOGd7sa8GNQf9Wdt4AaABAg,1,0,"2025-12-20 17:51:51",@Trueeman15,"3.2jt mending buka usaha kecil2 an",0,,
UgyiOGd7sa8GNQf9Wdt4AaABAg.AQy8ZSq8SpUAR1M4i1j04z,,0,"2025-12-22 09:06:57",@RizkyRiplay,"Ambil pelajaran dari cerita ini ya sob",1,UgyiOGd7sa8GNQf9Wdt4AaABAg,@Trueeman15
UgyANgXmI0Eo8HRSp7F4AaABAg,1,1,"2025-12-17 07:17:54",@丰-Vyora_-丰,"Hallo ka rizky sapa aku dong",0,,
UgyANgXmI0Eo8HRSp7F4AaABAg.AQpHchb34PyAQpRfJXu1mm,,1,"2025-12-17 08:45:38",@RizkyRiplay,"Haloo sob",1,UgyANgXmI0Eo8HRSp7F4AaABAg,@丰-Vyora_-丰
Ugy3nyLgVVpG-5_S2UN4AaABAg,1,1,"2025-12-16 14:07:27",@RenaldiBky,"Kayaknya aku yang terakhir nonton",0,,
Ugy3nyLgVVpG-5_S2UN4AaABAg.AQnRhQFpFYCAQosl5NNb55,,0,"2025-12-17 03:31:51",@RizkyRiplay,"Gapapa kok sob heheh",1,Ugy3nyLgVVpG-5_S2UN4AaABAg,@RenaldiBky
UgzyZeNZX9uZVLyVdbt4AaABAg,0,0,"2025-12-16 06:07:42",@user-ee3qo8gg7b,"njir gua kira hp gua yang bunyi ternyata panggilan telpon vidio youtube nya 😅 sama sama hp samsun*😂",0,,
UgxxzQsUd_B_CLx5N1V4AaABAg,0,1,"2025-12-13 06:00:23",@cliper.muda44,"Baru nonton akhir tahun",0,,
UgxuNOSAocMevfYY9iZ4AaABAg,0,0,"2025-12-11 13:38:13",@AzizatulIlmi,"pengalaman ku pertama kali judi langsung di kasih 10jt itu pun hanya sekali ku maen pertama kali langsung ku tarik buat beli ip😂",0,,
Ugzq8bLonlkDr84HxQV4AaABAg,0,0,"2025-12-11 08:16:43",@ccibra3608,"Judol menang awal dr kekalahan",0,,
UgysI-QnkVKxz8swwwh4AaABAg,0,1,"2025-12-10 11:35:22",@supriyana-t5x6w,"Edukasi yang baik 😊terimakasih",0,,
UgzY_Rzrtol80sMkEnl4AaABAg,0,3,"2025-12-09 06:12:23",@anatharahadistory,"Komentar Judi tolong dihapus Bang Rizky ganggu kali",0,,
UgzMhjUs60ez_ZUEWGJ4AaABAg,0,1,"2025-12-08 22:49:04",@masprio4714,p,0,,
UgzVzgW2m8jWSDXFPMx4AaABAg,0,1,"2025-12-05 14:02:28",@kikijkt3110,"bukan judi online masalahnya lapangan pekerjaan sih 😅",0,,
UgwuKzSIHuNHrRxY90B4AaABAg,1,4,"2025-12-01 08:00:47",@AtikKurniatik,"4:34 kasihan bngt 🥺",0,,
UgwuKzSIHuNHrRxY90B4AaABAg.AQB9ooYjGmwAQBBel6_8cg,,5,"2025-12-01 08:16:54",@RizkyRiplay,"Semoga ada pelajaran yang bisa diambil dari cerita ini ya",1,UgwuKzSIHuNHrRxY90B4AaABAg,@AtikKurniatik
Ugw9J6ukX2mNFguEURB4AaABAg,0,0,"2025-11-30 02:36:52",@rafa_tem_raguas,"ini cerita asli ya rizki",0,,
UgzZ0tETKcuyU4ukBjh4AaABAg,0,0,"2025-11-29 10:02:59",@GondesAyam,"Derita jadi WNi ya begini ditipu dengan 19jt lapangan pekerjaan, al hasil malaj semakin banyak pengangguran",0,,
Ugxitu3heatku-H4MNx4AaABAg,1,2,"2025-11-29 08:44:10",@ArdiKORG-e8p9m,"ku nikah Muda Di usia 19 THN,tapi Alhamdulillah ku Punya kerja walaupun jadi pemain Keyboard di undangan Pernikahan",0,,
Ugxitu3heatku-H4MNx4AaABAg.AQ65BnaXMLAAQXzdOX_PNH,,0,"2025-12-10 04:45:39",@lilyfelicia8849,"Mampus miskin",1,Ugxitu3heatku-H4MNx4AaABAg,@ArdiKORG-e8p9m
UgwZ9wut2ETbVFP8CR54AaABAg,0,0,"2025-11-28 04:48:19",@FRNTL.,"Sumpah setiap hari nonton ini Udh kalah banyak. Bnget ga dapet apa² Utang dimna mna... Yangg nonton jangan sampe yaa ke canduan 🥺🥺",0,,
Ugz1f2WZM4S4ztjehg54AaABAg,2,0,"2025-11-27 06:25:25",@IchaFitriaXchacha,"Info lagu yang terakhir bang?",0,,
Ugz1f2WZM4S4ztjehg54AaABAg.AQ0giiifqw5AQ0w229XHpB,,0,"2025-11-27 08:39:15",@RizkyRiplay,"Waduhh mimin udh lupa nih sob, coba cari di google ada kok",1,Ugz1f2WZM4S4ztjehg54AaABAg,@IchaFitriaXchacha
Ugz1f2WZM4S4ztjehg54AaABAg.AQ0giiifqw5AQRHPdzqegN,,0,"2025-12-07 14:14:58",@IchaFitriaXchacha,"​@RizkyRiplaykata kunci bang, kalo ga nama artisnya",1,Ugz1f2WZM4S4ztjehg54AaABAg,@IchaFitriaXchacha
UgxXlzeBxTH0sXh-MF54AaABAg,0,0,"2025-11-23 05:18:38",@tatausaha5223,"Kata kata bijak buat orang yang judol tapi uang dari pinjol Nih kata kata singkat Lu judol pakai pinjol ya lu TOLLOL",0,,
UgwcqlPR0z0qtTlaT-J4AaABAg,0,0,"2025-11-22 01:35:53",@C1yven,"semakin miskin semakin dekat dengan ke kafiran",0,,
UgyIDe-_SjLj8SGQ1qV4AaABAg,0,0,"2025-11-21 15:19:10",@SiceG2,"No one buying the ticket unc 💔",0,,
UgyfWEt2_h81NUZBJ-x4AaABAg,0,0,"2025-11-20 05:46:19",@ZulGamin2431,"semua berawal dari kata ""cobain sekali kali""",0,,
Ugy9AM8Ukm1UrFAbN454AaABAg,0,0,"2025-11-19 14:28:14",@MiPad-y9q,"Salah mbak anj kan ngapaain lapoin kan jadi judi",0,,
UgxS8Bh1dIn6snB11694AaABAg,1,0,"2025-11-17 22:24:40",@TukiyemMaryem,"Menarik banget",0,,
UgxS8Bh1dIn6snB11694AaABAg.APdeYo0v3bKAPeAbjqHQ0X,,0,"2025-11-18 03:13:34",@RizkyRiplay,"Terimakasih telah menonton, semoga terhibur dengan konten kami yaa",1,UgxS8Bh1dIn6snB11694AaABAg,@TukiyemMaryem
UgyFdhalNbSqVnUcwiR4AaABAg,0,0,"2025-11-17 10:41:50",@TaufikTirta,"Kerj ngamen ja buat kerj sampingan lumayan gajinya bisa nembus 250",0,,
UgyqhUjEEwqDCa8jBDp4AaABAg,1,0,"2025-11-16 02:22:03",@rulz_cung11,"Nonton 2025 sendiri nih min wkwk😂",0,,
UgyqhUjEEwqDCa8jBDp4AaABAg.APZw7hs6CTEAPefn_G7ra4,,0,"2025-11-18 07:54:48",@RizkyRiplay,"Masih ada yang lain kok sob, jadi ga sendirian nihh heheh",1,UgyqhUjEEwqDCa8jBDp4AaABAg,@rulz_cung11
UgywZuShmw4L_YiSbTV4AaABAg,0,0,"2025-11-15 14:52:47",@KianArisal-n3l,"Temen we banyak yang begini",0,,
UgzOMSgJVe8qzmfEFQt4AaABAg,0,0,"2025-11-14 05:58:00",@MuhammadArkanu,"Aku ad info nih ya ada konten kreator yang ngumumin pola judol gacor nih ya tolong banget ni ya report ni nama Chanel nya ini ya ZONA CEMILAN tolong report ini sudah meresahkan 😢",0,,
UgxEsDDp6HS3KD8qr-t4AaABAg,0,1,"2025-11-11 07:38:29",@Dika_edits_YT,"Inti nya jangan menikah terlalu muda",0,,
Ugx4p-m5Um0E7npA1uJ4AaABAg,0,1,"2025-11-08 15:16:57",@susiladek,"6.30 wkwkwkwk 10 thn pengalaman🤣🤣🤣",0,,
Ugx6agfZ2WmAZBW7gJB4AaABAg,0,0,"2025-11-08 12:32:47",@ramasquerpents2626,"Jangan lemah, ada depo ada harapan 😂",0,,
Ugy1Qp1BilOs4c8naRp4AaABAg,0,0,"2025-11-08 12:32:46",@ramasquerpents2626,"Jangan lemah, ada depo ada harapan 😂",0,,
UgyD1FWPj33dHqe432B4AaABAg,0,0,"2025-11-06 05:29:46",@MrRey.,"judol membunuhmu",0,,
UgxcoikFGeqDYNeiqIB4AaABAg,0,0,"2025-11-04 15:54:11",@Ajistars-h6c,"06:02 - 06:08 Keduanya sama-sama salah, si cowok ngehamilin ceweknya terus si ceweknya juga mau aja dihamilin sama cowoknya demi kenikmatan sesaat 🤦‍♂️",0,,
UgyeEsIj8zJ5VYT_x-14AaABAg,2,1,"2025-11-03 07:49:20",@teddyaditya5239,"Bejir itu suami dan istri nya ko pake sendal di rumah😂😂😂😂",0,,
UgyeEsIj8zJ5VYT_x-14AaABAg.AP32FREiLLWAP5BYjIXH0Z,,0,"2025-11-04 03:49:06",@RizkyRiplay,"Anggap aja itu sandal rumah hahah",1,UgyeEsIj8zJ5VYT_x-14AaABAg,@teddyaditya5239
UgyeEsIj8zJ5VYT_x-14AaABAg.AP32FREiLLWAQN2YjF5WFp,,1,"2025-12-05 22:48:11",@AnormalPersonInYT,"Eh iya ya baru sadar",1,UgyeEsIj8zJ5VYT_x-14AaABAg,@teddyaditya5239
UgwSktoPynfmrqSlCn94AaABAg,0,0,"2025-10-31 06:37:39",@Arfanarfan-k6y,1:52,0,,
UgwQcmO1W_HUaYcyrWx4AaABAg,0,0,"2025-10-24 07:39:37",@ArgitaDhehlin,"Bagus saya juga judul buat naik haji",0,,
Ugw_MLRXhPrJrRLVgPd4AaABAg,0,0,"2025-10-19 01:57:59",@paiherex2,"2:06 gakbarnya motor pas di starter jadi suara mobil😂",0,,
UgyqSvLuvnJ9JV3I5jF4AaABAg,1,0,"2025-10-12 14:32:45",@RoronoaZoro-bt8kn,"di antara ku dan judi di antara ku dan judi cuma judi tak ada yang lain sekali ku main langsung miskinnnnn🎉",0,,
UgyqSvLuvnJ9JV3I5jF4AaABAg.AOB6vsDARCtAOCPrv_BcaJ,,0,"2025-10-13 02:37:29",@RizkyRiplay,"Jangan pernah judi ya sob",1,UgyqSvLuvnJ9JV3I5jF4AaABAg,@RoronoaZoro-bt8kn
UgyPIhywLYjn7KwVkYZ4AaABAg,1,0,"2025-10-10 04:38:04",@RizkiGinaldi,"Jangan pernah tergiur oleh judol semua itu bikin kita jadi miskin",0,,
UgyPIhywLYjn7KwVkYZ4AaABAg.AO4uHVCETyrAO4vsI0B4y9,,0,"2025-10-10 04:51:58",@RizkyRiplay,"Ambil pelajaran dari cerita ini yaa",1,UgyPIhywLYjn7KwVkYZ4AaABAg,@RizkiGinaldi
UgySjsPmxe2rw3SRJYl4AaABAg,0,1,"2025-10-09 18:42:48",@randomvideo1226,"Jujur gw benci judol.. Bahkan di tmpt kerja gw ada 1 bawahan gw, udh miskin buat makan susah masih main judol,, sampe gw main fisik biar dia bisa brubah dan stop judol,, Kllo ketawan lgi sama gw dia main judol,, gk segan2 gw bikin dia masuk rumah sakit biar mikir",0,,
UgwcwPGkGdDo_Fp-ePp4AaABAg,0,1,"2025-10-09 14:17:06",@uwushs7277,"-Jangan menikah jika belum siap atau mapan. karena di saat pernikahan maka tanggung akan besar",0,,
UgxK7CA4hfTpjHhPCQx4AaABAg,0,1,"2025-10-09 13:42:16",@RyzalAlfawazi,"Kisah temen ku min dia main judol terus main kotak amal buat depo",0,,
UgziK3qVXew4fNeglqh4AaABAg,0,0,"2025-10-08 10:36:54",@Amaris987,"Gua tdi nonton di gotube malah ada orang namanya Bella malah nyuruh nyoba judol di Gotube gua nonton pas ku liat sini ternyata gada",0,,
UgwVAVESgYJgFp9YSKp4AaABAg,0,0,"2025-10-06 22:51:35",@FZ_CRAFT1,2:02,0,,
UgxSgdkvK1Mq4M1dFDp4AaABAg,0,4,"2025-10-06 13:09:23",@AtharHafiizh,"sedikit pesan jauhi judol jauhi zina/yang di larang tuhan",0,,
UgywiW2HpcascjBnPHd4AaABAg,0,0,"2025-10-05 07:11:39",@Laludykii44Dykyy,"Nama nya musibah anjjj",0,,
UgxkBGZNmT-VEq-rLjZ4AaABAg,0,0,"2025-10-04 23:52:14",@YogaW-l8n9s,Gacor😂,0,,
UgyRDDqjJqjnVG0ANix4AaABAg,0,0,"2025-10-03 08:26:28",@MRR-s8e,"""Gacor gacor""🗿🗿",0,,
UgzqDQuMhVU3XYA-Mjp4AaABAg,0,0,"2025-10-03 06:56:05",@AsuNgelag,"INI KONTEN KREATOR MENGHASILKAN UANG DAN BERBAKAT DAN BUAT ANIMASI SENDIRI. SEMOGA HASIL NYA KONTEN BANG RIZKI REPLAY HALAL",0,,
UgzJ-WF3XwKd00fgLa54AaABAg,0,0,"2025-10-03 06:53:47",@AsuNgelag,"DARIPADA UANG HABIS JUTAAN BUAT TOP UP JUDI MENDING. BUAT TOP UP DANA KALO ENGGAK GAME. KAN MAYAN AKUN GAME SULTAN ENTAR BISA DI JUAL NANTI BUAT LAGI. TAPI YANG DIJUAL JANGAN AKUN PERIBADI ATAU AKUN HP ORTU",0,,
UgzlUlhgxEOk44ykEbh4AaABAg,0,0,"2025-10-03 01:48:01",@DestaSyahputra-w4m,"Tango enakkk 1:46",0,,
UgwC5J-l-HhTLNbCMnN4AaABAg,0,0,"2025-10-02 09:46:31",@irtaqwa,"Inti dari video ini adalah jauhi apa yang Allah larang, tidaklah Allah mengharamkan sesuatu melainkan ada hikmah dibalik itu. Wallahua'lam.",0,,
Ugwjkovb0hfPL4TliDV4AaABAg,0,0,"2025-10-01 14:46:57",@jgsatru,"Bahaya tak terlihat dari selalu menang judi adalah, rejeki anak cucu akan berkurang karena sudah diambil.",0,,
UgyErs4WHDEcmNsJMOF4AaABAg,0,1,"2025-09-29 06:14:09",@hilmiabdullah8197,"Selain Nyoba Rokok Jangan Coba Judi yaa Gess, Berenti Ngerokok Aja Susah Apalagi Ini ,,",0,,
UgwHcm9NV4BbYxROjut4AaABAg,0,1,"2025-09-29 06:10:03",@hilmiabdullah8197,"Makanya selain Ambulan dan Pemadam, Tukang Paket Gua Prioritas kan dijalan, Karna kasiann jir",0,,
Ugxlk5riPMylUabXXMp4AaABAg,0,0,"2025-09-26 05:06:46",@muhamad-s2h,"Bikin lagu soal animasi judol",0,,
UgwjCQvweBLn2fbZpzl4AaABAg,0,0,"2025-09-25 15:30:47",@Ravel1063,"sesulit apapun ekonomi harus di perhatikan cara mengelolanya dengan benar maka pinjamlah ke Keluarga yang bercukup untuk modal usaha bagi yang punya ciri2 nya boleh di coba intinya jangan judi narkoba dan berzina ingat dunia sementara akhirat selamanya",0,,
Ugw43uD1fVruh8qezUB4AaABAg,1,0,"2025-09-24 12:11:35",@Rizkyganteng123-n3s,"awal mula nya gara² paket ilang",0,,
Ugw43uD1fVruh8qezUB4AaABAg.ANSWT6Fx7poANUGiohRdfG,,1,"2025-09-25 04:32:32",@RizkyRiplay,"Semoga ada pelajaran yang bisa diambil dari cerita ini ya",1,Ugw43uD1fVruh8qezUB4AaABAg,@Rizkyganteng123-n3s
UgylKK2gtcmYHzOPcwR4AaABAg,0,0,"2025-09-22 08:32:23",@alexfanhoten8247,"Bagi dananya bos! 183 @ jasjus25",0,,
UgwyT4Qzv1GeI2wwnzB4AaABAg,1,1,"2025-09-22 06:06:57",@putu90,🗿🗿🗿,0,,
UgwyT4Qzv1GeI2wwnzB4AaABAg.ANMi8jXyiuQANP-tG6x4bY,,0,"2025-09-23 03:29:12",@RizkyRiplay,"Semoga ada pelajaran yang bisa diambil dari cerita ini ya",1,UgwyT4Qzv1GeI2wwnzB4AaABAg,@putu90
Ugzd4mTSrzZTfHlKfu14AaABAg,0,0,"2025-09-20 10:42:09",@Infinix-t7d8q,Iya,0,,
UgyTHz2kqZl-rDyUqmR4AaABAg,0,0,"2025-09-20 04:51:51",@zerr_1100,"Dari dlu gwa udh liat Rizki riplay😁semangat ya bang ngontennya😄",0,,
UgxGWYPmbHDVisRRhTF4AaABAg,0,0,"2025-09-19 07:08:42",@andinining7480,"Kok sama kayak Pikabuu Stop tapi sedikit beda",0,,
UgzczrBLk316yRemxJR4AaABAg,2,1,"2025-09-19 03:43:24",@putriulangdari.18,"Full semyum bree smelm wd di sini bre @𝗽𝗮𝗻𝗱𝗮𝘄𝗮𝟰𝟲 Search aja di google bro Situs lagi gacor bos buruan coba",0,,
UgzczrBLk316yRemxJR4AaABAg.ANEjKhdGl69ANEjLLua__y,,1,"2025-09-19 03:43:29",@putriulangdari.18,@𝗽𝗮𝗻𝗱𝗮𝘄𝗮𝟰𝟲,1,UgzczrBLk316yRemxJR4AaABAg,@putriulangdari.18
UgzczrBLk316yRemxJR4AaABAg.ANEjKhdGl69ANZkQS36im8,,0,"2025-09-27 07:36:58",@Baiwwwr,"Who's asking you lil bro😂",1,UgzczrBLk316yRemxJR4AaABAg,@putriulangdari.18
UgyNEI0cGzbIxxwxCGd4AaABAg,0,0,"2025-09-18 13:44:38",@GresHugoshinter,"Akibat bokep ini mas",0,,
Ugwox824IP_FQ9jsqqt4AaABAg,0,0,"2025-09-18 13:44:19",@GresHugoshinter,"Akibat bokep ini mas",0,,
UgwHNlazMxA-wUC7wx14AaABAg,1,0,"2025-09-16 09:19:59",@abangPain0_0,"Awal yang duduk di warung ku kira siapa ternyata bang Rizky",0,,
UgwHNlazMxA-wUC7wx14AaABAg.AN7bTLoTQ9kAN9bxuc209V,,0,"2025-09-17 04:02:47",@RizkyRiplay,"Warung mana tuh sob?",1,UgwHNlazMxA-wUC7wx14AaABAg,@abangPain0_0
UgwEBEv93VteWGBnM9d4AaABAg,0,0,"2025-09-15 17:50:07",@leonardhian98,"gmn maubd brantas org tg back up jg org pemerintah sm polce india😊",0,,
UgxsXWp-Tmbhz4RX-bF4AaABAg,2,0,"2025-09-15 15:18:10",@Gusion79,"Pengen berhenti susah belum balik modal 😢",0,,
UgxsXWp-Tmbhz4RX-bF4AaABAg.AN5feqV48bHAN5rXrJIf0T,,0,"2025-09-15 17:01:56",@M.Adnan28,"Berhenti bng semangat....... Jangan balas dendam pada sistem...",1,UgxsXWp-Tmbhz4RX-bF4AaABAg,@Gusion79
UgxsXWp-Tmbhz4RX-bF4AaABAg.AN5feqV48bHAN6t6mtjS-2,,0,"2025-09-16 02:34:57",@RizkyRiplay,"Berhenti sekarang sob, kalau di lanjut juga ga bakal balik modal. Berhenti atau nanti menyesal sob",1,UgxsXWp-Tmbhz4RX-bF4AaABAg,@Gusion79
UgwkhVCQoMiclP6Qx514AaABAg,0,0,"2025-09-13 22:14:53",@Babyanyaa-tj5xu,"bagus ceritanya",0,,
UgzUY42nD09FzKkQFQp4AaABAg,0,0,"2025-09-13 03:13:05",@sidikpurnomo2705,"Doa kan hari ini Dapat uang banyak buat beli susu😂, padahal gajinya bulanan 😂 apa jangan-jangan dia korupsi tiap hari😅",0,,
UgwaCmDvE7lUQJSUOGl4AaABAg,1,0,"2025-09-10 16:14:09",@OmanMania-m8x,"Judi haram tapi kata masnya duitnya halal?",0,,
UgwaCmDvE7lUQJSUOGl4AaABAg.AMtu5_sXAB0AMv6M1mhum8,,0,"2025-09-11 03:29:14",@RizkyRiplay,"Uang hasil dari judi itu haram ya sob",1,UgwaCmDvE7lUQJSUOGl4AaABAg,@OmanMania-m8x
UgyDAUpnqGiK2Y2RQtJ4AaABAg,0,0,"2025-09-10 05:01:54",@Pungki-w6m,"Ada salah ada benernya ya dicerita ini benar2 sesuai real life setauku kalo jadi kurir tugasnya buat ngantar dan memastikan produknya sesuai yg diperlukan pelanggan bukan rusak potong gaji itu urusan dari tokonya rusak/nggaknya resiko dri tokonya contoh gak dikasih bublewarp/kurang aman bungkusnya ,salah ngasih benda/apapun , harusnya komplen ketokonya /ngasih buktinya video buka +isinya, judul,pinjol dll enak diawal otak musuh mesin ya kalah intinya sewajarnya jangan mau otak disetir permainan/mesin, jauhin judi karna itu hal yang sia2 tidak ada yang gratis n instan didunia ini kalo mau kaya kerja keras minimal kalo usaha hidup kita berkecupan udah Alhamdulillah,judol merusak otak,merusak mental ,bikin ketagihan efek jeleknya miskin yang ingin kaya tambah blangsak keinginan kayanya tinggi menghalalkan berbagai cara agar menang akhirnya stuck miskin ,miskin dibikin sendiri udah miskin jadi sengsara dibikin sndri ,😊",0,,
Ugxj9Kq6i4cCvbNl5EJ4AaABAg,0,0,"2025-09-09 04:10:51",@SnopBous,"Kasian bener jadi manusia hambanya😅 menang dikit melaratnya gak main2",0,,
UgzIbDKLwt8SxjEVOVp4AaABAg,1,0,"2025-09-08 14:36:02",@antokandrianto2040,"Setelah ngalamin sendiri paketan beneran hilang dan di refund oleh ekspedisi trus kurirnya gajinya dipotong, jadi agak gimana gitu. Tp setidaknya dia sudah bertanggung jawab. Sehat sehat selalu dan banyak rejeki buat pejuang rupiah halal di luar sana",0,,
UgzIbDKLwt8SxjEVOVp4AaABAg.AMo_H5EIfi_AMpukq9xhKb,,0,"2025-09-09 03:02:58",@RizkyRiplay,"Semangat untuk kalian semua ya",1,UgzIbDKLwt8SxjEVOVp4AaABAg,@antokandrianto2040
UgzKbS5ps5sidLNqlgp4AaABAg,0,0,"2025-09-06 05:18:20",@mugisobirin2894,"Ajarin saya konten animasi bang",0,,
Ugw0Q7BiWwjfPB1aU9J4AaABAg,0,1,"2025-09-05 16:24:42",@سلوىحسناي,"slalu suka sama kontennya karena di setiap videonya pasti ada pesan moralnyaa",0,,
UgzbKSYWL2x1gObYSbd4AaABAg,0,0,"2025-09-03 10:18:39",@SekaiiniItamio,"anjay sendal nya ikut masuk ke rumah",0,,
UgwSOjRstyXZNH-2UzJ4AaABAg,0,0,"2025-09-03 08:03:23",@chelseaputriamelia8254,"Jadi ini penyebab lingkaran judol",0,,
Ugy46axzsdNYcau8f314AaABAg,1,0,"2025-09-02 08:23:22",@Vincentgeming02,"Bang buat video ojol ditindas dan dilindas",0,,
Ugy46axzsdNYcau8f314AaABAg.AMZSrRm9RiTAMZYnrCoVJR,,0,"2025-09-02 09:15:19",@RizkyRiplay,"Terimakasih sarannya yaa",1,Ugy46axzsdNYcau8f314AaABAg,@Vincentgeming02
Ugx6JjAfjp8fT_zwfWR4AaABAg,3,1,"2025-08-31 07:11:24",@channel_eka10,Dasar,0,,
Ugx6JjAfjp8fT_zwfWR4AaABAg.AMUB1cyO98ZAMWfibFunnL,,1,"2025-09-01 06:26:47",@RizkyRiplay,"Semoga ada pelajaran yang bisa diambil dari cerita ini ya",1,Ugx6JjAfjp8fT_zwfWR4AaABAg,@channel_eka10
Ugx6JjAfjp8fT_zwfWR4AaABAg.AMUB1cyO98ZAMWyVkJ5uNM,,0,"2025-09-01 09:10:55",@channel_eka10,"​@RizkyRiplay amin kak coba main yg suami istri yang punya pembantu tapi dia selingkuh dengan suaminya",1,Ugx6JjAfjp8fT_zwfWR4AaABAg,@channel_eka10
Ugx6JjAfjp8fT_zwfWR4AaABAg.AMUB1cyO98ZAMWz8zykb4l,,0,"2025-09-01 09:16:32",@channel_eka10,😊😊,1,Ugx6JjAfjp8fT_zwfWR4AaABAg,@channel_eka10
Ugz59jwmUN9qY-1jX6h4AaABAg,0,0,"2025-08-29 07:57:06",@MuhammadraffaRaffa-j7o,"Semenjak bapak gw kenak judi online dia ga pernah ngobrol lagi SMA gw",0,,
Ugw6YuaKeKUaReG7SGJ4AaABAg,0,3,"2025-08-28 12:08:35",@Muhammad_Daiz_Dais_Official,"keren Ikut hadir nih bang Rizky Riplay",0,,
UgzpEGr3-3CvVty82cp4AaABAg,0,2,"2025-08-28 12:08:35",@Daiz_Dais_OfficiaI,"keren Ikut hadir nih bang Rizky Riplay",0,,
Ugx5tH-KGKmxux4_f994AaABAg,0,3,"2025-08-28 07:02:31",@user-qs5bq2yq9o,"Intinya judi tidak membuatmu kaya malahan yang ada kamu ketagihan dan kelilit hutang yang membuat keluarga menjadi hancur.",0,,
UgzukWvwiOIxgFNYnp14AaABAg,1,2,"2025-08-26 19:20:39",@bukantuyul123,"ini kisah nyata sepertinya",0,,
UgzukWvwiOIxgFNYnp14AaABAg.AMIbWJU5RZNAMJMyvzvt-F,,2,"2025-08-27 02:24:07",@RizkyRiplay,"Ini cuma fiksi ya sob",1,UgzukWvwiOIxgFNYnp14AaABAg,@bukantuyul123
Ugy-HpQ9r2PtPvA8RYB4AaABAg,0,3,"2025-08-26 14:52:08",@rikiliem524,"Dark joke ending Semoga judol di berantas pemerintah Pdhl pemerintah jg yg memfasilitasi",0,,
UgxxaXTfXJgM8PjDBZF4AaABAg,0,1,"2025-08-26 05:39:47",@delisaalif,😮,0,,
Ugy3WooCmmrSMWIyFyB4AaABAg,2,3,"2025-08-26 04:07:20",@RickyAlifNurAzza,"ku mencari komentar judol disini tidak ketemu wkwkwk",0,,
Ugy3WooCmmrSMWIyFyB4AaABAg.AMGyzzwyV4NAMHEjIeoCKA,,1,"2025-08-26 06:33:36",@RizkyRiplay,"Jangan ya sob",1,Ugy3WooCmmrSMWIyFyB4AaABAg,@RickyAlifNurAzza
Ugy3WooCmmrSMWIyFyB4AaABAg.AMGyzzwyV4NAMI12gMcYFJ,,2,"2025-08-26 13:53:17",@RickyAlifNurAzza,"@RizkyRiplaysudah dibatasi spam ya bang biar gak kena komentarnya? Bagus deh kalo gitu, pegel report nya soalnya bang kalo nemu komentar spam gitu 😂😂",1,Ugy3WooCmmrSMWIyFyB4AaABAg,@RickyAlifNurAzza
Ugx8SERjZGQyOkm6KO14AaABAg,0,2,"2025-08-25 16:04:05",@Lutphi_chanel,"Akun judol ketar ketir😂",0,,
Ugx0S-w_cfbCAgOfA1J4AaABAg,0,1,"2025-08-24 09:20:48",@deacute-k4p,Dea,0,,
UgyWVyQRjUU_aOyMgiV4AaABAg,0,0,"2025-08-23 11:10:06",@aminarbaiofficial3004,"Di endorse tanggo bang???",0,,
UgyRh04tuKW9tPq8KNZ4AaABAg,0,0,"2025-08-23 07:21:46",@kosmossianipar6588,"INTINYA JAUHI LAH JUDI SEBELUM HIDUP MU RUSAK",0,,
UgzWxWupxCxQpD_vXdd4AaABAg,0,0,"2025-08-22 13:14:14",@Hani-w7n,Benar,0,,
UgzOPQC-W8hp1lbo2G14AaABAg,0,0,"2025-08-20 17:39:46",@derpanser,"Kalo menyangkut ijazah,teringat seekor hewan nich😅😅",0,,
UgxE3LNE_G6m9t9VIeJ4AaABAg,1,0,"2025-08-20 13:30:34",@apriansyah6616,"😂😂😂😂😂😂 rasain",0,,
UgxE3LNE_G6m9t9VIeJ4AaABAg.AM2Xg-SI46NAM4-BGUYcFt,,0,"2025-08-21 03:07:37",@RizkyRiplay,"Greget banget ini kelihatannya hahaha",1,UgxE3LNE_G6m9t9VIeJ4AaABAg,@apriansyah6616
UgwkiiZwU91VXFLl4Nh4AaABAg,0,0,"2025-08-20 13:29:31",@apriansyah6616,😂😂😂😂😂😂😂😂😂😂😂hahahahhahahahaha,0,,
Ugzs1bo6YF9J4wwFIv54AaABAg,1,0,"2025-08-20 04:57:45",@nofentiyulia5280,"Pas pertama liat animasi Riski Riplay, langsung jatuh hati&keterusan nonton Ceritanya, sesuai realita kehidupan sehari-hari bgt👍😊",0,,
Ugzs1bo6YF9J4wwFIv54AaABAg.AM1c-1K_j5vAM1nuFNxfXy,,0,"2025-08-20 06:41:49",@RizkyRiplay,"Wahh makasih banyak sob udah suka sama animasi aku 🥰",1,Ugzs1bo6YF9J4wwFIv54AaABAg,@nofentiyulia5280
UgwGFMajRXET-gJfcEZ4AaABAg,1,0,"2025-08-18 19:51:16",@OhMyVerry,"Jangankan ijazah SMA ijazah sarjana aja susahnya minta ampun, paling bener kayaknya pergi ke luar negeri aja pakai dana talangan",0,,
UgwGFMajRXET-gJfcEZ4AaABAg.ALz3ebcWNzNALznGgXW5PG,,0,"2025-08-19 02:38:33",@RizkyRiplay,"Semangat terus ya untuk kalian semua yang sedang berjuang mencari pekerjaam, semoga segera dapat",1,UgwGFMajRXET-gJfcEZ4AaABAg,@OhMyVerry
Ugz9RKMHMpnrxjGlSfZ4AaABAg,1,0,"2025-08-18 14:34:22",@EfendiEfendi-v5t,"Kesana kemari membawa alamat gog gog",0,,
Ugz9RKMHMpnrxjGlSfZ4AaABAg.ALyVOXM__-SALzpdJSalQM,,0,"2025-08-19 02:59:15",@RizkyRiplay,"Namun yang kutemui bukan dirinya",1,Ugz9RKMHMpnrxjGlSfZ4AaABAg,@EfendiEfendi-v5t
UgxviJNkY-hbJB3HGqN4AaABAg,0,0,"2025-08-18 04:45:57",@ZhiZhi-t8w,"biasanya klo hp sejenis elektronik gtu pake rangka kayu/ palet sejenisnya",0,,
UgykoRUHbnWlEULHAsx4AaABAg,1,0,"2025-08-18 02:05:08",@Surati25-r9n,"Kenapa ya Roblox mau di blokir sedangkan judi cuman di biar kan saja😢",0,,
UgykoRUHbnWlEULHAsx4AaABAg.ALx9e47C34ZAPuackqS_FV,,0,"2025-11-24 12:17:29",@YopiIntrovertIntrovert,"Ada 3 kemungkinan 1pelecehan 2ngomong Kotor 3 online dating",1,UgykoRUHbnWlEULHAsx4AaABAg,@Surati25-r9n
UgyJs8-QWRhnHH1F6tt4AaABAg,1,0,"2025-08-17 16:23:25",@erlan_55,"Berasa liat sinetron antv tapi tetep bagus min ❤❤❤",0,,
UgyJs8-QWRhnHH1F6tt4AaABAg.ALw74RD9w1wAM-UufgnT0Y,,1,"2025-08-19 09:08:38",@RizkyRiplay,"Terimakasih telah menonton, semoga terhibur dengan konten kami yaa",1,UgyJs8-QWRhnHH1F6tt4AaABAg,@erlan_55
Ugx33EbXqdV1U5faT0J4AaABAg,0,0,"2025-08-17 04:25:05",@Blusukannn,"Yg penting tango coklat nya sih",0,,
UgxFZ6gMtAM6wyQIWtR4AaABAg,0,0,"2025-08-16 13:54:37",@WahyuSetiawan-i4w,"tapi gua judi.. gak gitu2 amat.. kalo gua mah judi cuma buat ngilangin gabut aja",0,,
UgwGxcp29jlbFPPsAO54AaABAg,0,0,"2025-08-16 09:11:21",@AjiKuday96,"Logat jawa timurnya lucu bgt sih anjr😅😅😅🤣🤣🤣",0,,
UgyiMIcv2q61laMXrkl4AaABAg,0,0,"2025-08-15 15:45:55",@adithianoordin9583,mantap🔥,0,,
UgyCeMpBnjL1Z2oa90B4AaABAg,0,0,"2025-08-15 14:34:56",@SriandayaniSriandayani,"Gue deh2 kan cok sumpah lah yang iPhone yaa ilang🗿🗿",0,,
UgxDfprFPuDaQuv4Cid4AaABAg,0,0,"2025-08-14 06:31:43",@natasya.ellme1,"disaat kita masih muda, masih sekolah belajar baik baik, bergaul dengan orng baik, jangan ngelakuin hal yg bakal ngerugiin kita, contoh nya yg di vidio ""zina"" lulus sekolah harus langsung nafkahin keluarga, kerja belum mateng, pikiran belum mateng, belum ada kesiapan untuk memiliki anak tp tetep bikin anak, yg ujung ujungnya anak mu ngerasain apa yg km rasain dlu. coba deh pikir gimana klo kmu bisa bikin semua itu berhenti di kmu? kmu nikah waktu kmu udh siap, kmu punya anak juga waktu kmu udh siap secara mental dan materi, di usia anak km yg masih kecil, anak kmu ga perlu tu mikirin ""aku mau beli ini ibu punya uang ga ya?"" dan harus keterbatasan pendidikan.",0,,
Ugz9X8jggFRNjP9OHT14AaABAg,0,0,"2025-08-14 04:06:25",@dedenugraha5887,"TOTO MACAU DARMONO BIKIN GUA KECANDUAN . DAN GUA ANTI SLOT",0,,
UgygpiqvPlnK7DF8XzN4AaABAg,1,1,"2025-08-13 18:32:38",@aitlertuela9739,"3 orang yang susah di nasehati 1.pemain judol 2.fans dodo 3.orang pacaran",0,,
UgygpiqvPlnK7DF8XzN4AaABAg.ALm2gIbFtx2ALqhwmt6mrO,,0,"2025-08-15 13:58:51",@Aziz10-m9z,"4 bang 4. Perokok",1,UgygpiqvPlnK7DF8XzN4AaABAg,@aitlertuela9739
UgzQY_dHkZwNUXh9Rmd4AaABAg,0,1,"2025-08-13 06:45:32",@far335_96,"Semoga Judi Online Diberantas Pemerintah!! Realiti : 🤐",0,,
UgxEsJWORnF0jGxWkR14AaABAg,1,0,"2025-08-13 06:36:00",@Yujirofanzo,"Lagunya bgus",0,,
UgxEsJWORnF0jGxWkR14AaABAg.ALklfWymgJSALkmL8oaoj8,,0,"2025-08-13 06:41:50",@RizkyRiplay,"Terimakasih telah menonton, semoga terhibur dengan konten kami yaa",1,UgxEsJWORnF0jGxWkR14AaABAg,@Yujirofanzo
UgzxGwiTpbTIFgG8wbN4AaABAg,0,0,"2025-08-13 03:50:26",@arizky19,"Judul di berantas pemerintah? Hahaaa",0,,
UgwG0Ay_yHUM5cmavlR4AaABAg,1,0,"2025-08-11 12:27:26",@DephiA-x7s,Indoapril😭😭🤣,0,,
UgwG0Ay_yHUM5cmavlR4AaABAg.ALgFInbAjYiALho72zRUMG,,0,"2025-08-12 02:59:39",@RizkyRiplay,"Hahaha salfok ya sob",1,UgwG0Ay_yHUM5cmavlR4AaABAg,@DephiA-x7s
Ugz2uO4DMJcRlmej0GR4AaABAg,1,0,"2025-08-10 11:35:58",@Keylaa4,"Suka sm art rizky riplay yg ini",0,,
Ugz2uO4DMJcRlmej0GR4AaABAg.ALd_bxEjSfhALfO3iLwZqJ,,1,"2025-08-11 04:24:47",@RizkyRiplay,"Terimakasih telah menonton, semoga terhibur dengan konten kami yaa",1,Ugz2uO4DMJcRlmej0GR4AaABAg,@Keylaa4
Ugzhjzm1OjiBy4J2tNJ4AaABAg,2,1,"2025-08-10 10:40:57",@cimoLll._.zera-82,"Indoapril ga tuh🗿🗿🗿",0,,
Ugzhjzm1OjiBy4J2tNJ4AaABAg.ALdUJvQDbsBALfPFUAQhih,,1,"2025-08-11 04:35:08",@RizkyRiplay,"Hahaha salfok ya sob",1,Ugzhjzm1OjiBy4J2tNJ4AaABAg,@cimoLll._.zera-82
Ugzhjzm1OjiBy4J2tNJ4AaABAg.ALdUJvQDbsBALgGJiZw9cs,,0,"2025-08-11 12:36:18",@cimoLll._.zera-82,​@RizkyRiplayiya🗿,1,Ugzhjzm1OjiBy4J2tNJ4AaABAg,@cimoLll._.zera-82
Ugw61I4DXthtQxxNNYB4AaABAg,1,0,"2025-08-10 09:09:50",@MuhammadRizky-fu1hv,"Gimana mau di berantas , bandarnya ajah di curangin pemain bisa di penjara wkkwkwkwk",0,,
Ugw61I4DXthtQxxNNYB4AaABAg.ALdJtafU56hALfaGTHyNHK,,0,"2025-08-11 06:20:07",@RizkyRiplay,"Ambil pelajaran dari cerita ini ya sob",1,Ugw61I4DXthtQxxNNYB4AaABAg,@MuhammadRizky-fu1hv
Ugw0pF8q2vbpbwPJnt94AaABAg,0,0,"2025-08-09 13:02:33",@Jackie-h9y,"Oknum berbaju coklat main judi , melindungi bandar 😂",0,,
UgzI4HKt0Ne6bM0nvYh4AaABAg,0,0,"2025-08-09 05:54:32",@Reynandarkatama,"Pikabuu stop",0,,
UgzVQJ_J8UKULrgaXNJ4AaABAg,1,0,"2025-08-08 04:21:35",@anonymouskomentar783,"Suaranya mirip mas zainal",0,,
UgzVQJ_J8UKULrgaXNJ4AaABAg.ALYeJf0tDuIALZ4XKTkxVS,,0,"2025-08-08 08:19:23",@RizkyRiplay,"Zainal siapa sob?",1,UgzVQJ_J8UKULrgaXNJ4AaABAg,@anonymouskomentar783
UgyamBAuTsPnLEjA_NB4AaABAg,1,0,"2025-08-05 19:20:02",@MuhamadNurIsnaini,"Kerjaan Main Gem Slelot",0,,
UgyamBAuTsPnLEjA_NB4AaABAg.ALSXkSdusCWALTIxmmTsfU,,0,"2025-08-06 02:30:01",@RizkyRiplay,"Jangan pernah sentuh judol ya sob",1,UgyamBAuTsPnLEjA_NB4AaABAg,@MuhamadNurIsnaini
UgxZXe84jt71pxi0F0B4AaABAg,0,0,"2025-08-04 12:28:36",@Inul-bq3uq,"boro boro di Brantas pemerintah yang ada di pelihara pemerintah",0,,
Ugzxqpqywm3Mhv2cI7x4AaABAg,1,0,"2025-08-04 12:18:22",@AmangBjm-b1w,"Maf telat satu tahun🗿😭",0,,
Ugzxqpqywm3Mhv2cI7x4AaABAg.ALPChFbDiTeALQuJcZQLMx,,0,"2025-08-05 04:07:28",@RizkyRiplay,"Gapapa sob yang penting nonton",1,Ugzxqpqywm3Mhv2cI7x4AaABAg,@AmangBjm-b1w
UgzXpNBGAXwcK-RB5v94AaABAg,1,0,"2025-08-04 07:25:32",@jiyyyaaw,"telat 1 tahun 😢😢,semangat bang rizky!!",0,,
UgzXpNBGAXwcK-RB5v94AaABAg.ALOgBPKDiSlALR8zHUmdSZ,,0,"2025-08-05 06:24:22",@RizkyRiplay,"Gapapa kok sob heheh",1,UgzXpNBGAXwcK-RB5v94AaABAg,@jiyyyaaw
UgwROq68UGv9Fzx3F0x4AaABAg,1,0,"2025-08-03 08:30:52",@CarissaCarisaa,"Kesian banget 😢😢😢",0,,
UgwROq68UGv9Fzx3F0x4AaABAg.ALMDs6FgY--ALOemhmKp-E,,0,"2025-08-04 07:13:17",@RizkyRiplay,"Semoga ada pelajaran yang bisa diambil dari cerita ini ya",1,UgwROq68UGv9Fzx3F0x4AaABAg,@CarissaCarisaa
UgxoHmLhRKwssl7nKJJ4AaABAg,0,0,"2025-08-02 15:03:33",@denadaprasetyo2165,"Terharu sekarang channel-nya udah gede. Padahal aku subscribe channel ini masih baru 40ribu an",0,,
Ugyq5aFGnXVryOmxxD54AaABAg,0,0,"2025-08-01 16:15:36",@askep_edit-indo,"Bang coba bikin pikabuu stop",0,,
UgzJDPxXDwozFCupRzZ4AaABAg,0,1,"2025-08-01 09:11:22",@AYANOTIAYANO-z7k,"YANG 3D DONG",0,,
Ugx1mq85ggUD2pDwr6B4AaABAg,0,0,"2025-07-30 16:40:43",@fatinilham6750,"salfok sma bayi nya senyum terus padahal nangis 😂",0,,
UgzlG9VO_3nYLlkKwxB4AaABAg,1,0,"2025-07-30 05:34:47",@nananghermawan331,"Seharusnya kameramen kasih tau kalo tuh barang jatuh",0,,
UgzlG9VO_3nYLlkKwxB4AaABAg.ALBbXulfKNeALYBBo_7KwV,,0,"2025-08-07 23:58:22",@AkkmMal-jb5wr,😂,1,UgzlG9VO_3nYLlkKwxB4AaABAg,@nananghermawan331
UgyCmMaWCFiQDtataLd4AaABAg,0,0,"2025-07-29 11:29:13",@LolisaIpaw,"motor tapi suara starter nya mobil truk😂",0,,
UgzOy0fbRIMv0b7BeqF4AaABAg,2,1,"2025-07-29 09:03:40",@muhammadrizky3820,"animasi nya jelek",0,,
UgzOy0fbRIMv0b7BeqF4AaABAg.AL9PdyBTozBALGmJRpbko9,,1,"2025-08-01 05:45:08",@achoo-jbxx56,"animasinya jelek tapi subs dia 12 juta , penghasilan dia banyak , lah lu bisa apa miskin ?",1,UgzOy0fbRIMv0b7BeqF4AaABAg,@muhammadrizky3820
UgzOy0fbRIMv0b7BeqF4AaABAg.AL9PdyBTozBALHXcm226N6,,0,"2025-08-01 12:47:20",@Safichyy,"​@achoo-jbxx56 gk bisa semua, bisanya menghina orang lain😂",1,UgzOy0fbRIMv0b7BeqF4AaABAg,@muhammadrizky3820
Ugxi3wm5zGjfBt4SdBF4AaABAg,0,0,"2025-07-29 09:01:05",@Tazzzzz_tau,"Rumah nya mirip yg di pikabuu stop",0,,
Ugx2T1iFcnlsESexiy54AaABAg,1,0,"2025-07-28 16:25:46",@FaisalOpsir,"gw pernah nyoba yang namanya judol tapi gw sadar",0,,
Ugx2T1iFcnlsESexiy54AaABAg.AL7cS6ANvZTAL8ilVG4-Iw,,0,"2025-07-29 02:40:13",@RizkyRiplay,"Jangan terjun lagi ya sob",1,Ugx2T1iFcnlsESexiy54AaABAg,@FaisalOpsir
UgxLg0rPdK_OUaVKatV4AaABAg,1,0,"2025-07-28 09:34:57",@Kasa-b7s,"Enak juga maen slot tidur dapet duid , makasih bang udah ngingetin",0,,
UgxLg0rPdK_OUaVKatV4AaABAg.AL6tRG2g51LAL8qOQtXJq1,,0,"2025-07-29 03:46:50",@RizkyRiplay,"Jangan pernah terjun ke dunia itu ya sob, ini animasi untuk edukasi",1,UgxLg0rPdK_OUaVKatV4AaABAg,@Kasa-b7s
UgxlhJ0cEZLCPZI3EF54AaABAg,1,0,"2025-07-27 17:17:37",@xccctmlbb,"Judi bukan sekadar merosakkan jati diri, tapi judi juga merusak kan pikirkan, pikiran yg mulai napsu, dan ego, keluarga yg awal nya bahagia tapi kemunculan judi adalah kehancuran, inti nya jika ada yg ngajak judi, kita harus ingat keluarga yg tersayang, #judi adalah perosak segala nya👍🏻",0,,
UgxlhJ0cEZLCPZI3EF54AaABAg.AL58_xJGoJ0AL6fK_7Wotl,,0,"2025-07-28 07:31:43",@RizkyRiplay,"Ambil pelajaran dari cerita ini ya sob",1,UgxlhJ0cEZLCPZI3EF54AaABAg,@xccctmlbb
UgwT4IBpqGUGRea4pbN4AaABAg,0,0,"2025-07-27 11:00:31",@ss168zor,"Lebih baik kebakaran rmh,dr pd main judi.",0,,
UgyqvPBpVYOHUnf_LPt4AaABAg,0,0,"2025-07-27 08:18:39",@abdullaharif_09,"Gimana mau di hilangkan judol, pemerintah aja main",0,,
Ugw7ylFlCOUy-dp204x4AaABAg,0,0,"2025-07-27 08:18:39",@abdullaharif_09,"Gimana mau di hilangkan judol, pemerintah aja main",0,,
UgyXIjpt7X-2M29t6iF4AaABAg,1,0,"2025-07-27 03:23:38",@WkwkkwwkWkwkkwkwk,"Judi tidak hanya mempertaruh kan uang Melain kan juga keluarga dan nyawa",0,,
UgyXIjpt7X-2M29t6iF4AaABAg.AL3e8erXyvXAL8vimLSLAO,,0,"2025-07-29 04:33:27",@RizkyRiplay,"Semoga ada pelajaran yang bisa diambil ya sob",1,UgyXIjpt7X-2M29t6iF4AaABAg,@WkwkkwwkWkwkkwkwk
UgwcxyHuUvEV6vZso794AaABAg,0,2,"2025-07-26 10:49:20",@Arul-b9d7p,"Kyk pikabu stop!!",0,,
Ugx8fU0JNHSVAtXYY_F4AaABAg,0,0,"2025-07-26 09:29:51",@RDTGAM1NG,"Terinspirasi dari game pikabuu stop kah🤔?",0,,
UgzdHlfsVfrCYyAhOC94AaABAg,0,0,"2025-07-25 10:20:06",@slivkoo10,"judol itu seru kalo lu tau cara maenya blok 😂",0,,
UgxT-gMyeRF6TljCOsd4AaABAg,0,0,"2025-07-25 03:31:10",@LindaNovianti-y5v,"Bang itu yang beli iPhone 15 pro max itu namanya Linda itu nama aku🎉🎉🎉🎉",0,,
UgwPIpI9OeqcnaQZsEB4AaABAg,0,0,"2025-07-22 17:06:11",@raynaldosetiawan5440,"Udah tau di tipu bandar masih aja bandar nya tau ga apa orang2 cina 😂 yang tinggal di kamboja",0,,
Ugziha1NB5ytwY1Z5k14AaABAg,1,0,"2025-07-22 14:43:41",@RafiiMuhammadRafii-x8d,"Ini nih azab yang komen ""kemarin main ?????? Hoki cuy makasih ????????""",0,,
Ugziha1NB5ytwY1Z5k14AaABAg.AKt--7lX3q4AKuLEeIjedB,,0,"2025-07-23 03:17:16",@RizkyRiplay,"Semoga ada pelajaran yang bisa diambil dari cerita ini ya",1,Ugziha1NB5ytwY1Z5k14AaABAg,@RafiiMuhammadRafii-x8d
UgxhT8QpqdQM5HXxpvp4AaABAg,1,1,"2025-07-21 12:03:44",@DinggiMuh,"Awal mula aku nonton rizkyriplay dari hantu Hideko jepang",0,,
UgxhT8QpqdQM5HXxpvp4AaABAg.AKq7tkgogWvAKrl9jgGAg0,,0,"2025-07-22 03:14:49",@RizkyRiplay,"Wahh yang cerita horor ya sob",1,UgxhT8QpqdQM5HXxpvp4AaABAg,@DinggiMuh
UgxuDeBlbUacNKllgc54AaABAg,1,1,"2025-07-21 11:41:37",@unaisah_aja256,"Aku mikir keras karena kalo judi haram dan ga baik kenapa ga dihapus aja tuh aplikasi?",0,,
UgxuDeBlbUacNKllgc54AaABAg.AKq5MqlDm47AL12xFgQS3G,,0,"2025-07-26 03:11:24",@meza7649,"Judi banyak situs dan cadanganan nya meski di hapus masih ada yg lain",1,UgxuDeBlbUacNKllgc54AaABAg,@unaisah_aja256
Ugyle4YBtz4RvaWgzAJ4AaABAg,1,0,"2025-07-20 13:23:41",@KalebMarihotsinaga,"Guys do'akan bapak gw main judol tolong semoga bertobat",0,,
Ugyle4YBtz4RvaWgzAJ4AaABAg.AKnhFY_mtA6AKpC1ki7YN3,,0,"2025-07-21 03:20:40",@RizkyRiplay,"Aamiin mimin bantu doa ya sob",1,Ugyle4YBtz4RvaWgzAJ4AaABAg,@KalebMarihotsinaga
UgxASUbnnLSvavBKJx54AaABAg,0,1,"2025-07-18 04:29:09",@FirelabsClub,"Yaallah semoga gua bisa berhenti dari judol",0,,
UgwqW1_Ovabe7wbyjKV4AaABAg,0,1,"2025-07-16 09:50:03",@Rohibanwar5,"Menit 8.00 indo april😅",0,,
Ugxk1m6QCvw8MJNA2Ol4AaABAg,0,0,"2025-07-16 03:45:05",@ByteTeknologiA,"2025 sambil makan mie",0,,
UgyzGpmj95AFAHI4qs54AaABAg,1,0,"2025-07-15 16:10:01",@aishaemilya8650,"Kasihan juga Tiko , padahal dia sudah berusaha tanggung jawab",0,,
UgyzGpmj95AFAHI4qs54AaABAg.AKb7JLnU781AKcJ0uGHPDV,,0,"2025-07-16 03:11:36",@RizkyRiplay,"Ambil pelajaran dari cerita ini yaa",1,UgyzGpmj95AFAHI4qs54AaABAg,@aishaemilya8650
UgxvFIFHQVnQ9Jpy8uN4AaABAg,0,1,"2025-07-15 09:44:57",@suratmi666,"Du menit 1:52 itu abang yg jadi karakter pemberi tangonya????",0,,
UgxfbvvLIgeniD4-Je14AaABAg,0,0,"2025-07-14 16:27:09",@nengayuyeti,"Sosok admin ketahuan😱",0,,
UgwAl3JJnunoUzI8UE14AaABAg,1,1,"2025-07-14 08:21:08",@MYWILIAM-i2o,"guaa kiraa ada yang nelpon di hp,tau² nyaa di video",0,,
UgwAl3JJnunoUzI8UE14AaABAg.AKYhrMqs3_rAKaO2INBiBQ,,0,"2025-07-15 09:16:59",@RizkyRiplay,"Hahaahah langsung cek ada yang tlpn atau engga ya",1,UgwAl3JJnunoUzI8UE14AaABAg,@MYWILIAM-i2o
UgxdWwA39Xf4tK__f-d4AaABAg,0,1,"2025-07-13 04:07:21",@UraySiti-k4k,"Gacorrrrrrrrr gacorrrrrrraahhhhhh 🗿",0,,
UgwJoln9YZrbYmppFjl4AaABAg,1,1,"2025-07-12 21:46:29",@NobitaDoraemon-l1w,"Cerita yg terlalu memaksakan, standar, Dan membosankan",0,,
UgwJoln9YZrbYmppFjl4AaABAg.AKV-R2wwxa2AKksD7_ybvs,,0,"2025-07-19 11:01:45",@Banzaiii-15,Apacoba,1,UgwJoln9YZrbYmppFjl4AaABAg,@NobitaDoraemon-l1w
UgwFF25lASYWH6fmZgt4AaABAg,0,0,"2025-07-12 06:16:57",@shellachristin2723,👍,0,,
UgybblvJqB61EcDAZDZ4AaABAg,0,0,"2025-07-11 14:05:19",@vindestaylor1578,"Apaaa diberantas pemerintah. Malah pemerintah yg melihara judol",0,,
UgxAWlAnF77muYm0jLd4AaABAg,0,1,"2025-07-11 10:55:55",@ガブリエル_oki15,"Jadi keinget game pikabu stop",0,,
UgyHDq7hKXqvDwXoOtJ4AaABAg,0,0,"2025-07-11 10:27:01",@NeselCR,"Kok mirip pikabu stop ya? Tetapi ada perbedaan dikit👌",0,,
UgzSpfP45LQcHUuChW54AaABAg,0,0,"2025-07-11 08:04:06",@MuhammadlatifisnainiLatif12,"Pin dong bg",0,,
UgwL_mO3LNvt_L6YdmN4AaABAg,0,2,"2025-07-11 07:15:42",@YasuoKoleba,"Mirip pikabuu stop",0,,
UgxKmuE05-XXGTrLqcN4AaABAg,0,1,"2025-07-10 11:00:43",@Its._.KHAI1,"Kayak game pikabu st*p ya bang🤨👊",0,,
UgzySkX9lzUOA3XpshF4AaABAg,0,0,"2025-07-10 10:29:56",@gamemirip-yq3ef,"memang ya semua berawal dari pengen bahagia in keluarga",0,,
UgwMHcRjvV_Z22eYk-t4AaABAg,0,0,"2025-07-10 06:05:17",@Halowersea,"Judi bisa membuat kita rugi",0,,
UgwH-mhgadzC5sI8tSt4AaABAg,0,0,"2025-07-08 13:28:45",@MuhammadAbdillah-k9p,"bayinya diluar nurul",0,,
UgwKlVhcGMh1WOUBLbx4AaABAg,1,1,"2025-07-08 04:12:27",@farmanila8688,"Sebenernya dia baik dia kalo ada duit inget anak istri nya cuma ya dia di jalan yang salah",0,,
UgwKlVhcGMh1WOUBLbx4AaABAg.AKIoca__RtyAL-4DXpqd5Q,,0,"2025-07-25 08:44:01",@BaimBaim-ov8bn,"​@FauzanSabiluldih bego gak nonton apa gimana nih gak bisa mikir ya? Itu dia udah kerja kok tapi setelah Nemu yg instan dia gak mau kerja lagi Dah jelas harusnya kalo bisa mikir pemain judol itu emang pemalas dan maunya yg instan",1,UgwKlVhcGMh1WOUBLbx4AaABAg,@farmanila8688
UgwY98npJsdV8FUddn54AaABAg,2,0,"2025-07-07 04:27:48",@MUZE-u6y3o,"Mirip pikabuu stop!",0,,
UgwY98npJsdV8FUddn54AaABAg.AKGGaDV1WuiAKGYuVlD3PT,,0,"2025-07-07 07:07:52",@RizkyRiplay,"Hmmmm apaan tuh sob?",1,UgwY98npJsdV8FUddn54AaABAg,@MUZE-u6y3o
UgwY98npJsdV8FUddn54AaABAg.AKGGaDV1WuiAKGnP_zme_h,,0,"2025-07-07 09:23:19",@MUZE-u6y3o,"​@RizkyRiplay game Indonesia bg yg bertema judol",1,UgwY98npJsdV8FUddn54AaABAg,@MUZE-u6y3o
UgwbQOTyv2-Ep4cSgjF4AaABAg,1,0,"2025-07-06 17:10:20",@Cegilxyra,"Risky Ripley ga pernah gagal dalam membuat vt🥰",0,,
UgwbQOTyv2-Ep4cSgjF4AaABAg.AKF33IMK-xVAKGf_7Em9Xl,,0,"2025-07-07 08:14:51",@RizkyRiplay,"Terimakasih telah menonton",1,UgwbQOTyv2-Ep4cSgjF4AaABAg,@Cegilxyra
UgxgYwPFyuV7gUF5c9l4AaABAg,0,0,"2025-07-06 12:24:05",@Nurhany93,"Jauhi judol bos...bisa membuat kita miskin,bisa gulung tikar,utang banyak jga,sumpah jauhin bos,judol bisa menyesatkan hidup kita,dan rmh tangga kita bs hancur jg.",0,,
UgxA_ezARnf_AXEWDSR4AaABAg,0,0,"2025-07-06 02:21:11",@DikaHardika-f6w,"Waduh kasian pasti capek 😢",0,,
UgzLS9DQY4XuvHM51kt4AaABAg,0,0,"2025-07-05 14:32:42",@DutzzDutzznhs,"iPhone 57rb an",0,,
UgzB0RfM0AdmP0n5FMB4AaABAg,0,0,"2025-07-05 12:08:57",@JerriSugianto-g4w,"Terus update bang .... Oh ya hantu hantu nya diperbanyak donk bang... Saya suka konten Rizky Riplay",0,,
UgyXyLI2sWXBJvbbq6t4AaABAg,9,442,"2025-07-04 18:59:05",@Bella-h4p4x,"Nyesek banget kalau tidak pernah coba bergabung di 𝐒𝐀𝐉𝐀𝐊𝟒𝐃",0,,
UgyXyLI2sWXBJvbbq6t4AaABAg.AKA5v5A0A0OAKUotaOtkYK,,0,"2025-07-12 20:05:39",@AiSMRVIRAL1,"Gak mau",1,UgyXyLI2sWXBJvbbq6t4AaABAg,@Bella-h4p4x
UgyXyLI2sWXBJvbbq6t4AaABAg.AKA5v5A0A0OALHYDvrL1Ev,,4,"2025-08-01 12:52:33",@Safichyy,"dikira kita miskin apa?😂",1,UgyXyLI2sWXBJvbbq6t4AaABAg,@Bella-h4p4x
UgyXyLI2sWXBJvbbq6t4AaABAg.AKA5v5A0A0OAPJ7efVaEjc,,1,"2025-11-09 13:44:28",@nastaintain4173,"Yng suka judol? Kebanyakan orang habis make sabu sabu",1,UgyXyLI2sWXBJvbbq6t4AaABAg,@Bella-h4p4x
UgyXyLI2sWXBJvbbq6t4AaABAg.AKA5v5A0A0OAPvlxfOSwIY,,0,"2025-11-24 23:15:42",@MacroXD2,"Ngeragebait kah ini ini😂?",1,UgyXyLI2sWXBJvbbq6t4AaABAg,@Bella-h4p4x
UgyXyLI2sWXBJvbbq6t4AaABAg.AKA5v5A0A0OAS11PVsq2XL,,0,"2026-01-16 02:37:41",@RidoMutakin,oot,1,UgyXyLI2sWXBJvbbq6t4AaABAg,@Bella-h4p4x
UgyXyLI2sWXBJvbbq6t4AaABAg.AKA5v5A0A0OATFhi2wbT1x,,0,"2026-02-15 15:56:51",@aniisaputrii-z2j,"halahh bella anjenk",1,UgyXyLI2sWXBJvbbq6t4AaABAg,@Bella-h4p4x
UgyXyLI2sWXBJvbbq6t4AaABAg.AKA5v5A0A0OATRqOre5gIK,,0,"2026-02-20 09:03:37",@nailaluthfiani7417,"Ga peduli, judol haram, cuih",1,UgyXyLI2sWXBJvbbq6t4AaABAg,@Bella-h4p4x
UgyXyLI2sWXBJvbbq6t4AaABAg.AKA5v5A0A0OAU3u7IQ1gqi,,0,"2026-03-07 22:25:48",@ridwanlazuardi885,"gilee malah promosi disini woy",1,UgyXyLI2sWXBJvbbq6t4AaABAg,@Bella-h4p4x
UgyXyLI2sWXBJvbbq6t4AaABAg.AKA5v5A0A0OAUUVFZYqxpP,,0,"2026-03-18 06:19:14",@WowVid3o,"😂 absolute cinema 🙌",1,UgyXyLI2sWXBJvbbq6t4AaABAg,@Bella-h4p4x
UgzzBYPh9i4j7F5fUU54AaABAg,1,0,"2025-07-04 08:22:14",@AbvAbc-h9u,"Makanya jangan kawin punya anak. Mending sewa LC sehari bisa puas atau ngocok😂😂😂😂😂😂😂😂😂",0,,
UgzzBYPh9i4j7F5fUU54AaABAg.AK8y1fOIOFiAKINqK4lnzQ,,1,"2025-07-08 00:09:39",@cloooackerman_8,Sybau💔🥀,1,UgzzBYPh9i4j7F5fUU54AaABAg,@AbvAbc-h9u
Ugz11Im-XP77fMQkjIZ4AaABAg,1,0,"2025-07-04 06:16:49",@muhammadHanif-k9b,"Hiiiiiiiiiiiiii garam nyeeeeeeeeeeeeeeeeeeee",0,,
Ugz11Im-XP77fMQkjIZ4AaABAg.AK8jg38I5dXAK8jwlmusii,,0,"2025-07-04 06:19:06",@RizkyRiplay,"Bikin darah tinggi ya sob hahaha",1,Ugz11Im-XP77fMQkjIZ4AaABAg,@muhammadHanif-k9b
Ugyw4mXei0oIQE-7JDZ4AaABAg,0,0,"2025-07-04 04:48:04",@restiintanlestari515,"Suara anak mudaaa yg ini .suara suara sang** .kadang geli dengernya",0,,
UgyDt3qC4gWc1G7u8Ot4AaABAg,0,1,"2025-07-03 17:50:25",@SATRIO-t9b,"Mending pindah ke game pou aja 🚬🗿",0,,
UgxYjOs4xk3_WBkOunZ4AaABAg,1,5,"2025-07-03 09:59:35",@ucupbotw929,"Kukira cerita fiktif , ternyata kisah hidupku",0,,
UgxYjOs4xk3_WBkOunZ4AaABAg.AK6ZNmKGMHMAKJ1A_tZnx1,,5,"2025-07-08 06:10:49",@CesarRedmi,"Tobat bg",1,UgxYjOs4xk3_WBkOunZ4AaABAg,@ucupbotw929
UgwWvb9Wak9lXgDf7IR4AaABAg,0,0,"2025-07-03 08:43:43",@JannahMiftahul-x1f,"Aku pengen satu doang",0,,
Ugy1PLMgdtatCSNrVDN4AaABAg,1,0,"2025-07-03 03:30:43",@namiyumiiii,"semua itu terjadi karena satu paket hp jatuh 💔",0,,
Ugy1PLMgdtatCSNrVDN4AaABAg.AK5rsavT1NZAK6XMzfJ6fz,,0,"2025-07-03 09:42:00",@RizkyRiplay,"Ambil pelajaran dari cerita ini ya sob",1,Ugy1PLMgdtatCSNrVDN4AaABAg,@namiyumiiii
Ugw173HHLOEXT0Uvj6R4AaABAg,0,0,"2025-07-02 06:14:39",@PondokPetir-i5q,p,0,,
UgxAAXHheu810ENn7BV4AaABAg,1,0,"2025-06-30 15:46:12",@WHO_AM_i2424,"ʜᴀɴʏᴀ ᴍᴀɴᴜsɪᴀ ᴛᴏʟᴏʟ ʏɢ ᴍᴀᴜ ʙᴇʀᴊᴜᴅɪ ᴅᴇɴɢᴀɴ ᴋᴇɪɴɢɪɴᴀɴ ᴊᴀᴅɪ ᴋᴀʏᴀ..",0,,
UgxAAXHheu810ENn7BV4AaABAg.AK-Seq4yIbPAK0eWJPRfVr,,0,"2025-07-01 02:57:44",@RizkyRiplay,"Ambil pelajaran dari cerita ini ya sob",1,UgxAAXHheu810ENn7BV4AaABAg,@WHO_AM_i2424
UgzMKvsqbPUpkzNWzNF4AaABAg,0,0,"2025-06-30 12:01:20",@EPICGames-vn6cl,"Pemerintah bobrok , istri cuman bisa gak mau tau , judol , mampus dah 😂",0,,
UgyhT6cVOavlyotz5C94AaABAg,1,0,"2025-06-29 13:07:29",@nugrahaputra8974,"Ini mah penyebab utama nya istrinya. Gw nonton videonya emosi sendiri, berisik bener, suami pulang itu biarin duduk-duduk dulu, malah dituntut diminta ini itu, nada tinggi lagi. Kalau di dunia nyata hati-hati, bisa kalap suaminya.",0,,
UgyhT6cVOavlyotz5C94AaABAg.AJxahWPvDZ-AJzVGUf1xYj,,0,"2025-06-30 06:49:43",@RizkyRiplay,"Heheheh sabar ya nonton ini",1,UgyhT6cVOavlyotz5C94AaABAg,@nugrahaputra8974
UgyUzNi6D9CEPEDVo8N4AaABAg,1,1,"2025-06-29 10:20:08",@Raka-k1v,"Inti nya punya tytyd di jaga jangan asal sembur 🗿",0,,
UgyUzNi6D9CEPEDVo8N4AaABAg.AJxIYiHs6khAJzbC6LoUUP,,0,"2025-06-30 07:50:17",@RizkyRiplay,"Ambil pelajaran dari cerita ini ya sob",1,UgyUzNi6D9CEPEDVo8N4AaABAg,@Raka-k1v
UgxpGvceE_iz6nAX0Jx4AaABAg,1,0,"2025-06-29 07:07:27",@kutu_komik0772,"Akibat sagapung😂😂",0,,
UgxpGvceE_iz6nAX0Jx4AaABAg.AJwxVWEsCDXAJzlPJzpeD8,,0,"2025-06-30 09:19:28",@RizkyRiplay,"Semoga ada pelajaran yang bisa diambil dari cerita ini ya",1,UgxpGvceE_iz6nAX0Jx4AaABAg,@kutu_komik0772
UgwwIW9TulOVUkDxbep4AaABAg,0,0,"2025-06-28 12:05:19",@bangsueb7402,"7:33 tai haha😂",0,,
UgzeqbUg5ug6Cq0YooV4AaABAg,0,0,"2025-06-27 17:07:27",@syaepulmastur4942,p,0,,
Ugx1AndjH1b4H8LnGjt4AaABAg,0,1,"2025-06-27 11:34:46",@railfans_raffi,8:33,0,,
UgzBF7kAWtVjzcYjW_54AaABAg,0,1,"2025-06-27 10:24:19",@hafizAkatsuki,"anjir 5jt view",0,,
UgzMXs0SSw7I_9RbFlV4AaABAg,0,2,"2025-06-27 09:57:04",@EwingXD-r6b,"JUDI = HAMA",0,,
UgyRbs38XPN7vhZAZIZ4AaABAg,0,10,"2025-06-27 07:36:35",@lukaspangestu_1717,"Selain menghibur dan memberi motivasi Memang Sulit Cari Kerja pernah ada diposisi itu sampai akhirnya puji Tuhan saya diberi tempat kerja sebagai karyawan sekolah walaupun gajinya Tidak begitu besar tetap disyukuri apa adanya",0,,
UgyDLIqJi-78Angx6_F4AaABAg,1,1,"2025-06-26 13:08:56",@YunusGodak-n7t,"Saya sekarang terperangkap judol kebanyakan Devo WD jarang,,, menang ketagihan,,kalah penasaran",0,,
UgyDLIqJi-78Angx6_F4AaABAg.AJpsUSpn_RDAJqjnO13z70,,0,"2025-06-26 21:12:15",@lyeizu,"usaha jangan jadi pengecut. gaada yg instan.",1,UgyDLIqJi-78Angx6_F4AaABAg,@YunusGodak-n7t
Ugxfy0E9dh4Z08OKvrF4AaABAg,0,1,"2025-06-26 11:10:27",@karinakachill9742,"Tapi dia mau bertanggung jawab loh atas perbuatannya ya walaupun endingnya masyaAllah",0,,
Ugw2WdTUElGc-BGaCi54AaABAg,1,1,"2025-06-26 02:28:07",@WOJAK-jd3qi,"kalo gua mah pas menang itu langsung tarik ke cash terus buat modal usaha dan muter modal terus menerus 😋😋",0,,
Ugw2WdTUElGc-BGaCi54AaABAg.AJoj91qnwTrAJol5Xm0p7G,,1,"2025-06-26 02:45:07",@RizkyRiplay,"Waduhh mending jangan coba coba judol sob, nanti ketagihan pasti",1,Ugw2WdTUElGc-BGaCi54AaABAg,@WOJAK-jd3qi
Ugzt9AWWttXfUJSdlDt4AaABAg,0,1,"2025-06-24 01:28:49",@seng3319,"SEMOGA YG MENCIPTAKAN JUDOL ATAU PUN YG BEKERJA YG BERSANGKUTAN SM JUDOL MATI NYA HINA SEHINA HINA NYA, GA DITERIMA BUMI",0,,
UgwqWybLhBQXwixpeoZ4AaABAg,0,1,"2025-06-22 06:02:59",@ArieTeve-g8n,"Judi bisa menghancurkan segalanya",0,,
UgySMgJJwa8uHq4y5Kp4AaABAg,0,1,"2025-06-22 05:39:16",@zahri_san,"Baru aja diomongin tiba-tiba ada komen judol",0,,
UgwMpbCRXaUCGAfv5LN4AaABAg,1,1,"2025-06-21 08:40:23",@NVMSLOT898-q7p,"Main di #𝗡𝗩𝗠𝗦𝗟𝗢𝗧𝟴𝟵𝟴 asyik di bikin kaget aja sama kakek zeus 😁😁😁, #𝗡𝗩𝗠𝗦𝗟𝗢𝗧𝟴𝟵𝟴 ASYIK banget kena PETIR TERUS !!!",0,,
UgwMpbCRXaUCGAfv5LN4AaABAg.AJcWmAeMvnSALHY_UC0uLO,,0,"2025-08-01 12:55:38",@Safichyy,miskin😂,1,UgwMpbCRXaUCGAfv5LN4AaABAg,@NVMSLOT898-q7p
Ugy7254xs6UDk3ZG8m54AaABAg,0,1,"2025-06-19 23:00:16",@aninurfauziah98,2:48,0,,
UgzxdYOcMgHqlbqYVsl4AaABAg,0,2,"2025-06-18 14:40:41",@ashuramlbb25,"Stop judol sebelum anda berakhir d tali gantungan",0,,
Ugwp3HElwh8gOmEQ3SJ4AaABAg,1,2,"2025-06-17 19:40:26",@RuangHiburan1-o1n,"Alhamdulillah sekarang udah berhenti main, bangga banget sama diri sendiri",0,,
Ugwp3HElwh8gOmEQ3SJ4AaABAg.AJUP7xxtMcTAJtEb8KA5LV,,0,"2025-06-27 20:28:41",@Witten-De,"Caranya gimana bang",1,Ugwp3HElwh8gOmEQ3SJ4AaABAg,@RuangHiburan1-o1n
UgzVqnZf3ihNybG5v2l4AaABAg,0,1,"2025-06-17 08:42:02",@EndaAnggara,"judi penyakit hidup",0,,
UgwFot-u35OmYOmlPuZ4AaABAg,0,0,"2025-06-17 03:13:59",@Roblox-h8x,9:15,0,,
UgxptS4fb2ZP5-bEGOp4AaABAg,1,0,"2025-06-16 12:49:08",@muhamadalfin-n1j,"Udah judol, pacaran diluar batas, ekonomi susah kelar hidup lu",0,,
UgxptS4fb2ZP5-bEGOp4AaABAg.AJR5GfH85u4AJSgVTF9uYt,,0,"2025-06-17 03:42:26",@RizkyRiplay,"Ambil pelajaran dari cerita ini ya sob",1,UgxptS4fb2ZP5-bEGOp4AaABAg,@muhamadalfin-n1j
UgxLkwQBsWXGaL_LUMJ4AaABAg,1,0,"2025-06-15 13:32:28",@azreazr5,"Ngomong ngomong anak nya nama nya siapa?",0,,
UgxLkwQBsWXGaL_LUMJ4AaABAg.AJOaRFijd95AJQBtQnBMi6,,0,"2025-06-16 04:27:45",@RizkyRiplay,"Hmmm siapa yaa?",1,UgxLkwQBsWXGaL_LUMJ4AaABAg,@azreazr5
UgyuP6VguHvJsE3M3lp4AaABAg,0,2,"2025-06-12 04:42:48",@FADHLI_gacor,"anak nya anak haram❤",0,,
Ugw10LXl6bO6EtE0ZKd4AaABAg,0,0,"2025-06-08 06:26:25",@mellindaa-h7e,"apalagi nyabu+judol aihh itu bikin hidup susah",0,,
Ugy28HZr1J6QYFwzUP94AaABAg,0,13,"2025-06-07 04:36:54",@NZPROAUDIO-w5d,"2:44 tertawa tapi terluka",0,,
UgzolXux7Qw0_bYWz-94AaABAg,0,0,"2025-06-05 04:58:11",@umarabdulaziz9818,"kasihan banget kak rizki",0,,
Ugw00nGfnJoZKhUF8JV4AaABAg,0,0,"2025-06-05 04:56:48",@umarabdulaziz9818,😢,0,,
Ugyx2xZcIH2zO5utpBV4AaABAg,0,0,"2025-06-05 04:47:17",@AninDya-b6r,"Kak mamah aku pernah dapet teroro dari pinjol tapi dia GK pernah berurusan sama pinjol.terus pas Abang aku buka Ig ada foto KTP mamah aku 😢",0,,
UgwMLMEShDfGJAbkvwx4AaABAg,0,0,"2025-06-05 04:47:02",@AninDya-b6r,"Kak mamah aku pernah dapet teroro dari pinjol tapi dia GK pernah berurusan sama pinjol.terus pas Abang aku buka Ig ada foto KTP mamah aku 😢",0,,
UgzeAG8gPymu7UgcfwB4AaABAg,0,0,"2025-06-04 03:09:17",@ShivaNurfadillah-y7e,"Jujur bpk ku juga pernah teropsesi sama judi tapi setelah di peringatin sama mama aku kalo judi itu gak baik bikin keluarga rusak dan akhirnya bpk ku berhenti main judi pas tahun 2021",0,,
Ugw0xBv6b6yPgEYdREV4AaABAg,0,0,"2025-06-01 17:10:24",@qir_qir,"6:27 🤣🤣🤣🤣",0,,
Ugy77LLKZvggmfp2J_d4AaABAg,0,0,"2025-06-01 10:10:50",@DhaffaAdyfirmansyah-m5i,"kaaaa itu pas di kejar malingnya di perempatan pasar damen Puring yah😅",0,,
Ugy5O8eB8DSUBTakFoR4AaABAg,0,0,"2025-05-30 07:11:46",@Razzixcfeer,"Kisah cinta pocong",0,,
Ugy7DNvRvu_EMkQ-NNB4AaABAg,0,1,"2025-05-30 07:05:49",@Razzixcfeer,"IP nya hilang",0,,
UgzLrJox83o4yp6BTuN4AaABAg,0,0,"2025-05-29 08:49:49",@RaniDeni396,"Mantap nih bang Risky",0,,
Ugwk0OM0MHtq5zjGm3B4AaABAg,0,0,"2025-05-29 07:57:39",@Mylifeishard,"Wiih ada kotak amal tuh ... Kan buat yang membutuhkan ..😅 lengkap sekalii",0,,
UgyawsB5U1xLnFtcoAd4AaABAg,0,0,"2025-05-29 07:52:08",@Mylifeishard,"Bukan hanya sekedar kartun .. Banyak motivasi,pelajaran dalam konten kk ini semangat truss ya kaaa tak lupa aku sekirikebb ❤",0,,
Ugy1JCBx8m7U2mdPYYR4AaABAg,0,0,"2025-05-29 02:59:45",@TantiAryadila,"Ini rumah yg di bagian vidio tahu tek pocong itukan 😊😊",0,,
UgxPKjzjsFKImr2aFbB4AaABAg,0,0,"2025-05-28 04:28:37",@rifalditahir2736,anzayyy,0,,
UgxV5gF3eTVa9AZRXEV4AaABAg,0,4,"2025-05-28 04:04:59",@KalaEllen,"Divideo ini ga ada komen judol wkwkw, biasanya di video manapun ada komen judol kan. Ini sindiran bgt si kontennya mana bagus bgt pesannya. Sukses selalu ka Rizky",0,,
Ugz8N85g4KRfWw0pbcR4AaABAg,0,0,"2025-05-27 06:01:36",@basofiselvi1331,"Semoga di berantas pemerintah 😅..tapi kenyataannya malah di lindungi , lihat bnyak pegawai komdigi yg ketangkap...miris lihat kondisi negara ini😢",0,,
Ugyg7KZFevfamfdLB5J4AaABAg,0,1,"2025-05-27 03:46:01",@wynedhie1224,"KEMENANGAN TERBESAR YAITU BERHENTI JUDOL.",0,,
UgyniLK0L4-YgdszyMx4AaABAg,0,0,"2025-05-26 15:13:40",@noobgaming-iu6iu,👍,0,,
UgxxcBAL7rKd1BUoezx4AaABAg,0,0,"2025-05-26 02:52:21",@AgungPambudi-d2i,"Dia gila karna makan tango ya ??",0,,
Ugya93bIRuVsmPeInxt4AaABAg,0,0,"2025-05-25 21:09:34",@GGGAGUNAGaguna,"FULL DURASI NO PW[ 🤤] [https://youtu.be/y3zoebnUg64?si=5Zfnt_VAIpNq5Jnz] 16:30 hermosa eleccion 12:21 Hopi:""Sweeter"" 33:33 sun: "" Hooter"" 57:44 joonie: "" Cooler"" 01 :10:02 Yoongi:' Butter 07:55 Son unos de los majeros conciertos 20:23 hermosa eleccion 10:10 Hopi:"" Sweeter"" 41:12 Sun: ""Hooter"" 00:19 joni: 23:26 Son unos delos mejeros conciertos",0,,
Ugz6_TUvg_M9msrQR414AaABAg,0,0,"2025-05-25 01:07:27",@yarmimahmimah,"Asik banget liat style animasi nya",0,,
UgyUx4Q1n9fWejMNUs94AaABAg,0,0,"2025-05-24 22:17:50",@mahasantri9948,"Yg kerja kurir mending out",0,,
UgxGTPPNuVK_bCBsb214AaABAg,2,0,"2025-05-22 13:34:40",@BelaWilsem,"Abis wd 30jt di 𝘿𝙀𝙒𝘼𝙅𝙐𝘿𝙄𝟴𝟭𝟴 nih☺️",0,,
UgxGTPPNuVK_bCBsb214AaABAg.AIQnbNjMyNaAIuHqdaMHYt,,0,"2025-06-03 09:44:51",@gimdaaa,"GK mau tobat judi? Mending sholat ku di akhirat nanti GK enak kalo jufi",1,UgxGTPPNuVK_bCBsb214AaABAg,@BelaWilsem
UgxGTPPNuVK_bCBsb214AaABAg.AIQnbNjMyNaALHYwSgBddL,,0,"2025-08-01 12:58:46",@Safichyy,"Mampoes tambah miskin😂",1,UgxGTPPNuVK_bCBsb214AaABAg,@BelaWilsem
UgwAtZcGy-jNjq1Dw7J4AaABAg,0,0,"2025-05-22 04:30:43",@rahadianrahmadwahyumaryono3160,"kok kisahnya mirip tetangga saya ya, namanya juga sama.",0,,
Ugyo77Qal5HXcd9rmv94AaABAg,0,0,"2025-05-21 04:10:06",@AndiSetiono-ym7lc,"Sesuai kebanyakan korban judol itu orang menenggah kebawah.....",0,,
Ugw8Qwg5cxoeSZ9ih9t4AaABAg,1,0,"2025-05-20 20:44:59",@risya1765,"Seharusnya isteri nya itu support suami bukan maksa gitu😢",0,,
Ugw8Qwg5cxoeSZ9ih9t4AaABAg.AIMQGEfZkmXAIN8eNU3-fD,,0,"2025-05-21 03:30:22",@RizkyRiplay,"Semoga ada pelajaran yang bisa diambil dari cerita ini ya",1,Ugw8Qwg5cxoeSZ9ih9t4AaABAg,@risya1765
UgySWIEdR8wJJLKYeDR4AaABAg,0,0,"2025-05-20 16:28:35",@ilhammuhamadridwan7066,🏡,0,,
UgzYabbTuWUwNxHWZL54AaABAg,1,0,"2025-05-20 06:30:16",@anaisme11,"Guys aku ahli gizi. Cuman mau ngasih tau kalau pemberian susu untuk bayi itu TIDAK WAJIB. Bayi cukup terpenuhi dengan ASI sama MPASI (diatas 6 bln) kok",0,,
UgzYabbTuWUwNxHWZL54AaABAg.AIKtS9rJKG7ALHZ34DVO0v,,0,"2025-08-01 12:59:48",@Safichyy,"susu itu mahal y?",1,UgzYabbTuWUwNxHWZL54AaABAg,@anaisme11
UgyU7FtmnQf2rYxyFwx4AaABAg,0,0,"2025-05-19 05:06:32",@RachelJulia-i7c,"Animasi lu awal Sate kambing cak wo familiar aku tempat nya bang",0,,
UgyqG8KoH8gTtdrD3_B4AaABAg,0,0,"2025-05-19 03:49:13",@OfficialGamscoot,Wkwkwk😂,0,,
UgzgB14nwrM0x_TA2KV4AaABAg,0,0,"2025-05-18 14:06:00",@aisyahrona5882,😂❤,0,,
Ugy1CU-5k9KyBg7TB1x4AaABAg,1,0,"2025-05-18 11:14:38",@KISAHMALAM1,"Udah mah blangsak, eh malah maen judi",0,,
Ugy1CU-5k9KyBg7TB1x4AaABAg.AIGFP8q-y6PAII_HaCqd9n,,1,"2025-05-19 08:55:35",@RizkyRiplay,"Semoga ada pembelajaran yang bisa diambil dari cerita di atas ya sob",1,Ugy1CU-5k9KyBg7TB1x4AaABAg,@KISAHMALAM1
UgwmQlgyAlXsQnW0VKl4AaABAg,0,1,"2025-05-18 07:24:08",@LynnZy0,"SANGAT MENGEDUKASI BANG MANTAP🎉🎉🎉",0,,
UgwjW_-oQDB82JokCrJ4AaABAg,0,0,"2025-05-18 00:41:55",@rizkiilyasalhanan2512,"Inti nya kita harus banyak2 bersyukur dengan apa yang kita punya",0,,
Ugx2OQujfMlDPPCjPkp4AaABAg,0,1,"2025-05-17 14:27:41",@JcellKalisat-vh4zn,"Akibat pergaulan bebas",0,,
UgxTtGg65IhnHUph-Sx4AaABAg,0,0,"2025-05-12 10:32:37",@aboyboyzenz8095,https://drive.google.com/drive/folders/1Ml9jgob2Hu5V6Tk556iVQoV34L5alA_q,0,,
UgzgK3pbMaqY_lAYNBd4AaABAg,1,0,"2025-05-12 10:31:55",@aboyboyzenz8095,https://drive.google.com/file/d/1MWzfiaT1drQAWAUwpm1M0jbDo_fAejUU/view?usp=drivesdk,0,,
UgzgK3pbMaqY_lAYNBd4AaABAg.AI0ik4hyB7AALHZ857kage,,0,"2025-08-01 13:00:29",@Safichyy,"jangan dipencet link busuk tuh😂",1,UgzgK3pbMaqY_lAYNBd4AaABAg,@aboyboyzenz8095
UgxioBrrVYtLh5wjnk94AaABAg,0,0,"2025-05-12 08:49:02",@mediraharjo5904,"kayak pernah liat tempatnya",0,,
UgxbFbfWkEiXBkHwYPN4AaABAg,0,0,"2025-05-11 20:55:55",@baimibrahim12,wehh,0,,
UgwY8wxnc6w17IqssRp4AaABAg,0,0,"2025-05-11 04:04:53",@AgungFebriyan-q1t,Gacorrrrrr,0,,
Ugxjb92fhgTuBLNlaip4AaABAg,0,0,"2025-05-07 21:21:47",@yusufmaulanayuliansyah6769,"mampuss kau rungkad",0,,
UgyJaHW_ru7HEyclwk94AaABAg,0,1,"2025-05-07 11:30:01",@kepoamatlupada,"apa yg allah takar tidak mungkin tertukar hindari lendir petir dan api kecil karna itu akan merusak hidupmu",0,,
Ugw5NeJJnXuvbHkZVJ94AaABAg,0,0,"2025-05-07 07:10:18",@KeyshaArsyila-b3i,❤❤❤❤,0,,
UgxexNPle8BCLl-Cjst4AaABAg,0,1,"2025-05-07 05:42:15",@NyomanMulyawati,"Ganti PP Gak😭",0,,
UgxEBpoyfl-Fs8f89YN4AaABAg,1,1,"2025-05-06 07:34:50",@Majelistalimalhikmahoffical189,"Dari ini kita belajar bahwa kalo mau dapat uang ya usaha karna rezeki kita sudah di atur sama Tuhan dan kita tinggal mengejar rezeki tersebut dengan jujur",0,,
UgxEBpoyfl-Fs8f89YN4AaABAg.AHlxhpovMUNAHly6K__bs0,,0,"2025-05-06 07:38:19",@RizkyRiplay,"Semoga ada pembelajaran yang bisa diambil dari cerita di atas ya sob",1,UgxEBpoyfl-Fs8f89YN4AaABAg,@Majelistalimalhikmahoffical189
Ugxob7GJzNIrAKrfRU14AaABAg,2,0,"2025-05-05 14:00:50",@EmakReys,"Pdhl mending ngojek gak sih? Dari pada tukang kurir 😢 kasian bangett harus ganti rugi",0,,
Ugxob7GJzNIrAKrfRU14AaABAg.AHk455XSozqAHlT522Neuh,,1,"2025-05-06 02:58:31",@RizkyRiplay,"Semua pekerjaan bagus kok sob, yang penting halal yaa",1,Ugxob7GJzNIrAKrfRU14AaABAg,@EmakReys
Ugxob7GJzNIrAKrfRU14AaABAg.AHk455XSozqAI8RFeN2HQg,,0,"2025-05-15 10:24:16",@wedasantika6079,"Iya sih. Kalo ngojek kalopun bawaannya ""ngilang"" (karena jatoh) pasti langsung nyadar.",1,Ugxob7GJzNIrAKrfRU14AaABAg,@EmakReys
UgxrXq0-Y15mt666MhF4AaABAg,1,0,"2025-05-05 11:11:45",@dameyoyo,"gacor gacor😂",0,,
UgxrXq0-Y15mt666MhF4AaABAg.AHjljhFaac0AHlXGYTBZue,,0,"2025-05-06 03:35:03",@RizkyRiplay,"Terimakasih telah menonton",1,UgxrXq0-Y15mt666MhF4AaABAg,@dameyoyo
Ugyqpnpxt9RP-YGV4kZ4AaABAg,1,0,"2025-05-05 05:02:07",@bullshit_129,"bangg lebih banyakin kartun drama juga ya bang yang bisa memotivasi kan orang' juga",0,,
Ugyqpnpxt9RP-YGV4kZ4AaABAg.AHj6RPa6vKoAHjFLGW6K8u,,0,"2025-05-05 06:19:55",@RizkyRiplay,"Terimakasih telah menonton, semoga terhibur dengan konten kami yaa",1,Ugyqpnpxt9RP-YGV4kZ4AaABAg,@bullshit_129
UgxvHo29x15XcvzG7QJ4AaABAg,0,0,"2025-05-04 13:13:56",@MohammadAlghani-f1c,♣︎♣︎♧♧♧♧,0,,
UgzaFbI4C8n8SPvUGel4AaABAg,1,0,"2025-05-04 07:13:39",@SutanDiraja,"Bang cara beli baju tshirt Rizky riplay gimana bang",0,,
UgzaFbI4C8n8SPvUGel4AaABAg.AHglgsQ1OnKAHjY8W_QmQC,,0,"2025-05-05 09:04:12",@RizkyRiplay,"Langsung aja sob klik produknya, nanti langsung ikuti intruksi nya aja",1,UgzaFbI4C8n8SPvUGel4AaABAg,@SutanDiraja
UgzREX_Fns28JFO5J1J4AaABAg,1,0,"2025-05-04 07:12:34",@SutanDiraja,"Semangat bang rizky",0,,
UgzREX_Fns28JFO5J1J4AaABAg.AHglZywngGqAHjY9bJlbYh,,0,"2025-05-05 09:04:21",@RizkyRiplay,"Terimakasih atas supportnya sob",1,UgzREX_Fns28JFO5J1J4AaABAg,@SutanDiraja
UgzQIEFi6RXnJDNZK4Z4AaABAg,1,3,"2025-05-03 08:58:56",@Seorangbusmaniake2,"Yahahah gk berani yang ngomen judol 😂",0,,
UgzQIEFi6RXnJDNZK4Z4AaABAg.AHeNx8m_hRRAI8RPvyYWqO,,1,"2025-05-15 10:25:40",@wedasantika6079,"Seakan nyindir pemain judol 😂",1,UgzQIEFi6RXnJDNZK4Z4AaABAg,@Seorangbusmaniake2
Ugyshbo3iws78ZMx9Ed4AaABAg,0,0,"2025-05-03 08:34:56",@BUGSIREVI,-----------------------------,0,,
Ugz1ZFCZj_ppAw9gcXR4AaABAg,0,2,"2025-05-03 08:29:08",@BUGSIREVI,"Tiko yang masih SMA terpaksa putus sekolah karena pacarnya hamil. dia pun harus menjadi ayah di usia yang masih belia menghidupi keluarga kecilnya. Awalnya dia menjadi kurir online tapi karena ada masalah dia harus menjual motornya. di kala bingung akan masalah ekonomi dia menemukan aplikasi yang bisa memberi uang secara instant. Apakah aplikasi tersebut akan menjadi penyelamat kondisi Ekonominya?",0,,
Ugy7BWG1gn6oK5m2k-B4AaABAg,2,8,"2025-05-02 10:05:09",@FarhanMajid-l5u,"Yang jadi masalah utama dri ilustrasi ini adalah akibat pekerjaan yang teledor sehingga harus ganti rugi, sedangkan mana ada uang segitu untuk ganti rugi, kemudian frustasi dengan kehidupan. Pembelajaraannya bukan hanya tentang judol, tetapi berhati-hatilah dengan pekerjaan, karena pekerjaan pada umumnya, jika anda serius, anda akan dapat bonus, tetapi ketika anda down anda akan tanggung akibat buruk",0,,
Ugy7BWG1gn6oK5m2k-B4AaABAg.AHbvjKUP1tVAJ9BP3oNR4z,,0,"2025-06-09 13:56:23",@HIZain-j7n,"Menurut gue sih gara gara pacaran sih bang",1,Ugy7BWG1gn6oK5m2k-B4AaABAg,@FarhanMajid-l5u
Ugy7BWG1gn6oK5m2k-B4AaABAg.AHbvjKUP1tVAJQL13kpZ2u,,0,"2025-06-16 05:47:34",@Khairulfathoni-l5o,"​@HIZain-j7n iyaa berawal dari pacaran trs pekerjaan Dan judol",1,Ugy7BWG1gn6oK5m2k-B4AaABAg,@FarhanMajid-l5u
UgwxSPosDoxPkKTNDuN4AaABAg,1,0,"2025-05-02 03:34:57",@argaabahtera,"kalo duit banyak ma gpp, ini udh miskin judi lagi😂",0,,
UgwxSPosDoxPkKTNDuN4AaABAg.AHbE4Mk3_RMAHbENih7x5v,,0,"2025-05-02 03:37:36",@RizkyRiplay,"Ambil pelajaran dari cerita ini ya sob",1,UgwxSPosDoxPkKTNDuN4AaABAg,@argaabahtera
Ugws-IGUtf7QF8GlECx4AaABAg,0,0,"2025-05-01 03:36:22",@SIKECILROBLOX123,"Yang suka komen judol di video orang lain nih suka orang orang komen aneh",0,,
UgzupL66eY9K3CaNr0V4AaABAg,0,0,"2025-05-01 02:42:25",@random_chenel-q4i,"3:45 itu paket nya ada di box",0,,
Ugy9xOHgghdRqs-1dHh4AaABAg,1,1,"2025-04-30 01:57:46",@ceritaqqq,"Tapi dia baik... cuman caranya yang salah",0,,
Ugy9xOHgghdRqs-1dHh4AaABAg.AHWuMne23fjAHWykh8Acr9,,0,"2025-04-30 02:36:07",@RizkyRiplay,"Semoga ada pembelajaran yang bisa diambil dari cerita di atas ya sob",1,Ugy9xOHgghdRqs-1dHh4AaABAg,@ceritaqqq
Ugwb8pW06GHb3Bat1294AaABAg,0,0,"2025-04-29 14:35:52",@IrwanBeken,mantul,0,,
UgwTVDAdgpU4yoTG_b94AaABAg,0,0,"2025-04-29 05:29:35",@ranggayovi1533,"Jadi agus buntung",0,,
UgxmFjIYb0djPyjUeR94AaABAg,1,1,"2025-04-28 14:51:41",@MuhammadRazka-vf9kf,"Apa cuma gua nonton nya 2025🗿🗿",0,,
UgxmFjIYb0djPyjUeR94AaABAg.AHT8LNCI0HrAHUR2jFtzZ2,,0,"2025-04-29 02:54:24",@RizkyRiplay,"Terimakasih telah menonton",1,UgxmFjIYb0djPyjUeR94AaABAg,@MuhammadRazka-vf9kf
UgwypEWsMJl-T0cK1DV4AaABAg,1,0,"2025-04-28 12:51:58",@nurulalfiyah5046,"Kalau udah kecanduan judol susah emang",0,,
UgwypEWsMJl-T0cK1DV4AaABAg.AHSvdYptHfIAHUWX5OVOtY,,0,"2025-04-29 03:42:14",@RizkyRiplay,"Semoga ada pembelajaran yang bisa diambil dari cerita di atas ya sob",1,UgwypEWsMJl-T0cK1DV4AaABAg,@nurulalfiyah5046
UgyXUxJZ09nCi74LBh54AaABAg,1,0,"2025-04-28 12:18:02",@DiksPratama,"halo bg subsriber baru",0,,
UgyXUxJZ09nCi74LBh54AaABAg.AHSrl-dt0PjAHUWvuzKR-i,,0,"2025-04-29 03:45:46",@RizkyRiplay,"Halo sob terimakasih sudah susbcribe, jangan lupa nyalain loncengnnya ya",1,UgyXUxJZ09nCi74LBh54AaABAg,@DiksPratama
UgwRBfaRiWQjwRtSe_F4AaABAg,1,0,"2025-04-28 01:04:53",@ChanYt125,"Cerai langsung promosi,Cari yang mau tanggung jawab aja",0,,
UgwRBfaRiWQjwRtSe_F4AaABAg.AHReiiEB-TsAHU_znshaYj,,0,"2025-04-29 04:21:15",@RizkyRiplay,"Semoga ada pembelajaran yang bisa diambil dari cerita di atas ya sob",1,UgwRBfaRiWQjwRtSe_F4AaABAg,@ChanYt125
Ugzafo_21L6d2o2GveJ4AaABAg,0,1,"2025-04-26 23:34:41",@yarmimahmimah,"Miris gua liat orang yang di animasi ini, udh kawin muda utang banyak dan sekarang malam main judi pula, miris banget asli😶",0,,
UgzIbkVW1gejcfuCFEN4AaABAg,0,1,"2025-04-26 11:17:23",@Johan.libert-h2v,"1:25 bg kok kaki korir nya gerak gerak 🫣😱",0,,
UgwpN3GF0yBka9MYnr14AaABAg,0,0,"2025-04-26 11:17:23",@Johan.libert-h2v,"1:25 bg kok kaki korir nya gerak gerak 🫣😱",0,,
UgzwgCCOs7Z_XD4tGzd4AaABAg,0,0,"2025-04-26 05:27:49",@HaikalanakbaikAnakbaik,"Gacor gacor",0,,
UgxoxnaC9o2TRpq7B0l4AaABAg,0,0,"2025-04-22 15:48:13",@Indd-n7n,"Selalu gk keabisan ide,keren parah😍❤. 3 akun yt ku subs channel ini semua",0,,
UgxWuENsq_jJpoBE0g14AaABAg,1,0,"2025-04-22 13:44:35",@aditTiwarman,"Baru WD 9jt",0,,
UgxWuENsq_jJpoBE0g14AaABAg.AHDZtgiUAzOAPubOVE_OtN,,0,"2025-11-24 12:24:08",@YopiIntrovertIntrovert,"Nga nanya nga peduli",1,UgxWuENsq_jJpoBE0g14AaABAg,@aditTiwarman
UgxPxdHlbCkIl2in_bJ4AaABAg,0,0,"2025-04-19 15:29:27",@rismautamiwidyastuti5972,"😭maaf kesel liat bayinya kegedean",0,,
Ugzizx4JSOLFdymNB5Z4AaABAg,0,0,"2025-04-19 15:28:42",@adindaamalianingtyas-l4u,agus😅,0,,
UgzvPtGkUrUmCw1_C0J4AaABAg,0,0,"2025-04-18 06:55:33",@chanelrandom82,"Betul judol sangat,merugikan hidup berkeluarga jadi gk harmonis sy alamin judol 4 thn gk prnh yg dinamakan menang ,jika dikasih menang itulah awal dari kehancuran ekonomi keluarga kita , Alhamdulillah skrg sy sdh tobat , untuk yg msh main tinggalkn itu yg namanya judol 🙏",0,,
Ugw_iaoCMB97j8QXoFd4AaABAg,0,0,"2025-04-18 03:14:47",@Alun-s8l,"2025 baru nonton😁",0,,
UgxVAe2uFRA9ctaQUDJ4AaABAg,0,0,"2025-04-18 00:42:51",@ppkn54478,"Kayak kisah tukang paket di sini",0,,
Ugx8r6PqL5cPxTy64Ld4AaABAg,0,0,"2025-04-17 14:30:24",@Rasak2025,😮,0,,
UgxuWGvsvwYAhALyrSN4AaABAg,0,0,"2025-04-17 11:54:54",@RanggaNew-q6q,12:26,0,,
Ugx9Sk1V1ZBzFVeChFZ4AaABAg,0,0,"2025-04-17 09:26:21",@NandaJaya-c2y,"Akibat hamil duluan",0,,
UgzYOJVf3NXJgBKh3pB4AaABAg,1,0,"2025-04-15 15:47:49",@AndkSptra-t7h,"gw yg iseng iseng nyoba depo 10rb mlah maxwin 12jt lngsung berenti udah 😅",0,,
UgzYOJVf3NXJgBKh3pB4AaABAg.AGwlR7dRur6APubRFHQVsA,,0,"2025-11-24 12:24:31",@YopiIntrovertIntrovert,Miskin,1,UgzYOJVf3NXJgBKh3pB4AaABAg,@AndkSptra-t7h
UgzSQTlnXpwLFEjboal4AaABAg,0,0,"2025-04-15 04:45:44",@NjirLah-g7e,"Siapa suruh sekolah SMA 🤣🤣 SMK dong dapet sertifikat PKL bisa kerja",0,,
Ugxvcozr8BlJbUbbzS94AaABAg,0,0,"2025-04-14 14:33:44",@TiniTinnyhikari,"Bagian akhir perkataan pak Ploisi agak 😂😂😂😂",0,,
Ugx1V7n1vIn6CYVqId14AaABAg,0,0,"2025-04-14 10:28:31",@hanafi.education,"Kalau kita belum siap berkeluarga. Maka janganlah kita berhubungan sembarangan alias zina. Jika apabila kita sudah siap akan berkeluarga, punya pekerjaan tetap, juga siap jasmani dan rohani. Maka berkeluargalah",0,,
Ugy-aEmOTcqbTiQDys54AaABAg,0,0,"2025-04-11 13:56:29",@newrelease5236,"Gacor gacor🤣",0,,
UgwwzivfZReCnzawPIZ4AaABAg,0,1,"2025-04-10 15:06:22",@kopilarifikasi3973,"Kasian si viko",0,,
UgyuOEBUpjeikZUBYVJ4AaABAg,1,0,"2025-04-10 08:21:19",@KELEPRON-cnhl,"Ih kasihan 1:29",0,,
UgyuOEBUpjeikZUBYVJ4AaABAg.AGj5MXtuMCmAGj5YYBeYyp,,1,"2025-04-10 08:22:57",@RizkyRiplay,"Terimakasih telah menonton",1,UgyuOEBUpjeikZUBYVJ4AaABAg,@KELEPRON-cnhl
UgzDXPlbrpCP2fCccPR4AaABAg,1,0,"2025-04-09 00:36:19",@Gogokokgitu,"Jangan lah judi online",0,,
UgzDXPlbrpCP2fCccPR4AaABAg.AGfgLs3KrBiAGftcTZvvJj,,0,"2025-04-09 02:32:19",@RizkyRiplay,"Jangan pernah judi online ya sob apapun itu",1,UgzDXPlbrpCP2fCccPR4AaABAg,@Gogokokgitu
UgyrPg3Ntqht4LkPnq94AaABAg,1,0,"2025-04-08 16:43:44",@skyypogii,"Tambahkan komentar",0,,
UgyrPg3Ntqht4LkPnq94AaABAg.AGeqGYI6uG1AGg33gh8NPJ,,0,"2025-04-09 04:03:33",@RizkyRiplay,"Yukk subcribe ya sob sama nyalain loncengnya hehe",1,UgyrPg3Ntqht4LkPnq94AaABAg,@skyypogii
UgyQHqKnJCbogfT_jXF4AaABAg,0,1,"2025-04-08 13:49:20",@AlFahri-v2f,"Yg nonton 2025",0,,
UgwLiPG7k4_RdQH645d4AaABAg,0,0,"2025-04-08 10:26:48",@GEGER_ID,"Pm OT",0,,
UgzQ-EcbWIRY0PPUAK94AaABAg,0,0,"2025-04-07 22:50:14",@januaridham6853,"Tukang paket apa itu bisanya barang orang hilang ,,",0,,
Ugwf2sBg3e-DizLt3kR4AaABAg,1,0,"2025-04-07 19:11:20",@JawaTimur-x9v,"Ini paling seru",0,,
Ugwf2sBg3e-DizLt3kR4AaABAg.AGcXMlXHRHMAGd_Og5MDdo,,0,"2025-04-08 04:57:03",@RizkyRiplay,"Terimakasih telah menonton, semoga terhibur dengan konten kami yaa",1,Ugwf2sBg3e-DizLt3kR4AaABAg,@JawaTimur-x9v
UgygS7NxxK2NImyMXoR4AaABAg,0,0,"2025-04-07 17:18:37",@RaffiYusuf-l7h,"gacorrrrr khangggg😜",0,,
UgxTkJkflQpfYHJHtXd4AaABAg,0,0,"2025-04-06 13:48:47",@susanto-c6g,"abis wd 20 jt ,, tapi kalahnya udah 30 jt😂😂😂😂",0,,
UgwJikpbJH3UbBQxtGp4AaABAg,0,0,"2025-04-06 07:25:15",@Akuganteng_ga,Gacorrr😂🎉,0,,
Ugyuj1V6Laa1Wq13qLp4AaABAg,0,0,"2025-04-06 01:56:12",@IwakPeyek-d1z,"kemaren iseng iseng main 20k, malah dapet kemenangan maksimal di game aki"" yg biasa dimaenin remaja dket rumah, tapi smpe skrng gak pernah main lagi",0,,
UgyzugbjSCXjTY_dG6h4AaABAg,0,0,"2025-04-05 19:27:09",@ekowirawan6234,"Emng bisa kalo menang terus udahan",0,,
Ugw8CPhpc05ct4pqwHJ4AaABAg,0,0,"2025-04-04 23:05:21",@tokocemara-j9m,Sap,0,,
UgzB90X0iRgSpZoSdqZ4AaABAg,0,0,"2025-04-04 08:21:15",@mychennel-f6j,"Dari sini kita juga belajar jangan menikah sebelum sukses😄",0,,
UgyU2SbfDvjX3Q2n3Qt4AaABAg,0,3,"2025-04-04 01:18:29",@Kepenapan,"Sumpah dengan berhenti *JUDOL* hidup saya menjadi lebih baik dan hutang saya bisa lunas dengan cepat",0,,
UgyYLVsHGOaDLTAziiN4AaABAg,0,0,"2025-04-03 11:42:29",@Milo_7890,"Kak Rizki bikin videonya yang banyak",0,,
Ugwu5uTxTPNBY_CS2Nt4AaABAg,0,1,"2025-04-02 11:04:28",@AjiBarang-i9y,"Belum lama maxwin seratus juta,tapi cuma buat bayar hutang semua, Kisah itu saya alami bermain judol buat nutupin hutang,namun malah bertumpuk..saya hadaikan motor kk nekad kalo gagal auto bunuh diri namun saya di kasih maxwin.. Bersyukur aja si bisa bayar hutang tampa sisa sedikitpun Jangan berjudi,itu akan membuatmu malas bekerja...",0,,
UgyP6XMBHe-kT81ZbwN4AaABAg,0,0,"2025-04-02 05:17:46",@DendiSoul-xh3dh,"Tumben gak ada koment judel disini 😂... Mana ambilat yg gacor Thu dek2 judol2 udh miskin melarat pulah beban lagi",0,,
UgxJkCz-z6XFlZeG8R54AaABAg,0,0,"2025-04-01 13:55:48",@farida4338,"Kontennya selain menghibur, juga banyak banget hikmah yg bisa dipelajari❤",0,,
UgwdA7fgIr1E4tkMs394AaABAg,0,0,"2025-04-01 12:14:37",@gerybumz162,"Kemenangan , Awal dari kehancuran",0,,
UgwBZDg84hBi-th23A14AaABAg,0,1,"2025-04-01 02:44:09",@UnshatteredBlizzard028,"Judol menjadi parasit untuk menggrogoti dan merusak otak manusia",0,,
Ugya5Xz3m7cLa6ubiVh4AaABAg,0,0,"2025-03-28 22:27:08",@mhmdfajar1732,"hehe gw ludes duit 271 jt untung gal stres juga",0,,
UgxrA1QYB6nQu8OpN0Z4AaABAg,1,0,"2025-03-26 08:11:03",@ChanTika-TikaChan,"kenapa gak pas menang itu yaudah pake aja gitu, gak usah dipake lagi topup? apa nanti bakal kecabut saldonya klo gak topup lagi? gak paham hehe",0,,
UgxrA1QYB6nQu8OpN0Z4AaABAg.AG7SGDriSghAGLwvHVVosV,,0,"2025-03-31 23:17:03",@BangmodYT,"Nafsu emang gitu bro ( gw pernah ngerasain kek gitu bg😢😢",1,UgxrA1QYB6nQu8OpN0Z4AaABAg,@ChanTika-TikaChan
UgxWtupNz-m8LjhXXFd4AaABAg,0,1,"2025-03-24 09:03:22",@YT_Dafa_hijrah_bersama,Wih,0,,
Ugy5w2veJ6G96bHcHYR4AaABAg,0,0,"2025-03-24 00:38:31",@ArseniusAgungjamal,"Awan main buka bisnis",0,,
UgwLLFdyN7heN1eokRl4AaABAg,0,0,"2025-03-23 12:55:19",@cacamey-k3r,"percuma tahun baru tapi ga main di alexistogel yang sudah pasti gampang kasih profit heheh",0,,
UgzX0WuV8u1hfVuKEFt4AaABAg,0,1,"2025-03-23 09:27:55",@IlulIlulee,"Haha. Korban judol, menang sekali kalah berkali²... Waspada",0,,
UgwTOJdWfoflLlszRYN4AaABAg,0,3,"2025-03-22 06:09:45",@AAZZAAM,"Intinya jangan judi bisa membuat kita gila dan jangan melakukan hubungan itu ketika Kita belum siap bertanggung jawab",0,,
UgwfU5USXWDQTOrATtR4AaABAg,0,0,"2025-03-20 07:16:36",@CR7-short-w2l,"Njir yang komen judol menghilang dari lane",0,,
UgwXYaiHhyuoLLSfa1x4AaABAg,0,0,"2025-03-19 16:19:49",@mimin-771,"depo 10.000 menang 500.000 ++ hanya di situs totospin",0,,
Ugy5FomNkEGq9Lk5gZp4AaABAg,0,0,"2025-03-19 11:42:35",@Fajar-y4g,"halo bang ini gw dari masa depan🎉🎉 gw ketemu lagi sama chanel lu yang dari tahun lalu mantap video nya sangat bermanfaat moga sehat selalu😅😅",0,,
UgzKQem-cTBx5KwQEVp4AaABAg,0,0,"2025-03-18 08:03:44",@nufail_,"1:00 deket rumah ku jir😂😂",0,,
UgyDNj6T1J-K7E0jFsZ4AaABAg,0,0,"2025-03-17 19:34:48",@jemzkokolomelz606,"Iklan judol ga ada di sinih 😂",0,,
UgxKaSELwc6cuXPTjb94AaABAg,0,0,"2025-03-16 12:37:26",@srianaezabella1898,0:31,0,,
UgwE8-JvGsFQ0cbXbUR4AaABAg,0,1,"2025-03-16 06:36:48",@DurableNova,"Ya Allah, semoga judi online segera dilenyapkan. Aamiin",0,,
UgyF-oc1uusqglY-a4R4AaABAg,0,1,"2025-03-16 06:16:54",@muammarathouddin3583,"Ta'mirnya kek punya dendam pribadi, bobol kotak amal kagak ampe dicuri, malah dikejar ampe buta pun dipaksa masuk penjara😅😅🙏",0,,
UgzXQ3uDK4bjKSSCXuh4AaABAg,0,0,"2025-03-14 12:08:44",@ibrahim-bp,"sapa akuu dong bang ❤🎉",0,,
UgxkfemAHNb3PwL9J6d4AaABAg,0,0,"2025-03-13 01:55:54",@Railfanskaranganyar,"0:3 gk bisa diliat di gua",0,,
UgxyQsY0sjF3hPKrHTl4AaABAg,0,0,"2025-03-12 10:16:22",@Hantu-Rimba,"Konten yg terlalu mengada-ada",0,,
Ugwa_MStCdfe5YKEhEd4AaABAg,1,0,"2025-03-10 22:47:11",@muhammadakbarananta3954,"Gada suara nya",0,,
Ugwa_MStCdfe5YKEhEd4AaABAg.AFVoo9Ioz3iAFWMzByXQlg,,0,"2025-03-11 03:54:31",@RizkyRiplay,"Coba di cek volumenya sob",1,Ugwa_MStCdfe5YKEhEd4AaABAg,@muhammadakbarananta3954
Ugxr6YjknYC_3Z0rQ-V4AaABAg,0,0,"2025-03-10 00:37:00",@wugiranger,"Ayo semua manusia jangan berhenti judi biar hidup melarat dan masuk neraka",0,,
UgynZwvoRmRgt4wf69h4AaABAg,0,0,"2025-03-09 12:55:37",@leonmanopo5566,"Anjir ODGJ",0,,
UgxyxIEijI1Fk-4df954AaABAg,1,0,"2025-03-09 12:30:11",@EkoAri-e8l,"Aku perempuan,,dan sudah 1th ini kecanduan slot,,semuanya abiss.motor 2 melayang..hutang dimana2,,ngga tau LG gimana caranya keluar dr kecanduan ini.😢",0,,
UgxyxIEijI1Fk-4df954AaABAg.AFS8PLbNnhzAGNOMk6zjSq,,0,"2025-04-01 12:44:50",@mamangsaja2,"Semangat kak",1,UgxyxIEijI1Fk-4df954AaABAg,@EkoAri-e8l
UgzOfioODdivoTVJZLd4AaABAg,0,1,"2025-03-08 07:32:52",@LangkahPasti2121,"Istri nya tiko kalo ngomong ngegas aja yak",0,,
UgzBPTB501yBIMoaK4V4AaABAg,0,0,"2025-03-07 20:57:02",@burhamudin1568,hahha,0,,
Ugzjt9ziW6j9-xWwJy54AaABAg,0,0,"2025-03-07 18:17:31",@kokohmuhammad4635,"Film nya persis sma nasibku,yang dulu nya bawa paket eh tiba² gk ada di karung😢nasib baik.datang di hidupku yg punya paket gk minta ganti rugi😢",0,,
UgywOsSjwoq8RApeAP54AaABAg,1,1,"2025-03-06 06:53:39",@maphilindoking,"Gini nih kalo kebanyakan judi udh kaya mau jadi gila kapan aplikasi judi di hapus",0,,
UgywOsSjwoq8RApeAP54AaABAg.AFJoVsO3sjTAFJq0EnEG3s,,1,"2025-03-06 07:06:49",@RizkyRiplay,"Ambil pelajaran dari cerita ini ya sob",1,UgywOsSjwoq8RApeAP54AaABAg,@maphilindoking
UgxVziRwBMcwINRlCid4AaABAg,2,2,"2025-03-03 10:32:01",@elfanbrayant,"judi online tu ga cuma ngaruh ke diri sendiri tapi orang di sekiranya apa lagi sudah berkeluarga",0,,
UgxVziRwBMcwINRlCid4AaABAg.AFCU6TVS_aTAFEMu5tTc19,,1,"2025-03-04 04:07:30",@RizkyRiplay,"Bener banget sob, jangan coba coba buat judi online maupun offline ya",1,UgxVziRwBMcwINRlCid4AaABAg,@elfanbrayant
UgxVziRwBMcwINRlCid4AaABAg.AFCU6TVS_aTAFENYdYKhQG,,0,"2025-03-04 04:13:10",@elfanbrayant,"@RizkyRiplay  bener bang konten yang sangat sangat bermanfaat",1,UgxVziRwBMcwINRlCid4AaABAg,@elfanbrayant
UgwmH3J3QeANPfDiEeF4AaABAg,0,0,"2025-03-03 07:20:47",@update2025-i4f,ᵐᵃⁿᵗᵃᵇ,0,,
UgxaRrFe5601qg_XGIZ4AaABAg,0,0,"2025-03-02 10:28:43",@RezaAkbar-e5x,"Itulah GenZ kalo kerja kurang mikir dan ceroboh, merasa sudah benar sendiri.",0,,
UgyRhG7LSOV55L-v4hl4AaABAg,0,0,"2025-03-02 09:41:12",@TyantoAnto,"Kenapa banyak orang main judi online, karena kerjaan di indonesia susah dan bnyak mau",0,,
UgzoHg39AXeQuvQF3XB4AaABAg,0,2,"2025-02-28 12:56:46",@Nopianti-v1r,"Mana nih yg sering ngomen promosi JUDOL itu😂🤭 Malu berat pasti🤭",0,,
UgzFVqcblfUzWQJgkWJ4AaABAg,0,0,"2025-02-27 07:24:45",@kafikafi5584,d,0,,
UgwNUkZ_L2G0p-GeXuN4AaABAg,0,0,"2025-02-27 04:50:54",@PaisalIrji-tg6uk,"gara"" judol semua hutang jadi lunas",0,,
UgyWFIOSYdrAz7r-wsp4AaABAg,0,1,"2025-02-27 04:41:34",@RiyanPermana-s8h,"Udah miskin sok soan main judi buat makan aja susah",0,,
Ugz52vA2ue6TMC9wOGJ4AaABAg,1,0,"2025-02-25 09:15:11",@florkthememe5124,hallo,0,,
Ugz52vA2ue6TMC9wOGJ4AaABAg.AExtYZU4i3BAExvX9ydkst,,0,"2025-02-25 09:32:28",@RizkyRiplay,"Haloo sob",1,Ugz52vA2ue6TMC9wOGJ4AaABAg,@florkthememe5124
UgzyxdH46oPfIR9toH54AaABAg,1,0,"2025-02-24 15:23:29",@pausssss3412,"Gua pernah di ajak main judol wkwkwk, katanya judol nya beda. Soalnya modal nya ga banyak, HAHA. Yg namanya judol ya tetep judol, mau modal kecil atau gede. Sama"" Sesat wkwkwk, lucu si sama orang"" Kek gitu",0,,
UgzyxdH46oPfIR9toH54AaABAg.AEvyuE3Vk3kAExLQe3IS98,,0,"2025-02-25 04:08:16",@RizkyRiplay,"Jangan ikut ikut judol ya sob",1,UgzyxdH46oPfIR9toH54AaABAg,@pausssss3412
UgwN3hJiGv4Kt72nkod4AaABAg,0,1,"2025-02-22 11:36:53",@f1rzz_al,"2:03 di versi Kartun Acing kurirnya maling iphone",0,,
Ugx2wK3Ey-OigchvlfV4AaABAg,0,1,"2025-02-21 14:05:27",@betrandendeavour615,0:36,0,,
UgyDunBmOexGPEe2DOF4AaABAg,0,0,"2025-02-20 13:10:59",@sitimusbarokah,"Emang kalo kita main pertama kali main judol langsung menang? Kalo langsung menang y udah main sekali aj sih",0,,
Ugx16xs2yMJQ8f8FcG94AaABAg,0,1,"2025-02-20 10:00:10",@salsaabraysa,"Rizky ganteng gak ada obat 😣😖🤔",0,,
Ugw7aa8I57j1oWVWfrF4AaABAg,0,1,"2025-02-20 09:59:27",@salsaabraysa,"1:30 ehh itu kan rizky 😳😖",0,,
UgxOpgXgbn0GtwNybkx4AaABAg,0,0,"2025-02-19 10:21:10",@memoacc_537,"Pesan moral : HIDUP BUKAN SEBATAS WANITA",0,,
Ugx3gTmy_oWyURJobyR4AaABAg,0,0,"2025-02-17 09:42:23",@HaikalDekbit,"Jadi Agus njirr😹",0,,
UgzrEUPN_V7xiWzQeS14AaABAg,1,0,"2025-02-16 17:29:29",@barruzyy,"Keren editanmu bang, ada fto aslinya, semangatt banggg❤",0,,
UgzrEUPN_V7xiWzQeS14AaABAg.AEbay0FlktYAEcgJnCCiaE,,0,"2025-02-17 03:35:31",@RizkyRiplay,"Terimakasih atas supportnya sob, ambil pelajaran dari cerita ini ya sob",1,UgzrEUPN_V7xiWzQeS14AaABAg,@barruzyy
UgzZm51R6-Q9v69ouvR4AaABAg,1,1,"2025-02-16 12:46:04",@YugiMuto-k8f,"Nice banget bang animasi nya, berjaya animator indonsia❤❤",0,,
UgzZm51R6-Q9v69ouvR4AaABAg.AEb5XB7cuD3AEd1DFUMmzs,,1,"2025-02-17 06:46:52",@RizkyRiplay,"Terimakasih dukungannya sob, jadi semangat buat bikin video baru nihh hehehe",1,UgzZm51R6-Q9v69ouvR4AaABAg,@YugiMuto-k8f
UgxQOWxaBgsHYZuW60B4AaABAg,1,1,"2025-02-16 08:43:21",@virr.d.kuzé,"Makin lama gw besar makin gw tau betapa susahnya tanggung jawab seorang orang tua, saya kira saat masih kecil pekerjaan itu mudah, faktanya susah sekali, saya jadi tau betapa susahnya orang tua kita mencari nafkah, saya sudah banyak menonton animasi Indonesia seperti ini, saya semakin takut akan ketidak memiliki pekerjaan, sekarang saya harus bekerja dengan giat, saya sekarang duduk di bangku SMA kelas 1, semoga kita semua bisa berprestasi dan membanggakan orang tua, saya tidak ingin lagi melihat orang yang susah, suatu saat nanti saya akan sukses dan membanggakan orang tua, semua butuh hasil dan kerja keras, bimbingan orang tua serta, selalu mengingat Tuhan kita",0,,
UgxQOWxaBgsHYZuW60B4AaABAg.AEaekVOvyEEAEdJ3XupnyF,,1,"2025-02-17 09:22:50",@RizkyRiplay,"Semoga ada pembelajaran yang bisa diambil dari cerita di atas ya sob, sukses terus ya sob",1,UgxQOWxaBgsHYZuW60B4AaABAg,@virr.d.kuzé
UgztQnYbkgJUza7Lqqp4AaABAg,0,0,"2025-02-14 18:24:37",@WandiWahyudin-s7k,"Lucu kartun nya😂",0,,
UgxGCHgCH4iy_aN5O8B4AaABAg,0,0,"2025-02-14 04:24:41",@fann-artt,"saran bng, animasinya di tingkat kan lagi, udah bagus kok alurnya",0,,
UgwIGD4jL1GxfmEMucJ4AaABAg,1,0,"2025-02-13 05:51:25",@PutraPutri-s7s,"Awalnya cemara Tapi di akhir buntung Seharusnya keluarga kek gitu harus di pertahanin",0,,
UgwIGD4jL1GxfmEMucJ4AaABAg.AETcgfnJr0-AETjnVS-R8U,,0,"2025-02-13 06:53:31",@RizkyRiplay,"Ambil pelajaran dari cerita ini ya sob",1,UgwIGD4jL1GxfmEMucJ4AaABAg,@PutraPutri-s7s
UgyWpAnzHwqtW2swzfZ4AaABAg,1,0,"2025-02-13 05:38:23",@AbibBib-k2s,"Mungkin si Robi di kasi misi kaya topan",0,,
UgyWpAnzHwqtW2swzfZ4AaABAg.AETbCBzg1z-AEo98uOJ6OO,,0,"2025-02-21 14:27:49",@MuhammadAraffa-b7q,"Nyasar bang",1,UgyWpAnzHwqtW2swzfZ4AaABAg,@AbibBib-k2s
UgxbgfQkwu9BkgMfdL54AaABAg,0,0,"2025-02-12 14:50:06",@LiaSalwa-o9p,"Minggu sore mad a kan",0,,
UgznVinBLAuTtguInZZ4AaABAg,0,0,"2025-02-12 12:27:19",@Fahmirtwfhdgyfhhfffcgh,P,0,,
UgwnFb_LdFD6IJcLCwd4AaABAg,0,0,"2025-02-12 04:14:38",@Cerita_ria_01,"Judi menjanjikan kekayaan Kalo pun kau menang itu awal dari kekalahan 😅😅",0,,
UgyTl-XNBtU3U63313h4AaABAg,0,1,"2025-02-11 04:04:15",@zenthan-R4h,"mampus gada komen judol tai di sini muak gw sumpah sama judol",0,,
UgzIyGApr7EYa0I30Vx4AaABAg,1,2,"2025-02-10 12:43:08",@aliffirmansyah5823,"Ini beneran gw 2025?",0,,
UgzIyGApr7EYa0I30Vx4AaABAg.AEMdQZJC8DqAEOAAWXNVOP,,0,"2025-02-11 02:57:17",@RizkyRiplay,"Yupp bener kok sob",1,UgzIyGApr7EYa0I30Vx4AaABAg,@aliffirmansyah5823
UgxHrYdIQU6EVjXM8054AaABAg,0,0,"2025-02-10 09:36:32",@RamzLord,"Tapi masi aja ada yang promosi judol qnyingggg",0,,
UgypTm0uzESgvzPlNax4AaABAg,3,0,"2025-02-10 04:06:55",@DoneAja-h3l,"Jakpot hari ini bikin aku makin semangat, cuma di BU4YAI38!",0,,
UgypTm0uzESgvzPlNax4AaABAg.AELiL_jZ8WZAEiZfn_mFrF,,1,"2025-02-19 10:24:12",@vernom-x8r,"Penyembah judol😂😂😂",1,UgypTm0uzESgvzPlNax4AaABAg,@DoneAja-h3l
UgypTm0uzESgvzPlNax4AaABAg.AELiL_jZ8WZAGTsjdTQQ4C,,1,"2025-04-04 01:14:26",@Kepenapan,"Judol kontl",1,UgypTm0uzESgvzPlNax4AaABAg,@DoneAja-h3l
UgypTm0uzESgvzPlNax4AaABAg.AELiL_jZ8WZAI2RJtzgHhI,,0,"2025-05-13 02:29:24",@ArdiGamingOfficial,"Gak habis habis komen gini ginian",1,UgypTm0uzESgvzPlNax4AaABAg,@DoneAja-h3l
UgwloKCX6eTvJipwnh94AaABAg,1,0,"2025-02-04 09:53:33",@oloansilalahi3771,"Kejahatan dalam hidup",0,,
UgwloKCX6eTvJipwnh94AaABAg.AE6tFAnRdIzAE8pY5L_7eR,,0,"2025-02-05 03:59:39",@RizkyRiplay,"Semoga ada pembelajaran yang bisa diambil dari cerita di atas ya sob",1,UgwloKCX6eTvJipwnh94AaABAg,@oloansilalahi3771
UgzkMe7ePIyr-UsdPIB4AaABAg,1,0,"2025-02-02 10:22:39",@AltharFathulhalim,"Asal .mula Agus sedih🗿🗿🗿🗿",0,,
UgzkMe7ePIyr-UsdPIB4AaABAg.AE1mzbUKu-SAE6kRDtUuA6,,1,"2025-02-04 08:36:33",@RizkyRiplay,"Terimakasih telah menonton",1,UgzkMe7ePIyr-UsdPIB4AaABAg,@AltharFathulhalim
UgwAVQFazQBp1j2hkWB4AaABAg,0,0,"2025-02-01 12:16:45",@aimanaffendi1731,"Aku sudah terjerumus dalam judi embak😢 terima kasih kerana sesatkan aku😭",0,,
UgzqHmIV4GqJyQ-0jcZ4AaABAg,0,0,"2025-01-31 13:23:22",@Edigohh,"Suara telvon nya kirain gw njirr😢",0,,
Ugw3FQLj5s8H3Y-vAJl4AaABAg,0,1,"2025-01-31 13:21:55",@Hanifah-uf6xy,"Plisss buat tentang kehidupan santri salafy🙏🏻😭😭",0,,
UgyPKbmlGBeOuj9Wr8B4AaABAg,0,0,"2025-01-31 01:52:23",@Zellatecealena,"ini karna masih seumuran yah belum kerasa tapi temen w sukses gara gara itu beli mobil,kereta,hp,dll gara gara WD terus",0,,
UgyImjG4Nb4I0qTrpol4AaABAg,0,0,"2025-01-30 17:38:22",@yogasendikustiawan2348,"Pemain judol pasti pada nonton 😂",0,,
Ugzomb2D9UpbMkanG6V4AaABAg,0,0,"2025-01-30 13:49:49",@Mhaikalkamil-m1g,"Inih buat Kita jadi pelajaran bang",0,,
UgxCPiSFPIpw_OLiNbd4AaABAg,0,0,"2025-01-29 10:11:41",@RidhoHatyai,"왜 나에게 주어야 하는가?",0,,
UgwVVu_3OITdfSd3rMh4AaABAg,0,1,"2025-01-29 05:49:01",@FaisalMhmudd,"Jadi takut kerja kurir😭",0,,
UgxmHX2vWDP6eapQZ0R4AaABAg,0,0,"2025-01-29 02:04:07",@Bibaannnn,"Animasi keren cocok tayang di tv semangat terus bikin animasi nya bg",0,,
Ugzi44ruuGA4ZtozWw14AaABAg,0,0,"2025-01-28 15:59:58",@Nirvana-d8o,"Judi online? Tergantung manusianya sihhhh Tapi yahhhhh jika menyikapi dengan nafsu pasti hidup ny hancur.. Tapi kalo untuk iseng iseng doank dan bisa mengendalikan nafsu pasti gak hancur ..",0,,
UgwcrkWoxhAC5mc3u0d4AaABAg,1,0,"2025-01-28 06:11:37",@Ppgasing,"Judi = dosa tambah 1234 juta ges makanya hati hati nanti masuk neraka",0,,
UgwcrkWoxhAC5mc3u0d4AaABAg.ADpTHZBBu3GADpWs2acWHF,,0,"2025-01-28 06:42:57",@RizkyRiplay,"Semoga ada hikmah yang bisa di ambil yaa",1,UgwcrkWoxhAC5mc3u0d4AaABAg,@Ppgasing
UgwUyUMyIIb1M2UXIgV4AaABAg,0,0,"2025-01-28 04:50:55",@BujangInam-q5f,"Sekalian koruptor juga berantasyaa, sama pengusaha asing juga diregulasi lagi ya",0,,
UgzuNzXtIxVL3nqkBul4AaABAg,0,0,"2025-01-27 11:56:10",@YANTOCekurukuk-m6z,ፍዳውተኢዩይ,0,,
UgyFYHLP21p1aAuyAap4AaABAg,0,0,"2025-01-27 10:32:56",@KadekBayu-g8p,"velg e belakang belakang jir😂",0,,
UgxunSBD0u2kAFDzruh4AaABAg,0,0,"2025-01-27 04:44:41",@rdhitya2k,"gacor gacor",0,,
UgzstslkS72Ybh7AQGJ4AaABAg,0,0,"2025-01-26 06:35:30",@bangpukyt.927,"Nikah muda ya gini😂",0,,
UgxHPoLQyIhoF3XagS14AaABAg,0,0,"2025-01-26 03:57:05",@muhammadrifqi3192,"Agus maning Agus maning 😁😁😁",0,,
UgzJ3B5sPYWyaVeFK5l4AaABAg,1,2,"2025-01-25 13:31:23",@zallmwe,"Judi tidak akan membuat mu kaya, hanya keberuntungan kecil yang ada, ada 2 kalimat yang membuat saya berhenti berjudi 1. ""jika kamu membawa uang sekarung ke meja judi maka yang akan kamu bawa pulang adalah karunya saja."" 2. ""menang ketagihan, kalah penasaran, seperti itulah sistem judi.""",0,,
UgzJ3B5sPYWyaVeFK5l4AaABAg.ADiXDrvx1xvAJtF8VENstU,,0,"2025-06-27 20:33:22",@Witten-De,"Cara berhenti nya gimana bang,plis pingin banget berhenti",1,UgzJ3B5sPYWyaVeFK5l4AaABAg,@zallmwe
UgyGVpOfT-U1ci0ysc14AaABAg,0,0,"2025-01-25 11:31:48",@ep_blox,"1:25 nama nya juga manusia ya wajar ada yang eror",0,,
Ugyq-DnK31yojGFJLQp4AaABAg,1,0,"2025-01-24 16:53:49",@SpiderXgo,"Walaupun aku agama Buddha aku ga pernah main judi 😊",0,,
Ugyq-DnK31yojGFJLQp4AaABAg.ADgJadsfNx-ADpwQf13Q8y,,0,"2025-01-28 10:35:00",@NanaSari-d9h,"Biarpun kalian agama apapun tp jngn pernh judi",1,Ugyq-DnK31yojGFJLQp4AaABAg,@SpiderXgo
Ugx5z754K2MHXW8LrnR4AaABAg,1,2,"2025-01-24 11:43:39",@BungkambuBungkambu,"Agus versi minyak gorang",0,,
Ugx5z754K2MHXW8LrnR4AaABAg.ADfl5yrtFLQAEpdIibvmZY,,1,"2025-02-22 04:19:17",@HAllo-e6p,🗿,1,Ugx5z754K2MHXW8LrnR4AaABAg,@BungkambuBungkambu
UgwrT-nxU4nj382hnBd4AaABAg,0,0,"2025-01-23 12:56:15",@asep_teaaa,"3:28 kaget njir",0,,
UgzouIpoaxyxLRq8KP54AaABAg,0,0,"2025-01-22 11:01:43",@adamarisky3104,"yakin ini animasi biasa?😢",0,,
UgzqukvoBT2H-C5QGAV4AaABAg,1,0,"2025-01-20 07:28:06",@YTRivalpandagaming,"Channel yg gw suka pas umur 5 tahun😢 Semangat ya bg🎉",0,,
UgzqukvoBT2H-C5QGAV4AaABAg.ADW-fjNuYkMADW0xJqNc11,,0,"2025-01-20 07:39:14",@RizkyRiplay,"Terimakasih atas supportnya sob",1,UgzqukvoBT2H-C5QGAV4AaABAg,@YTRivalpandagaming
UgwHXGqyUAe5PPfc1St4AaABAg,3,0,"2025-01-19 20:15:50",@dexz-tzy4,"Slot itu penipuan guys",0,,
UgwHXGqyUAe5PPfc1St4AaABAg.ADUnju6pKu8ADUrBfjKNf4,,0,"2025-01-19 20:45:58",@Daiz_Dais_Official,"Ikut hadir",1,UgwHXGqyUAe5PPfc1St4AaABAg,@dexz-tzy4
UgwHXGqyUAe5PPfc1St4AaABAg.ADUnju6pKu8ADVTW2mV3UH,,1,"2025-01-20 02:29:32",@RizkyRiplay,"Jangan coba coba buat judol ya sob",1,UgwHXGqyUAe5PPfc1St4AaABAg,@dexz-tzy4
UgwHXGqyUAe5PPfc1St4AaABAg.ADUnju6pKu8ADWRrkoUZvm,,1,"2025-01-20 11:34:24",@Daiz_Dais_Official,"@RizkyRiplayIkut hadir",1,UgwHXGqyUAe5PPfc1St4AaABAg,@dexz-tzy4
Ugyse2P2jocPjOpLEu14AaABAg,1,0,"2025-01-16 10:07:07",@danuramanda,"Emang sekarang ijazah SMA SMK nggak cukup apa buat cari pekerjaan",0,,
Ugyse2P2jocPjOpLEu14AaABAg.ADLzgxKzlqcAEBrdwbsJXT,,0,"2025-02-06 08:15:47",@Zolvt,"Yailah S1 aja susah apalagi SMK/SMA 😂😂",1,Ugyse2P2jocPjOpLEu14AaABAg,@danuramanda
UgxLr7s2NhzvVDTKFuN4AaABAg,2,0,"2025-01-16 09:17:07",@indragmg1767,"Jadi agussssssss",0,,
UgxLr7s2NhzvVDTKFuN4AaABAg.ADLtyk2RNrHADLx1e3tav2,,0,"2025-01-16 09:43:52",@RizkyRiplay,"Terimakasih telah menonton",1,UgxLr7s2NhzvVDTKFuN4AaABAg,@indragmg1767
UgxLr7s2NhzvVDTKFuN4AaABAg.ADLtyk2RNrHADUrJ0qmpWu,,0,"2025-01-19 20:46:59",@Daiz_Dais_Official,​@RizkyRiplayP,1,UgxLr7s2NhzvVDTKFuN4AaABAg,@indragmg1767
UgwmyvzrbUFuAN1OSiN4AaABAg,0,0,"2025-01-15 14:31:40",@shopiwpiw,"gua WD 54 rungkat nya. 20, an",0,,
Ugw4bUfwmr2fx5isqVN4AaABAg,2,0,"2025-01-15 11:55:24",@lokhiyuki,"Itu rizky khann",0,,
Ugw4bUfwmr2fx5isqVN4AaABAg.ADJbI5Q2p1LADLH0JgEbmj,,0,"2025-01-16 03:27:57",@RizkyRiplay,"Ini channel Rizky Riplay sob memang",1,Ugw4bUfwmr2fx5isqVN4AaABAg,@lokhiyuki
Ugw4bUfwmr2fx5isqVN4AaABAg.ADJbI5Q2p1LADUrKdVkTCb,,1,"2025-01-19 20:47:12",@Daiz_Dais_Official,​@RizkyRiplayP,1,Ugw4bUfwmr2fx5isqVN4AaABAg,@lokhiyuki
Ugzy_IZNj39GfBU4HyV4AaABAg,1,1,"2025-01-15 08:08:05",@Zzz-w8e,"kocak njir ending nya gacor gacor kwkkw",0,,
Ugzy_IZNj39GfBU4HyV4AaABAg.ADJCHE2pZIcADJDUFOusmg,,1,"2025-01-15 08:18:36",@RizkyRiplay,"Semoga ada pembelajaran yang bisa diambil dari cerita di atas ya sob",1,Ugzy_IZNj39GfBU4HyV4AaABAg,@Zzz-w8e
Ugwtfp5aAJe7FjpBNyF4AaABAg,1,2,"2025-01-10 00:34:09",@ihwanbinsmith7924,"Pengalaman kerja 10 tahun minimal umur 15 harus kerha",0,,
Ugwtfp5aAJe7FjpBNyF4AaABAg.AD5WM69gAd8AD5y_YgRNK-,,0,"2025-01-10 04:49:31",@RizkyRiplay,"Hmmm terimakasih sudah menonton sob",1,Ugwtfp5aAJe7FjpBNyF4AaABAg,@ihwanbinsmith7924
Ugyn_x-cVvgwptBg42N4AaABAg,0,0,"2025-01-10 00:34:00",@ihwanbinsmith7924,"Pengalaman kerja 10 tahun minimal umur 15 harus kerha",0,,
Ugxq6zbBraUXZ951mc14AaABAg,2,2,"2025-01-08 17:45:34",@andinime9363,"pesan moral nya : 1. jauhi zina 2. jauhi judol 3. jauhi mantan 4.jauhi narkoboy 5.dekati tobrot bener bener bermanfaat kontennya",0,,
Ugxq6zbBraUXZ951mc14AaABAg.AD2CnkviNhzAD397f4OUIw,,2,"2025-01-09 02:32:43",@RizkyRiplay,"Terimakasih telah menonton",1,Ugxq6zbBraUXZ951mc14AaABAg,@andinime9363
Ugxq6zbBraUXZ951mc14AaABAg.AD2CnkviNhzAE9DTUvBi-Y,,1,"2025-02-05 07:37:29",@andinime9363,"@RizkyRiplay Pacaran dulu gak serumit sekarang yah ..😂😂 Dulu walaupun cuma pakek sms udah bahagia banget😊 Gak ada BBM Gak ada WA Gak ada WIFI Gak ada FB Hanya kenal sms dan telfon. Itupun harus ngumpet2 biar gak ketauan mamak😁😂 Pakek bahasa alay nya masyaAlloh🤣 Pakai tanda tangan biar orang tau kalau kita punya pacar😁😁 Biar doi juga bahagia ciee😉 Contoh nya gini... S4y4n6 j4n64n lup4 m4k4n y4. ""___love 4aver____"" Alah Kapten aja malu kalok inget itu🙈😅 Tulis sms lincah banget walaupun tulisannya begono, bahkan merem mata pun bisa, kalau pulsa tinggal dekit"" terahir selalu bilang Sayang ini pulsa terahir, Kalok gak bales jangan marah, Lope you. Hal paling bahagia saat dapat sms gratis dari oprator, Alaynya kamu dulu Kalok marahan pasti mintak Tukeran kartu😂😂 Saat uang jajan habis, pulsa tak ada, jangan kan hp kawan, hp mamak aja di pinjem biar bisa sms san sama doi😄😄 💨ah bahagia lah😊 Apalagi pas ngerjain doi dan si doi jawab 💨""Maaf saya udah punya pacar Jangan ganggu ya"" Itu girang nya masyaalloh😂😂😂 Berasa dapet uang 300juta. Di meja, di pergelangan tangan itu semua nama doi🤣🤣 Marahan sama doi cuma karna doi save nomer temen. 💨Cemburu buta dan tuli ceritanya😆😆 Mau tidur walaupun cuma dikirim pesan gambar yang tulisan ILOVEYOU + Bunga mawar yang warna hitam putih udah girangnya kebawah mimpi. Kalok berantem ngetik panjang kali lebar pas terkirim *Sebagian teks hilang* Haha harus sabar nunggu sisa teks nya😂😂😂😂 💨Hal yang sangat amezing🤣 Indahnya percintaan jaman dulu❣️",1,Ugxq6zbBraUXZ951mc14AaABAg,@andinime9363
UgwOqnSbEFkAV6_z3od4AaABAg,1,1,"2025-01-08 15:03:12",@YT_MAS_ALKAL,"Salam dari alkal bang😊😊😊😊",0,,
UgwOqnSbEFkAV6_z3od4AaABAg.AD1vDVbllh7AD3A7oB3fcs,,0,"2025-01-09 02:41:28",@RizkyRiplay,"Terimakasih telah menonton",1,UgwOqnSbEFkAV6_z3od4AaABAg,@YT_MAS_ALKAL
UgxJ0NSg-cEuQTZpNE54AaABAg,1,0,"2025-01-07 19:14:29",@imanmadani3523,"makanya mendingan chidlfree aja",0,,
UgxJ0NSg-cEuQTZpNE54AaABAg.AD-nB4AnIt1AD3bF8BuF5w,,0,"2025-01-09 06:47:08",@RizkyRiplay,"Semoga ada pembelajaran yang bisa diambil dari cerita di atas ya sob",1,UgxJ0NSg-cEuQTZpNE54AaABAg,@imanmadani3523
UgyhXwYWbRd8HYGEIpd4AaABAg,0,0,"2025-01-06 14:53:42",@raniayolanda,"knapa namanya tiko😅 rasis juga si rizky",0,,
UgyX9JXC2DcdQKlcoFp4AaABAg,0,0,"2025-01-02 19:26:23",@memelkemel2705,"Ditempatku jg ada kurir mninggal budir gegara judol dan mslah percintaan",0,,
UgyCSGndCN3uRRqrWAV4AaABAg,0,0,"2025-01-01 07:16:41",@KODOKCRISPY-e9m,"Honda beat",0,,
UgyWlzSq8Mc3tk3MMWF4AaABAg,0,0,"2024-12-31 19:24:53",@askarsitobu4510,"Bg kok jd Agus 😂",0,,
UgzKZKpAfvUbYsbMpKx4AaABAg,1,0,"2024-12-29 17:12:18",@samvzx,"Indomaret✖ Indoapril✔",0,,
UgzKZKpAfvUbYsbMpKx4AaABAg.ACdP2LPXS8dACebynGpguT,,0,"2024-12-30 04:33:15",@RizkyRiplay,"Terimakasih telah menonton",1,UgzKZKpAfvUbYsbMpKx4AaABAg,@samvzx
UgxmovHW_v5iCKsMVKF4AaABAg,1,0,"2024-12-29 14:48:51",@FARISALPHA2726,"Lagu: judi judi meracuni kehidupan",0,,
UgxmovHW_v5iCKsMVKF4AaABAg.ACd8cd4LLpmACedaoNrpq5,,1,"2024-12-30 04:47:28",@RizkyRiplay,"Semoga ada pembelajaran yang bisa diambil dari cerita di atas ya kak",1,UgxmovHW_v5iCKsMVKF4AaABAg,@FARISALPHA2726
UgwAWy62F_5FgTjlK0d4AaABAg,1,0,"2024-12-29 14:18:00",@miftahchan20,"astaghfirullahaldzim itu game judi",0,,
UgwAWy62F_5FgTjlK0d4AaABAg.ACd55egP1oCACee5C_JcO9,,0,"2024-12-30 04:51:45",@RizkyRiplay,"Semoga ada pembelajaran yang bisa diambil dari cerita di atas ya kak",1,UgwAWy62F_5FgTjlK0d4AaABAg,@miftahchan20
UgwEQZfFPLqTRdqj-7d4AaABAg,0,0,"2024-12-28 11:24:30",@MuhammadOshea,"Kaloh dapet ya berenti maen",0,,
UgzKNlL3plSxxjI7MjV4AaABAg,0,1,"2024-12-26 19:11:57",@CHRISJHONSELA-h1y,😊,0,,
UgzLYgwacIqgMkZSVZp4AaABAg,1,0,"2024-12-26 09:04:53",@arsyan27,"Ini semua gara gara satu paket jatuh",0,,
UgzLYgwacIqgMkZSVZp4AaABAg.ACVnsn9ur4wACVoAxy3jY3,,0,"2024-12-26 09:07:30",@RizkyRiplay,"Semoga ada pembelajaran yang bisa diambil dari cerita di atas ya kak",1,UgzLYgwacIqgMkZSVZp4AaABAg,@arsyan27
UgxsWnofp_FDrutQAOl4AaABAg,1,0,"2024-12-26 09:03:06",@arsyan27,"Jangan judi ya dek ya",0,,
UgxsWnofp_FDrutQAOl4AaABAg.ACVnfeiS8BFACVoBM3XU5K,,0,"2024-12-26 09:07:34",@RizkyRiplay,"Semoga ada pembelajaran yang bisa diambil dari cerita di atas ya kak",1,UgxsWnofp_FDrutQAOl4AaABAg,@arsyan27
Ugza8Xu8Hsvq9E5a3hh4AaABAg,3,17,"2024-12-26 09:00:59",@arsyan27,"1:20 orang yang baju merah mirip banget sama bang rizky",0,,
Ugza8Xu8Hsvq9E5a3hh4AaABAg.ACVnR9BM8X2ACVnlUtvMWS,,2,"2024-12-26 09:03:54",@RizkyRiplay,"Terimakasih telah menonton",1,Ugza8Xu8Hsvq9E5a3hh4AaABAg,@arsyan27
Ugza8Xu8Hsvq9E5a3hh4AaABAg.ACVnR9BM8X2AEPKTQjWhYC,,1,"2025-02-11 13:46:29",@salsaabraysa,"Iya cuy 🤨🧐",1,Ugza8Xu8Hsvq9E5a3hh4AaABAg,@arsyan27
Ugza8Xu8Hsvq9E5a3hh4AaABAg.ACVnR9BM8X2AQhbDRp74Dv,,2,"2025-12-14 07:43:54",@Bibopsg,"Rizky pas gede",1,Ugza8Xu8Hsvq9E5a3hh4AaABAg,@arsyan27
UgxKyn8p-GJFk0-jLfJ4AaABAg,1,0,"2024-12-25 15:13:40",@rafaelcarano1897,"Buat klen yg msh SMA atau skolah apapun itu. Jangan berjudi yaa bro.. Pliss...gue putus skolah dlu krna judi bro... Memang betul sangat betul bro... Kemenangan Terbesar itu adalah STOP JUDI!!! Plis Bro hindari Judi Online maupun Ofline! Lu Gak Narkoba Tapi penjudi Itu sama saja Hancur nya... Apalagi lu coba kedua"" nyaa... Saran gue jangan deh bro.. Hancur bener"" hancur... Gue udh alamin",0,,
UgxKyn8p-GJFk0-jLfJ4AaABAg.ACTtHscSfXZACVKf3Metz8,,0,"2024-12-26 04:40:52",@RizkyRiplay,"Terimakasih sudah mau sharing ceritanya sob, semoga ada pembelajaran yang bisa diambil dari cerita di atas ya kak",1,UgxKyn8p-GJFk0-jLfJ4AaABAg,@rafaelcarano1897
UgzRUnpWsbs1qUFKhwh4AaABAg,1,1,"2024-12-25 14:48:21",@Victor._.V4mpr-war,"Ayah pernah dipinjem duitnya sm sepupu totalnya 10jt lah itu pun sama sepupu buat judi",0,,
UgzRUnpWsbs1qUFKhwh4AaABAg.ACTqOYJtJI4ACVLcVbd5Dj,,0,"2024-12-26 04:49:16",@RizkyRiplay,"Terimakasih sob sudah mau sharing, semoga ada pelajaran yang bisa diambil dari cerita di atas ya sob",1,UgzRUnpWsbs1qUFKhwh4AaABAg,@Victor._.V4mpr-war
UgyRXfbOVhoDQVAdD4N4AaABAg,0,0,"2024-12-24 23:20:00",@aminnurakbar-uq2kg,"Yang main karena DENDAM . Dengerin , nasib seorang player itu tergantung database seorang player tersebut . Jadi psikologis bermain seseorang sudah ada database nya dan pastinya sudah dishare ke semua bandar judol yg ada. Bandar judol tidak akan mau menebak nebak sembarangan aja buat ngasih JP pemancing ke setiap player baru masuk ke situs dia karena itu butuh modal dan akan rugi , maka mereka butuh database , jika orang tersebut rupanya sudah lama main juga dan rupanya pemain psikologis penDENDAM ,ngapain dipancing2 lagi KATA si bandar rugi dong. Paling ntar disedot dulu trus dibalikin 1/4, atau disedot ampe habis ,nanti klo balik lagi dipancing 1/4. Bahkan 1/8 kerugian. Definisinya JP besar itu pasti database nya udah di telusuri admin apa ada silsilah keluarga kaya , atau memang si player udah kalah sangat banyak sekali dan bandar merasa bersalah dengan mengembalikan (kasihan) . Soalnya di wilayah saya yg saya lihat yg dapat jp besar emang orang yg berduit atau dia berani di awal main depo besar2 . Ya simple nya bandar itu mau sedot uang , klo player nya kaya raya ya pancingan ya harus besar juga lah . Mau tau apa acuan database setiap player? Ya ktp mu lah, ketika punya ktp maka kamu baru bisa buat rekening bank , e wallet dana gopay dll .",0,,
Ugyu9KTmFkJ4T34Iprd4AaABAg,1,1,"2024-12-24 10:06:41",@MSS_GAMING9712,"Semua tidak akan terjadi kalo dia tidak pacaran,knapa semua salahin judolnya😅😅",0,,
Ugyu9KTmFkJ4T34Iprd4AaABAg.ACQlM_ltU6JAEiZuuQEEiD,,0,"2025-02-19 10:26:16",@vernom-x8r,Apalah,1,Ugyu9KTmFkJ4T34Iprd4AaABAg,@MSS_GAMING9712
Ugws7SG767sDarcqlSN4AaABAg,0,1,"2024-12-24 05:00:16",@khusnulkhopipah8763,"Bayinya tua bgt😂",0,,
Ugxk64l-zci7uplZAXF4AaABAg,0,0,"2024-12-22 08:44:18",@MuhammadFahmiFahmi-e3u,"Agus sedi",0,,
UgwdRjQzKegwowr8qqx4AaABAg,1,0,"2024-12-21 09:29:49",@ChuaksRyan,"Judi jaya",0,,
UgwdRjQzKegwowr8qqx4AaABAg.ACIykwg8yRsAEiZwJGCsvf,,0,"2025-02-19 10:26:27",@vernom-x8r,Apalah,1,UgwdRjQzKegwowr8qqx4AaABAg,@ChuaksRyan
UgxYE2dZwYSa4aCRq_F4AaABAg,1,0,"2024-12-19 03:28:41",@WiraHadi-o1q,"org yg paling susah dibilangin itu pemain slot",0,,
UgxYE2dZwYSa4aCRq_F4AaABAg.ACDAqEUw0tVACDBLiqGbAY,,1,"2024-12-19 03:33:07",@RizkyRiplay,"Semoga ada pembelajaran yang bisa diambil dari cerita di atas ya kak",1,UgxYE2dZwYSa4aCRq_F4AaABAg,@WiraHadi-o1q
UgyeDW8jRwqYUTzesUp4AaABAg,0,2,"2024-12-18 08:14:47",@DandyDSW,"Bagaimana mau di berantas pemerintah, dapat tips banyaknya juga dari situ. Upsst 😂",0,,
UgwManItRuxyra53oPd4AaABAg,0,1,"2024-12-17 14:20:11",@Google-Help.mQ1,"gw mendukung penjudi terutama untuk temen gw yg main gw seneng liat dia kesusahan dengan tingkah lakunya sendiri seneng liat dia menderita dengan ke goblokannya yg udh dikasih tau kalau itu semua gk bermanfaat tapi tetep dilakuin lebih seneng gw liat orang yg gk pernah bersyukur 😆",0,,
UgzUmKSyHeQMdIKnO8h4AaABAg,0,0,"2024-12-16 16:43:44",@SupratRbj,"JUDOL hiburan Rakyat",0,,
UgxzF875kBVpEN0LjeF4AaABAg,2,0,"2024-12-16 14:57:56",@rezaagus4236,"baru aja wd 10 jt dpt maxwin jadi ga ngaruh 😂",0,,
UgxzF875kBVpEN0LjeF4AaABAg.AC6gKkD_k2FAEi_-EcWzNM,,0,"2025-02-19 10:27:00",@vernom-x8r,Apalah,1,UgxzF875kBVpEN0LjeF4AaABAg,@rezaagus4236
UgxzF875kBVpEN0LjeF4AaABAg.AC6gKkD_k2FAEi_0sCPP06,,0,"2025-02-19 10:27:13",@vernom-x8r,"Penyebab judol😂😂😂😂",1,UgxzF875kBVpEN0LjeF4AaABAg,@rezaagus4236
Ugyn2B_sppefMj6fX-Z4AaABAg,0,1,"2024-12-16 11:09:45",@nurulfajrimuhammad,"bayinya ubanan hahaha",0,,
Ugwqm-UMv-0PIm_-xn14AaABAg,0,0,"2024-12-16 09:55:59",@TatiHerlina-q8e,"Awal mula Agus sedih",0,,
Ugzq1TrxqCbLZTXlQ-F4AaABAg,1,1,"2024-12-16 08:24:36",@RafiRafi-hs1yy,"Cara membuat bandar2 judol rungkad ialah dengan berhenti bermain, semakin bnyak yg berenti maka bandar semakin hancur dan sebaliknya",0,,
Ugzq1TrxqCbLZTXlQ-F4AaABAg.AC5zJvQryVGAC6-1Uf5z4X,,2,"2024-12-16 08:30:49",@RizkyRiplay,"Semoga ada pembelajaran yang bisa diambil dari cerita di atas ya kak",1,Ugzq1TrxqCbLZTXlQ-F4AaABAg,@RafiRafi-hs1yy
UgyLwXANBlJO1VOfwxt4AaABAg,1,1,"2024-12-15 20:40:54",@aminnurakbar-uq2kg,"Pemain lama basicnya (sudah dicuci otak/candu berat)Jadi pemain lama itu ""korban"". Siklus akurat nya sudah jelas dan sudah saya buktikan berkali2 dan yang terjadi pasti sama : Real=Pemain lama tidak akan pernah ikhlas dikasih JP kecil(karena kalahnya sudah sangat banyak) jadi siklus akurat nya bagi 'pemain lama"" begini. Setelah diberikan JP pancingan pasti kalah terus menerus hingga menjual meminjam apa saja sesuai kemampuan pemain tsb. Setelah habis kemampuannya automatis pasti akan berhenti beberapa saat bahkan berbulan2. Setelah libur main, percayalah ""pemain lama"" pasti akan ada fikiran bermain lagi terbawa oleh dendam kekalahan dan memang ""candu"" slot ini.maka akan main lagi ,, dan saya jamin 100 persen pasti dikasih pancingan di awal berapapun nominal tapi pasti ada JP pancingan . Sebagai pemain lama saya yakin 100 persen ga akan pernah puas dengan JP pancingan tersebut , karena sangat2 kurang dari memory kalah yg teramat panjang dari awal main . Percayalah siklus itu akan berulang2 dan akurat gitu gitu aja yg terjadi . Saya jamin dan tak terbantahkan itu itu saja yg saya alami . Psikologi rusak. Solusi nya : Nggk panjang cerita, judol itu sangat memabukan dan candu , bagi pemain lama , cara berhenti cuma satu . Disuatu saat KALAU sudah bisa ikhlasin kekalahan ., JANGAN pernah coba2 melihat situs judol itu , karena kalau sudah iseng coba depo 10 ribu , ga ada obat yg akan menghentikan anda selanjutnya , bukan jin yg mempengaruhi anda , itu naturan kombinasi antara dendam dan memori pernah dikasih menang saat bermain judol! , yang pada faktanya kalah anda sudah segunung . Semoga semua korban judol cepat berhenti ,amin",0,,
UgyLwXANBlJO1VOfwxt4AaABAg.AC4imq5R9HyAC5Y-CcMco7,,2,"2024-12-16 04:17:06",@RizkyRiplay,"Terimakasih sudah mau sharing kak, semoga ada pembelajaran yang bisa diambil dari cerita diatas yaa",1,UgyLwXANBlJO1VOfwxt4AaABAg,@aminnurakbar-uq2kg
Ugxz440QWbT83kgCE1J4AaABAg,1,1,"2024-12-15 15:30:44",@rebin-kejepit,"sy beda pendapat ya,hanya org pintar yg bsa memanfaatkan judi,tp jika org itu punya kesadaran diri,dan ingat siapa tuhan nya dan Masi memilik akal untuk sadar klo itu salah",0,,
Ugxz440QWbT83kgCE1J4AaABAg.AC4AI82aSe8AC5Z21mtHCe,,1,"2024-12-16 04:26:14",@RizkyRiplay,"Semoga ada pembelajaran yang bisa diambil dari cerita di atas ya kak",1,Ugxz440QWbT83kgCE1J4AaABAg,@rebin-kejepit
UgxIw6EDhz6aoxXees54AaABAg,1,0,"2024-12-15 10:18:41",@WAISALKHORNI-q1h,"Stop judol gaes!!, enaknya sesaat, seterusnya tersesat",0,,
UgxIw6EDhz6aoxXees54AaABAg.AC3b_ei1ME1AC5qjVoBgyG,,0,"2024-12-16 07:09:35",@RizkyRiplay,"Bener banget, semoga ada pembelajaran yang bisa diambil dari cerita di atas ya kak",1,UgxIw6EDhz6aoxXees54AaABAg,@WAISALKHORNI-q1h
UgxmQXnT1fxVpnwIH0d4AaABAg,0,2,"2024-12-14 09:24:01",@cammpiee,"hahah jadi agus kasian",0,,
UgxTc_SgOe_9_kHUOOB4AaABAg,0,0,"2024-12-13 10:38:06",@chimoya-c3t,😢😢,0,,
UgyONrZo3hS1silS3eF4AaABAg,0,1,"2024-12-12 15:25:33",@BambangSaputra-z1f,"dari cerita ini kita bisa belajar bahwasanya bermain judi online bisa membuat otak kita gila, penting nya mencari duit halal tanpa harus mengenal yang namanya judi, dan jauhi lah yang namanya pacaran jika ekonomi masih di bawah dan masih sekolah",0,,
Ugx5b2DkeizSe3dURJ14AaABAg,0,0,"2024-12-12 13:39:26",@ngunyahterusss,"Boikot tango",0,,
Ugw8iZ_6BMUWzdvT-Th4AaABAg,0,0,"2024-12-12 04:27:11",@riorusdiansyah4204,"Apakah ini Agus?",0,,
UgyEue4RJFAiohH2c2x4AaABAg,0,0,"2024-12-11 13:57:17",@abdulmalik-l2t4g,"BENER"" GILA NIIHH JUDOLLLL. GW HARAP ORANG BESAR YANG MEMPERTAHANKAN JUDOL INI DIHABISIN AJA SEKALIAN!!!",0,,
Ugwl6EecUVUImjMqaxp4AaABAg,0,2,"2024-12-10 19:21:18",@ReyZelIy,"Mending main point blank",0,,
UgwM4EF3z4OqdydIrId4AaABAg,1,2,"2024-12-10 12:10:13",@lutfiatulazizah8171,"Kita ambil hikmah nya terima kasih bang risky replay 🙏",0,,
UgwM4EF3z4OqdydIrId4AaABAg.ABrwNATwKXiABtckLmUDHY,,1,"2024-12-11 03:57:14",@RizkyRiplay,"Semoga ada pembelajaran yang bisa diambil dari cerita di atas ya kak",1,UgwM4EF3z4OqdydIrId4AaABAg,@lutfiatulazizah8171
UgxAoj5tUs_4cpYKKNJ4AaABAg,2,1,"2024-12-10 01:38:20",@WiiGaAdaGawe,"Sapa dong bang Rizky",0,,
UgxAoj5tUs_4cpYKKNJ4AaABAg.ABqo37X62MJABqqdBw42NY,,1,"2024-12-10 02:00:53",@RizkyRiplay,"Haloo kak",1,UgxAoj5tUs_4cpYKKNJ4AaABAg,@WiiGaAdaGawe
UgxAoj5tUs_4cpYKKNJ4AaABAg.ABqo37X62MJABu4pq_UeQJ,,0,"2024-12-11 08:11:24",@yeremiadwigamersasli,"Halo juga. Saya udah 3 kali nonton tapi gak bosan-bosan. Sukses selalu Rizky Riplay and Tim",1,UgxAoj5tUs_4cpYKKNJ4AaABAg,@WiiGaAdaGawe
UgxyAlBI62by-XP728J4AaABAg,1,0,"2024-12-08 21:31:38",@IrwansyahPutra-c7e,"Agus sedih",0,,
UgxyAlBI62by-XP728J4AaABAg.ABnn1P0bW_1ABoJOx0M7zV,,1,"2024-12-09 02:23:13",@RizkyRiplay,"Terimakasih telah menonton",1,UgxyAlBI62by-XP728J4AaABAg,@IrwansyahPutra-c7e
UgyIbOgPyHlqDf5bsd94AaABAg,0,0,"2024-12-08 11:20:04",@isallgaming4642,Gacor,0,,
UgzIR6FhjjIR4v8XH4F4AaABAg,1,0,"2024-12-08 11:06:19",@DeccoSakty,"Diko nama gw cooooooo",0,,
UgzIR6FhjjIR4v8XH4F4AaABAg.ABmfTPrVR36ABounJZqskL,,1,"2024-12-09 07:58:44",@RizkyRiplay,"Wahh bisa samaan gitu ya",1,UgzIR6FhjjIR4v8XH4F4AaABAg,@DeccoSakty
UgzcZD9dWHJjxLNjQud4AaABAg,0,0,"2024-12-07 19:56:43",@FarhanIbrohim-gy6vv,"mb 🥳😆🤩😆",0,,
UgxBr2OlI9aqIufGN994AaABAg,0,0,"2024-12-07 16:14:17",@IwanSalman-e9k,"Jadinya Agus Sedih😂",0,,
UgwJeD3e1kseGpabP9R4AaABAg,0,2,"2024-12-06 12:34:21",@Yannzz0,"Abang kalau bikin animasi bagus, gw juga enak kebawa ceritanya ,emosi karakternya juga dapet, pesan moralnya juga.satu masalah kecil ternyata bisa membuat masalah besar. Emang keren ini cerita 😃",0,,
UgxZZFvg0d5BxAqWA4R4AaABAg,0,0,"2024-12-06 11:01:02",@MaryatiIndralaya,"gacor 😂",0,,
UgyUkzvPF6f_8iXG0TR4AaABAg,0,0,"2024-12-05 21:03:58",@indahsarisitumorang3609,❤,0,,
UgydFB-Jy9lRljmekth4AaABAg,1,0,"2024-12-05 15:25:30",@aistasya6451,"Kwkwkw kyk kisahku bjir mantan suami tukang paket terus juga gila judi akhirnya cerai😂",0,,
UgydFB-Jy9lRljmekth4AaABAg.ABfPk1M36dKABgn3K4U1x9,,0,"2024-12-06 04:17:13",@RizkyRiplay,"Terimakasih telah sharing ceritanya kak, sukses selalu ya",1,UgydFB-Jy9lRljmekth4AaABAg,@aistasya6451
UgwDpmNMzr76MMuXX8V4AaABAg,0,1,"2024-12-05 09:02:43",@ParomoMusakir,"gedek dongo banget lagian nganter paket elektronik ga hati² paling benci orang ceroboh.",0,,
Ugy7y2aYpkjZVgX5LR54AaABAg,0,1,"2024-12-04 09:02:26",@ilyaswinarto3611,"Nahh ingat broo kalo yang liat komentar ini bocil jangan ikut ikut tan judoll jauh Hi teman yang pergaulan nya melampaui batas bro😊",0,,
UgwGKq8ZNQ-Kygkc9v54AaABAg,1,0,"2024-12-04 05:08:27",@widiaastuti9776,"Hidup udah tenang"" bahagia malah ngrusak kebahagiaan dg judol, pikiran org"" yg akan merugi kedepannya!!!",0,,
UgwGKq8ZNQ-Kygkc9v54AaABAg.ABbjKnEI-ztABbqYkTHgIK,,0,"2024-12-04 06:11:32",@RizkyRiplay,"Terimakasih telah menontoh kak, sukses terus ya",1,UgwGKq8ZNQ-Kygkc9v54AaABAg,@widiaastuti9776
UgzWw6tmKfIdB5iEpAl4AaABAg,1,1,"2024-12-04 03:30:24",@leashaanne,"Terlepas dari perbuatan zinanya, sebenernya mereka udah baik loh, si cowo mau tanggung jawab dan kerja yang halal, ga neko-neko, tapi sayang akhirnya malah ketemu judol 😥",0,,
UgzWw6tmKfIdB5iEpAl4AaABAg.ABbZ6_eOI83ABbeCElCHEg,,0,"2024-12-04 04:23:36",@RizkyRiplay,"Semoga kita dijauhkan dari hal-hal yang negatif ya kak, terimakasih telah menonton video kita kak",1,UgzWw6tmKfIdB5iEpAl4AaABAg,@leashaanne
UgwS2f74Op3Msl_hBjV4AaABAg,0,1,"2024-12-03 07:46:22",@Nenden1234-w3h,"Komentar 😡😲",0,,
UgyApAtnIsz-Rxc7B_14AaABAg,0,1,"2024-12-02 11:48:46",@Dopdoppann,"11:22 hmm😅😮",0,,
Ugz8B-hI5-ojUJPLBTl4AaABAg,0,0,"2024-12-02 10:30:41",@dextermc1783,"Warga main digrebek polisi, sedangkan judol dilindungin pemerintah mantap lanjut pejabat..",0,,
UgziP5psFatn15piiEd4AaABAg,0,0,"2024-12-02 09:37:22",@Khaufkhafi,"Realita nya kebanyakan pada judol itu karna sirkel dan sekedar iseng.",0,,
Ugy1m8SnV_ZMz98L90l4AaABAg,0,0,"2024-12-01 14:09:35",@RelaxingSleepNights30,"wah ni channel keren 11jt subcriber gua baru tau nih chnnel animasi",0,,
UgyRvSW8Fuf4AyDk87R4AaABAg,0,0,"2024-12-01 13:38:32",@lydiasandra631,"Logat sidoarjo",0,,
UgzR8xbY47oZz39i14R4AaABAg,0,2,"2024-12-01 13:31:28",@ziyad_railfans,"Kok jadi kayak Agus 😂😂😂",0,,
UgzXDQMnMX1tlubZq3N4AaABAg,0,0,"2024-12-01 05:51:02",@AmanSThalib,"Hasil judi dikasih ke anak istri menanggung dosa berat banget KARENA menghasilkan dengan cara haram.",0,,
UgyVfG-x0JukM2CWtvl4AaABAg,0,0,"2024-11-30 11:42:26",@NurHayati-ki5ek,"Hahaha Minta di belikan susu dan minyak di indoapril 😂",0,,
UgxMXU2hFfaLCa1d-9V4AaABAg,0,0,"2024-11-30 11:23:03",@puspitayanti8924,"Kaget sama nada dering hpnya😂😂😂",0,,
UgzOri-22AEWc7Fio-R4AaABAg,0,22,"2024-11-30 08:47:13",@Nabilabilaaa,"Konten disini bagus bagus mengingatkan sesama agar lebih hati hati sebelum melakukan mantap sukses selalu Bang Risky Riplay 😊❤❤",0,,
UgyD5rkh3lhVuL3uxUh4AaABAg,0,0,"2024-11-30 07:15:58",@jefripurwadi7550,"Ini sih bukan krna judol, ini permasalahan awal nya krna seks bebas, makanya kalau belom siap secara ekonomi dan mental jan be keluarga dulu, sange boleh bodoh jangan",0,,
UgxyuFgV8yF-mesQw3Z4AaABAg,0,0,"2024-11-30 06:27:08",@wahyutriani5063,"Pesan moralnya: 1. Jangan zina pas sekolah 2. Nikah terlalu muda banyak resikonya. 3. Mental belum siap, jd polapikir pendek 4. Dampak judol.",0,,
UgybWoWgmDGx2y5Q8xR4AaABAg,0,0,"2024-11-29 10:59:37",@cintaatiara90,"prna skli menang",0,,
UgznM4P_mcYKQ1g5lpV4AaABAg,0,0,"2024-11-29 10:09:08",@zxzxz-h8n,"Jagalah kesehatan dan hindari narkoba, judi, merokok jika kalian punya anak kecil berumur 2 tahun",0,,
UgweJyTRDkKaHMegWyd4AaABAg,0,0,"2024-11-28 11:49:22",@Driverkiw,"Channel yang disponsor honda 🗿",0,,
Ugw1PObPAf_M2hsypc14AaABAg,0,0,"2024-11-27 07:46:13",@nauraazima895,"mau di kasih tau pun gabakal mempan klo yg udh candu. di kasi tau malah marah balik 😂 sebelas duabelas kek pencandu roko",0,,
UgzMiqZ5Dz0LeyBn1St4AaABAg,0,0,"2024-11-26 19:50:03",@mariaelly2420,"Ini kl nikah hamil duluan,,, berzina, masih muda, masa depan g jelas,,, ketipu judol, awalnya dimenangkan, pada akhirnya begitu ketagihan langsung dibuat miskin semiskin2nya... 😂😂😂😂😂😂😂😂😂",0,,
UgyAMNa5E4fC8JhSG8Z4AaABAg,0,0,"2024-11-26 10:47:37",@zein_94,"Kenapa zaman sekarang lebih memilih kasih anak bayi susu formula daripada ASI😢",0,,
Ugx4M_PcWR3dr281psZ4AaABAg,0,0,"2024-11-26 06:04:27",@chill10000-p,tango😋,0,,
Ugz5HFAIcXlrRGRXIIR4AaABAg,0,0,"2024-11-25 11:20:03",@faisalfadilah-r5g,1:44,0,,
UgxF33b9nCBbbcyJGLB4AaABAg,0,0,"2024-11-25 11:16:19",@agusdoer,"ABG Rizkiy",0,,
UgzG_Bzms-KVIFO5s5l4AaABAg,0,0,"2024-11-25 01:03:37",@Liputan69,"Bukan nya barang hilang atau rusak xpedisi yang tangung ya",0,,
Ugx7V0uTrk9Ln-FrTf14AaABAg,0,0,"2024-11-24 21:06:37",@NanaNowe,"gua pernah ketemu orang kek gini waktu itu jadi kurir nganter paket gua eh dia nipu ngirimnya lebih 80rb kiarin emang segitu tapi karena posisinya hp mati jadi ya ga ngitung harga paket eh ternyata dibalik dia nipu tu tukang paket emang ngutang dimana² gara² nikah muda terus judi sampe sekarang ga iklas tu duittt😢",0,,
Ugyi0sOcMtGHx97wsFl4AaABAg,0,0,"2024-11-24 15:12:36",@RhnyyyRa,❤️,0,,
UgwZgcBKupbE-zQvvmd4AaABAg,0,0,"2024-11-24 11:25:10",@BuahNaga-m2j,"Bandar judi online mati bunuh diri dikamboja dikarenakan pacarnya sekingkuh sama kawannya sendiri.kuarganya malah senang dapat wrisan milyaran.tragis x hdpnya g diinginkan nyampah biar bisa kaya",0,,
UgwVYlovKgKd3Lhuo1R4AaABAg,0,0,"2024-11-23 23:44:05",@XbdulMCGGonly,"bang buat in video akibat judol kek gini dongg",0,,
UgydQNqOgF1xnSgG4IB4AaABAg,1,0,"2024-11-23 20:27:57",@firmanaditiyo9168,"bang jangan bawa nama gua dongg😅,itu nama gua",0,,
UgydQNqOgF1xnSgG4IB4AaABAg.ABC2oodKwNuABe1Pp-4u9Q,,0,"2024-12-05 02:33:39",@Zero-ku1mp,"Tiko bang",1,UgydQNqOgF1xnSgG4IB4AaABAg,@firmanaditiyo9168
UgzlR9JPggXtaOXvLtV4AaABAg,0,0,"2024-11-23 13:45:38",@JoyAblag,"Harus di berantas sampe akar soal nya judi itu kaya narkoba",0,,
UgxmSsl_L3cj8wI-iMJ4AaABAg,0,1,"2024-11-23 06:23:54",@BagusRuli,"Bang buatin anak sd yang di buli",0,,
UgzKx9jWkClRDPD2kQV4AaABAg,0,0,"2024-11-23 01:47:49",@kang_bakso_lewat,"Judi gk akan bisa di Brantas karna judi sudah di bekingin polisi salam gacor",0,,
UgzOJgyoNUW8Dxr2RX54AaABAg,0,1,"2024-11-22 09:54:24",@KINGHANTV,"Menyala bangda",0,,
Ugxmrq2Om_qmhjIyxPB4AaABAg,0,2,"2024-11-21 14:02:31",@rayyanrayyan7512,"Indoapril bukan Indomaret 😂",0,,
UgxFKPpYqsUNMdhjMoN4AaABAg,1,2,"2024-11-21 08:49:52",@LamzzChanel,"gacor ²😂",0,,
UgxFKPpYqsUNMdhjMoN4AaABAg.AB5eL9o7AZiAB5h-4Mep4c,,1,"2024-11-21 09:13:04",@RizkyRiplay,hahahahaa😅😅,1,UgxFKPpYqsUNMdhjMoN4AaABAg,@LamzzChanel
Ugz2LT9pRntPjVdm8Jl4AaABAg,0,1,"2024-11-21 04:11:58",@CinemaGoods,"MAKSIMAL UMUR 25th, MINIMAL PENGALAMAN 10th 😂😂😂",0,,
Ugx-xrgE3OSsR5bV2hJ4AaABAg,0,0,"2024-11-19 15:35:57",@MmadBintang,"di endorse tango",0,,
UgwH0XVoGHrtAl_SktZ4AaABAg,0,1,"2024-11-19 07:46:10",@AmirYgy,Y,0,,
UgzCC4GffYjTJubxR9x4AaABAg,0,1,"2024-11-19 07:46:06",@AmirYgy,Y,0,,
Ugxp8ZDiIaItdpOmQQh4AaABAg,0,1,"2024-11-19 05:24:36",@hendrikkaum6053,"Ceritanya seru banget😊😊",0,,
UgwfkT6ombIErqfRuxZ4AaABAg,1,0,"2024-11-18 03:16:11",@asongskuy,"Mkanya otak jgn mikirnya itu bkin anak doang 😂😂😂",0,,
UgwfkT6ombIErqfRuxZ4AaABAg.AAyKlSGsBNuAAyLEoWiWNs,,0,"2024-11-18 03:20:19",@RizkyRiplay,hahahahaa😅😅,1,UgwfkT6ombIErqfRuxZ4AaABAg,@asongskuy
Ugw1aeKVEPvJ4hknHn94AaABAg,0,0,"2024-11-17 13:20:09",@JunnoSpace,"kasian jg si tiko",0,,
Ugw56QH-DkFHa2_dlB14AaABAg,0,0,"2024-11-17 11:42:20",@vitadjap3422,"Ada tango😂😂😂😂😂😂😂😂😂😂😂😂😂😂😂😂",0,,
UgwJJpoqJX2KD4miD4h4AaABAg,0,2,"2024-11-17 03:32:27",@dilan9498,"Makanya jadi orang jangan ceroboh riko,salah lo sendiri, barang gitu ngga di letak di atas ngga ngotak tukang paket nya😄😄😄😄😄",0,,
Ugzh4axZI3HIl6ycEUd4AaABAg,0,0,"2024-11-17 02:05:53",@rudiermawati9698,"Aku kira dijual matanya ternyata kena minyak panas dan satu lagi jangan pernah bermain judi slot!!!!!!!!!! Semoga bermanfaat amin plis dilike",0,,
Ugywm34rNF4UW4176Ex4AaABAg,0,0,"2024-11-16 18:14:47",@Galacticuser,"Indomart jadi indoapril 🗿🗿",0,,
UgxD0Ax8zd1-n138teJ4AaABAg,0,0,"2024-11-16 09:38:20",@Luxxzyan,"bang, bikin konten jenis² hantu lagi kaya dlu dong, seru soalnya",0,,
Ugw1yPbjP5HmCn-FiBZ4AaABAg,1,2,"2024-11-14 08:20:49",@koreng-1,"ingat ya teman-teman dari kisah ini kita ambil hikmahnya aja ya buang yang buruk nya sekian terima kasih ❤",0,,
Ugw1yPbjP5HmCn-FiBZ4AaABAg.AAo_SFf2RW8AApckpO4Vom,,1,"2024-11-14 18:08:57",@Daiz_Dais_Official,"kreasinya bagus nich... semangat ya",1,Ugw1yPbjP5HmCn-FiBZ4AaABAg,@koreng-1
UgzX4IlCUu2Swr99ls94AaABAg,1,1,"2024-11-14 06:14:42",@Jonatan-nu6rh,"Padahal pas diruko iphon nyelip dipojok",0,,
UgzX4IlCUu2Swr99ls94AaABAg.AAoM0TYRwhqAAodwEHlDOF,,1,"2024-11-14 09:00:00",@RizkyRiplay,hahahahaa😅😅,1,UgzX4IlCUu2Swr99ls94AaABAg,@Jonatan-nu6rh
Ugyh9W9WJI5uIuUwbOx4AaABAg,0,0,"2024-11-13 12:40:04",@AkunsatuSatu-b9q,"judi online itu haram",0,,
UgyRdpYQpt2molYnksB4AaABAg,0,0,"2024-11-13 12:39:15",@AkunsatuSatu-b9q,"judi online itu haram",0,,
UgwN1aS-uC7T7s3iv_d4AaABAg,0,0,"2024-11-13 05:26:03",@BangBooy-q6e,"Gacor gacor haha hah ha kacau 😂",0,,
UgwT33U3oo0GniSfFh14AaABAg,0,0,"2024-11-13 00:58:23",@MartitaAdilia,"FNF TABI",0,,
UgwIjCPxYFq3j0VykFd4AaABAg,0,0,"2024-11-12 12:40:34",@eft_lownte,"jauhi hal hal yang menbikin kita masuk neraka ❤",0,,
UgyFC7uiPcKWreFjLh94AaABAg,0,0,"2024-11-12 10:47:49",@FROSTKNIGHT7,"Njir gw punya temen kelas 7 udah main judol co.rusak bet ni generasi,udah dia ngajak ngajak ikut main",0,,
UgzsWo9sjOwtxvjE9Vt4AaABAg,0,2,"2024-11-10 15:06:57",@phendphend3531,"Yang setuju judol brantas tanpa pandang bulu.... .., Jjur kasian si denger temen2 dekat pada kena korban judol ini. Dahsyat... menangnya sementara, tapi juga dhansyat sengsaranya seumur hidup. 😮",0,,
Ugw23xVS4JgFcCo-MUx4AaABAg,0,0,"2024-11-10 01:55:39",@neoncraft-ir9ss,😢😢,0,,
Ugy72Qx5eUm9EiMvjzB4AaABAg,0,2,"2024-11-09 13:24:54",@AqhmarMaulana-k8m,"Suami aku dulu penggila slot smpe udh nyerah untuk nasehatin, dia cmn main HP megang HP, dan suka marh""ga jls",0,,
UgxYCXNhlUC87gWuVbx4AaABAg,0,2,"2024-11-09 12:14:58",@ayuri2411,"Tiko jadi sedih. Tiko sedih banget. Tiko kuat. Tiko kuat. Tiko kuat.",0,,
UgyNWXNuxXy-6i-Ps914AaABAg,0,1,"2024-11-09 10:34:42",@mustafrochim,"Judi di berantas pemerintah❌ Judi di lindungi pemerintah ✅ FAKTA SETERANG INI😊",0,,
Ugw3vAhdNYbh4U9pEaF4AaABAg,0,0,"2024-11-09 03:45:20",@Dyccc-z6l,"assalamualaikum bang saya agak tersinggung soalnya nama saya dico",0,,
UgwofYmLMbw4qYjVQ4F4AaABAg,0,0,"2024-11-09 02:29:57",@RudyBiji,"Ahh beda apa tongkrongan gw tuh:MY tongkrongan Daging anak² Israel Rudale anak² Israel🗿🗿🗿",0,,
Ugykc6ctlQcXVDHNhgB4AaABAg,0,0,"2024-11-08 14:18:53",@IniTogos,"Fak lah dah males gua kalau soal percintaan di dhot design",0,,
UgzWyUyx7bVKXF9bMBd4AaABAg,0,0,"2024-11-08 13:49:58",@ryanbachdim310,"Ko gk pke asi",0,,
Ugxv46vXUKzRsdLlTVN4AaABAg,0,0,"2024-11-08 06:48:40",@SitiNurhayati-nt8cy,"Judi tidak bisa membuat kita kaya",0,,
UgyE9wU6AOIiqw4XoS94AaABAg,0,0,"2024-11-08 06:40:25",@deniislahdiri,"Judol gakkan bisa buat orang kaya",0,,
UgxtNEH0LuZQ_k1AsbN4AaABAg,3,0,"2024-11-08 06:26:03",@deniislahdiri,"alhamdulillh selama pacaran dulu tidak sampai terjerumus diperbuatan zina.",0,,
UgxtNEH0LuZQ_k1AsbN4AaABAg.AAZvYKnsPKpAAtPUwMX6d2,,0,"2024-11-16 05:21:16",@TiadarwatiPutri,"bro berfikir bahwa pacaran bukan zina, kocakk",1,UgxtNEH0LuZQ_k1AsbN4AaABAg,@deniislahdiri
UgxtNEH0LuZQ_k1AsbN4AaABAg.AAZvYKnsPKpAAtaY1t3Ldx,,0,"2024-11-16 07:06:33",@deniislahdiri,"@TiadarwatiPutri  terus bro apa saya harus bilang anda so suci",1,UgxtNEH0LuZQ_k1AsbN4AaABAg,@deniislahdiri
UgxtNEH0LuZQ_k1AsbN4AaABAg.AAZvYKnsPKpAAtaeDtTl-o,,0,"2024-11-16 07:07:32",@deniislahdiri,"@TiadarwatiPutri  iyakah",1,UgxtNEH0LuZQ_k1AsbN4AaABAg,@deniislahdiri
Ugx03vj1o7Nmj5nhxs14AaABAg,0,1,"2024-11-07 01:22:25",@AriyaGTPS,"Mas agus?",0,,
UgzubYpFlLOXGgzb_pJ4AaABAg,0,0,"2024-11-06 19:36:56",@SOLOASU,"kayak Agus",0,,
UgzlUZbkkH5KnhuEgqx4AaABAg,0,0,"2024-11-06 18:44:56",@excelkasih,hahahaha,0,,
Ugz1bRfrh1u3ZOmBzHZ4AaABAg,2,0,"2024-11-06 08:26:15",@roseichimaruu,"Relate dengan kondisi sepupu saya dari pihak nenek yg satunya (beliau adalah adik dari nenek pihak ibu saya) akhir akhir ini sepupuku nelpon kakak, saudara lain minjem duit karena buat nutup pinjol atau judol begitu hingga kakakku marah marah kenapa kejerumus ini. Tolong ya jangan main judol or pinjol karena ada konsekuensinya",0,,
Ugz1bRfrh1u3ZOmBzHZ4AaABAg.AAUzhZtIQFlAAV0fCMv0Y9,,0,"2024-11-06 08:43:21",@RizkyRiplay,"Nah bener tuu, BAHAYA BANGET",1,Ugz1bRfrh1u3ZOmBzHZ4AaABAg,@roseichimaruu
Ugz1bRfrh1u3ZOmBzHZ4AaABAg.AAUzhZtIQFlAAV21kafHcg,,0,"2024-11-06 08:55:20",@roseichimaruu,"@RizkyRiplay  bener bang malahan kakakku aja bilang kalo ngasih uang buat sewajarnya sebaliknya kalo seseorang minta duit buat pinjol atau judol. Dia langsung marah marah sampai nelpon ke ibuku Ibuku sempet ngasih duit walau gak sebanyak itu",1,Ugz1bRfrh1u3ZOmBzHZ4AaABAg,@roseichimaruu
UgyFBNAuBSScis874dZ4AaABAg,1,0,"2024-11-05 12:11:07",@reyanaabdullah9763,"Ini sebagai suami istri kalau mau minta sesuatu dengan suami jangan keras keras. Kan juga susa cari kerja. Seorang istri harus mamahami juga suami yang penat macari uwang untuk kita untuk manafkahi kita🥰🥰🥰",0,,
UgyFBNAuBSScis874dZ4AaABAg.AASoe9Dlw_YAAUO5JNphCK,,1,"2024-11-06 02:48:47",@RizkyRiplay,"betul tuu",1,UgyFBNAuBSScis874dZ4AaABAg,@reyanaabdullah9763
Ugy9YGg6N4FYJ0txwCp4AaABAg,1,0,"2024-11-05 10:57:55",@saya_Rico,"Jangan khawatir... Ada Depo, ada harapan 😂😂",0,,
Ugy9YGg6N4FYJ0txwCp4AaABAg.AASgGzeKaW6AAUPn5xQ1R5,,0,"2024-11-06 03:03:38",@RizkyRiplay,hahahahaa😅😅,1,Ugy9YGg6N4FYJ0txwCp4AaABAg,@saya_Rico
UgysczknWAp7hkMQzqJ4AaABAg,0,0,"2024-11-03 10:46:43",@Liam-pubg,"Syukur dh taubat..😊",0,,
Ugy9OfqQbtVUNk9TZCh4AaABAg,0,0,"2024-11-03 07:45:48",@ErosWakatobi,❤️🧡💛💚🩵💙💜🤎🖤🩶🤍🩷,0,,
UgxU0fh0zZ_AAjgrSaZ4AaABAg,0,0,"2024-11-03 07:45:32",@ErosWakatobi,😅😅😅😅😅,0,,
UgwwQm5OAz5f4AijZsV4AaABAg,0,0,"2024-11-03 07:45:26",@ErosWakatobi,❤❤❤❤❤❤❤,0,,
UgwxwgFfSgEESXs8ryJ4AaABAg,0,0,"2024-11-03 07:45:16",@ErosWakatobi,🎉🎉🎉🎉🎉🎉,0,,
UgzqVnQIGDT4ral1xAh4AaABAg,4,2,"2024-11-03 03:36:50",@OtpJulian,"Sekarang ini yg gw alami kecanduan main judol😢",0,,
UgzqVnQIGDT4ral1xAh4AaABAg.AAMkCe4XCrZABDIYsBFv4k,,0,"2024-11-24 08:04:42",@anggiet9327,"Berhenti bree sebelum bener2 rungkad",1,UgzqVnQIGDT4ral1xAh4AaABAg,@OtpJulian
UgzqVnQIGDT4ral1xAh4AaABAg.AAMkCe4XCrZABFDjcPjjR5,,0,"2024-11-25 02:01:05",@OtpJulian,"@anggiet9327  susah bro",1,UgzqVnQIGDT4ral1xAh4AaABAg,@OtpJulian
UgzqVnQIGDT4ral1xAh4AaABAg.AAMkCe4XCrZABFFtUtzhGS,,0,"2024-11-25 02:19:55",@anggiet9327,"@OtpJulian  niat breee",1,UgzqVnQIGDT4ral1xAh4AaABAg,@OtpJulian
UgzqVnQIGDT4ral1xAh4AaABAg.AAMkCe4XCrZABFKZbwq4OM,,0,"2024-11-25 03:00:45",@OtpJulian,"@anggiet9327 oke semoga bisa",1,UgzqVnQIGDT4ral1xAh4AaABAg,@OtpJulian
Ugyi_8ddtxcP0rFhUQp4AaABAg,0,1,"2024-11-02 09:35:46",@KhafidMumfadilah-r2n,"Selalu nunggu in update nyaa🎉",0,,
UgyslUoxCd-IxNSPffZ4AaABAg,0,0,"2024-11-01 13:07:47",@DEWA.KMS10,"Lihat detik ke 19 sampai 35 mana mata di",0,,
UgyQ_mqJY__7L5oRBmd4AaABAg,1,0,"2024-10-31 00:45:38",@YonoSutiyono-vc4ln,"Saya sendiri jadi korban judi jadi bwat pengalaman",0,,
UgyQ_mqJY__7L5oRBmd4AaABAg.AAEiE35r4RzAAEsvCAgr57,,0,"2024-10-31 02:19:02",@RizkyRiplay,"sudah tau dibohongi malah di coba",1,UgyQ_mqJY__7L5oRBmd4AaABAg,@YonoSutiyono-vc4ln
UgypR5J9VB0-ntY9BSx4AaABAg,2,12,"2024-10-30 16:34:28",@wildanfirdaus890,"awowkwk ngakak menit 6:29😂 peraturan kerja di Konoha banget 😂😂",0,,
UgypR5J9VB0-ntY9BSx4AaABAg.AADq0dazsWeAAExfzA1vte,,2,"2024-10-31 03:00:39",@RizkyRiplay,hahahahaa😅😅,1,UgypR5J9VB0-ntY9BSx4AaABAg,@wildanfirdaus890
UgypR5J9VB0-ntY9BSx4AaABAg.AADq0dazsWeAAoCRR5D_f9,,0,"2024-11-14 04:51:00",@FazaZa-ki8fr,"Bener banget berpenampilan menarik bisa menguasai elemen bumi langit",1,UgypR5J9VB0-ntY9BSx4AaABAg,@wildanfirdaus890
UgxtONVMpnhX0ldzy4J4AaABAg,0,0,"2024-10-30 14:56:00",@Mafiaanonymous,"Prtfgvbcdxzs exoticluerdsisn exodus exodus excellence except",0,,
UgwFge27FU34XrmOyDV4AaABAg,0,0,"2024-10-30 14:55:34",@Mafiaanonymous,"Check pikiran pretty omndo kepo askedpeiyekdhs ashamwrytp senja cakra kpd cakepaninp cakrawalw caircallsiuermshshs",0,,
UgyNz2iGzA5uTzRYKep4AaABAg,0,0,"2024-10-30 14:53:45",@Mafiaanonymous,"Pengecoran pengecekan pengecohlorancitcutoeprs diawalankantyght",0,,
UgwaRncwWMsVjTrCAkJ4AaABAg,0,0,"2024-10-30 13:11:59",@danurtha25,"tadinya jatuh paketnya",0,,
UgwSuMgdMc5p-3huQHd4AaABAg,1,0,"2024-10-30 08:26:44",@dinanovitarohmah594,indoapril😅,0,,
UgwSuMgdMc5p-3huQHd4AaABAg.AACyCMKVONbAAD0_7fjBLV,,0,"2024-10-30 08:56:11",@RizkyRiplay,"ituu mini market baruu sob",1,UgwSuMgdMc5p-3huQHd4AaABAg,@dinanovitarohmah594
Ugx-mCrWlVYcjv-T9jp4AaABAg,1,0,"2024-10-28 01:25:31",@OppoA1k-ju2zh,"Selalu hadir",0,,
Ugx-mCrWlVYcjv-T9jp4AaABAg.AA73PX-1f_cAA7Ad1yFzij,,0,"2024-10-28 02:28:39",@RizkyRiplay,"Terimakasih sudah hadir",1,Ugx-mCrWlVYcjv-T9jp4AaABAg,@OppoA1k-ju2zh
Ugw0h29NrY0-QCT163x4AaABAg,0,0,"2024-10-27 19:51:27",@PaijoMumetndase-sw8pi,"ga ada istana yang di bangun dengan kemalasan",0,,
UgzC6n9Vd9QydPhJFTB4AaABAg,0,0,"2024-10-25 18:29:02",@alasykari5313,subscribed!,0,,
Ugz9Yq5qI_NIhuudrIt4AaABAg,0,0,"2024-10-25 05:36:35",@Ariissssxyz,"Judol menghancurkan semua nya",0,,
Ugx3EGRBwyzdlfV9cph4AaABAg,1,0,"2024-10-24 06:31:29",@LuckyTri-pg1zk,"Tpi kasian jg c tiko dia bgtu dmi ank bini",0,,
Ugx3EGRBwyzdlfV9cph4AaABAg.A9yJF2aNPnAAVYJzgFQbRG,,1,"2026-04-13 14:29:10",@anatharahadiplay,"Ngapain juga main Slot dan Maling Kotak Amal",1,Ugx3EGRBwyzdlfV9cph4AaABAg,@LuckyTri-pg1zk
UgxBlzf0X2s4V2ESnv94AaABAg,0,0,"2024-10-22 18:11:21",@fioputra2297,"Baru lewat dan liat. Kok keinget agus boti yang di. Siram air tajin",0,,
Ugw_X-g4j82kscQFYYx4AaABAg,0,0,"2024-10-22 16:39:21",@irfanfriza8962,"gambaran anak sekarang,udh banyak dan ga kaget",0,,
UgyQgQNlx0k3kIrqisV4AaABAg,0,0,"2024-10-20 06:17:34",@budipandu2711,"Masuk lingkaran setan",0,,
UgxnmtcLAeAbXGqd9Vp4AaABAg,0,0,"2024-10-18 16:28:47",@rendahidayatullah9180,"Gimana mau di brantas pemerintah!!, ada yang beberapa pemerintah ada juga yang main judol🗿",0,,
Ugy9hrnepQZJF_H187F4AaABAg,0,0,"2024-10-17 17:12:15",@iRwan3,"Jangan pernah libatkan polisi dalam Judol. Apalagi disuruh brantas judol. Sesuatu yang sangat tidak Masuk akal. Karna polisi juga doyan Top up->depo",0,,
UgzlnOUnLHypi6wAzWN4AaABAg,0,0,"2024-10-15 15:22:41",@JaparSenklek,"Kapok main slot gue main modal 200k bet 10k jp 10 JT langsung gue Bali hp rog terus Gue bangga bisa pulang bawa duittt pas Pulang pas nyampe di kp saya pas mau beli xasan kok duit gue gk ada semua hp gue hilang",0,,
UgxiwoJfWETgOoYrced4AaABAg,0,0,"2024-10-15 08:38:35",@ridhoramadhani5238,"ada pesan moral yang bisa diambil sisi gelap dari kerja ekspedisi, saya juga pernah mengalami kerja di ekspedisi kerjaannya ga ngotak gajinya ga seberapa, buat fresh graduate jangan sekali kali nyoba ekspedisi kalo ga kepepet",0,,
UgxBCRIsFKA5sxtEQ_54AaABAg,0,0,"2024-10-15 05:50:32",@Xxzaa23,"Semakin sepi cewek yang deketin lu, semakin mahal harga diri lu Ayo fokus masa depan, cewek belakangan... Jodoh ditentukan yg atas",0,,
UgxQFMce_rWEnCcL9VB4AaABAg,14,273,"2024-10-12 10:54:41",@AndiHidayat-r4x,"Saya adalah seorang pekerja keras, banyak tabungan dan tidak pernah kekurangan apapun dalam hal materi. Setelah kenal judol, semuanya habis malah sempat menderita gara2 hutang. Setelah itu sy sadar dan berhenti, alhamdulillah konsisten hutang lunas dalam 2 tahun dan sekarang sudah mulai dari nol lagi. Intinya pesan yg saya sampaikan, jangan pernah kenal apalagi coba judi apapun itu.",0,,
UgxQFMce_rWEnCcL9VB4AaABAg.A9UspGYd_WVABli8kVM49B,,6,"2024-12-08 02:10:29",@PainolChannel,"Gk cari pohon jengkol bang",1,UgxQFMce_rWEnCcL9VB4AaABAg,@AndiHidayat-r4x
UgxQFMce_rWEnCcL9VB4AaABAg.A9UspGYd_WVAI3Aea_qfS3,,2,"2025-05-13 09:23:03",@siskaanggraeni9724,"Iya sih sipaling pekerja keras Puh sepuh ajarin dong puh",1,UgxQFMce_rWEnCcL9VB4AaABAg,@AndiHidayat-r4x
UgxQFMce_rWEnCcL9VB4AaABAg.A9UspGYd_WVAIBBeSZTTsy,,21,"2025-05-16 12:05:42",@chiachia7069,"​@siskaanggraeni9724 orang komen yang bener malah di candain",1,UgxQFMce_rWEnCcL9VB4AaABAg,@AndiHidayat-r4x
UgxQFMce_rWEnCcL9VB4AaABAg.A9UspGYd_WVAKBainax59h,,0,"2025-07-05 08:56:16",@unReaLs.,"​@siskaanggraeni9724 lu sok asik banh",1,UgxQFMce_rWEnCcL9VB4AaABAg,@AndiHidayat-r4x
UgxQFMce_rWEnCcL9VB4AaABAg.A9UspGYd_WVAKDnUsv6Bo1,,3,"2025-07-06 05:26:19",@MrIchithekiller,"judi kok bangga",1,UgxQFMce_rWEnCcL9VB4AaABAg,@AndiHidayat-r4x
UgxQFMce_rWEnCcL9VB4AaABAg.A9UspGYd_WVAKHL5bBhGRI,,7,"2025-07-07 14:26:25",@SebastianusEdward,"@MrIchithekillermana ada dia bangga main judi,hey kamu ga ngerti ya? dia lo udah berhenti judi dan mulai dari nol,ga bisa baca ya? banyak orang yang minim Literasi.bukan maksudnya menghina cuma jadi apa negara kita ke depannya klo kayak gini😢",1,UgxQFMce_rWEnCcL9VB4AaABAg,@AndiHidayat-r4x
UgxQFMce_rWEnCcL9VB4AaABAg.A9UspGYd_WVAKJrDM9swUA,,0,"2025-07-08 13:54:19",@kartikabahrisyafrizal2287,"Alhamdulillah dong ☺️ jgn lupa nimbun garem sama pete y 😂",1,UgxQFMce_rWEnCcL9VB4AaABAg,@AndiHidayat-r4x
UgxQFMce_rWEnCcL9VB4AaABAg.A9UspGYd_WVAL0mpfhAvGL,,0,"2025-07-26 00:41:49",@srimulyati5619,"​@siskaanggraeni9724 heh dia cuman ngingetin kocak",1,UgxQFMce_rWEnCcL9VB4AaABAg,@AndiHidayat-r4x
UgxQFMce_rWEnCcL9VB4AaABAg.A9UspGYd_WVALOc4e7X5L_,,0,"2025-08-04 06:49:39",@AndiHidayat-r4x,​@PainolChannel😂,1,UgxQFMce_rWEnCcL9VB4AaABAg,@AndiHidayat-r4x
UgxQFMce_rWEnCcL9VB4AaABAg.A9UspGYd_WVANLL6lm4dBv,,0,"2025-09-21 17:17:43",@dennyikhsanudin1298,​@MrIchithekillertolol,1,UgxQFMce_rWEnCcL9VB4AaABAg,@AndiHidayat-r4x
UgxQFMce_rWEnCcL9VB4AaABAg.A9UspGYd_WVAOVcaH860zn,,0,"2025-10-20 13:42:58",@coffechannel7434,"​@MrIchithekillerdia ngingetin kalo judi bahaya, dia korban nya. Bisa baca g sih",1,UgxQFMce_rWEnCcL9VB4AaABAg,@AndiHidayat-r4x
UgxQFMce_rWEnCcL9VB4AaABAg.A9UspGYd_WVAPgwKGdrVQP,,0,"2025-11-19 04:57:42",@itsnaara,​@MrIchithekiller-literasi,1,UgxQFMce_rWEnCcL9VB4AaABAg,@AndiHidayat-r4x
UgxQFMce_rWEnCcL9VB4AaABAg.A9UspGYd_WVAPoQDLrHaNC,,3,"2025-11-22 02:42:19",@ipulscooter1540,"Saya orang pekerja keras, saya tidakk bingung mau beli apa yang saya mau selallu megang uang, tabungan ada meski ngk banyak, aset sudah ada meskipun tidak banyak juga. Setelah kenall judol semuanya habis meskipun kerja keras hasilnya juga tidak ada malah menderita hutang sana-sini, setelah setelah sadar aset dan hasil kerja tidak ada, akhirnya saya sadar setelah semmuanya habis, alhamdulillah mulai sekkarang sadar mulai konsisten bayar hutang dan mulai menabung lagi alhamdulillah kerja dan hidup mulai tenang,intinya jangan pernah kenall judi, kemenangan terbesar adalah berhenti bejudii, semoga para pejudi online maupun ofline semoga cepet sadar. Sukses selalu buat kita semua🙏🙏🤲",1,UgxQFMce_rWEnCcL9VB4AaABAg,@AndiHidayat-r4x
UgxQFMce_rWEnCcL9VB4AaABAg.A9UspGYd_WVASvrYT4OJPw,,0,"2026-02-07 13:38:44",@miftahuljannah4405,l,1,UgxQFMce_rWEnCcL9VB4AaABAg,@AndiHidayat-r4x
UgwaZgewBgCkp73u9KJ4AaABAg,1,1,"2024-10-11 06:16:50",@sarge8224,"Suara isterinya nambah ribut😒",0,,
UgwaZgewBgCkp73u9KJ4AaABAg.A9RoEOuv6X7A9Sx00HsPEl,,1,"2024-10-11 16:52:46",@Daiz_Dais_Official,"Terima kasih kembali",1,UgwaZgewBgCkp73u9KJ4AaABAg,@sarge8224
Ugw-F0M89OHQTnIMR254AaABAg,2,1,"2024-10-10 02:41:30",@Roym.Sidabalok,"Ayo kita jangan main judi",0,,
Ugw-F0M89OHQTnIMR254AaABAg.A9OqnICZpqiA9Ow_dzhw-J,,1,"2024-10-10 03:32:04",@RizkyRiplay,"Betul sobb",1,Ugw-F0M89OHQTnIMR254AaABAg,@Roym.Sidabalok
Ugw-F0M89OHQTnIMR254AaABAg.A9OqnICZpqiA9Sx2vqXdbo,,1,"2024-10-11 16:53:10",@Daiz_Dais_Official,"​@RizkyRiplayTerima kasih kembali",1,Ugw-F0M89OHQTnIMR254AaABAg,@Roym.Sidabalok
Ugw9nV2q10TrJHKluYN4AaABAg,2,2,"2024-10-09 07:39:39",@AnindytaPanduPrameswari,"Wah di video ada bang rizki riplay di warung😅😊",0,,
Ugw9nV2q10TrJHKluYN4AaABAg.A9Mo7EfyfsQA9Mqwdgir4I,,2,"2024-10-09 08:04:17",@RizkyRiplay,"Bener sobb hehehee",1,Ugw9nV2q10TrJHKluYN4AaABAg,@AnindytaPanduPrameswari
Ugw9nV2q10TrJHKluYN4AaABAg.A9Mo7EfyfsQA9Sx6n-r8vl,,1,"2024-10-11 16:53:41",@Daiz_Dais_Official,"​@RizkyRiplayTerima kasih kembali",1,Ugw9nV2q10TrJHKluYN4AaABAg,@AnindytaPanduPrameswari
UgzkC2Ghr905_hSWi_Z4AaABAg,0,1,"2024-10-09 03:17:59",@Islathea,"yg dubbing karakter tiko ganti aja lah,ga enak di denger nya. udah medok,ngmngnya belibet,nada nya ga enak.. udah ganti aja. org kaya gitu kok bisa di jadiin dubbing karakter",0,,
Ugz2IfuJrKcQmrH82sp4AaABAg,0,1,"2024-10-08 10:41:12",@suryargatulmalang,"Trus bkin konten ini bang.. Biar sdar mereka yg blm dalam",0,,
UgwzooOoKWTEQOhtf3B4AaABAg,0,0,"2024-10-03 14:00:15",@Yulia13-b8g,"Intinya jauhi yg dilarang agama sekian dan trimakasih",0,,
UgzdQLvM96HqMy-csEN4AaABAg,1,0,"2024-10-02 07:44:51",@BangVinzzOfficiall,"JUDI HNYA UNTUK BERSENANG² BUKAN BUAT MATA PENCAHARIAN KADANG ORNG SALAH MENGARTIKAN",0,,
UgzdQLvM96HqMy-csEN4AaABAg.A94n96M3M6ZA94qC_yUibg,,0,"2024-10-02 08:11:32",@RizkyRiplay,"Bener sobb",1,UgzdQLvM96HqMy-csEN4AaABAg,@BangVinzzOfficiall
Ugz7L2ewalIHXFlXRXd4AaABAg,0,1,"2024-10-01 07:13:40",@AgusRiyadin-pj8qz,"Semangat terus bang bikin kontenya ❤❤❤",0,,
UgyfdcBFATQOXx0Vkkh4AaABAg,0,0,"2024-09-30 16:17:37",@ErnaSari-rz3lx,"Salfok sma istinya yg pkai sndal di dlm rumah",0,,
UgwvZdDNZXSqAKZaGSl4AaABAg,0,0,"2024-09-30 16:15:32",@ErnaSari-rz3lx,"Kok lucu bgt x pas dia nyalahin istrinya gara2 kmu ni hamil,emg dia gk nyadar pa klo istrinya hmil tu krna gara2 dia juga...",0,,
UgxH9SYAfAWBbBAQrzR4AaABAg,1,1,"2024-09-30 13:33:56",@MsantoHermawan,"semangat terus bang",0,,
UgxH9SYAfAWBbBAQrzR4AaABAg.A90GW9CCE0bA91Vw5U4TEI,,1,"2024-10-01 01:07:55",@RizkyRiplay,"Terimakasih banyak supportnya sobb",1,UgxH9SYAfAWBbBAQrzR4AaABAg,@MsantoHermawan
UgwRdH-109Ubc7HlucF4AaABAg,0,0,"2024-09-29 00:02:02",@kucing644,"Kek nya bukan di berantas ama pemerintah , malah di legalkan wkwkwkw",0,,
Ugz8x5A58WQljzm7pDN4AaABAg,0,0,"2024-09-28 14:52:42",@Yoryun,"Dari video ini Gw jadi ambil kesimpulan kalau zina/pacaran itu haram. Sekalinya masuk dan kemudian hamil, maka harus bertanggungjawab padahal belum siap MENDING PACARAN AMA ANIME!!",0,,
UgyQBH5mOkDwJzjXnfh4AaABAg,0,0,"2024-09-28 09:15:17",@RaffaSayid097,"Menang judi itu HOAAAKKSSS!!!!!!",0,,
UgyKZsVfJskxEl67erZ4AaABAg,0,0,"2024-09-28 05:10:21",@zalzabila1770,"Cinta ga bisa bikin kita kenyang..adek adek",0,,
Ugz1o2Rr1Y_Z1WcOviB4AaABAg,0,0,"2024-09-27 14:38:16",@epenofficial4195,"judul nya bkn karena judol sih, lebih karena susah cari kerja wkw",0,,
Ugyd6DyFYFrklQVH2fN4AaABAg,0,0,"2024-09-27 09:26:05",@BlackWhiteGX,"pelajaran uang bisa diambil disini jangan main ig karna ig banyak judol ny",0,,
Ugyx78F1hWAK7TQ3S6Z4AaABAg,0,1,"2024-09-26 12:00:51",@Galicia-q1i,"Good ending Cowoknya dapat lowongan kerja yang lapang,mempuyai gaji yang banyak, akhirnya cowoknya menjadi ayah yang bijaksana,dan mempunyai keluarga yang sangat baik dan kaya Bad ending Cowoknya dan ceweknya menjadi miskin akibat bandar judil,yang membuat cowoknya dan ceweknya menjadi sengsara di kehidupan nyata True ending Cowoknya kdrt dengan cewek yang di sayangi tetapi tidak semua nasib itu dinyatakan oleh manusia,ahkirnya dia ketahuan oleh pak ustad dan para polisi.akhirnya cowok itu melarikan diri dengan bermodal sendal jepit.ketika iya sedang berlari dia tidak melihat tukang cilor yang sedang menggoreng adonannya,dan akhirnya cowok merintih merintih kesakitan karna matanya kemasukan minyak.akhirnya ia ditangkap oleh kepolisian di lapas kelas 1.ketika sudah di sel cowoknya menjadi sangat amat gila karna judol.dia tidak melihat.tetapi melihat bayangannya sendiri",0,,
UgydHlGAPICLyOxXQmZ4AaABAg,0,1,"2024-09-25 13:49:46",@ArifahMuthmainnah,"Informasi dari cerita ini><jangan judi online><laluu><[]jgn mau berhubunggan badan kyk gty pesanku selalu jaga diri itu penting😊",0,,
UgwUgYZpeC5zLIUvtmV4AaABAg,0,0,"2024-09-25 10:54:15",@RessoXyc,"Lebih indah waktu all in ke kerja 😂",0,,
UgzI75MZFdwGZIKHcf14AaABAg,0,0,"2024-09-25 05:48:48",@justzlex8242,"suaranya mirip wielino jir?",0,,
Ugwz6TtRk32GXu8-6rJ4AaABAg,0,0,"2024-09-25 01:39:01",@NovalKhafa,"Ada di sekitar rumah yg ketagihan main judol, sampe rela nipu aku dg ngaku2 orang lain supaya dpt uang buat depo",0,,
Ugycj29zm2JMKYiAbXx4AaABAg,0,0,"2024-09-23 11:17:52",@ArsyaMarsana-k9b,"Langsung dapet 10t ampe gak main judi online😂",0,,
UgwxIsfStjG-QJ4s9d14AaABAg,0,1,"2024-09-23 10:14:12",@Ni-ki-k4j,Terakhir,0,,
UgzZi1lNp63UkVtR7oZ4AaABAg,0,0,"2024-09-23 04:26:34",@Zetasiac,"GWE KIRA HP GWE YG BERDERING BJIR",0,,
UgwRTERHQLMv-jnw5G14AaABAg,1,0,"2024-09-22 11:13:06",@remykota,"Kisah nyata atau fiksi???",0,,
UgwRTERHQLMv-jnw5G14AaABAg.A8gQ1bP7EH0A8yG52x6yTQ,,1,"2024-09-29 09:32:31",@Faishal33,"Fiksi tapi bermanfaat kaka😅",1,UgwRTERHQLMv-jnw5G14AaABAg,@remykota
Ugwv6604a83U9MIxLJJ4AaABAg,0,1,"2024-09-22 09:01:35",@Frostdaffdjo,"Itulah judi online Kalau menang ketagihan Kalau kalah kerugian",0,,
UgzYVPUlGjfhPGDVddp4AaABAg,0,0,"2024-09-22 01:48:20",@raihan21rahmat19,"Semangat bro untuk ngeedukasi orang orang yang kecanduan judi slot",0,,
UgzolBsJZate3YQwFM54AaABAg,0,1,"2024-09-19 18:31:07",@Pemulacrypto2,"Yg herannya kenapa judi online masih aktif sampai sekarang 😢",0,,
UgwSJ9BsUkHS4PXXg9Z4AaABAg,0,0,"2024-09-19 16:15:12",@mbagusalfatih,"Wkwkwkwkwkwk gacorr gacor",0,,
UgxUefNsizexTYsSX2R4AaABAg,1,0,"2024-09-18 04:38:18",@RUDIANA-GCS,"Halo bang Rizky",0,,
UgxUefNsizexTYsSX2R4AaABAg.A8WPfc4BsmiA8WQgXVutrz,,0,"2024-09-18 04:47:10",@RizkyRiplay,Haloo,1,UgxUefNsizexTYsSX2R4AaABAg,@RUDIANA-GCS
UgwcidQV9lqRQ75EID94AaABAg,0,0,"2024-09-17 15:15:48",@wahyukodok054,"Podo aku😢",0,,
UgztzWSJ4dP3nxMNjzl4AaABAg,0,0,"2024-09-17 12:48:51",@LukiMartin-zj7ut,"Masih mending lotere dari pada slot.",0,,
Ugwzi95tYSRd0tbk-0l4AaABAg,0,0,"2024-09-14 06:41:30",@Gaktau682,"11:22 gw kira itu kerang hijau",0,,
UgzEWudxfhLNnphKn6B4AaABAg,0,0,"2024-09-13 06:55:59",@triosyila,"scene di menit 8:57 benar2 ungkapan yang disajikan dengan halus, memang benar realita seperti itu, ada beberapa pengurus yg tidak mengelola dengan baik hal tersebut",0,,
Ugzv8S_MGia6LOV7-pV4AaABAg,1,0,"2024-09-11 08:01:28",@masbowo26,"saya paling bahagia ketika lihat player judol kalah banyak motor kejual ,rumah tangganya berantakan dan kerjaannya morat marit saya ketawain keras sekeras2nya karna mereka sering pamer hasil judi didepan saya padahal aslinya mereka kalah .paham mksdnya? mereka menang 3jt kalahnya sudah 1 motor vario + uang gajiannya",0,,
Ugzv8S_MGia6LOV7-pV4AaABAg.A8EkMSy9QklA8HLF-V87Hn,,0,"2024-09-12 08:10:59",@RizkyRiplay,"Wah Terimakasih banget kak sudah menonton, jangan lupa juga nonton video Rizky Riplay yang lainnya dan pantengin terus video terbaru dari kita",1,Ugzv8S_MGia6LOV7-pV4AaABAg,@masbowo26
UgwODzNaRvUEHJFBEyt4AaABAg,0,0,"2024-09-09 06:05:34",@uciminilarashati7260,"Jika kotak amal mau diambil berarti masjid tsb blm mampu memberdayakan masy dhuafa di sekitarnya.",0,,
UgxBK4ACQ-gG97eWFm54AaABAg,0,0,"2024-09-08 13:55:59",@chaidira62,"Kemenangan terbesar adalah berhenti berjudi karena yang main hanya bandar bukan pemain.kecuali kau punya ps jelas pemain yang bermain karena tak ada bandar didalam playstation.",0,,
Ugz7BohD8BmwP5jt4Qt4AaABAg,0,0,"2024-09-08 13:54:14",@chaidira62,"Sebelum bermain harus kita mengetahui siapa yang punya permainan dan siapa yang bermain secara automatis yang habis pemain dalam pemilik permainan.",0,,
UgwmNLOq4xs29hFsiOV4AaABAg,0,1,"2024-09-06 14:13:18",@cuteboystvchannel,"Ceritanya mirip banget sama kehidupan nyata saya min,mohon untuk teman2 jauhi judi online dan jauhi sex bebas sebelum menyesal",0,,
UgwBpC5_p7UJns2Zf7h4AaABAg,0,0,"2024-09-05 23:19:32",@thoriqaryadanu,"awalnya penasaran karena untung jadi ketagihan, pelajaran yang bisa kita ambil adalah, jangan jadi orang gobl*k kaya pemain judi online",0,,
UgxJ4nR1LhSMydVbPIV4AaABAg,0,0,"2024-09-05 16:47:53",@nicoyoshiki5026,"Mas kwe wong Sukoharjo too",0,,
Ugy_LzlB4H5QbrVQjjd4AaABAg,0,0,"2024-09-03 09:20:05",@EgiSetiawan-z8j,"FIKS GW GAK NIKAH RIBET🤣🤣",0,,
UgwXOrGrV4hlHrJWEwF4AaABAg,0,1,"2024-09-03 05:02:19",@heroesrise3127,"Gacor ha-ha-ha😂😂",0,,
UgxWjoqOcJ--0BZ5x_V4AaABAg,0,0,"2024-08-31 17:43:15",@devinovia9210,"Istrinya juga gak bisa apa apa kalau gtu gak usah jadi perempuan kalau pemalas tau minta minta kebanyakan cwo cari yang modelan gini",0,,
UgyyrMj9628u8UN1v3J4AaABAg,2,0,"2024-08-29 14:56:33",@Alpinapin-l9m,"gw main gk sampe segitu nya ko",0,,
UgyyrMj9628u8UN1v3J4AaABAg.A7j0XHFppa1A7k5mGlGXzl,,0,"2024-08-30 01:01:40",@AkuTau-r3u,"Duit haram wkwk tol*l",1,UgyyrMj9628u8UN1v3J4AaABAg,@Alpinapin-l9m
UgyyrMj9628u8UN1v3J4AaABAg.A7j0XHFppa1A7kc8Er-d6i,,0,"2024-08-30 05:53:10",@RizkyRiplay,"saran dari kami sih mending berhenti sebelum terlambat😅",1,UgyyrMj9628u8UN1v3J4AaABAg,@Alpinapin-l9m
UgzcMEIF0oubsUcftX94AaABAg,0,0,"2024-08-27 15:11:37",@Ridwan07797,"Gacor 😂😂😂😂😂",0,,
UgxM5DUXRBOPohInzuR4AaABAg,0,0,"2024-08-24 12:43:37",@ZR_yyy,"Masa depan hancur. mamak nya kurasa malu kli😮",0,,
Ugymx35_Yq-9Pj_At-t4AaABAg,0,0,"2024-08-22 18:19:10",@arumkhairiah20,"Pacaran, Zina, Perokok, Judi Online 😭",0,,
UgxWe4NyQokE7ulbnMp4AaABAg,0,0,"2024-08-20 10:08:25",@ucihalapanblas3234,"Kaga nymabung menurutku, kirain pas dia gajian terus main judol, itu baru masuk akal, lah cirita awal dia kan tak sengaja jatuhin hp, mknya di minta ganti rugi, 😂 realitas saja d mana² org cari kerja, pas di minta ganti rugi yaa klu bkn ngambil, yaa judol",0,,
Ugzj5asKUmOGjERJ2KJ4AaABAg,0,0,"2024-08-20 10:02:22",@ucihalapanblas3234,"Apabila tu hp oaga jatuh, apa dia mau jual motor sama main judol ?",0,,
UgzevorSGUQ4dpJCSDV4AaABAg,0,0,"2024-08-20 07:14:00",@Delshoko,"Yang penting berfikir sebelum bertindak!",0,,
UgzoWepe5DeFEt1S3Kt4AaABAg,0,0,"2024-08-19 07:11:37",@bintangaryukiano6170,"Telat 6 bulan",0,,
UgwGNb1lwjLbC6EkwaN4AaABAg,0,0,"2024-08-18 10:01:23",@ricardosinaga6285,"Judi membuat kamu kecanduan, tapi engg membuat kamu kaya.",0,,
Ugw-ThtmAViV_lP2ell4AaABAg,0,0,"2024-08-17 18:15:58",@cicilgeefde,"btw bang pke app apa annimasinya😅",0,,
UgwgyEFpQnbh1IUCCkh4AaABAg,0,0,"2024-08-17 07:54:55",@Bintang_mlyt,08:23,0,,
UgzJocqmXhbFOrybmF14AaABAg,0,0,"2024-08-16 20:25:32",@dewiAtlantis,"Akibat zina dn dpt istri yg cerewet dn kbnykn nuntut idh gtu klo ngomong k suami pke nada tinggi maklum lhh hamildun😅 akhirnya suami cr duit haram ... Laki2 klo lg stress gk ada jln keluar itu dinasehatin disuport atau didoain semoga rezekinya lancar doa istri yg sholeh kn d ijabah Allah ehh ini malah dimarahin terus akhirnya cie laki2 cr jalan yg salah 😢",0,,
UgxDKy5VZANUZCqzeqZ4AaABAg,0,0,"2024-08-13 08:06:54",@zakaria5628,"Mana bisa judi online diberantas,karnaaaaaaa,pemerintahan nya juga dapet duit dari judinya,",0,,
Ugzx71kErQIGYSpP7jV4AaABAg,0,0,"2024-08-13 06:40:30",@AliRidho01-w2y,"Akun anda kurang GACOR😭😭🤣🤣",0,,
Ugy0emGHP86PqwhtHRZ4AaABAg,0,0,"2024-08-12 17:36:24",@HabilMustamin,"Aku juga korban judi online",0,,
UgxwZrOqQIkT2s6YD_h4AaABAg,1,0,"2024-08-11 22:57:58",@Rendy_Atmaja19,"Intinya jgn 😢😢 Intinya bersyukur..intinya istri anak mkn ketimbang diri kita jika kita tidak mampu..",0,,
UgxwZrOqQIkT2s6YD_h4AaABAg.A70XJZN7wLPAVYJjSI5rJJ,,0,"2026-04-13 14:26:57",@anatharahadiplay,"Orang dah kena Judol seperti Tiko sepertinya dah Susah Untuk Diperbaiki harus dibawa ke RSJ",1,UgxwZrOqQIkT2s6YD_h4AaABAg,@Rendy_Atmaja19
UgzrGLZ5Ts7qDib_5bl4AaABAg,0,0,"2024-08-10 14:44:05",@Oracle60hd,"lah liat di 1:23 ada eror gitu",0,,
Ugwn6cXL9yDltPpazL54AaABAg,0,0,"2024-08-10 10:45:51",@TikoagilKaputra,"Anjir lah tiko lagi tiko lagi",0,,
UgwxEmag6k6fX50P5gh4AaABAg,0,0,"2024-08-10 09:58:26",@AasBawel-sx8nq,"Itulah wanita yang kurang memahami,",0,,
Ugwb7rMINMtvqLN2vqp4AaABAg,0,0,"2024-08-10 09:02:43",@alexsetiawan8638,"Ada itu paket iPhone",0,,
Ugwu1MBl5U-g3PguDdh4AaABAg,0,0,"2024-08-09 16:29:26",@memevideos2792,P,0,,
Ugx0VuK9XBze1V8tCy54AaABAg,0,0,"2024-08-09 13:26:04",@irputra2011,"Bagus bang semangat bikin kontennya🎉🎉",0,,
Ugw-eeIYeoXwBX156vZ4AaABAg,0,0,"2024-08-09 08:21:52",@wedasantika6079,"Seru nih pas kabur dari penangkapan eh malah kecelakaan...dan tetep aja ditangkap 😂",0,,
UgzuiEZvQoUBXIl7t2Z4AaABAg,0,0,"2024-08-09 03:47:14",@AzerSOHC,Gacor🤑🤑🤑,0,,
UgyOXBhyxlblsfv42jV4AaABAg,0,0,"2024-08-08 23:45:19",@DropitemFine,"ya saya harap jika saja ada yang bisa meretas judi online pasti orang"" gak bakal rugi sampe gila kyk gitu dan berakhir sampai penjara",0,,
Ugy3gnCkNpD7bxZABE94AaABAg,0,0,"2024-08-08 18:02:20",@Warunggame014,"Belom juga nyuri udah di sebut maling😂",0,,
UgyEkuqpUOGoeRA2okl4AaABAg,0,0,"2024-08-06 08:55:40",@SannyTabrani,"Ht2 agen judi slot merk 11bola penipu menang ga di byr.. moga tdk ad korban LG.. 11bola penipu",0,,
UgwxmOO3gtleEmlSCmd4AaABAg,0,0,"2024-08-06 08:07:43",@Masmikkeyofficial,"Mas info loker😅😁",0,,
Ugw23383yVxer5gsGwh4AaABAg,0,0,"2024-08-04 10:53:05",@AhmedJailani,"Matic suara diesell😅😂",0,,
UgwrjOxWpXUim6Sr5Ud4AaABAg,0,0,"2024-08-04 02:44:00",@hero-madz-ID,"Jadi jaan nikah dulu kalau ngk bisa tangung jawab",0,,
UgzN2QmyM5q3EQhJSM54AaABAg,0,0,"2024-08-02 01:25:44",@ban-banteng,"Kalo mau kaya kerja men bkn nya mlh judol dikit dikit gacor! Dikit dikit GACOTRRRR",0,,
UgxzeprQaOnt0W-7AEV4AaABAg,0,1,"2024-08-01 05:12:32",@zeldatirza-js4sg,"10:28 okay stop stop, both of you are guilty",0,,
UgzgjJdcpB5fbLtmJWd4AaABAg,0,1,"2024-07-30 11:52:12",@Wahyuni-wl7yb,"Jangan judi online!!! Pak jokowi mengingatkan tidak boleh judi online, kalo judi online bisa dapat bangsos atau bantuan sosial, banyak banget yang kecanduan judi online atau judol dan akhirnya ketangkep!",0,,
Ugyas3TwnQYsro6tszx4AaABAg,0,0,"2024-07-29 10:17:20",@someone_4453,"12:15 apa ga salah denger ni gua haha mana mungkin pemerintah bakal berantas judi online",0,,
Ugy_K39cGw_MCxyJT194AaABAg,0,1,"2024-07-29 05:22:33",@KEBONSIPUT,"Makanya jangan judol nanti otaknya jadi gila",0,,
UgzIgCHv3ALZ2jP795J4AaABAg,0,1,"2024-07-28 06:03:29",@SAPUTRAA_CH,"Mentang mentang disini yang di bahas judi online orang² yang sering main judi offline jgn senyam-senyum jangan kan judi online judi offline pun semua nya nipu Inget Judi=dosa Judi bisa bikin gila Judi=neraka Judi=tolol gila goblok Orang² yang suka judi di nasehatin bagaimana pun akan tetap bermain judi namanya juga mental pengemis",0,,
UgwrRJryxMoXT4lAWJt4AaABAg,0,2,"2024-07-27 08:19:58",@AYISYBAIHAQI,"bg rizki kalo bikin video itu g pernah bosan😆😆",0,,
UgxYe4ij08RIjZ8CvwN4AaABAg,0,0,"2024-07-26 12:06:14",@Goddhua_cup,"CARI DI G00GLE H0K1777",0,,
UgyljRDyIaqJBczxuO54AaABAg,0,0,"2024-07-26 12:05:17",@kingaryan470,"💎H0KI77７ GAK ADA OBAT BOSKU💎",0,,
UgzIdI-y8Ni1m3f3VcJ4AaABAg,0,0,"2024-07-26 12:04:15",@GHOSTFREEFIREMAX,"lagi pecah banyak di H0KI777",0,,
UgzqsGkfLTl7zqPd4lx4AaABAg,0,0,"2024-07-26 12:04:13",@chunaravagharirajeshbhai1784,"lagi viral main di H0K1777",0,,
UgxptvPIqgJQrPLfDo14AaABAg,0,0,"2024-07-24 14:32:30",@muhammedbasheer1173,"🎁MAIN DISINI DI PASTI CUAN H0KI777🎁",0,,
UgxxUun1-UIF6QlEFeZ4AaABAg,0,0,"2024-07-24 14:27:33",@M1NX_789,"H0K1 7 7 7 MODAL KECIL AJA CUKUP",0,,
UgxKDy7LKwUiwsjyQjV4AaABAg,0,0,"2024-07-24 14:19:55",@farryawmyt3547,"💎H0KI77７ GAK ADA OBAT BOSKU💎",0,,
UgwkRdikomyNF5pZEmh4AaABAg,0,0,"2024-07-24 14:11:56",@pratibapradhan9206,🔑H0KI777🔑,0,,
UgwymrUoovcxx2skGxt4AaABAg,0,0,"2024-07-23 16:41:55",@Boboiboy12.,"jauhi judol dekati janda bahenol😋",0,,
UgzrII8kBXUd7qZlpy94AaABAg,0,0,"2024-07-23 14:02:16",@742zvl3,"Player judol secara sukarela memakmurkan negara kamboja😂",0,,
UgwTAcsxgejqux-ZSYN4AaABAg,0,0,"2024-07-22 14:09:34",@Who4reYou1,"1:26 kaki tiko kejang",0,,
Ugz5mZjtflj74zxySZt4AaABAg,0,1,"2024-07-22 06:42:37",@muhammadajiprasetya5299,"500 lgi tuh naik 4jt",0,,
UgySFY8_S-1xDCJ8Grp4AaABAg,0,1,"2024-07-22 04:50:46",@aminnurakbar-uq2kg,"Judol itu 100 persen setingan, smakin lama lu brmain ,smakin licik alogaritmanya. Coba anda hina hina admin slot di livechat situs atau anda komen2 jelek mereka di youtube seperti saya .maka makin dendam mereka ama anda ,,gini cara trbaik untuk stop ,,, anda akan rasakan yg namnya deposit 30 puluh kali kalah terus tanpa wd ., stop kawan . Pangalaman saya dulu.",0,,
UgwXW4CJa4x24W6cvod4AaABAg,0,0,"2024-07-21 16:34:16",@ida44ful,"Tapi beneran penasaran deh, emang judol secandu itu yaa?",0,,
UgzGDqzwqqNvqlXJJNt4AaABAg,0,1,"2024-07-21 13:48:15",@ajengmaulidya5695,"Suara suami nya",0,,
UgyCzW0g3HMz_psfHH94AaABAg,0,0,"2024-07-21 13:48:02",@ajengmaulidya5695,"Suaranya lucu😂",0,,
Ugyze1iMFvavhHTGMhJ4AaABAg,0,4,"2024-07-21 03:28:41",@RayyanAbidzar-nw5qm,"tadi aku liat paketnya jatuh dijalanan",0,,
UgwuvnWxO4lXIhtX5Nd4AaABAg,0,0,"2024-07-20 11:10:03",@guntursumilih3034,"Kayaknya pak Rungkat bakal meninggal",0,,
Ugy8EeRWTvgJNiPXiQZ4AaABAg,0,0,"2024-07-19 07:19:29",@NataDinata-k8d,"Temen ku kenak judi online, pertama dia menang banyak tapi lama kelamaan hancur hidupnya karena hutang, sampai rumah dijual",0,,
UgzDTKe-K1Ot3jGJOap4AaABAg,0,2,"2024-07-18 10:52:00",@rpradillah,"""SEMOGA JUDI ONLINE INI SEGERA DI BERANTAS PEMERINTAH"" - Polisi 2024",0,,
UgzNad0vNCw65KSyreV4AaABAg,0,1,"2024-07-18 06:51:43",@raaa_gamers01,"Pasti kak risky suka snack tango ya 😅🗿",0,,
Ugw54qS-Ov0F64gHvSV4AaABAg,0,0,"2024-07-16 13:49:01",@rachelcintyasagala5046,"Upload lagi dong kak",0,,
UgzZbU9ml1EHP9aE1CZ4AaABAg,0,0,"2024-07-16 11:49:17",@AqilaSipa,Hai,0,,
Ugzh6Ndlpge-96Qhz5x4AaABAg,0,0,"2024-07-15 14:25:47",@hodegames,"gacor bos main di situ resmi 99slot gogle",0,,
UgwQVLt81S2BLGKUL5Z4AaABAg,0,0,"2024-07-15 05:54:59",@kenziebahy217,"Kalau sekarang dapet sembako dari pemerintah",0,,
Ugy6dHS53mSAc2Vf7OJ4AaABAg,0,0,"2024-07-15 01:09:09",@akalsehatakalsehat9499,"Sial banget",0,,
Ugw6jq9r2yMyBRGnDGl4AaABAg,0,0,"2024-07-14 11:29:53",@SwiftShusiIsMyFavoriteYoutuber,"Bjir pas 1 menit kaki nya ngeglict",0,,
UgxihJ2WG2yJG9T_cDJ4AaABAg,0,0,"2024-07-14 09:42:51",@HaikalUbaid,#horor,0,,
UgzNl1IraEUd2xSauPl4AaABAg,0,0,"2024-07-14 08:01:14",@liiaameliia351,"Indoapril 😂",0,,
UgyKDblzoQqupTjbOYd4AaABAg,0,1,"2024-07-14 06:29:21",@unknownfoolman,"Beli makanan pake uang haram, makanannya itu palingan jadi haram Apalagi berangkat umrah pake uang haram, udah pasti gk diterima Allah",0,,
UgzlfzTl2X7-41xpiLF4AaABAg,0,0,"2024-07-14 04:47:05",@Nananana-sn1ly,"Sebenernya ini akar permasalahannya bukan judol tapi akibat pergaulan bebas 😅",0,,
UgxkDedjSSEg4qloejV4AaABAg,0,0,"2024-07-14 03:14:39",@ikmalkerenn,"bayinya besar banget",0,,
Ugy9UXx_N7EN9PYzO7J4AaABAg,1,0,"2024-07-13 11:25:10",@PurwatiNingseh-kt2hq,"Istri: ini halal kan uang nya? ME: HAMIL DILUAR NIKAH HALAL GAK😢",0,,
Ugy9UXx_N7EN9PYzO7J4AaABAg.A5pbyrbX8C7A5qw6fVYzdl,,0,"2024-07-13 23:40:22",@Fíìizell,"Itu udah nikah bodo",1,Ugy9UXx_N7EN9PYzO7J4AaABAg,@PurwatiNingseh-kt2hq
Ugy11jdUlMdIvJnw5gB4AaABAg,0,1,"2024-07-13 09:14:04",@jamaluddintoddo9052,Ngeri',0,,
UgwhMPmzxZcI10yHnQ14AaABAg,0,0,"2024-07-11 15:38:25",@DodiPrastowo,"tolong para hacker bantu pemerintah retas judi online supaya bandar di bikin bangkrut",0,,
UgwjLStCkmR2JGZIpjB4AaABAg,0,0,"2024-07-10 15:33:58",@SindaSana-x3v,Gacor2,0,,
UgyNknAG0P7_7H63n9R4AaABAg,0,1,"2024-07-10 07:21:24",@nonamee3-1,"Hadir bg",0,,
Ugzb3yBbSuALPmf0F3p4AaABAg,0,0,"2024-07-08 10:01:41",@ressawahyudi4929,L,0,,
UgxYSVEZua5qs2cKanB4AaABAg,0,0,"2024-07-08 08:28:51",@alfinsafari1813,"Lebih enak main mobeleged dari pada slott kalau mobeleged gak top up juga gpp",0,,
UgwuI7hABZZqloZNLeB4AaABAg,0,0,"2024-07-08 03:33:21",@Mondycan,"Gila dihamilin siapa tuh anak ada lulus SMA langsung dihamilin kayak gitu kawin dulu woi udah belum kawin dulu woi ini aku bikin nanti kalau ada yang lihat ikutin juga tuh diikutin tuh kayak gini tapi aku suka Rizki semoga 100 juta miliar ya yang penontonnya kalian harus nonton part 2-nya😊😊😊😊",0,,
UgywyMJam8xqiQjKxUd4AaABAg,0,0,"2024-07-07 06:37:30",@Galang154,"Woi tu lihat lu semua yg nonton stop lu pada main judi",0,,
Ugw8ilQgPNLxtQLt4G54AaABAg,0,0,"2024-07-06 23:23:14",@nurulhendri1865,"Suara dubbernya kaya saka tatal bjir😂",0,,
UgyVyEqADEJVbHJBJ-F4AaABAg,1,1,"2024-07-03 08:48:17",@Evos_554,"Ingat judi membuat kalian miskin Makanya judi itu di bolehkan untuk yang non muslim ok?",0,,
UgyVyEqADEJVbHJBJ-F4AaABAg.A5Qa4AaAu0KA5UqEOyQViF,,0,"2024-07-05 00:26:28",@CodetNefetariVivi,"Saitamek dengerin... Bahkan nonis juga gabole judi... Sama aja pemborosan",1,UgyVyEqADEJVbHJBJ-F4AaABAg,@Evos_554
Ugw5WN4l4jMCosRyU9l4AaABAg,0,1,"2024-07-02 23:52:29",@Rania02-z3o,"Sampingannya sama kyk punya ibuku😭",0,,
Ugyare9BTBUnE6s0EEB4AaABAg,0,1,"2024-07-02 02:31:07",@Iqbalartiza,"Judi itu haram bagi orang islam",0,,
UgwdJIvsqfWU6DrWuMp4AaABAg,0,0,"2024-07-02 02:17:55",@Niswakelem1409,"صفاذبش إف غضب في العالم 😂❤點點點滴滴滴水晶瑩鎧唷",0,,
UgxQVzEbVGKlegVM6Et4AaABAg,0,0,"2024-07-01 20:49:38",@HAJINGESLOT,"Alhamdulillah udah sadar sepenuhnya, umur 17thn bisa ngabisin kurleb 8jt/bulan. nominal segitu untuk remaja seusia saya sudah besar apalagi saya blum kerja. setelah terlepas dari jud0l hidup lebih tenang, uang bisa di pake buat nabung, buat makan, beli rokok tanpa harus mikirin setengah buat ini setengah buat depo.",0,,
UgwkYMmsP2df1LshFRJ4AaABAg,0,0,"2024-07-01 06:56:52",@ban-banteng,"Dimensi nyata:indomaret Dimensi lain:indoapril",0,,
Ugz5lmnjGxS6btOP3I14AaABAg,0,0,"2024-06-28 09:54:13",@pamalayu,"Pin dong bang",0,,
UgwbtKucMNxag-UjTYV4AaABAg,0,0,"2024-06-28 09:43:06",@GuntuKucluk,"Bang ko suara cewe nya ada brapa ya 😅😅",0,,
UgzwEoFCax2pFhdkQJ14AaABAg,0,0,"2024-06-28 09:18:59",@anitaoktavia9450,Rungkad,0,,
UgzxsvujZjxh32sRp6Z4AaABAg,0,0,"2024-06-27 19:14:52",@rohmandevills9978,"Kisah nyata apa gk ini bang? 😭😭",0,,
UgwO349ehdoXWk1fREx4AaABAg,0,1,"2024-06-27 09:08:01",@AnnisaFebrianti-r9k,"Gegara judi online rumah tangga ancur utang dimana-mana 😢",0,,
UgxyuUp1dfJcZi7o_4F4AaABAg,0,1,"2024-06-27 07:51:39",@nopi_ot,"artinya uang haram 🐷",0,,
Ugwan3ULhWyeC4RwRdB4AaABAg,0,0,"2024-06-27 05:47:26",@MahmudiMuday-mu2ym,"Kurang adegan gagal bayar pijol biar lengkap",0,,
UgxKsw4EiH0eHVNwjux4AaABAg,0,2,"2024-06-26 07:26:11",@MuhammadDevandra-ix7jp,"Kealamin di hidup aku juga . Mantan suami main slot smpe hidupnya susah beras seliter aja dia jual demi maen slot slot. Bikin dia males gamau kerja dikamar bangun sore terus .. smpe kepusingan dia ngobat dan bawa cewe ke kamarnya. Allah maha baik allah kasi tau ke aku. Dan akhirnya aku milih cerai",0,,
UgyAgeW7vLdiVK554yp4AaABAg,10,17,"2024-06-26 01:51:58",@KomangYasaMas,"Nggak ada orang kaya karena judi",0,,
UgyAgeW7vLdiVK554yp4AaABAg.A57orobXvCeA5LnIsZnfUs,,0,"2024-07-01 12:07:41",@NicoGaming-tx6un,"Iya yang ada org miskin krna judi",1,UgyAgeW7vLdiVK554yp4AaABAg,@KomangYasaMas
UgyAgeW7vLdiVK554yp4AaABAg.A57orobXvCeA5T3GC2nB8e,,2,"2024-07-04 07:50:33",@ratuselatan8158,"Ada yang kaya karena judi, yaitu hanya kartel judi dan narkoba yang kaya",1,UgyAgeW7vLdiVK554yp4AaABAg,@KomangYasaMas
UgyAgeW7vLdiVK554yp4AaABAg.A57orobXvCeA5VGDmnWvKO,,1,"2024-07-05 04:22:18",@al_aja1234,"Dikit dikit kartel😸😹​@ratuselatan8158",1,UgyAgeW7vLdiVK554yp4AaABAg,@KomangYasaMas
UgyAgeW7vLdiVK554yp4AaABAg.A57orobXvCeA8jHsDDssOE,,0,"2024-09-23 13:59:30",@MintaAjaDulu,"Ada, bandar judinya jadi kaya",1,UgyAgeW7vLdiVK554yp4AaABAg,@KomangYasaMas
UgyAgeW7vLdiVK554yp4AaABAg.A57orobXvCeAAFyq7vMeba,,1,"2024-10-31 12:30:01",@Sonnn771,"Ada, tapi bukan judi online, judi langsung",1,UgyAgeW7vLdiVK554yp4AaABAg,@KomangYasaMas
UgyAgeW7vLdiVK554yp4AaABAg.A57orobXvCeAAY7id9fzcw,,0,"2024-11-07 13:42:42",@AsmaFazila,"top komen",1,UgyAgeW7vLdiVK554yp4AaABAg,@KomangYasaMas
UgyAgeW7vLdiVK554yp4AaABAg.A57orobXvCeAAbAPNS-QcG,,0,"2024-11-09 03:23:07",@investormuda21,"bandar bilek: 😂😂😂💸",1,UgyAgeW7vLdiVK554yp4AaABAg,@KomangYasaMas
UgyAgeW7vLdiVK554yp4AaABAg.A57orobXvCeAAwvzx9Zm30,,0,"2024-11-17 14:11:43",@NEONYMUS1509,"Tidak semua orang kaya karna berjudi kawan",1,UgyAgeW7vLdiVK554yp4AaABAg,@KomangYasaMas
UgyAgeW7vLdiVK554yp4AaABAg.A57orobXvCeAIloTWMZvdu,,0,"2025-05-31 02:45:30",@RishanRishan-h6f,"Ada bandar dan orang promosi judinya",1,UgyAgeW7vLdiVK554yp4AaABAg,@KomangYasaMas
UgyAgeW7vLdiVK554yp4AaABAg.A57orobXvCeAJC7JyvEPij,,0,"2025-06-10 17:18:27",@HitMan-fx4yy,"Ya ada lah, bandarnya noh pada kaya banyak duit hasil dari orang orang miskin yang kecanduan judol 😅😂",1,UgyAgeW7vLdiVK554yp4AaABAg,@KomangYasaMas
UgzfDNMKswvi7wcUmUR4AaABAg,10,509,"2024-06-25 11:25:22",@NicholasRitzsetiawan,"Pesan moral: 1.hati² dalam pilih temen 2.jauhi pergaulan bebas 3.jauhi judol",0,,
UgzfDNMKswvi7wcUmUR4AaABAg.A56GggjLe7GA6QSoEUQIMo,,4,"2024-07-28 04:07:28",@NicholasRitzsetiawan,"Sama aja",1,UgzfDNMKswvi7wcUmUR4AaABAg,@NicholasRitzsetiawan
UgzfDNMKswvi7wcUmUR4AaABAg.A56GggjLe7GA6fBKzsHKlb,,0,"2024-08-03 06:42:38",@SpoonFULL_cup,"​@kristiananingsihningsih154 judol = judi online",1,UgzfDNMKswvi7wcUmUR4AaABAg,@NicholasRitzsetiawan
UgzfDNMKswvi7wcUmUR4AaABAg.A56GggjLe7GA9ZiIUDeyCG,,0,"2024-10-14 07:58:53",@KnjutsReal,"​@kristiananingsihningsih154adek pp nya ganti dulu sana",1,UgzfDNMKswvi7wcUmUR4AaABAg,@NicholasRitzsetiawan
UgzfDNMKswvi7wcUmUR4AaABAg.A56GggjLe7GABunJ30bJMU,,0,"2024-12-11 14:48:44",@pekoke-yb8us,"​@kristiananingsihningsih154judol itu Judi Online",1,UgzfDNMKswvi7wcUmUR4AaABAg,@NicholasRitzsetiawan
UgzfDNMKswvi7wcUmUR4AaABAg.A56GggjLe7GAC1V8T1wP7y,,2,"2024-12-14 14:35:11",@nicolasputra4627,"Kalau dilingkungan judi , mau sekuat apapun tetap bakal tergoda",1,UgzfDNMKswvi7wcUmUR4AaABAg,@NicholasRitzsetiawan
UgzfDNMKswvi7wcUmUR4AaABAg.A56GggjLe7GACrbz4lA7ow,,7,"2025-01-04 05:43:26",@nendihidayat1001,"1 lagi bang,kalo blm ada kerjaan tetap Jangan nikah dulu",1,UgzfDNMKswvi7wcUmUR4AaABAg,@NicholasRitzsetiawan
UgzfDNMKswvi7wcUmUR4AaABAg.A56GggjLe7GAGEER3eQhDb,,0,"2025-03-28 23:24:53",@rezasaputra6894,"​@nendihidayat1001bener bro",1,UgzfDNMKswvi7wcUmUR4AaABAg,@NicholasRitzsetiawan
UgzfDNMKswvi7wcUmUR4AaABAg.A56GggjLe7GAGMIMMY8ZXl,,1,"2025-04-01 02:33:07",@UnshatteredBlizzard028,"Okay,okay,i got it!",1,UgzfDNMKswvi7wcUmUR4AaABAg,@NicholasRitzsetiawan
UgzfDNMKswvi7wcUmUR4AaABAg.A56GggjLe7GAJeCo0SsnOW,,3,"2025-06-22 00:24:21",@NadineVeralia,"Iya aku setuju, makasih ya infonya🤭💝",1,UgzfDNMKswvi7wcUmUR4AaABAg,@NicholasRitzsetiawan
UgzfDNMKswvi7wcUmUR4AaABAg.A56GggjLe7GAQsZY_S92k2,,0,"2025-12-18 13:52:13",@danuramanda,"Terima kasih sangat bermanfaat",1,UgzfDNMKswvi7wcUmUR4AaABAg,@NicholasRitzsetiawan
Ugx5Ea91kXnShLp88HZ4AaABAg,0,0,"2024-06-24 23:39:01",@Reza_maulana-w1z,"Gw reza kelas 10smk keluarga gw hancur gara gara ayah gw main slot kemaren malam gw nyoba slot emang awalnya di kasih menang cuma abis itu ga bakal di kasih jadi gw abisin tabungan gw buat slot dan gw berhenti slot karena tau ga bakal wd lagi cuma orng bego yg lanjutin main slot",0,,
UgyswfKhjHcLDetjgoV4AaABAg,0,0,"2024-06-24 01:04:27",@RAA-AAR14,"Ada hikmah nya ada juga kita terhibur 😅",0,,
UgxRN1VRn3rVlTTwzt54AaABAg,0,0,"2024-06-23 18:00:18",@tonibagus1884,"Emang pemerintah mau berantas judol??",0,,
Ugw3KgZJ8Iq0e2E5IZx4AaABAg,0,0,"2024-06-23 14:16:11",@messi1234-Zone,"5:06 😊",0,,
Ugyv3rp05jMMmg7juR94AaABAg,0,0,"2024-06-23 14:15:02",@messi1234-Zone,"3:48 kasihan😢",0,,
Ugyonbc__j9OlvV7Bbt4AaABAg,0,0,"2024-06-22 08:53:04",@gojigeming0120,"Petir petir",0,,
UgzTf4hi6BvFuovJSxd4AaABAg,0,0,"2024-06-21 09:43:24",@Bawakalemsluuur,"Fakta,maxwin sebetulnya itu berhenti bermain atau lawan rasa penasaran akibat slot dan sebagainya,saya termasuk korban dari rasa penasaran itu sampe habis puluhan juta,itu fakta bukan cerita 😢",0,,
Ugz5tyWkxYLUyjBlBH14AaABAg,0,0,"2024-06-21 03:49:14",@happysalma-uu1dt,Indoapril😂,0,,
Ugzd1QfswdHJcP9SyUl4AaABAg,0,0,"2024-06-20 11:43:56",@PUTRAAA_STORE,"Miris gua liatnya admin slot udah dimana2😢",0,,
UgyUIs8oKXlry_HkuHl4AaABAg,0,0,"2024-06-20 11:43:34",@PUTRAAA_STORE,"Ayo brantas bersama judi online💪",0,,
UgwhN2H2XVRcboNp1od4AaABAg,1,0,"2024-06-20 01:56:45",@nurulrofa8186,😭😭😭😭😁😁,0,,
UgwhN2H2XVRcboNp1od4AaABAg.A4tNdZrJq90A4tX7ic7Y9a,,1,"2024-06-20 03:19:39",@nurulrofa8186,"Maksih ya RIZKY RIPLAY sehat selalu semoga vidonya makin rame ya bang RIZKY RIPLAY😁😁",1,UgwhN2H2XVRcboNp1od4AaABAg,@nurulrofa8186
UgwymWkti24Qbh1UHqJ4AaABAg,0,2,"2024-06-19 07:25:00",@wargabumi3758,"Tenang nnti kan korban judol bakal dapet bansos jadi gak ada yang gila lagi",0,,
UgytF0e6qduH7kLCSDZ4AaABAg,0,0,"2024-06-19 04:58:02",@jezztechnik6056,"Fakta di dunia nyata 😔😔😔😔😔😔😔😔😔😔",0,,
Ugz-3vvQ5YUVS51UxLl4AaABAg,0,0,"2024-06-18 10:13:29",@AriefDoanks,"Real ini anjirrr, scammm",0,,
Ugyz_wer6TcwZE4j6jx4AaABAg,0,0,"2024-06-17 07:54:23",@muhammadnurmahdhi8625,"bagus banget ini video videonya. sangat memberi manfaat",0,,
UgwqbupaJi94BQdassd4AaABAg,0,1,"2024-06-14 14:48:13",@reynameliyana,"nih aku kasih tauu wakk gengs, judi ini hanya hiburan sesaat kalo kecanduan jgn salahkan judinya ini sama macam nonton bokep mau berantas itu dari hal kecil ajaa kebiasa bokep",0,,
UgwbTICtSw3qQ4K2sPd4AaABAg,0,0,"2024-06-14 13:24:17",@koyboiii,"knpa namanya iko anjr nm pnggilan gua😢",0,,
UgxvRUY_ZneBHbr_92d4AaABAg,0,22,"2024-06-14 12:17:31",@YudiWahyudi-y8v,"Ceritanya mantap bang Krn di baliknya tersimpan hikma yg bisa di petik,intinya berusaha cari uang sypa org2 disekeliling kita tak pandang sebelah mata.bangunlah cinta di atas rmh tangga spya keluargamu bahagia,dan jangan membuat yg aneh2 klo blm siap tanggungjawab",0,,
Ugydv4v3gHoZC-Yxysl4AaABAg,0,0,"2024-06-14 11:02:54",@ramdanyfranky3777,"Bagusan grafiknya dhot disegn ya bro",0,,
UgxjziqdV8Xkj0bD_dl4AaABAg,0,1,"2024-06-13 08:14:31",@iniimunareal,"aduh telatt 4 bulan yang lalu😞,sukses teruss mas😻😻",0,,
Ugw-OfBf-E6sRitvlRl4AaABAg,0,0,"2024-06-10 23:40:12",@Ekawijaya367,"Untung gua sudah terlepas dari 7 cewek yang ngaku ngaku di hamilin sama gua 😌☹️",0,,
UgykrA8-jnhYWktRq3h4AaABAg,0,0,"2024-06-10 11:42:36",@Rdokumes,"Keren di endorse sm tanggo",0,,
UgxVkxqw0SUTgEhSfJN4AaABAg,0,0,"2024-06-09 07:50:07",@aangsuryadi2156,"itu #gacor77 #dewagg ko ga di blokir pak #kapolri masih banyak situs judi sliweran di iklan",0,,
Ugzp6EUjCkzOoEY5o_Z4AaABAg,0,1,"2024-06-06 18:56:02",@muhammadnurarifin554,"gw juga hampir mati gara² judi bng",0,,
UgyRkFsQNI2dJqprBoh4AaABAg,0,0,"2024-06-05 11:41:30",@donny5254,Test,0,,
UgwRRYya9uHEzAikk8x4AaABAg,0,0,"2024-06-05 10:02:53",@labidulloh29,"Nga sesimpel itu moral nya",0,,
Ugyh883p59TB3LdmZpJ4AaABAg,0,0,"2024-06-04 10:18:27",@WahidinAlbrani-oi2tl,"Bayi nya gede banget, btw semangat yaa",0,,
UgxaAaqEZCiR0Dc2sKx4AaABAg,0,0,"2024-06-04 09:35:29",@fadilazis685,GACOR🤣🤣🤣,0,,
Ugxm_4Qj6pmDP0PD8Bl4AaABAg,0,0,"2024-06-04 06:20:03",@VRajawali,"Jadi keinget lagu judi",0,,
Ugxm3b7TK-pD9oK0y294AaABAg,0,0,"2024-06-04 05:54:46",@juhairiahyusna9931,"Kalau ada uang akur 😂😂😂 suami istri ini, kalo ga ada uang ribut berdebat",0,,
UgywDXASE2wFRjM26ht4AaABAg,0,0,"2024-06-04 05:48:19",@juhairiahyusna9931,Mantap,0,,
UgyoGyzAsraBTy3QEp14AaABAg,0,0,"2024-06-04 03:19:17",@IvanNakal-bp7np,"smakin banyak ya smakin bnyak byaranya karna hitunganya per biji",0,,
UgzLGSo3nM-eptWqxrB4AaABAg,0,0,"2024-06-04 02:45:04",@kemalelshiddiqi7806,"Bermula dari pacaran terlalu ngebet dan supaya dibilang keren sma temen2 di sekolah 😂😂😂",0,,
UgwGd3QptKcjoAXCX4x4AaABAg,1,0,"2024-06-02 10:43:45",@BudiSekiya-ec1mo,"Animasi nya kaku ..cerita b aja",0,,
UgwGd3QptKcjoAXCX4x4AaABAg.A4AydigBAn3A4Q30URC6um,,1,"2024-06-08 07:19:18",@OhMyBell01,"Emang lu bisa buat KEK GINI?! Roasting elit Bikin animasi yg bagus sulit",1,UgwGd3QptKcjoAXCX4x4AaABAg,@BudiSekiya-ec1mo
UgyYokD8Ef9d8Hv6ts14AaABAg,0,0,"2024-06-01 04:18:23",@JaemiinNa,"6:23 real cuy (bukan yg judi ya)",0,,
Ugz1ZjBCIT1yexzNlk54AaABAg,1,0,"2024-06-01 01:14:03",@lopcliz8190,"Gra""nya bukan judol tapi gara"" paketan jatuh .. trs suruh ganti 😅",0,,
Ugz1ZjBCIT1yexzNlk54AaABAg.A47NeGpdka5A47iGseP4FX,,0,"2024-06-01 04:22:58",@JaemiinNa,"lah iya duit ganti paketan itu gmn ya..",1,Ugz1ZjBCIT1yexzNlk54AaABAg,@lopcliz8190
Ugzbfs60oOyC9JF4hUd4AaABAg,0,0,"2024-05-31 08:29:32",@rohib-q6m,"Gua kira telpon nya di hp gue",0,,
UgzHExehusfg0Af3tx94AaABAg,0,0,"2024-05-31 02:24:01",@Denzzbus,"Banyak pesan yang harus di ambil",0,,
UgzoZ5ThYDWRfehUZbR4AaABAg,0,0,"2024-05-30 08:01:23",@josart1325,"Kaya kenal jalan perematannya, jaln di purinh ya?",0,,
UgyhtmxvG_k42ZgLMW14AaABAg,0,0,"2024-05-29 10:37:30",@shuii.purba17,"Pin bang",0,,
Ugxs0seJKEORn2_4CEN4AaABAg,0,2,"2024-05-29 07:46:51",@VinzooCurut,"Tidak pernah ada cerita seorang penjudi menjadi kaya,ingat itu ya teman"" Selalu dijaga dan selalu istighfar, jangan lupa untuk selalu sholat❤️",0,,
UgwK-8-SHjyNBt-TEEJ4AaABAg,0,0,"2024-05-29 06:32:23",@lea.ahyeon,"pesan yg bisa gw ambil 1. jauhi zina 2. jauhi judi 3. jd istri yg slalu support suami di masa"" terpuruk 😁🙏",0,,
UgzdDKLzJqkvO0vFIT94AaABAg,0,1,"2024-05-28 10:33:03",@NextJack-s1b,"algoritma judi bisa di bikin sama anak programmer. yang mainin aja gampang di tipu bisa bisa nya ngasih duit ke orang.",0,,
Ugy_1zSKDo21v5wWujx4AaABAg,0,0,"2024-05-28 09:04:29",@NatxzydailyTRMichinevers61,"2:14 Plot twist:Itu paket hp boongan",0,,
UgySxy0vBL0s34XtPIp4AaABAg,0,0,"2024-05-27 10:18:02",@kembarankembar3512,"Tumben bang Rizky di sini g pelit ngasih tanggo😂",0,,
Ugzd5w-Fk8ECZiMMlq14AaABAg,0,0,"2024-05-27 08:23:28",@zeecrzy,"Awal dri ke hancuran tuh wkwk manis pas ngarep pait nk mburi",0,,
Ugxb5_qBgJFwdJB9tth4AaABAg,0,1,"2024-05-23 14:02:16",@PabloTheChallenger,"Pas yg ringtone gw kirain hape gw yg bunyi jir",0,,
UgxUdFB6EAjlM9NU0Ah4AaABAg,0,0,"2024-05-22 11:13:03",@bobyrizky5670,"Gw udah pernah tu nyelot sekali modal 30 ribu an itupun ikut²an cuman modal mencet² doang dah tu habis untung kagak rugi iya pepek emng slot88",0,,
UgzGuAdqavnatuF9a5x4AaABAg,0,11,"2024-05-22 01:34:14",@smtoonentertainment,"Dari ini kita belajar bahwa kalo mau dapat uang ya usaha karna rezeki kita sudah di atur sama Tuhan dan kita tinggal mengejar rezeki tersebut dengan jujur",0,,
UgxCHt5vzgzp1Xr7cTh4AaABAg,0,0,"2024-05-21 07:46:50",@Dark_GTPS,"hahaha gacor",0,,
UgyMvMaSwPr5QmJWyJZ4AaABAg,0,0,"2024-05-20 22:48:34",@Spikezzzzzzzzzzzzzzzzzzzz89,Wdh,0,,
UgyiOUlfN73x82es44l4AaABAg,0,0,"2024-05-20 10:22:00",@YORUNOAME-IS-RAIN-IN-THE-NIGHT,"Pokoknya jangan ngentot dulu kalo blom siap punya anak dan kalo gak bisa nyari duit yang bener jangan judi🗿🗿",0,,
Ugw67cbBxtXsCE1tlX94AaABAg,0,0,"2024-05-20 08:48:01",@FahrijebeWngsaff,"ENDINGNYA malah ketumpah minyak🗿",0,,
UgyF7CzfLC2R3Tnahox4AaABAg,0,0,"2024-05-19 08:38:43",@irwansya7,"Gw kira ada orang nelpon jirr🗿",0,,
Ugwon_aYiyfvQ2YNoLZ4AaABAg,0,0,"2024-05-19 05:20:01",@Kaminari-l1w,"Intinya:berpikir lah dahulu sebelum bertindak",0,,
UgxoxzNy0q5MidF4Jqd4AaABAg,1,0,"2024-05-18 12:07:52",@wanie_slekkss,"setiap aku liat kontennya mesti view ny atas 1 jt🗿",0,,
UgxoxzNy0q5MidF4Jqd4AaABAg.A3_VLguGgAGA3buqMVRqB8,,0,"2024-05-19 10:37:52",@DimasBonanza,"Subrekernya aja udh 10jt+🗿",1,UgxoxzNy0q5MidF4Jqd4AaABAg,@wanie_slekkss
UgwxTyoFYOiCQD-QFFd4AaABAg,0,0,"2024-05-18 11:02:05",@GuzHenzz,"mantap ini kartun yang bermanfaat",0,,
UgzgNNXpwiM9qQQIXMx4AaABAg,0,1,"2024-05-18 07:56:53",@AsepTerbang-nj3tw,"Lu sholat,lu aman 🔥",0,,
Ugye4qUf9O6u3pdcUHd4AaABAg,0,0,"2024-05-18 04:25:44",@kevinpratamaishere9094,"lagian ga hati2 banget nyimpen barang paketannya -_- jatoh kan",0,,
UgzkfR5b8cwzi9iDi5B4AaABAg,0,1,"2024-05-18 03:17:14",@HydraCraftCH,"Jadi adik-adik apa yang bisa kita pelajari dari kisah ini?? Ya benar sekali ada dua pelajaran yang bisa kita ambil hikmahnya dari kisah ini Yang pertama jangan sesekali dekati yang namanya zina/pacaran karena hal tersebut hanya enak di awal dan akan berakhir pada penyesalan Yang kedua jangan pernah sesekali tergiur dengan yang namanya judi online (SLOT) walaupun terlihat menguntungkan tetapi anda hanya dibodohi oleh admin yang katanya bisa GACOR lah untung sampai RATUSAN JUTA DLL Kesimpulannya jangan dekati kedua hal itu jika tidak mau berakhir menyesal",0,,
Ugwic3ifw8ZyCblrg1F4AaABAg,1,1,"2024-05-17 13:14:16",@Fadiltokwes,,0,,
Ugwic3ifw8ZyCblrg1F4AaABAg.A3Y294e59RKA3YXPu3mGEl,,0,"2024-05-17 17:47:26",@RizkyRiplay,"haii sobb, makasi sudah nonton yaa, staytune terus kita tayang setiap hari rabu dan sabtuu",1,Ugwic3ifw8ZyCblrg1F4AaABAg,@Fadiltokwes
UgxCJsG2H8ErEBoeMvN4AaABAg,0,0,"2024-05-17 08:55:52",@DedeRukmana-e1n,"Dari awal juga tiko ngawini ceweknya karena mengandung duluan. Si Tiko udah dungu dari awal",0,,
UgwjLIU_awqNOH0edKh4AaABAg,1,0,"2024-05-17 07:50:26",@arjunarinaldi292,"Harusnya judol ntu di blokir dri indo, klo lama² dibiarin bikin prihatin, kominfo dri dulu cuma bnyk wacana doang ngurus² ginian.",0,,
UgwjLIU_awqNOH0edKh4AaABAg.A3XT5ESJihKA3Xa0YLs5WY,,0,"2024-05-17 08:59:42",@DedeRukmana-e1n,"Gegara kontlodon bodoh yg tidak memakai kondom buang peju didalam, terus gw yg harus kena imbasnya gak bisa senang senang main slot 🤨",1,UgwjLIU_awqNOH0edKh4AaABAg,@arjunarinaldi292
UgwuiBRaQYwH-OjeHkx4AaABAg,0,0,"2024-05-17 06:23:10",@Fazyy-elyncies,"seharusnya kalo ekonomi blm cukup jangan punya anak dulu, ada pelajaran yang bisa di ambil dari video ini",0,,
UgzisUoI-DaNU88M9JR4AaABAg,0,0,"2024-05-16 13:08:09",@sanusanusi6692,"dri kecil gw diajarin untuk tidak mencoba judi,karna judi bisa membuat gila,dri dlu ampe skrng Alhamdulillah blm prnh ngerasain main judi",0,,
UgzYtn21BZ9An6GDhAN4AaABAg,0,0,"2024-05-16 12:24:34",@jumalff5254,"Bang lu sebut sebut nama bapak gua knp bang judy",0,,
UgyCGgCqIvd1QAuC_KR4AaABAg,0,0,"2024-05-16 07:24:24",@septialta2413,"salfok sm zeuzz😂",0,,
Ugy8n8ugn7vhYoSlrZt4AaABAg,0,0,"2024-05-15 11:31:46",@sandrikramdani2210,"Awal mula kecanduan slot itu di kasih menang dlu",0,,
Ugy4ZYF9dVAVIZBjgsl4AaABAg,0,1,"2024-05-14 17:49:24",@Mumtaz-hi7xg,"Dari sini aku paham 1.jangan nikah diawal mula sekolah seperti sma smp kuliah,karena dapat merugikan kita seperti belum dapat ijazah apalagi belum dapat pekerjaan 2.Menikah lah diusia yg pantas seperti 22-25 thn an agar tau sebagai mana mencari kerja 3.cari kerja bukan lah gampang pasti ad yg susah butuh orang dalam untuk mendapatkan pekerjaan 4.Jangan bermain judi slot karena itu hanya penipuan dalam aplikasi modus",0,,
Ugzemloy5U89MepMusl4AaABAg,0,0,"2024-05-14 08:38:17",@paquito2520,"ciri ciri orang susah dinasehati dan keras kepala ya mereka yang suka judi sama pengguna narkoba😂, mending gak usah dideketin daripada kena resiko",0,,
Ugz1I92VnxyYO9GcytJ4AaABAg,0,0,"2024-05-14 03:53:18",@batabowjenius8462,"tutor main judi mah main menang uninstall main lagi judi yang lain",0,,
UgyqKIToCnhvfwqycvl4AaABAg,0,0,"2024-05-12 07:13:50",@jjggaming481,"Kalau kisah nyata gw sedih lah😢😢😢 untuk aja cuma drama paket",0,,
Ugx1a4qUJPtLbwFyepF4AaABAg,0,0,"2024-05-12 04:28:58",@pinkygirlss1305,"Kaya mantanku dulu kerjaannya judol Isi chtnya kbnyakan nanya ""kamu ada saldo gak?""",0,,
UgyYvvx0TUnphu6eyUR4AaABAg,0,0,"2024-05-12 03:37:37",@azril897,"Ko andy mana bang",0,,
UgyFT6jBAa8Iu_nkqyx4AaABAg,0,1,"2024-05-11 13:16:42",@SyazwiAkila,"Sad kalau hidup Gini 😪😪😩😣",0,,
UgxIDRrO6u0RfELPQT94AaABAg,0,0,"2024-05-11 09:39:25",@rzq1275,"daripada Judi mending ngebuka joki ml",0,,
UgwQyiCtOlrGZVCoFf14AaABAg,0,0,"2024-05-11 02:34:15",@Mriovillager,"Diambil dari pelajaran: Kita jgn sesekali berzina, nanti ketika cwek kita udh hamil jadinya repot deh terpaksa kebelet cari kerja eh malahan dapet kerjaan yg gajinya rendah dari itu, pokoknya cari pekerjaan yg bisa untuk mempersiapkan kebutuhan masa depan yg akan datang, minimal jadi cwok itu udh tamatan kuliah atau sma juga boleh tapi utamakan kerja dahulu dan kumpulan cuan untuk persiapan yg akan datang kek pernikahan atau kebutuhan lainnya baru deh cari cwek yg shalehah dan baik hati 😀",0,,
UgzfhYOw5IgpHuQEHW94AaABAg,1,2,"2024-05-11 02:00:41",@DRiiN_01,"Tapi lumayan ko jadi kang paket kalo di daerahku 1 barang 20-30k sih",0,,
UgzfhYOw5IgpHuQEHW94AaABAg.A3HOILvavG9A3tHTBtv46o,,0,"2024-05-26 04:31:22",@NenekskdnBebdndk,"Belum klo ada yang ngasih uang lebihan wlpun kdang lebih sribu atau 5 ribu juga di kumpulin bnyak",1,UgzfhYOw5IgpHuQEHW94AaABAg,@DRiiN_01
Ugzv4TIkxnXWx0aF4kl4AaABAg,0,0,"2024-05-10 16:12:05",@anggaragar5416,Maxwin,0,,
UgxfjrvrDBacbAhnBq14AaABAg,0,1,"2024-05-10 13:51:32",@dianaalenta,"Bbrp bulan yg lalu paket ku jg jatoh dijalan dan ditemuin sama tetanggaku😌 diantarlah ke bapak ku trs abangnya wa nanyain paketnya udah sampe apa blm me be like “jalan sendiri bwang paketnya jatoh td” mau marah tp gmn y wkwkwk blg aja paketnya jtoh td di jlan untung ditemuin tetangga dan dianterin ke rmh🙂",0,,
UgyBtqeHy9cZ-VvKiQJ4AaABAg,0,0,"2024-05-10 12:35:13",@celvinaprilio.r1625,"GSCOR GACOR😂",0,,
Ugz_yxe5Iqyt0JoCmxF4AaABAg,0,0,"2024-05-10 10:44:25",@brader77782,"Terus terang judi emg buat emosi kita gak kekontrol yg jd plampiasannya anak istri",0,,
UgzOu0VjSzvFBnQwBxd4AaABAg,0,0,"2024-05-10 07:40:25",@rememberofstalingrad,"1:36 1:38 😅😂",0,,
UgxNlYDA0X7vJGKs_6N4AaABAg,0,0,"2024-05-09 10:31:03",@billbird4664,"Mengapa Rakyat kita di biarkan begitu saja padahal sudah jelas judi online itu merusak masa depan mengapa di biarkan 😢",0,,
Ugx2XwFiLSreZnpOqrh4AaABAg,0,0,"2024-05-09 02:26:20",@siblidoank1082,Indoapril..😀,0,,
UgxS6dJ57sNb2lmLyjJ4AaABAg,0,0,"2024-05-09 01:30:05",@VarooLossee,"Widih makin seru aja kakk... semangat ya aku penonton dri 2018 tapi suka ganti"" akun Mulu hehe",0,,
UgznZh_nJV-HMTq8KUh4AaABAg,0,0,"2024-05-08 15:39:01",@Gaktau682,"11:22 kiran gw kerang hijau jirrr",0,,
UgzfVlDTEioopDZAqn94AaABAg,0,0,"2024-05-08 12:26:27",@zikryganteng-xd2dk,"iklan yt nya aja judi",0,,
Ugz8_H07WxdBF7IwOzJ4AaABAg,0,0,"2024-05-07 14:02:16",@WAHYUUCOL,https://youtube.com/shorts/efszleMUafQ?si=uRGgKTqfsT0t_tOM,0,,
Ugw8KnqQ7imO4X9OgWV4AaABAg,0,1,"2024-05-07 11:05:43",@Yokoso999,"Tontonan pas di warnet sisa 3 menit",0,,
Ugy4kGNLQTvloGrpRu94AaABAg,0,0,"2024-05-07 11:05:32",@berliananisa8727,"Indoapril 😂😂😂",0,,
UgxL6tEAjKHzQuWvz0J4AaABAg,0,1,"2024-05-07 10:56:56",@Memerandomlama,"Kok sama ya nada dering lu bang🗿 Edit : kek punya gw😭",0,,
UgwdQZEUcUa012QJ_Pl4AaABAg,0,0,"2024-05-06 15:12:22",@HeruUmed,"Gacoor Gacoor",0,,
UgyRzVTbrCVfBbYOnTV4AaABAg,0,0,"2024-05-06 11:23:26",@MyGame-r9x,"seberapa besar kemenangan anda dalam main judi, 100% uang nya bakal habis lagi ke judi dan terus menghabisi harta anda, percaya itu,",0,,
UgycaZ1uiZiB1GUfQwZ4AaABAg,0,0,"2024-05-06 05:05:43",@Ahmadpahruji,"Gacor 10 JT 😭😂",0,,
UgzFbslJd1sALSIoFv94AaABAg,0,0,"2024-05-05 15:48:58",@risniankhf5327,"Buat animasi sampai 1 jam kak, hehe semoga buming karna animasinya mengandung pesan moral🙏❤",0,,
UgyBMidpVyi1rV4OotZ4AaABAg,0,0,"2024-05-05 15:21:35",@fanyanggara6860,"film yang bagus buat meng edukasi masyarakat tentang bahayanya judol, respect aku subscribe❤",0,,
UgxwQbeoeFYJUhxnMCB4AaABAg,0,4,"2024-05-05 14:38:44",@reynaldooktaviano726,"Itu semua merupakan akibat dari perzinahan (hubungan seggss diluar pernikahan), enaknya hanyalah sesaat/sementara, tetapi justru malah menderita/menyesal selama-lama, karena itu merupakan kesenangan/kenikmatan/hiburan yang 'semu' bagi orang-orang kismin/madsu/kalangan menengah ke bawah, kalau sudah merasa bosan/gabut dan tidak punya uang sama sekali alias bokek.",0,,
UgyzjNmjIM4ONflqZ8F4AaABAg,0,1,"2024-05-05 11:58:26",@sugiartowidjaja-l8w,"Paket Nya Jatuh Dijalan",0,,
UgxGyjf65NlyDOqXKYx4AaABAg,1,0,"2024-05-05 11:36:49",@calonpresiden9251,"Wkwkwkwkw saya depo 50 rbu dan narik 325 juta...",0,,
UgxGyjf65NlyDOqXKYx4AaABAg.A32ySqAr2SeA33B6wDcX4C,,0,"2024-05-05 13:36:10",@Fnnydratfyp,"Ang gilo anjiang",1,UgxGyjf65NlyDOqXKYx4AaABAg,@calonpresiden9251
Ugw7gPW2vLCW45mh8WV4AaABAg,0,1,"2024-05-05 10:27:37",@egihidayat3651,"Korban siganteng😂",0,,
UgyZsSmAtjOEAOVxlI54AaABAg,0,0,"2024-05-05 09:40:55",@ssn4721,"judi terbaik adalah menabung,",0,,
UgwAQH84dn3CSK3t8x14AaABAg,0,0,"2024-05-05 08:34:59",@feebzkaayr,"Intinya apa? jangan hamil duluan, jangan nikah muda, prepare semuanya sampai bener-bener matang dan siap nikah❤",0,,
UgzA4BfhwXcD5_JKGB14AaABAg,0,0,"2024-05-04 09:40:53",@septianrizkypratama8640,"boro"" diberantas kan backing an nya atasan sendiri ehh",0,,
UgwDyY89yEb3vbxV_i94AaABAg,0,1,"2024-05-03 23:38:33",@Cupcake91-e2r,"Akhirnya 2.1 juta viewers😂",0,,
UgyYTBafwduY3Rkt9Bt4AaABAg,0,0,"2024-05-03 05:09:37",@HezronYediael,"Korban ganteng wak wkwk",0,,
Ugx2rRwZI9ahkhm2NI14AaABAg,0,0,"2024-05-02 18:06:39",@SeindahPelangi,"Blokir aja dah situs judi online ini soalnya sodara saya sampe jual rumah gagara perjudian ini.",0,,
Ugz19z7XXP3wFehmKB14AaABAg,0,1,"2024-05-02 12:06:08",@abdikurniawan3702,"Notifnya telponny sama aku kira aku yg di telpon",0,,
Ugyxp3tvEumL61UuJzd4AaABAg,0,0,"2024-05-02 08:44:50",@CindyNuraini-co5vx,"Smart konten kreator❤❤ sehat sehat ya buat team rizky riplay ❤❤❤❤",0,,
UgxlnzrH7iKBBJb7mQV4AaABAg,0,1,"2024-05-02 08:43:58",@CindyNuraini-co5vx,"Gua kecanduan judol . Jadi buat kalian jgn pernah main judol. Susah buat lepas dari jerat setan judol",0,,
Ugye0PRD9dHWqUxQPcx4AaABAg,0,1,"2024-05-01 17:02:08",@mandrafun4124,"Coba deh tnton ratu adil, judi online itu gk akan bsa dberantas slama yg punya wewenang bsa disogok. KKN is real 😂",0,,
Ugw9yjJmYZ0LGQa3l-Z4AaABAg,0,0,"2024-05-01 07:39:20",@Sayudin1959,"Siyapasuru assap",0,,
UgwLnEwayTcyGveEIKN4AaABAg,7,36,"2024-04-30 11:32:24",@Elmandanatasyaa,"Tp kasian tiko dia jg udh usaha buat kluarga tp buknnya istrinya nemenin di susahnya malah di ceraiin",0,,
UgwLnEwayTcyGveEIKN4AaABAg.A2r4z5EpQr4A6JYQWnqkMr,,4,"2024-07-25 11:41:50",@claraatlantis2989,"orang yg udh kena judol mah susah. di temenin dari nol bakalan tetep nol",1,UgwLnEwayTcyGveEIKN4AaABAg,@Elmandanatasyaa
UgwLnEwayTcyGveEIKN4AaABAg.A2r4z5EpQr4A6MRFuDs7VE,,3,"2024-07-26 14:36:57",@Furqonaaron,"Jauhi judol dekati kerjaan halal",1,UgwLnEwayTcyGveEIKN4AaABAg,@Elmandanatasyaa
UgwLnEwayTcyGveEIKN4AaABAg.A2r4z5EpQr4A6OHOjJBVO8,,1,"2024-07-27 07:49:15",@26kito,"Lah dia aja maling kotak amal gitu",1,UgwLnEwayTcyGveEIKN4AaABAg,@Elmandanatasyaa
UgwLnEwayTcyGveEIKN4AaABAg.A2r4z5EpQr4A8dEeoMpodX,,1,"2024-09-21 05:36:00",@koreneko6058,"Toko kdrt bang",1,UgwLnEwayTcyGveEIKN4AaABAg,@Elmandanatasyaa
UgwLnEwayTcyGveEIKN4AaABAg.A2r4z5EpQr4A8g_Y-b0HAR,,0,"2024-09-22 12:44:54",@Badboyboy16,😢​@claraatlantis2989,1,UgwLnEwayTcyGveEIKN4AaABAg,@Elmandanatasyaa
UgwLnEwayTcyGveEIKN4AaABAg.A2r4z5EpQr4AFjPul1Sahg,,0,"2025-03-16 14:49:30",@Lforleyooowww,"Iya, walaupun dia main slot, nyuri kotak amal, tpi itu juga kan usaha nya buat nyari duit setelah bayarin paket yg hilang, kasihan",1,UgwLnEwayTcyGveEIKN4AaABAg,@Elmandanatasyaa
UgwLnEwayTcyGveEIKN4AaABAg.A2r4z5EpQr4AVYJcIfEESC,,1,"2026-04-13 14:25:58",@anatharahadiplay,"​@Lforleyooowww Itu perbuatan Terlarang",1,UgwLnEwayTcyGveEIKN4AaABAg,@Elmandanatasyaa
UgwEEavK-YdX69prjKZ4AaABAg,0,0,"2024-04-30 03:19:03",@zdr_1000le,"Semangat selalu yaa Kak 😍 karya karyanya keren",0,,
UgxlVt_-dbvNpwYh1Mp4AaABAg,0,0,"2024-04-30 03:18:47",@zdr_1000le,"😭😭😭 Hikssss kena minyak telor gulung astaghfirullah",0,,
Ugw5Xwmni7_yR8I-cud4AaABAg,0,0,"2024-04-30 01:54:10",@MANGEAKK-e9q,"Jgn mikirin judi,brantas dlu koruptor😅 baru judi online",0,,
UgwSSyleTkkv1UzpdTR4AaABAg,1,0,"2024-04-29 11:56:44",@safitrinisa8361,"Najis banget sama orang yang hamil duluan wkwkwk, murahh bangett kayak gak ada harga dirinya.",0,,
UgwSSyleTkkv1UzpdTR4AaABAg.A2oYyZ_r5VbA2oZ-SKLC8j,,0,"2024-04-29 11:57:00",@safitrinisa8361,"Cowok pun sama kwkw",1,UgwSSyleTkkv1UzpdTR4AaABAg,@safitrinisa8361
Ugy8GWYGzOfl4NNY8HZ4AaABAg,0,0,"2024-04-29 10:52:39",@QIRA32,"Iya kalau main judi slot semua dijualin terus masuk penjara aduh malah nyusahin keluarga kan kan...",0,,
UgyeRSKaHXFQ3r38vfx4AaABAg,0,1,"2024-04-29 09:17:19",@AlysiaQrtunnada,"Miris banget",0,,
Ugx99iYuoIeAB2DGG6R4AaABAg,0,0,"2024-04-29 07:39:32",@hexagonr1460,"Tidak ada korban judi online. Itu murni kebodohan manusia nya.. sudah tahu dibodohi masih saja main. Tidak ada pembenaran untuk kesalahan",0,,
UgxyPdsKedM3mMOJa3d4AaABAg,0,0,"2024-04-29 04:01:26",@reehanpratama9319,"Bang udah subrscekreber nya 10 juta nya yah",0,,
UgyeCikFzT8HoGKsjYx4AaABAg,0,0,"2024-04-29 00:43:21",@juwitaduaputri4664,"Yang menikmati adalah marketing nya.... Yg ikutan ketagihan karena berharap akan mendapatkan lebih banyak yg miskin tambah miskin kasian malah yg ikutan bukan tambah berada malah nambah sengsara.... Semogga judo di berhentikan ... Sekrang juga marak judo demo kata nya gak akan pake uang terus di liatin hampir tiap hari 🥺entah mata Allah yg melihat",0,,
Ugz6WrcC6-9_0tJXF6l4AaABAg,0,2,"2024-04-27 10:19:44",@ManMan-hz3uz,"Bang rizky riplay semoga sehat selalu dan semangat buat konten nya bang rizky riplay 😊 Like 👇 👇",0,,
UgyaOytIqlQ7XGb1bwN4AaABAg,1,1,"2024-04-27 02:29:12",@ンツ-e1o,"film kont,ol Masa MC nya yang di susahi",0,,
UgyaOytIqlQ7XGb1bwN4AaABAg.A2iOR2HjfnSA2jN4LNW4b6,,0,"2024-04-27 11:36:37",@SunGodNika000,😢,1,UgyaOytIqlQ7XGb1bwN4AaABAg,@ンツ-e1o
Ugxz2UZPGnqHzUnHwB14AaABAg,0,0,"2024-04-26 14:25:21",@anggariznawan9815,"Ppppppppppppppppppppp PP Ppppp0 orang lain yang ingin ditanyakan kak yy pada tahun yang tamat SD negeri yang dianjurkan Rasulullah suka makan milo pun dekat🔐🚪 lazada ke si pelaku bom panci bandung bisa datang🚶 juga merupakan bagian selatan⬇ dan dapat menyerap oksigen dan kingdom Animalia yang telah ditebang pernah menjadi anggota dewan Perwakilan rakyat daerah ini adalah daftar dan mainkan hati perempuan yang boleh buat aku t y x asli yang mendiami wilayah yang telah lama aku mencoba hal ini dapat diperoleh dari kesungguhan untuk memperolehnya pernah menjadi anggota DPR yg disebutkan dalam kayu dan kingdom Animalia ga bisa teh☕ waktu⏰ itu bukan berarti lemah lembut dan menginginkan sesuatu",0,,
Ugw8fUNRyh5RC1HXz0p4AaABAg,0,7,"2024-04-26 13:05:34",@divaMaharani-ui8oi,"4:54 bayi nya lucuyy banget woy 🤣🥰",0,,
Ugy03KDda9wMxx_cHl14AaABAg,0,0,"2024-04-26 11:56:28",@WahyuningnurNursukma-vp2pk,"Yang penting makanya jangan nikah muda",0,,
Ugx0ZxY_GM66UnekwxB4AaABAg,0,0,"2024-04-26 07:33:26",@Rudipanjaitan582,"Aku aja nyesel pernah masuk lingkaran judi online ini",0,,
UgzJj8HLWDbZxG3gPht4AaABAg,0,1,"2024-04-26 05:35:28",@ridosiregar2690,"Intinya harus main judi",0,,
UgyZFMO3k8vApEB0Hcp4AaABAg,0,0,"2024-04-26 04:48:54",@yazidilmaulana8533,"andai aja judi online di hapuskan😢",0,,
Ugw2uuDbrrb5buCVbVF4AaABAg,0,0,"2024-04-25 10:59:59",@roygmg9010,"Judi menghancurkan segalanya.",0,,
Ugy9Q4v70AaaJbcG-1V4AaABAg,0,0,"2024-04-25 06:24:34",@jejeboyz88,"Ini cerita fiksi apa nyata min ?",0,,
UgztdSv4vLNg5qcnTEp4AaABAg,0,0,"2024-04-25 02:44:41",@SMOKAI69,"Judi online kalau tau gacor, aku kemarin iseng2 depo 50 ribu jp 10juta,,setiap slot ada hacker yang ngatur permainannya",0,,
UgxuTcPXCpPk8l-kNg14AaABAg,0,0,"2024-04-24 16:18:14",@Perjalanan_diri,"Mungkin mainnya gak tau trik. Saya udh bocorin cara rahasia biar menang JP besar (10M)? di judol. Videonya di channel saya paling bawah.",0,,
UgyfiuUiHPyoftdVgDN4AaABAg,0,0,"2024-04-24 14:15:38",@HazrulWel,"Lanjut bang sambungan nya",0,,
Ugx1krcmyqGvE_0XcRN4AaABAg,0,1,"2024-04-23 13:40:41",@Pengntartiduryglelap,"Bng bikin konten koruptor kena azab dong.. Plisss biar pada sadar yg korupsi",0,,
UgxyoE_qV72La1Hl2Oh4AaABAg,0,1,"2024-04-23 12:59:50",@Jordiardiansyah-u5j,"Yg konyol udh rungkad masih penasaran pas menang msih main 😂",0,,
UgyPYEObWFBsJRwqBXF4AaABAg,0,0,"2024-04-23 12:42:11",@Burunghantu974,"Kok ceritanya hampir sama dg salah satu warga di kmpungku😢",0,,
Ugy1bQNdt4satF8xzDd4AaABAg,0,0,"2024-04-23 07:21:17",@kanna_mc,"bener bener tamparan realita hidup dijaman ini.judi, zina, hamidun, kdrt. semoga kita dan keluarga dijauhkan dari semua itu",0,,
UgzvgH0z5KQVB1EzjHh4AaABAg,0,0,"2024-04-23 04:56:05",@speciva,"Kemiskinan memang menyakitkan.",0,,
UgxT6eXIxI4-9rWsoz54AaABAg,0,0,"2024-04-23 04:22:35",@liiplay69,"Kurang seru harunya org yg ada tapi pas kenal slot jadi orang yang susah kurang nyambung ini cerita",0,,
UgyrJl9SAq-lWhRZQ2R4AaABAg,0,0,"2024-04-22 18:08:16",@breakbrest9888,"Kok podo jeneng e tiko 😂😂",0,,
UgwaFWiZGPoOIxdAq8J4AaABAg,0,0,"2024-04-22 09:43:04",@ESukeChannel,"Kayaknya keren juga ini mantap bang sukses selalu ngotenya Amin 😊.",0,,
Ugzaz6LkohVDEu6B-AZ4AaABAg,0,0,"2024-04-22 06:35:33",@Nidechulian-yu1pl,"Ini menurut ku ini yang salah seorang istri sudah menekang suami jadi suaminya seperti itu ngelakuin kejahatan Terus jadi istri itu bok sabar ikhlas menerima keadaan seperti itu.. kayak aku sama suamiku kerja menjadi pembuang sampah terus gaji agak lama itu aku diam saja walaupun banyak sekali tangung nya dan kebutuhan untuk beli bobok dan makan dan bayar kos itu aku tetep sabar dan ikhlas kan aku tau kalau sabar insyaallah rezeki akan datang sendiri walaupun lama .. jujur suami ku juga kerja apa aja yang penting halal walaupun gaji GK seberapa seng penting bisa mencukupi kebutuhan keluarga dan bisa makan sak adanya dan bisa beli popok",0,,
Ugxwop8CAojHl4CMNcN4AaABAg,0,0,"2024-04-22 06:29:22",@Nidechulian-yu1pl,"Anak nya aku rawat sampai kedua orang tua nya pulang",0,,
Ugwl6cVD-JK70SJdyIV4AaABAg,0,0,"2024-04-22 06:27:59",@Nidechulian-yu1pl,"Seharusnya itu bisa sambil kuliah dan kerja kalau titip anak titip saja ke tetangga yang mau iklas jaga Coba andainya aku jadi tetangga nya aku bisa bantu",0,,
UgyRvogBi7JDtLed_2t4AaABAg,0,0,"2024-04-22 06:24:18",@muklis5861,"Sama kaya Kisa ku ini pacar gwa Hamill baru utang judi di mana mana berhenti judi kawan sebelum terlambat",0,,
Ugx1AxUFFDlW-AxrNz14AaABAg,0,0,"2024-04-22 05:32:27",@ferirohman8346,"Gacor kang😂",0,,
UgwY8yaJUAlixn274aF4AaABAg,0,0,"2024-04-22 03:00:50",@ujisarabarasuk8329,"Bang aku mau cerita aku udah mai. Judol dari 1 tahun lalu dan alhamdulilah sekarang aku udah bisa beli rumah mobil sama punya istri karena hasil dari jual tanah warisan orang tua ku bang😂",0,,
UgzSQm766RYNaeSNCp14AaABAg,0,0,"2024-04-21 21:10:26",@PutraMadaa,"Indo april😂😂",0,,
UgwhT87LtgtIKOpdJsN4AaABAg,0,0,"2024-04-21 12:03:26",@AldiRiansyah-fq1xs,"Judul nya mabok selot 😂",0,,
UgzZMLL_KzUoGvbUCeF4AaABAg,0,0,"2024-04-21 10:43:08",@udangg,"intinya pikiran positif hidup aman tentram ga stress dan berpengaruh hidup sehat dan perbuatan positif",0,,
UgwCX1XamNo1EQ4nMLp4AaABAg,0,0,"2024-04-21 07:26:54",@herleypujohandoyo6589,"Kalau bisa buat Chanel lagi lagu kayak itu soal nya enak banget di denger",0,,
Ugw34zaaiFDJMs-g1sp4AaABAg,0,2,"2024-04-20 07:47:43",@Follow_tt_cutte_ghosst,"Semua video udah saya tonton😢😢😢 up terus ya min❤",0,,
UgwgOkpaKtIuTXDY3x94AaABAg,1,0,"2024-04-18 11:59:04",@brayyylee3813,"Hati hati main di BO ternate toto jp kcil aja langsun di blok bandar kere jp 1,3jt langsung di blok",0,,
UgwgOkpaKtIuTXDY3x94AaABAg.A2NEUwaVD4GA2RdDFZBmDV,,0,"2024-04-20 05:00:48",@PeTani2M526,"Iya wkwkwk",1,UgwgOkpaKtIuTXDY3x94AaABAg,@brayyylee3813
Ugx1fd-cnbceAl2SlaR4AaABAg,0,0,"2024-04-18 11:57:11",@brayyylee3813,"Hati hati main di BO ternate toto jp kecil aja 1,3 jt labgsung di blok",0,,
UgzrOzDlsAngc6Ukmm14AaABAg,0,0,"2024-04-18 08:00:56",@Finanda-e8l,"Untung cuman animasi bukan nyata😅 semangat bg semoga sehat selalu",0,,
UgzHkLQ5islNTcEihXB4AaABAg,0,1,"2024-04-18 06:48:41",@officialzxy6142,"RATA RATA ORNG INDO PENGEN KAYA INSTAN ANJ, GAMAU USAHA",0,,
UgwKLDuskk48mkyJkqJ4AaABAg,0,0,"2024-04-18 05:30:36",@LoveQuran-16,"lbih baik beli roko sempurna milk atau depo bang>>?",0,,
UgwoWzyVNbSccMyQKL94AaABAg,1,0,"2024-04-17 16:28:51",@VeronicafrianiDachi,"Ditahan bona sama bank, nunggak bulanan😅",0,,
UgwoWzyVNbSccMyQKL94AaABAg.A2L8_0wUcKKA2y3FRzn5QL,,0,"2024-05-03 04:31:58",@RoyalChefLady-vj9fx,"Ditahan panta lobang sama bank ?",1,UgwoWzyVNbSccMyQKL94AaABAg,@VeronicafrianiDachi
Ugz0QoKF5ALsBKE5Y6d4AaABAg,0,1,"2024-04-17 14:07:36",@iyang1952,"Tolong aku bang tiap gajian habis untuk depo gimana cara supaya keluar dri lingkaran setan ini bang",0,,
UgyblC_Gwz39Hrm9Qih4AaABAg,0,0,"2024-04-17 10:45:03",@erwinpuji,"Stop judi,,nga ada judi yg bikin kaya,,jika itu ada kemenangan itu juga cuma pancingan sesaat doang..intinya jauhi segala bentuk judi biar hidup tenang",0,,
UgxUnIy-Kyjwbw7tEip4AaABAg,2,33,"2024-04-17 10:06:28",@ameliazakirah1163,"Pesan yang di ambil dari cerita ini adalah jangan lah engkou menghamili orang jika kamu tidak mau bertanggung jawab atau kamu tidak bisa mennangungi anak dan istri yang suda kou hamili",0,,
UgxUnIy-Kyjwbw7tEip4AaABAg.A2KSoOGLA16A50d0eu3BCI,,0,"2024-06-23 06:53:46",@faayoook33,"Good jubbb👍",1,UgxUnIy-Kyjwbw7tEip4AaABAg,@ameliazakirah1163
UgxUnIy-Kyjwbw7tEip4AaABAg.A2KSoOGLA16A5IUDXAfpC1,,0,"2024-06-30 05:14:29",@FREE_PALESTINE468,"Pesan moral nya jangan main judi",1,UgxUnIy-Kyjwbw7tEip4AaABAg,@ameliazakirah1163
Ugxz6Yp5bo1LsYeVOep4AaABAg,0,1,"2024-04-17 09:02:27",@ridwansaidhatanegara8404,"ini kisah nyuata kurir toko orange di kampung saya banyak yang terjebak judol akhirnya tidak bisa baekerja lagi",0,,
Ugwyyo_7SZ0ivYmaBwl4AaABAg,1,11,"2024-04-17 05:57:54",@PolLily-yg9mf,"Halo bang setelah liat video ini aku mau berhenti soalnya rungkat terus😅",0,,
Ugwyyo_7SZ0ivYmaBwl4AaABAg.A2K0MrOtBIWASdV9rcUOLC,,1,"2026-01-31 10:28:04",@VeriDiantara-jj6vo,"Lo main judol?🙄",1,Ugwyyo_7SZ0ivYmaBwl4AaABAg,@PolLily-yg9mf
UgzN6cirjdXu6C1hp3x4AaABAg,1,1,"2024-04-15 15:22:27",@namadisensor5220,"Kalau kalian tidak pengen hidup kaliang sengsara jgn sesekali mendekati judi, ini pengalamanku habis puluhan juta sampai2 pinjol karena kalah di judol, tapi baiknya allah masih ngasih kesempatan aku memperbaiki semuanya yg awal nya hidupku berantakan rusak gk tau arah gara2 judol dan minum2an sekarang aku sadar aku bukan menambah beban kepada diri ku sendiri tapi kepada keluarga terdekat ku termasuk org tua ku",0,,
UgzN6cirjdXu6C1hp3x4AaABAg.A2FsO-p7beYA2WqSnVRIE8,,0,"2024-04-22 05:32:44",@martinimartini8766,"Sama bang sini sharing wa",1,UgzN6cirjdXu6C1hp3x4AaABAg,@namadisensor5220
Ugxk95xHJdCJQYA6NGd4AaABAg,0,0,"2024-04-15 03:53:50",@johnnyanderson45,"Genshin sama honkai yang harus diberantas sama pemerintah karena ada judi elite😮‍💨",0,,
UgyYawR11_5__Gd6-qt4AaABAg,1,0,"2024-04-14 18:38:27",@MuhammadIlhamPrakoso,"Buat yg masih main judi online stoppp, gua sebelum lebaran udah raib 12 juta dalam satu hari.untungnya duit yg dari saham sama crypto ga gw tarik. Emang diawal dikasih menang terus tapi abis itu raib. Untungnya pas malem itu gw langsung lari ke ustad daerah rumah sama ke sodara yg kuat agamanya. Alhamdulillah bisa jauh dari judi. Buat yg bikin channel keren deh bisa speak up biar orang' tuh sadar yg masih kecanduan.",0,,
UgyYawR11_5__Gd6-qt4AaABAg.A2De0fgQOe_A2Ujt0gc3ly,,0,"2024-04-21 09:56:48",@Ricky.Ferdianto.K,"Benar bang . Lagian uangnya gak berkah",1,UgyYawR11_5__Gd6-qt4AaABAg,@MuhammadIlhamPrakoso
UgwIOMIX2rgEHbCuGGJ4AaABAg,0,1,"2024-04-14 10:06:59",@muhammadfhasyamuhhh9562,"judol akan merubah hidup mu menjadi suram,hancur,jauh dari agama,tidak di beri syafaat,dan kekal dineraka",0,,
UgwTOv-Wh_0cB1NFSjd4AaABAg,0,0,"2024-04-14 10:04:36",@SuawiGanteng,"Suara mas tiko bersahabat",0,,
UgzLWt_oMR-R6A4Tvdt4AaABAg,0,1,"2024-04-14 05:43:06",@Satria.N1995,"untuk suamiku nanti kalau kamu baca komen di akunmu ini, sebelumnya aku minta maaf telah lancang mengubah foto profilmu nama akunmu sampai aku rubah semua subscriber di YouTube mu dulu dengan aku subscribe akun akun yang membahas tentang efek buruk judi... jujur aku mencintaimu aku takut kalau allah murka, aku takut allah memerangi rumah tangga kita karena hasil jerih payah mu itu haram yang kita makan a, aku berharap kamu bertaubat aku tau kamu bisa berubah ke jalan yang lebih baik, aku harap allah menuntutmu kembali ke jalan yg benar... ayo pulang a, kamu masih ada aku dan keluarga yg sayang sama kamu... ayo sholat lagi, ayo ngaji lagi, tinggalin lingkungan dan judi itu a, kita semua sayang kamu a... 😭 mohon doa dan likenya kawan supaya ke notice ke suami ku😢🙏",0,,
Ugzi15d6GPSX8Bv3TDx4AaABAg,0,1,"2024-04-14 03:59:56",@lodonhdi591,"aduuhhhhhhhhhhhhhhhhhhhhhhhhhhhhhhhhhhhhhhhhhhhhhhhhhhhhhhhhhhhhhhhhh ceritanya..... bagus tapi ngeselin tokohnya",0,,
UgzJ7nscInBEWHEZobx4AaABAg,0,0,"2024-04-14 02:50:45",@yurifasa,P,0,,
Ugx1YTt34LOhBymvnHF4AaABAg,0,23,"2024-04-14 02:28:55",@RafaPratama-yl5sw,"Dari dulu nonton kak Rizky gak pernah bosen pas hp rusak aja kehalang🙂kak rizky emg ga pernah sombong",0,,
Ugzm-CsLmrj5FZLzQdF4AaABAg,0,0,"2024-04-12 10:32:08",@bayykntl-c9b,"Telat 2 bulan🗿",0,,
UgxjwcoOyvbqzv3lQVp4AaABAg,0,0,"2024-04-12 09:28:18",@aldirenaldi_ar,"Karena slot, Saya kacau, Sya hancur.. Semua habis.. Hutang Dimana mana. Kerjaan kacau. Kehidupan Hancur.. Keluarga, teman, semua hancur.. 5x coba bundir😭... Y'a Allah, Udah putus Harahan.",0,,
UgzExjE7YuMyDzZZKhp4AaABAg,0,0,"2024-04-11 10:46:41",@SitiHamiroh-tj9jx,"Makanyaa kalau mau nakal harus tau batas wkwkwkw ga tau batas madesuu kaliaan😂😂😂",0,,
UgzXZ4xYBopzPfeRSAV4AaABAg,0,0,"2024-04-11 05:21:07",@BonifasiusRistyanto,"Main sih main...tapi jgn buat pekerjaan utama, klo gw sih sekedar iseng aja wkwkkwk. Modal 50-100k klo dpt y udah klo kaga y udah :), gak ada yg kaya karena judi. Judi itu harapan kaya ada miskin pasti :V",0,,
Ugyvjqx2VI1Foui4oap4AaABAg,0,0,"2024-04-10 12:06:58",@AkunPremium12Bulan,"Dan akhirnya bnykk jandaaa 😂",0,,
Ugz_M0KUKW3NM_OhB9p4AaABAg,0,1,"2024-04-10 09:23:18",@keniicandra19,"Benar sekali dri cerita diatas, judi gam slot bikin kita melakukan sesuatu ter.buru2 dan pikiran rusak, kerja tidak konsen. Semua pikiran hancur. Aku merasakan itu",0,,
UgzmAES6MrG6hPLQE914AaABAg,0,0,"2024-04-09 11:52:45",@jempolnyepit6793,"Kok sama kisah ini. Dengan kawan saya .",0,,
UgxnXAqcP8ymsOdLRHx4AaABAg,0,0,"2024-04-09 01:18:44",@Khoirotunnisa779,"😂😂Indo April gatuh !!! Sejak kapan indo Maret jadi indo april😮 atau ada yg namanya kek gitu tempatnya 😭🤣",0,,
Ugx5ktdCPiMYzAZrVrx4AaABAg,0,0,"2024-04-08 06:36:32",@astutikmustalim2624,"kenapa setiap cenel kak/bang rizki pasti ada tango 😅",0,,
Ugx1nJ_P5QRE4SNoOX94AaABAg,0,0,"2024-04-07 20:59:52",@LeelaJameela,"Udah miskin. Judol pula 😂😂😂",0,,
Ugx_3FDBP6USWGAqcR94AaABAg,0,0,"2024-04-07 19:46:42",@yahyaemii,"tuntunan hidup 😢",0,,
UgySwllxG9nB23F_mpJ4AaABAg,0,1,"2024-04-07 19:05:59",@sandaeagaming4211,"Kirain telpon masuk ke hp ku🗿",0,,
UgwO7WJ4AbGSC7lgY5x4AaABAg,0,0,"2024-04-06 16:24:00",@fenioficial2632,"Suamiku jugaaa pernah kayak gini habisss semuaa. Emas motor kejual mana aku lagi hamil. Seteleh kejadian itu aku nekat minta cerai sampai dia benar2 sadar. Alhamdulillah sekarang udah sadar",0,,
UgylaYKajPe1k6gHTfZ4AaABAg,0,0,"2024-04-06 10:23:27",@Antigua577,"Indo April😂😂😂, sukses kontennya",0,,
UgzlJmuHNu0xQBcpHux4AaABAg,0,0,"2024-04-05 23:37:43",@aldybae6567,"Senengnya situs eror",0,,
UgxxNmLyCruWcpx5FxV4AaABAg,0,0,"2024-04-04 11:46:26",@4lways_shaaa,"Walaupun channel besar tp tetep respon komen penonton☺jarang ada channel sebesar ini sering respon komen❤",0,,
UgwqmfSj-KnCKtUwuE14AaABAg,0,1,"2024-04-02 08:36:23",@BOBIOsaka-nh3sg,"Cara ngomong cowoknya kok lucu ya kek bercanda 😂😂",0,,
UgwXBAMBVfKryIe8gsB4AaABAg,0,0,"2024-04-01 05:49:15",@RUTENGMAKAN,"Di balik cobaan pasti banyak yang di cobain😢",0,,
UgzRpgN4pmYAO7hvewZ4AaABAg,0,0,"2024-03-30 13:49:56",@tzakyusuma8596,"ka risky orang kebumen kah itu black graud perempatan yang ada pohon asem nya foto perempatan puring",0,,
UgwJnGr71RtYSVAPtO14AaABAg,1,0,"2024-03-29 01:04:49",@User-644fcbda1,"yuk absen dulu yang duit thr nya kepotong gara2 slot",0,,
UgwJnGr71RtYSVAPtO14AaABAg.A1YZi_iGsaXA22YbRACBkD,,0,"2024-04-10 11:10:48",@SantoCmd,Hemmzzz,1,UgwJnGr71RtYSVAPtO14AaABAg,@User-644fcbda1
UgwEo0aXxz_FahtlKTp4AaABAg,0,0,"2024-03-27 10:24:45",@ZenezinBlueArchivePlayer,"Padahal di neraka ada pintu neraka khusus orang yg seneng main judi dan bikin game judi",0,,
Ugw8KG7510S6CZcvcrV4AaABAg,0,0,"2024-03-26 11:40:37",@Aah.161,"Maaf kak telat 1 bln",0,,
Ugz1lOCwwD7YEdZssIh4AaABAg,0,1,"2024-03-26 05:10:49",@berlinbeethoven,"Gacor gackr hahahaha😂",0,,
UgwMnZh_ZBPuoKVmlbx4AaABAg,0,1,"2024-03-25 21:30:13",@yossyherma1000,"Gacor... Gaccoorr.... 🤣🤣",0,,
UgzSZgGAda0OqG3xZiB4AaABAg,0,0,"2024-03-25 07:37:35",@masboy6459,"Plaku judi online memang mirip.... Dgn vidio d atas.. real👍👍👍",0,,
UgyM8nu8EaGNJ91nb_R4AaABAg,0,0,"2024-03-24 10:04:35",@DickyChandra-n4z,"juudiii Teketeke teng teng oi😂",0,,
UgxXeFv6yr3rD5D_UXF4AaABAg,0,1,"2024-03-24 06:34:32",@tiyas518,"Jauhi zina dan jauhi dengan namanya judi karena merupakan sesuatu pekerjaan haram dan disenangi para setan, hanya manusia yang tidak tau bedanya haram dengan yang halal",0,,
UgwPCue7QqjVgQem9BJ4AaABAg,0,0,"2024-03-22 06:47:02",@HendraJgly,"Pemerintah gak mau urus gituan.padahal udah jelas menghancurkan masa depan",0,,
Ugzgypnvz5pJZFPM3xB4AaABAg,0,0,"2024-03-22 06:31:54",@Rinkizika93,"walaupun animasi nya burik kaya animasi tahun 1970an. tapi informasi nya sangat jelas dan bermanfaat",0,,
UgwqPQpPHc_iHfHl7ZR4AaABAg,0,0,"2024-03-22 04:20:15",@BernandoCoradi,"Itu lah masih sekolah udah ngent*t Baru judi",0,,
Ugx0aI6bnuo-dbC9_HZ4AaABAg,0,0,"2024-03-22 03:20:29",@purwadimk8376,"judi merusak",0,,
UgzZQEqOULory-MBTNR4AaABAg,0,1,"2024-03-22 01:26:52",@sorayakafifah9931,"Suka lihat chenel ini",0,,
UgwdtjfnzXdGMB7dsZB4AaABAg,0,0,"2024-03-21 14:31:15",@okisaepulrohman4198,"Awal mula dia kehilangan 1 paket iphone 15 promax.. 😆",0,,
Ugwb4UxMFi6JCBNJat94AaABAg,0,2,"2024-03-21 06:51:19",@SitiMunawaroh-lc2vp,"Teeimakasih kak rizky video2nya sangat menghibur dan bermanfaat😊😊😊",0,,
UgzL1Y-rrsXcjSrfjvZ4AaABAg,0,0,"2024-03-21 05:03:13",@dunianalisah,🎉😢😮😅😮😢🎉❤😂,0,,
UgxWs-r9aciAhKXK-Xd4AaABAg,0,2,"2024-03-20 21:04:46",@mrgabutz7667,"12:16 gamngkin pemerintah memberantas JUDOL karena dsitu jga pemerintah dapet cuan jga ujung ujungnya rakyat yang menengah kbawah jdi korban",0,,
UgyedJ4VR4-e6wO5hr94AaABAg,0,0,"2024-03-20 20:33:22",@DatamDatam-e2l,"EMG bnr slot itu anjing bgt sumpah AQ udh hbs brapa juta dlm sebulan ada 15juta",0,,
Ugz6jAF-BT20W33cf1x4AaABAg,0,0,"2024-03-19 01:39:20",@Majestic2008,"Hahaha. Semoga tidak terjadi di dunia nyata😂",0,,
Ugx6eMYjeH2YTI-vKIx4AaABAg,0,0,"2024-03-18 16:14:34",@nabillazalfaqiranisofian,"Josss barokah berkah om",0,,
Ugzeqzc9JFHuNAv5MBx4AaABAg,0,0,"2024-03-18 09:29:30",@SURAWana88,"Hhhh anjirrr",0,,
UgxFzRKfx1zDHZ9cBfN4AaABAg,0,0,"2024-03-17 07:51:11",@BangdelyBangdely,"Jangan coba2 main judi online ya teman2",0,,
Ugx9kaB5jUrI-8so6Gd4AaABAg,0,0,"2024-03-16 20:13:43",@publicbarbar7676,indoapril,0,,
UgyVGmtOKgmB5cE651t4AaABAg,0,0,"2024-03-16 15:14:15",@cambalmuh0152,"sponsornya Tango",0,,
Ugxp0TeDta6m_bjqLl14AaABAg,0,0,"2024-03-16 10:18:41",@Wy08-x9e,"Judi akan menghancurkan hidup anda secara perlahan.",0,,
UgwvstOwNAhm0AwlZUl4AaABAg,0,0,"2024-03-16 09:13:50",@Hasnzo,"Gacor gacor wkwkw",0,,
UgyE-wBtc28l9vV1Z394AaABAg,0,0,"2024-03-15 14:22:48",@awoktypo,"ban aja nih konen ke gini",0,,
Ugy19wlF6mY6r8wKvbp4AaABAg,0,0,"2024-03-15 05:47:32",@hayaayun9469,"Bagus banget,bikin merinding juga, semoga sukses selalu ya 🌷",0,,
Ugy0IgOjFqLBYUpSkOB4AaABAg,0,0,"2024-03-14 19:08:03",@aminnurakbar-uq2kg,"Ayo player lama ..aku tau kalian pada minus semua, jgn malu untuk mengaku . Dah banyak orang bunuh , dan bunuh diri . Ga ada obatnya lagi selain stop . Sudah pasti kan makin dalam miskin mu semakin main? Aku udah buktikan dan kawan2 ku juga ngaku kami semua sama makin hancur jika DILANJUTKAN. 100 PERSEN . , stop aja lagi kawan hayalan hilangkan lg . Anda lagi terkena ilusi ,",0,,
UgxxQhzDsncGQoCY26p4AaABAg,0,0,"2024-03-14 15:43:46",@XMi-d4x,"Pak kun jadi bos kurir😂",0,,
UgyN8ofbfSBWGqlaVZF4AaABAg,0,0,"2024-03-14 09:05:25",@ReginaGina-l4l,"Bang riski sapa aku dong",0,,
Ugz6kQ9TC4AqUXjfarV4AaABAg,0,0,"2024-03-14 08:41:18",@LionelRudi-qp3ly,"WOYYY KEMINFO!!!! BLOKIR SITUS"" JUDI ONLINE JANGAN GAME DOMINO DOANG ANJING!!! PARAH INI NEGARA KALO JUDOL MASIH BISA MASUK TAIKKO",0,,
UgyBrguI5hW4EhrvlW94AaABAg,0,0,"2024-03-14 05:06:16",@Gaaa_767,"Blom juga ngmbil hdeh",0,,
UgwXEjxyemAN6MwsTt54AaABAg,0,2,"2024-03-14 01:19:12",@R_Chanan,"Pengalaman pribadi gw judi bola kenal awal pas corona wkwkwk 3 tahunan gw judi bola akhirnya cape , dan stress ketika anak gw ke 2 mau lahiran .. disitu gw merasa hancur sebagai laki laki , tabungan buat lahiran habis, gaji di sisihkan buat judi.. kek orang tolol wkwkkw Pernah menang parlay 15jt , tapi duit habis gitu aja .. Jadi gw berpikir mau brpapun menang nya lu gak akan puas.. namanya judi pasti ada kalah , dan kita pemain pati bakal rungkad.. jadi buat yang masih judi lebih baik stop dah kalau bisa .. dari pada masa depan ,keluarga ,karir,sahabat,pacar,istri dll bakal ikut hancur kerna ulah judi... Kalau masih batu ,mau main silahkan .. sampai anda kena hidayah baru kapok. 😂😂",0,,
UgxT-DKw7hvA2P_s3ZJ4AaABAg,0,2,"2024-03-13 22:42:47",@viaamaqbulah7303,"ceritanya bagus banget kak🥰🥰🥰",0,,
UgwtBKABx4w0MfmxA4h4AaABAg,0,0,"2024-03-13 18:58:34",@leonardadry9424,"Bukn hncur krna judol, tpi krna ngilangin iphone 15",0,,
Ugwa7FxafEQzBt01f4x4AaABAg,0,0,"2024-03-13 15:34:20",@putuindah126,"Kesini gara"" tiktok",0,,
Ugx__lMNJhCCZtoEnXR4AaABAg,0,0,"2024-03-13 03:43:14",@kaellaaest,5:43,0,,
UgzW-MaS3QO2fEqR6j14AaABAg,0,0,"2024-03-11 21:22:37",@MiHawk-jc8fq,"Judol dan koruptor hewan ternak pemerintah,, ga bakal diberantas,, Selagi masih ngasih amplop",0,,
UgxiXtWbugQF_G5-TQl4AaABAg,0,0,"2024-03-11 05:50:50",@rohandiansyah8763,"kasihan sama tiko min😢",0,,
UgwPPCF0XCaqjEhn8-t4AaABAg,0,12,"2024-03-11 04:59:32",@eweadut,"dari sini kita bisa belajar bahwa judi atau main slot bisa membuat kita kehilangan segalanya,mantap bang Rizky riplay semangat truss buat konten nya,makasih juga atas motivasi yang Abang berikan kepada kami ❤❤",0,,
UgxoCAeXakXDU1uvwx14AaABAg,0,0,"2024-03-11 00:18:26",@andrihuda3622,"Judol emang bangsat. Gua dikasih maxwin 50jt. Tapi setelah itu hancur sampe 150jt lebih😢😢",0,,
Ugx-Fjp5_i2v0poLeCp4AaABAg,1,1,"2024-03-10 18:04:19",@SukronMakmun-w2w,"Ayok stop judol.... Saya korban nya... 3 bulan kalah 12 jt.... Penghasilan 2,5 jt sebulan.... Smua hancur berantakan.... Sering berantem sama kluarga... Ayo kawan"" Stop bersama sama.",0,,
Ugx-Fjp5_i2v0poLeCp4AaABAg.A0oTI0a9iwLA0rDRqYVqHU,,0,"2024-03-11 19:43:34",@togamamostang8808,"2,5 lagi mas pasti balik 15",1,Ugx-Fjp5_i2v0poLeCp4AaABAg,@SukronMakmun-w2w
Ugwz2TqPageU8C1QCj54AaABAg,0,0,"2024-03-10 16:58:38",@chunks.hiccup,Jawir,0,,
Ugy7agzUe7ZfIW0dyMR4AaABAg,0,0,"2024-03-10 16:27:28",@ZayyanMalik-l9b,"hidupku hancur karena judiku",0,,
UgzXVNeanB7rdEaqAzF4AaABAg,0,0,"2024-03-10 12:46:33",@RafifFairus-l8t,"😂😂😂😂😂😂😂😂😂 lucu anjirrr tp ilmunya bermanfaat",0,,
UgzENSAHGjC_YSdLO5V4AaABAg,0,0,"2024-03-10 06:54:30",@faeyzachannel7748,"Gimana sih bang cara buat gambar visual bgini pengen juga deh buat",0,,
UgwLLWDh07DToM9hbTF4AaABAg,0,0,"2024-03-10 06:46:36",@themangangin2947,"Rungkd mulu",0,,
Ugxmk3LLBFBQO0xpTF14AaABAg,0,0,"2024-03-10 06:01:53",@samlowes221,"Ini kisah nyata apa fiktif",0,,
UgxDgy93J-oG6RvTUGh4AaABAg,0,0,"2024-03-10 05:41:05",@HAR_SR,"Coba bikin konten HANTER kalau bisa aku sub ytmu😂😂😂😂😂😂😂",0,,
UgxySLmuA2uXGtuPjSR4AaABAg,0,0,"2024-03-09 19:20:56",@ferymix6499,"Gue kenal judol gara2 teman gue, dan 2bulan ini sya dah gk depo lagi , masih mau menyadarkan temen sya, kasian setiap bulan gajih nya gk da sisa buat depo trus , malah tdi ngajakin begal pula 😂😂 😅",0,,
Ugw_76kGYzjAwMpLWMp4AaABAg,0,0,"2024-03-09 06:53:42",@AryEbong,"Mirip kek crita suami aku yng kecanduan sma apk gacor² kek gitu😢🤧",0,,
UgwOTEqtWY8CjDSrS2l4AaABAg,0,0,"2024-03-09 03:41:47",@syakibfadhilahramadhan5457,"temen gua yg sering main judi slot online 🗿",0,,
Ugy3D8wTrBqwlh6kiAZ4AaABAg,0,1,"2024-03-09 03:41:47",@syakibfadhilahramadhan5457,"temen gua yg sering main judi slot online 🗿",0,,
UgzEHjgO9jnvtMr3LM94AaABAg,0,0,"2024-03-08 06:52:11",@ahmadmulyadin754,"Kompleks banget masalahnya 😅",0,,
UgxK26qMFRfJOvyJIGp4AaABAg,0,0,"2024-03-08 01:54:38",@watu_ny4bergitar.952,"Mantap.. Terima kasih ya Buat Inspirasi nya",0,,
Ugy6LGKy0LWn3ocF4Y14AaABAg,0,0,"2024-03-07 22:39:39",@mumungaming904,"Gua baru kenal 5 bulan aja tabungan hilang 80 jt gara2 judol..bodohnya diriku mengenal slot",0,,
UgytRjLKG_HR9XLYnvZ4AaABAg,0,0,"2024-03-07 11:29:04",@aisyafathonah8612,Hai😅😊,0,,
UgwNNxiO6BVrJR1HqcF4AaABAg,0,1,"2024-03-07 07:21:13",@nazrilannas9870,"Ketakutan terbesar gw gitu, lulus sma gk dapet kerjaan",0,,
UgwyRjpuLq531XoGFdt4AaABAg,0,0,"2024-03-07 04:29:35",@musiksederhana8571,"Kita harus berusaha semaksimal mungkin.jatuh bangkit lagi, Rungkat depo Lagi.😊😊😊😊",0,,
UgwaTP6Iyyh20x1saY54AaABAg,0,0,"2024-03-06 23:49:28",@IrwatiNabita,"Wkwkw iki jelas wong malang 🤣🤣",0,,
UgwFA5Xix-48liLaqgV4AaABAg,0,0,"2024-03-06 19:42:39",@MuhammadResky-ke5xd,"Salam kenal bang, animasi yang sangat menginspirasi, dah like n subscribe bang",0,,
UgwFoksfxZsMfDLjIgp4AaABAg,0,0,"2024-03-06 15:16:53",@rioalvian1331,"Lanjutkan depomu agar bisa WD",0,,
UgyVBM0JufLwSL9xcoZ4AaABAg,0,0,"2024-03-06 08:57:48",@ronyfajarprastya1342,"Shiva masih liat akun ini? 🤣",0,,
Ugz_23fdpDoQOru0-qJ4AaABAg,0,0,"2024-03-06 05:16:49",@sandaljepit9405,"btw yang nemu gw ip nya😂😅",0,,
UgyUH1lHIaV5SUMHIap4AaABAg,0,0,"2024-03-05 17:20:33",@rajanaga-x1000,"gara2 petir x500 turun tapi ga konek.. kendaraaan melayang😁😁😁😁",0,,
Ugyj9w28p5dBKqKOjfJ4AaABAg,0,0,"2024-03-05 15:23:39",@Yiseoo,"Bagus sih buat edukasi, tapi parah bet anjir jalan ceritanya wkwkwkw",0,,
Ugw_mcqYJnc03lJm3td4AaABAg,0,0,"2024-03-05 06:58:38",@Milavlog123-spl,"Lanjutkan karya nya.. kalau bisa buat terus tentang judi online.. dan dampak dari judi online nya.. yg lebih parah.. bisa orang bisa sadar. Dan maen lain judi online.. lagi..",0,,
UgwLmLxxEIelM73q4UB4AaABAg,0,0,"2024-03-05 04:48:54",@Perdi-lk9lp,P,0,,
UgwhS7DJj8Z93b8sg6F4AaABAg,0,0,"2024-03-04 17:12:09",@herdionrivaldy,11:56,0,,
Ugy3gHBCGwsH67xE2_94AaABAg,0,0,"2024-03-04 17:07:24",@RaizenGaming-fw4kw,"Ndk ceritakan kisah hidup mu kah ini bg😂",0,,
Ugwger9-1ODjMJZWOiV4AaABAg,0,0,"2024-03-04 16:45:01",@IrfalMaulana,"Ane menang maen kakek zeus uangnya buat bayar utang.,..gmn tuh",0,,
UgyHPC6rlS5GxaCiK8F4AaABAg,0,0,"2024-03-04 06:29:23",@MrVivo-r1i,"Seru bgt film nya 👍🏻",0,,
UgwsPl1rPkwHEXO-dUd4AaABAg,0,0,"2024-03-03 18:40:06",@Miyamoto789,"Hal di dunia yang gak boleh di coba² Di jamin Hidup lu Ancur dan godaan setan pun ada 1 Main Judi 2 Main Narkoba 3 Main perempuan 4 Nonton Film Porno",0,,
Ugy_k9hRLFd1a_Y9sgp4AaABAg,0,0,"2024-03-03 17:38:36",@mranggas8825,.,0,,
Ugwe_cSW3GaKVZQNw8l4AaABAg,0,0,"2024-03-03 15:46:20",@wdnvall,"⬅️Ramein kawan modal pencet follow😊",0,,
Ugx29qoMal2FEc54gxd4AaABAg,0,0,"2024-03-03 14:29:58",@duniabaru5317,"Kwkwkw ternyata yang bikin cepat kaya bandar itu adah kirim barang sama ojek😂😂😂",0,,
Ugw-lmOSm32SqVNPoIx4AaABAg,0,0,"2024-03-03 13:54:36",@JesusIsMuslimJustFollowHim,"Udh bener bang rhoma dulu bilang, masih ngeyel aja kalian yg msh main judi 11:16 DILDO😂",0,,
Ugz1_mKniyoc8sHYZod4AaABAg,0,1,"2024-03-03 09:33:06",@Fahrul_Rozi_1746,Bruh,0,,
UgyNwtdIIxdpgGLS-QF4AaABAg,0,1,"2024-03-03 07:57:20",@zakkyqswaflhdd,Lihin,0,,
UgwKI7bhzvfkCk79rwp4AaABAg,0,1,"2024-03-03 06:30:31",@Fauzigds,"Judi itu punya sihir hipnotis",0,,
Ugwf9xS1JNpxy1DlJjV4AaABAg,4,49,"2024-03-02 15:57:31",@imxoinlov1170,"Gua nangis anjir pas dia kebingungan karna gak sengaja jatuhin paket, gak kebayang paniknya 🥺",0,,
Ugwf9xS1JNpxy1DlJjV4AaABAg.A0UdQF5FWfEALHYR_AhibL,,0,"2025-08-01 12:54:24",@AnjayyMabarrff,😢,1,Ugwf9xS1JNpxy1DlJjV4AaABAg,@imxoinlov1170
Ugwf9xS1JNpxy1DlJjV4AaABAg.A0UdQF5FWfEAMVrYRS1niy,,1,"2025-08-31 22:50:52",@barcahama-9,"Sekolah yang bener",1,Ugwf9xS1JNpxy1DlJjV4AaABAg,@imxoinlov1170
Ugwf9xS1JNpxy1DlJjV4AaABAg.A0UdQF5FWfEANtyfQR1bWA,,0,"2025-10-05 13:25:32",@sophhhx8098,​@EloJulian-n8e😂😂😂,1,Ugwf9xS1JNpxy1DlJjV4AaABAg,@imxoinlov1170
Ugwf9xS1JNpxy1DlJjV4AaABAg.A0UdQF5FWfEATKib4mJwgq,,1,"2026-02-17 14:40:50",@VaniaFarisya,"​@EloJulian-n8e lawak cik😹",1,Ugwf9xS1JNpxy1DlJjV4AaABAg,@imxoinlov1170
UgznoV30iYTm5vHsEAx4AaABAg,2,0,"2024-03-02 12:06:19",@reginatanjung851,"adekku juga korban judi online, udh g karuan hidupnya masih g bisa dibilangin, setiap dibilangin ngelawan mengucapkan kata2 kasar bahkan merusak barang2, di doa in g mempan..di sumpahin mati juga g mati2 bikin sakit kepala",0,,
UgznoV30iYTm5vHsEAx4AaABAg.A0UDxwD1-kuA2J9bXQYKde,,0,"2024-04-16 21:59:27",@JejakPlanter29,"Usir aj dr rumah itu jln terbaik buat plajaran biar tau kerasnya hidup diluar nantik kalau udh kapok kan balik lg krmh itu pengalaman aku",1,UgznoV30iYTm5vHsEAx4AaABAg,@reginatanjung851
UgznoV30iYTm5vHsEAx4AaABAg.A0UDxwD1-kuA2JA3ojYmJB,,0,"2024-04-16 22:03:27",@reginatanjung851,"@JejakPlanter29 udah berhenti dia.. krna g' punya duit krna g' punya kerjaan",1,UgznoV30iYTm5vHsEAx4AaABAg,@reginatanjung851
UgwEn_3er4CEVWx0Nv54AaABAg,0,0,"2024-03-02 02:16:40",@masudhamiddh2983,"Akibat dari perbuatan zina semuanya jadi berantakan dan kacau balau 😢😞😓",0,,
UgyHIQK9Lp7pbZbaS8x4AaABAg,0,0,"2024-03-01 20:22:42",@diandrean8766,"Berasa nonton yamishibai,gambar alakadarnya tapi horornya dapet banget 👍",0,,
UgwckL_X0XzDNvtX28Z4AaABAg,0,0,"2024-03-01 14:01:37",@lillajambi-gq9kg,"Ini kisah nyata ku..gaji egk seberapa..hutang bnyk...malah mending kan main judi online..duit Uda abis istri minta duit beli susu ank...hutang pun blm di bayar...ujung ujung nya hutang tmbh bnyk...😢😢😢",0,,
Ugy7iojQUgXNLZwnPkp4AaABAg,0,0,"2024-02-28 17:51:32",@dendiafriansya7813,"Blokir semua situs judol jangan di beri acces saya kasian sih sama masyarakat dari kalangan anak- anak remaja Sampai orang tua main judol dan akhirnya terjadi lah pertengkaran keluarga",0,,
Ugz0cmSqZ-rIqB9Z5094AaABAg,0,0,"2024-02-28 12:52:47",@gintoki5211,😅,0,,
UgwSpMukK14KYsrVyYl4AaABAg,0,0,"2024-02-28 11:51:14",@Data77,"ha ha ha",0,,
UgxeoRusewe3kFSXexx4AaABAg,0,0,"2024-02-28 11:48:23",@yahyaedan,"Bang gw punya request nih: Request gara gara kebanyakan maen game penghasil uang gtu bang tapi buka judol dia kaya maen game trus kerjaaanya sampe lupa keluarga dan dalam ceritanya hasil dari maen game tersebut tidak membuahkan hasil gtu aj request gw bang🙏🙏",0,,
UgxIlm4vS9gpJX1zGrt4AaABAg,0,0,"2024-02-28 09:36:55",@Keinara_Azkya,"Hanya mengingatkan:jangan judi atau anda menyesalinya seumur hidup semoga mengerti by:keinara_azkya",0,,
UgzIWg4KANATK8Lmr014AaABAg,1,1,"2024-02-27 13:41:43",@kembartiga-xl7ui,"Persis tetangga ku disini nih bang rizki,ketagihan judol,utang numpuk rumah,motor di jual buat nutupin utang""masih kurang,utang nya ratusan juta,kompak laki bini masuk RSJ ibunya meninggal,anak nya yatim piatu",0,,
UgzIWg4KANATK8Lmr014AaABAg.A0K5h76Q91FACYVyk23iOY,,0,"2024-12-27 10:17:24",@creatorabal6262,"Ngeri x bang😮",1,UgzIWg4KANATK8Lmr014AaABAg,@kembartiga-xl7ui
UgxcPh_DxF04EaSgaUR4AaABAg,0,0,"2024-02-27 10:43:57",@notbad7052,"mantap brooo❤ gk sengaja lewat berandaaa",0,,
UgwwuF8dO8ogwmhQz0B4AaABAg,1,0,"2024-02-27 06:53:54",@latriprasetyo6977,"9:34 kok perempatan jalanya kayak di daerahku bang😅",0,,
UgwwuF8dO8ogwmhQz0B4AaABAg.A0JN1BSnXZ9A0JOcPbD4zQ,,0,"2024-02-27 07:07:51",@latriprasetyo6977,"kaya di daerah kebumen bang",1,UgwwuF8dO8ogwmhQz0B4AaABAg,@latriprasetyo6977
Ugz5If58VX6ANCEB8-N4AaABAg,0,0,"2024-02-27 06:38:02",@babycray-g2i,"Boleh judi asal.jadi adminnya❤😅",0,,
UgyXE5FvQ9syDRYeXMB4AaABAg,1,0,"2024-02-27 02:22:53",@denisaputra8135,"Di sini juga Klo mau nyari istri yang bisa support suaminya jangan cumn minta uang bulanan aja",0,,
UgyXE5FvQ9syDRYeXMB4AaABAg.A0It0C-kMsWAVYJx8HwAfA,,1,"2026-04-13 14:28:49",@anatharahadiplay,"Suaminya juga gak bener Ngapain Slot & Curi Kotak Amal",1,UgyXE5FvQ9syDRYeXMB4AaABAg,@denisaputra8135
UgxzYPt_LJHMA7j76yN4AaABAg,0,0,"2024-02-26 20:11:47",@dpjjapar,"Lah mending inimah baru main langsung dapet lah baru main hp tumbang",0,,
UgzeSaF09F5ydITLBE14AaABAg,0,0,"2024-02-26 14:34:18",@Iniikyyyy,"Jauhii judii Jauhii zina Dekatin akuu xixixi😂",0,,
UgyOcsbllDMvp39ubn14AaABAg,0,0,"2024-02-26 10:05:08",@Fachri27,"Mao nanya dong klo FT atau turnamen itu termasuk judi gk?",0,,
Ugwy0RV7DCrmBy0drV94AaABAg,1,0,"2024-02-26 07:39:23",@AgilAgil-b6d,"Mendingan beli rokok daripada main judi online",0,,
Ugwy0RV7DCrmBy0drV94AaABAg.A0GsRSfI6AyA0R3ZA2MOuK,,0,"2024-03-01 06:37:42",@Bidongs1010,"Sebenarnya dua duanya tetep gak boleh tau",1,Ugwy0RV7DCrmBy0drV94AaABAg,@AgilAgil-b6d
UgyflMZ_reaLAJsEj4p4AaABAg,0,0,"2024-02-26 06:29:23",@NurAeni-rr1yg,"mana bis judol di abisi yg ada makin di larng makin banyak yg main mana yg main orang2 miskin lg",0,,
UgwIZ9JealU-UJOUtl94AaABAg,0,0,"2024-02-26 06:28:37",@NurAeni-rr1yg,wkqkwkkk,0,,
Ugw39lZK1fqukl6jAfJ4AaABAg,0,3,"2024-02-26 05:42:12",@Gisella_cihu,"Wow tango itu makanan favorit ku apalagi rasa coklat, hmm enakkk sekali ❤",0,,
Ugw-4idWPm6CyVOW4Vx4AaABAg,0,1,"2024-02-25 14:45:26",@barza1758,"Gacor kang",0,,
UgwSSZuQZI3mZNrrxbx4AaABAg,0,1,"2024-02-25 13:35:29",@ikanoona3211,"Salfok telur gulungnya ya Allah. Mana malem² lagi nontonnya. Bikin laper😅😅",0,,
UgxYRNJeb-ssey2QN_N4AaABAg,0,0,"2024-02-25 02:37:30",@yudistira9602,"Gacor.. Gacor😂😅",0,,
UgzWZ5DpVnGX_Ps07gh4AaABAg,0,0,"2024-02-24 10:53:01",@krissvanyong,"Udh Lama Berhenti Main Mahjong 😂 Dulu Sempat Kecanduan, Tapi Alhamdulillah Saya Main Dulu Pas Ada Lebih Dana Doang, Depo Paling Besar Mentok 100k, Tapi Selama Saya Main Lebih Banyak Rungkad",0,,
UgwuAhWAfOlbbLlCd5B4AaABAg,0,0,"2024-02-24 10:17:32",@kingsapenk,"Gacor kang",0,,
UgwO3LFpgHpkxDQ6xtR4AaABAg,0,1,"2024-02-24 10:09:52",@vandy0045,"Terkadang dunia memang tak memberi kesempatan sama sekali untuk berubah😢 buat kita yang masih bisa berubah harus banyak bersyukur😢",0,,
UgzmmrPF3AMVcHhib6J4AaABAg,0,0,"2024-02-24 09:53:20",@cikbunga3184,👌🏼👈🏻🥵😂,0,,
Ugz4jT4URZUoNcv6fvF4AaABAg,0,0,"2024-02-23 22:22:39",@EVan-hi5wp,YT🤑,0,,
UgxZQjgdzlHCL1aqz4J4AaABAg,0,0,"2024-02-23 16:02:38",@djchristband5530,"Saya juga ada contoh kasus serupa yg dialami teman saya",0,,
Ugy8S-U5wGsHFEogJGt4AaABAg,0,1,"2024-02-23 11:31:50",@thisfyyy,"Semangat bang aku baru subscribe",0,,
UgxbhztzeO6EZX_54Ht4AaABAg,0,1,"2024-02-23 08:43:51",@inividio7,"Berawal dari jatuhnya paket iPhone 😅😅",0,,
UgxVuAJs0CXBib-OXEV4AaABAg,0,0,"2024-02-23 06:55:25",@lexxaaa-e5u,"Rme bnget 😊",0,,
UgwdFhkElcpuuQSHkx94AaABAg,0,1,"2024-02-23 05:46:44",@cans339,"Hal hal yanv dapat menghancurkan pria 1.judi 2.zina 3.pendukunb anis",0,,
UgwnG4p3Xn4J0vjcDdl4AaABAg,0,0,"2024-02-22 14:38:28",@Arecal,"Apk buat animasi namanya apa bang🙂",0,,
UgxDNPX5mlfkgUhi_rZ4AaABAg,0,0,"2024-02-22 13:37:18",@MichellegraciaemanuelaLengkong,"mama Luh",0,,
UgzgbXQpiKSG566bguh4AaABAg,0,0,"2024-02-22 05:49:25",@Christinelaurn22,"Kok bisa orang orang kecanduan judi , padahal udah jelas mainya gak dapet apa apa dapet seneng ga dapet stress iya",0,,
UgzcGH0jEzAzhm2RatJ4AaABAg,0,0,"2024-02-20 19:40:35",@diistwnn,"keren om karyanya😅",0,,
UgxihVzBq4QcakTF0BV4AaABAg,0,0,"2024-02-20 11:25:01",@ZURAIZIKK,"9:33 bejir tempat nya sama persis yang cet oren itu bengkel",0,,
UgyBrUjTW5xbfPVrn7t4AaABAg,0,1,"2024-02-20 10:38:10",@Arsiiiiil,"matanya gaada?",0,,
Ugy3yNHZfhcQ6_PNBnB4AaABAg,1,1,"2024-02-20 09:11:46",@FajarMuhamad-h4e,"pengen rasanya bisa berenti maen slot:( dulu sebulan itu bisa megang sedikit dari gaji, tapi semenjak kenal slot, ancur semuanya:(",0,,
Ugy3yNHZfhcQ6_PNBnB4AaABAg.A01aEvxd0IVA1S4rX6vfhy,,0,"2024-03-26 12:39:43",@LalaNurjanahh,"Sama kerja jauh2 duit abis pake slot sampe puluhan juta 😫😫 nyesel TPI kadang masih di ulangi gmn cara nya ya pngen bisa lupa total",1,Ugy3yNHZfhcQ6_PNBnB4AaABAg,@FajarMuhamad-h4e
UgyQvNBOy9dBqItlCAR4AaABAg,0,0,"2024-02-20 07:24:42",@anakkampung9733,"Ini akibat cobra😂😅",0,,
UgzU6nXM2U9eje9D09B4AaABAg,0,0,"2024-02-19 08:27:26",@AkunBaru-iz4eu,"Jauhi zina Jauhi judol",0,,
UgwPZ6v-1pcOEhS7mfN4AaABAg,0,0,"2024-02-19 06:06:35",@ihsanmahesa9321,"Bang coba bikin cerita tentang ""marhaban ya balapan""",0,,
Ugz_t7i-HOzCJECMm8B4AaABAg,0,0,"2024-02-19 04:09:36",@juleerohayu1850,"dalam Islam di Haram kan Judi",0,,
UgwiL0nr1YMFrIppFq54AaABAg,0,0,"2024-02-19 01:33:00",@bangsidzosaka-37,"bang Rizky sapa aku 😊",0,,
UgwKq-nnLW_LYT1KtlZ4AaABAg,0,0,"2024-02-18 13:28:51",@pakdhedeny,Wawwhhhhhhjh,0,,
UgxyzIx4kh_qIh8PQLl4AaABAg,0,0,"2024-02-18 11:52:07",@mrx-he6qt,"Ingat ya judi bisa sangat pengaruh sama emosional,jgn sekali² coba buat main judi",0,,
UgzuFRF4x7I8ELG3OJR4AaABAg,1,34,"2024-02-18 10:33:51",@MerekaMereka-qy6tb,"Kurasa memang sulit untuk cari kerja karena: • usianya harus sesuai standar • statusnya belum menikah • tinggi badan/ berat badan • berpenampilan menarik Jadi begitu banyak pengangguran karena syarat yang aneh dan tidak masuk akal ini. mungkin karena itu, banyak orang yang bermain judi online. Karena ada yang mengatakan ""judi bisa bikin kaya mendadak"" 😑😒😭",0,,
UgzuFRF4x7I8ELG3OJR4AaABAg.A-xa2JkVMoxA8lF50rqaET,,0,"2024-09-24 08:13:39",@minaryn1501,"Bener. Aq sebagai ortu, sekarang ketar ketir, mikirin nasib anak2ku ke depannya. 😢",1,UgzuFRF4x7I8ELG3OJR4AaABAg,@MerekaMereka-qy6tb
Ugzkr8jPo41IOzi6_Nx4AaABAg,0,0,"2024-02-18 08:37:50",@doyiodoy723,"Apakah ini kisah nyata??.. ternyata benerrr banyak kehidupan di sekitar kita begini..",0,,
UgwcjCffpKheSJt5CEN4AaABAg,0,0,"2024-02-18 07:20:46",@aditttt1925,"Gua ketipu njir ama telponnya",0,,
Ugx_mERsMyGrhri539R4AaABAg,0,0,"2024-02-18 01:48:25",@imam.production,𝙃𝙝𝙝,0,,
Ugwn-2mY1z8714Spysp4AaABAg,0,1,"2024-02-18 00:14:55",@napisaditya8739,"Assalamualaikum,bang lu suka tanggo",0,,
UgzSgnbYbybOb7BFjeR4AaABAg,0,1,"2024-02-17 18:35:08",@mridwanmaulana1671,Gacorrrr😂,0,,
UgzQXwWykq2CJXVBzq54AaABAg,0,1,"2024-02-17 18:17:07",@maktrim999,"Bang jangan cuma pemain yang disindir,bandarnya juga bang,Azab jadi bandar judi online,itu judulnya",0,,
UgwYg7SZA3QvCmrJNU54AaABAg,0,0,"2024-02-17 18:02:56",@Reyhan-ux7dd,"Lah depan rumah nya udh kyk Suparman reborn wkwk",0,,
Ugx9qwRED-myyq3m1-d4AaABAg,0,0,"2024-02-17 15:08:15",@alirosegnr96,"Jujur gua juga korban dari judol, dan sekarang pengen dah hidup yg normal"" aja cukup sekali seumur hidup kecanduan judol begitu..",0,,
UgztTbFIQysyBTmzpTt4AaABAg,0,1,"2024-02-17 14:47:32",@WingkyXX,"Yang kayak gini banyak bet anjir di tongkrongan gue, Alhamdulillah gue gak terbawa sama mereka karena sadar gak Baik+Slod itu di atur oleh orang dibalik layar (hanya akan diberi kenikmatan sesaat)",0,,
Ugzmi9lgv3szAExuS6Z4AaABAg,1,8,"2024-02-17 08:34:16",@En_maryan,"Banyak pelajaran yang bisa di ambil. Thank you bang❤",0,,
Ugzmi9lgv3szAExuS6Z4AaABAg.A-unZYbzhODAJRJETFiCPF,,0,"2025-06-16 14:51:10",@bayupratama3608,"Sama2 dek",1,Ugzmi9lgv3szAExuS6Z4AaABAg,@En_maryan
UgzTVN9keBFLCLtEklZ4AaABAg,0,1,"2024-02-17 08:19:06",@azuraflora5806,"Mengandung banyak makna arti pesan moral nih animasi, semoga judi online diblokir pemerintah 😔",0,,
UgwvOJR99HAAABfRGs94AaABAg,0,1,"2024-02-17 05:03:30",@dimzz8494,"Nonton kayak gini jadi mikir nanti gede bakalan kayak gimana ya 🙂",0,,
UgxLmQIEaH3y9kbHBJ94AaABAg,0,0,"2024-02-16 17:45:44",@pogocoveleski7781,wow,0,,
Ugw1Ytdh4LPWMXXZWbB4AaABAg,0,0,"2024-02-16 14:49:53",@MakiRizki,"Ya semoga aja kasihan lah semua orang gara-gara judi online itu tidak buat kita kaya malah nambah beban dan nambah gila",0,,
UgzfCqKOU_lGTTDdnnd4AaABAg,0,1,"2024-02-16 13:27:21",@RaihanRamdhan666,"Sebener nya gua lebih heran sama influencer/selebgram yg nge promosiin link judi online. Kaga ada abisnya",0,,
UgwFMlU1kKE5LcAAD894AaABAg,0,0,"2024-02-16 11:27:54",@shanchannel3465,"Kebanyakan judbol di 1xbet",0,,
Ugw46Z3_AQlROK43PtJ4AaABAg,0,1,"2024-02-15 16:43:35",@WG5563,"Game Online di blokir tapi Judi Online tidak 😅",0,,
UgwTRe5hhpdRE8jlIS94AaABAg,0,0,"2024-02-15 12:18:25",@Kobofvndyrmx,"Kak rizky riplay tolong dong kasih cara yang lain soalnya temenku saya udah kasih ini video tetep aja ngeyel judol mulu",0,,
UgwGlNlB3XZ2LQr8gsh4AaABAg,0,0,"2024-02-15 11:02:29",@mncdai,"Makanya jangan ngew3 kalo masih miskin",0,,
UgxtiuRnt42s0o-yc0B4AaABAg,0,0,"2024-02-15 09:46:18",@gilbeygold1235,"rumah legend",0,,
UgzKmdCJqGddWUolbwh4AaABAg,0,0,"2024-02-15 07:58:42",@Alin_preset,p,0,,
Ugz73KIuz8rfMpoV9mh4AaABAg,0,1,"2024-02-15 07:06:04",@Nazuna-l7e,"Semangat bang Rizky riplay untuk kontenya",0,,
UgxB_00PVvugXz6U5hJ4AaABAg,0,0,"2024-02-14 12:36:08",@Granny_4_The_Rebellion,"l don't know",0,,
UgwO1HMzz1Fn0VCPDHB4AaABAg,0,0,"2024-02-14 06:26:37",@GojolTheGame,"emang gak ada cerita nya orang kaya dari hasil judi",0,,
UgyPXu4FT8I_RvgPHy14AaABAg,0,0,"2024-02-14 06:04:32",@herlynanggi7787,"Kasur bayinya merk omiland min😂",0,,
UgwcwE3wtP5zXCtpdKx4AaABAg,0,0,"2024-02-13 17:25:59",@edxm66,"Gimana yah masa depan ku 😌",0,,
Ugw93C3mZo90-PG9syh4AaABAg,0,0,"2024-02-13 14:56:41",@SahrizanFebriansah-ii9nq,"baru tahu ada judi online",0,,
Ugw_DqDFcD3eI_bZnzx4AaABAg,0,0,"2024-02-13 06:13:55",@DanzzXiterzz,"Suaranya bikin candu subscriber baru bg sapa😃",0,,
Ugx27tpIWRCYh4nDzkp4AaABAg,0,1,"2024-02-12 16:18:50",@kappapatttttt875,"jangan lupa sholat😊",0,,
UgwUigQmIinyXg2S7lh4AaABAg,0,0,"2024-02-12 12:24:15",@yyyzzz3581,"Gacor kang",0,,
Ugza4wc3PuINFsbkgYJ4AaABAg,0,0,"2024-02-12 01:18:43",@andikadira7224,"Tumben judul nya pendek bg😂",0,,
UgxR20t7RCqAhhOV1Xt4AaABAg,0,0,"2024-02-12 01:11:47",@Vivos-fo4tg,"Drama azabb",0,,
UgzqPZcVGvZQon1Rd5B4AaABAg,0,1,"2024-02-11 15:49:06",@Triaamartaa12,"Ngakakkk banget pas bilang *max umur 25thn tpi udh hrs ada pengalaman kerja 10thn* 🤣🤣🤣🤣",0,,
Ugz_h-BiqPBZvIFPL-R4AaABAg,0,0,"2024-02-11 12:37:42",@cipaaja-2011,"Super gacor 🗿",0,,
Ugy12cCuwCuKBfCPJm94AaABAg,0,0,"2024-02-11 07:30:51",@Andreashypper7766,"Kok suara telponnya mirip youtuber yang namanya ronnie mcnutt yang bunuh diri karena telpon dan dia bunuh diri menggunakan shotgun sampai kepalanya berhamburan di mana mana jadi itu suara dari YouTuber bunuh diri yang namanya aku sebutkan dari awal oke kalo ada yang salah bisa dikoreksi ya 😊😊😊😊😊",0,,
Ugy3Rq1_6M5kAFSFRhV4AaABAg,0,0,"2024-02-11 05:35:15",@panduok4610,"harusnya bandar judi dan bandar narkoba dihukum mati didepan publik",0,,
UgzP3wZLubVSj-0ltoF4AaABAg,0,20,"2024-02-11 05:05:25",@Susilawati-t9c6m,"Ya Allah semoga judi di hapus amin 👇 👇 👇",0,,
UgxbGvvsRmXz0poBlsN4AaABAg,0,0,"2024-02-11 02:17:37",@muliakomputer7890,"Mntap yg bkin konten... Sukses trsss..",0,,
Ugw4EYEA5BaM9_Y-r9t4AaABAg,1,0,"2024-02-10 15:36:02",@kinariangraniamecca3451,"Sodara w abis abisan,duit orang tua nya diembat,total hampir 600 juta,mobil mobil abis kejual,sekarang miris hidupnya sama istrinya",0,,
Ugw4EYEA5BaM9_Y-r9t4AaABAg.A-dXGV0p4gMA1RUAnl_2Yd,,0,"2024-03-26 07:01:42",@trivaldy3471,"serius ampe segitu efeknya ?",1,Ugw4EYEA5BaM9_Y-r9t4AaABAg,@kinariangraniamecca3451
UgyXqikwjbLPm3AJ1ox4AaABAg,0,0,"2024-02-10 14:21:11",@Dikpraja,"Keren bang kontennya salam dari Kalteng bang 🙏",0,,
UgwapSlKf5aLXM_LlL94AaABAg,0,0,"2024-02-10 10:42:51",@indahdewi8720,"😊kontenya byk moral yg harus diperbaiki anak muda sekarang . Sukses selalu bang risky",0,,
Ugx1DAS6sw6g8sJ8BQ54AaABAg,0,98,"2024-02-10 07:00:56",@Zazaaa-nh5ry,"Jadi teringat guru tik yang jadi seorang bandar zeus udh 2 kali masuk bui karena masalah yg sama . Moga aja guru ku klo udh keluar bisa tobat dan g ulangi perbuatannya lagi ❤️",0,,
UgwCT__cfjcwOyc2rsp4AaABAg,2,2,"2024-02-10 06:16:03",@riomabasudara1122,"Apa? Diberantas? Kominfo aja masih sibuk blokir game anak muda",0,,
UgwCT__cfjcwOyc2rsp4AaABAg.A-cXB4ikwHbA-ccJXX2Z42,,0,"2024-02-10 07:09:38",@RYUZAKI_KUN_01,"Bener tuh",1,UgwCT__cfjcwOyc2rsp4AaABAg,@riomabasudara1122
UgwCT__cfjcwOyc2rsp4AaABAg.A-cXB4ikwHbA-njqUsuy1_,,0,"2024-02-14 14:47:04",@keyllenledy3409,"Bener tuh",1,UgwCT__cfjcwOyc2rsp4AaABAg,@riomabasudara1122
UgxQJsgIRaBL4iYPT554AaABAg,0,0,"2024-02-10 05:02:30",@mochiikita,"judi itu seperti Janji palsu mantan yang katanya akan mencintaimu terus nyatanya? janji itu di buang sia sia",0,,
UgxTTbdmgQuaW24VTcl4AaABAg,0,0,"2024-02-10 03:38:25",@peluncurmalam747,"JUDOL : JUalan doDOL",0,,
UgzCI9Vf56szmwp0ZQB4AaABAg,0,0,"2024-02-10 01:39:37",@Korizen_tika,"Nama ku kan Atikah animasinya nama nya tiko kalau A sama h dan o nya di ganti jadi a jadi nama ku juga😂🙏🏻🤣😭",0,,
UgzO0u6e57ea0skLJE54AaABAg,1,0,"2024-02-09 23:31:39",@Awrenzz,"puncak kegilaan judol tu pas slot muncul, dlu judi bola judi togel tu aksesnya susah jga jadi ga gni amat",0,,
UgzO0u6e57ea0skLJE54AaABAg.A-bnuDl4ycUA-cc_KFdSCO,,0,"2024-02-10 07:11:55",@RYUZAKI_KUN_01,"Emang judi itu cuma nguras duit dengan embel embel permainan",1,UgzO0u6e57ea0skLJE54AaABAg,@Awrenzz
UgxcfIU5I15inS7XNcV4AaABAg,0,0,"2024-02-09 21:54:32",@titl-2-candraadib296,"habis rungkad nih bang tai emng judol",0,,
UgyCdWQR6y2g8nw_xlp4AaABAg,0,3,"2024-02-09 17:57:13",@iqbalbaehaki955,"Kelingan massalalu setiap makan selalu nonton gnian semoga ajh dia baca komenku😊aku kgnn km",0,,
Ugyp0F1-L5wZNj3Akh94AaABAg,0,0,"2024-02-09 14:06:49",@kamikazekz9442,"Mau judol ataupun apa ,tetep jauhi perjudian ya",0,,
UgwbeceI2rx5WsR6bxR4AaABAg,0,6,"2024-02-09 09:26:33",@ggbb056,"Plot Twist : inimah kisah lanjutan Si aldott dan Dinda dari dhot Design 😂😂😅",0,,
Ugz3CkxLKbUvzbF7gIR4AaABAg,0,0,"2024-02-09 08:33:13",@Abi_yp,"Pengakit nih ya lo kena Sabu trus kena judol kalah kena pinjol mati kau",0,,
UgxE6OLjGf2vZ--jgRp4AaABAg,0,0,"2024-02-09 00:42:19",@dnielstiawan880,"This is real, fact!!!",0,,
UgzheJwGXde6JNlYrrR4AaABAg,0,0,"2024-02-09 00:09:52",@SeptiMaharani417,"Awal nya sih menang itu hanyalah kedok nanti juga di buat kalah terus",0,,
UgxCjLWjgJqpHIj_aFR4AaABAg,0,0,"2024-02-08 23:11:38",@FpSamsun233,"Buat dong ibunya zinah sama lelaki lain",0,,
UgySQ79JAb1k_TgsBeV4AaABAg,0,1,"2024-02-08 21:36:19",@ahmadfauzan1998_,"Serendah itu kah cuma modal ijazah SMA?",0,,
UgyOvBfwIQzaImX8cTt4AaABAg,0,0,"2024-02-08 14:56:41",@SakongWarung-me1yr,"Gw ko ga tega ya liat bayi nya kasian banget anak nya",0,,
UgyrwelwecfnbThjMid4AaABAg,0,78,"2024-02-08 11:02:05",@IraSusilawati-j7x,"Tidak semua lki² bisa bertanggung jawab jdi jauhi lah zina,selain dosa itu juga cuma hawa nafsu belaka,jauhi judi online karna itulh yg menyabab kan kemiskinan kesulitan dll.",0,,
UgzTrIlQf0oqbUz909h4AaABAg,0,2,"2024-02-08 06:49:14",@MuhammadKhalid-mg6bg,"Bang buatin video,Akibat zinah dong😅 ❤❤",0,,
Ugwz1atPDI3XYjwsNu94AaABAg,1,0,"2024-02-08 04:16:49",@Sushisasimi1,"bapa gua juga sering main slot menang main kalah main kalah main kalah main kalah main kalah main menang trus gitu tapi kebanyakan kalah nya",0,,
Ugwz1atPDI3XYjwsNu94AaABAg.A-Y9x6Ljy7gA-YGwvSu6Tp,,0,"2024-02-08 05:17:58",@Lotusflower0000,"Karena sudah di atur oleh admin judi nya😅 Pernah baca komentar di youtube di video yang bahas judol,bahwa itu semua diatur oleh admin judolnya",1,Ugwz1atPDI3XYjwsNu94AaABAg,@Sushisasimi1
Ugys_wxQmbFHMDRV3uN4AaABAg,0,0,"2024-02-08 03:38:06",@SuryanaefendiEfendii82,"Ingat lah dengan lagu Roma irama judi",0,,
UgwYygUz9e-ATBzZ9Yh4AaABAg,0,0,"2024-02-08 02:39:45",@Slaveprincessisrael,"Yuhu 🎉🎉🎉 rizky",0,,
UgyAuM2dWqs2PPHDhDd4AaABAg,0,0,"2024-02-08 00:02:52",@eliyaszulfa-ww8um,"keren ak",0,,
Ugzc44eso-RWbeJJqwZ4AaABAg,1,0,"2024-02-07 10:53:42",@AhmadAdhafilapadengan-n4q,"Judo mulu bikin bangkrut wkwkw 🗿",0,,
Ugzc44eso-RWbeJJqwZ4AaABAg.A-WI_6MMfjRA-WfWGDhuLQ,,0,"2024-02-07 14:22:54",@RizkyRiplay,"makasii sudah nonton yaaa☺️",1,Ugzc44eso-RWbeJJqwZ4AaABAg,@AhmadAdhafilapadengan-n4q
UgxG4aR4AzzgzhDq59V4AaABAg,0,0,"2024-02-07 10:40:42",@ivansimorangkir523,"Cewek matre alias low value woman alias ani² michat menindaskan pria badut alias atm berjalan tanpa mengetahui mahalnya karakter high value kesetiaan, ketulusan dan kedamaian. Mereka akan bertindak untuk numpang hidup menjadikan pria harus berjudol membayarkan mahar yang berlebihan ""human traffic"" kan sperti itu",0,,
Ugx8AqzWdWT1ZyjDWvR4AaABAg,0,1,"2024-02-07 09:30:20",@Lolot-p3g,"Gapapa maen judi duit sendiri kok",0,,
UgwhSYK9Cr1w2zDnMxh4AaABAg,0,0,"2024-02-07 08:28:34",@Anisa198-l7s,乁⁠[⁠ᓀ⁠˵⁠▾⁠˵⁠ᓂ⁠]⁠ㄏ,0,,
UgxS_YJfXNHI5J656VZ4AaABAg,0,0,"2024-02-07 05:27:22",@TaufikPermana-w9e,"Ayo judol seadanya aja gue depo 150k jadi 1800",0,,
UgyjxLJ89T-sC3i7B1F4AaABAg,0,0,"2024-02-07 05:24:56",@silviarummediana1858,"Akibat Judol sama zina, udh tau di larang mlh di lakuin",0,,
UgwFsBMTS4hhG35BJUl4AaABAg,5,22,"2024-02-06 22:22:49",@Nanaav_11,"Tango lagi😭😭",0,,
UgwFsBMTS4hhG35BJUl4AaABAg.A-UxdR0PxyDAKevsS8jOwm,,1,"2025-07-17 03:38:18",@AgustinaAgustinaAgustina-l8h,"Lihat tango jadi ngiler bnget 🤤🤤🤤",1,UgwFsBMTS4hhG35BJUl4AaABAg,@Nanaav_11
UgwFsBMTS4hhG35BJUl4AaABAg.A-UxdR0PxyDAKevuyWTz5s,,1,"2025-07-17 03:38:39",@AgustinaAgustinaAgustina-l8h,"Salam kenal Nana🤗",1,UgwFsBMTS4hhG35BJUl4AaABAg,@Nanaav_11
UgwFsBMTS4hhG35BJUl4AaABAg.A-UxdR0PxyDAR1nC1nW4vS,,0,"2025-12-22 13:12:37",@farrelee_,"Aloo kakaq",1,UgwFsBMTS4hhG35BJUl4AaABAg,@Nanaav_11
UgwFsBMTS4hhG35BJUl4AaABAg.A-UxdR0PxyDASdVKdtoNha,,2,"2026-01-31 10:29:32",@VeriDiantara-jj6vo,"​@farrelee_ apa ke deq",1,UgwFsBMTS4hhG35BJUl4AaABAg,@Nanaav_11
UgwFsBMTS4hhG35BJUl4AaABAg.A-UxdR0PxyDATKiubkTwec,,1,"2026-02-17 14:43:30",@VaniaFarisya,"​@VeriDiantara-jj6vo pada kenapa siq",1,UgwFsBMTS4hhG35BJUl4AaABAg,@Nanaav_11
UgyBGcC2hWShylR1c6d4AaABAg,0,0,"2024-02-06 18:32:51",@TiniRusmiati-x2n,Haha,0,,
UgwYVdYaEC_55kn64094AaABAg,0,0,"2024-02-06 15:04:30",@ZakyNurfairi-r7f,"allah terlalu berat meguji kita. pemerintah/presiden lalai dengan rakyaknya jadi rakyat belantaran susah kerjaan,sehingga di kebiguman apapun yang menghasilkan uang jadi halal,",0,,
UgxUR3KzORAvCTUuRs54AaABAg,0,0,"2024-02-06 14:49:35",@nazwaa5229,"kasian bgt jadi tiko :(",0,,
UgwR1rhQforsceCylKJ4AaABAg,0,0,"2024-02-06 14:12:52",@amaniTv_Official,"Gara2 judi, mantanku aja kabur bawa HPku dan atmku. Untung atm ku waktu itu isinya cuma 50 rb. Wkwwk. Yg bikin nyesek tuh ya HP. Itu terjadi gara2 dia udah ketagihan maen judi online. Kalah terus. Dan dia bnyak utang ke bos tempat kerjanya. Alhasil kabur krna ditagih2 terus sama bosnya , smntara dia ga bisa bayar. Udah gtu kabur bawa atm dan hp ku lagi. Hadeeeh. Nyiksa bgt wktu itu gak pake hp dulu smpe 1 minggu, sblum ada yg beliin hp baru buatku.",0,,
UgyWLNG8Hd1HcKP2V5h4AaABAg,0,0,"2024-02-06 13:33:35",@AbangLiem24,"Udah saya nonton bg 😁🙏",0,,
UgwLvLF9lpzcSjWJUWh4AaABAg,0,0,"2024-02-06 13:33:32",@SARAH-wu4de,"Bilangin sama kominfo blokir aja judi online bukan game yang banggain negara",0,,
UgyWzIiTgk6gnh3D0RV4AaABAg,1,0,"2024-02-06 12:43:51",@Makmurimakmuri-j1l,"Banyakin video azab sama drama kaya gini bang",0,,
UgyWzIiTgk6gnh3D0RV4AaABAg.A-TvNvMKs62A-TyF1sT5Dh,,0,"2024-02-06 13:08:51",@RizkyRiplay,"staytune yaa kita tayang setiap hari rabu dan sabtuu",1,UgyWzIiTgk6gnh3D0RV4AaABAg,@Makmurimakmuri-j1l
UgxypK0sNDXYBdnPZTN4AaABAg,0,0,"2024-02-06 11:37:59",@pipitputri9668,AJAII,0,,
UgzA1AoiW86XTqP2Lgp4AaABAg,1,0,"2024-02-06 11:25:43",@kangwo3919,"STOP JUDI ONLINE, STOP SLOT . SAYA PERNAH MENCOBA MESKI AWAL DI KASIH MENANG AKHIRNYA PASTI AKAN HANCUR STOP DAN HENTIKAN JUDI ONLINE TETAP SEMANGAT DAN BERBUAT POSITIF",0,,
UgzA1AoiW86XTqP2Lgp4AaABAg.A-TmRhzNXjtA-TyDRaByZn,,0,"2024-02-06 13:08:38",@RizkyRiplay,"mantapp makasii yaa sudaj berbagi pengalaman bersama kitaaa🥰",1,UgzA1AoiW86XTqP2Lgp4AaABAg,@kangwo3919
Ugy-1JNVyV2OSb0sJXN4AaABAg,1,1,"2024-02-06 08:22:26",@raliniqairinayasmin8550,"Sukses terus Channel Rizky Riplay🎉",0,,
Ugy-1JNVyV2OSb0sJXN4AaABAg.A-TSTEd_03fA-TyAwqdmjv,,0,"2024-02-06 13:08:17",@RizkyRiplay,"aamiin makasi doanya yaaa",1,Ugy-1JNVyV2OSb0sJXN4AaABAg,@raliniqairinayasmin8550
Ugx9Ni0in1SmkR-EvQR4AaABAg,1,0,"2024-02-06 06:41:18",@Akbar_SUKI,"Kenapa matanya kadang ada kadamg ngga ada",0,,
Ugx9Ni0in1SmkR-EvQR4AaABAg.A-TGtcOdmh4A-TyAEVRNr9,,0,"2024-02-06 13:08:11",@RizkyRiplay,"masa sii",1,Ugx9Ni0in1SmkR-EvQR4AaABAg,@Akbar_SUKI
UgxTNaCi96XuOWkk6rF4AaABAg,1,0,"2024-02-05 20:57:24",@idrys-kun1503,"Ayang aa marah mulu",0,,
UgxTNaCi96XuOWkk6rF4AaABAg.A-SE3vkVsmcA-Ty8eUh2MY,,0,"2024-02-06 13:07:58",@RizkyRiplay,"makasi sudah nonton yaa",1,UgxTNaCi96XuOWkk6rF4AaABAg,@idrys-kun1503
UgzF0h2SxjV_6SxM0vB4AaABAg,1,1,"2024-02-05 10:40:39",@Dandi26-Xy,"Terinspirasi dari kisah nyata kh min😂",0,,
UgzF0h2SxjV_6SxM0vB4AaABAg.A-R7UlySunwA-Ty7dh2dPT,,0,"2024-02-06 13:07:50",@RizkyRiplay,"enggakkk, ini cerita fiktif yaa",1,UgzF0h2SxjV_6SxM0vB4AaABAg,@Dandi26-Xy
UgzU5XnXLfuozakejt54AaABAg,1,0,"2024-02-05 06:54:41",@tikoy89channel91,"Aku baru Nemu channel ini tadi, langsung aku subscribe, lumayan seru dan menghibur, saya mau tanya, apa kah yg diceritakan di channel ini kisah nyata semua?",0,,
UgzU5XnXLfuozakejt54AaABAg.A-Qicigr-pWA-Qikz-wdZH,,0,"2024-02-05 06:55:49",@RizkyRiplay,"wihh mantapp makasii yaa ^_^ ini cerita fiktif yaa 6_^",1,UgzU5XnXLfuozakejt54AaABAg,@tikoy89channel91
UgxSo2k9fgfm-mMK8wh4AaABAg,1,0,"2024-02-05 05:53:32",@aditiyadimas8387,"Skarang mas rizky riplay ska Tango ya. Saya jga ska mas mas Tango",0,,
UgxSo2k9fgfm-mMK8wh4AaABAg.A-QbcmksPVnA-QceldSGcZ,,0,"2024-02-05 06:02:32",@RizkyRiplay,"suka banget bangett :D",1,UgxSo2k9fgfm-mMK8wh4AaABAg,@aditiyadimas8387
UgzLFuStni1CG35mSHd4AaABAg,2,0,"2024-02-05 02:28:06",@hakim2221,"Padahal tidak terlalu seram untuk animasinya menurutku, tapi kenapa selalu merinding ya pas nonton,, 😂😂 kira2 knp ya temen2?",0,,
UgzLFuStni1CG35mSHd4AaABAg.A-QF79WUiHnA-QIL9uAF92,,0,"2024-02-05 02:56:13",@RizkyRiplay,"semoga ada banyak hikmah yang bisa dipetik dari video ini yaaa☺️",1,UgzLFuStni1CG35mSHd4AaABAg,@hakim2221
UgzLFuStni1CG35mSHd4AaABAg.A-QF79WUiHnA-QJ3yjcH4L,,0,"2024-02-05 03:02:37",@hakim2221,"@RizkyRiplay aamiin, semngat terus bikin videonya, sehat sukses selalu,, ☺☺",1,UgzLFuStni1CG35mSHd4AaABAg,@hakim2221
UgzmuCn2nzntcaEWooh4AaABAg,1,1,"2024-02-04 18:28:05",@royanalfarizi6878,"Diberantas pemerintah tapi di budidayakan olrh kepolisian... 😂",0,,
UgzmuCn2nzntcaEWooh4AaABAg.A-POBUAGqSNA-QIJz3yNUw,,0,"2024-02-05 02:56:04",@RizkyRiplay,"gaikut ikut aku yaa😂",1,UgzmuCn2nzntcaEWooh4AaABAg,@royanalfarizi6878
UgwCiihZ6hG1RL-LRXt4AaABAg,1,0,"2024-02-04 13:37:49",@greentea-xn7ev,"cape bnget ya sehat terus bg jgn lupa makan banyak²",0,,
UgwCiihZ6hG1RL-LRXt4AaABAg.A-OryQ3v8yvA-QIIHdt9ZJ,,0,"2024-02-05 02:55:50",@RizkyRiplay,"aamiin makasi doanya ayaaaa",1,UgwCiihZ6hG1RL-LRXt4AaABAg,@greentea-xn7ev
UgycV87hCi0gDvoL0o94AaABAg,1,0,"2024-02-04 12:05:40",@riskadesyasafitri1499,"sebel bgt sama org kek gini kasian anak jd korban😔",0,,
UgycV87hCi0gDvoL0o94AaABAg.A-OhQ_0r3--A-QIF9uDWWX,,0,"2024-02-05 02:55:24",@RizkyRiplay,"semoga ada banyak hikmah yang bisa dipetik dari video ini yaaa☺️",1,UgycV87hCi0gDvoL0o94AaABAg,@riskadesyasafitri1499
UgxHnTFeW9UlLMPgxjJ4AaABAg,1,2,"2024-02-04 08:47:30",@chelsykurniasari5990,"Chirikas kk Rizky jdi krkter di cerita lain. Jketny merah ada logo 👻rmbutnya itu apa tgh2 tbal dan pinggil2 nya tpis 😁",0,,
UgxHnTFeW9UlLMPgxjJ4AaABAg.A-OLk5q0g4AA-QIDHOqIcq,,1,"2024-02-05 02:55:09",@RizkyRiplay,"itu apasii nama model rambutnyaaa😂😂lupaa apasii yaaa",1,UgxHnTFeW9UlLMPgxjJ4AaABAg,@chelsykurniasari5990
UgxowOKxVwfndjMeKiZ4AaABAg,1,1,"2024-02-04 08:03:52",@agnesdwirahayu8486,"Indo april😅",0,,
UgxowOKxVwfndjMeKiZ4AaABAg.A-OGkYwz60dA-QI79MhXcJ,,1,"2024-02-05 02:54:19",@RizkyRiplay,"wkwk iyaa nii",1,UgxowOKxVwfndjMeKiZ4AaABAg,@agnesdwirahayu8486
UgwrPapgNZGnqQyXLKl4AaABAg,1,1,"2024-02-04 05:58:33",@chaerryxs,"bagus bgt animasinya ❤",0,,
UgwrPapgNZGnqQyXLKl4AaABAg.A-O2Ph1tkQVA-QI6cADr3x,,0,"2024-02-05 02:54:14",@RizkyRiplay,"yay makasi yaaa",1,UgwrPapgNZGnqQyXLKl4AaABAg,@chaerryxs
Ugy5fFJBB_pALYKsFW54AaABAg,1,0,"2024-02-04 05:49:48",@cintikimigi,"Sial banget idup si tiko itu😂",0,,
Ugy5fFJBB_pALYKsFW54AaABAg.A-O1PdbkPjhA-QI636R2VH,,0,"2024-02-05 02:54:10",@RizkyRiplay,"itu pilihannya yang salahh",1,Ugy5fFJBB_pALYKsFW54AaABAg,@cintikimigi
UgyLY1ovTVyJtENuEal4AaABAg,1,0,"2024-02-04 03:17:17",@Vijar_vloG,"Mantap ❤",0,,
UgyLY1ovTVyJtENuEal4AaABAg.A-Nkx_gM_79A-Nq3D-BQSk,,1,"2024-02-04 04:01:53",@RizkyRiplay,"semoga ada banyak hikmah yang bisa dipetik dari video ini yaa☺️",1,UgyLY1ovTVyJtENuEal4AaABAg,@Vijar_vloG
UgxzBelf-ci1m-h-wcx4AaABAg,1,1,"2024-02-04 00:44:54",@ggbb056,"Di endorse nihh yee🗿😅 Makann tuhh Kawinn mudaa , menggambarkan pemuda zaman know bangett,yg sok sokan romantis pas sekolahh😂😂😅 Susah Bree Judol diberantas,masihh bnyk oknumm2 ,aplgi tokoh selebritis ada yg Mempromosiin judol,cuakks",0,,
UgxzBelf-ci1m-h-wcx4AaABAg.A-NUWQ1LTh1A-Nq2fQtTmO,,0,"2024-02-04 04:01:48",@RizkyRiplay,"semoga ada banyak hikmah yang bisa dipetik dari video ini yaa☺️",1,UgxzBelf-ci1m-h-wcx4AaABAg,@ggbb056
UgyKcn6WpuAokNEGZzF4AaABAg,1,0,"2024-02-03 18:09:52",@aditmarco7689,"Semoga kita dijauhin dari Judi Online",0,,
UgyKcn6WpuAokNEGZzF4AaABAg.A-MmJA5ZswjA-Nq1X8L28H,,0,"2024-02-04 04:01:39",@RizkyRiplay,"aamiin, semoga ada banyak hikmah yang bisa dipetik dari video ini yaa☺️",1,UgyKcn6WpuAokNEGZzF4AaABAg,@aditmarco7689
UgwYj7_W2wMz0_9kPzx4AaABAg,2,2,"2024-02-03 14:21:30",@dwisetyaningrum4528,"Jatoh paket iPhone nya",0,,
UgwYj7_W2wMz0_9kPzx4AaABAg.A-MNAWKPYB0A-Nq0fiuUsP,,0,"2024-02-04 04:01:32",@RizkyRiplay,"semoga ada banyak hikmah yang bisa dipetik dari video ini yaa☺️",1,UgwYj7_W2wMz0_9kPzx4AaABAg,@dwisetyaningrum4528
UgwYj7_W2wMz0_9kPzx4AaABAg.A-MNAWKPYB0A-fMBcKfM1B,,0,"2024-02-11 08:37:43",@wonysvault,"bisa jd diambil",1,UgwYj7_W2wMz0_9kPzx4AaABAg,@dwisetyaningrum4528
Ugxv_2PFpF_74elJx8l4AaABAg,1,15,"2024-02-03 12:41:26",@ramliramli7261,"konten nya bagus banget ya makanya aku sering nonton ini karena seru semua nya sama orang nya update terus deh ihihihihihihihi 😂😂😂😂😂👏🏻👏🏻",0,,
Ugxv_2PFpF_74elJx8l4AaABAg.A-MBibzJ5-3A-Nq-szNQQk,,1,"2024-02-04 04:01:26",@RizkyRiplay,"semoga ada banyak hikmah yang bisa dipetik dari video ini yaa☺️",1,Ugxv_2PFpF_74elJx8l4AaABAg,@ramliramli7261
UgzaA3vAGBJd_ksOgZp4AaABAg,1,1,"2024-02-03 10:43:04",@zaenulwafa528,"izin posting ulang",0,,
UgzaA3vAGBJd_ksOgZp4AaABAg.A-LzAdVGTwKA-NpzBnBF_9,,0,"2024-02-04 04:01:12",@RizkyRiplay,"maaf tidak boleh ya",1,UgzaA3vAGBJd_ksOgZp4AaABAg,@zaenulwafa528
UgwJI0mEWDtlokB4q8R4AaABAg,2,0,"2024-02-03 10:28:10",@naufalImam-s3s,"Bg kaget ku kira ad orang nelpon pas yang paket nya si ibu² g ad pas di telpon suara nada dering telpon nya sama kayak hp bapa ku",0,,
UgwJI0mEWDtlokB4q8R4AaABAg.A-LxTXm4du0A-NpxT3O0HI,,0,"2024-02-04 04:00:58",@RizkyRiplay,"wkwk ringtone legend😂",1,UgwJI0mEWDtlokB4q8R4AaABAg,@naufalImam-s3s
UgwJI0mEWDtlokB4q8R4AaABAg.A-LxTXm4du0A-OcfUEM9Pp,,0,"2024-02-04 11:24:09",@naufalImam-s3s,"Mirip 100% mirip bahkan sampe bapak ku kira ad telpon",1,UgwJI0mEWDtlokB4q8R4AaABAg,@naufalImam-s3s
UgxtAG3ra7r7E7utl7R4AaABAg,1,1,"2024-02-03 07:44:12",@icaalone,"Pelajaran yg di ambil, jangan menikah muda",0,,
UgxtAG3ra7r7E7utl7R4AaABAg.A-LehfGIkz2A-NpwfKX3sd,,0,"2024-02-04 04:00:51",@RizkyRiplay,"semoga ada banyak hikmah yang bisa dipetik dari video ini yaa☺️",1,UgxtAG3ra7r7E7utl7R4AaABAg,@icaalone
UgyL0etT5-PgeFuS4d94AaABAg,1,0,"2024-02-03 04:39:33",@SriwahyuniYuni-y6j,"Gara2 ad judi online...lupa ngasi uang untk anak istri",0,,
UgyL0etT5-PgeFuS4d94AaABAg.A-LK_CBxxLmA-NpuJADC2p,,0,"2024-02-04 04:00:32",@RizkyRiplay,"parah banget sii",1,UgyL0etT5-PgeFuS4d94AaABAg,@SriwahyuniYuni-y6j
Ugws4QOK_IroRqoV4x94AaABAg,0,0,"2024-02-03 03:13:37",@Pandi670,💔💔💔💔💔💔,0,,
Ugy9lOhTTgUZT7tnZQB4AaABAg,1,0,"2024-02-03 01:52:57",@revive5creator,"Halah kan uangya",0,,
Ugy9lOhTTgUZT7tnZQB4AaABAg.A-L1W3K7nkUA-NptBsZTKc,,0,"2024-02-04 04:00:23",@RizkyRiplay,harammm,1,Ugy9lOhTTgUZT7tnZQB4AaABAg,@revive5creator
UgxQfWbRFI-M0YP0SYx4AaABAg,1,0,"2024-02-02 22:47:21",@Jforjembud123,"Dari pelajaran video ini stop pergaulan bebas dan jangan judol apalagi maling di masjid 😂",0,,
UgxQfWbRFI-M0YP0SYx4AaABAg.A-KhGepXD9EA-NpsbBnBDy,,1,"2024-02-04 04:00:18",@RizkyRiplay,"yaps betulssss makasi sudah nonton yaa☺️",1,UgxQfWbRFI-M0YP0SYx4AaABAg,@Jforjembud123
UgxaHZse-AZVrDfAI3x4AaABAg,2,1,"2024-02-02 21:21:45",@Kaiser_WTM,"Animasi nya bagus bg seperti kisah nyata Btw tetap semangat juga bg 😁👍",0,,
UgxaHZse-AZVrDfAI3x4AaABAg.A-KYTbwhJ1rA-NprrwcrNl,,1,"2024-02-04 04:00:12",@RizkyRiplay,"swiap makasi dukungannyaa yaa",1,UgxaHZse-AZVrDfAI3x4AaABAg,@Kaiser_WTM
UgxaHZse-AZVrDfAI3x4AaABAg.A-KYTbwhJ1rA-VUHlUyr8U,,0,"2024-02-07 03:16:49",@Kaiser_WTM,"​@RizkyRiplaysama sama bg 😁",1,UgxaHZse-AZVrDfAI3x4AaABAg,@Kaiser_WTM
Ugxk13SlcnODsiu-Ljx4AaABAg,1,1,"2024-02-02 20:39:49",@obeefg,"guacor cuacor😂😂",0,,
Ugxk13SlcnODsiu-Ljx4AaABAg.A-KTfZ-rOIOA-Npr61IsHy,,0,"2024-02-04 04:00:06",@RizkyRiplay,"wkwk mendem gacor🤣",1,Ugxk13SlcnODsiu-Ljx4AaABAg,@obeefg
Ugw-xOzxaJOzXr1wtYN4AaABAg,0,0,"2024-02-02 14:18:59",@Ahmad_Anis_Awafi,"Ga ada ya orang yang main judi 1 kali terus menang terus ga main lagi😂",0,,
UgyUHQZiCT7IHguxlUJ4AaABAg,0,1,"2024-02-02 14:07:31",@leponfarx,"Banyak bet akun youtuber di hack akun judi",0,,
Ugyq0zq8Pan4R7trs1R4AaABAg,0,0,"2024-02-02 13:26:34",@withaditriono,"Suka konten ini bagus",0,,
Ugwe2kSGkpw8SrF8_-Z4AaABAg,0,0,"2024-02-02 12:13:54",@Michael54XDD,"wah dah lama banget g nonton bang rizky",0,,
UgxeLDOLXg3Bdbh1ej94AaABAg,0,0,"2024-02-02 11:57:14",@WANDA20730,"Aku kira penjual telur gulung nya INTEL",0,,
Ugy6QeVQ34p5h1aMMLt4AaABAg,0,0,"2024-02-02 11:55:14",@medotakatokafudo1801,"Judi, judi, judi, judi. Apa-apa judi, dikit-dikit judi, selalu judi. KENAPA SIH IKLAN JUDI BERTEBARAN DI MANA-MANA?!?!! MAKIN LAMA SAYA MAKIN MUAK DENGAN ITU SEMUA!!!!!!! AHLI NERAKAAAA JAHANNAM!!!!!!!!!!!!",0,,
UgzZ6cEe-QcXdfS1Y8R4AaABAg,0,0,"2024-02-02 11:38:53",@FarelDikahermawan-by6zx,"Saya pernah bekerja di cambodia ( Adm Judol ). Sekarang sy sudah berhenti dr pekerjaan itu, sekedar mengingatkan, yg namanya judol apapun itu jenisnya terutama SLOT, semua sudah di setting untuk kalah. cuma orang tolol yang mau bermain SLOT",0,,
Ugz4ncU_tiI7G2SZogx4AaABAg,0,1,"2024-02-02 11:37:09",@dedereiza3719,"intinya kalo mau terima paket jangan lupa makan tanggo dulu sesuai iklan 😂😂😂",0,,
UgzCOUMk1kTOIG80dhF4AaABAg,0,0,"2024-02-02 11:21:20",@makanankawan7839,"Intinya kerja yg teliti, jngn sampe hilang brang orang",0,,
Ugy0gWSLJydt23i25Jh4AaABAg,0,0,"2024-02-02 11:16:26",@cahyo774,"Yang penting gacor kang 💪",0,,
UgzqEHM_4gTT4fXVR2l4AaABAg,0,0,"2024-02-02 11:06:54",@PumpMPG761,"Semangat bg",0,,
Ugx9gffotqiMJScF0TJ4AaABAg,0,0,"2024-02-02 11:02:24",@Xixienni,"Intiny jangan kebelet n***** klo masih sekolah, bocill",0,,
UgyZyIWyif33U3FFj914AaABAg,1,0,"2024-02-02 09:43:39",@irgiyansah4688,"Enak nya sehari susahnya seumur hidup",0,,
UgyZyIWyif33U3FFj914AaABAg.A-JI_bfoIzPA-JwH2kmM1V,,0,"2024-02-02 15:39:14",@RizkyRiplay,"iyaa nii🥺",1,UgyZyIWyif33U3FFj914AaABAg,@irgiyansah4688
UgznZyMzEAs5_g0q5PZ4AaABAg,1,0,"2024-02-02 09:19:13",@nurrani1484,"Konten yang Bermanfaat ❤❤",0,,
UgznZyMzEAs5_g0q5PZ4AaABAg.A-JFmhCHHDbA-JwGEEG1ly,,0,"2024-02-02 15:39:07",@RizkyRiplay,"semoga ada banyak hikmah yang bisa dipetik dari video ini yaa☺️",1,UgznZyMzEAs5_g0q5PZ4AaABAg,@nurrani1484
UgwYDOrMe_3lqnYlgp14AaABAg,1,0,"2024-02-02 08:32:03",@Bi-Yaou,"Ini yg saya rasakan sekarang, nikah di usia muda dan hanya berijazah SMA, pernah coba judi online juga , Alhamdulillah skrng sdh tdk bermain judi online lagi, dan skrg walaupun krjaan kuli Alhamdulillah setidaknya halal😊",0,,
UgwYDOrMe_3lqnYlgp14AaABAg.A-JAOHjfjITA-JwFh3SrnC,,0,"2024-02-02 15:39:03",@RizkyRiplay,"semoga ada banyak hikmah yang bisa dipetik dari video ini yaa☺️",1,UgwYDOrMe_3lqnYlgp14AaABAg,@Bi-Yaou
UgyTbdrogbcTYp7mF_F4AaABAg,1,2,"2024-02-02 07:54:37",@thethe7211,"Wihh dibeliin tanggo,tumben mas rizky ga pelit",0,,
UgyTbdrogbcTYp7mF_F4AaABAg.A-J65w9_HMBA-JwF0lR6fo,,0,"2024-02-02 15:38:58",@RizkyRiplay,"whehehehe lagi mode royal😂",1,UgyTbdrogbcTYp7mF_F4AaABAg,@thethe7211
UgzEPkPysBbiWsGqLRl4AaABAg,1,2,"2024-02-02 07:51:51",@azzamzaky7995,"Lah itu jalan puring ada disitu😂",0,,
UgzEPkPysBbiWsGqLRl4AaABAg.A-J5mr5hG3TA-JwCxZG6su,,0,"2024-02-02 15:38:41",@RizkyRiplay,"semoga ada banyak hikmah yang bisa dipetik dari video ini yaa☺️",1,UgzEPkPysBbiWsGqLRl4AaABAg,@azzamzaky7995
UgyoddJ4P0VuS_9WQnl4AaABAg,1,2,"2024-02-02 07:29:24",@elclasico208,"intinya yang main judi stressssssssss",0,,
UgyoddJ4P0VuS_9WQnl4AaABAg.A-J3DKVZ8mrA-JwCJ3BGbS,,1,"2024-02-02 15:38:35",@RizkyRiplay,"semoga ada banyak hikmah yang bisa dipetik dari video ini yaa☺️",1,UgyoddJ4P0VuS_9WQnl4AaABAg,@elclasico208
UgwaFlgxGFsdX7Qhfl14AaABAg,1,15,"2024-02-02 06:51:36",@remajaberjaya6671,"Wah mantap sudah masuk iklan tango 😊 Mungkin iklan lain akan menyusul Sukses terus ya 👍",0,,
UgwaFlgxGFsdX7Qhfl14AaABAg.A-IztY8oHeMA-JwBVfgxsr,,2,"2024-02-02 15:38:29",@RizkyRiplay,"aamiin, semoga ada banyak hikmah yang bisa dipetik dari video ini yaa☺️",1,UgwaFlgxGFsdX7Qhfl14AaABAg,@remajaberjaya6671
UgxYVFy99zjU0i5LZ8d4AaABAg,1,0,"2024-02-02 06:42:53",@michael-kbr01,"Gak kerasa udah 4 tahun aku subscribe Mas Rizky. Pas pertama kali aku subscribe channel mas aku pakai kacamata tapi mataku sudah sembuh pas menjelang tahun baru kemarin 🥲",0,,
UgxYVFy99zjU0i5LZ8d4AaABAg.A-IytbcrNG8A-JwAolMQ4s,,0,"2024-02-02 15:38:23",@RizkyRiplay,"semoga ada banyak hikmah yang bisa dipetik dari video ini yaa☺️",1,UgxYVFy99zjU0i5LZ8d4AaABAg,@michael-kbr01
Ugy2DzHfwq9ssqTZXl14AaABAg,1,0,"2024-02-02 06:41:24",@exvn08,"Semangat bg terus Rizky 👍👍",0,,
Ugy2DzHfwq9ssqTZXl14AaABAg.A-Iyin6E6-gA-Jw9dlq9Ns,,0,"2024-02-02 15:38:14",@RizkyRiplay,"swiap makasi supportnyaa",1,Ugy2DzHfwq9ssqTZXl14AaABAg,@exvn08
UgyDAhJXeeWWoSYuZZ54AaABAg,2,0,"2024-02-02 06:35:16",@shoutakagurazaki2624,"Nasehat di awal cerita: buang jauh nafsu birahumu , tingkatkanlah nafsu makan mu",0,,
UgyDAhJXeeWWoSYuZZ54AaABAg.A-Iy0q1oOtcA-Jw8womHDf,,0,"2024-02-02 15:38:08",@RizkyRiplay,"semoga ada banyak hikmah yang bisa dipetik dari video ini yaa☺️",1,UgyDAhJXeeWWoSYuZZ54AaABAg,@shoutakagurazaki2624
UgyDAhJXeeWWoSYuZZ54AaABAg.A-Iy0q1oOtcA0fBy7mdegi,,0,"2024-03-07 03:39:45",@shoutakagurazaki2624,"​@RizkyRiplay Ok bro rizky",1,UgyDAhJXeeWWoSYuZZ54AaABAg,@shoutakagurazaki2624
UgwwY4h90yrSQS_Xfxt4AaABAg,1,0,"2024-02-02 05:36:38",@Nixsh_.,"kek suara bang ino cok",0,,
UgwwY4h90yrSQS_Xfxt4AaABAg.A-IrJRk42CkA-Jw8Go2HEv,,0,"2024-02-02 15:38:03",@RizkyRiplay,"bang ino?",1,UgwwY4h90yrSQS_Xfxt4AaABAg,@Nixsh_.
UgzwyOMF9OSq-JrOJtV4AaABAg,1,0,"2024-02-02 05:02:30",@sweetestangel40,"Jauhi Zina jauhi judi jauhi riba hidup akan tentram",0,,
UgzwyOMF9OSq-JrOJtV4AaABAg.A-InPUyu8TGA-Jw76tQufV,,0,"2024-02-02 15:37:53",@RizkyRiplay,"semoga ada banyak hikmah yang bisa dipetik dari video ini yaa☺️",1,UgzwyOMF9OSq-JrOJtV4AaABAg,@sweetestangel40
UgwBbN11LJnjj4FcAx54AaABAg,1,0,"2024-02-02 02:55:07",@keyla453,"Bang, kualitas animasinya di buat lebih bagus lagi dong.. Kok kaku² trs gitu, padahal subscriber nya udah banyak..",0,,
UgwBbN11LJnjj4FcAx54AaABAg.A-IZpSih9XkA-Jw6Reue62,,0,"2024-02-02 15:37:47",@RizkyRiplay,"maaf yaa, semoga kedepannyaa bisa lebih baik lagi hehe",1,UgwBbN11LJnjj4FcAx54AaABAg,@keyla453
UgyTpXEu0G8Xwv-fn3R4AaABAg,1,1,"2024-02-01 23:52:25",@Queeneieis,"Gerobak telur gulung pun di tabrak🤣",0,,
UgyTpXEu0G8Xwv-fn3R4AaABAg.A-IEvMHwRenA-Jw44yO2GN,,0,"2024-02-02 15:37:28",@RizkyRiplay,"whahaha iyaa nii🤣",1,UgyTpXEu0G8Xwv-fn3R4AaABAg,@Queeneieis
UgyhjOzsmLJwJ8AIhfp4AaABAg,1,0,"2024-02-01 23:04:08",@Adelia09102,"Semangat bg rizkkyy",0,,
UgyhjOzsmLJwJ8AIhfp4AaABAg.A-I9OhOi86mA-Jw34ZqNZa,,0,"2024-02-02 15:37:20",@RizkyRiplay,"swiapa makasi supportnyaa",1,UgyhjOzsmLJwJ8AIhfp4AaABAg,@Adelia09102
UgyDItdRofvEKd33xs94AaABAg,1,1,"2024-02-01 22:27:24",@Brazerrr,"""kemenangan dalam judi yang sebenarnya adalah ketika kita berhasil berhenti bermain.""😁",0,,
UgyDItdRofvEKd33xs94AaABAg.A-I5Bcid7kLA-Jw1lmm_Dw,,0,"2024-02-02 15:37:09",@RizkyRiplay,"semoga ada banyak hikmah yang bisa dipetik dari video ini yaa☺️",1,UgyDItdRofvEKd33xs94AaABAg,@Brazerrr
UgwcT5QpjFpiYZulX2Z4AaABAg,1,0,"2024-02-01 13:24:37",@ANDRIWIDODO81,"Kalau aku jadi suami nya beda cerita",0,,
UgwcT5QpjFpiYZulX2Z4AaABAg.A-H74EVkhQoA-Jw-gl05qz,,0,"2024-02-02 15:36:52",@RizkyRiplay,"semoga ada banyak hikmah yang bisa dipetik dari video ini yaa☺️",1,UgwcT5QpjFpiYZulX2Z4AaABAg,@ANDRIWIDODO81
UgwErO5XuwmeNYTy7jR4AaABAg,0,1,"2024-02-01 13:21:23",@nitakusumawardani409,"Wih collap ama dhot design",0,,
Ugy1NMjlKX8bjS8-SO54AaABAg,1,0,"2024-02-01 12:04:24",@kyal540,"Kalau kere dan nggak bisa ngurus anak, ya jangan ng*nt*t.. 😌😌😌",0,,
Ugy1NMjlKX8bjS8-SO54AaABAg.A-GytdNnuMVA-Jvzs30pfl,,1,"2024-02-02 15:36:45",@RizkyRiplay,"semoga ada banyak hikmah yang bisa dipetik dari video ini yaa☺️",1,Ugy1NMjlKX8bjS8-SO54AaABAg,@kyal540
Ugz7MGaDdeOvpIfKwKx4AaABAg,1,1,"2024-02-01 11:53:49",@IbniIhsan-t9d,"Jauhi zina Jauhi judol",0,,
Ugz7MGaDdeOvpIfKwKx4AaABAg.A-Gxg4zTXfyA-Jvz7_PaO1,,0,"2024-02-02 15:36:39",@RizkyRiplay,"yaps bener",1,Ugz7MGaDdeOvpIfKwKx4AaABAg,@IbniIhsan-t9d
UgxQA0unh6CD9FAwcZ94AaABAg,1,0,"2024-02-01 11:07:20",@azzahramaulani2160,"Wahh banyakin drama gini bangg😊😊, semangat ya bang",0,,
UgxQA0unh6CD9FAwcZ94AaABAg.A-GsMgJJvNTA-JvyXWU3Rv,,1,"2024-02-02 15:36:35",@RizkyRiplay,"semoga ada banyak hikmah yang bisa dipetik dari video ini yaa☺️",1,UgxQA0unh6CD9FAwcZ94AaABAg,@azzahramaulani2160
UgxurE8eZgcLWkOPiGF4AaABAg,0,1,"2024-02-01 07:51:30",@Liuuxinn,"Bang Rizki coba cari situs hantuslot itu pakai gambar gambar dari animasi bang Rizki",0,,
UgxMVq5bdZx_508Axl54AaABAg,1,2,"2024-02-01 07:31:34",@Lasmini93,"Gaskeun bang Rizky 14:31",0,,
UgxMVq5bdZx_508Axl54AaABAg.A-GUfNLzBZvA-GUnK4L4lK,,1,"2024-02-01 07:32:39",@RizkyRiplay,"makasi sudah nonton yaa ^_^",1,UgxMVq5bdZx_508Axl54AaABAg,@Lasmini93
Ugy7-N8cunkQczMb0yh4AaABAg,0,0,"2024-02-01 06:29:36",@ONGKYSAPUTRA-s7b,p,0,,
UgwBn7LLtQyv3tZ9dk14AaABAg,1,0,"2024-02-01 06:26:58",@ArthaRizki,"Bang mau 10 JT",0,,
UgwBn7LLtQyv3tZ9dk14AaABAg.A-GNHHEeOx0A-GNbo1-m0D,,0,"2024-02-01 06:29:55",@RizkyRiplay,"iyaa nihh yuk bisa yukkkk",1,UgwBn7LLtQyv3tZ9dk14AaABAg,@ArthaRizki
UgxdsEi_YrE8OoiUboF4AaABAg,2,0,"2024-02-01 06:07:14",@ReyyyKulllBettt,"sp aku bang biar mama ku bangga😁",0,,
UgxdsEi_YrE8OoiUboF4AaABAg.A-GL0jiN2tbA-GLYxePyuM,,0,"2024-02-01 06:11:55",@RizkyRiplay,"haiii makasii sudah nonton yaa ^_^",1,UgxdsEi_YrE8OoiUboF4AaABAg,@ReyyyKulllBettt
UgxdsEi_YrE8OoiUboF4AaABAg.A-GL0jiN2tbA-GOpiA-DxT,,0,"2024-02-01 06:40:33",@ReyyyKulllBettt,"@RizkyRiplay wih.tq😭",1,UgxdsEi_YrE8OoiUboF4AaABAg,@ReyyyKulllBettt
UgzgDtYds0FG7DQhl7F4AaABAg,1,0,"2024-02-01 04:42:08",@GAMINGWOY-d4g,"Hadir bang rizky riplay",0,,
UgzgDtYds0FG7DQhl7F4AaABAg.A-GBHMq8LNDA-GBVXLsRfL,,0,"2024-02-01 04:44:04",@RizkyRiplay,"haii makasii sudah nonton yaa ^_^",1,UgzgDtYds0FG7DQhl7F4AaABAg,@GAMINGWOY-d4g
UgzLTnuh0kz26_Ab-8N4AaABAg,1,0,"2024-02-01 04:33:34",@SobatDana,"Semangat bang semoga sukses selalu yaa",0,,
UgzLTnuh0kz26_Ab-8N4AaABAg.A-GAIbD79G_A-GANg8ydqv,,0,"2024-02-01 04:34:15",@RizkyRiplay,"aamiin makasi doa dan dukungannya yaa ^_^",1,UgzLTnuh0kz26_Ab-8N4AaABAg,@SobatDana
UgzADV01TyTHD2E2sYt4AaABAg,1,12,"2024-02-01 04:31:31",@FirDanChannel,"INGAT KAWAN JUDI ITU GK AKAN MEMBUATMU KAYA, JANGAN SESEKALI NYARI UANG HARAM BUAT ANAK ISTRI 7 KETURUNAN ANAK ISTRIMU MENJADI HARAM KARNA UANG YANG KAMU BERIKAN HASIL UANG HARAM",0,,
UgzADV01TyTHD2E2sYt4AaABAg.A-GA3aFAiALA-GAG9SAjRL,,0,"2024-02-01 04:33:14",@RizkyRiplay,"yaps benerr banget jangan mendekati juga yaa ^_^",1,UgzADV01TyTHD2E2sYt4AaABAg,@FirDanChannel
UgyLVJJYELLIM5uFgRR4AaABAg,1,0,"2024-02-01 04:04:48",@RianAlvan21,"Hancur semua gara2 judi...",0,,
UgyLVJJYELLIM5uFgRR4AaABAg.A-G7-wL7gcZA-G7N5qwGNM,,0,"2024-02-01 04:07:58",@RizkyRiplay,"yaps benerr :(",1,UgyLVJJYELLIM5uFgRR4AaABAg,@RianAlvan21
Ugxejc142V1i2ooxSUh4AaABAg,1,0,"2024-02-01 01:35:52",@PutramahkotaPutramahkota,"Jadi pingin tengo",0,,
Ugxejc142V1i2ooxSUh4AaABAg.A-Fqy4Oj5mbA-G282I7qB4,,0,"2024-02-01 03:22:13",@RizkyRiplay,"camilan tango ituu favorit aku bangetttt",1,Ugxejc142V1i2ooxSUh4AaABAg,@PutramahkotaPutramahkota
UgwW3F3CIB6xE7COSwd4AaABAg,1,2,"2024-02-01 00:25:48",@PenampakanHantuDanCeritaHoror,"Intinya...jauhi judi..bikin nyandu.",0,,
UgwW3F3CIB6xE7COSwd4AaABAg.A-FiwzjHCyBA-G25_mRa_Y,,1,"2024-02-01 03:21:53",@RizkyRiplay,"iyaps benerr",1,UgwW3F3CIB6xE7COSwd4AaABAg,@PenampakanHantuDanCeritaHoror
UgyWHRftvuM-qQrzAP54AaABAg,1,0,"2024-01-31 15:53:00",@Hay_raya,"Saflok bayinya hehe",0,,
UgyWHRftvuM-qQrzAP54AaABAg.A-EoG4ybrY2A-G24m1LejF,,0,"2024-02-01 03:21:46",@RizkyRiplay,"kenapaa ekwk",1,UgyWHRftvuM-qQrzAP54AaABAg,@Hay_raya
UgzOf-QS-FoRsXvrdUF4AaABAg,1,1,"2024-01-31 14:30:06",@xrnz6976,"Susah bngt asli nyari kerja",0,,
UgzOf-QS-FoRsXvrdUF4AaABAg.A-EelqNq-M6A-G24BeO-uU,,0,"2024-02-01 03:21:41",@RizkyRiplay,"semangatt yaaa",1,UgzOf-QS-FoRsXvrdUF4AaABAg,@xrnz6976
UgwWAaLGOpiEeofn-Xh4AaABAg,1,0,"2024-01-31 14:11:46",@OcanGtaSa,"jangan kan diberantas,pemerintah aja main slot candy crush",0,,
UgwWAaLGOpiEeofn-Xh4AaABAg.A-Ecfbj0RiwA-G23EfHdeE,,0,"2024-02-01 03:21:33",@RizkyRiplay,"gaikut ikutt akuu",1,UgwWAaLGOpiEeofn-Xh4AaABAg,@OcanGtaSa
UgzY8X65PivdCppjB_54AaABAg,1,0,"2024-01-31 13:27:59",@fransiskaolivia4675,"Pesan nya moral nya : 1. Jgn pacaran untuk yg beragama muslim. Di Al - Qur'an udah jelas² diharamkan tpi masih aja banyak yg ngelakuinnya dan pada akhirnya banyak kasus yg hamil diluar nikah. Yg rugi kebanyakan pihak wanita karena klo hamil diluar nikah,bakal diomongin sama tetangga sedangkan pihak cowok tidak. Lalu,saat hamil, kenikmatan nya saat hamil dan melahirkan dicabut oleh Allah Swt. Lalu,seandainya pihak cowok tidak mau tanggung jawab,pihak wanita banyak yg dibunuh. Dan banyak lagi. Yg dirugikan juga pihak anak nya. Nanti bakal dihina anak haram.",0,,
UgzY8X65PivdCppjB_54AaABAg.A-EYf-gKqsJA-G21tCgPpK,,0,"2024-02-01 03:21:22",@RizkyRiplay,"semoga ada banyak hikmah yang bisa dipetik dari video ini yaa☺️",1,UgzY8X65PivdCppjB_54AaABAg,@fransiskaolivia4675
Ugw5_A4REkc0xpGaYk94AaABAg,1,0,"2024-01-31 12:59:01",@RifkiQMQ,"1:25 ngebug kakinya",0,,
Ugw5_A4REkc0xpGaYk94AaABAg.A-EVLpf2YQoA-G21FfJhaz,,0,"2024-02-01 03:21:17",@RizkyRiplay,"hehe iyaa gaes",1,Ugw5_A4REkc0xpGaYk94AaABAg,@RifkiQMQ
UgxecPYyJnCRvutEq3B4AaABAg,1,0,"2024-01-31 12:46:07",@APA-8B,"Kaget sama nada dering teleponnya",0,,
UgxecPYyJnCRvutEq3B4AaABAg.A-ETsN0MRtiA-G20bpGCn4,,0,"2024-02-01 03:21:12",@RizkyRiplay,"wkwk menggelegarr😂",1,UgxecPYyJnCRvutEq3B4AaABAg,@APA-8B
Ugycajo23-f6uw9tvEl4AaABAg,0,0,"2024-01-31 12:43:19",@edifans7033,Tyhgyyyyhtyuhfyjtyg😢😢😢😵😵😵,0,,
Ugxqa_j6ziyPZepjBDJ4AaABAg,1,0,"2024-01-31 12:09:05",@hematyshemat4130,"Langka...Bang rizky kan pelit kog bisa sih bagi wafer tango ke tiko 😂😂😂😂😂",0,,
Ugxqa_j6ziyPZepjBDJ4AaABAg.A-EPd2UrP0BA-G1yqjBJSa,,0,"2024-02-01 03:20:49",@RizkyRiplay,"lagi mode berbagii😂",1,Ugxqa_j6ziyPZepjBDJ4AaABAg,@hematyshemat4130
UgxQoqGQ3AnDtkULwS94AaABAg,1,0,"2024-01-31 12:00:09",@akilahkhaerani4004,"Semangat bang rizky 😌",0,,
UgxQoqGQ3AnDtkULwS94AaABAg.A-EObcN-wM6A-G1x41R45l,,0,"2024-02-01 03:20:35",@RizkyRiplay,"swiap makasi dukungannyaa yaaa",1,UgxQoqGQ3AnDtkULwS94AaABAg,@akilahkhaerani4004
Ugx-3jrM74Dx9xFPRN54AaABAg,1,0,"2024-01-31 11:14:58",@crows3085,"Eh akibat judol penjara banyak pengungsi nya tau gak yang di Brantas sama Kominfo malah game yang ga punya pt di indonesia dasar Kominfo",0,,
Ugx-3jrM74Dx9xFPRN54AaABAg.A-EJRjlWvy8A-G1w8qfVdj,,0,"2024-02-01 03:20:27",@RizkyRiplay,"semoga ada banyak hikmah yang bisa dipetik dari video ini yaa☺️",1,Ugx-3jrM74Dx9xFPRN54AaABAg,@crows3085
Ugz_dpIifaIWikODCLZ4AaABAg,1,0,"2024-01-31 10:54:23",@rayaramli5941,,0,,
Ugz_dpIifaIWikODCLZ4AaABAg.A-EH4tRwD4QA-G1vZIR6Sc,,0,"2024-02-01 03:20:22",@RizkyRiplay,"semoga ada banyak hikmah yang bisa dipetik dari video ini yaa☺️",1,Ugz_dpIifaIWikODCLZ4AaABAg,@rayaramli5941
UgyreH2idr5q9fGQoIR4AaABAg,1,0,"2024-01-31 10:49:03",@Odette_sayang,"kominfoo manaaa???",0,,
UgyreH2idr5q9fGQoIR4AaABAg.A-EGTp8qk2kA-G1tE0t24Z,,0,"2024-02-01 03:20:03",@RizkyRiplay,"lagi sibukk mencari solusii",1,UgyreH2idr5q9fGQoIR4AaABAg,@Odette_sayang
UgzQQjGoHm1fwv1LXOR4AaABAg,1,0,"2024-01-31 09:32:59",@HanaAnwar-pf8dh,"astaga iklan tango",0,,
UgzQQjGoHm1fwv1LXOR4AaABAg.A-E7lj5UGFzA-E80L77zq-,,0,"2024-01-31 09:35:07",@RizkyRiplay,"hehehehhee makasii sudah nonton yaa ^_^",1,UgzQQjGoHm1fwv1LXOR4AaABAg,@HanaAnwar-pf8dh
UgyIHCAdWZcUbnfTB-14AaABAg,1,1,"2024-01-31 08:43:38",@MatchaYoku,"sekolah yang bener 😢 dulu mas",0,,
UgyIHCAdWZcUbnfTB-14AaABAg.A-E27GXykwAA-E31gwFhvH,,0,"2024-01-31 08:51:36",@RizkyRiplay,"iyaa niii jangan ditiru yaa >_<",1,UgyIHCAdWZcUbnfTB-14AaABAg,@MatchaYoku
UgzsxWpTS2kAkVYWYHJ4AaABAg,1,0,"2024-01-31 08:06:50",@DinayyaSarry,"Didesa ku smpe rela gade tanah miliknya sm motor dijualin😂 mana gadenya diem2 orgtuanya gk tau kasian sih😌",0,,
UgzsxWpTS2kAkVYWYHJ4AaABAg.A-DyuogdxVvA-E3-h_-Llg,,0,"2024-01-31 08:51:20",@RizkyRiplay,"kasian banget oorang tuanya :(",1,UgzsxWpTS2kAkVYWYHJ4AaABAg,@DinayyaSarry
UgwegsiMEaWGMqKinp14AaABAg,1,0,"2024-01-31 08:01:11",@ErvianHadi-iv8dr,"Maaf ya mas Telat nonton soalnya sibuk belajar buat sekolah 😁🙏",0,,
UgwegsiMEaWGMqKinp14AaABAg.A-DyGQ7MnbIA-E2xpC7x3g,,0,"2024-01-31 08:50:56",@RizkyRiplay,"gapapaa makasii sudah nonton yaa ^_^",1,UgwegsiMEaWGMqKinp14AaABAg,@ErvianHadi-iv8dr
UgwTtnluFlhp6fA7iyp4AaABAg,1,0,"2024-01-31 07:49:15",@panda_boba_ch,"Ya disini ada dua pelajaran Yang pertama jangan terkecoh oleh judol yg bagus Yang kedua jangan pacaran,gara gara pacaran jadi punya anak kan makin susah lah",0,,
UgwTtnluFlhp6fA7iyp4AaABAg.A-DwtyeJsH5A-E2vu5KenQ,,0,"2024-01-31 08:50:41",@RizkyRiplay,"semoga ada banyak hikmah yang bisa dipetik dari video ini yaa ^_^",1,UgwTtnluFlhp6fA7iyp4AaABAg,@panda_boba_ch
Ugz4fro9ZA6X1Tni-mp4AaABAg,0,0,"2024-01-31 06:44:21",@nanzanimals,"Kalo judi boleh aja kalo mau masuk neraka",0,,
Ugydn47AUSZddFsrfsF4AaABAg,2,0,"2024-01-31 06:43:36",@poisonsnake8683,"Kasihannya dia akhirnya begitu hmmm walhal dari awalnya bukan salah dia",0,,
Ugydn47AUSZddFsrfsF4AaABAg.A-DpOBswusYA-DpT94Jbke,,1,"2024-01-31 06:44:17",@RizkyRiplay,"semoga aada banyak hikmah yang bisa dipetik dari video ini yaa ^_^",1,Ugydn47AUSZddFsrfsF4AaABAg,@poisonsnake8683
Ugydn47AUSZddFsrfsF4AaABAg.A-DpOBswusYA-EPDYr0U-A,,0,"2024-01-31 12:05:28",@poisonsnake8683,"@RizkyRiplay iya mas",1,Ugydn47AUSZddFsrfsF4AaABAg,@poisonsnake8683
UgzwgjBxd_pJfqrxb3Z4AaABAg,0,0,"2024-01-31 06:21:29",@shahrielsaputro4115,"Kalau aku jadi dia aku tidak akan main judi",0,,
UgxDmsSnM8eEpp_un0V4AaABAg,11,255,"2024-01-31 05:48:37",@nanalife7,"Kasihan juga Tiko, setidaknya dia berusaha menjadi ayah dan suami yg baik dengan bertanggung jawab kpd keluarganya. cuma karena keadaan aja dia jadi terjerumus ke judol dan jd pencuri. padahal tadinya dia kerja halal jd kurir",0,,
UgxDmsSnM8eEpp_un0V4AaABAg.A-Dj5RKbXdhA48CcTzPzNX,,23,"2024-06-01 08:56:56",@mazayatv4789,"Akibat keadaan hidup yang membuat orang baik menjadi nekat bang 😂",1,UgxDmsSnM8eEpp_un0V4AaABAg,@nanalife7
UgxDmsSnM8eEpp_un0V4AaABAg.A-Dj5RKbXdhA4KxgZ59x-7,,8,"2024-06-06 07:47:49",@Fathur-i1b,"Ini Akibat dari susah nya nyari pekerjaan",1,UgxDmsSnM8eEpp_un0V4AaABAg,@nanalife7
UgxDmsSnM8eEpp_un0V4AaABAg.A-Dj5RKbXdhA9AHQhJBYWR,,10,"2024-10-04 10:54:20",@tirtoromadianfarih486,"Akibat barang paket nya jatuh ke jalanan 😭",1,UgxDmsSnM8eEpp_un0V4AaABAg,@nanalife7
UgxDmsSnM8eEpp_un0V4AaABAg.A-Dj5RKbXdhADcND4u-tGH,,4,"2025-01-23 04:08:27",@mohamadarif6067,"kerana menghamili pacarnya 🫢",1,UgxDmsSnM8eEpp_un0V4AaABAg,@nanalife7
UgxDmsSnM8eEpp_un0V4AaABAg.A-Dj5RKbXdhALxff1WVv2B,,0,"2025-08-18 06:53:38",@AbdulAzis-u6s,"​@Fathur-i1bmngkanya kerja jgn pilih"" bbi , kerja jdi pengamen pemulung kan bisa kau",1,UgxDmsSnM8eEpp_un0V4AaABAg,@nanalife7
UgxDmsSnM8eEpp_un0V4AaABAg.A-Dj5RKbXdhAMhDM6K2uqR,,4,"2025-09-05 18:01:03",@FraY1Tno,"Perkara IP jatuh",1,UgxDmsSnM8eEpp_un0V4AaABAg,@nanalife7
UgxDmsSnM8eEpp_un0V4AaABAg.A-Dj5RKbXdhAOqCoxQV9AM,,2,"2025-10-28 22:52:20",@AkiaFauzan,Oon,1,UgxDmsSnM8eEpp_un0V4AaABAg,@nanalife7
UgxDmsSnM8eEpp_un0V4AaABAg.A-Dj5RKbXdhAVUJ-VD9hUd,,2,"2026-04-12 01:03:34",@MarcellMilano-f5t,"@AkiaFauzan apasih lu , delete aja tu komen lu 🙄",1,UgxDmsSnM8eEpp_un0V4AaABAg,@nanalife7
UgxDmsSnM8eEpp_un0V4AaABAg.A-Dj5RKbXdhAVUJ3zMOOxs,,1,"2026-04-12 01:04:11",@MarcellMilano-f5t,"​@tirtoromadianfarih486 iya 😭",1,UgxDmsSnM8eEpp_un0V4AaABAg,@nanalife7
UgxDmsSnM8eEpp_un0V4AaABAg.A-Dj5RKbXdhAVUJ6PWSiM1,,1,"2026-04-12 01:04:31",@MarcellMilano-f5t,"​@FraY1Tno iya 💔",1,UgxDmsSnM8eEpp_un0V4AaABAg,@nanalife7
UgxDmsSnM8eEpp_un0V4AaABAg.A-Dj5RKbXdhAVrOvZY7P40,,1,"2026-04-21 09:37:06",@mezarI9t,"Membutuhkan agak Laen 😡🧠👣",1,UgxDmsSnM8eEpp_un0V4AaABAg,@nanalife7
UgzxoFDoCu7T6a8uSK94AaABAg,1,0,"2024-01-31 04:17:02",@grycaaa,"Salfok sma ank ny😂",0,,
UgzxoFDoCu7T6a8uSK94AaABAg.A-DZbgkeKL0A-DZtf7srCz,,0,"2024-01-31 04:19:29",@RizkyRiplay,"wkwk kenapa tuhh :D",1,UgzxoFDoCu7T6a8uSK94AaABAg,@grycaaa
UgxiQrT7geLMjqSaynt4AaABAg,2,11,"2024-01-31 03:51:43",@Dilllll0708,"Alhamdulillah dari sd-sma belum pernah pacaran dan blm pernah nyentuh judol, walaupun ada godaan buat pacaran, tetap istiqomah untuk tidak pacaran😁",0,,
UgxiQrT7geLMjqSaynt4AaABAg.A-DWiHun5D1A-DYVEzjXv7,,1,"2024-01-31 04:07:17",@RizkyRiplay,"Masyallah bissmillah istiqomah yaa ^_^",1,UgxiQrT7geLMjqSaynt4AaABAg,@Dilllll0708
UgxiQrT7geLMjqSaynt4AaABAg.A-DWiHun5D1A-D_0aIQPEq,,2,"2024-01-31 04:20:34",@Dilllll0708,"@RizkyRiplay weladalah gak nyangka di bales rizkyriplay alhamdulillah, semoga sukses selalu ya bang, jangan lupa bersyukur bang, makasihh bang 😇",1,UgxiQrT7geLMjqSaynt4AaABAg,@Dilllll0708
UgyMugE38BYFM6jHVvV4AaABAg,1,0,"2024-01-31 03:43:30",@rudiazka17,"Sabtu dan rabu kok g ad video bru?😊",0,,
UgyMugE38BYFM6jHVvV4AaABAg.A-DVm6iTZuBA-DWWYTScAw,,0,"2024-01-31 03:49:59",@RizkyRiplay,"staytune yaa sobbb hehe ^_^",1,UgyMugE38BYFM6jHVvV4AaABAg,@rudiazka17
UgwEbhaX1du1tggtvcp4AaABAg,0,0,"2024-01-31 02:53:07",@zulkarnain352,"tumben rizky gx pelit disini😂",0,,
UgwDAl_PN8xeoq-rx1t4AaABAg,1,0,"2024-01-31 02:28:45",@nurintannia502,"Tranding kan 🎉🎉",0,,
UgwDAl_PN8xeoq-rx1t4AaABAg.A-DNDJoq0JqA-DPI53Cr_b,,0,"2024-01-31 02:46:51",@RizkyRiplay,"yuk bisa yukkkk",1,UgwDAl_PN8xeoq-rx1t4AaABAg,@nurintannia502
UgwwHD98X9jdc_1Cdld4AaABAg,1,0,"2024-01-30 18:12:39",@Dmmmzxmtrsaa,gacorrrr😎,0,,
UgwwHD98X9jdc_1Cdld4AaABAg.A-CUS-Xqbk4A-DPGyczzrG,,0,"2024-01-31 02:46:41",@RizkyRiplay,"semoga ada banyak hikmah yang bisa dipetik dari video inii yaaa",1,UgwwHD98X9jdc_1Cdld4AaABAg,@Dmmmzxmtrsaa
Ugy6zIF2a1m19E4GBDx4AaABAg,1,0,"2024-01-30 17:59:14",@psKiba,"Ampun zeus🤣🤣",0,,
Ugy6zIF2a1m19E4GBDx4AaABAg.A-CSup0N8x-A-DPE6Cd8HM,,0,"2024-01-31 02:46:18",@RizkyRiplay,"wkwk bahayaa gaess",1,Ugy6zIF2a1m19E4GBDx4AaABAg,@psKiba
Ugzrqagm-Rkx6YJErmJ4AaABAg,2,0,"2024-01-30 15:49:20",@matapancingtv8494,"bikinin dong kak risky..sambungan hantu jepang ke indo..teke2 ke indonesia..ketemu kuchisake ona...di tunggu part 2 nyaa kak",0,,
Ugzrqagm-Rkx6YJErmJ4AaABAg.A-CE2P1WG70A-DP8UuJCyP,,0,"2024-01-31 02:45:32",@RizkyRiplay,"heum bikin nggak yaaaa",1,Ugzrqagm-Rkx6YJErmJ4AaABAg,@matapancingtv8494
Ugzrqagm-Rkx6YJErmJ4AaABAg.A-CE2P1WG70A-DPUD6O11p,,0,"2024-01-31 02:48:30",@matapancingtv8494,"@RizkyRiplay pokok nyaa harus di bikin...🤣",1,Ugzrqagm-Rkx6YJErmJ4AaABAg,@matapancingtv8494
Ugya-9zCXSTBhnlEkOR4AaABAg,1,0,"2024-01-30 15:30:59",@fadholiashrovic2401,"Nggak ada ceritanya ngejudi itu bikin kaya makin melarat iya",0,,
Ugya-9zCXSTBhnlEkOR4AaABAg.A-CBwxkh0fMA-DP7B6QPx1,,1,"2024-01-31 02:45:21",@RizkyRiplay,"yaps bener bangetttt",1,Ugya-9zCXSTBhnlEkOR4AaABAg,@fadholiashrovic2401
Ugy4RreGjGci2S_A8l54AaABAg,1,1,"2024-01-30 14:20:00",@Maykaela_Official,"Spill dong bang pengisi suaranya tiko siapa?",0,,
Ugy4RreGjGci2S_A8l54AaABAg.A-C3p36qmiLA-DP6NtEWTu,,0,"2024-01-31 02:45:15",@RizkyRiplay,"darthmaulana ignyaa kepoin ajaaa",1,Ugy4RreGjGci2S_A8l54AaABAg,@Maykaela_Official
UgwNGf3KMGMmn35Xvkd4AaABAg,1,1,"2024-01-30 13:43:54",@Biduan,"Kalau melihat lebih dalam masalah utamanya adalah tidak tersedia lapangan pekerjaan yg baik.",0,,
UgwNGf3KMGMmn35Xvkd4AaABAg.A-C-gcyEG5XA-DP344GBld,,0,"2024-01-31 02:44:47",@RizkyRiplay,"semoga ada banyak hikmah yang bisa dipetik dari video ini yaaa☺️",1,UgwNGf3KMGMmn35Xvkd4AaABAg,@Biduan
Ugz6Hx6fG0mF6BxpDC54AaABAg,1,0,"2024-01-30 13:05:16",@santikabuwanafirdaus4810,"Ingat, tidak ada 1 Orang pun yang benar"" Sukses dan Menikmati hartanya dari hasil JUDI. 😢",0,,
Ugz6Hx6fG0mF6BxpDC54AaABAg.A-BwGjrll0dA-DOxHsLKXa,,0,"2024-01-31 02:43:52",@RizkyRiplay,"yaps benar judi tidak akan membuat kita kayaa😖ituu uang panass",1,Ugz6Hx6fG0mF6BxpDC54AaABAg,@santikabuwanafirdaus4810
Ugz3Lhv0DZQJeIW8qqF4AaABAg,1,0,"2024-01-30 12:49:35",@user-vv7gp9be7t,"Sedangkan pemerintahan Kominfo udah gak becus berantas judi online Gak kerja",0,,
Ugz3Lhv0DZQJeIW8qqF4AaABAg.A-BuToLB544A-DOfkRGQ7Y,,0,"2024-01-31 02:41:28",@RizkyRiplay,"bukan gak becus mungkin sangat sulitt untuk mengatasinyaaaa",1,Ugz3Lhv0DZQJeIW8qqF4AaABAg,@user-vv7gp9be7t
UgxpXzUX4T7qHYubYVF4AaABAg,1,0,"2024-01-30 10:50:57",@melliyanti7356,"slott semakin merajalelaaa😢",0,,
UgxpXzUX4T7qHYubYVF4AaABAg.A-BgtyoJ68-A-DOYguzqvj,,0,"2024-01-31 02:40:22",@RizkyRiplay,"iyaa ni meresahkannn",1,UgxpXzUX4T7qHYubYVF4AaABAg,@melliyanti7356
UgxcNWpRmhur-Q-GLD54AaABAg,1,0,"2024-01-30 10:40:49",@Amangpentol,"Kasihan padahal itu karena terjatuh",0,,
UgxcNWpRmhur-Q-GLD54AaABAg.A-BfjkZ9DXZA-DOXvHLL5F,,0,"2024-01-31 02:40:16",@RizkyRiplay,"meskipun terjatuh jangan sampe memasuki lingkaran hitam ini yaaa",1,UgxcNWpRmhur-Q-GLD54AaABAg,@Amangpentol
UgwZnTYM1e0fPLcIEb94AaABAg,1,0,"2024-01-30 09:12:37",@asriyandiyandi7720,"Padahal seru aku sering nonton tapi sayang gak ada satu jam",0,,
UgwZnTYM1e0fPLcIEb94AaABAg.A-BWdlaAS3QA-BWpL3t0Lp,,0,"2024-01-30 09:14:12",@RizkyRiplay,"hehehe kurang panjang ya durasinya??",1,UgwZnTYM1e0fPLcIEb94AaABAg,@asriyandiyandi7720
UgyrEL5LrNKwv9wbDct4AaABAg,0,0,"2024-01-30 09:08:11",@tzzyyyyyyyy,❤️‍🔥❤️‍🔥❤️‍🔥❤️‍🔥❤️‍🔥❤️‍🔥❤️‍🔥❤️‍🔥❤️‍🔥,0,,
Ugz31JqvNxtAs_lO6Z54AaABAg,1,0,"2024-01-30 09:00:32",@sendiprananda502,"Orang yang baik'adalah 'orang yang tersakiti",0,,
Ugz31JqvNxtAs_lO6Z54AaABAg.A-BVG9kXYI8A-BVaHqqce1,,1,"2024-01-30 09:03:25",@RizkyRiplay,"joker caption wkwk",1,Ugz31JqvNxtAs_lO6Z54AaABAg,@sendiprananda502
UgwxQ7KNuY9XuVLtHad4AaABAg,1,1,"2024-01-30 08:54:13",@Efan-s2x,"Stop judi online. Ayok pemerintah berantas judi online lebih berbahaya dari covid 19",0,,
UgwxQ7KNuY9XuVLtHad4AaABAg.A-BUXtFA26_A-BUerQeR0L,,0,"2024-01-30 08:55:18",@RizkyRiplay,"yaps benerr lebih berbaahaya dan lebih susah diatasi :(",1,UgwxQ7KNuY9XuVLtHad4AaABAg,@Efan-s2x
UgwVCHqr1MBiMxA6lAZ4AaABAg,2,1,"2024-01-30 07:46:22",@Lindir-t2c,"iyasih gw pernah masuk k dalam dunia perjudian dpo 200 perak dpet duit lagi 20 ribu dan gw spin eh ga dapet apa""lagi,so gw berhenti game ke gtu karena judituh awal dapet manis akhir ga dapet apa""",0,,
UgwVCHqr1MBiMxA6lAZ4AaABAg.A-BMm-3BjOBA-BRwbAoxV_,,0,"2024-01-30 08:31:30",@RizkyRiplay,"pinterrrr gak dilanjutinn ^_^",1,UgwVCHqr1MBiMxA6lAZ4AaABAg,@Lindir-t2c
UgwVCHqr1MBiMxA6lAZ4AaABAg.A-BMm-3BjOBA-BSGfxCVDM,,0,"2024-01-30 08:34:23",@Lindir-t2c,"wahh ga nyangka banget di bales😭ga especk ga sombong kakanya tq ka🥰",1,UgwVCHqr1MBiMxA6lAZ4AaABAg,@Lindir-t2c
UgwbEx2dlGmuwkV-FHB4AaABAg,2,0,"2024-01-30 07:22:25",@elangustira1758,"ANIMASI KALI INI SERU BANGET BANG RIZKY BTW SEMANGAT TERUS YAAAA BANG,MAAF TELAT NONTON DAN JARANG NGOMEN BANGG😭",0,,
UgwbEx2dlGmuwkV-FHB4AaABAg.A-BK1dLk_XsA-BKWdb0wYU,,1,"2024-01-30 07:26:39",@RizkyRiplay,"gapapaaa makasii dukungannya yaaa ^_",1,UgwbEx2dlGmuwkV-FHB4AaABAg,@elangustira1758
UgwbEx2dlGmuwkV-FHB4AaABAg.A-BK1dLk_XsA-BLWi4Lsj2,,0,"2024-01-30 07:35:24",@elangustira1758,"@RizkyRiplay sama sama bang makasih udah ngertiin hehhe😄",1,UgwbEx2dlGmuwkV-FHB4AaABAg,@elangustira1758
UgziG6V6kGlFsGPfd6N4AaABAg,1,0,"2024-01-30 07:18:38",@muhammadsyarif5716,"Semangat bng",0,,
UgziG6V6kGlFsGPfd6N4AaABAg.A-BJavcewlvA-BK3ji0SDg,,0,"2024-01-30 07:22:43",@RizkyRiplay,"swiap makasi dukungannya yaaa ^_^",1,UgziG6V6kGlFsGPfd6N4AaABAg,@muhammadsyarif5716
UgzfSTq_9cdJydGZybl4AaABAg,1,1,"2024-01-30 07:17:57",@renaldiaritonang9469,"Kalian jangan main judi-judi😢",0,,
UgzfSTq_9cdJydGZybl4AaABAg.A-BJWpnjA6GA-BK2gasMVv,,1,"2024-01-30 07:22:34",@RizkyRiplay,"iyaa jangan gaessss ^_^",1,UgzfSTq_9cdJydGZybl4AaABAg,@renaldiaritonang9469
UgxHGfdlwU4cvySyuTl4AaABAg,1,1,"2024-01-30 07:04:20",@renaldiaritonang9469,"Gak seram sekali bagi ku",0,,
UgxHGfdlwU4cvySyuTl4AaABAg.A-BHy8Arb3OA-BIVCt_pXX,,1,"2024-01-30 07:08:59",@RizkyRiplay,"semoga ada banyak hikmah yangbisa dipetik dari video ini yaa ^_^",1,UgxHGfdlwU4cvySyuTl4AaABAg,@renaldiaritonang9469
UgysbtkVS_Gq-rHN0fV4AaABAg,2,0,"2024-01-30 07:03:59",@berlinbernardo16,"Gila sih ceritanya yg gua alami sekarang. Semenjak gak kerja gua malah main judi 😭 semua kejual habis. Motor,tv kulkas dll. Sumpah ini pas banget ceritanya.",0,,
UgysbtkVS_Gq-rHN0fV4AaABAg.A-BHvckXpBqA-BI9cPxb2V,,0,"2024-01-30 07:06:02",@berlinbernardo16,"Nyesel nya sampai ke ubun2 tapi gua gak sampai maling",1,UgysbtkVS_Gq-rHN0fV4AaABAg,@berlinbernardo16
UgysbtkVS_Gq-rHN0fV4AaABAg.A-BHvckXpBqA-BISYwgniw,,0,"2024-01-30 07:08:37",@RizkyRiplay,"yaampuunnnn, kalau bisa berhenti yaaa :( judi gabikin kaya maalah tambah bikin susahh :(",1,UgysbtkVS_Gq-rHN0fV4AaABAg,@berlinbernardo16
UgxgcX_MDrw_qSdnsUp4AaABAg,0,0,"2024-01-30 06:36:05",@Yos_sudarso-f8c,"lupa pakai k**d*m kah?",0,,
UgyyzLLfk42qLH3q-1J4AaABAg,2,0,"2024-01-30 06:30:02",@Yos_sudarso-f8c,"keinget lagunya tuti wibowo😅",0,,
UgyyzLLfk42qLH3q-1J4AaABAg.A-BE1uaFJ2_A-BFDJnSFTO,,0,"2024-01-30 06:40:20",@RizkyRiplay,"yang gimana tuh??",1,UgyyzLLfk42qLH3q-1J4AaABAg,@Yos_sudarso-f8c
UgyyzLLfk42qLH3q-1J4AaABAg.A-BE1uaFJ2_A-BFiljsYEG,,0,"2024-01-30 06:44:46",@Yos_sudarso-f8c,"@RizkyRiplay hamil duluan...",1,UgyyzLLfk42qLH3q-1J4AaABAg,@Yos_sudarso-f8c
Ugw7D75htSzkzxHQv914AaABAg,1,0,"2024-01-30 05:48:23",@DelimaSitorus-ks2tr,"Masa depan hancur karena 4 hal. 1. Malas 2. Sex bebas 3. Narkoba 4.Judi Salah satu saja di lakuka, maka rusak lah Masa depan. Sia - sia masa muda. Semoga sukses konten nya...!Semangat berkarya 👍",0,,
Ugw7D75htSzkzxHQv914AaABAg.A-B9GomYzZ3A-BBWPvbEe7,,0,"2024-01-30 06:07:59",@RizkyRiplay,"yaps bener, semoga ada banyak hikmah yang bisa dipetik dari video ini yaa ^_^",1,Ugw7D75htSzkzxHQv914AaABAg,@DelimaSitorus-ks2tr
Ugzvk1b91d4qWPxWM2h4AaABAg,1,3,"2024-01-30 05:26:20",@babyjelly2025,"Terimakasih risky riplay gara gara km suamiku jd nonton ini dan tobat😅karena masih ada anak 1 yg harus dia cukup😅",0,,
Ugzvk1b91d4qWPxWM2h4AaABAg.A-B6kOeVHUhA-BBTIoZ-f0,,1,"2024-01-30 06:07:34",@RizkyRiplay,"alhamdulillahh ^_^ semangat terus yaa buat suami kamuu ^_^",1,Ugzvk1b91d4qWPxWM2h4AaABAg,@babyjelly2025
Ugw2GTtgXN0809m92S94AaABAg,2,2,"2024-01-30 04:43:47",@Caxa-lin,열,0,,
Ugw2GTtgXN0809m92S94AaABAg.A-B1sj5i4dpA-B3kfQUPDG,,2,"2024-01-30 05:00:10",@RizkyRiplay,"semoga ada banyak hikmah yang bisa dipetik dari video ini yaa ^_^",1,Ugw2GTtgXN0809m92S94AaABAg,@Caxa-lin
Ugw2GTtgXN0809m92S94AaABAg.A-B1sj5i4dpA9Swmo8kfCN,,1,"2024-10-11 16:50:49",@Daiz_Dais_Official,"​@RizkyRiplayTerima kasih kembali",1,Ugw2GTtgXN0809m92S94AaABAg,@Caxa-lin
UgyTqxMm8bR73OZQTdd4AaABAg,1,0,"2024-01-30 03:37:49",@chryl68alshy,"Bg, klo bleh tau, pke software ap bg buat bkin anmasiny?",0,,
UgyTqxMm8bR73OZQTdd4AaABAg.A-AvKau769vA-AvX9az4ji,,1,"2024-01-30 03:39:32",@RizkyRiplay,"kita pakai photoshop dan adobe after effect yaa ^_^",1,UgyTqxMm8bR73OZQTdd4AaABAg,@chryl68alshy
Ugy0eclODrCYPTwIjLJ4AaABAg,2,0,"2024-01-30 02:33:01",@enggalprihatin,"Intinya jangan jebol anak orang kalau kamu bukan anak pejabat😮😮😮",0,,
Ugy0eclODrCYPTwIjLJ4AaABAg.A-Anv-reIvPA-Aq1SgTFof,,0,"2024-01-30 02:51:31",@RizkyRiplay,"semoga ada banyak hikmah yang bisa dipetik dari video ini yaa☺️",1,Ugy0eclODrCYPTwIjLJ4AaABAg,@enggalprihatin
Ugy0eclODrCYPTwIjLJ4AaABAg.A-Anv-reIvPA-DQY9SmamL,,0,"2024-01-31 02:57:46",@enggalprihatin,"@RizkyRiplay oke bang😁😁😁",1,Ugy0eclODrCYPTwIjLJ4AaABAg,@enggalprihatin
UgwL3PMfdodgfDLbLiB4AaABAg,1,0,"2024-01-30 01:32:56",@INC_99,"Judiiiiiiii,,,menjanjikaaan kemenangaaan,,,,,eechh teeetnya kelupaan..😱",0,,
UgwL3PMfdodgfDLbLiB4AaABAg.A-Ah1qXHENMA-Aq0mRw--K,,0,"2024-01-30 02:51:26",@RizkyRiplay,"semoga ada banyak hikmah yang bisa dipetik dari video ini yaa☺️",1,UgwL3PMfdodgfDLbLiB4AaABAg,@INC_99
UgwMpB22ImRHYbuLDv54AaABAg,1,0,"2024-01-29 22:36:45",@Halilintar_editz4,"Pesan dari video ini Janganlah kita berjudi karena judi adalah perbuatan yang menbuat kita tergila gila maupun menang uangnya gak halal apalagi kita belum siap untuk bertanggung jawab untuk menpunyai pasangan .",0,,
UgwMpB22ImRHYbuLDv54AaABAg.A-ANsY05kufA-Aq-uOpnKZ,,0,"2024-01-30 02:51:18",@RizkyRiplay,"semoga ada banyak hikmah yang bisa dipetik dari video ini yaa☺️",1,UgwMpB22ImRHYbuLDv54AaABAg,@Halilintar_editz4
Ugx3CS6nEFwEYHZFpIN4AaABAg,1,0,"2024-01-29 22:02:55",@Stop-pembodohan,"Kalau yg ngomong penjaga lapas Polsuspas Kayanya ga pas ama realitanya Penjudi semoga di berantas sama pemerintah Semoga aja pejabat korupsi Di berantas juga😂😂😂",0,,
Ugx3CS6nEFwEYHZFpIN4AaABAg.A-AK-eu2j7oA-Aq-AXQ9lT,,0,"2024-01-30 02:51:12",@RizkyRiplay,"semoga ada banyak hikmah yang bisa dipetik dari video ini yaa☺️",1,Ugx3CS6nEFwEYHZFpIN4AaABAg,@Stop-pembodohan
UgxmgjtOLYU3rSBL6bl4AaABAg,1,0,"2024-01-29 21:25:32",@Zackyniverboyz,"Masuk akal banget sih anjir Ama kehidupan nyata aku ak ijasah SMK susah cari kerja umur lebih GK bole GC punya pengalaman GC di terima gmn y Indonesia ini mungkin kak risky sering gitu y kak",0,,
UgxmgjtOLYU3rSBL6bl4AaABAg.A-AFirglU7NA-ApxtYHEV1,,0,"2024-01-30 02:50:54",@RizkyRiplay,"semangat terus yaa buat cari kerjaaa☺️semoga ada banyak hikmah yang bisa dipetik dari video ini yaa☺️",1,UgxmgjtOLYU3rSBL6bl4AaABAg,@Zackyniverboyz
UgxSrkVE9rhjR3hOGGJ4AaABAg,1,0,"2024-01-29 21:24:39",@ajunjhr,"Akibat pergaulan bebas",0,,
UgxSrkVE9rhjR3hOGGJ4AaABAg.A-AFcQc3wyQA-ApwI5L0Kl,,0,"2024-01-30 02:50:40",@RizkyRiplay,"semoga ada banyak hikmah yang bisa dipetik dari video ini yaa☺️",1,UgxSrkVE9rhjR3hOGGJ4AaABAg,@ajunjhr
UgwXMl_eTzP1vBgIzi94AaABAg,1,2,"2024-01-29 18:37:00",@awwaluddinhanif5837,"Alangkah baiknya sblm melakukan pkerjaan diawali membaca bismillah",0,,
UgwXMl_eTzP1vBgIzi94AaABAg.A-9xRTmjr2HA-ApvTJTihX,,0,"2024-01-30 02:50:34",@RizkyRiplay,"yaps bener bangett nii",1,UgwXMl_eTzP1vBgIzi94AaABAg,@awwaluddinhanif5837
UgysMmQgilbTfnzwsL14AaABAg,1,1,"2024-01-29 18:30:40",@sulhanham3874,"Adik bos suamiku hbis 300jt, suami sepupuku habis hampir 300jt, kmren ank kk iparku hbis 20jt, semuany gara² judol😂😂",0,,
UgysMmQgilbTfnzwsL14AaABAg.A-9wi8_Cal5A-ApuYlOOTY,,1,"2024-01-30 02:50:26",@RizkyRiplay,"wihhh gilaa bangett judol ini yaa😖😖😖",1,UgysMmQgilbTfnzwsL14AaABAg,@sulhanham3874
UgyAYDi9x1UjKYnC1cV4AaABAg,1,0,"2024-01-29 17:36:47",@dediwahyudi1314,"Alhamdulilah maaf baru nonton✌️",0,,
UgyAYDi9x1UjKYnC1cV4AaABAg.A-9qYSmd0RiA-ApsnwjQTg,,0,"2024-01-30 02:50:12",@RizkyRiplay,"gapapaa makasi sudah nonton yaa",1,UgyAYDi9x1UjKYnC1cV4AaABAg,@dediwahyudi1314
UgzKVKutfLQWFpnZMd14AaABAg,1,0,"2024-01-29 17:00:11",@imamalghazali7654,"Kuncinya jgn nafsu aja, saya main judi baik non online atau judi online udah 5 tahun lebih masih sehat masih normal perekonomian sampai skrg, karna kla kalah ya gak mksa, ada uang main gak ada uang diem JP kecil dan besar udah saya rasakan dan dapatkan, gk sampai mnjual barang atau benda berharga lainnya😊 saya bukan orang baik tapi saya beneran orang, kadang hanya sekedar iseng buat beli rokok atau bensin, saya tdak bangga dan jgn dicintoh perilaku saya hanya saja ingin berbagi pengalaman saja",0,,
UgzKVKutfLQWFpnZMd14AaABAg.A-9mMOoT9eMA-AprtDbJCA,,0,"2024-01-30 02:50:04",@RizkyRiplay,"semoga ada banyak hikmah yang bisa dipetik dari video ini yaa☺️",1,UgzKVKutfLQWFpnZMd14AaABAg,@imamalghazali7654
UgxflArJZqMpqdkun4d4AaABAg,1,0,"2024-01-29 16:59:40",@antookan6672,"Terngiang2 suara si 3 istri itu...hahaha sma bocil lato2...hahaha",0,,
UgxflArJZqMpqdkun4d4AaABAg.A-9mIdKJA8gA-Apo4TC90M,,0,"2024-01-30 02:49:33",@RizkyRiplay,"semoga ada banyak hikmah yang bisa dipetik dari video ini yaa☺️",1,UgxflArJZqMpqdkun4d4AaABAg,@antookan6672
Ugy8GuXuRnzWNwTtFHd4AaABAg,1,1,"2024-01-29 16:36:52",@jokowixmegawati,"Nma situs nya apa om",0,,
Ugy8GuXuRnzWNwTtFHd4AaABAg.A-9jgeVTtPaA-Apnax_HOe,,0,"2024-01-30 02:49:29",@RizkyRiplay,"ada banyak kok situs judoll harus hati hati yaAa, judol berkedok game",1,Ugy8GuXuRnzWNwTtFHd4AaABAg,@jokowixmegawati
UgymoIDgO4Vqk0Zy-ux4AaABAg,1,0,"2024-01-29 15:05:04",@stuartoffici,"11:14 NURHADI ALDO",0,,
UgymoIDgO4Vqk0Zy-ux4AaABAg.A-9_BHivEFHA-ApjXpusVB,,0,"2024-01-30 02:48:56",@RizkyRiplay,"makasj sudah nonton yaaa",1,UgymoIDgO4Vqk0Zy-ux4AaABAg,@stuartoffici
UgzeRg-yYUMMFvQgkrJ4AaABAg,1,0,"2024-01-29 13:03:16",@Khoirotunnisa779,"Anaknya kaya udah gede",0,,
UgzeRg-yYUMMFvQgkrJ4AaABAg.A-9MF8mxopzA-Apgn_18Wt,,0,"2024-01-30 02:48:34",@RizkyRiplay,"masa sii😂",1,UgzeRg-yYUMMFvQgkrJ4AaABAg,@Khoirotunnisa779
Ugz4FiF492JoQ0j-jC14AaABAg,1,0,"2024-01-29 12:42:01",@RaihanAlfaro-cw2es,,0,,
Ugz4FiF492JoQ0j-jC14AaABAg.A-9JoYUu4rkA-Apfm-uj6Q,,0,"2024-01-30 02:48:25",@RizkyRiplay,"semoga ada banyak hikmah yang bisa dipetik dari video ini yaa☺️",1,Ugz4FiF492JoQ0j-jC14AaABAg,@RaihanAlfaro-cw2es
Ugx7iOtOX4rreCkl_Vt4AaABAg,0,0,"2024-01-29 12:25:36",@IrMa-ho2yh,❎,0,,
Ugxy2BfTmBH-pNWEiH54AaABAg,1,0,"2024-01-29 12:18:53",@lucuyages2202,"Tetap tawadhu dan tawakal",0,,
Ugxy2BfTmBH-pNWEiH54AaABAg.A-9HA2krwKEA-ApfACEUmp,,0,"2024-01-30 02:48:20",@RizkyRiplay,"semoga ada banyak hikmah yang bisa dipetik dari video ini yaa☺️",1,Ugxy2BfTmBH-pNWEiH54AaABAg,@lucuyages2202
Ugwa7jP_cMhYYEg4Yjp4AaABAg,1,0,"2024-01-29 12:16:26",@Sifatimah447,"Cowoknya hehehe mulu kesel liatnya",0,,
Ugwa7jP_cMhYYEg4Yjp4AaABAg.A-9GtCovyaBA-Apedqy-vT,,0,"2024-01-30 02:48:16",@RizkyRiplay,"semoga ada banyak hikmah yang bisa dipetik dari video ini yaa☺️",1,Ugwa7jP_cMhYYEg4Yjp4AaABAg,@Sifatimah447
UgzrKAAOWhtNUlIpgcR4AaABAg,1,0,"2024-01-29 12:10:38",@ahmadnurhidayat6439,"Teori gw dalam slot: jadi kita depo nah contoh kita depo 50k nah kita kalah 40 ribu nah lama lama turun jadi habis 50k depo lagi dan seterusnya dan ibarat kita menang terus 200 ribu auto ketagihan karena awalan dpt untung nah ketahihan kita depo ratusan ribu trus sampe ga sadar sampe jutaan andainya.contoh kita udah abisin 2 juta nah kita dapet moment untung 1 juta auto sneng dong nah langsung foya foya atau dp lagi dan sampe sterus nya terulang ulang gitu karena ketagihan dan depo lagi,jadi kesimpulannya kita tu cuma ngabisin duit kita sendiri dan kita nyumbangin ke admin sdikit dmi sdikit dan ramai pemain jadi untung deh tu org sedangkan kita rugi tanpa kita sadari ngabisin duit sendiri",0,,
UgzrKAAOWhtNUlIpgcR4AaABAg.A-9GDd9r-4uA-ApdYZoscD,,0,"2024-01-30 02:48:07",@RizkyRiplay,"wkwk oiyaaa ujung ujungnya kita menangin duit kita sendiri yaa🤣kocak bangett sistemnyaaa, semoga ada banyak hikmah yang bisa dipetik dari video ini yaa☺️",1,UgzrKAAOWhtNUlIpgcR4AaABAg,@ahmadnurhidayat6439
UgwGX1PTDxnfv3B_d0l4AaABAg,1,1,"2024-01-29 11:39:45",@Ryan-sx5dv,"Saya auka cehnell ini itu semua komen di jawab sama kak rizki",0,,
UgwGX1PTDxnfv3B_d0l4AaABAg.A-9CgWk3zAqA-ApYKjW19r,,1,"2024-01-30 02:47:16",@RizkyRiplay,"hehe kalau sempat pasti aku balas kokk",1,UgwGX1PTDxnfv3B_d0l4AaABAg,@Ryan-sx5dv
Ugzrie6asYV0PqsQ3jV4AaABAg,1,0,"2024-01-29 11:31:02",@putuwangsagroupp,"Saya sudah nonton dan saya tetap judi..",0,,
Ugzrie6asYV0PqsQ3jV4AaABAg.A-9BgcOgyFpA-ApW8_y_lE,,0,"2024-01-30 02:46:58",@RizkyRiplay,"semoga ada banyak hikmah yang bisa dipetik dari video ini yaa☺️",1,Ugzrie6asYV0PqsQ3jV4AaABAg,@putuwangsagroupp
Ugwxbuj5irahC3amEOV4AaABAg,1,2,"2024-01-29 11:12:08",@Selamatdatang460,"Aku suka konten Kaka karena seru seperti Tentang cerita horor atau pembahasan lainnya semoga sudcrib Kaka makin banyak dan Kaka sehat selala aminnn 🙏🙏🙏 😊😊😊😊😊😊",0,,
Ugwxbuj5irahC3amEOV4AaABAg.A-99XFcQqD_A-ApV58Bmv3,,0,"2024-01-30 02:46:49",@RizkyRiplay,"aamiin makasii doanyaa yaa kamu juga sehat selaluu yaaa",1,Ugwxbuj5irahC3amEOV4AaABAg,@Selamatdatang460
UgzOx45QVtsc2uleQfl4AaABAg,1,2,"2024-01-29 11:09:46",@oppoenim5162,"Judi itu haram, dan judi itu tidak halal Judi itu kita di beri kemenangan tapi lama lama kita kalah Sama saja untuk mengetes ke imanan kita allah Maha tau walau kita tak tau tapi allah tau Allah itu tidak tidur",0,,
UgzOx45QVtsc2uleQfl4AaABAg.A-99Fpfmu4ZA-ApSrQGtwc,,0,"2024-01-30 02:46:31",@RizkyRiplay,"jauhi judi yaa, semoga ada banyak hikmahnyang bisa dipetik dari video ini yaa",1,UgzOx45QVtsc2uleQfl4AaABAg,@oppoenim5162
UgwdOl5_rcegp5hRHMB4AaABAg,0,0,"2024-01-29 10:59:46",@TrioAuYa,P,0,,
Ugz7q1YiwEJKCecJ6S94AaABAg,1,0,"2024-01-29 10:24:19",@AbanGMalatuih,"BG Rizki bikin konten layang layang 😮",0,,
Ugz7q1YiwEJKCecJ6S94AaABAg.A-9430bYiwcA-ApJqmlgWI,,0,"2024-01-30 02:45:17",@RizkyRiplay,"layangan putuss??",1,Ugz7q1YiwEJKCecJ6S94AaABAg,@AbanGMalatuih
UgzvLtHtcJFnSPWKVtx4AaABAg,1,0,"2024-01-29 10:23:06",@curut9645,"MAU TANYA, kenapa gak blokir aja sih situs judol? Apa gak ada yg bisa hapus / blok???",0,,
UgzvLtHtcJFnSPWKVtx4AaABAg.A-93v7uDP3HA-ApIYkNKM6,,0,"2024-01-30 02:45:07",@RizkyRiplay,"agak sulit yaa hehe",1,UgzvLtHtcJFnSPWKVtx4AaABAg,@curut9645
UgydVHGZZ_d0i7zhxuF4AaABAg,1,0,"2024-01-29 09:44:23",@milosetrika0,"Hadir bang rizki😊",0,,
UgydVHGZZ_d0i7zhxuF4AaABAg.A-9-USMfk7ZA-90Gtu1OiB,,0,"2024-01-29 09:51:16",@RizkyRiplay,"haii makasii sudah nonton yaa ^_^",1,UgydVHGZZ_d0i7zhxuF4AaABAg,@milosetrika0
UgyT0QApaXiG_4nsdcd4AaABAg,1,0,"2024-01-29 09:29:40",@imasrahayu8902,"Hadir min",0,,
UgyT0QApaXiG_4nsdcd4AaABAg.A-8ynhbV1jlA-8z7cFgJif,,0,"2024-01-29 09:32:31",@RizkyRiplay,"haii makasii sudah nonton yaa ^_^",1,UgyT0QApaXiG_4nsdcd4AaABAg,@imasrahayu8902
UgyJW1SnYTZ4gvVoVYN4AaABAg,1,0,"2024-01-29 09:27:19",@anandaaji571,"Kak riski berharap judi online diberantas oleh pemerintah?. Gk salah tuh. Dalang utama judol aja lo kak maaf sebagian besar dari pemerintah. Bahkan secara terang terangan malah main slot di jam kerja 🙈. Intinya jgn terlalu berharap ke pemerintah klo mau memberantas judi online. Satu satunya cara ya kita ubah mindset untuk gk main judol. Dengan ubah mindset, apapun videonya, apapun iklannya gk bakalan tergoda 🙈",0,,
UgyJW1SnYTZ4gvVoVYN4AaABAg.A-8yXZ6xYkRA-8z6f2pEw2,,0,"2024-01-29 09:32:23",@RizkyRiplay,"heummm, semoga ada banyak hikmah yang bisa dipetik dari video ini yaa ^_^",1,UgyJW1SnYTZ4gvVoVYN4AaABAg,@anandaaji571
UgxKZAjamFlQcklRifB4AaABAg,1,0,"2024-01-29 09:16:15",@ajijahbacotcukk9082,"wahai subscribers, ingatlah bahwa perjudian tidaklah akan menjadikan kita kaya akan tetapi perjudian dapat membuat kita miskin, ingat itu cika.. judi itu haram, termasuk judi online 🗿🥲",0,,
UgxKZAjamFlQcklRifB4AaABAg.A-8xGRExPRQA-8yGC8fXOV,,0,"2024-01-29 09:24:57",@RizkyRiplay,"yaps bener, semoga ada banyak hikmah yang bisa dipetik dari video ini yaa ^_^",1,UgxKZAjamFlQcklRifB4AaABAg,@ajijahbacotcukk9082
Ugx03hb7gwY9bYaDipN4AaABAg,1,0,"2024-01-29 09:09:23",@LeeylaSaedah-rl2fx,"Kirain mau ngiklanin ternyata mau ngasi tau itu game Judi baru tau soalnya sering muncul di iklan ig",0,,
Ugx03hb7gwY9bYaDipN4AaABAg.A-8wUAPnjlFA-8xLTrDOxW,,0,"2024-01-29 09:16:56",@RizkyRiplay,"jangan sampaii terjerumus kaya si Tiko yaa ^_^",1,Ugx03hb7gwY9bYaDipN4AaABAg,@LeeylaSaedah-rl2fx
UgwszMpvmORQdl00IT94AaABAg,1,0,"2024-01-29 09:00:45",@AlyalikesMark_0,"Cepet 10jt subs ya mas rizky🎉😊",0,,
UgwszMpvmORQdl00IT94AaABAg.A-8vUrZCa__A-8vYETV60-,,0,"2024-01-29 09:01:12",@RizkyRiplay,"yuk bisa yukkkk",1,UgwszMpvmORQdl00IT94AaABAg,@AlyalikesMark_0
UgynynTYOQmH2qf0-J94AaABAg,1,0,"2024-01-29 08:45:58",@AndiniHeliyatulpea,"Yang sayang ibu dan ayah kumpul",0,,
UgynynTYOQmH2qf0-J94AaABAg.A-8tndPyU64A-8u5s-V0Sp,,0,"2024-01-29 08:48:35",@RizkyRiplay,"makasii sudah nonton yaa ^_^",1,UgynynTYOQmH2qf0-J94AaABAg,@AndiniHeliyatulpea
UgzG3qAEoDzI1cFpFDV4AaABAg,1,0,"2024-01-29 08:04:40",@uchihaRaffa,"iphone 15pro max harganya 57k🗿",0,,
UgzG3qAEoDzI1cFpFDV4AaABAg.A-8p4DgIx6WA-8u1tiN63k,,1,"2024-01-29 08:48:03",@RizkyRiplay,"itu ongkirnyaaa :D",1,UgzG3qAEoDzI1cFpFDV4AaABAg,@uchihaRaffa
UgxUIPlMItvkkh-HnZh4AaABAg,1,0,"2024-01-29 07:00:37",@arifianew627,Yuhuu🎉🎉🎉,0,,
UgxUIPlMItvkkh-HnZh4AaABAg.A-8hk3C0_O-A-8iBCcaP9u,,0,"2024-01-29 07:04:28",@RizkyRiplay,"makasii sudah nonton yaa ^_^",1,UgxUIPlMItvkkh-HnZh4AaABAg,@arifianew627
UgyFYMIL-y18JgmcC8N4AaABAg,1,0,"2024-01-29 06:04:39",@carloclaudio5251,"Tapi pemerintah ada juga yg melindungi situs judi online uwaw🤭",0,,
UgyFYMIL-y18JgmcC8N4AaABAg.A-8bL3FL8q1A-8c-3rMtm8,,0,"2024-01-29 06:10:23",@RizkyRiplay,"situs apa tuhhhhh :D",1,UgyFYMIL-y18JgmcC8N4AaABAg,@carloclaudio5251
Ugx597jtmnfYtgeRUO94AaABAg,1,0,"2024-01-29 05:56:04",@MiraFitri-t3t,"Akhirnya tayang juga",0,,
Ugx597jtmnfYtgeRUO94AaABAg.A-8aMDW_a6rA-8bve7Ao_W,,0,"2024-01-29 06:09:47",@RizkyRiplay,"yayy makasii sudah nonton yaa ^_^",1,Ugx597jtmnfYtgeRUO94AaABAg,@MiraFitri-t3t
UgyBmUq2a0nUrvx8X454AaABAg,2,3,"2024-01-29 05:18:21",@ism1rik1,"Maaf ketinggalan nonton nya . Mksh bang videonya",0,,
UgyBmUq2a0nUrvx8X454AaABAg.A-8X21lTgcQA-8bsdiA9Jr,,2,"2024-01-29 06:09:22",@RizkyRiplay,"gapaapaa yang penting nonton kawannn ^^_^ staytune yaa kit atayang setiapp hari rabu dan sabtu ^_^",1,UgyBmUq2a0nUrvx8X454AaABAg,@ism1rik1
UgyBmUq2a0nUrvx8X454AaABAg.A-8X21lTgcQAV5kOLy4dw0,,0,"2026-04-02 12:10:37",@Author_rabiza_gabut,"Bg olá, como voste está?",1,UgyBmUq2a0nUrvx8X454AaABAg,@ism1rik1
UgywZJMRKgTgqcAuePl4AaABAg,1,0,"2024-01-29 05:03:24",@ennysriwahyuni3623,"Bang. Rizky. Rabu. Rizky. Baru. Kan. Bang kapan. Tayang. Aku",0,,
UgywZJMRKgTgqcAuePl4AaABAg.A-8VKWDlqOvA-8bpxJ9-Ck,,0,"2024-01-29 06:09:00",@RizkyRiplay,"staytune yaa kit atayang setiap hari rabu dan sabtu ^_^",1,UgywZJMRKgTgqcAuePl4AaABAg,@ennysriwahyuni3623
UgwLJUdiTiKJD0gxTw54AaABAg,1,0,"2024-01-29 04:22:35",@abukhoer9513,"Mnit 1:25 animasi ny knapa t bang😅😅",0,,
UgwLJUdiTiKJD0gxTw54AaABAg.A-8QeY1bZMaA-8R_o37Y53,,0,"2024-01-29 04:30:40",@RizkyRiplay,"hehehhee oiyaaaa :D",1,UgwLJUdiTiKJD0gxTw54AaABAg,@abukhoer9513
UgzJ1ta7dMj-G_UU2j14AaABAg,2,0,"2024-01-29 04:18:55",@gudangelektronikdanpencarihibu,"Bang, kapan kapan buatin cerita tentang Kota Saranjana dong",0,,
UgzJ1ta7dMj-G_UU2j14AaABAg.A-8QEh1aYzMA-8QhQpUIOX,,0,"2024-01-29 04:22:58",@RizkyRiplay,"makasii idenya kita tampung yaa ^_^",1,UgzJ1ta7dMj-G_UU2j14AaABAg,@gudangelektronikdanpencarihibu
UgzJ1ta7dMj-G_UU2j14AaABAg.A-8QEh1aYzMA-8USYzwWUi,,0,"2024-01-29 04:55:45",@gudangelektronikdanpencarihibu,"@RizkyRiplay ya... saya tunggu ya 😇",1,UgzJ1ta7dMj-G_UU2j14AaABAg,@gudangelektronikdanpencarihibu
Ugz31N79CmA1WT4Iw4J4AaABAg,1,1,"2024-01-29 04:17:56",@busantigersoccer,"Hadehh!! Kan udh dibilangin dari awal!! Kalo masih masa sekolah, fokus belajar bukannya pacaran!! Giliran pacarnya hamil aja, malah putus sekolah. Trus kalo putus sekolah, masa depannya mau jadi apa nak? Jadi pengangguran? Ga mau kan? Lalu, apa gak kasian toh? sama orangtua kalian yg udh biayain sekolah mahal-mahal demi anaknya bisa menempuh pendidikan yang layak?! 😔😔😔😔😔😔 Trus giliran putus sekolah karena hamil kan cara satu2nya adalah menikah, bener kan? Nah, belom lagi nafkahin anaknya yg masih bayi itu butuh biaya yang bisa dibilang tidak sedikit alias mahal banget dah untuk membeli semua kebutuhan pokoknya loh!! Trus giliran dapet pekerjaan jadi kurir paket, si Tiko malah di tuduh menghilangkan barangnya sang pemesan yg harganya lumayan mahal. Ujung-ujungnya, si Tiko di marahi bosnya gr2 ga tanggung jawab atas hilangnya salah satu barang yg dipesan oleh pembelinya. Demi ganti rugi barang sang pembeli yang hilang, ya apa boleh buat Tiko langsung menjual motor miliknya sehingga dia kehilangan pekerjaannya sebagai kurir paket. Tapi entah apa yang terbesit di otaknya Tiko, dia menemukan suatu iklan game yang menawarkan uang yang banyak yaitu judi slot gacor99. Tanpa berpikir panjang, Tiko langsung memainkannya yang awalnya dia memenangkan hadiah sebesar Rp. 300.000.000 Tapi lama kelamaan, Tiko menjadi ketagihan dan akhirnya dia stress sendiri karena kalah judi online. Saat itu, Tiko ingin mencairkan uangnya hasil menang judi pertamanya di mesin ATM yang ada di suatu bank. Namun na'as, transaksinya gagal karena saldonya tidak cukup bahkan di bawah Rp. 100.000 yakni Rp. 66.000. Alih-alih menafkahi istri dan anak tapi uangnya digunakan untuk top-up judi online lagi. Tapi karena saking ga punya uang, ia pun terpaksa untuk mencuri kotak amal di masjid. Secara tak sengaja ia menyenggol kotak amal tersebut hingga terjatuh sehingga menimbulkan bunyi yang begitu keras yang di mana bunyi tersebut di dengar oleh salah satu jamaah yang ingin sholat di masjid. Hal ini lah yang membuat aksi dari Tiko ketahuan. Tetapi, jamaah itu marah dan meneriakkan maling ke Tiko gr2 mau coba2 curi uang di kotak amal. Tiko pun buru-buru lari sekenceng-kencengnya untuk menghindari dirinya ditangkap dan ketahuan. Tapi sang jamaah tidaklah patah semangat untuk mengejar Tiko hingga akhirnya dirinya kewalahan sendiri. Karena merasa udah aman dari kejaran sang jama'ah, Tiko pun keluar dari tempat persembunyiannya di semak2 pohon. Trus sesampainya di rumah, istrinya curiga gr2 Tiko tiba2 ngomong sendiri. Karena ga terima ditegur, Tiko pun nyentakin istrinya sampai istrinya nampar dirinya. Lebih durhakanya lagi, sang istri malah di tendang sama Tiko hingga terjatuh. Di saat yang bersamaan, sang jamaah bersama kedua polisi (sang jama'ah yang ngelaporin) menghampiri rumahnya Tiko untuk menangkapnya atas tuduhan Mencuri kotak amal dan KDRT terhadap sang istri. Tapi karena panik, Tiko pun berlari sekenceng-kencengnya hingga secara tak sengaja menabrak gerobak telur gulung hingga minyak panasnya mengenai matanya hingga penglihatannya hilang. Tapi karena dalam kondisi seperti ini, Tiko pun dituntut untuk mempertanggungjawabkan perbuatannya oleh para warga setempat. Pada akhirnya, Tiko pun mendapatkan karma yang setimpal dengan perbuatannya yang merugikan warga maupun keluarganya yakni dirinya dipenjarakan, divonis jadi gila, dan lebih suramnya lagi dirinya diceraikan oleh sang istri. Mengetahui hal tersebut, apakah masih mau main judi online lagi? Kalo masih punya niatan kek gitu, tolong di buang atau dijauhkan dengan perbuatan kayak gitu. Apalagi kalo temen yg ngajak, jangan mau ya? Tapi kalo dia maksa, bilang aja ""MAIN AJA SENDIRI!! ITU PUN KALO KALAH, TOH YG RUGI ELO BUKAN GW!!"" Emangnya lo pikir, judi online bisa bikin lo kaya apa? Kalo pertama atau keduanya pasti menang sih ya. Tapi, seiring dengan berjalannya waktu lama kelamaan ntar yang ada bukannya menang eh, malah kalah!! 😑😑😑 Trus kalo kalah judi, yang ada malah ngutang sana sini, giliran bayar cicilannya aja ga sanggup apa lagi kalo kena bunganya dah!! Belom lagi, karena uangnya terkuras habis gr2 kalah judi online mulu. SO, STOP JUDI ONLINE!!",0,,
Ugz31N79CmA1WT4Iw4J4AaABAg.A-8Q7YqQgn-A-8QgJ8_dxZ,,1,"2024-01-29 04:22:49",@RizkyRiplay,"dari cerita kali ini ada bwanyak pesan moral yang bisa kita petik yaa ^_^ semoga dengan adanya video ini bisa membuat mereka semua yang sedang berada di lingkaran hitam menjadi sadar dan bisa kembali ke jalan yang benar ^_^",1,Ugz31N79CmA1WT4Iw4J4AaABAg,@busantigersoccer
UgyzUMYTl6mxGoW_U0t4AaABAg,1,0,"2024-01-29 02:52:41",@windaindri3322,"😊😊😅selalu telat nonton❤❤❤tapi tetap setia ma channel ini❤❤❤❤❤",0,,
UgyzUMYTl6mxGoW_U0t4AaABAg.A-8GN7DvftlA-8HTWA_n-j,,0,"2024-01-29 03:02:18",@RizkyRiplay,"gapapa yang penting nonton hehehe ^_^",1,UgyzUMYTl6mxGoW_U0t4AaABAg,@windaindri3322
UgwmicdjH0bY3a2zu1d4AaABAg,1,0,"2024-01-29 02:19:13",@yunyyuny8916,"Sebrenarnya yg slah.brdua.istrinya juga uda tau.dari awal slah.malah menyudutkan malsh ke lelaki. Dasr cw g baik. Harusnya tiko. Bilang potong gaji aja ke pak Bos. Biar bisa nyumpal.tuh mulut itrinya pake duit. Suami lagi susah malah mnyudutkan maslah ke suami.bikin keruh. Permaslahn dan suasana .itulah itsri kalo suka jjan..",0,,
UgwmicdjH0bY3a2zu1d4AaABAg.A-8CY3PfSMoA-8FrhIP0CC,,0,"2024-01-29 02:48:15",@RizkyRiplay,"semoga ada banyak hikmah yang bisa dipetik dari video ini yaa☺️",1,UgwmicdjH0bY3a2zu1d4AaABAg,@yunyyuny8916
Ugwb2b6A5yJvcex7vPR4AaABAg,1,0,"2024-01-29 02:16:44",@kluwiii,"Kk rizky mana nih video barunya😅",0,,
Ugwb2b6A5yJvcex7vPR4AaABAg.A-8CFp-ybtpA-8FqFor48i,,0,"2024-01-29 02:48:03",@RizkyRiplay,"staytune yaa kita tayang setiap hari rabu dan sabtuu",1,Ugwb2b6A5yJvcex7vPR4AaABAg,@kluwiii
UgwSATXzvdP7Z--1IXZ4AaABAg,1,1,"2024-01-29 01:54:03",@windagitapurnama2824,😊😊😊,0,,
UgwSATXzvdP7Z--1IXZ4AaABAg.A-89ehb7ueMA-89h0aWS9A,,0,"2024-01-29 01:54:22",@windagitapurnama2824,😊😊😊,1,UgwSATXzvdP7Z--1IXZ4AaABAg,@windagitapurnama2824
UgwMVA9zZmhhZS8j3h14AaABAg,1,0,"2024-01-29 01:49:31",@meltawahtina_,"Cudah tau susah bukannya d kasih ASI aja malah susu formula",0,,
UgwMVA9zZmhhZS8j3h14AaABAg.A-898UOzi9YA-8Fopxmugv,,0,"2024-01-29 02:47:52",@RizkyRiplay,"mungkin asinya tidak lancar🥺",1,UgwMVA9zZmhhZS8j3h14AaABAg,@meltawahtina_
UgwMKZJWHJ-Of08xHrp4AaABAg,2,0,"2024-01-29 01:30:37",@PemburuBaso,"Buset...bayinya tua bener dah mukanya 😂",0,,
UgwMKZJWHJ-Of08xHrp4AaABAg.A-86z6ZfDuKA-8Fn3ZVsOc,,0,"2024-01-29 02:47:38",@RizkyRiplay,"wkwk masa sii😂",1,UgwMKZJWHJ-Of08xHrp4AaABAg,@PemburuBaso
UgwMKZJWHJ-Of08xHrp4AaABAg.A-86z6ZfDuKA-8lLUDBRd5,,0,"2024-01-29 07:32:05",@kiminalansyarif9299,"tekanan batin itu😊",1,UgwMKZJWHJ-Of08xHrp4AaABAg,@PemburuBaso
Ugxy7ql7H6lQhNwANRB4AaABAg,1,3,"2024-01-29 00:38:26",@enisaeni8023,"Alhamdulillah jadiin pelajaran buat aku yg bentar lagi nikah,doain ya temen temen semoga lancar Sampe hari H nnti 🙏",0,,
Ugxy7ql7H6lQhNwANRB4AaABAg.A-81-rdCPMrA-8FlxKp5AH,,0,"2024-01-29 02:47:28",@RizkyRiplay,"aamiin makasii doanyaa yaaaaa",1,Ugxy7ql7H6lQhNwANRB4AaABAg,@enisaeni8023
UgytOrtkgSwIMlHpmHN4AaABAg,1,0,"2024-01-28 23:33:50",@ArisAnggrafaty,"Nasehatin orang main judi slot sama aja ngomong sama tembok...",0,,
UgytOrtkgSwIMlHpmHN4AaABAg.A-7ubdvR1LnA-8FkpOgkuA,,0,"2024-01-29 02:47:19",@RizkyRiplay,"semoga ada banyak hikmah yang bisa dipetik dari video ini yaa☺️",1,UgytOrtkgSwIMlHpmHN4AaABAg,@ArisAnggrafaty
UgwdRESQdFDkMPP5O4R4AaABAg,1,0,"2024-01-28 23:02:43",@derikrnwn,"Bang rizky coba konten berikutnya tentang ""aa kasian aa"" yg lagi viral semoga dibuatin hehe",0,,
UgwdRESQdFDkMPP5O4R4AaABAg.A-7r2oyCE8sA-8FjYP9y7k,,0,"2024-01-29 02:47:09",@RizkyRiplay,"makasii idenyaa menarik kita tampung yaaa",1,UgwdRESQdFDkMPP5O4R4AaABAg,@derikrnwn
UgwkIE3ypZSPQMSJuq94AaABAg,2,0,"2024-01-28 22:41:33",@Adiwira_Endriaz,"kok kartun dirinya mas rizky keliatan beda dari yang lain 😂p",0,,
UgwkIE3ypZSPQMSJuq94AaABAg.A-7ociOQQafA-8FiBni9lM,,1,"2024-01-29 02:46:58",@RizkyRiplay,"versi dewssa😂",1,UgwkIE3ypZSPQMSJuq94AaABAg,@Adiwira_Endriaz
UgwkIE3ypZSPQMSJuq94AaABAg.A-7ociOQQafA-8O17K5DiZ,,0,"2024-01-29 03:59:35",@Adiwira_Endriaz,"pantesan beda .. aku tau loh kartun mas rizky kaya mana .. hahaha .. udah sering nonton",1,UgwkIE3ypZSPQMSJuq94AaABAg,@Adiwira_Endriaz
Ugy1T5yLq40_p8DYtdJ4AaABAg,1,0,"2024-01-28 20:26:29",@rodhifahdhifah6838,"Ampe shubuh gabisa tidur, gasss lahh nonton Riski Riplay, semoga maju dan menebar kebaikan selalu ya bang❤❤",0,,
Ugy1T5yLq40_p8DYtdJ4AaABAg.A-7_ATIiPMIA-8Fel0seJn,,1,"2024-01-29 02:46:29",@RizkyRiplay,"aamiin, semoga ada banyak hikmah yang bisa dipetik dari video ini yaa☺️",1,Ugy1T5yLq40_p8DYtdJ4AaABAg,@rodhifahdhifah6838
UgyUdJuxBoNogIIuYeN4AaABAg,1,0,"2024-01-28 18:43:46",@husnulhotimah5294,"Jauhkan ya rabb dari hal hal seperti itu. Naudzubillahimindzalik",0,,
UgyUdJuxBoNogIIuYeN4AaABAg.A-7OQ8y5WE-A-8FdxZlmlJ,,0,"2024-01-29 02:46:23",@RizkyRiplay,"aamiin, semoga ada banyak hikmah yang bisa dipetik dari video ini yaa☺️",1,UgyUdJuxBoNogIIuYeN4AaABAg,@husnulhotimah5294
Ugxk8tEwnNhFbC0vrLB4AaABAg,1,1,"2024-01-28 17:34:31",@ciparay7535,"Bagus bngt bang",0,,
Ugxk8tEwnNhFbC0vrLB4AaABAg.A-7GV0RkVaPA-8FcR2E6ri,,1,"2024-01-29 02:46:10",@RizkyRiplay,"yayy makasii yaaa",1,Ugxk8tEwnNhFbC0vrLB4AaABAg,@ciparay7535
UgwobH3PN5etjPsXp2B4AaABAg,1,1,"2024-01-28 17:02:51",@nurulofficial1866,Hadirrrr,0,,
UgwobH3PN5etjPsXp2B4AaABAg.A-7Cs1wVYo-A-8Fbeu209y,,0,"2024-01-29 02:46:04",@RizkyRiplay,"haii makasii sudah nonton yaaa",1,UgwobH3PN5etjPsXp2B4AaABAg,@nurulofficial1866
UgxM5uZ03bql2_wswrp4AaABAg,1,0,"2024-01-28 16:43:33",@Erlangga-f8h,"next buat request Teke Teke ke Indonesia",0,,
UgxM5uZ03bql2_wswrp4AaABAg.A-7AeeDY07CA-8Fap7ygaF,,0,"2024-01-29 02:45:57",@RizkyRiplay,"heum bikin nggak yaaa",1,UgxM5uZ03bql2_wswrp4AaABAg,@Erlangga-f8h
UgxbAhgrbNtbrK4turt4AaABAg,2,0,"2024-01-28 16:20:23",@andreclash911,"Ini kayak cerita seorang yang dekat sm aku ( rhsia ) jadi awal mulanya, kenal Judi Dari temennya, setelah sekian lama main Judi dia kecanduan dah tuh... Tiba suatu hari dia kalah Judi tuu, rugi 1jt Dan dia ga terima, dicuri lah uangnya istrinya sampe"" usaha mereka kehabisan modal, Dan dompet semakin menipis. Dan some skrg dia blm tobat nge Judi, masih aja dilakuin ampe sekrang. Gak habis pikir aku",0,,
UgxbAhgrbNtbrK4turt4AaABAg.A-78-zlQX75A-86SjVyMyB,,0,"2024-01-29 01:26:04",@PemburuBaso,"Ga akan berhenti sampai dia kehilangan segalanya ..kita org"" terdeketnya ga akan bisa ngapa""in,ga akan didenger...saat dia sadar,semua sdh terlambat,sdh hancur.",1,UgxbAhgrbNtbrK4turt4AaABAg,@andreclash911
UgxbAhgrbNtbrK4turt4AaABAg.A-78-zlQX75A-8F_QsOTsQ,,0,"2024-01-29 02:45:46",@RizkyRiplay,"seriusan??? semoga segera mendapat hidayahh yaaa 🥺kasian istrinyaa🥺",1,UgxbAhgrbNtbrK4turt4AaABAg,@andreclash911
Ugydt1RQxhRPS-5yisp4AaABAg,1,2,"2024-01-28 15:39:35",@Rafi47906,"12:17 Lagunya BANG HAJI RHOMA IRAMA, Judiiiii.",0,,
Ugydt1RQxhRPS-5yisp4AaABAg.A-73LDuB5vTA-8FP3ASOuU,,0,"2024-01-29 02:44:13",@RizkyRiplay,"wkwk iyaa niii😂",1,Ugydt1RQxhRPS-5yisp4AaABAg,@Rafi47906
Ugz1tqSNVzXJINaLpf14AaABAg,0,0,"2024-01-28 15:06:39",@billxzahp6426,"Kasihan banget ya Tiko,Tiko sebenarnya orang yang baik,tapi sayangnya masalah hidup yang mendera membuat Tiko akhirnya terjerumus ke dalam judi online yang malah membuatnya menjadi seorang kriminal dan pada akhirnya menjadi gila",0,,
Ugw9xoIePVqWorMcLPR4AaABAg,2,53,"2024-01-28 15:06:18",@hestiwahyuni6340,"Selamat ya utk Rizky ripley dan team. Akhirnya bisa tranding 3. Semoga kedepannya bisa tranding 1 . Aamiin",0,,
Ugw9xoIePVqWorMcLPR4AaABAg.A-7-XS2iXFdA-70C6C2CEH,,3,"2024-01-28 15:12:08",@RizkyRiplay,"aamiin makasii doanya yaaa",1,Ugw9xoIePVqWorMcLPR4AaABAg,@hestiwahyuni6340
Ugw9xoIePVqWorMcLPR4AaABAg.A-7-XS2iXFdA-75XDjdsHj,,0,"2024-01-28 15:58:42",@hestiwahyuni6340,"@RizkyRiplay sama sama bang",1,Ugw9xoIePVqWorMcLPR4AaABAg,@hestiwahyuni6340
UgwHmwIgMnoIOw17J6t4AaABAg,2,0,"2024-01-28 15:01:28",@yulizulfa3376,"Dan lanjut sini lagi bang😊😁",0,,
UgwHmwIgMnoIOw17J6t4AaABAg.A-6zz0mkWo9A-70B4vYPHi,,0,"2024-01-28 15:11:59",@RizkyRiplay,"semoga ada banyak hikmah yang bisa dipetik dari video ini yaa☺️",1,UgwHmwIgMnoIOw17J6t4AaABAg,@yulizulfa3376
UgwHmwIgMnoIOw17J6t4AaABAg.A-6zz0mkWo9A-9aMZHv4EC,,0,"2024-01-29 15:15:21",@yulizulfa3376,"@RizkyRiplay iya bang,di tunggu vidio ny yang baru ya",1,UgwHmwIgMnoIOw17J6t4AaABAg,@yulizulfa3376
UgwY2_OEPMNGM6beW5d4AaABAg,1,0,"2024-01-28 14:57:50",@SetyoNugroho-z1b,"Realet banget wkwkw",0,,
UgwY2_OEPMNGM6beW5d4AaABAg.A-6zZRQT_bRA-70A8tY0Oj,,0,"2024-01-28 15:11:52",@RizkyRiplay,"semoga ada banyak hikmah yang bisa dipetik dari video ini yaa☺️",1,UgwY2_OEPMNGM6beW5d4AaABAg,@SetyoNugroho-z1b
UgyOJAKTKG5LzzYf6Sx4AaABAg,2,0,"2024-01-28 14:43:21",@inishiro1837,"saya dulu pecandu judol,sehari gak denger petir kakek rasanya pusing,pada suatu saat,tgl tua udah gak punya pegangan,dan itu bikin pusing setengah hidup,sadar judol akan semakin hancur,akhirnya semua akun yg berhubungan dgn judol saya hapus,dan Alhamdulillah keadaan makin membaik. intinya stop judol saudara2ku yg masih kecanduan,,,jika masih di teruskan,akan buat hidupmu hancur🙏🙏🙏",0,,
UgyOJAKTKG5LzzYf6Sx4AaABAg.A-6xuHlbqjZA-709JdeZo4,,0,"2024-01-28 15:11:45",@RizkyRiplay,"alhamdulillah sudah bisa keluar dari lingkaran hitam ituu yaa🥺semoga ada banyak hikmah yang bisa dipetik dari video ini yaa☺️",1,UgyOJAKTKG5LzzYf6Sx4AaABAg,@inishiro1837
UgyOJAKTKG5LzzYf6Sx4AaABAg.A-6xuHlbqjZA-70k4Sy3fj,,0,"2024-01-28 15:16:54",@inishiro1837,"@RizkyRiplay iya bang🙏🙏🙏 semoga banyak lgi temen2 yg sadar...dan buat bang Rizky beserta temen2 sukses selalu",1,UgyOJAKTKG5LzzYf6Sx4AaABAg,@inishiro1837
UgzqVlmfMcE9bQtQh3h4AaABAg,1,0,"2024-01-28 14:17:48",@lisalukman4715,"Kasian ya. semoga yg suka berjudi bisa tobat 🤲",0,,
UgzqVlmfMcE9bQtQh3h4AaABAg.A-6uzBYwbkzA-70-pue7Tq,,1,"2024-01-28 15:10:27",@RizkyRiplay,"aamiin, semoga ada banyak hikmah yang bisa dipetik dari video ini yaa☺️",1,UgzqVlmfMcE9bQtQh3h4AaABAg,@lisalukman4715
UgyJXH14IzKEUrZ7zmF4AaABAg,2,0,"2024-01-28 13:53:30",@Byeeclee06,"Dgn kalian semua main judi dan kalah trs bkl semakin memperkaya mantan pacar gw jdi ayo main bntr lg maxwin 😂😅😊",0,,
UgyJXH14IzKEUrZ7zmF4AaABAg.A-6sCDCHGCPA-7-zAb_vs1,,0,"2024-01-28 15:10:13",@RizkyRiplay,"kobisaa??? wah siapa nih mantan pacarmyaa",1,UgyJXH14IzKEUrZ7zmF4AaABAg,@Byeeclee06
UgyJXH14IzKEUrZ7zmF4AaABAg.A-6sCDCHGCPA-Ltx83yT4I,,0,"2024-02-03 09:57:23",@Byeeclee06,"@RizkyRiplay bandar bang",1,UgyJXH14IzKEUrZ7zmF4AaABAg,@Byeeclee06
UgwpX1IbkzvNnbUoG4t4AaABAg,1,0,"2024-01-28 13:45:30",@sultananafillah5505,"Bismillah subscriber kak riski tahun ini 10 juta Aamiin🎉🎉🎉",0,,
UgwpX1IbkzvNnbUoG4t4AaABAg.A-6rH_t0OAnA-7-tRQgjfe,,0,"2024-01-28 15:09:27",@RizkyRiplay,"aamiin, yuk bisa yukk",1,UgwpX1IbkzvNnbUoG4t4AaABAg,@sultananafillah5505
UgzG_oNIVpX3Au6FBgt4AaABAg,1,0,"2024-01-28 13:41:37",@muhammadjapriadi8551,"Haha yg ending sempet2 nya dia bilang ngacor dasar",0,,
UgzG_oNIVpX3Au6FBgt4AaABAg.A-6qqDjBqVGA-7-sTOkiVv,,0,"2024-01-28 15:09:19",@RizkyRiplay,"wkwk iyaa nii🤣",1,UgzG_oNIVpX3Au6FBgt4AaABAg,@muhammadjapriadi8551
UgzreHzeVvdSKTp1eXV4AaABAg,1,0,"2024-01-28 13:03:29",@danaroffical,"Yah telat sehari😢🗿",0,,
UgzreHzeVvdSKTp1eXV4AaABAg.A-6mTrEMkIWA-7-qhuE4ex,,0,"2024-01-28 15:09:04",@RizkyRiplay,"gapapaa makasi sudah nonton yaa",1,UgzreHzeVvdSKTp1eXV4AaABAg,@danaroffical
UgykIpSzjg3Iw4KQnXx4AaABAg,0,0,"2024-01-28 13:00:41",@windagitapurnama2824,😊😊😊,0,,
UgyXOxjsVx0p0SmMAtZ4AaABAg,1,1,"2024-01-28 12:56:35",@matiusagung.y886,"Semua berawal dari hilangnya hp..bukan judi..",0,,
UgyXOxjsVx0p0SmMAtZ4AaABAg.A-6lgIGoNJKA-7-pOaOjG-,,0,"2024-01-28 15:08:53",@RizkyRiplay,"semoga ada banyak hikmah yang bisa dipetik dari video ini yaa☺️",1,UgyXOxjsVx0p0SmMAtZ4AaABAg,@matiusagung.y886
UgxMqzsQpsIdN6ezqK14AaABAg,1,0,"2024-01-28 12:28:09",@gxpushsoenda7368,"mana mungkin pemerintah berantas judi online... orang mereka juga yg kuasaiii",0,,
UgxMqzsQpsIdN6ezqK14AaABAg.A-6iR8ZDP9QA-7-ojm7Npd,,0,"2024-01-28 15:08:48",@RizkyRiplay,"semoga ada banyak hikmah yang bisa dipetik dari video ini yaa☺️",1,UgxMqzsQpsIdN6ezqK14AaABAg,@gxpushsoenda7368
UgzUKk7JkZL-_sGmR9d4AaABAg,1,0,"2024-01-28 12:20:56",@devisari8404,"Wahh trending 3 🎉🎉🎉🎉",0,,
UgzUKk7JkZL-_sGmR9d4AaABAg.A-6hbH1vklgA-7-norBU2p,,0,"2024-01-28 15:08:41",@RizkyRiplay,"alhamdulillah berkat dukungan kaliam semua nii",1,UgzUKk7JkZL-_sGmR9d4AaABAg,@devisari8404
UgyqyFndTrtxZOg2um14AaABAg,0,1,"2024-01-28 12:13:58",@Genmdewa,https://www.youtube.com/feed/trending?bp=4gICIAE%3D,0,,
Ugzi_mtvvIOifMEeL754AaABAg,1,1,"2024-01-28 11:56:31",@neovachirawit7322,"Kak trending 3,selamat❤",0,,
Ugzi_mtvvIOifMEeL754AaABAg.A-6eoNAf-QIA-7-letJWi8,,0,"2024-01-28 15:08:23",@RizkyRiplay,"alhamdulillah makasi yaaa",1,Ugzi_mtvvIOifMEeL754AaABAg,@neovachirawit7322
UgzfHI9DJMwaWoJJWjt4AaABAg,2,6,"2024-01-28 11:52:24",@amykumahana,"maaf ya kakk lama ga liat konten ",0,,
UgzfHI9DJMwaWoJJWjt4AaABAg.A-6eLFE9qD3A-7-kqn-8fv,,1,"2024-01-28 15:08:16",@RizkyRiplay,"darimana ajaa🥺🥺 makannya kok udah gak keliatan lamaa🥺",1,UgzfHI9DJMwaWoJJWjt4AaABAg,@amykumahana
UgzfHI9DJMwaWoJJWjt4AaABAg.A-6eLFE9qD3A-71nakLVPT,,1,"2024-01-28 15:26:07",@amykumahana,"lagi sibuk kak nanti aku tonton semua kak ",1,UgzfHI9DJMwaWoJJWjt4AaABAg,@amykumahana
UgwqO_Y0-2ColWvBTWd4AaABAg,1,6,"2024-01-28 11:51:50",@amykumahana,"jangan judi ya gaissss",0,,
UgwqO_Y0-2ColWvBTWd4AaABAg.A-6eH3_xYBNA-7-i0Q711R,,2,"2024-01-28 15:07:53",@RizkyRiplay,"iyaa jangan gaess, judi ini berbahaya bangett, semoga ada banyak hikmah yang bisa dipetik dari video ini yaa☺️",1,UgwqO_Y0-2ColWvBTWd4AaABAg,@amykumahana
Ugw6NkUkkPN5KNVE94t4AaABAg,2,0,"2024-01-28 11:46:47",@zeinhusna,"Judi judi net... Menjanjikan kemenangan. Judi judiii net ..",0,,
Ugw6NkUkkPN5KNVE94t4AaABAg.A-6dh6g3b9RA-7-gP-Suv8,,0,"2024-01-28 15:07:40",@RizkyRiplay,"semoga ada banyak hikmah yang bisa dipetik dari video ini yaa☺️",1,Ugw6NkUkkPN5KNVE94t4AaABAg,@zeinhusna
Ugw6NkUkkPN5KNVE94t4AaABAg.A-6dh6g3b9RA-76deYtzKJ,,0,"2024-01-28 16:08:27",@zeinhusna,"@RizkyRiplay banyak banget yang bisa di petik bang rizky",1,Ugw6NkUkkPN5KNVE94t4AaABAg,@zeinhusna
Ugw0kj8uo0nCNK5Bkmp4AaABAg,1,1,"2024-01-28 11:25:54",@YogaPaws446,"saya pecandu judi online, sebenernya saya punya niat ingin berhenti judol",0,,
Ugw0kj8uo0nCNK5Bkmp4AaABAg.A-6bJ8Ar6KiA-7-fTBj12X,,1,"2024-01-28 15:07:32",@RizkyRiplay,"yuk bisa yuk berhentii☺️",1,Ugw0kj8uo0nCNK5Bkmp4AaABAg,@YogaPaws446
UgxSSphqRnDd1cQHYNB4AaABAg,1,1,"2024-01-28 11:23:15",@imanmeme12,"Terimakasih pemerintah selama judol marak dan menjamur kalian dan aparat diam😂 sampe sambo tertangkap. Walaupun sekarang gimik diberantas nyatanya masih banyak. Padahal simple itu topup ke rekening siapa buru pemilik rekeningnya. 😂 Gimik diberantaslah",0,,
UgxSSphqRnDd1cQHYNB4AaABAg.A-6b-jHstc6A-7-aA8snH3,,0,"2024-01-28 15:06:49",@RizkyRiplay,"semoga ada banyak hikmah yang bisa dipetik dari video ini yaa☺️",1,UgxSSphqRnDd1cQHYNB4AaABAg,@imanmeme12
UgzONeMu0iryGz9LFQF4AaABAg,1,1,"2024-01-28 11:19:04",@makrusuh,"terimakasih sudah menginspirasi.",0,,
UgzONeMu0iryGz9LFQF4AaABAg.A-6aX6FpuE1A-7-YUoh_V7,,0,"2024-01-28 15:06:27",@RizkyRiplay,"siapp, semoga ada banyak hikmah yang bisa dipetik dari video ini yaa☺️",1,UgzONeMu0iryGz9LFQF4AaABAg,@makrusuh
UgxdeDoAbLA6TfMa-Ip4AaABAg,1,0,"2024-01-28 11:09:22",@Sensei_Neon_Indox,"Memang sih pemerintah harus memberantas judi online. Tapi Malah pemerintah nya yang gunain buat judi itu sendiri. Itu sudah terungkapkan di Santon TV.",0,,
UgxdeDoAbLA6TfMa-Ip4AaABAg.A-6_Q57AnzgA-7-WTH1gqK,,0,"2024-01-28 15:06:10",@RizkyRiplay,"semoga ada banyak hikmah yang bisa dipetik dari video ini yaa☺️",1,UgxdeDoAbLA6TfMa-Ip4AaABAg,@Sensei_Neon_Indox
UgwKP80GlRdzjqUJxox4AaABAg,1,1,"2024-01-28 10:49:15",@bimaandikaputra5351,"GUA MAU NIKAH, PGN PUNYA UANG TMBHN MAEN JUDI ONLINE. MALAH SIAL MULU GK PRNH MENANG. SUSAH BGT PGN NIKAH JGA. SUMPAH KLO UDH NIKAH MAH GUA GK BKALAN MAEN GTUAN. INI KARENA PGN NIKAH PGN PNYA UANG TMBHN. SIAL BANGET GUA KALAH MULU UDH PULUHAN JUTA",0,,
UgwKP80GlRdzjqUJxox4AaABAg.A-6Y6fikog2A-6_5yh5vUg,,1,"2024-01-28 11:06:37",@RizkyRiplay,"kalo pingin banyak uang mah kerja ajaa, jangan malah judii gaes🥺percaya deh uang judi ituu gaakan bisa ditabung karna itu uang panass",1,UgwKP80GlRdzjqUJxox4AaABAg,@bimaandikaputra5351
UgzVO7PuFUjQD-zjh7d4AaABAg,1,0,"2024-01-28 10:33:39",@HRofficial409,"kak rizky teman aku beberapa minggu lalu bundir di kebon gantung diri, juga gara2 main slot sampek hutang ke pinjol 75 jt,.keluarganya histeris sampek bokap nya kena strok karna anaknya bundir, dan di tagih utang 75 jt.. sedangkan mereka tergolong orang menegah ke bawah.. kasihan bet deh. udah banyak korban yg terjerumus hutang karna main slot ini, betapa besar dosa yg buat aplikasi slot ini. karna secara tdk langsug menghancurkan hidup orang lain.. kak rizky anda the best.tau aja yg sedang viral. love pokoknya. selalu nyrempet kisah sayaaa😆,satu lagi untuk anak2 yg masih sekolah jgn coba2 main celap celup kayak teh celup wkkw,udah enak tinggal makan sekolah tidur jajan, eh malah terjerumus susah sendiri,terus nyalahin takdir kwkwk kocak2",0,,
UgzVO7PuFUjQD-zjh7d4AaABAg.A-6WKTT_f9tA-6_-D9VTwC,,1,"2024-01-28 11:05:42",@RizkyRiplay,"miriss bangetttt, kasian sama keluarga yang ditinggalinn🥺semoga mereka bisa kuat menghadapii semuaanyaa yaa🥺semoga ada banyak hikmah yang bisa dipetik dari video ini yaa☺️",1,UgzVO7PuFUjQD-zjh7d4AaABAg,@HRofficial409
UgxSOslDwRFaxt6vmAF4AaABAg,2,1,"2024-01-28 10:33:24",@EllyHarningsih,"Jangan main judi online (judol) Agar kita bisa menikmati hidup yg enak dan tenang dan kita tidak boleh Bermain hp terlalu lama !",0,,
UgxSOslDwRFaxt6vmAF4AaABAg.A-6WIeaG2wWA-6ZrhVxbAg,,0,"2024-01-28 11:04:32",@RizkyRiplay,"yaps bener, semoga ada banyak hikmah yang bisa dipetik dari video ini yaa☺️",1,UgxSOslDwRFaxt6vmAF4AaABAg,@EllyHarningsih
UgxSOslDwRFaxt6vmAF4AaABAg.A-6WIeaG2wWA-6h3PgC_u1,,0,"2024-01-28 12:16:11",@EllyHarningsih,"Iya kak semoga sampe 1rb suscribeber amin",1,UgxSOslDwRFaxt6vmAF4AaABAg,@EllyHarningsih
Ugx8HUPMkPGAL7y--KJ4AaABAg,1,0,"2024-01-28 10:07:17",@silagania8429,"Love love❤❤",0,,
Ugx8HUPMkPGAL7y--KJ4AaABAg.A-6TJMA4295A-6ZqwF5ShK,,0,"2024-01-28 11:04:26",@RizkyRiplay,"makasi sudah nonton yaa",1,Ugx8HUPMkPGAL7y--KJ4AaABAg,@silagania8429
Ugy8Q8L9Ey3KjUP3xhh4AaABAg,1,0,"2024-01-28 10:06:27",@zaveidz2603,"Kalo main game AoM ( Age of Mythology ) pake dewa Zeus sih ga masalah tapi kalo main slot zeus ogah bisa² bikin sengsara. ( Sedikit tambahan bagi yg blm tau apa itu AoM / Age of Mythology, AoM itu adalah game perang free to play )",0,,
Ugy8Q8L9Ey3KjUP3xhh4AaABAg.A-6TDIstDvvA-6Zpx8Z2OV,,0,"2024-01-28 11:04:18",@RizkyRiplay,"semoga ada banyak hikmah yang bisa dipetik dari video ini yaa☺️",1,Ugy8Q8L9Ey3KjUP3xhh4AaABAg,@zaveidz2603
UgyIrC0b7X5yAxg8Xbt4AaABAg,1,0,"2024-01-28 09:31:27",@fansolitta,"Kalo judiii mau diberantas korupsi diberantas jg donggg itulah faktor susah cari kerja g diterima ma atasan & banyak yg korup",0,,
UgyIrC0b7X5yAxg8Xbt4AaABAg.A-6PCxhniYzA-6Zoj2z8x_,,0,"2024-01-28 11:04:08",@RizkyRiplay,"semoga ada banyak hikmah yang bisa dipetik dari video ini yaa☺️",1,UgyIrC0b7X5yAxg8Xbt4AaABAg,@fansolitta
UgxYFSBz38F6Tbdb5dR4AaABAg,1,0,"2024-01-28 08:46:58",@sandakobadara606,"wah uda ada sponsor 😂",0,,
UgxYFSBz38F6Tbdb5dR4AaABAg.A-6K79WLOi-A-6ZnlQU7HA,,0,"2024-01-28 11:04:00",@RizkyRiplay,"alhamdulillah hehee",1,UgxYFSBz38F6Tbdb5dR4AaABAg,@sandakobadara606
UgzBGoaKkTj3izEvB1F4AaABAg,1,0,"2024-01-28 08:46:43",@yotan8470,"Hadir kak, maaf telat nonton ya kak.",0,,
UgzBGoaKkTj3izEvB1F4AaABAg.A-6K5E0XZ6XA-6Zn81s8K1,,0,"2024-01-28 11:03:55",@RizkyRiplay,"gapapaa makasi sudah nonton yaa",1,UgzBGoaKkTj3izEvB1F4AaABAg,@yotan8470
UgyTiSlhTvqJXAodRhZ4AaABAg,1,1,"2024-01-28 08:41:02",@yantinelasari194,"Hmmmm kurang panjang durasinya....masih seru",0,,
UgyTiSlhTvqJXAodRhZ4AaABAg.A-6JRejFVz4A-6ZmCA6YCi,,0,"2024-01-28 11:03:47",@RizkyRiplay,"makasi sarannyaa",1,UgyTiSlhTvqJXAodRhZ4AaABAg,@yantinelasari194
Ugw-Aht7wMsMDyPbJpV4AaABAg,1,0,"2024-01-28 08:24:26",@nothing_true,"😂😂 org gila kan gak boleh dipenjara",0,,
Ugw-Aht7wMsMDyPbJpV4AaABAg.A-6HY0i7-v4A-6ZlcOyKFY,,0,"2024-01-28 11:03:42",@RizkyRiplay,"semoga ada banyak hikmah yang bisa dipetik dari video ini yaa☺️",1,Ugw-Aht7wMsMDyPbJpV4AaABAg,@nothing_true
UgxOCpLdgQHwbvSOGd14AaABAg,1,1,"2024-01-28 07:48:22",@akirasantausa9772,"12:13 krrrrraaaaaaak cuih gak mungkin salah satu anggota pemerintah aja ada yang jadi bandar sloot mau di hapus bisa hilang pekerjaan nya sebagai tikus nanti",0,,
UgxOCpLdgQHwbvSOGd14AaABAg.A-6DPrZmLK9A-6ZkemIHUE,,0,"2024-01-28 11:03:35",@RizkyRiplay,"semoga ada banyak hikmah yang bisa dipetik dari video ini yaa☺️",1,UgxOCpLdgQHwbvSOGd14AaABAg,@akirasantausa9772
UgxLus05lwP-LubuxdF4AaABAg,1,0,"2024-01-28 07:46:08",@Presetkuh,"Sehat selalu bang",0,,
UgxLus05lwP-LubuxdF4AaABAg.A-6D9agLlb6A-6Zk3-Zl9Y,,0,"2024-01-28 11:03:30",@RizkyRiplay,"aamiin makasi doanyaa yaa kamu juga sehat selaluu",1,UgxLus05lwP-LubuxdF4AaABAg,@Presetkuh
UgxIl4lxC0-ghBAwdnV4AaABAg,1,0,"2024-01-28 07:44:26",@ELDAyb.p,"Maaf ketinggalan",0,,
UgxIl4lxC0-ghBAwdnV4AaABAg.A-6Cy5urFzbA-6ZixCpaax,,0,"2024-01-28 11:03:20",@RizkyRiplay,"gapapaaa makasi sudah nonton yaa",1,UgxIl4lxC0-ghBAwdnV4AaABAg,@ELDAyb.p
UgwGa0ZTXoRkCjPXVXV4AaABAg,1,1,"2024-01-28 07:44:03",@BEBYLIAA15,"YANG DITUNGGU2 AHHHHH",0,,
UgwGa0ZTXoRkCjPXVXV4AaABAg.A-6CvFe0ItOA-6ZhpnVoM8,,0,"2024-01-28 11:03:11",@RizkyRiplay,"semoga ada banyak hikmah yang bisa dipetik dari video ini yaa☺️",1,UgwGa0ZTXoRkCjPXVXV4AaABAg,@BEBYLIAA15
UgzI37UEVkG4VtTxq554AaABAg,1,1,"2024-01-28 07:21:16",@ayylee8729,"Mon maaf ketinggalan ntn.😂 Kaya siapa ini yaaa🤭",0,,
UgzI37UEVkG4VtTxq554AaABAg.A-6AJSlYlRfA-6Zgy0qnbv,,0,"2024-01-28 11:03:04",@RizkyRiplay,"gapapaaa makasi sudah nonton yaaa",1,UgzI37UEVkG4VtTxq554AaABAg,@ayylee8729
Ugx6jnOUDG7C326kYox4AaABAg,1,0,"2024-01-28 07:16:58",@dutakb,"Apa ini LG musim bgt ya",0,,
Ugx6jnOUDG7C326kYox4AaABAg.A-69oyySTf7A-6Zg6McYfX,,1,"2024-01-28 11:02:57",@RizkyRiplay,"semoga ada banyak hikmah yang bisa dipetik dari video ini yaa☺️",1,Ugx6jnOUDG7C326kYox4AaABAg,@dutakb
UgxZY3pJX4-0665Kx4Z4AaABAg,1,0,"2024-01-28 07:00:59",@FunAIedits-l1v,"1:21 rizky riplay easter egg",0,,
UgxZY3pJX4-0665Kx4Z4AaABAg.A-67znikDrBA-6ZeLLI4--,,0,"2024-01-28 11:02:43",@RizkyRiplay,"cameo wkwk",1,UgxZY3pJX4-0665Kx4Z4AaABAg,@FunAIedits-l1v
UgydvbtU2ekCJC0Y61h4AaABAg,1,0,"2024-01-28 06:58:10",@FunAIedits-l1v,"Lulus sma langsung nikah? WHAT",0,,
UgydvbtU2ekCJC0Y61h4AaABAg.A-67fFO5qesA-6Zdf1_op4,,0,"2024-01-28 11:02:37",@RizkyRiplay,"kecelakaan gaess",1,UgydvbtU2ekCJC0Y61h4AaABAg,@FunAIedits-l1v
UgwqPSf591GOOshwjRh4AaABAg,0,0,"2024-01-28 06:55:07",@windagitapurnama2824,😂😂😂,0,,
Ugw6AkeLVlcJE3TDD3N4AaABAg,1,0,"2024-01-28 06:53:24",@ennysriwahyuni3623,"Bang. Rizky. Hari. Senin",0,,
Ugw6AkeLVlcJE3TDD3N4AaABAg.A-677HcVHc1A-6ZYQ9uru1,,0,"2024-01-28 11:01:46",@RizkyRiplay,"staytune yaa kita tsyang setiap hsri rabu dan sabtu",1,Ugw6AkeLVlcJE3TDD3N4AaABAg,@ennysriwahyuni3623
Ugysfyhr_HgeLhh6fF54AaABAg,0,0,"2024-01-28 06:47:18",@abefun,https://youtu.be/v8Wo_E5IbSQ?si=Vz3LDSoHmo93isZ8,0,,
UgzdOd5SRrLrEJf3T9x4AaABAg,1,0,"2024-01-28 06:45:46",@vivinadila6476,"Liat animasi ini jadi pen beli tanggo pink and hijauu",0,,
UgzdOd5SRrLrEJf3T9x4AaABAg.A-66FNf1GOhA-6ZVi-j07W,,0,"2024-01-28 11:01:24",@RizkyRiplay,"harus stock sii buat camilan enak bwangett",1,UgzdOd5SRrLrEJf3T9x4AaABAg,@vivinadila6476
UgznjDyjxYk9hTxW9Et4AaABAg,0,0,"2024-01-28 06:40:07",@SuryaPro73,,0,,
UgysIAkBqqCwRRbrg3R4AaABAg,1,0,"2024-01-28 06:28:45",@egodarmawan6016,"Wow trending no 3 ❤",0,,
UgysIAkBqqCwRRbrg3R4AaABAg.A-64Int3HQSA-6ZQXizmqo,,0,"2024-01-28 11:00:42",@RizkyRiplay,"alhamdulillah berkat dukungan kalian semua nii",1,UgysIAkBqqCwRRbrg3R4AaABAg,@egodarmawan6016
UgxGhfQklKZl_AXjdOp4AaABAg,2,0,"2024-01-28 06:21:15",@afnur,"wkk. bosnya sambo.",0,,
UgxGhfQklKZl_AXjdOp4AaABAg.A-63RtqGTuzA-6ZNpeXtW8,,0,"2024-01-28 11:00:21",@RizkyRiplay,"gaikut ikutt😂",1,UgxGhfQklKZl_AXjdOp4AaABAg,@afnur
UgxGhfQklKZl_AXjdOp4AaABAg.A-63RtqGTuzA-6_kufnvU-,,0,"2024-01-28 11:12:21",@afnur,"@RizkyRiplay kbetul bang Rizky.wkk 😂",1,UgxGhfQklKZl_AXjdOp4AaABAg,@afnur
UgznQE3lzQhOkG6HD9N4AaABAg,2,0,"2024-01-28 06:20:54",@Reivansyah,"Gak akan bisa dihapus BG .omset pajak ke pemerintah besar.kecuali highs domino Krn bayar bapajak kecil dr omset yg didapat baru diblokir.selagi pajak nya besar aman situs2nya.",0,,
UgznQE3lzQhOkG6HD9N4AaABAg.A-63PI6Zn9wA-6KI_ssIql,,0,"2024-01-28 08:48:32",@AditAdityawahyuPratama,"Pajaknya gak ada, yang ada malah semua duitnya lari ke luar negeri",1,UgznQE3lzQhOkG6HD9N4AaABAg,@Reivansyah
UgznQE3lzQhOkG6HD9N4AaABAg.A-63PI6Zn9wA-6ZMWjUxIY,,0,"2024-01-28 11:00:09",@RizkyRiplay,"semoga ada banyak hikmah yang bisa dipetik dari video ini yaa☺️",1,UgznQE3lzQhOkG6HD9N4AaABAg,@Reivansyah
UgwmaXUb11yAvUy0Pdt4AaABAg,1,0,"2024-01-28 06:16:03",@andrianindri256,"Jangan cba cba utk bermain judol, itu sngat menyesatkan dan sangat mntedihkan bgi kita kl seeingnmain judol",0,,
UgwmaXUb11yAvUy0Pdt4AaABAg.A-62qnpWaj7A-6ZLTYrAYb,,0,"2024-01-28 11:00:00",@RizkyRiplay,"semoga ada banyak hikmah yang bisa dipetik dari video ini yaa☺️",1,UgwmaXUb11yAvUy0Pdt4AaABAg,@andrianindri256
Ugxzmq9NlGrPz9Ra7Fd4AaABAg,1,0,"2024-01-28 06:00:01",@gilangramadan877,"Ojo kepincut kalih gemerlape dunyo😊",0,,
Ugxzmq9NlGrPz9Ra7Fd4AaABAg.A-610Is6uDrA-6ZHqZaqIz,,1,"2024-01-28 10:59:30",@RizkyRiplay,leressss🥺👍,1,Ugxzmq9NlGrPz9Ra7Fd4AaABAg,@gilangramadan877
UgxhCgBomcMlREj_WVl4AaABAg,1,0,"2024-01-28 05:52:26",@minieazti780,"Realita kehidupan disekitar kita....",0,,
UgxhCgBomcMlREj_WVl4AaABAg.A-608ouNLCXA-6ZGUMvgbO,,0,"2024-01-28 10:59:19",@RizkyRiplay,"makasi sudah nonton yaaa☺️",1,UgxhCgBomcMlREj_WVl4AaABAg,@minieazti780
UgxjnQIkXYin-zXaD1l4AaABAg,1,1,"2024-01-28 05:49:59",@zulfi919,"Ga ada keluarga yang bahagia karna judi kecuali bandarnya",0,,
UgxjnQIkXYin-zXaD1l4AaABAg.A-6-rsBh7KSA-6ZFwUdeg-,,1,"2024-01-28 10:59:15",@RizkyRiplay,"yaps bener bangett",1,UgxjnQIkXYin-zXaD1l4AaABAg,@zulfi919
UgzcayACIqcVJjNlCH14AaABAg,1,1,"2024-01-28 05:45:31",@yussrill,"Judi itu kalau menang ketagihan kalau kalah penasaran",0,,
UgzcayACIqcVJjNlCH14AaABAg.A-6-M79xO62A-6ZFClM0QI,,0,"2024-01-28 10:59:09",@RizkyRiplay,"nahh bener bangettt",1,UgzcayACIqcVJjNlCH14AaABAg,@yussrill
UgxpXfd2TFNNudmg_qt4AaABAg,1,0,"2024-01-28 05:35:59",@MasBro-v4g,"KK Rizky riplay tayang lagi donk video hantu yg seram2.jngn lama bgt y",0,,
UgxpXfd2TFNNudmg_qt4AaABAg.A-5zGImu4q_A-6ZE3lwZy-,,0,"2024-01-28 10:58:59",@RizkyRiplay,"staytune yaa kita tayang setiap hari rabu dan ssbtuu",1,UgxpXfd2TFNNudmg_qt4AaABAg,@MasBro-v4g
UgyPuVSEAcY2fLxw38l4AaABAg,1,2,"2024-01-28 05:34:29",@iReylaaa,"Yuk 10M yuk🥳",0,,
UgyPuVSEAcY2fLxw38l4AaABAg.A-5z5GUcEBnA-6ZC8a35PV,,0,"2024-01-28 10:58:44",@RizkyRiplay,"yuk bisa yukk hehee",1,UgyPuVSEAcY2fLxw38l4AaABAg,@iReylaaa
UgynDDs8va0GsUf0IBx4AaABAg,1,0,"2024-01-28 05:34:16",@ajiepunkngestu,"Trending 3 nih",0,,
UgynDDs8va0GsUf0IBx4AaABAg.A-5z3hZ9N4GA-6ZBNvYoec,,0,"2024-01-28 10:58:37",@RizkyRiplay,"alhamdulillah berkat dukubgan kalian semuaa nii",1,UgynDDs8va0GsUf0IBx4AaABAg,@ajiepunkngestu
UgyTGdzEDOz_t9Cvv_N4AaABAg,2,0,"2024-01-28 05:27:14",@reyzzldck,"Mkin seru aja ni bnggg rizkyy",0,,
UgyTGdzEDOz_t9Cvv_N4AaABAg.A-5yGAyO4dEA-6ZA8PV_ev,,0,"2024-01-28 10:58:27",@RizkyRiplay,"yay makasi sudah nonton yaa",1,UgyTGdzEDOz_t9Cvv_N4AaABAg,@reyzzldck
UgyTGdzEDOz_t9Cvv_N4AaABAg.A-5yGAyO4dEA-8n16kVTsu,,0,"2024-01-29 07:46:46",@reyzzldck,"​@RizkyRiplayiya bngggg😆😄",1,UgyTGdzEDOz_t9Cvv_N4AaABAg,@reyzzldck
Ugxku7lc3Jdy0FBaBJJ4AaABAg,1,0,"2024-01-28 05:26:19",@Deva13-m5k,"Kyak crita FTV Indosiar",0,,
Ugxku7lc3Jdy0FBaBJJ4AaABAg.A-5y9SspQ4UA-6Z9GEMyGs,,0,"2024-01-28 10:58:20",@RizkyRiplay,"cocok masuk tv gasii",1,Ugxku7lc3Jdy0FBaBJJ4AaABAg,@Deva13-m5k
UgyIZXIcfK_rpLb1woh4AaABAg,2,0,"2024-01-28 05:22:12",@MarioEkaSaputra02,"Selamat min masuk 3 trending 🎉",0,,
UgyIZXIcfK_rpLb1woh4AaABAg.A-5xgL75q_0A-6Z8TE2Li6,,1,"2024-01-28 10:58:14",@RizkyRiplay,"alhamdulillah makasi suppportnyaa yaaa",1,UgyIZXIcfK_rpLb1woh4AaABAg,@MarioEkaSaputra02
UgyIZXIcfK_rpLb1woh4AaABAg.A-5xgL75q_0A-6c1_OUrqR,,0,"2024-01-28 11:32:14",@MarioEkaSaputra02,"@RizkyRiplay sama2",1,UgyIZXIcfK_rpLb1woh4AaABAg,@MarioEkaSaputra02
Ugx_M5VGAv20UN0xlbp4AaABAg,2,2,"2024-01-28 05:21:47",@niccorobin1,"Aku punya temen cewek, dia orang Thailand dan nikah sama orang Aceh, aku baru kenal dia 1 tahun kejadiannya pas mau tahun 2024 itu dia di rumahnya temen nya aku, dia nangis nangis aku juga bingung kenapa, dan ternyata dia main judi dan hp nya mau di sita sama bosnya, terus suami nya langsung datang ke rumah temen nya aku, di situ aku liat muka suaminya udah kayak mau marah dan aku gak tau terus sekarang kayak gimana, tapi intinya jangan pernah mau main judi online yah, menangnya cuman di awal awal",0,,
Ugx_M5VGAv20UN0xlbp4AaABAg.A-5xdKdD1AmA-6Z7U-rkV5,,1,"2024-01-28 10:58:06",@RizkyRiplay,"yaampuunnnn, tuh kan judi itu membuat masalah hidup kita makin bertambahhh😖",1,Ugx_M5VGAv20UN0xlbp4AaABAg,@niccorobin1
Ugx_M5VGAv20UN0xlbp4AaABAg.A-5xdKdD1AmA-6_LelQIWI,,0,"2024-01-28 11:08:46",@niccorobin1,"@RizkyRiplay iya bang, dia main judi diem diem gitu gak kasih tau siapa siapa, gak kasih tau suami nya juga, itu tuh habis sekitar 10juta",1,Ugx_M5VGAv20UN0xlbp4AaABAg,@niccorobin1
UgxLu7xZvHslAiLd2-d4AaABAg,1,0,"2024-01-28 05:19:10",@CallmeFhiiaofficial01,"Seperti nya rumah ini Pernah dibuat drama juga 😅",0,,
UgxLu7xZvHslAiLd2-d4AaABAg.A-5xLB1nsdzA-6Z2VWmXa5,,0,"2024-01-28 10:57:25",@RizkyRiplay,"yang judulnyaa apaa hayoo",1,UgxLu7xZvHslAiLd2-d4AaABAg,@CallmeFhiiaofficial01
UgxulHPueoGGstJ-bZB4AaABAg,1,1,"2024-01-28 05:07:16",@Adr_animasi,"Semangat bg udah mau 10 jt subs🎉",0,,
UgxulHPueoGGstJ-bZB4AaABAg.A-5vz1A4-h9A-6Yz_CKf62,,1,"2024-01-28 10:56:52",@RizkyRiplay,"swiapp makasi suppottnyaa yaaa",1,UgxulHPueoGGstJ-bZB4AaABAg,@Adr_animasi
Ugyj7d9qO4ZwHZeLqRl4AaABAg,1,0,"2024-01-28 04:35:36",@samsungrengat5686,"Sehat selalu tim risky Riplay 😊",0,,
Ugyj7d9qO4ZwHZeLqRl4AaABAg.A-5sM19SaPdA-5sgy6fchP,,0,"2024-01-28 04:38:35",@RizkyRiplay,"aamiin kamu juga sehat selaluu",1,Ugyj7d9qO4ZwHZeLqRl4AaABAg,@samsungrengat5686
UgzDLRvUKS4gTcOkRvV4AaABAg,1,0,"2024-01-28 04:32:41",@jjejewispy,"nonton nyaa sambil makann 😋",0,,
UgzDLRvUKS4gTcOkRvV4AaABAg.A-5s0eiWtrkA-5sT_UaBQW,,1,"2024-01-28 04:36:38",@RizkyRiplay,"mantap makasii sudah nonton yaa",1,UgzDLRvUKS4gTcOkRvV4AaABAg,@jjejewispy
UgymgnLV9L2aKGsB2FF4AaABAg,2,0,"2024-01-28 04:24:19",@Kucing_Gemezzz,"Akibat slot jadi gesrek otak para pemain nya yg nggk bisa nyuri jadi bisa nyuri karna nggk ada modal😑",0,,
UgymgnLV9L2aKGsB2FF4AaABAg.A-5r3LbDnlsA-5rHo_ZvbV,,1,"2024-01-28 04:26:17",@RizkyRiplay,"semoga ada banyak hikmah yang bisa dipetik dari video ini yaaa☺️",1,UgymgnLV9L2aKGsB2FF4AaABAg,@Kucing_Gemezzz
UgymgnLV9L2aKGsB2FF4AaABAg.A-5r3LbDnlsA-6YwHHiDsh,,0,"2024-01-28 10:56:26",@Kucing_Gemezzz,"@RizkyRiplay betul kak semoga para pemain judol diluar sana segera diberi kesadaran",1,UgymgnLV9L2aKGsB2FF4AaABAg,@Kucing_Gemezzz
UgwqsY0bkPakyreG38p4AaABAg,1,22,"2024-01-28 04:22:22",@Taribunstv,"Akibat Judol ahahah inilah yg sekarang terjadi ya hahah, seru seru nih cerita animasinya wkwkwkwk",0,,
UgwqsY0bkPakyreG38p4AaABAg.A-5qq6BwadIA-5rH2J9EKc,,1,"2024-01-28 04:26:11",@RizkyRiplay,"semoga ada banyak hikmah yang bisa dipetik dari video ini yaaa☺️",1,UgwqsY0bkPakyreG38p4AaABAg,@Taribunstv
UgxN2pLQqHo4pLOBpv14AaABAg,1,0,"2024-01-28 04:15:26",@dendaramadhan8283,"Cie trending#3 indo🎉",0,,
UgxN2pLQqHo4pLOBpv14AaABAg.A-5q2JXE3xeA-5rEVgdAcf,,0,"2024-01-28 04:25:50",@RizkyRiplay,"alhamdulillah hehe berkat dukungan kalian semua inii",1,UgxN2pLQqHo4pLOBpv14AaABAg,@dendaramadhan8283
UgzRMlGBR1qWz1IVO394AaABAg,2,21,"2024-01-28 04:11:48",@Fallen_181,"Ada 2 pesan dalam episode kali ini Pertama: Jangan pernah melewati batas dan menghamili anak orang Kedua: sesulit apapun ekonomi kalian Jangan pernah melakukan Pinjol dan Judol",0,,
UgzRMlGBR1qWz1IVO394AaABAg.A-5pcfJ35quA-5rConFW4I,,0,"2024-01-28 04:25:36",@RizkyRiplay,"yaps bener, makasi sudah nonton yaa☺️",1,UgzRMlGBR1qWz1IVO394AaABAg,@Fallen_181
UgzRMlGBR1qWz1IVO394AaABAg.A-5pcfJ35quA-5rWRdJSUE,,0,"2024-01-28 04:28:17",@Fallen_181,"@RizkyRiplay Yoi bang selalu nonton tiap ada video baru",1,UgzRMlGBR1qWz1IVO394AaABAg,@Fallen_181
UgxIZqkVs4EyAE2S-6h4AaABAg,1,0,"2024-01-28 03:45:13",@dwirahmawati3663,"Telat nonton",0,,
UgxIZqkVs4EyAE2S-6h4AaABAg.A-5ma1J4OB1A-5rBl9sjmp,,0,"2024-01-28 04:25:28",@RizkyRiplay,"gapapaa makasi sudah nonton yaa",1,UgxIZqkVs4EyAE2S-6h4AaABAg,@dwirahmawati3663
UgwKE2md2nCUUz5mEbF4AaABAg,1,2,"2024-01-28 03:15:10",@arnmhd-qk5ne,"Si Rizky slalu ngasih tanggo 😂",0,,
UgwKE2md2nCUUz5mEbF4AaABAg.A-5j8tYWpVxA-5rPcThQ8y,,1,"2024-01-28 04:27:21",@RizkyRiplay,"harus berbagi camilan enakk",1,UgwKE2md2nCUUz5mEbF4AaABAg,@arnmhd-qk5ne
UgwKTg47m-1f5PWn2Ml4AaABAg,1,0,"2024-01-28 02:59:07",@welsboys2986,"Indoapril 😂😂😂😂",0,,
UgwKTg47m-1f5PWn2Ml4AaABAg.A-5hJKiAQecA-5rO3ed63X,,0,"2024-01-28 04:27:08",@RizkyRiplay,"whehehe makasii sudah nonton yaaa",1,UgwKTg47m-1f5PWn2Ml4AaABAg,@welsboys2986
Ugx6ZQ0zGt0WIynoN_p4AaABAg,2,0,"2024-01-28 02:53:11",@Nasya947,"Kak rizki buat geme kaya indomaret horor gitu semoga di jawab",0,,
Ugx6ZQ0zGt0WIynoN_p4AaABAg.A-5gcxUHN_EA-5rMkKTA6z,,0,"2024-01-28 04:26:58",@RizkyRiplay,"buat game??? hallo kita ada channel khusus game nih namanyaa RIPLAY GAMING jangan lupa mamppir yaa",1,Ugx6ZQ0zGt0WIynoN_p4AaABAg,@Nasya947
Ugx6ZQ0zGt0WIynoN_p4AaABAg.A-5gcxUHN_EA-5rvI9CiPt,,0,"2024-01-28 04:31:49",@Nasya947,"@RizkyRiplay ok",1,Ugx6ZQ0zGt0WIynoN_p4AaABAg,@Nasya947
UgweO7qe80D5tYMJv9J4AaABAg,1,1,"2024-01-28 01:58:28",@mask8874,"Makanya jangan anu anu di luar nikah",0,,
UgweO7qe80D5tYMJv9J4AaABAg.A-5aNDbcNNAA-5rSOfLMx7,,0,"2024-01-28 04:27:44",@RizkyRiplay,"semoga ada banyak hikmah yang bisa dipetik dari video ini yaaa☺️",1,UgweO7qe80D5tYMJv9J4AaABAg,@mask8874
Ugxs_MegkZ7tY8oCNJ94AaABAg,0,1,"2024-01-28 01:42:26",@RefanAditya-jy8cy,😢,0,,
Ugwt3V-9dtFyPDOb3kp4AaABAg,1,3,"2024-01-28 01:26:29",@evosbtr2101,"Mantap semangat rizky riplay pasti bisa mencapai 10 juta subs❤",0,,
Ugwt3V-9dtFyPDOb3kp4AaABAg.A-5XhuUfK2GA-5r_q7iDGj,,0,"2024-01-28 04:28:53",@RizkyRiplay,"swiap makasii dukungannyaa ya",1,Ugwt3V-9dtFyPDOb3kp4AaABAg,@evosbtr2101
Ugyx4bOX5BKeKEwOQkJ4AaABAg,1,0,"2024-01-28 01:05:32",@waw4aa_,seruu😻😻,0,,
Ugyx4bOX5BKeKEwOQkJ4AaABAg.A-5VJWDljaWA-5rZYwGH5q,,0,"2024-01-28 04:28:43",@RizkyRiplay,"yay makasi sudsh nonton yaa",1,Ugyx4bOX5BKeKEwOQkJ4AaABAg,@waw4aa_
UgwZRPPHChJbwCWZJSl4AaABAg,1,0,"2024-01-28 01:05:12",@indahhandini9824,"Sama kayak fenomena skrg",0,,
UgwZRPPHChJbwCWZJSl4AaABAg.A-5VH0YI0GCA-5rYhOm8jY,,0,"2024-01-28 04:28:35",@RizkyRiplay,"semoga ada banyak hikmah yang bisa dipetik dari video ini yaaa☺️",1,UgwZRPPHChJbwCWZJSl4AaABAg,@indahhandini9824
UgwyNKDIUFBFnOPkjwJ4AaABAg,1,0,"2024-01-28 00:57:05",@MuhammadAmin-i9k,"Bg menurut abg apakah uang dari hasil main gem judi itu halal apa enggak 🤔?",0,,
UgwyNKDIUFBFnOPkjwJ4AaABAg.A-5ULaVt5qhA-5rY6aL1S6,,0,"2024-01-28 04:28:31",@RizkyRiplay,"jelas haram dongg",1,UgwyNKDIUFBFnOPkjwJ4AaABAg,@MuhammadAmin-i9k
UgxTQbTKWhkrjo4QA-h4AaABAg,1,0,"2024-01-28 00:53:58",@seberom,"Judi itu yang menang bandar ya kayak sistem monton ganca skin legen",0,,
UgxTQbTKWhkrjo4QA-h4AaABAg.A-5TzjKLcz2A-5rWDrMoAC,,0,"2024-01-28 04:28:15",@RizkyRiplay,"semoga ada banyak hikmah yang bisa dipetik dari video ini yaaa☺️",1,UgxTQbTKWhkrjo4QA-h4AaABAg,@seberom
UgzMTjokY2eYCKiHkxR4AaABAg,2,163,"2024-01-28 00:25:33",@adamsyah4270,"Alhamdulillah... Aku g prnh main judi,krn udh dah contoh d klurga Ku bhwasany judi yg g bs membuat kaya justru sblikny.Mksih ya,Bang...udh mengingatkn Kita smua...",0,,
UgzMTjokY2eYCKiHkxR4AaABAg.A-5Qj_aMYHSA-5rgbJGNkn,,17,"2024-01-28 04:29:48",@RizkyRiplay,"alhamdulillah ,semoga ada banyak hikmah yang bisa dipetik dari video ini yaaa☺️",1,UgzMTjokY2eYCKiHkxR4AaABAg,@adamsyah4270
UgzMTjokY2eYCKiHkxR4AaABAg.A-5Qj_aMYHSA-5xbMC_Zgb,,3,"2024-01-28 05:21:31",@adamsyah4270,"@RizkyRiplay Alhamdulillah.",1,UgzMTjokY2eYCKiHkxR4AaABAg,@adamsyah4270
UgwhLb5Sgf2MqSPsA_14AaABAg,2,6,"2024-01-28 00:21:18",@radiradar3002,"Ini la wanita....udah tau suami lagi susah....tp kerja ny merengek aja....",0,,
UgwhLb5Sgf2MqSPsA_14AaABAg.A-5QFWHN_k0A-5rf-QjBM0,,2,"2024-01-28 04:29:35",@RizkyRiplay,"semoga ada banyak hikmah yang bisa dipetik dari video ini yaaa☺️",1,UgwhLb5Sgf2MqSPsA_14AaABAg,@radiradar3002
UgwhLb5Sgf2MqSPsA_14AaABAg.A-5QFWHN_k0AVYJtQY83NB,,1,"2026-04-13 14:28:18",@anatharahadiplay,"Suaminya juga salah ngapain Main Slot dan Maling Kotak Amal",1,UgwhLb5Sgf2MqSPsA_14AaABAg,@radiradar3002
Ugz7N4UOBRqgqX7okkh4AaABAg,1,0,"2024-01-28 00:07:12",@taurontiktokreal,"Intinya bukan karena judi juga tapi sebelum hidup mapan setiap tindakan harus di pikirkan karena jika terjadi hal seperti itu udah terlambat",0,,
Ugz7N4UOBRqgqX7okkh4AaABAg.A-5OdGEMuNNA-5re9gzCuB,,0,"2024-01-28 04:29:28",@RizkyRiplay,"yaps benerr, semoga ada banyak hikmah yang bisa dipetik dari video ini yaaa☺️",1,Ugz7N4UOBRqgqX7okkh4AaABAg,@taurontiktokreal
UgysjdZuCI08eHXUndl4AaABAg,1,0,"2024-01-27 23:45:55",@aditiheryan,"😮 semoga org yg main judi mirip sprti tkoh ini bg",0,,
UgysjdZuCI08eHXUndl4AaABAg.A-5MCHNRPNjA-5rcuQnmOh,,0,"2024-01-28 04:29:18",@RizkyRiplay,"semoga ada banyak hikmah yang bisa dipetik dari video ini yaaa☺️",1,UgysjdZuCI08eHXUndl4AaABAg,@aditiheryan
UgxcGwhl-oUzqFonT5x4AaABAg,1,0,"2024-01-27 23:42:45",@krisyantiokta,"Bang rizky selajutnya apa lagi yang Abang alpot?",0,,
UgxcGwhl-oUzqFonT5x4AaABAg.A-5Lq8roXZuA-5rcL8pKE-,,0,"2024-01-28 04:29:13",@RizkyRiplay,"staytune yaa kita tayang setiap hari rabu dan ssbtu",1,UgxcGwhl-oUzqFonT5x4AaABAg,@krisyantiokta
Ugy9iaQnrQ6OM5emoPx4AaABAg,0,0,"2024-01-27 23:40:15",@ComfortProduction,Wkwkwk,0,,
Ugzzrpn41n4P-jHQgKp4AaABAg,1,1,"2024-01-27 23:23:30",@Blackyplayz-mk3mm,"Judi judi judi",0,,
Ugzzrpn41n4P-jHQgKp4AaABAg.A-5JdAkfohYA-5rmluhup7,,1,"2024-01-28 04:30:39",@RizkyRiplay,"semoga ada banyak hikmah yang bisa dipetik dari video ini yaaa☺️",1,Ugzzrpn41n4P-jHQgKp4AaABAg,@Blackyplayz-mk3mm
UgzG9FsLVCU7svdn8jR4AaABAg,1,0,"2024-01-27 23:09:08",@riyanfauzhichannel2048,"Jember hadir lagi bang Rizky smoga sukses terus dan shat slalu Aminn 🤲💪",0,,
UgzG9FsLVCU7svdn8jR4AaABAg.A-5HztB6i0JA-5rmI-f-Fb,,0,"2024-01-28 04:30:35",@RizkyRiplay,"aamiin makasi doanyabyaaa",1,UgzG9FsLVCU7svdn8jR4AaABAg,@riyanfauzhichannel2048
UgwpWVQ6lQ4M7Aa7J9B4AaABAg,1,1,"2024-01-27 21:44:56",@prilaprillia3600,"Bang trending 3. Top",0,,
UgwpWVQ6lQ4M7Aa7J9B4AaABAg.A-58MI86n2jA-5rtfBlHDu,,0,"2024-01-28 04:31:36",@RizkyRiplay,"alhamdulillah berkat dukungan kalian semua niii",1,UgwpWVQ6lQ4M7Aa7J9B4AaABAg,@prilaprillia3600
UgwNw4dzzDyr5xCX8_Z4AaABAg,1,0,"2024-01-27 20:24:32",@saefulumar5907,"Astaghfirullah Baru lulus SMA langsung nikah",0,,
UgwNw4dzzDyr5xCX8_Z4AaABAg.A-5-9LsbYFLA-5rqn8-DTl,,0,"2024-01-28 04:31:12",@RizkyRiplay,"semoga ada banyak hikmah yang bisa dipetik dari video ini yaaa☺️",1,UgwNw4dzzDyr5xCX8_Z4AaABAg,@saefulumar5907
UgyEk-Se01SGiod-stZ4AaABAg,0,0,"2024-01-27 20:08:34",@nightmarezxz,"Tai anj ing",0,,
UgyGd6CrANCvXIKPqnd4AaABAg,1,0,"2024-01-27 19:53:01",@kiihh434,"Dari dulu suka banget nonton rizky riplay dari kelas 6 sd sampe Sma sekarang 😂 Seru banget si soalnya",0,,
UgyGd6CrANCvXIKPqnd4AaABAg.A-4wYYnhhCNA-5rq-mfCyT,,0,"2024-01-28 04:31:05",@RizkyRiplay,"wih mantapp makasi yaa sudah selaluu nonton kitaaa",1,UgyGd6CrANCvXIKPqnd4AaABAg,@kiihh434
UgwAuKj3rTze-wu1GIZ4AaABAg,1,0,"2024-01-27 19:40:57",@ain242,"Semangat terus kak rizky dan sehat selalu ya😊",0,,
UgwAuKj3rTze-wu1GIZ4AaABAg.A-4vACJRBUfA-5roYVoBBf,,0,"2024-01-28 04:30:53",@RizkyRiplay,"aamiin makasi doa dan dukungannyaa yaaa",1,UgwAuKj3rTze-wu1GIZ4AaABAg,@ain242
UgzsVkn-wQC9WgxRJmh4AaABAg,0,0,"2024-01-27 19:04:18",@harrischandra8888,❤😊,0,,
UgwKsvGR6Q35SbzvSEd4AaABAg,0,0,"2024-01-27 18:15:07",@kakashidinata,"Pengen banget stop main slot! Sebenarnya saya gak rugi uang setiap main Karna modalnya cuman 2M. Maklum sedekah HIGS DOMINO Akun gua banyak adalah 200an Tapi kalo di pikir pikir Kek gak guna juga kelakuan gua ini😓. MAAF sya gak ngajak Anda main judi/Slot #Stop JUDI",0,,
UgwLW0ssF6CfSu1UlOd4AaABAg,1,0,"2024-01-27 17:45:38",@tiwux293,"Q yg gak pernah bentak2 suami tentang masalah uang dan kerjaan",0,,
UgwLW0ssF6CfSu1UlOd4AaABAg.A-4hyVhrlhyA-5rxgLdw_4,,0,"2024-01-28 04:32:08",@RizkyRiplay,"semoga ada banyak hikmah yang bisa dipetik dari video ini yaaa☺️",1,UgwLW0ssF6CfSu1UlOd4AaABAg,@tiwux293
Ugxu6ekMh_pBDU7EVp94AaABAg,1,0,"2024-01-27 17:33:02",@adhnineko4416,"Stop perjudian",0,,
Ugxu6ekMh_pBDU7EVp94AaABAg.A-4gXDa5IYbA-5rwR2Lh7F,,1,"2024-01-28 04:31:58",@RizkyRiplay,"semoga ada banyak hikmah yang bisa dipetik dari video ini yaaa☺️",1,Ugxu6ekMh_pBDU7EVp94AaABAg,@adhnineko4416
UgxRTpTytZ8BzhL4-yZ4AaABAg,1,0,"2024-01-27 17:30:31",@RadelPertime,"lanjut akibat judol part 2 kisah lainya",0,,
UgxRTpTytZ8BzhL4-yZ4AaABAg.A-4gEms2g0JA-5sSQef4oG,,0,"2024-01-28 04:36:28",@RizkyRiplay,"heumm bikin nggak yaa",1,UgxRTpTytZ8BzhL4-yZ4AaABAg,@RadelPertime
Ugw2BIrwOuwxfYp97hp4AaABAg,1,0,"2024-01-27 16:57:01",@sonyrizkybymlbbkarina3tank275,"Disini Rizki jadi pemeran orang yg gx pelit dan ngasih tanggo",0,,
Ugw2BIrwOuwxfYp97hp4AaABAg.A-4cPR2mLBeA-5sHo_FR5x,,0,"2024-01-28 04:35:02",@RizkyRiplay,"wkwk kemajuan dongg😂",1,Ugw2BIrwOuwxfYp97hp4AaABAg,@sonyrizkybymlbbkarina3tank275
UgyzJ_4pHZfm2AuDxct4AaABAg,1,1,"2024-01-27 16:51:51",@ferryrahmat3746,"Terus istrinya yang ngelanjutin😂😂",0,,
UgyzJ_4pHZfm2AuDxct4AaABAg.A-4boYlWGt6A-5sGOi4Yjt,,1,"2024-01-28 04:34:50",@RizkyRiplay,woiilaa😂,1,UgyzJ_4pHZfm2AuDxct4AaABAg,@ferryrahmat3746
UgwfK5r77F4ODMpWbE14AaABAg,1,0,"2024-01-27 16:38:17",@LittleCatMiaomiao,"bingungg lg🤭, titip salam lagi aja deh 😊",0,,
UgwfK5r77F4ODMpWbE14AaABAg.A-4aGFvuy61A-5sFRku0JY,,0,"2024-01-28 04:34:42",@RizkyRiplay,"haiii makasii sudah nonton yaaa",1,UgwfK5r77F4ODMpWbE14AaABAg,@LittleCatMiaomiao
UgyMaEA07t9hkRzCwoh4AaABAg,1,0,"2024-01-27 16:32:53",@StevenUnivere,"Moga bang RIZKY dan bang ANDY dan team sehat selalu dan rezeki lancar truss .dari cerita ini buang buruknya ya 😢",0,,
UgyMaEA07t9hkRzCwoh4AaABAg.A-4_djLt4UhA-5sfv6w4Np,,1,"2024-01-28 04:38:27",@RizkyRiplay,"aamiin aamiin makasii doanyaa yaa kamu juga sehat selaluu",1,UgyMaEA07t9hkRzCwoh4AaABAg,@StevenUnivere
UgytQ9KaSr2CCxo6r554AaABAg,1,0,"2024-01-27 16:21:41",@Raka1468,"Keren bang tetap semangat trending 03 Lo bang ceritanya 😊🎉",0,,
UgytQ9KaSr2CCxo6r554AaABAg.A-4ZMd_qiUgA-5sdNhKPom,,1,"2024-01-28 04:38:06",@RizkyRiplay,"yayy ini berkat dukungan kalian semuaa jugaa hehe",1,UgytQ9KaSr2CCxo6r554AaABAg,@Raka1468
UgyrcgHCUjrHK3LXrJ54AaABAg,2,0,"2024-01-27 16:18:16",@RikoHardiansah-f7p,"Baru 14 jam udh 300k view aja",0,,
UgyrcgHCUjrHK3LXrJ54AaABAg.A-4YygRAjCvA-5sc8OJPkR,,0,"2024-01-28 04:37:56",@RizkyRiplay,"alhamdulillah makasii sudah nonton yaaa",1,UgyrcgHCUjrHK3LXrJ54AaABAg,@RikoHardiansah-f7p
UgyrcgHCUjrHK3LXrJ54AaABAg.A-4YygRAjCvA-F-6oskE8U,,0,"2024-01-31 17:36:35",@RikoHardiansah-f7p,"@RizkyRiplay oh iya bang, sukses selalu bang 😅",1,UgyrcgHCUjrHK3LXrJ54AaABAg,@RikoHardiansah-f7p
UgzrNPX_1Yexymh_h8F4AaABAg,1,0,"2024-01-27 16:14:50",@PR-Renovation,"Bukan sok alim sok Baik yh... Tp ini memang prnh di posisiku, Memang Sangt menyesal, sebab Kebaikan beribu kebaikan tetap aja Di Cap buruk sebab satu perkara ini😭😭😭,,, Jadi yg masih dlm posisi lurus jangan Sampai bengkok yk, Jangan ngelakuin hal kek gitoh. Sayangi Badan kita Sayangi kebaikan kita",0,,
UgzrNPX_1Yexymh_h8F4AaABAg.A-4Y_Txn_b2A-5saaVaObf,,0,"2024-01-28 04:37:44",@RizkyRiplay,"yaps benerr semoga ada banyak hikmah yang bisa dipetik dari video ini yaaa☺️",1,UgzrNPX_1Yexymh_h8F4AaABAg,@PR-Renovation
UgzQL7rPUnGtpBJaf2N4AaABAg,2,0,"2024-01-27 16:05:07",@navadaganteng8154,"Kak bikin cerita mbk kun sama mas poci dongg kangen nich udah lama kak rizky g' bikin cerita itu❤",0,,
UgzQL7rPUnGtpBJaf2N4AaABAg.A-4XTLeKo1jA-5sYO8OYxo,,0,"2024-01-28 04:37:17",@RizkyRiplay,"staytune yaa kita tayang setiap hari rabu dan sabtuu",1,UgzQL7rPUnGtpBJaf2N4AaABAg,@navadaganteng8154
UgzQL7rPUnGtpBJaf2N4AaABAg.A-4XTLeKo1jA-6_Wa-wAMx,,0,"2024-01-28 11:10:15",@navadaganteng8154,"Iybkak di tunghu za",1,UgzQL7rPUnGtpBJaf2N4AaABAg,@navadaganteng8154
UgxajZFQb7wjEhEDOMd4AaABAg,1,0,"2024-01-27 16:03:44",@vicka2009s,"Meski telat sllu hdir kk riski❤❤😂😂",0,,
UgxajZFQb7wjEhEDOMd4AaABAg.A-4XJAzvsZpA-5sWywWtFC,,0,"2024-01-28 04:37:06",@RizkyRiplay,"gapapaaa makasii sudah nonton yaa",1,UgxajZFQb7wjEhEDOMd4AaABAg,@vicka2009s
UgxJdain87B3AGszdU14AaABAg,1,0,"2024-01-27 15:51:25",@bambangapank45,Nah,0,,
UgxJdain87B3AGszdU14AaABAg.A-4Vtxo7KxlA-5sW1iKBKH,,0,"2024-01-28 04:36:58",@RizkyRiplay,"makasi sudah nonton yaa",1,UgxJdain87B3AGszdU14AaABAg,@bambangapank45
UgxHAU7BxR59KBhbbHZ4AaABAg,1,0,"2024-01-27 15:44:24",@scorpiogrils,"Hai bg rizky",0,,
UgxHAU7BxR59KBhbbHZ4AaABAg.A-4V5d8D73TA-5sVMpS7fu,,0,"2024-01-28 04:36:53",@RizkyRiplay,"haii makasi sudah nonton yaaa",1,UgxHAU7BxR59KBhbbHZ4AaABAg,@scorpiogrils
UgxzHOaLIlpdpcyRgld4AaABAg,1,0,"2024-01-27 15:41:34",@zahiraarn,"jd suka bgt nontonin animasi abang teruss😣",0,,
UgxzHOaLIlpdpcyRgld4AaABAg.A-4UloMS6G6A-4V17eZ6xn,,1,"2024-01-27 15:43:47",@RizkyRiplay,"yay makasi yaaa",1,UgxzHOaLIlpdpcyRgld4AaABAg,@zahiraarn
UgwSzoLlST2_QaYcAX54AaABAg,2,0,"2024-01-27 15:37:42",@syahrularif2416,"Gacorrr kanggg",0,,
UgwSzoLlST2_QaYcAX54AaABAg.A-4UKVrBeXtA-4V0UgVdqS,,0,"2024-01-27 15:43:42",@RizkyRiplay,"wkwk makasi sudah nontin yaa",1,UgwSzoLlST2_QaYcAX54AaABAg,@syahrularif2416
UgwSzoLlST2_QaYcAX54AaABAg.A-4UKVrBeXtA-4VuLO_Wjn,,0,"2024-01-27 15:51:28",@syahrularif2416,"@RizkyRiplay iya sama sama bang udah menghibur kita yang udah nontin😁",1,UgwSzoLlST2_QaYcAX54AaABAg,@syahrularif2416
Ugxu2EvaMk0lWvLdUD14AaABAg,1,0,"2024-01-27 15:08:57",@AhmadRosidi-f2q,"Haaa indo april...",0,,
Ugxu2EvaMk0lWvLdUD14AaABAg.A-4R206QRETA-4Rd5cjW0L,,0,"2024-01-27 15:14:09",@RizkyRiplay,"wkwk makasi sudah nonton yaa",1,Ugxu2EvaMk0lWvLdUD14AaABAg,@AhmadRosidi-f2q
Ugxi5P1rJuiK6OCWgYd4AaABAg,0,0,"2024-01-27 14:56:14",@livylibwi,"Always keren animasi nyaaᥬ🤩​᭄ᥬ🤩​᭄rizplay..🎯 Ho'oh, akibat judi online memang bisa menjadi masalah serius bagi banyak orang. Meskipun judi online bisa memberikan kesenangan dan kegembiraan bagi beberapa orang, namun ada risiko besar terkait kecanduan dan kerugian finansial yang signifikan. Beberapa akibat negatif dari judi online termasuk kecanduan, masalah keuangan, konflik dalam hubungan, dan bahkan masalah kesehatan mental. Kecanduan judi online dapat mengganggu kehidupan sehari-hari, menghabiskan waktu dan uang yang berlebihan, dan menyebabkan stres dan depresi.",0,,
Ugz1ZNAD8dVqYSM3F8N4AaABAg,1,0,"2024-01-27 14:55:03",@Mulyanti-bp2my,"Maaf bang baru komen sekarang",0,,
Ugz1ZNAD8dVqYSM3F8N4AaABAg.A-4PSDQT94YA-4QSXAFkPN,,0,"2024-01-27 15:03:50",@RizkyRiplay,"gapapaa makasi sudah nonton yaa",1,Ugz1ZNAD8dVqYSM3F8N4AaABAg,@Mulyanti-bp2my
UgwCUjyVL_nJ6Z9sgFp4AaABAg,1,0,"2024-01-27 14:54:17",@muhammadnasrulloh1105,"Film ini tamparan untuk anak muda yangg masih demen main slot, main slot itu gk bakal kaya Bro yg ada bikin rumah tangga hancur",0,,
UgwCUjyVL_nJ6Z9sgFp4AaABAg.A-4PMZM9gZyA-4QRW5kMUJ,,0,"2024-01-27 15:03:42",@RizkyRiplay,"semoga ada banyak hikmah yang bisa dipetik dari vidoe ini yaa☺️",1,UgwCUjyVL_nJ6Z9sgFp4AaABAg,@muhammadnasrulloh1105
UgzrVBud0F_iaTBAlHB4AaABAg,1,0,"2024-01-27 14:53:21",@BL4CKB4NDIT,"Iya .... Jgn main judi online Judi offline aja Klo manusia pemalas otak judi pasti akan selalu mencari jalannya Jgn salahkan judi nya Salah kan pemainnya Jgn dikit2 cari kambing hitam",0,,
UgzrVBud0F_iaTBAlHB4AaABAg.A-4PFdlouJiA-4QQUcrINw,,0,"2024-01-27 15:03:34",@RizkyRiplay,"semoga ada banyak hikmah yang bisa dipetik dari vidoe ini yaa☺️",1,UgzrVBud0F_iaTBAlHB4AaABAg,@BL4CKB4NDIT
UgyWo_CtRwxDQd6D80t4AaABAg,1,0,"2024-01-27 14:44:47",@denisumerta8744,"Iklannya slot semua yg masuk🤣",0,,
UgyWo_CtRwxDQd6D80t4AaABAg.A-4OGtW1tpvA-4OxP1-jaf,,1,"2024-01-27 14:50:43",@RizkyRiplay,"seriusan???😅ngefek yaaa😅",1,UgyWo_CtRwxDQd6D80t4AaABAg,@denisumerta8744
UgxyMf9LFopE-HhhAvF4AaABAg,1,0,"2024-01-27 14:40:40",@daudrajawalidesain3722,"Judi yg kaya cuman bandar nya doang, pemainnya mah Rungkat 😭😭😭",0,,
UgxyMf9LFopE-HhhAvF4AaABAg.A-4NnpNE_yIA-4OvfrjKoH,,0,"2024-01-27 14:50:29",@RizkyRiplay,"yoii bener bangett",1,UgxyMf9LFopE-HhhAvF4AaABAg,@daudrajawalidesain3722
UgxaUDR8kM-AqWYOo7R4AaABAg,1,0,"2024-01-27 14:36:16",@Pertamax87,,0,,
UgxaUDR8kM-AqWYOo7R4AaABAg.A-4NIZLzCTYA-4Ouc23gCp,,0,"2024-01-27 14:50:20",@RizkyRiplay,"semoga ada banyak hikmah yang bisa dipetik dari vidoe ini yaa☺️",1,UgxaUDR8kM-AqWYOo7R4AaABAg,@Pertamax87
UgxeW4lmMbWX4xUmL0t4AaABAg,1,0,"2024-01-27 14:27:47",@sarahsilvanna5395,"Tp bini ny jg salah si terlalu nuntut trs g bisa mensuport suami si taunya cmn duit""",0,,
UgxeW4lmMbWX4xUmL0t4AaABAg.A-4MKO9s28pA-4Oty3g2w0,,0,"2024-01-27 14:50:15",@RizkyRiplay,"semoga ada banyak hikmah yang bisa dipetik dari vidoe ini yaa☺️",1,UgxeW4lmMbWX4xUmL0t4AaABAg,@sarahsilvanna5395
Ugw5o7tS2fKH46wKG7B4AaABAg,1,0,"2024-01-27 14:17:07",@tututhapsari8570,"Rumahnya yg tahu tek bukan si, wekwkwkkwk",0,,
Ugw5o7tS2fKH46wKG7B4AaABAg.A-4L6MTpQQxA-4Ot6yCTfc,,0,"2024-01-27 14:50:08",@RizkyRiplay,"wiii keren penonton setia nii",1,Ugw5o7tS2fKH46wKG7B4AaABAg,@tututhapsari8570
UgypdChat3lcm64xvDZ4AaABAg,2,0,"2024-01-27 14:13:45",@BudiSantoso-zh8wz,"tetanggaku jd janda ank 2,krn suaminya bbyk utang buat judol😢",0,,
UgypdChat3lcm64xvDZ4AaABAg.A-4KigbdrVnA-4OrhPtK0X,,1,"2024-01-27 14:49:56",@RizkyRiplay,"suaminya kemana??",1,UgypdChat3lcm64xvDZ4AaABAg,@BudiSantoso-zh8wz
UgypdChat3lcm64xvDZ4AaABAg.A-4KigbdrVnA-4Rol9t07n,,0,"2024-01-27 15:15:45",@BudiSantoso-zh8wz,"@RizkyRiplay minggat tanpa pamit,tau² ilang gk da kbr,",1,UgypdChat3lcm64xvDZ4AaABAg,@BudiSantoso-zh8wz
Ugx2W1jHrJGgjkI8SFl4AaABAg,2,1,"2024-01-27 14:06:11",@rebecaclohper,"Kisah nya kek tetangga gw anjir",0,,
Ugx2W1jHrJGgjkI8SFl4AaABAg.A-4JrGH533EA-4OqEgos20,,1,"2024-01-27 14:49:44",@RizkyRiplay,seriusannn😱,1,Ugx2W1jHrJGgjkI8SFl4AaABAg,@rebecaclohper
Ugx2W1jHrJGgjkI8SFl4AaABAg.A-4JrGH533EA-W_TZ10m7G,,0,"2024-02-07 13:30:06",@rebecaclohper,"Iya parah lu😂😂",1,Ugx2W1jHrJGgjkI8SFl4AaABAg,@rebecaclohper
UgxFoz4jWt6_2Oo4z4B4AaABAg,1,0,"2024-01-27 14:03:28",@SitiFatimah-v5f,"Semangat kk rizkyplay 😊",0,,
UgxFoz4jWt6_2Oo4z4B4AaABAg.A-4JYJELMpuA-4OoJquq8C,,0,"2024-01-27 14:49:28",@RizkyRiplay,"swiap makasi dukungannyaa yaaa",1,UgxFoz4jWt6_2Oo4z4B4AaABAg,@SitiFatimah-v5f
UgyS-t5h4aH8KwCkY5V4AaABAg,1,0,"2024-01-27 14:03:26",@arystanly,"Yang di tunggu udah di rilis coyyy",0,,
UgyS-t5h4aH8KwCkY5V4AaABAg.A-4JY7xaw7gA-4OkLbMJ1g,,0,"2024-01-27 14:48:56",@RizkyRiplay,"semoga ada banyak hikmah yang bisa dipetik dari vidoe ini yaa☺️",1,UgyS-t5h4aH8KwCkY5V4AaABAg,@arystanly
UgyC5vKwWcNdbOB9Cwx4AaABAg,1,0,"2024-01-27 13:50:44",@Hildan-m2w,"Adang ga main judi online kan hihi maaf ngomong gitu 😊",0,,
UgyC5vKwWcNdbOB9Cwx4AaABAg.A-4I565YWvOA-4OiATtziG,,0,"2024-01-27 14:48:38",@RizkyRiplay,"enggaalaa jangan gaes bahayaa",1,UgyC5vKwWcNdbOB9Cwx4AaABAg,@Hildan-m2w
UgzkNiTNQ6nxOCVM7qt4AaABAg,1,3,"2024-01-27 13:40:47",@sha-yla01,"👏👏 kontennya ga pernah gagall, alurnya juga seru seruww, semangat teruss team riplay.... setia kawal 10jt subs........",0,,
UgzkNiTNQ6nxOCVM7qt4AaABAg.A-4GxB3-n1sA-4PKyMkQSl,,0,"2024-01-27 14:54:04",@RizkyRiplay,"swiap makasi dukungannyaa yaa",1,UgzkNiTNQ6nxOCVM7qt4AaABAg,@sha-yla01
UgyYtLRMcUxf-07WIZ94AaABAg,1,0,"2024-01-27 13:34:58",@darsinibungsu,"hadir menonton kak😊",0,,
UgyYtLRMcUxf-07WIZ94AaABAg.A-4GHcZEaujA-4PJck-in5,,1,"2024-01-27 14:53:53",@RizkyRiplay,"hai makasi sudah nonton yaa",1,UgyYtLRMcUxf-07WIZ94AaABAg,@darsinibungsu
Ugy09DudK7rpBSPyZ0x4AaABAg,2,1,"2024-01-27 13:29:39",@dewysetiyawati6199,"Ini pengalaman saya bang, pas mau 7bulanan suamiku nyoba main slot eh beruntung bneran dapat 2jt. Tapi setelah itu gk nerusin lagi hehe takutnya rugi banyak 😁",0,,
Ugy09DudK7rpBSPyZ0x4AaABAg.A-4FfbcFHZnA-4PIn4X8w1,,1,"2024-01-27 14:53:46",@RizkyRiplay,"wkwk nah ini pintarr😂",1,Ugy09DudK7rpBSPyZ0x4AaABAg,@dewysetiyawati6199
Ugy09DudK7rpBSPyZ0x4AaABAg.A-4FfbcFHZnA-4RnD1RCgt,,0,"2024-01-27 15:15:32",@dewysetiyawati6199,"@RizkyRiplay 😁😁",1,Ugy09DudK7rpBSPyZ0x4AaABAg,@dewysetiyawati6199
UgwwWVB5AKn_PFB4d0V4AaABAg,1,0,"2024-01-27 13:25:58",@Andika.P4805,"Ingat kata kata bang haji Rhoma jika kau menang judi itu adalah awal dari kemiskinan dan uang hasil judi itu tidak berkah.",0,,
UgwwWVB5AKn_PFB4d0V4AaABAg.A-4FFgPNw0LA-4PFR5Pv1B,,0,"2024-01-27 14:53:19",@RizkyRiplay,"yaps bener uang panas gaes",1,UgwwWVB5AKn_PFB4d0V4AaABAg,@Andika.P4805
UgzFaft520tqhcZYqsJ4AaABAg,2,0,"2024-01-27 13:24:01",@liadarmawangsa1361,"Tragis ny bg😱🤗",0,,
UgzFaft520tqhcZYqsJ4AaABAg.A-4F1T9W62HA-4PEHQseap,,1,"2024-01-27 14:53:09",@RizkyRiplay,"makasi sudah nonton yaaa",1,UgzFaft520tqhcZYqsJ4AaABAg,@liadarmawangsa1361
UgzFaft520tqhcZYqsJ4AaABAg.A-4F1T9W62HA-4eVYwIZbm,,0,"2024-01-27 17:15:19",@liadarmawangsa1361,"@RizkyRiplay Sami"" bg🙏",1,UgzFaft520tqhcZYqsJ4AaABAg,@liadarmawangsa1361
UgxxVNA35JIdHZZQPfl4AaABAg,1,0,"2024-01-27 13:21:37",@kangtiobae24,"Semoga di tahun 2024 & kedepannya judi online bisa di berantas nyampe ke akar-akarnya karena udh banyak korban",0,,
UgxxVNA35JIdHZZQPfl4AaABAg.A-4EkpbjB40A-4PDFkr8mu,,0,"2024-01-27 14:53:01",@RizkyRiplay,"agak sulit sii kayanyaa",1,UgxxVNA35JIdHZZQPfl4AaABAg,@kangtiobae24
Ugwk9Kviz_zD0LiRNzR4AaABAg,1,1,"2024-01-27 13:20:15",@Alanalan022,"Emang bahaya banget judol ini. Teman SMP ku satu kelas malah. Keluarga nya hancur gara gara judol.pdhl kehidupan dia sblum trjerumus judol bisa dibilang mewah, kerjaan oke. Tpi skrang hancur , sawah, tabungan, rumah raib semua . Sampe katanya 500 juta uang habis karena judol. Bahkan terjerat pinjol dan terus2an diteror pinjol. Sampe mohon2 sama aku pinjam duit 25juta krena terus2an diteror pinjol. Sampe bilang mau bunuuh diri. . Buat kalian semiskin apaoun tolong jangan sampe terjerumus judi online..utk hanya akan menambah beban masalah.",0,,
Ugwk9Kviz_zD0LiRNzR4AaABAg.A-4EaqainpnA-4PBGmox1w,,0,"2024-01-27 14:52:45",@RizkyRiplay,"astaghfirullahh kasian bangetttt🥺🥺emang judol inii awal mula dari kehancuran🥺semoga ada banyak hikmah yang bisa dipetik dari vidoe ini yaa☺️",1,Ugwk9Kviz_zD0LiRNzR4AaABAg,@Alanalan022
UgwckJC_WYS3mFq6Xg14AaABAg,1,0,"2024-01-27 13:19:23",@AuliaNursabila-s6n,"Yah ktnggln nih nnton ny bang..",0,,
UgwckJC_WYS3mFq6Xg14AaABAg.A-4EVUpqx5MA-4P546aQ2G,,0,"2024-01-27 14:51:54",@RizkyRiplay,"gapapaa makasii sudah nonton yaa",1,UgwckJC_WYS3mFq6Xg14AaABAg,@AuliaNursabila-s6n
Ugx_lctyyAnP4BmISMx4AaABAg,1,5,"2024-01-27 13:14:15",@M.KHAIRUL-,"Absen dulu yg nonton sambil rebahan 👇",0,,
Ugx_lctyyAnP4BmISMx4AaABAg.A-4DurZJgWVA-4P3ZOIVZQ,,0,"2024-01-27 14:51:42",@RizkyRiplay,"haii makasii sudah nonton yaaa",1,Ugx_lctyyAnP4BmISMx4AaABAg,@M.KHAIRUL-
UgyGUN0MKA_W7aEJKcR4AaABAg,0,0,"2024-01-27 13:05:56",@radinabungabunga5426,"Bayi nya anj😊",0,,
UgwOxnhSxIq5Tuh1h1h4AaABAg,1,0,"2024-01-27 12:54:41",@ilmyry,"Yey Ahirnya... meskipun baru sempet nonton😂😂",0,,
UgwOxnhSxIq5Tuh1h1h4AaABAg.A-4BfWu0hQeA-4OzqnypfL,,1,"2024-01-27 14:51:03",@RizkyRiplay,"makasii sudah nonton yaaa",1,UgwOxnhSxIq5Tuh1h1h4AaABAg,@ilmyry
Ugzi9xqjA8CuyNNXJJh4AaABAg,1,0,"2024-01-27 12:50:32",@AnaCreative-m8n,"Yea kak Rizky udh ganti karakter jadi karakter dewasa jadi lbh keren.👍🏻👍🏻..",0,,
Ugzi9xqjA8CuyNNXJJh4AaABAg.A-4BCBdnQwOA-4QPj7CCwY,,1,"2024-01-27 15:03:28",@RizkyRiplay,"kalo di horormisterii karakter rizkynya emang dewasa😂",1,Ugzi9xqjA8CuyNNXJJh4AaABAg,@AnaCreative-m8n
Ugx5VHNvjEdWMfDLE2B4AaABAg,1,0,"2024-01-27 12:48:25",@lestarijovandra9379,"Misiii pakeeettt",0,,
Ugx5VHNvjEdWMfDLE2B4AaABAg.A-4Axh5bAumA-4QMJedyjP,,0,"2024-01-27 15:03:00",@RizkyRiplay,"makasii sudah nonton yaaa",1,Ugx5VHNvjEdWMfDLE2B4AaABAg,@lestarijovandra9379
UgyqG4eokt49zLW2zlN4AaABAg,1,0,"2024-01-27 12:47:00",@widiwidiani7325,"Mantap bang Rizky the best bgt lah🎉❤",0,,
UgyqG4eokt49zLW2zlN4AaABAg.A-4AnHKos8DA-4QIge_cXX,,0,"2024-01-27 15:02:30",@RizkyRiplay,"makasii sudah nonton yaaap",1,UgyqG4eokt49zLW2zlN4AaABAg,@widiwidiani7325
Ugz2TVWpY4X7864wyvZ4AaABAg,1,0,"2024-01-27 12:45:53",@PutuErwin_WP,"Otw 10jt subs🎉🎉🎉",0,,
Ugz2TVWpY4X7864wyvZ4AaABAg.A-4Af5frotzA-4QHR1l25d,,1,"2024-01-27 15:02:20",@RizkyRiplay,"aamiin makais doanyaa yaaa",1,Ugz2TVWpY4X7864wyvZ4AaABAg,@PutuErwin_WP
UgwApx1HM6OeUiWv5FJ4AaABAg,1,0,"2024-01-27 12:39:12",@helmaliavv,"Bang ada rencana mau collab sama channel lain lagi ga nii?",0,,
UgwApx1HM6OeUiWv5FJ4AaABAg.A-49u9voAtMA-4QGhZw4UE,,1,"2024-01-27 15:02:14",@RizkyRiplay,"heumm ada gak yaaa",1,UgwApx1HM6OeUiWv5FJ4AaABAg,@helmaliavv
Ugw1q8qq4RInZLBGAyB4AaABAg,1,0,"2024-01-27 12:34:32",@Whylym467,"Heyy, itu kenyataan sistem nya rusak g sih? Masa kerja ada batasan umur? Trs buat kerja juga butuh pengalaman? Kan kita kerja juga buat cari pengalaman",0,,
Ugw1q8qq4RInZLBGAyB4AaABAg.A-49MzaQpFRA-4QFVFgUcD,,0,"2024-01-27 15:02:04",@RizkyRiplay,"semoga ada banyak hikmah yang bisa dipetik dari vidoe ini yaa☺️",1,Ugw1q8qq4RInZLBGAyB4AaABAg,@Whylym467
Ugz1hFLjzhnT8zn_k4p4AaABAg,1,0,"2024-01-27 12:29:31",@vinitahananda3436,"Si istrinya bawel bae",0,,
Ugz1hFLjzhnT8zn_k4p4AaABAg.A-48nAQI7X4A-4QCHTU3Kk,,0,"2024-01-27 15:01:37",@RizkyRiplay,"namanyaa istrii😅",1,Ugz1hFLjzhnT8zn_k4p4AaABAg,@vinitahananda3436
UgwsE1LtYPCkkpBvJyt4AaABAg,1,1,"2024-01-27 12:28:12",@Mifrost95,"Gacor kang😂",0,,
UgwsE1LtYPCkkpBvJyt4AaABAg.A-48daMMxZZA-4QBMwUj4V,,1,"2024-01-27 15:01:30",@RizkyRiplay,"wkwk mendem gacorr🤣",1,UgwsE1LtYPCkkpBvJyt4AaABAg,@Mifrost95
UgwdiSMg0r-s5m3VSGp4AaABAg,1,0,"2024-01-27 12:28:09",@sydchannel31,"Malmingan nya nonton bang rizky😅",0,,
UgwdiSMg0r-s5m3VSGp4AaABAg.A-48dAsRwE-A-4QAGkKUev,,1,"2024-01-27 15:01:21",@RizkyRiplay,"mantapp sampe lupa aku kalo malmingg",1,UgwdiSMg0r-s5m3VSGp4AaABAg,@sydchannel31
UgzLTHIN_l6dti3BwwR4AaABAg,1,0,"2024-01-27 12:27:50",@almaherl,"semangat 😊😊",0,,
UgzLTHIN_l6dti3BwwR4AaABAg.A-48avPVEW2A-4Q8qqSgS8,,0,"2024-01-27 15:01:09",@RizkyRiplay,"swiap makasi dukungannyaa yaaa",1,UgzLTHIN_l6dti3BwwR4AaABAg,@almaherl
UgzXZJ2QZVLdyO73Mud4AaABAg,1,0,"2024-01-27 12:27:01",@Dran_rann,"Akhirnya yg di tunggu2 walaupun telat karena baru beli kuota 😅",0,,
UgzXZJ2QZVLdyO73Mud4AaABAg.A-48VyN_nQzA-4Q3MoNCLp,,0,"2024-01-27 15:00:24",@RizkyRiplay,"gapapaa makasii sudah nonton yaa",1,UgzXZJ2QZVLdyO73Mud4AaABAg,@Dran_rann
Ugxbc2XNBSB612QEmlV4AaABAg,1,0,"2024-01-27 12:25:06",@pomedanjaya5850,"Polisi polisi di sini aja mainannya begitu",0,,
Ugxbc2XNBSB612QEmlV4AaABAg.A-48HsK8sbvA-4Q2BVeyWy,,0,"2024-01-27 15:00:15",@RizkyRiplay,"dimana tuh??",1,Ugxbc2XNBSB612QEmlV4AaABAg,@pomedanjaya5850
Ugzn4dfbAfc4Vqv-lE54AaABAg,1,0,"2024-01-27 12:23:46",@rexadaniel6088,"Semoga 10 jt bg",0,,
Ugzn4dfbAfc4Vqv-lE54AaABAg.A-48855U-Q4A-4Q0aunk4F,,0,"2024-01-27 15:00:02",@RizkyRiplay,"aamiin makasi doanya yaa",1,Ugzn4dfbAfc4Vqv-lE54AaABAg,@rexadaniel6088
UgyHQpsb-QGMyv7ntyx4AaABAg,1,0,"2024-01-27 12:22:43",@blanak5231,"Pemrintah nya sibuk kampanye 😂😂",0,,
UgyHQpsb-QGMyv7ntyx4AaABAg.A-480SzDg09A-4Q-pZylvK,,0,"2024-01-27 14:59:55",@RizkyRiplay,"wkwk bisa ajaa",1,UgyHQpsb-QGMyv7ntyx4AaABAg,@blanak5231
UgyQMQTQDKPyCHd-p494AaABAg,1,0,"2024-01-27 12:22:04",@dilalxhakiofficial7312,"Jubol apaan bang 😂",0,,
UgyQMQTQDKPyCHd-p494AaABAg.A-47wdRzvQhA-4PzOx-dVY,,0,"2024-01-27 14:59:44",@RizkyRiplay,"judol🤣judi online",1,UgyQMQTQDKPyCHd-p494AaABAg,@dilalxhakiofficial7312
UgwAYrwwuW_-iZPzSJ94AaABAg,1,1,"2024-01-27 12:16:50",@muhammadyusufberuangmadu1074,"Tontonan yang menjadi tuntunan yg dapat diambil hikmahnya ... Terima kasih kak Rizky dan team",0,,
UgwAYrwwuW_-iZPzSJ94AaABAg.A-47LNcHAN6A-4Pwt5r-cQ,,0,"2024-01-27 14:59:23",@RizkyRiplay,"semoga ada banyak hikmah yang bisa dipetik dari vidoe ini yaa☺️",1,UgwAYrwwuW_-iZPzSJ94AaABAg,@muhammadyusufberuangmadu1074
UgzEJZeATXQ83GLsDRV4AaABAg,1,0,"2024-01-27 12:14:56",@RealmeC-fc4ns,"bagus bgt mas Rizky❤",0,,
UgzEJZeATXQ83GLsDRV4AaABAg.A-477UdyzJNA-4Pw5RYJ5g,,0,"2024-01-27 14:59:16",@RizkyRiplay,"semoga ada banyak hikmah yang bisa dipetik dari vidoe ini yaa☺️",1,UgzEJZeATXQ83GLsDRV4AaABAg,@RealmeC-fc4ns
UgwWYz-OnulaKw3taLZ4AaABAg,1,0,"2024-01-27 12:08:47",@ayukwulanrizki7494,"SEMANGAT KA RIZKYYY SEHAT SELALUU🤩🤎",0,,
UgwWYz-OnulaKw3taLZ4AaABAg.A-46QPa_EoqA-4PvHBFabc,,0,"2024-01-27 14:59:10",@RizkyRiplay,"aamiin makasi doa dan dukungannyaa yaaa",1,UgwWYz-OnulaKw3taLZ4AaABAg,@ayukwulanrizki7494
Ugz_wEZxY1GpmI6OrPN4AaABAg,1,1,"2024-01-27 12:07:30",@micholes2834,"Salut sama bg rizky comenanya di bls semua pdhl subscribe nya udh bnyk.. Semoga sukses terus bg",0,,
Ugz_wEZxY1GpmI6OrPN4AaABAg.A-46H1Cn-EYA-4PuDvYWLE,,0,"2024-01-27 14:59:01",@RizkyRiplay,"aamiin makasii doa dan dukungannyaa yaaa",1,Ugz_wEZxY1GpmI6OrPN4AaABAg,@micholes2834
UgxKXr4aylhmf1pEt1N4AaABAg,1,0,"2024-01-27 12:02:18",@harveymarvel4785,"bang vidio selanjutya yang seram seram lagi ya bnag",0,,
UgxKXr4aylhmf1pEt1N4AaABAg.A-45fr6PicqA-4PszICSA0,,0,"2024-01-27 14:58:51",@RizkyRiplay,"staytune yaa kita tayang setiap hari rabu dan ssbtuu",1,UgxKXr4aylhmf1pEt1N4AaABAg,@harveymarvel4785
UgwvND00YMPtk1RE1_54AaABAg,1,0,"2024-01-27 12:01:34",@YOWISLAH77,"pengisi suara nya tiko kak darth maulana ya",0,,
UgwvND00YMPtk1RE1_54AaABAg.A-45aZ2fqKXA-4PriaW1W1,,0,"2024-01-27 14:58:41",@RizkyRiplay,"iyoii bener bangett",1,UgwvND00YMPtk1RE1_54AaABAg,@YOWISLAH77
Ugxrq-L7AVkVl6dBc5x4AaABAg,2,0,"2024-01-27 11:58:42",@khairulanam4809,"Judi online udh emang meresahkan temen ku aja ada yg kecanduan sampe sampe tabungan ibadah haji orang tuanya di pakek buat judi online sampe habis 90 jt, untung itu gak terjadi sama aku gk kebayang gimana dosa ku nanti kalo uang tabungan haji orang tua di buat judi online, astaghfirullah",0,,
Ugxrq-L7AVkVl6dBc5x4AaABAg.A-45GXHcvwrA-4PqYgPTZ5,,0,"2024-01-27 14:58:34",@RizkyRiplay,"wihh yaampunn parah banget ini sampe tabungan haji ortu dipake🥺🥺",1,Ugxrq-L7AVkVl6dBc5x4AaABAg,@khairulanam4809
Ugxrq-L7AVkVl6dBc5x4AaABAg.A-45GXHcvwrA-5JoJc9as3,,0,"2024-01-27 23:25:02",@khairulanam4809,"@RizkyRiplay iy bg aku gak nyangka dia bakal Sampe senekat ini menghabiskan tabungan ortu hanya untuk hal hal yg tidak bermanfaat, semoga kita semua dijauhkan jauhkan dari hal hal yg berkaitan dengan judi, karena judi bukan hanya merugikan diri sendiri namun orang lain juga",1,Ugxrq-L7AVkVl6dBc5x4AaABAg,@khairulanam4809
Ugy5RkP1ygOP_pHNqhF4AaABAg,1,1,"2024-01-27 11:55:46",@aghaybonbar,"wah yang lagi maraknya didaerah saya sampe tengah malem bikin keganggu orang lagi istirahat atau lagi sakit,sampe ghibahin orang dan takutnya mengarah ke kriminal mencuri .... entahlah semoga orang itu dapet hidayah ...",0,,
Ugy5RkP1ygOP_pHNqhF4AaABAg.A-44w25zXKuA-4PPmkpZpm,,0,"2024-01-27 14:54:44",@RizkyRiplay,"aamiin aamiin makasii doanyaa yaaaa☺️semoga ada banyak hikmah yang bisa dipetik dari vidoe ini yaa☺️",1,Ugy5RkP1ygOP_pHNqhF4AaABAg,@aghaybonbar
Ugxm3wExmSdZOelJ2bh4AaABAg,4,1,"2024-01-27 11:48:37",@pecintasholawat8231,"setidaknya suami slalu berjuang untuk sang istri😊",0,,
Ugxm3wExmSdZOelJ2bh4AaABAg.A-446hUjdo3A-44Wrw8UTP,,1,"2024-01-27 11:52:12",@angelicapoeterilee1762,"Tapi Masalahnya Caranya Salah❌, Setidaknya Suami Bekerja Yang Halal Bukan Berjudi.",1,Ugxm3wExmSdZOelJ2bh4AaABAg,@pecintasholawat8231
Ugxm3wExmSdZOelJ2bh4AaABAg.A-446hUjdo3A-468A05WpJ,,0,"2024-01-27 12:06:18",@pecintasholawat8231,"iya tau tapi setidaknya suami slalu berjuang tanpa kenal lelah untuk sang istri",1,Ugxm3wExmSdZOelJ2bh4AaABAg,@pecintasholawat8231
Ugxm3wExmSdZOelJ2bh4AaABAg.A-446hUjdo3A-4Qj-SjQv9,,1,"2024-01-27 15:06:14",@RizkyRiplay,"semoga ada banyak hikmah yang bisa dipetik dari vidoe ini yaa☺️",1,Ugxm3wExmSdZOelJ2bh4AaABAg,@pecintasholawat8231
Ugxm3wExmSdZOelJ2bh4AaABAg.A-446hUjdo3AVYJqRhRB82,,1,"2026-04-13 14:27:54",@anatharahadiplay,"​@pecintasholawat8231 Tapi ngapain coba main Slot dan Nyuri Kotak Amal",1,Ugxm3wExmSdZOelJ2bh4AaABAg,@pecintasholawat8231
Ugw4DXxyg7qtgMZawkZ4AaABAg,1,5,"2024-01-27 11:47:39",@vivian8848,Hadir,0,,
Ugw4DXxyg7qtgMZawkZ4AaABAg.A-44-d5UKArA-4QhfzVkbF,,2,"2024-01-27 15:06:03",@RizkyRiplay,"haii makasii sudah nonton yaa",1,Ugw4DXxyg7qtgMZawkZ4AaABAg,@vivian8848
UgzYz2FlCH4oRHtgGG94AaABAg,1,0,"2024-01-27 11:39:32",@gilangrm2345,"rizki baik bngt ngasih tenggo",0,,
UgzYz2FlCH4oRHtgGG94AaABAg.A-4348LOQ0gA-4QgS7Pndp,,0,"2024-01-27 15:05:53",@RizkyRiplay,"iyaa donggg wkwk",1,UgzYz2FlCH4oRHtgGG94AaABAg,@gilangrm2345
UgzDQXdkuQIiEK8QD_p4AaABAg,1,0,"2024-01-27 11:28:47",@RedCerry-fh3su,"Aku kira apa itu JUDOL ealha ternyata oh ternyata judi online toh😅",0,,
UgzDQXdkuQIiEK8QD_p4AaABAg.A-41qNnum89A-4QfTcENah,,0,"2024-01-27 15:05:45",@RizkyRiplay,"wkwk iyaa gaess",1,UgzDQXdkuQIiEK8QD_p4AaABAg,@RedCerry-fh3su
UgxJi3m6VIdG-srgxxB4AaABAg,2,9,"2024-01-27 11:21:26",@BatiwakkalBall,"Wahai orang-orang yang beriman! Sesungguhnya minuman keras, 𝗕𝗘𝗥𝗝𝗨𝗗𝗜, (berkurban untuk) berhala, dan mengundi nasib dengan anak panah, adalah perbuatan keji dan termasuk perbuatan setan. Maka jauhilah (perbuatan-perbuatan) itu agar kamu beruntung. (QS. Al-Ma'idah/5 : Ayat 90) #StayHalalBrother 😅",0,,
UgxJi3m6VIdG-srgxxB4AaABAg.A-41-cJNs3vA-42C6nxAJ-,,0,"2024-01-27 11:31:53",@BatiwakkalBall,"11:18 Indosiar",1,UgxJi3m6VIdG-srgxxB4AaABAg,@BatiwakkalBall
UgxJi3m6VIdG-srgxxB4AaABAg.A-41-cJNs3vA-4QecHURUm,,0,"2024-01-27 15:05:38",@RizkyRiplay,"Masyallah makasiii ilmunyaa saudarakuu🥺👍👍semoga ada banyak hikmah yang bisa dipetik dari vidoe ini yaa☺️",1,UgxJi3m6VIdG-srgxxB4AaABAg,@BatiwakkalBall
UgxWU_VA7DXHjSVR6H94AaABAg,1,1,"2024-01-27 11:18:08",@xyadzzesports989,"Sayaa penonton setia bg rizky dri masa-masa mobil afanza😂, sampe sekarang animasi nya ga pernah bisa bikin bosen😊",0,,
UgxWU_VA7DXHjSVR6H94AaABAg.A-40cNvcpjNA-4QbTl3sAC,,0,"2024-01-27 15:05:12",@RizkyRiplay,"yay makasii sudah nonton yaaa",1,UgxWU_VA7DXHjSVR6H94AaABAg,@xyadzzesports989
UgytgWVMPT254NT6gCR4AaABAg,6,484,"2024-01-27 11:16:11",@Bermainbersamazira2488,"Hidup sudah susah malah terjerumus ke jurang set4n, padahal ketika hidup sedang dibawah itu kesempatan untuk kita lebih mendekatkan diri pada yg maha kuasa, buah dari sabar itu manis. Ini real banyak dari kehidupan nyata !!!",0,,
UgytgWVMPT254NT6gCR4AaABAg.A-40P6QbvwKA-4QZWT_o8v,,31,"2024-01-27 15:04:48",@RizkyRiplay,"yaps benerr, semoga ada banyak hikmah yang bisa dipetik dari vidoe ini yaa☺️",1,UgytgWVMPT254NT6gCR4AaABAg,@Bermainbersamazira2488
UgytgWVMPT254NT6gCR4AaABAg.A-40P6QbvwKA-BsVckCoU3,,6,"2024-01-30 12:32:21",@NurHayati-nd5oz,"Yah mirip seperti kisah nyata",1,UgytgWVMPT254NT6gCR4AaABAg,@Bermainbersamazira2488
UgytgWVMPT254NT6gCR4AaABAg.A-40P6QbvwKA0OlrIFUnNB,,4,"2024-02-29 09:15:48",@farizansyahrifkia5110,"@RizkyRiplay biasanya Judi hoki di awal Diujung nya seakan udah diseting, kebanyakan di akhirnya kalah Dan jadi bokek",1,UgytgWVMPT254NT6gCR4AaABAg,@Bermainbersamazira2488
UgytgWVMPT254NT6gCR4AaABAg.A-40P6QbvwKA35K0ooPscw,,2,"2024-05-06 09:32:27",@ZainPlayChannel,"Betul, banyak pelajaran yg bisa diambil",1,UgytgWVMPT254NT6gCR4AaABAg,@Bermainbersamazira2488
UgytgWVMPT254NT6gCR4AaABAg.A-40P6QbvwKA58HZrkOG45,,1,"2024-06-26 06:11:32",@FerySetiawan-f4u,"Tapi kalo bicara mah mudah ya gw juga bisa bicara mah😂",1,UgytgWVMPT254NT6gCR4AaABAg,@Bermainbersamazira2488
UgytgWVMPT254NT6gCR4AaABAg.A-40P6QbvwKAVwluoHaW_w,,0,"2026-04-23 11:42:55",@nothingisperfectinthisworld,"​@FerySetiawan-f4u pelaku judi kah??",1,UgytgWVMPT254NT6gCR4AaABAg,@Bermainbersamazira2488
UgytLspj-JUwUqykIGJ4AaABAg,1,0,"2024-01-27 11:15:57",@Riezkha89,Indoapril✨,0,,
UgytLspj-JUwUqykIGJ4AaABAg.A-40NRIJGQLA-4QXfABOHv,,0,"2024-01-27 15:04:33",@RizkyRiplay,"makasi sudah nonton yaa",1,UgytLspj-JUwUqykIGJ4AaABAg,@Riezkha89
Ugx3lwsUPzBrfPYhaEN4AaABAg,4,0,"2024-01-27 11:14:56",@aamaam5682,"Berawal dari kuhamil duluan sudah 3 bln gara² pacaran sering gelap²an😂😂..ya gtu klo sesuatu yg di lakuin pke jln pintas akan bawa kesialan alias ga ad keberkehan dlm hidup",0,,
Ugx3lwsUPzBrfPYhaEN4AaABAg.A-40FyLBryDA-41y1x6pga,,0,"2024-01-27 11:29:50",@BatiwakkalBall,,1,Ugx3lwsUPzBrfPYhaEN4AaABAg,@aamaam5682
Ugx3lwsUPzBrfPYhaEN4AaABAg.A-40FyLBryDA-4EI0v3ScQ,,0,"2024-01-27 13:17:33",@aamaam5682,"@BatiwakkalBall 🤭😄",1,Ugx3lwsUPzBrfPYhaEN4AaABAg,@aamaam5682
Ugx3lwsUPzBrfPYhaEN4AaABAg.A-40FyLBryDA-4QWrM8jrU,,0,"2024-01-27 15:04:26",@RizkyRiplay,"semoga ada banyak hikmah yang bisa dipetik dari vidoe ini yaa☺️",1,Ugx3lwsUPzBrfPYhaEN4AaABAg,@aamaam5682
Ugx3lwsUPzBrfPYhaEN4AaABAg.A-40FyLBryDA-4RzWzqALd,,0,"2024-01-27 15:17:13",@aamaam5682,"@RizkyRiplay sudah pasti bang, crta yg situ buat selalu selalu ada & banyak hikmahnya...semangat bro, terus bikin cerita² yg seru,lucu,horor,n bikin emosi penonton😄💪",1,Ugx3lwsUPzBrfPYhaEN4AaABAg,@aamaam5682
UgzR5_sHUNZjjA6reg94AaABAg,1,0,"2024-01-27 11:08:15",@WulanSari-x6x,"Tumben nggak pelit mas rizky😅",0,,
UgzR5_sHUNZjjA6reg94AaABAg.A-4-V2dSxtsA-4QVoAHLhy,,0,"2024-01-27 15:04:17",@RizkyRiplay,"hehehe iyaa donggg harus berbagii",1,UgzR5_sHUNZjjA6reg94AaABAg,@WulanSari-x6x
Ugwu4x-4cv0ffRU-R9x4AaABAg,1,1,"2024-01-27 11:01:29",@alseven77-u4m,"Mntap bikin yg kaya gini lagi lah seru bet anjay",0,,
Ugwu4x-4cv0ffRU-R9x4AaABAg.A-3ziUvnVkgA-4RGc_y45w,,0,"2024-01-27 15:10:57",@RizkyRiplay,"staytyne yaa kita tayang setiap hari rabu dan sabtuu",1,Ugwu4x-4cv0ffRU-R9x4AaABAg,@alseven77-u4m
UgxhHjeNoO9s6jJPIGF4AaABAg,5,0,"2024-01-27 10:52:33",@LUCKYARKEP,"Situs p*rno bisa dihpus.. kok situs judi online ga bisa dihpus ya....??",0,,
UgxhHjeNoO9s6jJPIGF4AaABAg.A-3ygzUT0jEA-421FZt8o0,,0,"2024-01-27 11:30:25",@BatiwakkalBall,"Ada sesuatu yang mencurigakan",1,UgxhHjeNoO9s6jJPIGF4AaABAg,@LUCKYARKEP
UgxhHjeNoO9s6jJPIGF4AaABAg.A-3ygzUT0jEA-4RBrfuyyd,,0,"2024-01-27 15:10:18",@RizkyRiplay,"masihh diproses sepertinyaa gaess",1,UgxhHjeNoO9s6jJPIGF4AaABAg,@LUCKYARKEP
UgxhHjeNoO9s6jJPIGF4AaABAg.A-3ygzUT0jEA-6cfnOWHNj,,0,"2024-01-28 11:37:52",@LUCKYARKEP,"@BatiwakkalBall mungkin ada 0rang dalam... Wkwkwk",1,UgxhHjeNoO9s6jJPIGF4AaABAg,@LUCKYARKEP
UgxhHjeNoO9s6jJPIGF4AaABAg.A-3ygzUT0jEA-6cpS5f6FT,,0,"2024-01-28 11:39:11",@LUCKYARKEP,"@RizkyRiplay situs p*rn0 sudah lama dihapus pdhl pr0sesnya cpt waktu itu.... Giliran situs jud0L lama banget... Wkwkwkk",1,UgxhHjeNoO9s6jJPIGF4AaABAg,@LUCKYARKEP
UgxhHjeNoO9s6jJPIGF4AaABAg.A-3ygzUT0jEA-6wdB7xyGp,,0,"2024-01-28 14:32:16",@BatiwakkalBall,"@LUCKYARKEP no komen",1,UgxhHjeNoO9s6jJPIGF4AaABAg,@LUCKYARKEP
Ugxb2GrBCtESHmREwLl4AaABAg,1,0,"2024-01-27 10:47:51",@queenemiko3060,"Ky ponakan q suaminya gamau kerja berat main game anak istrinya. Maunya kerja ringan smbil judi online. Akhirnya mereka cerai😢",0,,
Ugxb2GrBCtESHmREwLl4AaABAg.A-3y9c74zvaA-4R9ntP_qP,,0,"2024-01-27 15:10:01",@RizkyRiplay,"semoga ada banyak hikmah yang bisa dipetik dari vidoe ini yaa☺️",1,Ugxb2GrBCtESHmREwLl4AaABAg,@queenemiko3060
UgzFVau2ZJOGQQ5iVbt4AaABAg,2,1,"2024-01-27 10:47:22",@wislieanthony1999,"Semangat ya Ka Rizky dan Ka Laras bikin ceritanya dan lancar bikin ceritanya dan aku support Ka Rizky dan Ka Laras",0,,
UgzFVau2ZJOGQQ5iVbt4AaABAg.A-3y67IFnyRA-4R7wAp1Kf,,0,"2024-01-27 15:09:46",@RizkyRiplay,"aamiin makasii doa dan dukungannyaa yaaa",1,UgzFVau2ZJOGQQ5iVbt4AaABAg,@wislieanthony1999
UgzFVau2ZJOGQQ5iVbt4AaABAg.A-3y67IFnyRA-5YrMOzp9E,,0,"2024-01-28 01:36:31",@wislieanthony1999,"sama sama Ka Rizky dan Ka Laras",1,UgzFVau2ZJOGQQ5iVbt4AaABAg,@wislieanthony1999
UgyRFH9VITyHJJJ1MP94AaABAg,1,1,"2024-01-27 10:46:21",@bilaaaethereal,"Kak kok skrg jarang up?",0,,
UgyRFH9VITyHJJJ1MP94AaABAg.A-3xzciLSmZA-4R6HyBQ1M,,1,"2024-01-27 15:09:33",@RizkyRiplay,"staytune yaa kita tayang setiap hari rabu dan sabtuu",1,UgyRFH9VITyHJJJ1MP94AaABAg,@bilaaaethereal
Ugw53QBq2fR0-Ok1a814AaABAg,1,0,"2024-01-27 10:43:35",@heldahelda4257,"Hancur dunia garah2judi onglen",0,,
Ugw53QBq2fR0-Ok1a814AaABAg.A-3xfOYe0pEA-4R2OeijTK,,0,"2024-01-27 15:09:01",@RizkyRiplay,"semoga ada banyak hikmah yang bisa dipetik dari vidoe ini yaa☺️",1,Ugw53QBq2fR0-Ok1a814AaABAg,@heldahelda4257
UgxVWMliobPWX2dV0bF4AaABAg,1,0,"2024-01-27 10:42:26",@rizkiihdaniarnurisma9709,"Kok ada bang rizky😂",0,,
UgxVWMliobPWX2dV0bF4AaABAg.A-3xXx2ravLA-4R1peqJQ2,,0,"2024-01-27 15:08:56",@RizkyRiplay,"hehe cameo gaes",1,UgxVWMliobPWX2dV0bF4AaABAg,@rizkiihdaniarnurisma9709
UgzElx4jynbNkAMxSbp4AaABAg,1,0,"2024-01-27 10:37:24",@Jackfruit226,"Yg d tunggu² akhirnya ,, seru bngt kak rizky dan ada pesan moralnya juga best pokoknya 🥰",0,,
UgzElx4jynbNkAMxSbp4AaABAg.A-3wy13PPbBA-4Qz5MvPjm,,1,"2024-01-27 15:08:26",@RizkyRiplay,"semoga ada banyak hikmah yang bisa dipetik dari vidoe ini yaa☺️",1,UgzElx4jynbNkAMxSbp4AaABAg,@Jackfruit226
UgzGWDtmVZw34DyJWjJ4AaABAg,1,0,"2024-01-27 10:35:19",@LOG_Ditzx,"Mas rizky baik buktinya aku disapa Btw semangat bang gw terus dukung lu gw bs ambil hikmah dari video lu",0,,
UgzGWDtmVZw34DyJWjJ4AaABAg.A-3wiqmCfY4A-4QxidP9p6,,0,"2024-01-27 15:08:14",@RizkyRiplay,"swiappp makasii dukungannyaa yaaa, semoga ada banyak hikmah yang bisa dipetik dari vidoe ini yaa☺️",1,UgzGWDtmVZw34DyJWjJ4AaABAg,@LOG_Ditzx
UgyaBtjgLJDUZzICYIV4AaABAg,1,1,"2024-01-27 10:29:10",@StoryyDarahOfficial,"Slalu stay trus di risky riplay,,❤",0,,
UgyaBtjgLJDUZzICYIV4AaABAg.A-3w0hmPedgA-4Qw7gVT_d,,0,"2024-01-27 15:08:01",@RizkyRiplay,"makasii staytune yaa kita tayang setiap.hari rabu dan sabtuu",1,UgyaBtjgLJDUZzICYIV4AaABAg,@StoryyDarahOfficial
UgxhQs0jcAqDxlhXTvt4AaABAg,1,0,"2024-01-27 10:18:24",@caramellatepait,"Indo maret ❌️ Indo april ✅️",0,,
UgxhQs0jcAqDxlhXTvt4AaABAg.A-3umwXDkeiA-4Qs_nDD9p,,1,"2024-01-27 15:07:32",@RizkyRiplay,"makasii sudah nonton yaa",1,UgxhQs0jcAqDxlhXTvt4AaABAg,@caramellatepait
Ugwfyuc6jW_PkyorcIV4AaABAg,1,0,"2024-01-27 10:17:55",@kemalpramono3894,"Biarpun belom pernah kena judol, alangkah baik nya kalo bisa jangan sampai kena uang riba... Endingnya pasti 0 , pengalaman pribadi",0,,
Ugwfyuc6jW_PkyorcIV4AaABAg.A-3ujMwomt4A-4QrrU16xq,,0,"2024-01-27 15:07:26",@RizkyRiplay,"yaps benerr, jauhi judol gaes",1,Ugwfyuc6jW_PkyorcIV4AaABAg,@kemalpramono3894
UgyPu2Hkqkn1VpPQF6d4AaABAg,1,0,"2024-01-27 10:15:52",@IsmedSofian-v7r,"Sehat selalu kak di lancakan rezekinya🤲🤲",0,,
UgyPu2Hkqkn1VpPQF6d4AaABAg.A-3uVM0rQJFA-4QqN4PyOw,,0,"2024-01-27 15:07:14",@RizkyRiplay,"aamiin makasii doanya yaaa",1,UgyPu2Hkqkn1VpPQF6d4AaABAg,@IsmedSofian-v7r
UgxF3iV1iTrJh9dqILV4AaABAg,1,0,"2024-01-27 10:11:37",@ikhsanrama8457,"Pinta maaf soalnya sedikit terlambat",0,,
UgxF3iV1iTrJh9dqILV4AaABAg.A-3u0B8SPfFA-4QpHoxm-4,,0,"2024-01-27 15:07:05",@RizkyRiplay,"gapapaa makasii sudah nonton yaa",1,UgxF3iV1iTrJh9dqILV4AaABAg,@ikhsanrama8457
UgzqtXDv4Q4KeK4kfQh4AaABAg,1,0,"2024-01-27 10:06:16",@sitirohmah6055,"ngeri ya bang gara2 judol",0,,
UgzqtXDv4Q4KeK4kfQh4AaABAg.A-3tOzv4BpGA-4RZfvvNCM,,0,"2024-01-27 15:13:33",@RizkyRiplay,"semoga ada banyak hikmah yang bisa dipetik dari vidoe ini yaa☺️",1,UgzqtXDv4Q4KeK4kfQh4AaABAg,@sitirohmah6055
UgyuuZnqSftUTIl9ysR4AaABAg,1,0,"2024-01-27 10:02:40",@ailias123,"Judul yg cocok ""akibat pergaulan bebas""",0,,
UgyuuZnqSftUTIl9ysR4AaABAg.A-3szbjvUnxA-4RZANcDoQ,,1,"2024-01-27 15:13:29",@RizkyRiplay,"semoga ada banyak hikmah yang bisa dipetik dari vidoe ini yaa☺️",1,UgyuuZnqSftUTIl9ysR4AaABAg,@ailias123
UgwYyQQiV6LXlA_7v9R4AaABAg,1,0,"2024-01-27 10:00:48",@Rezgiicowocarmen,"DRAMA RIZKY RIPLAY GAPERNAH GAGAL😭👍",0,,
UgwYyQQiV6LXlA_7v9R4AaABAg.A-3slyzoQOTA-4RYLVbdtf,,0,"2024-01-27 15:13:22",@RizkyRiplay,"alhamdulillah hehee",1,UgwYyQQiV6LXlA_7v9R4AaABAg,@Rezgiicowocarmen
Ugyqk_jznJfq8U9M0Gt4AaABAg,1,0,"2024-01-27 09:45:37",@ftrxrmdhni,"Bang @Rizky riplay gacor artinya apa yah😂",0,,
Ugyqk_jznJfq8U9M0Gt4AaABAg.A-3r1onzFLhA-4RXc1oevG,,0,"2024-01-27 15:13:16",@RizkyRiplay,"gacor itu apa yaa heummm, seperti mujur beruntung gituu",1,Ugyqk_jznJfq8U9M0Gt4AaABAg,@ftrxrmdhni
UgxMRF-Tg7TPSDiQV5d4AaABAg,2,0,"2024-01-27 09:32:37",@atikhandayani3660,Yeayyyyyy🤍🤍🙏,0,,
UgxMRF-Tg7TPSDiQV5d4AaABAg.A-3pYbV2rZbA-4RPhdR4iX,,1,"2024-01-27 15:12:12",@RizkyRiplay,"makasi sudah nonton yaaa",1,UgxMRF-Tg7TPSDiQV5d4AaABAg,@atikhandayani3660
UgxMRF-Tg7TPSDiQV5d4AaABAg.A-3pYbV2rZbA-9NVnPUx75,,0,"2024-01-29 13:14:17",@atikhandayani3660,"@RizkyRiplay pasti dong kembali kasih Rizky lancar sehat terusss 🤍🫶",1,UgxMRF-Tg7TPSDiQV5d4AaABAg,@atikhandayani3660
UgwnrJA7P0anelu5Ht94AaABAg,1,32,"2024-01-27 09:30:52",@Kathypinkchompu,"Pelajaran nya : berani menjalani suatu hubungan artinya harus siap tanggung jawab dalam segala hal, jika secara finansial dan secara mental belum siap lebih baik jangan , .. tapi realita kehidupan yg terpampang jelas di sini juga adalah nyari kerja itu susah terutama yg gak punya pengalaman plus gak punya orang dalam... Umur max 25 tapi minta lulusan Sarjana keatas plus punya pengalaman ya susah lah ..dalam situasi kepepet org bisa melakukan apa saja, seperti karakter di animasi ini dia terjerumus ke hal ilegal bukan karana dari awal dia gak ada usaha tapi karena kepepet, ya sih itu hal yg sangat memungkinkan terjadi pada siapapun... Yg bisa kita harapkan adalah lowongan pekerjaan haruslah ditambah n syarat penerimaan karyawan harus diperlonggar, tapi selain itu anak2 muda juga harus belajar nya serius KLO bisa usia belia jangan pacaran dulu... Atau pacaran kan bisa dalam hal positif seperti pulang sekolah bisa ambil eks school bareng, les /kursus bareng atau ke perpustakaan bikin pr bareng, semangatin pacar yg lagi latian basket/ olahraga lainnya,, gitu kan positif.. intinya jika kita ingin berbenah semua kalangan harus berbenah sih.. niscaya kehidupan kita bisa lebih baik .amin",0,,
UgwnrJA7P0anelu5Ht94AaABAg.A-3pLkOeDj_A-4ROmEv9oD,,1,"2024-01-27 15:12:04",@RizkyRiplay,"bener bangettt, semoga ada banyak hikmah yang bisa dipetik dari vidoe ini yaa☺️",1,UgwnrJA7P0anelu5Ht94AaABAg,@Kathypinkchompu
Ugyr7wMerU-8hY80j1l4AaABAg,1,0,"2024-01-27 09:30:34",@KenzoArga-cg6rp,"Mas risky maaf aku tidak bisa melihat video selanjutnya katna gigi ku sakit😢😢",0,,
Ugyr7wMerU-8hY80j1l4AaABAg.A-3pJbONFC-A-4RMxEGI1l,,0,"2024-01-27 15:11:49",@RizkyRiplay,"semoga cepat sembuh yaa🥺",1,Ugyr7wMerU-8hY80j1l4AaABAg,@KenzoArga-cg6rp
UgzFkIH7Fxiw_4d_wUl4AaABAg,1,0,"2024-01-27 09:29:28",@persilangan_entok,"Disini ada orang gantung diri karna maen slot",0,,
UgzFkIH7Fxiw_4d_wUl4AaABAg.A-3pBVwqITpA-4RLfFcXH3,,0,"2024-01-27 15:11:38",@RizkyRiplay,"seriusan? dimana tuh??",1,UgzFkIH7Fxiw_4d_wUl4AaABAg,@persilangan_entok
UgyoTbSMsyB91W0-aM14AaABAg,1,12,"2024-01-27 09:23:56",@wulanratnasari1688,"Sukses terus untuk Rizky Riplay, selalu ditunggu cerita-cerita selanjutnya 😃",0,,
UgyoTbSMsyB91W0-aM14AaABAg.A-3oZ0KD4PJA-4RKszxrtZ,,1,"2024-01-27 15:11:32",@RizkyRiplay,"aamiin makasi doanya yaa",1,UgyoTbSMsyB91W0-aM14AaABAg,@wulanratnasari1688
Ugy8qTLHlDkLNNC-Bjh4AaABAg,2,1,"2024-01-27 09:10:18",@muhammadjaki7641,"Hujannya awet..sambil nonton RizkyRiplay 👍👍👍👍👍",0,,
Ugy8qTLHlDkLNNC-Bjh4AaABAg.A-3n-697eCLA-4S8cdjnAL,,1,"2024-01-27 15:18:36",@RizkyRiplay,"wih mantapp makasii sudah nonton yaaa",1,Ugy8qTLHlDkLNNC-Bjh4AaABAg,@muhammadjaki7641
Ugy8qTLHlDkLNNC-Bjh4AaABAg.A-3n-697eCLA-4UCwiT5ZB,,0,"2024-01-27 15:36:40",@muhammadjaki7641,"@RizkyRiplay Oke",1,Ugy8qTLHlDkLNNC-Bjh4AaABAg,@muhammadjaki7641
UgzlQIhysum-f4XcprN4AaABAg,1,0,"2024-01-27 09:06:40",@rayyisrikzah1341,"Judi menjanjikan kemenangan judi menjanjikan kekayaan Bohong!",0,,
UgzlQIhysum-f4XcprN4AaABAg.A-3m_Yd3QMzA-4S6y186Qa,,0,"2024-01-27 15:18:22",@RizkyRiplay,"semoga ada banyak hikmah yang bisa dipetik dari vidoe ini yaa☺️",1,UgzlQIhysum-f4XcprN4AaABAg,@rayyisrikzah1341
UgxCZFcen-fEeTCYZzJ4AaABAg,1,0,"2024-01-27 09:02:28",@widyantono_utama,"Amiin semoga judi online di hapuskan biar gak ada lagi jadi korban❤❤❤",0,,
UgxCZFcen-fEeTCYZzJ4AaABAg.A-3m5nc4i1YA-4S6OuQOa1,,0,"2024-01-27 15:18:18",@RizkyRiplay,"semoga ada banyak hikmah yang bisa dipetik dari vidoe ini yaa☺️",1,UgxCZFcen-fEeTCYZzJ4AaABAg,@widyantono_utama
UgwcA0CdeqiPPNwbEP54AaABAg,1,0,"2024-01-27 09:01:43",@sapi_panggang21,"Terimakasih bang Rizky, dengan video ini semoga pecandu Judol yang lihat bisa berubah pikiran untuk berhenti.",0,,
UgwcA0CdeqiPPNwbEP54AaABAg.A-3m0DJq9byA-4S5x2RgYG,,0,"2024-01-27 15:18:14",@RizkyRiplay,"aamiin, semoga ada banyak hikmah yang bisa dipetik dari vidoe ini yaa☺️",1,UgwcA0CdeqiPPNwbEP54AaABAg,@sapi_panggang21
UgwjApFBaMH_X9a1XMF4AaABAg,1,0,"2024-01-27 09:01:40",@AlekOzeer-de2fs,"Bayangkan saja jika kalian yg nemuin I phone yg jatuh itu?😂 apa yg akan kalian lakukan?😮😮😮",0,,
UgwjApFBaMH_X9a1XMF4AaABAg.A-3m-vpqvF8A-4S4ws86RM,,0,"2024-01-27 15:18:06",@RizkyRiplay,"alhamdulillah rejekii😂🤣",1,UgwjApFBaMH_X9a1XMF4AaABAg,@AlekOzeer-de2fs
UgyCzd3-fxFfVg4RN-h4AaABAg,1,0,"2024-01-27 08:58:13",@ridhoaajalah,"Gacor Kang 💵🤑",0,,
UgyCzd3-fxFfVg4RN-h4AaABAg.A-3lbeb4pbQA-4S3LnE0UO,,0,"2024-01-27 15:17:53",@RizkyRiplay,"wkwk gacor gacorr😂",1,UgyCzd3-fxFfVg4RN-h4AaABAg,@ridhoaajalah
UgzQVQALrrF7dQ1PmWl4AaABAg,1,0,"2024-01-27 08:54:59",@IBLISDARURAT,"Pikir secara logika aja",0,,
UgzQVQALrrF7dQ1PmWl4AaABAg.A-3lEtDBlNyA-4S2UlVM73,,0,"2024-01-27 15:17:46",@RizkyRiplay,"makasii sudah nonton yaa",1,UgzQVQALrrF7dQ1PmWl4AaABAg,@IBLISDARURAT
Ugyyz0PjiiT2O8hTbM94AaABAg,2,1,"2024-01-27 08:53:52",@KasanPutra-g9w,"akhirnyaa upp lagii",0,,
Ugyyz0PjiiT2O8hTbM94AaABAg.A-3l6iMy25xA-4S1QdPxyv,,0,"2024-01-27 15:17:37",@RizkyRiplay,"yay makasii sudah nonton yaa",1,Ugyyz0PjiiT2O8hTbM94AaABAg,@KasanPutra-g9w
Ugyyz0PjiiT2O8hTbM94AaABAg.A-3l6iMy25xA-81ZO2I_Yt,,0,"2024-01-29 00:43:17",@KasanPutra-g9w,"@RizkyRiplay demi apaaa",1,Ugyyz0PjiiT2O8hTbM94AaABAg,@KasanPutra-g9w
Ugw_1_YXvsPN0hu3JLJ4AaABAg,1,0,"2024-01-27 08:51:30",@EriaSusanNuroni,"Semangat terus bikin konten nya bang rizky...sukses selalu😊😊",0,,
Ugw_1_YXvsPN0hu3JLJ4AaABAg.A-3kqOaBYoiA-4S0QBJx0X,,0,"2024-01-27 15:17:29",@RizkyRiplay,"aamiin makasi doa dan dukungannyaa yaaa",1,Ugw_1_YXvsPN0hu3JLJ4AaABAg,@EriaSusanNuroni
Ugwo0MuIOesBislKU4t4AaABAg,2,1,"2024-01-27 08:50:55",@aryakamandanu8748,"Alhamdulillah sampai saat ini AQ g pernah main judol",0,,
Ugwo0MuIOesBislKU4t4AaABAg.A-3kmBDPJkcA-4S-3zKJib,,0,"2024-01-27 15:17:18",@RizkyRiplay,"alhamdulillah jangan sampe yaa",1,Ugwo0MuIOesBislKU4t4AaABAg,@aryakamandanu8748
Ugwo0MuIOesBislKU4t4AaABAg.A-3kmBDPJkcA-4YHoOZmVJ,,0,"2024-01-27 16:12:17",@aryakamandanu8748,"@RizkyRiplay ya dong pasti karena judi tidak bisa bikin kaya",1,Ugwo0MuIOesBislKU4t4AaABAg,@aryakamandanu8748
UgyRJfAuMG1wyiSAMHR4AaABAg,1,0,"2024-01-27 08:45:54",@sanzta17,"Selalu keren di setiap animasi nya bang Rizky🤩",0,,
UgyRJfAuMG1wyiSAMHR4AaABAg.A-3kCRsYGM3A-4RxEwExMt,,0,"2024-01-27 15:16:55",@RizkyRiplay,"yayy makasi yaaa",1,UgyRJfAuMG1wyiSAMHR4AaABAg,@sanzta17
UgxPtTQRqjKMDPNyINV4AaABAg,1,0,"2024-01-27 08:41:58",@krails_R,"Horor nya aahh noo",0,,
UgxPtTQRqjKMDPNyINV4AaABAg.A-3jkaNmOAAA-4RwG3-pu1,,0,"2024-01-27 15:16:46",@RizkyRiplay,"makasi sudha nonton yaa",1,UgxPtTQRqjKMDPNyINV4AaABAg,@krails_R
UgwH-k0wX6QCVQwAjrB4AaABAg,1,0,"2024-01-27 08:39:50",@KolipMhmmd,"Orng yg jualan telur gulung di ganti rugi ga tuh bg kesian dia",0,,
UgwH-k0wX6QCVQwAjrB4AaABAg.A-3jW1tXCotA-4RvQ-pZtj,,0,"2024-01-27 15:16:39",@RizkyRiplay,"gimana caranyaa ganti rugii🥺",1,UgwH-k0wX6QCVQwAjrB4AaABAg,@KolipMhmmd
UgzrrMF7tIh7ODGajeN4AaABAg,3,2,"2024-01-27 08:37:18",@caseyjinil,"0:02 abang gw dapat cina karna ulahnya kayak gini",0,,
UgzrrMF7tIh7ODGajeN4AaABAg.A-3jDSElNQ9A-4Rs9Ejxly,,0,"2024-01-27 15:16:13",@RizkyRiplay,"dapat cina?",1,UgzrrMF7tIh7ODGajeN4AaABAg,@caseyjinil
UgzrrMF7tIh7ODGajeN4AaABAg.A-3jDSElNQ9A-4_sSlml62,,0,"2024-01-27 16:34:54",@caseyjinil,"@RizkyRiplay orang china",1,UgzrrMF7tIh7ODGajeN4AaABAg,@caseyjinil
UgzrrMF7tIh7ODGajeN4AaABAg.A-3jDSElNQ9A7Ix0mftm4Z,,0,"2024-08-19 02:37:40",@bangdwii8905,​@RizkyRiplaychindo,1,UgzrrMF7tIh7ODGajeN4AaABAg,@caseyjinil
UgwAXTfBLUm1ncsUdhh4AaABAg,1,0,"2024-01-27 08:36:48",@dausydeas8903,"Makanya jgn hamil dluan di kira menikah semudah itu,cari uang gak segampang itu",0,,
UgwAXTfBLUm1ncsUdhh4AaABAg.A-3j9oTMYCtA-4Rqn6rFaR,,0,"2024-01-27 15:16:02",@RizkyRiplay,"semoga ada banyak hikmah yang bisa dipetik dari vidoe ini yaa☺️",1,UgwAXTfBLUm1ncsUdhh4AaABAg,@dausydeas8903
UgzT_5Uvrs22yFs7_7x4AaABAg,1,1,"2024-01-27 08:33:09",@johancatur386,"Tim gercep",0,,
UgzT_5Uvrs22yFs7_7x4AaABAg.A-3ik2GxELBA-4Rp8xUboK,,0,"2024-01-27 15:15:48",@RizkyRiplay,"makasi sudah nonton yaa",1,UgzT_5Uvrs22yFs7_7x4AaABAg,@johancatur386
UgxhsO96a2UkPl6w-ex4AaABAg,1,1,"2024-01-27 08:29:13",@kevinalvians7654,"Emang nyari kerja sekarang susah rata"" Minimal berpengalaman jangankan lulusan SMA , aku aja yang lulusan S1 susah juga nyari kerja😢",0,,
UgxhsO96a2UkPl6w-ex4AaABAg.A-3iIFnJqwsA-4RoGrhF02,,0,"2024-01-27 15:15:41",@RizkyRiplay,"semoga ada banyak hikmah yang bisa dipetik dari vidoe ini yaa☺️",1,UgxhsO96a2UkPl6w-ex4AaABAg,@kevinalvians7654
Ugz-5DvUKeIaL-5dmyx4AaABAg,1,1,"2024-01-27 08:24:53",@watik123sragen2,"Siapa yg gercep 👇🏻",0,,
Ugz-5DvUKeIaL-5dmyx4AaABAg.A-3hnTA-GkFA-4RnjnvYJL,,0,"2024-01-27 15:15:37",@RizkyRiplay,"makasi sudah nonton yaa",1,Ugz-5DvUKeIaL-5dmyx4AaABAg,@watik123sragen2
Ugwct1HsLq7czukIKlN4AaABAg,1,0,"2024-01-27 08:24:15",@NDEZ123,"ᴍᴀᴋᴀɴ sᴀᴍʙɪʟ ɴᴏɴᴛᴏɴ ʏᴛ ʀɪᴢᴋɪʀɪᴘʟᴀʏ😮😮 ᴇɴᴀᴋ",0,,
Ugwct1HsLq7czukIKlN4AaABAg.A-3hiuHoMsuA-4RjTCTMZ7,,1,"2024-01-27 15:15:02",@RizkyRiplay,"mantap makasi sudah nonton yaaa",1,Ugwct1HsLq7czukIKlN4AaABAg,@NDEZ123
UgznAllneVRjk8TgJ7B4AaABAg,1,0,"2024-01-27 08:22:19",@shoutakagurazaki2624,"Janganlah bermain judi online (kecuali punya backingan hacker)",0,,
UgznAllneVRjk8TgJ7B4AaABAg.A-3hVeaA56PA-4Ri2dS3IR,,0,"2024-01-27 15:14:50",@RizkyRiplay,"jangann gaess mending dihindarii",1,UgznAllneVRjk8TgJ7B4AaABAg,@shoutakagurazaki2624
Ugyt-RL-vmYZZNQipSp4AaABAg,1,0,"2024-01-27 08:20:53",@dausydeas8903,"Judi,awalnya seakan² menang trus. Tapi semakin besar uang yg di pertaruhkan tiba² kalah judi. Udh di atur itu sm apk judi nya😢",0,,
Ugyt-RL-vmYZZNQipSp4AaABAg.A-3hLEYLXRxA-4Rg2jYPX5,,0,"2024-01-27 15:14:34",@RizkyRiplay,"semoga ada banyak hikmah yang bisa dipetik dari vidoe ini yaa☺️",1,Ugyt-RL-vmYZZNQipSp4AaABAg,@dausydeas8903
UgyDvWKNpTM2uZwlVKx4AaABAg,1,0,"2024-01-27 08:17:01",@vinamaulida2160,"Bukan penonton yang pertama😭🥰🥳, tapi sellu nonton video kak rizky riplay🎉🎉🎉🥰🥳",0,,
UgyDvWKNpTM2uZwlVKx4AaABAg.A-3gtoiHoblA-4RfH8Yfe9,,0,"2024-01-27 15:14:27",@RizkyRiplay,"mantapp makasi sudah nonton yaaa",1,UgyDvWKNpTM2uZwlVKx4AaABAg,@vinamaulida2160
UgwpLOjoR-XcU155vE94AaABAg,1,1,"2024-01-27 08:09:41",@thisismenara,"AAA KA RIZKYY, maap yaaa lama ga nonton kakaaa ",0,,
UgwpLOjoR-XcU155vE94AaABAg.A-3g3AInC9OA-3gdfymtO_,,2,"2024-01-27 08:14:48",@RizkyRiplay,"aaa darimana azaaa😭 staytune yaa kita tayang setiap hari rabu dan sabtuu",1,UgwpLOjoR-XcU155vE94AaABAg,@thisismenara
Ugyztt2ds9WvCdO3H2J4AaABAg,2,0,"2024-01-27 08:03:30",@mahmudtkr9126,"Di sponsori oleh tango wafer 😂 Seperti biasa",0,,
Ugyztt2ds9WvCdO3H2J4AaABAg.A-3fLsa7vlrA-3gbLlKUBQ,,1,"2024-01-27 08:14:29",@RizkyRiplay,"alhamdulillah hehehee",1,Ugyztt2ds9WvCdO3H2J4AaABAg,@mahmudtkr9126
Ugyztt2ds9WvCdO3H2J4AaABAg.A-3fLsa7vlrA-3gxSxq82q,,0,"2024-01-27 08:17:30",@mahmudtkr9126,"@RizkyRiplay semangat trs bang Rizky and team replay",1,Ugyztt2ds9WvCdO3H2J4AaABAg,@mahmudtkr9126
Ugyhk7FPOzSgmaVS3jN4AaABAg,1,6,"2024-01-27 08:02:41",@DUDUNGSETIAWAN-kx1jy,"Makasih kak rizky udah buatin video yg sangat sangat bermanfaat, mudah mudahan walaupun hanya vidio animasi semoga bisa membuat orang yg kecandu Judol Jadi Berhenti Dan Menyesaliii perbuatan nya 😊",0,,
Ugyhk7FPOzSgmaVS3jN4AaABAg.A-3fFphDxMsA-3fug9dAlS,,0,"2024-01-27 08:08:23",@RizkyRiplay,"semoga ada banyak hikmah yang bisa dipetik dari vidoe ini yaa☺️",1,Ugyhk7FPOzSgmaVS3jN4AaABAg,@DUDUNGSETIAWAN-kx1jy
Ugzwd-biLL-bkfhRnit4AaABAg,1,0,"2024-01-27 08:01:58",@UR.Dinoco,"Yang di tunggu🎉",0,,
Ugzwd-biLL-bkfhRnit4AaABAg.A-3fAbHvBDKA-3ftfb17DE,,1,"2024-01-27 08:08:15",@RizkyRiplay,"makasii sudahh nonton yaaa",1,Ugzwd-biLL-bkfhRnit4AaABAg,@UR.Dinoco
Ugwcf8PR1f_hQu4YxK94AaABAg,1,0,"2024-01-27 07:57:43",@arfan1703,"Ambil sisi baiknya buang sisi buruknya 😊",0,,
Ugwcf8PR1f_hQu4YxK94AaABAg.A-3egVIMf6UA-3fshZAum2,,0,"2024-01-27 08:08:07",@RizkyRiplay,"makasii sudah nonton yaaa",1,Ugwcf8PR1f_hQu4YxK94AaABAg,@arfan1703
UgyXq8Iu-BUG4LgRwdl4AaABAg,1,0,"2024-01-27 07:57:20",@babansobandi2485,"😢😢😢😢😢😢😢😢😢😢😢dan confirm 😢",0,,
UgyXq8Iu-BUG4LgRwdl4AaABAg.A-3edjxDei_A-3frtDjwOB,,0,"2024-01-27 08:08:01",@RizkyRiplay,"makasi sudah nonton yaa",1,UgyXq8Iu-BUG4LgRwdl4AaABAg,@babansobandi2485
UgwYqzOGuQjTCCa4B_d4AaABAg,1,0,"2024-01-27 07:46:05",@Kuaro-wn3fi,"Kshn ya tukang kurir",0,,
UgwYqzOGuQjTCCa4B_d4AaABAg.A-3dMICPW0sA-3dmOV6nGR,,0,"2024-01-27 07:49:47",@RizkyRiplay,"kasian banget yaa🥺",1,UgwYqzOGuQjTCCa4B_d4AaABAg,@Kuaro-wn3fi
UgyViirkYQkj8vGgtFN4AaABAg,84,3818,"2024-01-27 07:43:54",@felisaindreswari5877,"pesan moral: 1. jauhi zina 2. jauhi judol bener bener bermanfaat kontennya❤‍🔥",0,,
UgyViirkYQkj8vGgtFN4AaABAg.A-3d6Mn_TxLA-3dFxkGJrN,,401,"2024-01-27 07:45:13",@RizkyRiplay,"yaps benerrr, jauhi narkoba juga yaaa",1,UgyViirkYQkj8vGgtFN4AaABAg,@felisaindreswari5877
UgyViirkYQkj8vGgtFN4AaABAg.A-3d6Mn_TxLA-6KP_Uw-Df,,104,"2024-01-28 08:49:29",@sandakobadara606,"jauhi dia yang menyakitimu",1,UgyViirkYQkj8vGgtFN4AaABAg,@felisaindreswari5877
UgyViirkYQkj8vGgtFN4AaABAg.A-3d6Mn_TxLA-6YyfboCN9,,25,"2024-01-28 10:56:45",@rawitmerah1774,"Salam x500",1,UgyViirkYQkj8vGgtFN4AaABAg,@felisaindreswari5877
UgyViirkYQkj8vGgtFN4AaABAg.A-3d6Mn_TxLA-6aftlFUsl,,29,"2024-01-28 11:20:24",@felisaindreswari5877,"@RizkyRiplay asiyaaap bang",1,UgyViirkYQkj8vGgtFN4AaABAg,@felisaindreswari5877
UgyViirkYQkj8vGgtFN4AaABAg.A-3d6Mn_TxLA-6aimvDA8x,,21,"2024-01-28 11:20:48",@felisaindreswari5877,"@sandakobadara606 dan dekatilah yg menyayangimu🤣",1,UgyViirkYQkj8vGgtFN4AaABAg,@felisaindreswari5877
UgyViirkYQkj8vGgtFN4AaABAg.A-3d6Mn_TxLA-BsQRAYCuY,,4,"2024-01-30 12:31:39",@NurHayati-nd5oz,"Benar Dan Tepat Sekali",1,UgyViirkYQkj8vGgtFN4AaABAg,@felisaindreswari5877
UgyViirkYQkj8vGgtFN4AaABAg.A-3d6Mn_TxLA-BtI-97UVJ,,8,"2024-01-30 12:39:14",@Ah-sudahlah,"​@RizkyRiplay endingnya nyesek banget min 😂 tega lu meng-azab karakter lu smpe gila, buta, buruk rupa pula 😂😂",1,UgyViirkYQkj8vGgtFN4AaABAg,@felisaindreswari5877
UgyViirkYQkj8vGgtFN4AaABAg.A-3d6Mn_TxLA-DiLR0aRu-,,6,"2024-01-31 05:42:04",@nanalife7,"Jauhi maksiat apapun bentuknya karena maksiat merusak diri",1,UgyViirkYQkj8vGgtFN4AaABAg,@felisaindreswari5877
UgyViirkYQkj8vGgtFN4AaABAg.A-3d6Mn_TxLA-Fhx0LXjzJ,,3,"2024-02-01 00:17:04",@farhanboyz9840,"Emang bener tu kalo judi menang di awal kalah di akhir",1,UgyViirkYQkj8vGgtFN4AaABAg,@felisaindreswari5877
UgyViirkYQkj8vGgtFN4AaABAg.A-3d6Mn_TxLA-IycEZ4A3N,,2,"2024-02-02 06:40:30",@Thayoung-o8j,"Slot punya gua gacor 😝😜😛😏",1,UgyViirkYQkj8vGgtFN4AaABAg,@felisaindreswari5877
UgyViirkYQkj8vGgtFN4AaABAg.A-3d6Mn_TxLA-J0XXG0B2g,,0,"2024-02-02 07:05:56",@randyvery8401,"​@Thayoung-o8jgak nanya",1,UgyViirkYQkj8vGgtFN4AaABAg,@felisaindreswari5877
UgyViirkYQkj8vGgtFN4AaABAg.A-3d6Mn_TxLA-RaRtlhHgH,,3,"2024-02-05 15:02:24",@ktparwata303,"mabuk2an boleh gak",1,UgyViirkYQkj8vGgtFN4AaABAg,@felisaindreswari5877
UgyViirkYQkj8vGgtFN4AaABAg.A-3d6Mn_TxLA-U6CO1nm2k,,0,"2024-02-06 14:27:08",@VIRGIAAAAAAA,"Ya gaklah,emng islam ngijinin mabuk mabukan?​@ktparwata303",1,UgyViirkYQkj8vGgtFN4AaABAg,@felisaindreswari5877
UgyViirkYQkj8vGgtFN4AaABAg.A-3d6Mn_TxLA-W2AtgxrBg,,0,"2024-02-07 08:30:27",@Anisa198-l7s,(⁠◍⁠•⁠ᴗ⁠•⁠◍⁠)⁠❤,1,UgyViirkYQkj8vGgtFN4AaABAg,@felisaindreswari5877
UgyViirkYQkj8vGgtFN4AaABAg.A-3d6Mn_TxLA-cAt-YjAsw,,0,"2024-02-10 03:01:12",@franzftyoutube8337,"Apalah cik😂​@sandakobadara606",1,UgyViirkYQkj8vGgtFN4AaABAg,@felisaindreswari5877
UgyViirkYQkj8vGgtFN4AaABAg.A-3d6Mn_TxLA-hkw7x_1Cn,,1,"2024-02-12 07:01:08",@adichaeirilakbar6260,"judol dan pinjol bang",1,UgyViirkYQkj8vGgtFN4AaABAg,@felisaindreswari5877
UgyViirkYQkj8vGgtFN4AaABAg.A-3d6Mn_TxLA-kb77rMCWY,,1,"2024-02-13 09:33:07",@liangsusmawati1701,​@RizkyRiplay?,1,UgyViirkYQkj8vGgtFN4AaABAg,@felisaindreswari5877
UgyViirkYQkj8vGgtFN4AaABAg.A-3d6Mn_TxLA-qW4dD_tY1,,1,"2024-02-15 16:35:48",@MuhRayan-pr8ry,"Bang cara mengingat kan sepupuku yg pacaran gimana gua udah capek bang😢",1,UgyViirkYQkj8vGgtFN4AaABAg,@felisaindreswari5877
UgyViirkYQkj8vGgtFN4AaABAg.A-3d6Mn_TxLA-ryM3jqWfR,,2,"2024-02-16 06:10:49",@AbuAzzam1992,"Tapi dekati janda🗿",1,UgyViirkYQkj8vGgtFN4AaABAg,@felisaindreswari5877
UgyViirkYQkj8vGgtFN4AaABAg.A-3d6Mn_TxLA-s5wGG_kBB,,2,"2024-02-16 07:25:48",@Tikaa_249,Asu,1,UgyViirkYQkj8vGgtFN4AaABAg,@felisaindreswari5877
UgyViirkYQkj8vGgtFN4AaABAg.A-3d6Mn_TxLA00vogMK4Ba,,2,"2024-02-20 03:01:03",@christophermichaelr.g3567,setuju,1,UgyViirkYQkj8vGgtFN4AaABAg,@felisaindreswari5877
UgyViirkYQkj8vGgtFN4AaABAg.A-3d6Mn_TxLA01MxgSINmE,,1,"2024-02-20 07:06:57",@imashadow699,"Dan Jauhi Pekerjaan Yang ""Maksimal 25 Tahun Tapi Harus Ada Pengalaman Kerja 10 Tahun"" Fix Child Labor Itu... Lapor FBI :v",1,UgyViirkYQkj8vGgtFN4AaABAg,@felisaindreswari5877
UgyViirkYQkj8vGgtFN4AaABAg.A-3d6Mn_TxLA01NAUsIgp6,,2,"2024-02-20 07:08:51",@imashadow699,"​@MuhRayan-pr8ry Bro... Gaada Orang Pacaran Yang Berakhir Dengan ""Happy Ending"" PASTI Bakal Berantem... Bakal Saling Egois... Bahkan Bisa Putus ( *Naaah* Pas Bad Ending nya Muncul... Langsung Ingetin ""Kalau Ga Pacaran, GAAKAN Ngerasain Sakit kek Gini"")",1,UgyViirkYQkj8vGgtFN4AaABAg,@felisaindreswari5877
UgyViirkYQkj8vGgtFN4AaABAg.A-3d6Mn_TxLA073EU3epPl,,1,"2024-02-22 12:10:04",@yogspratams,"Klo abis jp trs uang jp nya buat zina gmn ngab",1,UgyViirkYQkj8vGgtFN4AaABAg,@felisaindreswari5877
UgyViirkYQkj8vGgtFN4AaABAg.A-3d6Mn_TxLA08rvETblZk,,1,"2024-02-23 05:00:55",@imashadow699,"@yogspratams Gini... Aksi Judi-nya Aja Udah Dosa Besar, Sekarang Malah Dipake... *Buat Ngelakuin Dosa Yang LEBIH BESAR Lagi* Lu... Lagi Speedrun Masuk Neraka Any% kah 😅?",1,UgyViirkYQkj8vGgtFN4AaABAg,@felisaindreswari5877
UgyViirkYQkj8vGgtFN4AaABAg.A-3d6Mn_TxLA0JjpcCRy6n,,1,"2024-02-27 10:21:54",@wlnkthluv5413,Bener,1,UgyViirkYQkj8vGgtFN4AaABAg,@felisaindreswari5877
UgyViirkYQkj8vGgtFN4AaABAg.A-3d6Mn_TxLA0v4ECiHZMg,,1,"2024-03-13 07:40:02",@fiqishafar5712,"miras dan narkoboi juga",1,UgyViirkYQkj8vGgtFN4AaABAg,@felisaindreswari5877
UgyViirkYQkj8vGgtFN4AaABAg.A-3d6Mn_TxLA1J_cIpK84Q,,2,"2024-03-23 05:24:05",@MRPMGAMING-r6v,ok,1,UgyViirkYQkj8vGgtFN4AaABAg,@felisaindreswari5877
UgyViirkYQkj8vGgtFN4AaABAg.A-3d6Mn_TxLA1zvGZpFJxU,,12,"2024-04-09 01:20:34",@Khoirotunnisa779,"​Karena narkoba hanya akan merusak martabat diri tapi tidak se berbahaya judi si kalau judi kan merusak semua keluarga Karena rela jual istri rela jual apa-apa yang ada di rumah sedangkan narkobanya berdampak pada diri sendiri karena tidak mengorbankan begitu banyak barang",1,UgyViirkYQkj8vGgtFN4AaABAg,@felisaindreswari5877
UgyViirkYQkj8vGgtFN4AaABAg.A-3d6Mn_TxLA2r7FnLYSNZ,,2,"2024-04-30 11:52:17",@toyotaalphard9797,"Jauhi Dia",1,UgyViirkYQkj8vGgtFN4AaABAg,@felisaindreswari5877
UgyViirkYQkj8vGgtFN4AaABAg.A-3d6Mn_TxLA30Dfqcgpia,,0,"2024-05-04 10:00:49",@RediuTy-hc6xq,"porn hub",1,UgyViirkYQkj8vGgtFN4AaABAg,@felisaindreswari5877
UgyViirkYQkj8vGgtFN4AaABAg.A-3d6Mn_TxLA3Rkd6uG9J2,,1,"2024-05-15 02:37:02",@nasrulayuni848,Nasrul,1,UgyViirkYQkj8vGgtFN4AaABAg,@felisaindreswari5877
UgyViirkYQkj8vGgtFN4AaABAg.A-3d6Mn_TxLA48C-7VKXdS,,0,"2024-06-01 08:51:25",@FredianNdon-di1wl,"​@sandakobadara606alay cuih",1,UgyViirkYQkj8vGgtFN4AaABAg,@felisaindreswari5877
UgyViirkYQkj8vGgtFN4AaABAg.A-3d6Mn_TxLA5J775iCkyX,,1,"2024-06-30 11:11:52",@ichal_627,"Gw main slot bg. Tapi online .",1,UgyViirkYQkj8vGgtFN4AaABAg,@felisaindreswari5877
UgyViirkYQkj8vGgtFN4AaABAg.A-3d6Mn_TxLA6Bs1k548QS,,1,"2024-07-22 12:08:02",@rizkikiki2745,"Setelah melihat vidio ini aku jadi semakin takut untuk menikah",1,UgyViirkYQkj8vGgtFN4AaABAg,@felisaindreswari5877
UgyViirkYQkj8vGgtFN4AaABAg.A-3d6Mn_TxLA72HrWe0mUc,,2,"2024-08-12 15:21:25",@Irwannotselect,"Dekati janda 😂​@RizkyRiplay",1,UgyViirkYQkj8vGgtFN4AaABAg,@felisaindreswari5877
UgyViirkYQkj8vGgtFN4AaABAg.A-3d6Mn_TxLA7Z9FBKSXP6,,1,"2024-08-25 09:41:05",@apriliyani1239,"Gue barusan makwin dpt 6jt modal 20rb",1,UgyViirkYQkj8vGgtFN4AaABAg,@felisaindreswari5877
UgyViirkYQkj8vGgtFN4AaABAg.A-3d6Mn_TxLA7hl5BlB_-k,,1,"2024-08-29 03:13:40",@Odette09,"​@sandakobadara606 ini tidak berlaku sama tmn ku 😂",1,UgyViirkYQkj8vGgtFN4AaABAg,@felisaindreswari5877
UgyViirkYQkj8vGgtFN4AaABAg.A-3d6Mn_TxLA87iQLEwi3p,,1,"2024-09-08 14:29:50",@NaqibKamarudin,"mantap bang",1,UgyViirkYQkj8vGgtFN4AaABAg,@felisaindreswari5877
UgyViirkYQkj8vGgtFN4AaABAg.A-3d6Mn_TxLA8Mqj954tAR,,1,"2024-09-14 11:31:03",@AracintagrassNyahh,setuju,1,UgyViirkYQkj8vGgtFN4AaABAg,@felisaindreswari5877
UgyViirkYQkj8vGgtFN4AaABAg.A-3d6Mn_TxLA8OoG2ytnhH,,0,"2024-09-15 05:47:57",@faisalastria5987,"@ktparwata303gak bolehhh",1,UgyViirkYQkj8vGgtFN4AaABAg,@felisaindreswari5877
UgyViirkYQkj8vGgtFN4AaABAg.A-3d6Mn_TxLA9CjYjsAAbf,,1,"2024-10-05 09:47:19",@Adit-i3s,"Dekat kan sholat​@RizkyRiplay",1,UgyViirkYQkj8vGgtFN4AaABAg,@felisaindreswari5877
UgyViirkYQkj8vGgtFN4AaABAg.A-3d6Mn_TxLAAHPcHsWd9g,,2,"2024-11-01 01:52:02",@RizkiNurfalah-it3pd,"Tapi zina nagih katanya😂",1,UgyViirkYQkj8vGgtFN4AaABAg,@felisaindreswari5877
UgyViirkYQkj8vGgtFN4AaABAg.A-3d6Mn_TxLABABO5Qx6XM,,1,"2024-11-23 03:04:20",@benzylacetate,"pesan moral: HP nya jatoh :v",1,UgyViirkYQkj8vGgtFN4AaABAg,@felisaindreswari5877
UgyViirkYQkj8vGgtFN4AaABAg.A-3d6Mn_TxLABejtMdv8d7,,2,"2024-12-05 09:11:02",@trianto_sulta6590,"boleh maling berati ya",1,UgyViirkYQkj8vGgtFN4AaABAg,@felisaindreswari5877
UgyViirkYQkj8vGgtFN4AaABAg.A-3d6Mn_TxLABmShumakL7,,0,"2024-12-08 09:06:06",@lordikhsanv2033,"@RizkiNurfalah-it3pd Oalah zina memang menggoda bos",1,UgyViirkYQkj8vGgtFN4AaABAg,@felisaindreswari5877
UgyViirkYQkj8vGgtFN4AaABAg.A-3d6Mn_TxLABu4tvxnMh6,,2,"2024-12-11 08:11:57",@yeremiadwigamersasli,"...membaca Alkitab",1,UgyViirkYQkj8vGgtFN4AaABAg,@felisaindreswari5877
UgyViirkYQkj8vGgtFN4AaABAg.A-3d6Mn_TxLAD0mGh-NPZZ,,3,"2025-01-08 04:25:45",@expedisipt.sekawanputra6741,"selain judol, ada juga MLM itu juga bahaya godaannya",1,UgyViirkYQkj8vGgtFN4AaABAg,@felisaindreswari5877
UgyViirkYQkj8vGgtFN4AaABAg.A-3d6Mn_TxLAD1NfFSd5Do,,0,"2025-01-08 10:01:17",@AdyJaafat,Gk​@ktparwata303,1,UgyViirkYQkj8vGgtFN4AaABAg,@felisaindreswari5877
UgyViirkYQkj8vGgtFN4AaABAg.A-3d6Mn_TxLAD1xmPr2fQF,,2,"2025-01-08 15:25:35",@yeremiadwigamersasli,"@expedisipt.sekawanputra6741  nah belum tahu kepanjangannya",1,UgyViirkYQkj8vGgtFN4AaABAg,@felisaindreswari5877
UgyViirkYQkj8vGgtFN4AaABAg.A-3d6Mn_TxLADcijdT_aLE,,2,"2025-01-23 07:25:16",@anakdajjal3104,"Jauhi janda😂😂😂😂😂​@RizkyRiplay",1,UgyViirkYQkj8vGgtFN4AaABAg,@felisaindreswari5877
UgyViirkYQkj8vGgtFN4AaABAg.A-3d6Mn_TxLADcim3Ox3ZQ,,2,"2025-01-23 07:25:36",@anakdajjal3104,"Jauhi janda😂😂😂😂",1,UgyViirkYQkj8vGgtFN4AaABAg,@felisaindreswari5877
UgyViirkYQkj8vGgtFN4AaABAg.A-3d6Mn_TxLAEr1k0pPHnS,,2,"2025-02-22 17:20:51",@arifadrianrahman962,"@Thayoung-o8j Udah kaya blm skrg",1,UgyViirkYQkj8vGgtFN4AaABAg,@felisaindreswari5877
UgyViirkYQkj8vGgtFN4AaABAg.A-3d6Mn_TxLAH23fqk_o0m,,0,"2025-04-18 02:31:26",@Rizariza-m6b,"penipuan udh pasti​@farhanboyz9840",1,UgyViirkYQkj8vGgtFN4AaABAg,@felisaindreswari5877
UgyViirkYQkj8vGgtFN4AaABAg.A-3d6Mn_TxLAH7Uz_GIlRs,,2,"2025-04-20 05:06:15",@nasrun163,"Yapss Great banget bang. Jangan minum minuman keras bang",1,UgyViirkYQkj8vGgtFN4AaABAg,@felisaindreswari5877
UgyViirkYQkj8vGgtFN4AaABAg.A-3d6Mn_TxLAH7V9BKA3Tb,,0,"2025-04-20 05:07:42",@nasrun163,"​@ichal_627Astagaa bang Judol bang jangan Judol nanti bisa merugi diri sendiri",1,UgyViirkYQkj8vGgtFN4AaABAg,@felisaindreswari5877
UgyViirkYQkj8vGgtFN4AaABAg.A-3d6Mn_TxLAH7VHK8oKN4,,2,"2025-04-20 05:08:49",@nasrun163,"​@Thayoung-o8jAstaga Sadar nanti rugi sendiri liat aja bang.",1,UgyViirkYQkj8vGgtFN4AaABAg,@felisaindreswari5877
UgyViirkYQkj8vGgtFN4AaABAg.A-3d6Mn_TxLAH7VMMZ-8_t,,2,"2025-04-20 05:09:30",@nasrun163,"​@yeremiadwigamersasliIslam Atau Kristen?",1,UgyViirkYQkj8vGgtFN4AaABAg,@felisaindreswari5877
UgyViirkYQkj8vGgtFN4AaABAg.A-3d6Mn_TxLAHXayFMTCO6,,2,"2025-04-30 08:27:30",@fadzilabdrazak5567,ADMINISTRATIONS,1,UgyViirkYQkj8vGgtFN4AaABAg,@felisaindreswari5877
UgyViirkYQkj8vGgtFN4AaABAg.A-3d6Mn_TxLAJ1u5zpilql,,2,"2025-06-06 18:01:48",@apipnurhidayah3867,"salam max win😂",1,UgyViirkYQkj8vGgtFN4AaABAg,@felisaindreswari5877
UgyViirkYQkj8vGgtFN4AaABAg.A-3d6Mn_TxLAJeCdlElhKl,,2,"2025-06-22 00:22:57",@NadineVeralia,"Iya, aku setuju, makasih infonya💖🤗",1,UgyViirkYQkj8vGgtFN4AaABAg,@felisaindreswari5877
UgyViirkYQkj8vGgtFN4AaABAg.A-3d6Mn_TxLAK7OYsrfEJZ,,2,"2025-07-03 17:44:13",@SATRIO-t9b,"Kalo gw malah suka bikin animasi sendiri trs kita apa2 in kan enak😂​@Ah-sudahlah",1,UgyViirkYQkj8vGgtFN4AaABAg,@felisaindreswari5877
UgyViirkYQkj8vGgtFN4AaABAg.A-3d6Mn_TxLAK7Ob70XBRS,,2,"2025-07-03 17:44:40",@SATRIO-t9b,"Animasi nya bang rizky paling the best sih🎉",1,UgyViirkYQkj8vGgtFN4AaABAg,@felisaindreswari5877
UgyViirkYQkj8vGgtFN4AaABAg.A-3d6Mn_TxLAKdLfFm6bDj,,0,"2025-07-16 12:53:57",@watchinganime8466,"​​@Thayoung-o8jberisik jamet, semua situs jdol itu isinya scam semua, gada yang terpercaya.",1,UgyViirkYQkj8vGgtFN4AaABAg,@felisaindreswari5877
UgyViirkYQkj8vGgtFN4AaABAg.A-3d6Mn_TxLAKdMDmGuKrd,,3,"2025-07-16 12:58:49",@watchinganime8466,"​@ktparwata303ada 2 jawaban 1. kalo kamu beragama 'islam' sih gaboleh 2. gaboleh mabuk sambil berkendara jadi mabuk itu ada etikanya seperti merokok, jadi mesti tau tempat aja sih, kalau ada yg kurang boleh tambahin atau salah mohon koreksi. 🙏",1,UgyViirkYQkj8vGgtFN4AaABAg,@felisaindreswari5877
UgyViirkYQkj8vGgtFN4AaABAg.A-3d6Mn_TxLAKlRGAj8o8A,,2,"2025-07-19 16:16:45",@MegaKartika-k4h,Perkembangan,1,UgyViirkYQkj8vGgtFN4AaABAg,@felisaindreswari5877
UgyViirkYQkj8vGgtFN4AaABAg.A-3d6Mn_TxLAL915IvuUbL,,2,"2025-07-29 05:29:05",@storywa6747,"Jauhi dia yang menyakitimu",1,UgyViirkYQkj8vGgtFN4AaABAg,@felisaindreswari5877
UgyViirkYQkj8vGgtFN4AaABAg.A-3d6Mn_TxLALawLt75mXM,,2,"2025-08-09 10:56:54",@daokochan9618,"1 lagi....sindiran pemerintah buat nyari kerja",1,UgyViirkYQkj8vGgtFN4AaABAg,@felisaindreswari5877
UgyViirkYQkj8vGgtFN4AaABAg.A-3d6Mn_TxLAM31v2znVRq,,2,"2025-08-20 18:12:14",@nining-m1l,"Tp aku zina kak gimana dong😢 dr dlu dosa zina susah dihindari",1,UgyViirkYQkj8vGgtFN4AaABAg,@felisaindreswari5877
UgyViirkYQkj8vGgtFN4AaABAg.A-3d6Mn_TxLAMAIjkuPuGX,,2,"2025-08-23 13:53:56",@AnnisaAlHasanah,😢😢,1,UgyViirkYQkj8vGgtFN4AaABAg,@felisaindreswari5877
UgyViirkYQkj8vGgtFN4AaABAg.A-3d6Mn_TxLAMAr_O32J0P,,2,"2025-08-23 19:07:05",@nining-m1l,​@AnnisaAlHasanah😂😂,1,UgyViirkYQkj8vGgtFN4AaABAg,@felisaindreswari5877
UgyViirkYQkj8vGgtFN4AaABAg.A-3d6Mn_TxLANgZDEqgcaw,,0,"2025-09-30 08:24:14",@sukasukaakulahhhh,"jauhi judol dekati aku 😍",1,UgyViirkYQkj8vGgtFN4AaABAg,@felisaindreswari5877
UgyViirkYQkj8vGgtFN4AaABAg.A-3d6Mn_TxLANmP7RyC6Th,,0,"2025-10-02 14:51:30",@semestamembaca,"sama ngak masuk akan syarat syarat kerjaa",1,UgyViirkYQkj8vGgtFN4AaABAg,@felisaindreswari5877
UgyViirkYQkj8vGgtFN4AaABAg.A-3d6Mn_TxLAO5PeJWYSkC,,0,"2025-10-10 09:20:56",@L4Z0GHOST,"​@RizkyRiplayjauhi juga pergaulan bebas dan juga jauhi hawa nafsu terkadang itu yang membuat hidup seseorang rusak",1,UgyViirkYQkj8vGgtFN4AaABAg,@felisaindreswari5877
UgyViirkYQkj8vGgtFN4AaABAg.A-3d6Mn_TxLARJDXOfKlG5,,0,"2025-12-29 07:38:33",@kellyart-186,"​@nining-m1l 𝘢𝘴𝘵𝘢𝘨𝘩𝘧𝘪𝘳𝘶𝘭𝘭𝘢𝘩 ka cepet tobat",1,UgyViirkYQkj8vGgtFN4AaABAg,@felisaindreswari5877
UgyViirkYQkj8vGgtFN4AaABAg.A-3d6Mn_TxLAUNSzvFMtwa,,0,"2026-03-15 12:44:48",@luasikbanget-g3h,"Dan juga jangan nendang orang tua kadang orang klo minta apa apa ke orang tuanya trs nga di turutih permintaan nya lalu di tendang 🗿",1,UgyViirkYQkj8vGgtFN4AaABAg,@felisaindreswari5877
UgyViirkYQkj8vGgtFN4AaABAg.A-3d6Mn_TxLAUNTm_tszno,,0,"2026-03-15 12:51:43",@kellyart-186,"​@luasikbanget-g3h bang liat komen aye yg laen tak?",1,UgyViirkYQkj8vGgtFN4AaABAg,@felisaindreswari5877
UgyViirkYQkj8vGgtFN4AaABAg.A-3d6Mn_TxLAUUzgy5GoFl,,0,"2026-03-18 10:53:59",@julianhendriano5681,"Jauhi zina susah dah bagaimana caranya untuk menghindarinya?",1,UgyViirkYQkj8vGgtFN4AaABAg,@felisaindreswari5877
UgyViirkYQkj8vGgtFN4AaABAg.A-3d6Mn_TxLAUVCpnFDtm9,,0,"2026-03-18 12:57:32",@kellyart-186,"​@julianhendriano5681waduh kaka gimana ya, mending cari sendiri ka, nanti ya ketemu",1,UgyViirkYQkj8vGgtFN4AaABAg,@felisaindreswari5877
UgyViirkYQkj8vGgtFN4AaABAg.A-3d6Mn_TxLAUnXe0_2mpO,,0,"2026-03-26 01:04:59",@irenk_auth123,"​@RizkyRiplaydan jauhi pinjol juga",1,UgyViirkYQkj8vGgtFN4AaABAg,@felisaindreswari5877
UgyViirkYQkj8vGgtFN4AaABAg.A-3d6Mn_TxLAV-Z5--rAF6,,0,"2026-03-31 02:27:41",@HoohTenan-o4o,"Harusnya dekati lah semuaitu biar punya pengalaman",1,UgyViirkYQkj8vGgtFN4AaABAg,@felisaindreswari5877
UgyViirkYQkj8vGgtFN4AaABAg.A-3d6Mn_TxLAV-mctgU1vf,,0,"2026-03-31 04:34:46",@kellyart-186,"​@HoohTenan-o4o neraka bilek: oh yaudh silakan, liat aja nanti ku hukum kau di sini MUAHAHAHAHAHAHAH, udh kalo mau surga ya lakukan yg baik, aku aja tau yg mana yg gk oleh, btw aku gk sholat jumat gpp kan?",1,UgyViirkYQkj8vGgtFN4AaABAg,@felisaindreswari5877
UgyViirkYQkj8vGgtFN4AaABAg.A-3d6Mn_TxLAVIEKHcsnCq,,0,"2026-04-07 08:31:50",@GojoSatoru-l3e8n,"​@RizkyRiplay ya bang",1,UgyViirkYQkj8vGgtFN4AaABAg,@felisaindreswari5877
UgyViirkYQkj8vGgtFN4AaABAg.A-3d6Mn_TxLAVUQlvuyyaW,,0,"2026-04-12 02:11:29",@Rizkyxgoodxrizkyy,"@RizkyRiplay jauhi istri milik orang juga",1,UgyViirkYQkj8vGgtFN4AaABAg,@felisaindreswari5877
UgwlreQJOXhm90PG8sZ4AaABAg,1,0,"2024-01-27 07:41:38",@FaizCinta-l7y,"Istrinya red flag njirr",0,,
UgwlreQJOXhm90PG8sZ4AaABAg.A-3cqg8WkE9A-3dCosmMgd,,0,"2024-01-27 07:44:47",@RizkyRiplay,"wajar gasiii🥺",1,UgwlreQJOXhm90PG8sZ4AaABAg,@FaizCinta-l7y
UgyOEF_J5_65YbcMFAB4AaABAg,1,0,"2024-01-27 07:40:59",@rismanaza7240,"Bang gak nanya sama Tiko cara cari pacar😁😁😁",0,,
UgyOEF_J5_65YbcMFAB4AaABAg.A-3clx-GVPDA-3dBCwn9TO,,0,"2024-01-27 07:44:34",@RizkyRiplay,woilaaa🤣😭,1,UgyOEF_J5_65YbcMFAB4AaABAg,@rismanaza7240
UgzjigCsQoySOU0EYyd4AaABAg,4,5,"2024-01-27 07:38:58",@vaniavania6730,"Absen 1000 orang tercepat",0,,
UgzjigCsQoySOU0EYyd4AaABAg.A-3cY9M_bxVA-3d86sIY14,,1,"2024-01-27 07:44:09",@RizkyRiplay,"keren makasi yaaa",1,UgzjigCsQoySOU0EYyd4AaABAg,@vaniavania6730
UgzjigCsQoySOU0EYyd4AaABAg.A-3cY9M_bxVA-3e4dU2C-T,,1,"2024-01-27 07:52:25",@vaniavania6730,"Sama - sama kak Rizky",1,UgzjigCsQoySOU0EYyd4AaABAg,@vaniavania6730
UgzjigCsQoySOU0EYyd4AaABAg.A-3cY9M_bxVA0Q-nkq5v61,,0,"2024-02-29 20:45:38",@miabiteamo,"Orang ke 2 setelah admin 😂",1,UgzjigCsQoySOU0EYyd4AaABAg,@vaniavania6730
UgzjigCsQoySOU0EYyd4AaABAg.A-3cY9M_bxVA296Wv9OOGy,,0,"2024-04-13 00:20:04",@chankjr3493,"luar biasa mengispirasi buat anak muda sekarang👊👍",1,UgzjigCsQoySOU0EYyd4AaABAg,@vaniavania6730
Ugzv5VmZFqlmAJQ1ioV4AaABAg,1,0,"2024-01-27 07:37:34",@Oktifriyeni,Indojanuari,0,,
Ugzv5VmZFqlmAJQ1ioV4AaABAg.A-3cNwerTw-A-3d7PJzfAO,,0,"2024-01-27 07:44:03",@RizkyRiplay,"makasii sudah nonton yaa",1,Ugzv5VmZFqlmAJQ1ioV4AaABAg,@Oktifriyeni
UgxXlATdSNN-k420vPN4AaABAg,1,0,"2024-01-27 07:37:10",@JoniRidwan,"😢pas bgt kk rizky cerita ni.... skrng lg marak bgt gk tua gk muda gk ank2 gk cewe gk cwo trtarik game2 online.. smg video kk ni jd berkah y kk bisa mengingatkn smua orng n bisa mngajk jln kbenarn",0,,
UgxXlATdSNN-k420vPN4AaABAg.A-3cKz-TV1bA-3d54Jnvks,,0,"2024-01-27 07:43:44",@RizkyRiplay,"iyaa niii, semoga ada banyak hikmah yang bisa dipetik dari vidoe ini yaa☺️",1,UgxXlATdSNN-k420vPN4AaABAg,@JoniRidwan
UgzlOqkfsRnP1PaYwI14AaABAg,1,0,"2024-01-27 07:35:18",@saorikajami9787,"Kesalahan terbesarnya adalah nikah sebelum siap cuma bisa umbar nafsu aja sama kecanduan judi slot. . . Complit dah. . 😩😩",0,,
UgzlOqkfsRnP1PaYwI14AaABAg.A-3c7GqIkWkA-3d1773cnc,,0,"2024-01-27 07:43:11",@RizkyRiplay,"semoga ada banyak hikmah yang bisa dipetik dari vidoe ini yaa☺️",1,UgzlOqkfsRnP1PaYwI14AaABAg,@saorikajami9787
UgzD-qFgNMIjFvpA87R4AaABAg,1,0,"2024-01-27 07:33:14",@SAYASUKA_SAWIT,"Bapak aku main judi untung gapapa 😁",0,,
UgzD-qFgNMIjFvpA87R4AaABAg.A-3bt9CDYDzA-3cyequ5RA,,0,"2024-01-27 07:42:43",@RizkyRiplay,"prooo banget nii yaa",1,UgzD-qFgNMIjFvpA87R4AaABAg,@SAYASUKA_SAWIT
UgwxGG9Dsf7B4Rlb8d94AaABAg,2,0,"2024-01-27 07:32:39",@Rikhan515,Telat,0,,
UgwxGG9Dsf7B4Rlb8d94AaABAg.A-3bosA95TJA-3cvNtnZzY,,1,"2024-01-27 07:42:16",@RizkyRiplay,"gapapaa makasi sudah nonton uaa",1,UgwxGG9Dsf7B4Rlb8d94AaABAg,@Rikhan515
UgwxGG9Dsf7B4Rlb8d94AaABAg.A-3bosA95TJA-3dB-Z7HFY,,0,"2024-01-27 07:44:32",@Rikhan515,"@RizkyRiplay ya",1,UgwxGG9Dsf7B4Rlb8d94AaABAg,@Rikhan515
UgziXY_pFXqHBNfzOdF4AaABAg,1,0,"2024-01-27 07:29:27",@chidaa.7919,"Kok bisa jatoh barang mahal kek gituu, gregettt",0,,
UgziXY_pFXqHBNfzOdF4AaABAg.A-3bSS6y3hAA-3cuGkYtXX,,0,"2024-01-27 07:42:07",@RizkyRiplay,"hari apes gaada di kalender gaess",1,UgziXY_pFXqHBNfzOdF4AaABAg,@chidaa.7919
UgxA1wKUXcorK10A-cl4AaABAg,2,1,"2024-01-27 07:23:07",@KingLord03,"Kalo mau cari kerja itu liat dulu kualitasnya apakah halal atau haram jangan sampai keluarganya menggunakan uang yang dihasilkan secara haram dari bapaknya",0,,
UgxA1wKUXcorK10A-cl4AaABAg.A-3aj30aPeAA-3cs3BidW8,,1,"2024-01-27 07:41:49",@RizkyRiplay,"semoga ada banyak hikmah yang bisa dipetik dari vidoe ini yaa☺️",1,UgxA1wKUXcorK10A-cl4AaABAg,@KingLord03
UgxA1wKUXcorK10A-cl4AaABAg.A-3aj30aPeAA-3dMynf6YM,,1,"2024-01-27 07:46:11",@KingLord03,"@RizkyRiplay Amin 🤲",1,UgxA1wKUXcorK10A-cl4AaABAg,@KingLord03
UgzTrdDvDL41lggM48d4AaABAg,0,0,"2024-01-27 07:19:14",@hasnianis8654,😢😢,0,,
Ugz9A7oQFsrbQ45M3v54AaABAg,1,0,"2024-01-27 07:17:44",@kahiyangkanesya,"Asekkk bgt nih critanya😊😊😊",0,,
Ugz9A7oQFsrbQ45M3v54AaABAg.A-3a6eRHY2SA-3cq7w06Xl,,0,"2024-01-27 07:41:33",@RizkyRiplay,"yay makasi yaa",1,Ugz9A7oQFsrbQ45M3v54AaABAg,@kahiyangkanesya
UgxFv-3Zsv2809FRRod4AaABAg,1,0,"2024-01-27 07:17:25",@Sandini_games,"Semoga moga rizky riplay mendapatkan 10 juta subscriber",0,,
UgxFv-3Zsv2809FRRod4AaABAg.A-3a4M3haAlA-3cpENeO48,,1,"2024-01-27 07:41:28",@RizkyRiplay,"aamiin makasi doanya yaaa",1,UgxFv-3Zsv2809FRRod4AaABAg,@Sandini_games
Ugx0h6yQfVBDMxr9xY94AaABAg,1,0,"2024-01-27 07:17:09",@SriYono-jq6ff,"kak rizky mana nih konten el silbon nya? udah nunggu lama banget nih buatin dong😢❤",0,,
Ugx0h6yQfVBDMxr9xY94AaABAg.A-3a2Knh7EDA-3coX9QWw6,,0,"2024-01-27 07:41:20",@RizkyRiplay,"makasi idenyaa kita tampung yaaa",1,Ugx0h6yQfVBDMxr9xY94AaABAg,@SriYono-jq6ff
UgyVmmtMSknSrJbPvZ54AaABAg,2,1,"2024-01-27 07:15:32",@AldiIndrawan-sf9fi,"Kak Aku Punya Lagu Chipi Chipi Chapa Chapa Dubi Dubi Daba Daba Magicom Dumi Dumi Bum Bum Bum Bum",0,,
UgyVmmtMSknSrJbPvZ54AaABAg.A-3_rVZQQv7A-3clbXutaw,,1,"2024-01-27 07:40:56",@RizkyRiplay,"wkwwk itu laguu di tiktok yaa",1,UgyVmmtMSknSrJbPvZ54AaABAg,@AldiIndrawan-sf9fi
UgyVmmtMSknSrJbPvZ54AaABAg.A-3_rVZQQv7A-3fJtoqypc,,0,"2024-01-27 08:03:14",@AldiIndrawan-sf9fi,"@RizkyRiplay Bukan",1,UgyVmmtMSknSrJbPvZ54AaABAg,@AldiIndrawan-sf9fi
UgxbD99bckCeItkrcKp4AaABAg,1,0,"2024-01-27 07:15:25",@Fanesa509,"alasan tidak nikah muda seperti ini",0,,
UgxbD99bckCeItkrcKp4AaABAg.A-3_qh6KimLA-3ckLbiGfC,,0,"2024-01-27 07:40:46",@RizkyRiplay,"semoga ada banyak hikmah yang bisa dipetik dari vidoe ini yaa☺️",1,UgxbD99bckCeItkrcKp4AaABAg,@Fanesa509
UgyqSVrl3sc8Y7szAqh4AaABAg,1,0,"2024-01-27 07:15:11",@davilcyank8242,"Kasihan gara2 judi online banyak sengsara, semoga cepat di bratas",0,,
UgyqSVrl3sc8Y7szAqh4AaABAg.A-3_p0d4_6nA-3cjTBPZNr,,0,"2024-01-27 07:40:39",@RizkyRiplay,"semoga ada banyak hikmah yang bisa dipetik dari vidoe ini yaa☺️",1,UgyqSVrl3sc8Y7szAqh4AaABAg,@davilcyank8242
Ugyk_KihH2VS7XwXDj54AaABAg,1,0,"2024-01-27 07:14:33",@AcepASMIR,"6:06 dasar ga tau diri😂",0,,
Ugyk_KihH2VS7XwXDj54AaABAg.A-3_kLUAzKvA-3ciszIcYc,,0,"2024-01-27 07:40:34",@RizkyRiplay,"semoga ada banyak hikmah yang bisa dipetik dari vidoe ini yaa☺️",1,Ugyk_KihH2VS7XwXDj54AaABAg,@AcepASMIR
UgyKRLVjdV-SOuH2GOx4AaABAg,1,1,"2024-01-27 07:14:29",@arlypriseliann,"Semangat bang",0,,
UgyKRLVjdV-SOuH2GOx4AaABAg.A-3_jqge2gwA-3ciFIKL55,,0,"2024-01-27 07:40:29",@RizkyRiplay,"swiap makasi dukungannyaa yaaa",1,UgyKRLVjdV-SOuH2GOx4AaABAg,@arlypriseliann
Ugw8tr3DBNUIE7zOVT14AaABAg,1,0,"2024-01-27 07:12:39",@Ydydyryry,"Bagus bang buat animasi horor atau lucu supaya bagus",0,,
Ugw8tr3DBNUIE7zOVT14AaABAg.A-3_XPR5cFdA-3cgYVlSZb,,0,"2024-01-27 07:40:15",@RizkyRiplay,"staytune yaa kita tayang setiap hari rabu dan sabtuu",1,Ugw8tr3DBNUIE7zOVT14AaABAg,@Ydydyryry
Ugyt1V8LO-zPToG5TiV4AaABAg,2,6,"2024-01-27 07:12:31",@mimiwalon2751,"IstrinyA MINTA DUIT BAE 😢😢😢",0,,
Ugyt1V8LO-zPToG5TiV4AaABAg.A-3_WU6P3nnA-3cdW7rBMF,,4,"2024-01-27 07:39:50",@RizkyRiplay,"buatt masak gaess",1,Ugyt1V8LO-zPToG5TiV4AaABAg,@mimiwalon2751
Ugyt1V8LO-zPToG5TiV4AaABAg.A-3_WU6P3nnAVwlO_M-9nV,,0,"2026-04-23 11:38:22",@nothingisperfectinthisworld,"Selama bukan minta buat beli barang yang ngga di perlukan, ya tidak apa-apa. Lagian itu sudah hak istri meminta di nafkahi. Lagian istrinya ngga pernah minta apa-apa selain kebutuhan rumah tangga. Bahkan istrinya juga bantuin buat jadi buruh cuci buat bantuin suaminya dan bantuin nyari pinjaman.",1,Ugyt1V8LO-zPToG5TiV4AaABAg,@mimiwalon2751
Ugz8HW9o89R7Bj7-Zhh4AaABAg,1,0,"2024-01-27 07:11:12",@r0smmmm,"Bukan bermaksud untuk membela perbuatan yg mencuri kotak amal masjid, tapi itu warga kok gak bisa me maafkan, sementara dia sudah buta dan belum sempat juga ngambil uang nya",0,,
Ugz8HW9o89R7Bj7-Zhh4AaABAg.A-3_MlN5J1uA-3cb962nnD,,0,"2024-01-27 07:39:31",@RizkyRiplay,"semoga ada banyak hikmah yang bisa dipetik dari vidoe ini yaa☺️",1,Ugz8HW9o89R7Bj7-Zhh4AaABAg,@r0smmmm
UgyJiuPdzkUxbEOtlmZ4AaABAg,1,0,"2024-01-27 07:10:33",@AMU_PET,"Keren banget kak Rizky",0,,
UgyJiuPdzkUxbEOtlmZ4AaABAg.A-3_I30_gmTA-3cXC5NHhu,,0,"2024-01-27 07:38:50",@RizkyRiplay,"yay semoga ada banyak hikmah yang bisa dipetik dari vidoe ini yaa☺️",1,UgyJiuPdzkUxbEOtlmZ4AaABAg,@AMU_PET
UgxueLAs7v6w-Hdzc2N4AaABAg,1,0,"2024-01-27 07:04:18",@coco-sf2my,"Cerita in anak kecil di bunuh sodara nya",0,,
UgxueLAs7v6w-Hdzc2N4AaABAg.A-3Z_HAPUEtA-3cU6JShtL,,0,"2024-01-27 07:38:25",@RizkyRiplay,"makasi idenyaa menarik kita tampung yaaa",1,UgxueLAs7v6w-Hdzc2N4AaABAg,@coco-sf2my
UgzRqI05MHbEWEuPDct4AaABAg,1,0,"2024-01-27 07:02:29",@akmalsukanasipadang,"Akhirnya rilis juga 😁",0,,
UgzRqI05MHbEWEuPDct4AaABAg.A-3ZMuxSVgfA-3cSk7cKdZ,,0,"2024-01-27 07:38:14",@RizkyRiplay,"yay makasi sudah nonton yaaa",1,UgzRqI05MHbEWEuPDct4AaABAg,@akmalsukanasipadang
UgyGj1UP9olNmidmJY54AaABAg,3,131,"2024-01-27 07:01:18",@MR1-t4r,"Buat pencari karyawan kadang juga ga ngotak, maksimal 22, 23, pengalaman bidang yang sama 5 tahun, giliran gaji dibawah standar 😂",0,,
UgyGj1UP9olNmidmJY54AaABAg.A-3ZEGB4D7mA-3cReOm8ES,,4,"2024-01-27 07:38:05",@RizkyRiplay,"semoga ada banyak hikmah yang bisa dipetik dari vidoe ini yaa☺️",1,UgyGj1UP9olNmidmJY54AaABAg,@MR1-t4r
UgyGj1UP9olNmidmJY54AaABAg.A-3ZEGB4D7mA2zSQCWFv59,,5,"2024-05-03 17:31:08",@andyirawan8551,"Kadang yg pengalaman aja susah 😁",1,UgyGj1UP9olNmidmJY54AaABAg,@MR1-t4r
UgyGj1UP9olNmidmJY54AaABAg.A-3ZEGB4D7mA35KVfGLCT-,,5,"2024-05-06 09:36:39",@ZainPlayChannel,"Yg ngasih loker gk masuk akal😅 klo minimal 22 atau 23 okelah lah itu maksimal 😅",1,UgyGj1UP9olNmidmJY54AaABAg,@MR1-t4r
Ugzi1izFExSJagBzmBR4AaABAg,1,1,"2024-01-27 07:00:00",@RockieNow2024,"Requestan saya belum dibuat nih cewe jaman sekarang yang mandang fisik cowo ganteng",0,,
Ugzi1izFExSJagBzmBR4AaABAg.A-3Z4nrpst-A-3cO1dbDWZ,,0,"2024-01-27 07:37:35",@RizkyRiplay,"makasi idenyaa kita tampung yaaa",1,Ugzi1izFExSJagBzmBR4AaABAg,@RockieNow2024
UgzLaELiDfwVxh6IMS14AaABAg,1,0,"2024-01-27 06:57:42",@wanderermylife,"Akhirnya kak Rizky upload❤",0,,
UgzLaELiDfwVxh6IMS14AaABAg.A-3YoxHbJLjA-3cMGCx0Zo,,0,"2024-01-27 07:37:20",@RizkyRiplay,"makasii sudah nonton yaaa☺️",1,UgzLaELiDfwVxh6IMS14AaABAg,@wanderermylife
UgyrqzHJbgInO5qb_xR4AaABAg,2,0,"2024-01-27 06:55:27",@tiyaradika9672,"Setau ku yang salah bukan judi x melainkan yang memainkan x",0,,
UgyrqzHJbgInO5qb_xR4AaABAg.A-3YZUpKI2RA-3cLb62c9J,,0,"2024-01-27 07:37:15",@RizkyRiplay,"hmm semoga ada banyak hikmah yang bisa dipetik dari video ini yaaa",1,UgyrqzHJbgInO5qb_xR4AaABAg,@tiyaradika9672
UgyrqzHJbgInO5qb_xR4AaABAg.A-3YZUpKI2RA-3d9TDgZ8Z,,0,"2024-01-27 07:44:20",@tiyaradika9672,"@RizkyRiplay ia bang yang jelas klo sudah WD jgn nafsu gt😃😂",1,UgyrqzHJbgInO5qb_xR4AaABAg,@tiyaradika9672
UgxUui2B9NupcnrbdNp4AaABAg,2,0,"2024-01-27 06:54:21",@bangfahru1142,"😂😂😂 Di akhir video ""semoga judol ini lekas di brantas pemerintah"" 😅😅😅😅 Lah wong judol ja aset pemerintah 🤣🤣🤣🤣",0,,
UgxUui2B9NupcnrbdNp4AaABAg.A-3YRO8knSiA-3cJ1XGqbU,,1,"2024-01-27 07:36:54",@RizkyRiplay,"makasii sudah nonton yaaa☺️",1,UgxUui2B9NupcnrbdNp4AaABAg,@bangfahru1142
UgxUui2B9NupcnrbdNp4AaABAg.A-3YRO8knSiA-3egUnCfQO,,0,"2024-01-27 07:57:43",@bangfahru1142,"@RizkyRiplay tu mah selalu 😁😁 O ya kapan Nex Teke-Teke tour ke Indonesia 😂😂😂😂",1,UgxUui2B9NupcnrbdNp4AaABAg,@bangfahru1142
UgxBLdWiWGsqcr6jmTJ4AaABAg,1,0,"2024-01-27 06:54:12",@adeyuniarsih6161,"Aku keracunan sama eyebrownya, karena aku biasa pake pomade focallure",0,,
UgxBLdWiWGsqcr6jmTJ4AaABAg.A-3YQH7JSAoA-3cHtBV3xt,,0,"2024-01-27 07:36:45",@RizkyRiplay,"wahh keracunan niii😂",1,UgxBLdWiWGsqcr6jmTJ4AaABAg,@adeyuniarsih6161
UgzOHNQv2gkB4y4Tckh4AaABAg,1,0,"2024-01-27 06:53:47",@LoganTheHedgehog637,"Oy bang udah nonton belum dhot design nya",0,,
UgzOHNQv2gkB4y4Tckh4AaABAg.A-3YNHqI616A-3cCCs-hdp,,0,"2024-01-27 07:35:58",@RizkyRiplay,"eps terbarunyaa?",1,UgzOHNQv2gkB4y4Tckh4AaABAg,@LoganTheHedgehog637
Ugxjx8VbZZoPpWgzBT94AaABAg,3,4,"2024-01-27 06:53:38",@masvin_story,"Wihh mantap bang rizky riquest an nya di tanggapi😅🎉",0,,
Ugxjx8VbZZoPpWgzBT94AaABAg.A-3YMAMLpC8A-3c95RAES7,,2,"2024-01-27 07:35:33",@RizkyRiplay,"makasii sudah nonton yaaa☺️",1,Ugxjx8VbZZoPpWgzBT94AaABAg,@masvin_story
Ugxjx8VbZZoPpWgzBT94AaABAg.A-3YMAMLpC8A-3cOAe9VR8,,1,"2024-01-27 07:37:36",@masvin_story,"@RizkyRiplay makasih juga bang sudah menghibur😇",1,Ugxjx8VbZZoPpWgzBT94AaABAg,@masvin_story
Ugxjx8VbZZoPpWgzBT94AaABAg.A-3YMAMLpC8A5S_Y4MmnGH,,1,"2024-07-04 03:22:07",@RikiDarmawan-bn5wf,Mantappppp,1,Ugxjx8VbZZoPpWgzBT94AaABAg,@masvin_story
UgyRGIAFSnblqJhqtb94AaABAg,1,0,"2024-01-27 06:48:35",@Haloaya11,"inilah yang terjadi jika kita buru buru terbawa nafsu...hmmm",0,,
UgyRGIAFSnblqJhqtb94AaABAg.A-3Xm9YXkKnA-3c8U_L1Lw,,0,"2024-01-27 07:35:27",@RizkyRiplay,"iyaps bener bangett, semoga ada banyak hikmah yang bisa dipetik dari video ini yaaa",1,UgyRGIAFSnblqJhqtb94AaABAg,@Haloaya11
Ugy18BtNH6Z_BEiqrdV4AaABAg,1,1,"2024-01-27 06:47:59",@DAVINPERMANA-e8j,"Kak collab sama @klikhoror",0,,
Ugy18BtNH6Z_BEiqrdV4AaABAg.A-3XhmuU6LGA-3buHyzcAG,,0,"2024-01-27 07:33:23",@RizkyRiplay,"makasi sarannyaa yaaaa",1,Ugy18BtNH6Z_BEiqrdV4AaABAg,@DAVINPERMANA-e8j
Ugyjvq8hNIAci2fkht14AaABAg,1,1,"2024-01-27 06:43:34",@Alkalipii,"Kan kmu yng hamilin aku😂😂",0,,
Ugyjvq8hNIAci2fkht14AaABAg.A-3XCNTEjX_A-3bnrQCgvW,,0,"2024-01-27 07:32:30",@RizkyRiplay,"wkwk makasii sudah nonton yaaa☺️",1,Ugyjvq8hNIAci2fkht14AaABAg,@Alkalipii
UgzyiwEjfLyRFf6zBoZ4AaABAg,1,0,"2024-01-27 06:42:07",@AgusRenal-k7d,"Semnagat kk risky riplay.",0,,
UgzyiwEjfLyRFf6zBoZ4AaABAg.A-3X1nzRhhXA-3bl3Acb1-,,0,"2024-01-27 07:32:07",@RizkyRiplay,"swiap makasi dukungannyaa yaaa",1,UgzyiwEjfLyRFf6zBoZ4AaABAg,@AgusRenal-k7d
Ugwr5BJPf5YKlIlExtx4AaABAg,1,1,"2024-01-27 06:39:22",@salihatofficial,"rajin - rajin upload lah min, sehari 1 kali gue support... keren alurnya susah di tebak, gak kaya di tempat laen yang alurnya udah pasti ketebak... kalau disini kadang plot tuwis bangett...",0,,
Ugwr5BJPf5YKlIlExtx4AaABAg.A-3WieY4RHxA-3bjfXXJ1d,,0,"2024-01-27 07:31:56",@RizkyRiplay,"staytune yaa kita tayang setiap hari rabu dan sabtuu",1,Ugwr5BJPf5YKlIlExtx4AaABAg,@salihatofficial
UgzraRBkrB1qWI1y6_l4AaABAg,1,0,"2024-01-27 06:38:42",@rasyairel5537,"Lagi makan seblak hujan2 sambil nonton video Rizky riplay",0,,
UgzraRBkrB1qWI1y6_l4AaABAg.A-3Wdp51bMsA-3bhCGwoh8,,1,"2024-01-27 07:31:36",@RizkyRiplay,"wihh mwantappp bangett",1,UgzraRBkrB1qWI1y6_l4AaABAg,@rasyairel5537
UgymXUhH-D8-gQ6kPRp4AaABAg,2,1,"2024-01-27 06:37:11",@REZACREATORLIVE,"Like 👍👍👍",0,,
UgymXUhH-D8-gQ6kPRp4AaABAg.A-3WTfNrODvA-3aNCxGgnv,,1,"2024-01-27 07:20:00",@RizkyRiplay,"makasii sudah nonton yaaa☺️",1,UgymXUhH-D8-gQ6kPRp4AaABAg,@REZACREATORLIVE
UgymXUhH-D8-gQ6kPRp4AaABAg.A-3WTfNrODvA-3gLtIhIG8,,1,"2024-01-27 08:12:14",@REZACREATORLIVE,"@RizkyRiplay YOUTUBE CUMA BISA NANA SUBSCRIBE LIKE KOMENTAR SHARE",1,UgymXUhH-D8-gQ6kPRp4AaABAg,@REZACREATORLIVE
UgwsGywbvWiy3377eEB4AaABAg,2,1,"2024-01-27 06:36:25",@akunml-pz5df,"Bang Rizki bikin vt orang yg lagi viral yg bunuh ponakan nya",0,,
UgwsGywbvWiy3377eEB4AaABAg.A-3WO-5rASTA-3XJJGaZ0g,,0,"2024-01-27 06:44:31",@akunml-pz5df,"Yg kepalanya sampai di potong",1,UgwsGywbvWiy3377eEB4AaABAg,@akunml-pz5df
UgwsGywbvWiy3377eEB4AaABAg.A-3WO-5rASTA-3aKm9PfYg,,0,"2024-01-27 07:19:40",@RizkyRiplay,"makasi idenyaa menarik kita tampung yaaa",1,UgwsGywbvWiy3377eEB4AaABAg,@akunml-pz5df
UgzawKhwh0a-OoZ3aPB4AaABAg,1,2,"2024-01-27 06:36:18",@Loveindonesia-qv2yo8ed4n,"Amanat dari vidio ini jagan pacaran ketika sekolah mencari pacar kalo udah mapan dan janganlah berjudi berjudi merugikan dirisendiri",0,,
UgzawKhwh0a-OoZ3aPB4AaABAg.A-3WN8TS2pmA-3aI7nN24b,,0,"2024-01-27 07:19:18",@RizkyRiplay,"semoga ada banyak hikmah yang bisa dipetik dari video ibi yaaa",1,UgzawKhwh0a-OoZ3aPB4AaABAg,@Loveindonesia-qv2yo8ed4n
UgxVomXXEMyM3ze_3-x4AaABAg,1,2,"2024-01-27 06:36:12",@Adelia09102,"Semangat konten nya BG rizkyy",0,,
UgxVomXXEMyM3ze_3-x4AaABAg.A-3WMVwkMqCA-3aGQ4xggY,,1,"2024-01-27 07:19:04",@RizkyRiplay,"swiap makasi dukungannyaa yaaa",1,UgxVomXXEMyM3ze_3-x4AaABAg,@Adelia09102
UgzhEd4loAeKiX8emfl4AaABAg,1,0,"2024-01-27 06:36:04",@putriwulandarip9134,PEMBELAJARAN...,0,,
UgzhEd4loAeKiX8emfl4AaABAg.A-3WLVtA2WzA-3aF5vzaK6,,0,"2024-01-27 07:18:53",@RizkyRiplay,"ambil baiknya jadiin pelajaran buruknyaa yaaaa",1,UgzhEd4loAeKiX8emfl4AaABAg,@putriwulandarip9134
UgyqizrlYxfSE8kTVj94AaABAg,1,0,"2024-01-27 06:35:53",@Cinilands,"Video yang ada di channel ini selalu the best, maaf baru nonton sekarang, baru pulang sekolah tadi hehe 😅 semangat 🔥🎉",0,,
UgyqizrlYxfSE8kTVj94AaABAg.A-3WK6LLAI4A-3aDlkw9h6,,0,"2024-01-27 07:18:42",@RizkyRiplay,"swiap makasii dukungannyaa yaa",1,UgyqizrlYxfSE8kTVj94AaABAg,@Cinilands
UgwAheULG2BM9W0spUt4AaABAg,1,0,"2024-01-27 06:35:44",@SAIKI_IS_BACK,"11:53 😂😂😂 lucu",0,,
UgwAheULG2BM9W0spUt4AaABAg.A-3WJ-I3khzA-3aCl8Rsd9,,0,"2024-01-27 07:18:34",@RizkyRiplay,"hehe kilas komediii",1,UgwAheULG2BM9W0spUt4AaABAg,@SAIKI_IS_BACK
UgzhXznoj9jMV8Xpkpl4AaABAg,1,0,"2024-01-27 06:34:07",@wymozz2467,"Ku kira ga bakal upload sebelum pulang dari Hongkong",0,,
UgzhXznoj9jMV8Xpkpl4AaABAg.A-3W7D30AP2A-3aBb-2RCi,,1,"2024-01-27 07:18:24",@RizkyRiplay,"hehehehe upload dongg nanti kamu nungguinn",1,UgzhXznoj9jMV8Xpkpl4AaABAg,@wymozz2467
UgwXe62ryO9EgPaNVMh4AaABAg,1,0,"2024-01-27 06:33:20",@comotbooleh,"Semangat bang Rizky",0,,
UgwXe62ryO9EgPaNVMh4AaABAg.A-3W1SYY37sA-3a9wEx_YU,,0,"2024-01-27 07:18:11",@RizkyRiplay,"swiap makasii dukungannyaa yaaa",1,UgwXe62ryO9EgPaNVMh4AaABAg,@comotbooleh
Ugygqpsawxe_cqEsgtN4AaABAg,1,1,"2024-01-27 06:33:13",@miaqiqi95,"Makan siang sambil lihat rizky riplay mantap. Lanjut horor komedi bang",0,,
Ugygqpsawxe_cqEsgtN4AaABAg.A-3W0Yz3MdVA-3a94VZOp1,,1,"2024-01-27 07:18:04",@RizkyRiplay,"staytube yaa kita tayang setiap hari rabu dan sabtuu",1,Ugygqpsawxe_cqEsgtN4AaABAg,@miaqiqi95
Ugw-MeIl5LRmVI0tQB54AaABAg,0,0,"2024-01-27 06:29:45",@hanamasruroh7892,"Zain 👻👍🏻👍🏻",0,,
UgyiWWn1eZdhss3x4Fl4AaABAg,1,0,"2024-01-27 06:29:32",@resianarahayu7572,Stress,0,,
UgyiWWn1eZdhss3x4Fl4AaABAg.A-3Vad4Jy5QA-3a7AXfjo3,,0,"2024-01-27 07:17:48",@RizkyRiplay,"makasii sudah nonton yaaa",1,UgyiWWn1eZdhss3x4Fl4AaABAg,@resianarahayu7572
Ugw9KQOLbjOyBna9jL94AaABAg,1,1,"2024-01-27 06:28:38",@relaxingmusix-y5j,"yey animasi baru",0,,
Ugw9KQOLbjOyBna9jL94AaABAg.A-3VV0dGFIpA-3a6SdXH9q,,0,"2024-01-27 07:17:42",@RizkyRiplay,"makasii sudah nonton yaaa☺️",1,Ugw9KQOLbjOyBna9jL94AaABAg,@relaxingmusix-y5j
Ugx_gSdO7vrilmD6XfN4AaABAg,2,0,"2024-01-27 06:26:20",@CahyaCahya-ib2vq,"Gmn cara mengingatkn kakak ipar saya lagi seneng slot mskipun taruhan kecil kadang menang kdang kalah,mau ngasih tau kakak q taktnya tersinggung ksihan kalau smpai terjebak jdi ketagihan dan taruhane tmbh bnyak",0,,
Ugx_gSdO7vrilmD6XfN4AaABAg.A-3VEAVHd8xA-3a4rUAosH,,0,"2024-01-27 07:17:29",@RizkyRiplay,"kasih tontonn video ini azaa gaesss",1,Ugx_gSdO7vrilmD6XfN4AaABAg,@CahyaCahya-ib2vq
Ugx_gSdO7vrilmD6XfN4AaABAg.A-3VEAVHd8xA-43RkwHCsH,,0,"2024-01-27 11:42:46",@CahyaCahya-ib2vq,"@RizkyRiplay nanti dia tersinggung bang",1,Ugx_gSdO7vrilmD6XfN4AaABAg,@CahyaCahya-ib2vq
Ugx7efAt5W1O8OIEeXt4AaABAg,0,0,"2024-01-27 06:26:20",@alfialfares2362,"Pemikiran orang bermain judi adalah mudahnya dapat uang dan kalau kita kalah banyak bakal ujung*nya bundir nipu dan minjam ke mana* dan orang yg berjudi tidak pernah bersyukur dan ingin nya berlebih... Bg rizki ada kah 100 wkwk",0,,
UgwtmwSK9PXdRgWhJqt4AaABAg,1,0,"2024-01-27 06:25:21",@septianramadhan8504,"bang maaf ya aku telat soalnya orang tua ku lagi rapat disekolah ku 😅",0,,
UgwtmwSK9PXdRgWhJqt4AaABAg.A-3V6vO2eFZA-3_xrsRbXA,,0,"2024-01-27 07:16:24",@RizkyRiplay,"gapapaaa makasii sudah nonton yaaa",1,UgwtmwSK9PXdRgWhJqt4AaABAg,@septianramadhan8504
UgxTjV75ZHgBAJKUw0N4AaABAg,1,0,"2024-01-27 06:22:24",@RoniFebrian-sy2pw,"Menghibur dunia memang di selimuti judi..😂",0,,
UgxTjV75ZHgBAJKUw0N4AaABAg.A-3UmRqnFCZA-3_wyvD07a,,0,"2024-01-27 07:16:16",@RizkyRiplay,"jangan ditiruu yaa gaes",1,UgxTjV75ZHgBAJKUw0N4AaABAg,@RoniFebrian-sy2pw
UgzypfGSM_fmYWhx3uF4AaABAg,1,0,"2024-01-27 06:21:47",@RafkaLpg-b8g,"Di mn2 judi itu gak bisa bikin kaya TPI mlh bikin sengsara yang ada harta ludes di meja judi pesen tu yang suka judi 😂😂😂😂",0,,
UgzypfGSM_fmYWhx3uF4AaABAg.A-3UhqrhDPVA-3_vmPUXUR,,0,"2024-01-27 07:16:07",@RizkyRiplay,"yaps bener bangettt gaess",1,UgzypfGSM_fmYWhx3uF4AaABAg,@RafkaLpg-b8g
UgzRAS6AId8xe7ms-eN4AaABAg,1,0,"2024-01-27 06:21:36",@ubay_lucki2513,"Padahal kalo udaa menang 1 kalii,bisa di pake modal usahaa duitnya",0,,
UgzRAS6AId8xe7ms-eN4AaABAg.A-3UgV06v89A-3_udRWa-s,,0,"2024-01-27 07:15:57",@RizkyRiplay,"namanyaa manusia sekali dapat mau teruss",1,UgzRAS6AId8xe7ms-eN4AaABAg,@ubay_lucki2513
UgzL2Iyo1mY2SA5FtdV4AaABAg,2,0,"2024-01-27 06:21:19",@selvinameiliani1299,Hadirrrr,0,,
UgzL2Iyo1mY2SA5FtdV4AaABAg.A-3UeV1NK6qA-3_szjWnTo,,1,"2024-01-27 07:15:44",@RizkyRiplay,"haii makasi sudah nonton yaaa",1,UgzL2Iyo1mY2SA5FtdV4AaABAg,@selvinameiliani1299
UgzL2Iyo1mY2SA5FtdV4AaABAg.A-3UeV1NK6qA-4DdMCLKH6,,0,"2024-01-27 13:11:52",@selvinameiliani1299,"Selalu mah klo itu...",1,UgzL2Iyo1mY2SA5FtdV4AaABAg,@selvinameiliani1299
UgyeWiNwlJ0SxuuGVHh4AaABAg,1,0,"2024-01-27 06:20:35",@refdarmayanti5561,"Serasa curhat nnton vidio ini😢",0,,
UgyeWiNwlJ0SxuuGVHh4AaABAg.A-3U_4a4AlCA-3_qydv0qb,,0,"2024-01-27 07:15:27",@RizkyRiplay,"semangat yaa buat kamuu",1,UgyeWiNwlJ0SxuuGVHh4AaABAg,@refdarmayanti5561
UgzlATqaxL1nWA3yect4AaABAg,1,0,"2024-01-27 06:19:31",@nadyaalanaumil,"anaknya gede bgt",0,,
UgzlATqaxL1nWA3yect4AaABAg.A-3USE2qfDGA-3_lae6Ifb,,0,"2024-01-27 07:14:43",@RizkyRiplay,"wkwk masa sii😂",1,UgzlATqaxL1nWA3yect4AaABAg,@nadyaalanaumil
UgxbK5cbNAQO_A7_kfh4AaABAg,2,0,"2024-01-27 06:18:43",@IlhamSopiyan-hn7my,"Akhirnyaa yang di tunggu"" sudah tayang semangat teruss ka rizky semoga sehat selalu🥰🥳🤩",0,,
UgxbK5cbNAQO_A7_kfh4AaABAg.A-3UMNdxiW9A-3_keyNWRK,,0,"2024-01-27 07:14:36",@RizkyRiplay,"aamiin makasi doa dan dukungannyaa yaaa",1,UgxbK5cbNAQO_A7_kfh4AaABAg,@IlhamSopiyan-hn7my
UgxbK5cbNAQO_A7_kfh4AaABAg.A-3UMNdxiW9A-3aldJ0Ca1,,0,"2024-01-27 07:23:28",@IlhamSopiyan-hn7my,"@RizkyRiplay .. sama-sama kak rizky💪😇",1,UgxbK5cbNAQO_A7_kfh4AaABAg,@IlhamSopiyan-hn7my
UgzOgnxCc2K_xqdyL_x4AaABAg,2,2,"2024-01-27 06:17:13",@Apelindo105,"1:51 wow pertama kali saya lihat Rizky berbagi🗿udah sembuh kah penyakit pelitnya 🗿",0,,
UgzOgnxCc2K_xqdyL_x4AaABAg.A-3UBTMaHZdA-3_hhukAIy,,0,"2024-01-27 07:14:11",@RizkyRiplay,"wkwkw haiss masa pelit muluu🤣",1,UgzOgnxCc2K_xqdyL_x4AaABAg,@Apelindo105
UgzOgnxCc2K_xqdyL_x4AaABAg.A-3UBTMaHZdA9u7zqx7apw,,1,"2024-10-22 15:36:11",@ghoibofficialreborn,"​@RizkyRiplaywkwkwkwkkk....biasanya gtu kan😂",1,UgzOgnxCc2K_xqdyL_x4AaABAg,@Apelindo105
Ugy2AlroLngC3zaaroh4AaABAg,2,0,"2024-01-27 06:15:14",@zynnxofficial99,"Judol teros, yg bener ajeeee? Rudi dong. Stop NGESLOT ygy. Semangat mas Rizkyy😊",0,,
Ugy2AlroLngC3zaaroh4AaABAg.A-3Txv_EleXA-3_g_m39Lu,,1,"2024-01-27 07:14:02",@RizkyRiplay,"wkwk makasii dukungannyaa yaaa",1,Ugy2AlroLngC3zaaroh4AaABAg,@zynnxofficial99
Ugy2AlroLngC3zaaroh4AaABAg.A-3Txv_EleXA-4tBsurhe7,,0,"2024-01-27 19:23:43",@zynnxofficial99,"@RizkyRiplay siap mas",1,Ugy2AlroLngC3zaaroh4AaABAg,@zynnxofficial99
UgwnvRv_bN8vIr1zITh4AaABAg,2,0,"2024-01-27 06:11:25",@RHMT_DZ,"Hebat kak rizy dari aceh ni",0,,
UgwnvRv_bN8vIr1zITh4AaABAg.A-3TWvwK_NYA-3TYYNIA-B,,1,"2024-01-27 06:11:38",@RHMT_DZ,"Rizky salah ketik kak",1,UgwnvRv_bN8vIr1zITh4AaABAg,@RHMT_DZ
UgwnvRv_bN8vIr1zITh4AaABAg.A-3TWvwK_NYA-3djhKLMCp,,1,"2024-01-27 07:49:25",@RizkyRiplay,"yay makasi yaa",1,UgwnvRv_bN8vIr1zITh4AaABAg,@RHMT_DZ
UgzUe0iGK8lHB_LMjWx4AaABAg,1,0,"2024-01-27 06:10:34",@yogisundawati2367,"Kemana aja bang baru nongol lagi",0,,
UgzUe0iGK8lHB_LMjWx4AaABAg.A-3TQkUnP9PA-3dip6oa4J,,0,"2024-01-27 07:49:18",@RizkyRiplay,"healing hehe",1,UgzUe0iGK8lHB_LMjWx4AaABAg,@yogisundawati2367
UgwQC6_RqBjiZM9QD1l4AaABAg,1,0,"2024-01-27 06:10:13",@Iqballp,"Penonton setia tapi jarang komen dan telat terus😅",0,,
UgwQC6_RqBjiZM9QD1l4AaABAg.A-3TO8WwIEWA-3diB3dDsb,,0,"2024-01-27 07:49:12",@RizkyRiplay,"gapapaa makasii sudah nonton yaa",1,UgwQC6_RqBjiZM9QD1l4AaABAg,@Iqballp
UgwWbsAzN6HlP3PtMFR4AaABAg,1,0,"2024-01-27 06:08:24",@milkyymoon2330,"sumpah ni kreator ramah bgt bjir tiap ada yg komen pasti dibales the real punya subs gede tapi gk sombong🫠🤩",0,,
UgwWbsAzN6HlP3PtMFR4AaABAg.A-3TAnnzqPAA-3dgT1Vq9H,,1,"2024-01-27 07:48:58",@RizkyRiplay,"alhamdulillah hehe😁kalau sempet pasti aku balas kokk",1,UgwWbsAzN6HlP3PtMFR4AaABAg,@milkyymoon2330
Ugy8CkkG4vqIVcLhHuB4AaABAg,1,0,"2024-01-27 06:07:52",@storyulvianah,"Berat sekali hukuman pasangan yang melakukan hubungan haram, hidupnya disusahkan😂",0,,
Ugy8CkkG4vqIVcLhHuB4AaABAg.A-3T6xzu4bvA-3deBtZwP1,,0,"2024-01-27 07:48:40",@RizkyRiplay,"iyaa bener bangett, ujiannyaa besarr",1,Ugy8CkkG4vqIVcLhHuB4AaABAg,@storyulvianah
Ugy6ocjA1Ny5auDcRkt4AaABAg,2,0,"2024-01-27 06:05:20",@KesyaVanneshaputri-l1q,"Ceritanya mirip banget kaya tetangga ku...sampai sampai 1 keluarga di tangkap gara"" maling",0,,
Ugy6ocjA1Ny5auDcRkt4AaABAg.A-3SpNfxhgPA-3dcpN8GdQ,,0,"2024-01-27 07:48:29",@RizkyRiplay,"seriusan? terus gimana tuh?",1,Ugy6ocjA1Ny5auDcRkt4AaABAg,@KesyaVanneshaputri-l1q
Ugy6ocjA1Ny5auDcRkt4AaABAg.A-3SpNfxhgPA-3fp8fNqx-,,0,"2024-01-27 08:07:38",@KesyaVanneshaputri-l1q,"Iya serius...asalnya Palembang awal mula sh kerja kurir shoppe terus lama kelamaan sejak kenal judol Ampe tergila gila 1 keluarga ya gra"" kecanduan main slot smpe smpe maling motor buat di gadai ya 1 keluarga di penjara sampe sekarang",1,Ugy6ocjA1Ny5auDcRkt4AaABAg,@KesyaVanneshaputri-l1q
Ugx1JB1hN97tPT4i8_t4AaABAg,1,0,"2024-01-27 06:02:17",@indhayuu35,"sering banget liat game"" gtu lewat di reel fb",0,,
Ugx1JB1hN97tPT4i8_t4AaABAg.A-3STzq8VNTA-3dbL2Ja2X,,0,"2024-01-27 07:48:16",@RizkyRiplay,"jangannn dimaininn yaaa",1,Ugx1JB1hN97tPT4i8_t4AaABAg,@indhayuu35
UgwrvZmNT93sw9vjDnd4AaABAg,1,1,"2024-01-27 06:01:14",@Xyzaaap,"4 jam yg lalu 😢",0,,
UgwrvZmNT93sw9vjDnd4AaABAg.A-3SMQ7UdkPA-3d_znkkH-,,0,"2024-01-27 07:48:05",@RizkyRiplay,"makasii sudah nonton yaaa",1,UgwrvZmNT93sw9vjDnd4AaABAg,@Xyzaaap
Ugx6aE7oPC_va0w1PLN4AaABAg,1,0,"2024-01-27 05:57:50",@editornakalofficial8304,"SUARANYA KAYAK KENAL MAS SELEB🙄😂😁",0,,
Ugx6aE7oPC_va0w1PLN4AaABAg.A-3RyVknbuIA-3dYRGu9fb,,0,"2024-01-27 07:47:44",@RizkyRiplay,"ms seleb siapa tuu",1,Ugx6aE7oPC_va0w1PLN4AaABAg,@editornakalofficial8304
UgwVk3L10A9Xkhzlnol4AaABAg,2,0,"2024-01-27 05:53:59",@ibusumiati1723,"Cirebon Timur hadir.. M'f telat bnyk,tpi ttp setia nnton.Sehat,bahagia serta sukses slalu ya bng Rizky beserta team..❤❤❤",0,,
UgwVk3L10A9Xkhzlnol4AaABAg.A-3RXCNwnZyA-3dSpYpbt-,,1,"2024-01-27 07:46:59",@RizkyRiplay,"aamiin makasiii doanyaa yaa kamu juga sehat selaluu",1,UgwVk3L10A9Xkhzlnol4AaABAg,@ibusumiati1723
UgwVk3L10A9Xkhzlnol4AaABAg.A-3RXCNwnZyA-3eZe5Gtui,,0,"2024-01-27 07:56:39",@ibusumiati1723,"@RizkyRiplay Sama² bng..Aamiin mksh jufa doa ya bng & mksh juga udh bls komenan dri saya.",1,UgwVk3L10A9Xkhzlnol4AaABAg,@ibusumiati1723
UgwNORTpbmWnrroVXhR4AaABAg,0,0,"2024-01-27 05:53:24",@shafiradwini8657,🤍,0,,
UgyZnpdB8vvi7bnCFO54AaABAg,2,2,"2024-01-27 05:51:28",@mifthaliarasyahputri3731,"Akhirnya up juga😊",0,,
UgyZnpdB8vvi7bnCFO54AaABAg.A-3REsCUh5wA-3dPsFIakx,,1,"2024-01-27 07:46:34",@RizkyRiplay,"makasii sudah nonton yaaa",1,UgyZnpdB8vvi7bnCFO54AaABAg,@mifthaliarasyahputri3731
UgyZnpdB8vvi7bnCFO54AaABAg.A-3REsCUh5wA-3duh_yXWJ,,1,"2024-01-27 07:50:55",@mifthaliarasyahputri3731,"@RizkyRiplay iya kak sama sama😊",1,UgyZnpdB8vvi7bnCFO54AaABAg,@mifthaliarasyahputri3731
Ugww_gnVCCINxLzsmUZ4AaABAg,1,1,"2024-01-27 05:48:37",@jatiforesta6999,"Next bikin animasi Azab",0,,
Ugww_gnVCCINxLzsmUZ4AaABAg.A-3QutuOcqhA-3dNUzBIB4,,0,"2024-01-27 07:46:15",@RizkyRiplay,"staytune yaa kita tayang setiap hari rabu dan sabtuu",1,Ugww_gnVCCINxLzsmUZ4AaABAg,@jatiforesta6999
UgyixyHLE2kLLe9pwvN4AaABAg,2,0,"2024-01-27 05:46:25",@Febykhairina_official,"Bang rizky kalau perlu pinjol juga di berantas bang.soalnya meresahkan.banyak yg bundir krn terlilit hutang pinjol😅😅😅",0,,
UgyixyHLE2kLLe9pwvN4AaABAg.A-3Qen81pytA-3dKv4i8oB,,0,"2024-01-27 07:45:54",@RizkyRiplay,"makasi idenyaa kita tampung yaa",1,UgyixyHLE2kLLe9pwvN4AaABAg,@Febykhairina_official
UgyixyHLE2kLLe9pwvN4AaABAg.A-3Qen81pytA-45NWE3dQl,,0,"2024-01-27 11:59:39",@Febykhairina_official,"Oke bang rizky",1,UgyixyHLE2kLLe9pwvN4AaABAg,@Febykhairina_official
Ugy9S7Tg49ajEeVUQwJ4AaABAg,1,0,"2024-01-27 05:45:51",@AndiraIntari,"Hai kak, walaupun kita butuh banget uang kita harus usaha bukanya ngejudi di agama islam judi itu haram dan bikin orang ketagihan dan orangnya malah gk punya apa apa orangnya manjadi gila",0,,
Ugy9S7Tg49ajEeVUQwJ4AaABAg.A-3QajouxLCA-3dJ65dJ2B,,0,"2024-01-27 07:45:39",@RizkyRiplay,"yaps benerr, semoga ada banyak hikmah yang bisa dipetik dari vidoe ini yaa☺️",1,Ugy9S7Tg49ajEeVUQwJ4AaABAg,@AndiraIntari
UgzHNDTeVfJWmZo8yVN4AaABAg,2,6,"2024-01-27 05:44:53",@NurHayati-nd5oz,"Assalamualaikum kak rizky dan penonton kak @Rizky Riplay, saya ingin memberi tahu, karena video ini mengajarkan bahwa kita harus bekerja keras sesusah apapun kamu, berusahalah. Menyerah adalah kegagalan terbesar daripada harta. Diambil baiknya, dan dibuang buruknya ya penonton/sobat @Rizky Riplay. Terima kasih channel @Rizky Riplay",0,,
UgzHNDTeVfJWmZo8yVN4AaABAg.A-3QUaobUi4A-4SH1wZXYr,,2,"2024-01-27 15:19:45",@RizkyRiplay,"waalaikumsalam, semoga ada banyak hikmah yang bisa dipetik dari vidoe ini yaa☺️",1,UgzHNDTeVfJWmZo8yVN4AaABAg,@NurHayati-nd5oz
UgzHNDTeVfJWmZo8yVN4AaABAg.A-3QUaobUi4A-5_3SUQ0FM,,1,"2024-01-28 01:47:02",@NurHayati-nd5oz,"Ya benar kak rizky",1,UgzHNDTeVfJWmZo8yVN4AaABAg,@NurHayati-nd5oz
Ugwctgv2IMi6mEQUQql4AaABAg,1,12,"2024-01-27 05:43:34",@lyly_vcha,"gk pernah ngebosenin dehhhhhh soalnya bagus² terus animasinya oh ya bang rizky semangat ya janlup jaga kesehatan musim sakit skrg😊😊",0,,
Ugwctgv2IMi6mEQUQql4AaABAg.A-3QL-0tX8gA-4SG4aS5Es,,1,"2024-01-27 15:19:37",@RizkyRiplay,"siapp kamu juga jaga kesehatan yaaa",1,Ugwctgv2IMi6mEQUQql4AaABAg,@lyly_vcha
Ugw4m105fSRlsOAZQIt4AaABAg,2,0,"2024-01-27 05:42:35",@ontorejowibisono5592,"Kak Rizky, coba bikinin cerita tentang anak yang sering dibully di sekolahnya, dan anak yang dibully itu membalas dendamnya, tetapi dia tidak jadi membalas dendam karena orang tuanya meninggal tiba-tiba, dan dia mogok sekolah 2 minggu, lalu pembully nya hancurin HP anak yang dibully tadi, anak itu menangis karena isi HP itu ada foto foto kenangan orang tuanya, lalu pembully itu menyesal dan meminta maaf, lalu anak yang dibully itu meninju pipi pembully yang meminta maaf itu, pembully itu kesal dan membully dia kembali",0,,
Ugw4m105fSRlsOAZQIt4AaABAg.A-3QDjJOUPsA-4SF-5xkdd,,0,"2024-01-27 15:19:28",@RizkyRiplay,"ujung ujungnyaa dia dibully lagii😭kasian bangett😭😭 makasi yaa idenyaa",1,Ugw4m105fSRlsOAZQIt4AaABAg,@ontorejowibisono5592
Ugw4m105fSRlsOAZQIt4AaABAg.A-3QDjJOUPsA-6_yTqTxih,,0,"2024-01-28 11:14:12",@ontorejowibisono5592,"@RizkyRiplay oke kak Rizky",1,Ugw4m105fSRlsOAZQIt4AaABAg,@ontorejowibisono5592
UgyOx4du-Coi4Dxp4wp4AaABAg,1,0,"2024-01-27 05:41:03",@crazymax-jh5js,"Intinya kalo belum siap bertanggung jawab jgn main gituan sama pacar ato lebih baik ngak pacaran aja karena pacaran itu sama dengan zina secara terang2 an didepan. Allah swt dan dosa nya harus dipertanggung jawabkan di depan allah swt saat kiamat",0,,
UgyOx4du-Coi4Dxp4wp4AaABAg.A-3Q2YPNTl0A-4SOcno6Ic,,0,"2024-01-27 15:20:47",@RizkyRiplay,"yaps benerr, jangan hanya mendahulukan nafsu yaa🥺ada resiko yang harus dippikirkam kedepannyaa",1,UgyOx4du-Coi4Dxp4wp4AaABAg,@crazymax-jh5js
Ugz_PpbrvM1XnMPtvmp4AaABAg,1,0,"2024-01-27 05:37:37",@BactiarHadapi,"Ehhhhh judi itu kerjaanku sehari hari",0,,
Ugz_PpbrvM1XnMPtvmp4AaABAg.A-3PeOZiljcA-4SIsJODrK,,0,"2024-01-27 15:20:00",@RizkyRiplay,"seriusan??????? gacor terus nii",1,Ugz_PpbrvM1XnMPtvmp4AaABAg,@BactiarHadapi
UgyM_8R3Brn_19Fjm-l4AaABAg,1,0,"2024-01-27 05:37:26",@lilialirahman6597,Hadir,0,,
UgyM_8R3Brn_19Fjm-l4AaABAg.A-3Pd4j6s1DA-4SS_X6tva,,0,"2024-01-27 15:21:19",@RizkyRiplay,"haii makasii sudah nonton yaa",1,UgyM_8R3Brn_19Fjm-l4AaABAg,@lilialirahman6597
UgxpCMS5_eFs9Kbzv9t4AaABAg,2,0,"2024-01-27 05:36:07",@riskyramadhan01,"Next bang abis itu cerita pengedar barang haram yg mati tetembak polisi bang😂",0,,
UgxpCMS5_eFs9Kbzv9t4AaABAg.A-3PUP2ha3oA-4SQuJkh5X,,0,"2024-01-27 15:21:06",@RizkyRiplay,"makasi idenyaa kita tampung yaa",1,UgxpCMS5_eFs9Kbzv9t4AaABAg,@riskyramadhan01
UgxpCMS5_eFs9Kbzv9t4AaABAg.A-3PUP2ha3oA-55ZYM65G7,,0,"2024-01-27 21:20:32",@riskyramadhan01,"@RizkyRiplay yeay ditunggu bg",1,UgxpCMS5_eFs9Kbzv9t4AaABAg,@riskyramadhan01
Ugzd7NsHI-zHMxgevr54AaABAg,1,0,"2024-01-27 05:35:57",@DewiInjariana,"Mantap kak😊",0,,
Ugzd7NsHI-zHMxgevr54AaABAg.A-3PTAtYZm8A-4SPfI_Qy7,,0,"2024-01-27 15:20:56",@RizkyRiplay,"makasi sudah nonton yaa",1,Ugzd7NsHI-zHMxgevr54AaABAg,@DewiInjariana
Ugx_zZFNVy7Eb1olsTx4AaABAg,1,0,"2024-01-27 05:35:57",@Jhon_sport,"Hadir bang rizky sumoga trending lagi ya",0,,
Ugx_zZFNVy7Eb1olsTx4AaABAg.A-3PT8LvEI2A-4SVnleW0O,,0,"2024-01-27 15:21:46",@RizkyRiplay,"aamiin yuk bisa yukk",1,Ugx_zZFNVy7Eb1olsTx4AaABAg,@Jhon_sport
Ugz7jE6uV7DVVYwAa794AaABAg,1,0,"2024-01-27 05:33:46",@iks8606,"aduh mantep banget lagi makan pas istirahat jam kerja sambil nonton rizky riplay,,,",0,,
Ugz7jE6uV7DVVYwAa794AaABAg.A-3PD7AdeWrA-4SV3bBSjk,,0,"2024-01-27 15:21:40",@RizkyRiplay,"mantapp makasii sudah nonton yaaa",1,Ugz7jE6uV7DVVYwAa794AaABAg,@iks8606
UgwLYD8jGmuS_ceS2kR4AaABAg,1,0,"2024-01-27 05:30:28",@zuryanini262,"Semangat ya kak Rizkiy 😊",0,,
UgwLYD8jGmuS_ceS2kR4AaABAg.A-3Oq47AfeFA-4SU3ms38p,,0,"2024-01-27 15:21:32",@RizkyRiplay,"swiap makasi dukungannyaa yaaa",1,UgwLYD8jGmuS_ceS2kR4AaABAg,@zuryanini262
UgxS8lKkyFl4j-uZt-J4AaABAg,0,0,"2024-01-27 05:29:29",@SiadMadiuna,"Backsound paling akhir lagu Judi yang nyanyi siapa kak? Diedit sendiri ya suaranya",0,,
Ugxvav1KcM7txMOHW7t4AaABAg,2,1,"2024-01-27 05:27:11",@new_cahanda,"Penasaran sih istrinya sekarang gimana kabarnya setelah bercerai masa harus diam saja gitu",0,,
Ugxvav1KcM7txMOHW7t4AaABAg.A-3OSxVpdOZA-4SZpmtHi7,,1,"2024-01-27 15:22:19",@RizkyRiplay,"penasaran yaaa",1,Ugxvav1KcM7txMOHW7t4AaABAg,@new_cahanda
Ugxvav1KcM7txMOHW7t4AaABAg.A-3OSxVpdOZA-5X6nbQQhe,,1,"2024-01-28 01:21:17",@new_cahanda,"​@RizkyRiplaybanget bang 🙏",1,Ugxvav1KcM7txMOHW7t4AaABAg,@new_cahanda
Ugxncrle7bI-8MAA7M54AaABAg,1,1,"2024-01-27 05:24:50",@KenalinGwJakaAdidharma,"Anak-anak jaman sekarang udah gila ya, sepertinya ini tanda-tanda akhir zaman",0,,
Ugxncrle7bI-8MAA7M54AaABAg.A-3OBopMu8QA-4Sd4g4TNP,,0,"2024-01-27 15:22:54",@RizkyRiplay,"semoga ada banyak hikmah yang bisa dipetik dari vidoe ini yaa☺️",1,Ugxncrle7bI-8MAA7M54AaABAg,@KenalinGwJakaAdidharma
UgyAyuxoQ6f6GZWWeP54AaABAg,1,1,"2024-01-27 05:24:43",@titisalanluo9607,"Peneman hari liburrr...",0,,
UgyAyuxoQ6f6GZWWeP54AaABAg.A-3OAwEq68XA-4ScRcVcI-,,0,"2024-01-27 15:22:48",@RizkyRiplay,"yay malmingannn bareng rizky riplay yaa, semoga ada banyak hikmah yang bisa dipetik dari vidoe ini yaa☺️",1,UgyAyuxoQ6f6GZWWeP54AaABAg,@titisalanluo9607
UgxPgQIJtFYF5Tcap254AaABAg,0,0,"2024-01-27 05:23:00",@KUSUMANINGRAT-e7l,Y,0,,
Ugyv9Tr-2DSoy4QGa0p4AaABAg,1,5,"2024-01-27 05:19:38",@Jp45B-rr3jy,"11:56 Gacor...... Gacor....... 😂",0,,
Ugyv9Tr-2DSoy4QGa0p4AaABAg.A-3NafnmlHYA-4Sb0839aN,,0,"2024-01-27 15:22:37",@RizkyRiplay,"wkwk mendem gacor😂",1,Ugyv9Tr-2DSoy4QGa0p4AaABAg,@Jp45B-rr3jy
Ugw-1bcdkaVaWjbC5TR4AaABAg,1,0,"2024-01-27 05:19:04",@Edyswndi,"3 jam wel",0,,
Ugw-1bcdkaVaWjbC5TR4AaABAg.A-3NXU3rCA5A-4SgXKCjtk,,0,"2024-01-27 15:23:22",@RizkyRiplay,"makasi sudah nonton yaa",1,Ugw-1bcdkaVaWjbC5TR4AaABAg,@Edyswndi
UgxPiwfwQCw7u2G3pVd4AaABAg,2,0,"2024-01-27 05:18:17",@A.etheeerrr,"Resiko punya anak dibawah umur 🥴 Terus jangan pernah main judi online, beresiko ky tetangga 😂",0,,
UgxPiwfwQCw7u2G3pVd4AaABAg.A-3NRlHVwodA-3OVQN9RrS,,0,"2024-01-27 05:27:31",@A.etheeerrr,"Pesan yang bisa dipetik adalah ""JANGAN JADI ORANG GOBLOK"" 🗿",1,UgxPiwfwQCw7u2G3pVd4AaABAg,@A.etheeerrr
UgxPiwfwQCw7u2G3pVd4AaABAg.A-3NRlHVwodA-4SfYXyrj0,,0,"2024-01-27 15:23:14",@RizkyRiplay,"semoga ada banyak hikmah yang bisa dipetik dari vidoe ini yaa☺️",1,UgxPiwfwQCw7u2G3pVd4AaABAg,@A.etheeerrr
UgyCSfQi6IAOeZhyTlZ4AaABAg,1,0,"2024-01-27 05:17:24",@litlittulalit,"3 jam lalu tapi udah banyak yg nonton dan komen",0,,
UgyCSfQi6IAOeZhyTlZ4AaABAg.A-3NLIJ50j_A-4SezEmm_L,,0,"2024-01-27 15:23:09",@RizkyRiplay,"mantap makasi sudah nonton yaa",1,UgyCSfQi6IAOeZhyTlZ4AaABAg,@litlittulalit
UgySjMDBWutbNbOxQvp4AaABAg,1,0,"2024-01-27 05:16:45",@Ecolvy,"males bgt kalo pnya ayah kyak gini sring main judi slot, pesugihan dan lain-lain ga tanggung-tanggung sii ayah aku mah sampe mau b*n*h diri jangan di kalahkan oleh nafsu dalam pernikahan yg sakral, emng deh ayah dakjal 😭😭",0,,
UgySjMDBWutbNbOxQvp4AaABAg.A-3NGaLeSYkA-4Sjg1JvV3,,0,"2024-01-27 15:23:48",@RizkyRiplay,"semoga ada banyak hikmah yang bisa dipetik dari vidoe ini yaa☺️",1,UgySjMDBWutbNbOxQvp4AaABAg,@Ecolvy
Ugy33u7RTHF1PcOyzZJ4AaABAg,2,0,"2024-01-27 05:16:18",@khusnul_1415,"Grecep kuran 3jam😢",0,,
Ugy33u7RTHF1PcOyzZJ4AaABAg.A-3NDFPBnh2A-4SioWjKoa,,0,"2024-01-27 15:23:40",@RizkyRiplay,"gapapaa makasi sudah nonton yaa",1,Ugy33u7RTHF1PcOyzZJ4AaABAg,@khusnul_1415
Ugy33u7RTHF1PcOyzZJ4AaABAg.A-3NDFPBnh2A-5m9aNeaPE,,0,"2024-01-28 03:41:29",@khusnul_1415,"@RizkyRiplay makasih juga udah ngehubur klrg ku",1,Ugy33u7RTHF1PcOyzZJ4AaABAg,@khusnul_1415
UgwkL-Iq0QiJPT-UPYp4AaABAg,1,0,"2024-01-27 05:15:39",@MARVELTHEMARVELOUS,"halo mas rizky, lama gak mampir",0,,
UgwkL-Iq0QiJPT-UPYp4AaABAg.A-3N8ScOt9FA-4ShebQZLJ,,0,"2024-01-27 15:23:31",@RizkyRiplay,"haii makasii sudah mampir yaaa",1,UgwkL-Iq0QiJPT-UPYp4AaABAg,@MARVELTHEMARVELOUS
UgyjmJQBoqVgHGV3DHR4AaABAg,1,2,"2024-01-27 05:15:15",@fnoah2002,"Sekarang setiap vidio selalu ada karakter ka rizki riplay 😁😁",0,,
UgyjmJQBoqVgHGV3DHR4AaABAg.A-3N5XzyK0HA-4Sn2Q7Y4s,,1,"2024-01-27 15:24:15",@RizkyRiplay,"wkwkw cameooo",1,UgyjmJQBoqVgHGV3DHR4AaABAg,@fnoah2002
UgyOljNXM379kHYfqxR4AaABAg,1,0,"2024-01-27 05:14:17",@syuniaazhary,"Judi tuh candu , tidak ada kemenangan selain berhenti. Pliss jangan bodoh mau nukerin uang halal yg dapetin nya susah payah jadi uang haram. Memulai judi= Siap memulai kehancuran",0,,
UgyOljNXM379kHYfqxR4AaABAg.A-3MzUmrmmXA-4SmARMxVx,,0,"2024-01-27 15:24:08",@RizkyRiplay,"semoga ada banyak hikmah yang bisa dipetik dari vidoe ini yaa☺️",1,UgyOljNXM379kHYfqxR4AaABAg,@syuniaazhary
Ugwwl-d4VHKZprc9gO54AaABAg,1,0,"2024-01-27 05:14:02",@abil07kingTotong,"-_-jangan judi online",0,,
Ugwwl-d4VHKZprc9gO54AaABAg.A-3MxeytykKA-4SlaoO21j,,0,"2024-01-27 15:24:03",@RizkyRiplay,"iyaps jangan yaa",1,Ugwwl-d4VHKZprc9gO54AaABAg,@abil07kingTotong
Ugzk5BqYWFYkI-vQUQN4AaABAg,1,1,"2024-01-27 05:11:58",@milaMilot-w9w,"Jangan pernah mecuri yang bukan hak milik kita",0,,
Ugzk5BqYWFYkI-vQUQN4AaABAg.A-3MiYv88sFA-4SpsLlRnx,,0,"2024-01-27 15:24:38",@RizkyRiplay,"semoga ada banyak hikmah yang bisa dipetik dari vidoe ini yaa☺️",1,Ugzk5BqYWFYkI-vQUQN4AaABAg,@milaMilot-w9w
Ugw2utCwgP0lAZX3xBV4AaABAg,1,0,"2024-01-27 05:11:23",@mhanifmahfudz9049,"Percuma mengatakan semoga di berantas pemerintah lah pemerintah nya sjs sibuk sama pemilu dan banyak drama lagi gimana bisa indonesia jadi maju kalau pdip masih berkuasa dan pemerintah nya banyak drama nya dan iklan judi nya sangat banyak sekali beh",0,,
Ugw2utCwgP0lAZX3xBV4AaABAg.A-3MeGZ3KT1A-4SpG5_ZhD,,0,"2024-01-27 15:24:33",@RizkyRiplay,"semoga ada banyak hikmah yang bisa dipetik dari vidoe ini yaa☺️",1,Ugw2utCwgP0lAZX3xBV4AaABAg,@mhanifmahfudz9049
UgwIyYryXHOHrATfgAx4AaABAg,1,0,"2024-01-27 05:06:32",@sunaryani460,"Namanya judi banyak nama dan ragamnya smua hanya tipu daya Awalnya menang mudah tapi Hanya jebakan semata",0,,
UgwIyYryXHOHrATfgAx4AaABAg.A-3M5jNfsluA-4SoRpAZp2,,1,"2024-01-27 15:24:27",@RizkyRiplay,"semoga ada banyak hikmah yang bisa dipetik dari vidoe ini yaa☺️",1,UgwIyYryXHOHrATfgAx4AaABAg,@sunaryani460
Ugz4qY46bfy03dkNlH14AaABAg,1,1,"2024-01-27 05:05:25",@mbaLI_94,"G selamanya judi itu menang terus😔 Happy weekend bang 10 juta subscriber yachhh",0,,
Ugz4qY46bfy03dkNlH14AaABAg.A-3LyXf5Z3_A-4SuXbDA-n,,0,"2024-01-27 15:25:17",@RizkyRiplay,"semoga ada banyak hikmah yang bisa dipetik dari vidoe ini yaa☺️",1,Ugz4qY46bfy03dkNlH14AaABAg,@mbaLI_94
Ugzyx2VV-SiLp6TI5_p4AaABAg,1,0,"2024-01-27 05:04:28",@FankStore-d1w,"Semoga sehat ya bang dan semoga rame terus kontenya see you",0,,
Ugzyx2VV-SiLp6TI5_p4AaABAg.A-3LraLpCj2A-7-VUoa-CE,,0,"2024-01-28 15:06:02",@RizkyRiplay,"aamiin makasi doanyaa yaa kamu juga sehat selaluu",1,Ugzyx2VV-SiLp6TI5_p4AaABAg,@FankStore-d1w
Ugy_00285ibrYiD3xdF4AaABAg,0,0,"2024-01-27 05:04:25",@MulesOfficial792,❤,0,,
Ugw8mQWJXuD1vvqg4V14AaABAg,1,0,"2024-01-27 05:04:01",@manuella4673,"Semenjak judj onlen masuk ke indonesi perputaran uang tidak berjalan seperti dlu. Semua usaha apapun skrang sepi..dan byk yg sampe jual tanah rumah ,demi depo..miris..😢",0,,
Ugw8mQWJXuD1vvqg4V14AaABAg.A-3LoIZbs3yA-4StMWrnST,,0,"2024-01-27 15:25:07",@RizkyRiplay,"ngeriiii semoga ada banyak hikmah yang bisa dipetik dari vidoe ini yaa☺️",1,Ugw8mQWJXuD1vvqg4V14AaABAg,@manuella4673
UgyguAlwHg7orAa5LVd4AaABAg,1,0,"2024-01-27 05:02:30",@lailaramadhani2746,"Tumben bang rizky bagi2 tango biasnayabpelitnya minta ampun",0,,
UgyguAlwHg7orAa5LVd4AaABAg.A-3LdA2L438A-4SxwGmDRY,,0,"2024-01-27 15:25:44",@RizkyRiplay,"gapapaa kan makanann bukan duit😂",1,UgyguAlwHg7orAa5LVd4AaABAg,@lailaramadhani2746
UgzZH52whf5GsK_Mf4R4AaABAg,1,0,"2024-01-27 05:01:31",@baimslebew324,"Intinya saya suka maen walaupun jarang",0,,
UgzZH52whf5GsK_Mf4R4AaABAg.A-3LX1S2XLUA-4SwXJcbcI,,0,"2024-01-27 15:25:33",@RizkyRiplay,"maen judol?????😱",1,UgzZH52whf5GsK_Mf4R4AaABAg,@baimslebew324
Ugxn6oXoBMrunTFnz_l4AaABAg,1,0,"2024-01-27 05:01:27",@indrajuliada5911,"Mantap semangat terus and sukses ya",0,,
Ugxn6oXoBMrunTFnz_l4AaABAg.A-3LWSK5-fpA-4TpDKff-a,,0,"2024-01-27 15:33:17",@RizkyRiplay,"aamiin makasi doa dan dukungannyaaaa",1,Ugxn6oXoBMrunTFnz_l4AaABAg,@indrajuliada5911
Ugw8cbTXcV5XIf3JA_J4AaABAg,1,0,"2024-01-27 05:00:45",@muh_irsal,"Bagusan noton #HORORKOMEDI 😅😅",0,,
Ugw8cbTXcV5XIf3JA_J4AaABAg.A-3LRNM3SrrA-4To6AZ5J2,,0,"2024-01-27 15:33:08",@RizkyRiplay,"staytune yaa kita tayang setiap hari rabu dan dsbtuu",1,Ugw8cbTXcV5XIf3JA_J4AaABAg,@muh_irsal
UgyMqc0G58H2ZF2CBsB4AaABAg,1,1,"2024-01-27 04:59:24",@dwikiliansyahofficialtkj1076,"Maaf bang telat nontonnya",0,,
UgyMqc0G58H2ZF2CBsB4AaABAg.A-3LHRbHJxAA-4TmLJDLQ9,,1,"2024-01-27 15:32:54",@RizkyRiplay,"gapapaaa makasi sudah nonton yaa",1,UgyMqc0G58H2ZF2CBsB4AaABAg,@dwikiliansyahofficialtkj1076
UgyqGYD6z7mWBiD-O7R4AaABAg,1,0,"2024-01-27 04:58:36",@Red-Epsilon,"8:10 asal lo tau ya... Selalu doa biar ketemu kerjaan",0,,
UgyqGYD6z7mWBiD-O7R4AaABAg.A-3LBcSMLQfA-4TlUONa1h,,0,"2024-01-27 15:32:47",@RizkyRiplay,"semoga ada banyak hikmah yang bisa dipetik dari vidoe ini yaa☺️",1,UgyqGYD6z7mWBiD-O7R4AaABAg,@Red-Epsilon
UgybwpxTEAyu7MyDgRF4AaABAg,2,1,"2024-01-27 04:57:13",@insanbiasa-l3w,"Kesian...sudah jatuh..di timpa tangga pula",0,,
UgybwpxTEAyu7MyDgRF4AaABAg.A-3L1R7YhxuA-4TkrFWB69,,1,"2024-01-27 15:32:42",@RizkyRiplay,"semoga ada banyak hikmah yang bisa dipetik dari vidoe ini yaa☺️",1,UgybwpxTEAyu7MyDgRF4AaABAg,@insanbiasa-l3w
UgybwpxTEAyu7MyDgRF4AaABAg.A-3L1R7YhxuA-4TuglWxNK,,1,"2024-01-27 15:34:02",@insanbiasa-l3w,"@RizkyRiplay iya😊",1,UgybwpxTEAyu7MyDgRF4AaABAg,@insanbiasa-l3w
UgydXVNcb8LlFThcDpV4AaABAg,0,0,"2024-01-27 04:56:37",@nurhasanacank4163,✅,0,,
UgwIv6EvcgWv1Ptd1lV4AaABAg,1,0,"2024-01-27 04:55:42",@ayufatmawati4576,"Bapakku tukang maen judi ampek tuanya gak punya apa2 serius ini😢 Punya apa djual, punya apa djual",0,,
UgwIv6EvcgWv1Ptd1lV4AaABAg.A-3KrQPzN9NA-4Tk0UV2xG,,0,"2024-01-27 15:32:35",@RizkyRiplay,"udha kecanduan bangett yaa???🥺",1,UgwIv6EvcgWv1Ptd1lV4AaABAg,@ayufatmawati4576
UgyD2qkTvfL6ZOgMcR14AaABAg,1,0,"2024-01-27 04:54:53",@akuinisiapa7122,"Akhirnya ada iklan masuk ya bang 😂",0,,
UgyD2qkTvfL6ZOgMcR14AaABAg.A-3KlLN6_GLA-4ThhQJ0a6,,0,"2024-01-27 15:32:16",@RizkyRiplay,"alhamdulillah hehehe",1,UgyD2qkTvfL6ZOgMcR14AaABAg,@akuinisiapa7122
UgwOO5HmZ80kFeOrT214AaABAg,2,0,"2024-01-27 04:54:48",@muhammadhusen0203,"Kurang kurangin Judi online, biar gk gila, jdi sikopet, begal dll😂",0,,
UgwOO5HmZ80kFeOrT214AaABAg.A-3KknjT0N_A-3LM38EqGT,,0,"2024-01-27 05:00:02",@sida.artyom,"Menang ketagihan, kalah penasaran",1,UgwOO5HmZ80kFeOrT214AaABAg,@muhammadhusen0203
UgwOO5HmZ80kFeOrT214AaABAg.A-3KknjT0N_A-4Tgx-0O4X,,0,"2024-01-27 15:32:10",@RizkyRiplay,"semoga ada banyak hikmah yang bisa dipetik dari vidoe ini yaa☺️",1,UgwOO5HmZ80kFeOrT214AaABAg,@muhammadhusen0203
Ugwez6yNuHmPE4P6SG94AaABAg,1,5,"2024-01-27 04:50:40",@Akbar-p1m,"Banyak pesan moral nya cerita ini 👍👍",0,,
Ugwez6yNuHmPE4P6SG94AaABAg.A-3KHXNCzx_A-4TgOTjpdC,,2,"2024-01-27 15:32:05",@RizkyRiplay,"semoga ada banyak hikmah yang bisa dipetik dari vidoe ini yaa☺️",1,Ugwez6yNuHmPE4P6SG94AaABAg,@Akbar-p1m
UgzGdV5hNMpinNIIXwt4AaABAg,1,0,"2024-01-27 04:48:57",@arihanakhairunisa9130,"Dulu pernah ngucap semoga sampai di 10jt subscribe, alhamdulillah dikit lagi kak rizkiiii😊😊",0,,
UgzGdV5hNMpinNIIXwt4AaABAg.A-3K4xCYVAjA-4TeZ6g3RG,,0,"2024-01-27 15:31:50",@RizkyRiplay,"alhamdulillah makasii doanyaa yaaa🥰",1,UgzGdV5hNMpinNIIXwt4AaABAg,@arihanakhairunisa9130
UgwukbdrZcSP9XbvEVZ4AaABAg,1,0,"2024-01-27 04:47:59",@ayusharap,"temen suamiku jg korban game jahat ..sampe tanah dijual dll ..bener"" jahatt",0,,
UgwukbdrZcSP9XbvEVZ4AaABAg.A-3JyryhSiaA-4TciRMn4J,,0,"2024-01-27 15:31:35",@RizkyRiplay,"emang judol nii meresahkan bangettt",1,UgwukbdrZcSP9XbvEVZ4AaABAg,@ayusharap
Ugx1VGt4umP6K1xMRCF4AaABAg,1,0,"2024-01-27 04:45:45",@niutarifebriciaaurora,"2 menit",0,,
Ugx1VGt4umP6K1xMRCF4AaABAg.A-3JiRfNdsiA-4T_JJGtRe,,0,"2024-01-27 15:31:07",@RizkyRiplay,"makasi sudah nonton yaa",1,Ugx1VGt4umP6K1xMRCF4AaABAg,@niutarifebriciaaurora
UgyrG2_O3_qrJdEhP6p4AaABAg,1,0,"2024-01-27 04:45:08",@Adin577,"Gacorr tiko, wuu mau"" aja nikah muda+main judol lgii",0,,
UgyrG2_O3_qrJdEhP6p4AaABAg.A-3JdwRxCXzA-4TZUmVmcX,,1,"2024-01-27 15:31:00",@RizkyRiplay,"semoga ada banyak hikmah yang bisa dipetik dari vidoe ini yaa☺️",1,UgyrG2_O3_qrJdEhP6p4AaABAg,@Adin577
UgzM2yqtmeHYd7VUx-14AaABAg,1,0,"2024-01-27 04:45:00",@dibz09,"Bahaya banget ya judol",0,,
UgzM2yqtmeHYd7VUx-14AaABAg.A-3JczfYUDbA-4TYrODtNJ,,0,"2024-01-27 15:30:55",@RizkyRiplay,"iyaaa niii",1,UgzM2yqtmeHYd7VUx-14AaABAg,@dibz09
UgyRw-pTow77CkNXwmZ4AaABAg,1,0,"2024-01-27 04:44:59",@ShiBontot-x4r,"Krna judi meracuni dunia Bisa membuat orang mls bekerja",0,,
UgyRw-pTow77CkNXwmZ4AaABAg.A-3JcqR3AsSA-4TXtqePrU,,0,"2024-01-27 15:30:47",@RizkyRiplay,"semoga ada banyak hikmah yang bisa dipetik dari vidoe ini yaa☺️",1,UgyRw-pTow77CkNXwmZ4AaABAg,@ShiBontot-x4r
UgwdopE9TNLwtIA7Uw54AaABAg,1,0,"2024-01-27 04:44:48",@maulidaafsa6368,"Aku bukan penonton pertama.... tapi penonton setia ❤",0,,
UgwdopE9TNLwtIA7Uw54AaABAg.A-3JbZp77ByA-4TXGV01bH,,0,"2024-01-27 15:30:42",@RizkyRiplay,"slebeewww, makasi sudah nonton yaa",1,UgwdopE9TNLwtIA7Uw54AaABAg,@maulidaafsa6368
UgyhEM-eE81qvma5ztl4AaABAg,1,0,"2024-01-27 04:44:31",@ayu.ayu12,"Kenapa yaa anak bayi mesti di beliin susu, 😅 kan udah ada susu nya sendiri... Emng kading² nih manusia di kasih mudah pilih susah😂",0,,
UgyhEM-eE81qvma5ztl4AaABAg.A-3J_Wx1R9DA-4TW-cfYu2,,0,"2024-01-27 15:30:32",@RizkyRiplay,"itu biasanya karna asi dari ibu tidak lancar jadi dicarikan susu penggantii seperti susu formula🥺",1,UgyhEM-eE81qvma5ztl4AaABAg,@ayu.ayu12
UgyjpLF98y5qthJI67d4AaABAg,0,0,"2024-01-27 04:44:18",@ismantoandriano.s6912,"https://www.youtube.com/@ismantoandriano.s6912 mantappp",0,,
UgwSV23pR_BKGglQC6R4AaABAg,1,0,"2024-01-27 04:44:01",@Didi90578,"pin dong bang rizky!! semangat terus bikin konten nya y 😁",0,,
UgwSV23pR_BKGglQC6R4AaABAg.A-3JWlTHzqKA-4TQJ9xmqc,,0,"2024-01-27 15:29:45",@RizkyRiplay,"siap makasii dukungannyaa yaaa",1,UgwSV23pR_BKGglQC6R4AaABAg,@Didi90578
Ugx0AbMQnVL_7G29tEB4AaABAg,1,2,"2024-01-27 04:41:35",@Anisa_pus,"Kak rizky di endorse wafer tango yaa😊😊😊 🎉🎉🎉",0,,
Ugx0AbMQnVL_7G29tEB4AaABAg.A-3JEz4eemGA-4TNm0u-5R,,0,"2024-01-27 15:29:24",@RizkyRiplay,"alhamdulillah hehehe",1,Ugx0AbMQnVL_7G29tEB4AaABAg,@Anisa_pus
Ugwhsr8diX1QQkyiqDJ4AaABAg,1,0,"2024-01-27 04:39:07",@fazlina2012,"Assalamualaikum moga channel ni terus maju dan success",0,,
Ugwhsr8diX1QQkyiqDJ4AaABAg.A-3Ixvo9HJZA-4TMYkKeHE,,0,"2024-01-27 15:29:14",@RizkyRiplay,"waalaikumsalam, aamiin makasi doanya yaa",1,Ugwhsr8diX1QQkyiqDJ4AaABAg,@fazlina2012
Ugyq1WrJ6VV2nHIdk9h4AaABAg,1,0,"2024-01-27 04:37:43",@WannCoky,"Pulang sekolah langsung gas nonton",0,,
Ugyq1WrJ6VV2nHIdk9h4AaABAg.A-3Ind416x8A-4TLCDrTXD,,0,"2024-01-27 15:29:03",@RizkyRiplay,"makasii sudah nonton yaaa",1,Ugyq1WrJ6VV2nHIdk9h4AaABAg,@WannCoky
UgxVHm5DMKYFwSCalup4AaABAg,1,0,"2024-01-27 04:37:36",@ghinyazkahayfa8148,"Makasih udh uploud",0,,
UgxVHm5DMKYFwSCalup4AaABAg.A-3ImnFwAQcA-4TK3we-zY,,0,"2024-01-27 15:28:54",@RizkyRiplay,"yay makasii sudah nonton yaaa",1,UgxVHm5DMKYFwSCalup4AaABAg,@ghinyazkahayfa8148
Ugz0i7xH4s4SRZn8XOB4AaABAg,2,1,"2024-01-27 04:35:32",@aisyahakb04,"Ada banyak pelajaran yang bisa diambil dari cerita ini. Yang pertama, pernikahan usia muda yang pastinya berpengaruh terhadap ketidak stabilan emosi, ilmu parenting yang kurang, dan jiwa yang seharusnya masih menikmati masa muda itu dituntut untuk memenuhi kewajiban sebagai seorang kepala keluarga dan juga istri. Yang kedua, tentunya judi online, sesuai judul. Apapun aplikasi yang dipakai untuk judi online pasti punya rencana yang sama. Pertama memang akan dibuat terlena karena menang beruntun, tapi setelah itu yaaa... buntu wkwkk",0,,
Ugz0i7xH4s4SRZn8XOB4AaABAg.A-3IYigxy18A-4TIx1Lyb9,,1,"2024-01-27 15:28:45",@RizkyRiplay,"semoga ada banyak hikmah yang bisa dipetik dari vidoe ini yaa☺️",1,Ugz0i7xH4s4SRZn8XOB4AaABAg,@aisyahakb04
Ugz0i7xH4s4SRZn8XOB4AaABAg.A-3IYigxy18A-4agrHwIPN,,0,"2024-01-27 16:42:03",@aisyahakb04,"@RizkyRiplay okaay kakk",1,Ugz0i7xH4s4SRZn8XOB4AaABAg,@aisyahakb04
UgyBHkgv6DGbymyQV5h4AaABAg,1,2,"2024-01-27 04:34:47",@nonavy2926,"semalam aku mimpi mirip seperti ini, ternyata paginya rizki riplay upload topik yang mirip seperti mimpiku 😂 wah pertanda alam atau takdir ini. padahal aku gak ada buka yutub sama sekali kemarin, jadi gtw topik apa yang bakal di up rizky riplay",0,,
UgyBHkgv6DGbymyQV5h4AaABAg.A-3ITAeyFWjA-4TI0xOem8,,1,"2024-01-27 15:28:37",@RizkyRiplay,"wihh bisa sampe masuk mimpii gitu yaaaa😱rinduuu rizkyriplay banget nii yaa😂 staytunee kita tayang setiap hari rabubdan sabtuu",1,UgyBHkgv6DGbymyQV5h4AaABAg,@nonavy2926
UgxaTfQPphjfIs3b_zV4AaABAg,1,2,"2024-01-27 04:34:36",@FebiolaPutri-ie9fx,"Semangat kak buat konten dan seru juga loh konten nya loh❤❤❤❤",0,,
UgxaTfQPphjfIs3b_zV4AaABAg.A-3IRnPFLoIA-4TCYcrZY4,,1,"2024-01-27 15:27:53",@RizkyRiplay,"swiapp makasii dukungannyaa yaaa",1,UgxaTfQPphjfIs3b_zV4AaABAg,@FebiolaPutri-ie9fx
Ugz5W6uwIcBJCn5uAKF4AaABAg,1,0,"2024-01-27 04:34:13",@dewarestukusuma,"Hadir kak .sehat selalu ya 😅",0,,
Ugz5W6uwIcBJCn5uAKF4AaABAg.A-3IP4NPrCkA-4TBcZ7eJC,,0,"2024-01-27 15:27:45",@RizkyRiplay,"aamiin makasiii doanyaa kamu juga sehat selaluu yaaa",1,Ugz5W6uwIcBJCn5uAKF4AaABAg,@dewarestukusuma
UgzqdDKd-tt6iiXA8qN4AaABAg,2,0,"2024-01-27 04:33:50",@muhamadpermanabayu6282,"Assalamualaikum kak mksh filmnya udh tayang",0,,
UgzqdDKd-tt6iiXA8qN4AaABAg.A-3IMG7Yl4NA-4T6v-7bM0,,0,"2024-01-27 15:27:06",@RizkyRiplay,"waalaikumsalam, makasi sudah nonton yaa",1,UgzqdDKd-tt6iiXA8qN4AaABAg,@muhamadpermanabayu6282
UgzqdDKd-tt6iiXA8qN4AaABAg.A-3IMG7Yl4NA-4UeJamueu,,0,"2024-01-27 15:40:32",@muhamadpermanabayu6282,"@RizkyRiplay sama2 kak",1,UgzqdDKd-tt6iiXA8qN4AaABAg,@muhamadpermanabayu6282
UgwygAlOhq7xidGEHi14AaABAg,1,0,"2024-01-27 04:32:53",@MaidaTuljennah-cf1lb,"Buat lagi dong kak yang serem gitu",0,,
UgwygAlOhq7xidGEHi14AaABAg.A-3IFJMjKd0A-4T5rc2GZM,,0,"2024-01-27 15:26:57",@RizkyRiplay,"staytune yaa kita tayang setiap hari rabu dan dsbtuu",1,UgwygAlOhq7xidGEHi14AaABAg,@MaidaTuljennah-cf1lb
UgzbB6NIQnind81i_JN4AaABAg,1,1,"2024-01-27 04:31:34",@gandapramana5103,"Harusnya judi online jangan di blokir sama tangkap sekalian sama bandarnya udah tau judi online sangat meresahkan",0,,
UgzbB6NIQnind81i_JN4AaABAg.A-3I5bICCCgA-4T4SbpCTw,,0,"2024-01-27 15:26:46",@RizkyRiplay,"semoga ada banyak hikmah yang bisa dipetik dari vidoe ini yaa☺️",1,UgzbB6NIQnind81i_JN4AaABAg,@gandapramana5103
UgwKtHHxVam8Kfb5RKR4AaABAg,1,1,"2024-01-27 04:31:22",@iaditya7545,"Indo april😂",0,,
UgwKtHHxVam8Kfb5RKR4AaABAg.A-3I48jW7yBA-4T3Xnj8Vj,,0,"2024-01-27 15:26:39",@RizkyRiplay,"wkwk iyaa nii",1,UgwKtHHxVam8Kfb5RKR4AaABAg,@iaditya7545
UgyH-te7pVRobKquATp4AaABAg,1,0,"2024-01-27 04:29:34",@NandaSaputra-m5x,"Vidio baru langsung gercep❤❤",0,,
UgyH-te7pVRobKquATp4AaABAg.A-3HrzYLC67A-7-U7kWxrN,,0,"2024-01-28 15:05:51",@RizkyRiplay,"mantap makasiii yaaa",1,UgyH-te7pVRobKquATp4AaABAg,@NandaSaputra-m5x
UgxNOfq6yBpVAMZbSnV4AaABAg,1,7,"2024-01-27 04:29:26",@Ari.marcel_-1945,"Kartunnya ga cuma mengibur tapi juga mengajarkan kita agar tidak mudah bermain game online terutama judi online",0,,
UgxNOfq6yBpVAMZbSnV4AaABAg.A-3Hr1f1w5rA-4T2fqRtU5,,2,"2024-01-27 15:26:33",@RizkyRiplay,"semoga ada banyak hikmah yang bisa dipetik dari vidoe ini yaa☺️",1,UgxNOfq6yBpVAMZbSnV4AaABAg,@Ari.marcel_-1945
UgxvECEIcxHV5lGqN5x4AaABAg,1,0,"2024-01-27 04:27:37",@rokiproject.,"Halo bag rizky aku suka animasi kamu😊😅",0,,
UgxvECEIcxHV5lGqN5x4AaABAg.A-3HdgaaJZCA-4T29iAiw1,,0,"2024-01-27 15:26:27",@RizkyRiplay,"haii makasi sudah nonton yaa",1,UgxvECEIcxHV5lGqN5x4AaABAg,@rokiproject.
UgyKOJpicDS1bJ29hMF4AaABAg,2,0,"2024-01-27 04:27:20",@paisall03,"Buat cerita efek buruk pencandu narkoba🙏",0,,
UgyKOJpicDS1bJ29hMF4AaABAg.A-3HbfCwZSZA-4T0enjsc0,,1,"2024-01-27 15:26:15",@RizkyRiplay,"makasi idenyaa menarik kita tampung yaa",1,UgyKOJpicDS1bJ29hMF4AaABAg,@paisall03
UgyKOJpicDS1bJ29hMF4AaABAg.A-3HbfCwZSZA-BkgIs2_AV,,0,"2024-01-30 11:24:03",@paisall03,"@RizkyRiplay siap pasti rame",1,UgyKOJpicDS1bJ29hMF4AaABAg,@paisall03
UgyxN3ZqTxS9mQS07_94AaABAg,1,0,"2024-01-27 04:27:18",@haikalabidinabidin6581,"Alah telat lagi...makasih kak rizki videonya❤❤",0,,
UgyxN3ZqTxS9mQS07_94AaABAg.A-3HbKlB6NxA-4UzuCDPUI,,0,"2024-01-27 15:43:29",@RizkyRiplay,"gapapaa makasi sudah nonton yaa",1,UgyxN3ZqTxS9mQS07_94AaABAg,@haikalabidinabidin6581
Ugx7OkWEpXfxfcPCUI54AaABAg,1,0,"2024-01-27 04:25:42",@AditTrpajalah,"Sapa dong bang gue penonton lama mu dari SD kls 4",0,,
Ugx7OkWEpXfxfcPCUI54AaABAg.A-3HQhjQlhyA-7-StlBeXf,,0,"2024-01-28 15:05:41",@RizkyRiplay,"haiii makasii sudah nonton ya",1,Ugx7OkWEpXfxfcPCUI54AaABAg,@AditTrpajalah
Ugy3ICk6HVzeY_PnS3h4AaABAg,1,0,"2024-01-27 04:24:30",@abelkluwutl,"Rizki yg lain ini mah, ga pelit",0,,
Ugy3ICk6HVzeY_PnS3h4AaABAg.A-3HHsFNW46A-4UymcFtFa,,0,"2024-01-27 15:43:20",@RizkyRiplay,"wkwk samaa kokk😂",1,Ugy3ICk6HVzeY_PnS3h4AaABAg,@abelkluwutl
UgxIZr5WqdQeAh4kmhJ4AaABAg,1,2,"2024-01-27 04:24:10",@AprelioRehan-wx1pm,"Mudah""an yg judol nonton ini dan cpt sadar biar gk ngutang terus...nmbah""i beban aj..mna gk prnah balikin alesan mulu",0,,
UgxIZr5WqdQeAh4kmhJ4AaABAg.A-3HFQ3p1A4A-4UxMmuSpb,,0,"2024-01-27 15:43:08",@RizkyRiplay,"semoga ada banyak hikmah yang bisa dipetik dari vidoe ini yaa☺️",1,UgxIZr5WqdQeAh4kmhJ4AaABAg,@AprelioRehan-wx1pm
Ugwwqwc0xtRbG1u0csh4AaABAg,1,1,"2024-01-27 04:22:15",@miyalee8613,"Gacar ga bang 😅😅😅",0,,
Ugwwqwc0xtRbG1u0csh4AaABAg.A-3H1RnrKZ-A-4UwkvGD-p,,0,"2024-01-27 15:43:04",@RizkyRiplay,gacorr😂,1,Ugwwqwc0xtRbG1u0csh4AaABAg,@miyalee8613
UgxTBtIDcljMqA-A08d4AaABAg,1,3,"2024-01-27 04:21:18",@xy_Ainh,"Bang rizky, semua yang di jadikan flm bermotivasi bangettt. Intinya yang kita ambil dari pelajaran ini, apapun keadaanya jangan pernah bekerja judi",0,,
UgxTBtIDcljMqA-A08d4AaABAg.A-3GvUZb5DZA-4UvjhxeQ2,,0,"2024-01-27 15:42:55",@RizkyRiplay,"semoga ada banyak hikmah yang bisa dipetik dari vidoe ini yaa☺️",1,UgxTBtIDcljMqA-A08d4AaABAg,@xy_Ainh
UgzoXnw0C52K4sPLl5V4AaABAg,1,0,"2024-01-27 04:21:01",@IndriIndriyani-zs3gp,"sambil rebahan nontonnya",0,,
UgzoXnw0C52K4sPLl5V4AaABAg.A-3GtLVNYR2A-4Uv8QUrpU,,0,"2024-01-27 15:42:50",@RizkyRiplay,"wih mantap makasi sudah nonton taa",1,UgzoXnw0C52K4sPLl5V4AaABAg,@IndriIndriyani-zs3gp
Ugw7ZYMgc5bavUy-p_p4AaABAg,1,0,"2024-01-27 04:20:50",@AchmadSyarifudin-sk9tp,"Kak judul: azab ngomong kotor Animasi Horor",0,,
Ugw7ZYMgc5bavUy-p_p4AaABAg.A-3GrxvSmb_A-7-Qo-XFgS,,0,"2024-01-28 15:05:24",@RizkyRiplay,"makasi idenyaa menarik kita tampung yaa",1,Ugw7ZYMgc5bavUy-p_p4AaABAg,@AchmadSyarifudin-sk9tp
UgxEG5hvv2878GkDQ5Z4AaABAg,1,0,"2024-01-27 04:19:40",@itzmehafiz3252,"11:55 gacooorrr😂🤣",0,,
UgxEG5hvv2878GkDQ5Z4AaABAg.A-3GjSUpDBVA-4Uu0relxx,,0,"2024-01-27 15:42:41",@RizkyRiplay,"wkwk gacor gacorr😂",1,UgxEG5hvv2878GkDQ5Z4AaABAg,@itzmehafiz3252
Ugw9NoI7OtcbGwn-ZWh4AaABAg,2,0,"2024-01-27 04:19:27",@RezqiPramudiana,"Aku masih bingung bang rizky kris atau is",0,,
Ugw9NoI7OtcbGwn-ZWh4AaABAg.A-3GhqJZC04A-4Ut0GfOLD,,0,"2024-01-27 15:42:33",@RizkyRiplay,"kris atau is apanyaa?",1,Ugw9NoI7OtcbGwn-ZWh4AaABAg,@RezqiPramudiana
Ugw9NoI7OtcbGwn-ZWh4AaABAg.A-3GhqJZC04A-95cv0V0ga,,0,"2024-01-29 10:38:06",@RezqiPramudiana,"@RizkyRiplay agama nya bang maaf kalo lancang bang",1,Ugw9NoI7OtcbGwn-ZWh4AaABAg,@RezqiPramudiana
UgyVp3Wx1o_0PuaiH5J4AaABAg,1,0,"2024-01-27 04:17:14",@Islam77738,"Maaf telat udah 2 jam kalo ga telat plz tag kalo telat ga USA tag😢😢😢",0,,
UgyVp3Wx1o_0PuaiH5J4AaABAg.A-3GSfeFpN0A-3My6An7iJ,,0,"2024-01-27 05:14:06",@RizkyRiplay,"gapapaaa makasi sudah nonton yaa",1,UgyVp3Wx1o_0PuaiH5J4AaABAg,@Islam77738
Ugw2BogBAdg1146Wv0V4AaABAg,1,2,"2024-01-27 04:16:38",@telkjum_shorts,"semangat bg Rizky 🎉🎉",0,,
Ugw2BogBAdg1146Wv0V4AaABAg.A-3GOJQ-mqfA-3Mx7Qkt6d,,0,"2024-01-27 05:13:58",@RizkyRiplay,"swiap makasi dukungannyaa yaaa",1,Ugw2BogBAdg1146Wv0V4AaABAg,@telkjum_shorts
UgxgJmCrt0seNFHSup14AaABAg,1,2,"2024-01-27 04:16:37",@zahfranmiminzahfran1486,"Yg nyebelin tu enak lhat youtub ehhhhhh iklan pinjoool😂😂😂😂",0,,
UgxgJmCrt0seNFHSup14AaABAg.A-3GOBKTREdA-3Mw3xECBG,,1,"2024-01-27 05:13:49",@RizkyRiplay,"gabisa di skip lagi yaa😂",1,UgxgJmCrt0seNFHSup14AaABAg,@zahfranmiminzahfran1486
UgzoTuEjBybPG0YRbWF4AaABAg,2,0,"2024-01-27 04:14:28",@nurulsuciana6150,"Judi awal dari kehancuran",0,,
UgzoTuEjBybPG0YRbWF4AaABAg.A-3G8PEbQukA-3MuNt6qwb,,1,"2024-01-27 05:13:35",@RizkyRiplay,"yaps bener bangettt",1,UgzoTuEjBybPG0YRbWF4AaABAg,@nurulsuciana6150
UgzoTuEjBybPG0YRbWF4AaABAg.A-3G8PEbQukA-6w3fkIn4C,,0,"2024-01-28 14:27:17",@nurulsuciana6150,"Gimana gak sekali menang ketagihan sekali kalah penasaran bener gak kak",1,UgzoTuEjBybPG0YRbWF4AaABAg,@nurulsuciana6150
UgypKM7UZzuZ1BynsBp4AaABAg,1,1,"2024-01-27 04:14:20",@obligation24434,"Yeayy akhirnya lumayan gercep semangat trus bang rizky and team, rasanya udh lama bgt menunggu akhirnya😂❤",0,,
UgypKM7UZzuZ1BynsBp4AaABAg.A-3G7PaBJrAA-3MtlMKDz2,,0,"2024-01-27 05:13:30",@RizkyRiplay,"makasi sudah nonton yaa☺️",1,UgypKM7UZzuZ1BynsBp4AaABAg,@obligation24434
UgwJgRIkGQMitHU3yjB4AaABAg,1,0,"2024-01-27 04:12:37",@Fieefp,"Yah telat 2 jam gpp asalkan nonton 👁👄👁👍",0,,
UgwJgRIkGQMitHU3yjB4AaABAg.A-3Fvo8htqbA-4Um77GjV8,,0,"2024-01-27 15:41:36",@RizkyRiplay,"gapapaaa makasi sudah nonton yaa",1,UgwJgRIkGQMitHU3yjB4AaABAg,@Fieefp
UgyA9RddwqPG3eESEBZ4AaABAg,1,0,"2024-01-27 04:12:28",@bebyqueena-kw6fo,"sepupu ku sering maen judi online sampe abis duit ratusan juta trs jual rmh motor mobil..dikasih menang dulu pertama y kesini2 kalah trs penasaran sampe jual rmh mobil motor..dsr bego sepupu aqu..",0,,
UgyA9RddwqPG3eESEBZ4AaABAg.A-3Fuj6t6KuA-4UlE6TRxL,,0,"2024-01-27 15:41:29",@RizkyRiplay,"sistemnya emang bikin kecanduann, semoga ada banyak hikmah yang bisa dipetik dari vidoe ini yaa☺️",1,UgyA9RddwqPG3eESEBZ4AaABAg,@bebyqueena-kw6fo
UgxU3lwFAddqJZX-CSx4AaABAg,1,0,"2024-01-27 04:12:21",@owner_tai,"kak Rizky akhir akhir ini aku sering banget nntn animasi kak rizky karena menghibur dikala rebahan mksh ya udah nemenin aku",0,,
UgxU3lwFAddqJZX-CSx4AaABAg.A-3Ftt4qGxkA-4UfNKmmc5,,0,"2024-01-27 15:40:41",@RizkyRiplay,"yay senang bisa menghiburr",1,UgxU3lwFAddqJZX-CSx4AaABAg,@owner_tai
UgwOPlCQay0WSUKovl94AaABAg,1,1,"2024-01-27 04:10:55",@Satu13454,"Aneh orang sma gampang punya anak sementara ada orang yang nikah belum punya anak",0,,
UgwOPlCQay0WSUKovl94AaABAg.A-3FjLS1uMNA-4UeLMhRiG,,1,"2024-01-27 15:40:33",@RizkyRiplay,"ujian pernikahan gaess",1,UgwOPlCQay0WSUKovl94AaABAg,@Satu13454
UgzF8lQbFrrM6aEF2Gt4AaABAg,1,0,"2024-01-27 04:09:17",@AnisFitria-hh3ck,"Telat 2 jam g ngaruh 😅",0,,
UgzF8lQbFrrM6aEF2Gt4AaABAg.A-3FYPMoJgHA-4UcXe4Ufy,,0,"2024-01-27 15:40:18",@RizkyRiplay,"gapapaa makasi sudah nonton yaa",1,UgzF8lQbFrrM6aEF2Gt4AaABAg,@AnisFitria-hh3ck
UgxztZMbSyCqWrs014J4AaABAg,1,1,"2024-01-27 04:06:07",@YolanDea-x3z,"Bxk makna tersirat yg bisa kta ambl dr video2 yg di sediakan kak Rizky. Mntp bang. Skses slalu",0,,
UgxztZMbSyCqWrs014J4AaABAg.A-3FBFF3KKEA-4UbitoOwI,,0,"2024-01-27 15:40:11",@RizkyRiplay,"aamiin makasi doanya yaaa",1,UgxztZMbSyCqWrs014J4AaABAg,@YolanDea-x3z
UgzF_5swdN_J0dXE2uF4AaABAg,1,0,"2024-01-27 04:05:43",@dininur-vp9nc,"Semangat kak rizky",0,,
UgzF_5swdN_J0dXE2uF4AaABAg.A-3F8Edy2OwA-4UainjAm_,,0,"2024-01-27 15:40:03",@RizkyRiplay,"swiap makasi dukungannyaa yaaa",1,UgzF_5swdN_J0dXE2uF4AaABAg,@dininur-vp9nc
UgwArm7CPGvwKeY-KCh4AaABAg,1,0,"2024-01-27 04:03:06",@yuniyunsu7857,Hadirrr,0,,
UgwArm7CPGvwKeY-KCh4AaABAg.A-3Eq9Su_edA-4U_x_P0M1,,1,"2024-01-27 15:39:57",@RizkyRiplay,"haii makasi sudah nonton yaa",1,UgwArm7CPGvwKeY-KCh4AaABAg,@yuniyunsu7857
UgxyGPKpJC6M1T3nb_B4AaABAg,0,0,"2024-01-27 04:02:06",@dntryyyyy,"Akibat JUDOL",0,,
Ugy5NPeLZB8tuZOgFn54AaABAg,1,0,"2024-01-27 04:01:58",@muhammadyasin4297,"Tumben bang rizky nggk pelit😅😅mau berbagi wafer",0,,
Ugy5NPeLZB8tuZOgFn54AaABAg.A-3EhlctEcWA-4UZrXw5Td,,0,"2024-01-27 15:39:48",@RizkyRiplay,"gapapa waferr kan bukan duit😂",1,Ugy5NPeLZB8tuZOgFn54AaABAg,@muhammadyasin4297
Ugw_kotezRWkj1l8hz94AaABAg,1,0,"2024-01-27 04:00:20",@suliahsuliah7523,"Judi ...judi ..judi....meracuni kehidupan🎤🎤😂😂",0,,
Ugw_kotezRWkj1l8hz94AaABAg.A-3EWuwWS0BA-4UYJ1HkFS,,0,"2024-01-27 15:39:35",@RizkyRiplay,"semoga ada banyak hikmah yang bisa dipetik dari vidoe ini yaa☺️",1,Ugw_kotezRWkj1l8hz94AaABAg,@suliahsuliah7523
Ugx4gIrJyRB8SeA0K0t4AaABAg,1,0,"2024-01-27 04:00:11",@TheWarODss,"Jangan lah judi dosa ny besar bngt , cari pekerjaan halal lebih enak",0,,
Ugx4gIrJyRB8SeA0K0t4AaABAg.A-3EVje2NbKA-4UXpsu3nR,,0,"2024-01-27 15:39:31",@RizkyRiplay,"semoga ada banyak hikmah yang bisa dipetik dari vidoe ini yaa☺️",1,Ugx4gIrJyRB8SeA0K0t4AaABAg,@TheWarODss
UgwcvvWQydOGyJ_5nWJ4AaABAg,3,47,"2024-01-27 03:59:13",@Itspikacuy,"Sekarang tiko ya yg nempati rumah mang tahu tek🤣. Btw bisa pas banget aku juga lagi makan tango",0,,
UgwcvvWQydOGyJ_5nWJ4AaABAg.A-3EOgg-5nbA-4UWmByvPc,,3,"2024-01-27 15:39:22",@RizkyRiplay,"wih mantappp, nagih banget nii tangonyaa",1,UgwcvvWQydOGyJ_5nWJ4AaABAg,@Itspikacuy
UgwcvvWQydOGyJ_5nWJ4AaABAg.A-3EOgg-5nbA-9AiDlQEGH,,1,"2024-01-29 11:22:31",@AbdulRahman-iz7sb,"Bisa ingat ya kalo rumah Tiko punyanya mang tahu Tek 👍👍",1,UgwcvvWQydOGyJ_5nWJ4AaABAg,@Itspikacuy
UgwcvvWQydOGyJ_5nWJ4AaABAg.A-3EOgg-5nbA6uoOLmBCIq,,0,"2024-08-09 08:21:14",@wedasantika6079,"Dan akhirnya dapat makan gratis 😂",1,UgwcvvWQydOGyJ_5nWJ4AaABAg,@Itspikacuy
UgyIJJ7RVX-NQqXP7ex4AaABAg,2,0,"2024-01-27 03:56:44",@mustaghfirin7450,"Emg benar judi membuat kehilangan segalanya smpai² harus bertengkar sama keluarga sendiri karna harus menjual tanah ortu nya buat modal judi online/slot itu sendiri..",0,,
UgyIJJ7RVX-NQqXP7ex4AaABAg.A-3E6Vb7p7rA-4UUA9DVTN,,0,"2024-01-27 15:39:01",@RizkyRiplay,"semoga ada banyak hikmah yang bisa dipetik dari vidoe ini yaa☺️",1,UgyIJJ7RVX-NQqXP7ex4AaABAg,@mustaghfirin7450
UgyIJJ7RVX-NQqXP7ex4AaABAg.A-3E6Vb7p7rA-4VxrEkcPT,,0,"2024-01-27 15:51:57",@mustaghfirin7450,"@RizkyRiplay Aamiin YRA.. suksess selalu yh bg Rizky 👍👍",1,UgyIJJ7RVX-NQqXP7ex4AaABAg,@mustaghfirin7450
UgyU3Afqr-Akw3ReZLJ4AaABAg,1,0,"2024-01-27 03:56:44",@SalsabilNabilah-cx6ds,"Semangat ya kak😆😆😆😆😆",0,,
UgyU3Afqr-Akw3ReZLJ4AaABAg.A-3E6TvaUF1A-4UTVMQ1ta,,0,"2024-01-27 15:38:55",@RizkyRiplay,"swiap makasi dukungannyaa yaa",1,UgyU3Afqr-Akw3ReZLJ4AaABAg,@SalsabilNabilah-cx6ds
Ugw4a2CigPY-tYjvZa14AaABAg,2,0,"2024-01-27 03:56:03",@Sinta_Official_13,"maaf ya bang telat 2 Jam",0,,
Ugw4a2CigPY-tYjvZa14AaABAg.A-3E1T6WIX6A-4USi2oHPb,,0,"2024-01-27 15:38:49",@RizkyRiplay,"gapapaa makasi sudah nonton yaa",1,Ugw4a2CigPY-tYjvZa14AaABAg,@Sinta_Official_13
Ugw4a2CigPY-tYjvZa14AaABAg.A-3E1T6WIX6A-5gBoeTa0b,,0,"2024-01-28 02:49:21",@Sinta_Official_13,"iya sama sama",1,Ugw4a2CigPY-tYjvZa14AaABAg,@Sinta_Official_13
Ugy42qZmyQHoxbOZEbx4AaABAg,1,0,"2024-01-27 03:55:44",@dvncdave,"W lg d tahap depresi gara2 slot anj** krna yg gw cari bukan uangnya mungkin,krn setiap menang pun gk prnh gw nikmatin trus aj gw maenin lg ampe abis🥱🤪dn itu berulang trus sampe mental w skrng lg kena😭",0,,
Ugy42qZmyQHoxbOZEbx4AaABAg.A-3E-83cghXA-4UQVvlsak,,0,"2024-01-27 15:38:31",@RizkyRiplay,"yaampunn semoga kamu bisa segera keluar dari dunia perjudian yaa🥺🥺🥺",1,Ugy42qZmyQHoxbOZEbx4AaABAg,@dvncdave
UgwmuSV6VsMfuXHj2q54AaABAg,1,0,"2024-01-27 03:53:54",@Dindaa_809,"Keren banyak pesan""baik buat kita semua🙏🙏",0,,
UgwmuSV6VsMfuXHj2q54AaABAg.A-3DmnfevPzA-4UMjVF-0x,,1,"2024-01-27 15:38:00",@RizkyRiplay,"semoga ada banyak hikmah yang bisa dipetik dari vidoe ini yaa☺️",1,UgwmuSV6VsMfuXHj2q54AaABAg,@Dindaa_809
UgzT84g9y9AY77_cIzB4AaABAg,1,0,"2024-01-27 03:53:02",@Vytha06,"Pelajaran nih buat remaja remaja jangan berani berhubungan suami istri kalo belum siap",0,,
UgzT84g9y9AY77_cIzB4AaABAg.A-3DgNNi1MEA-4UM3wkxwy,,1,"2024-01-27 15:37:55",@RizkyRiplay,"yaps bener, minimal nikah duluu",1,UgzT84g9y9AY77_cIzB4AaABAg,@Vytha06
UgxvZnezH3fUPQbsqGR4AaABAg,1,0,"2024-01-27 03:52:26",@gzexxx,"Maap telat baru pulang sekolah 🎉",0,,
UgxvZnezH3fUPQbsqGR4AaABAg.A-3DbweJxe-A-4UKTGG95j,,0,"2024-01-27 15:37:42",@RizkyRiplay,"gapapaa makasii sudah nonton yaaa",1,UgxvZnezH3fUPQbsqGR4AaABAg,@gzexxx
UgxXY4EM9PnQSO-Wh4p4AaABAg,1,1,"2024-01-27 03:50:04",@adhityapradhana1369,"Semoga ini jadi pembelajaran. Btw ini kenyataan. Semenjak temen aku main judi online, malah jadi gak karu2an. Giliran dinasihati orang deketnya, malah marah2 tanpa alasan. Aku sering liat yang itu. 😢",0,,
UgxXY4EM9PnQSO-Wh4p4AaABAg.A-3DLi3HnPfA-4UJGCkIRE,,0,"2024-01-27 15:37:32",@RizkyRiplay,"semoga ada banyak hikmah yang bisa dipetik dari vidoe ini yaa☺️",1,UgxXY4EM9PnQSO-Wh4p4AaABAg,@adhityapradhana1369
UgzzXxilCNiX8NO45Md4AaABAg,2,0,"2024-01-27 03:50:01",@LindaMariani-gj5nz,"Ya mudahan judi online ini bisa berhentih dn ditangini oleh perintah .soal nya di kampung ku jga msih banyak yg main judi online ...",0,,
UgzzXxilCNiX8NO45Md4AaABAg.A-3DLJcMWkjA-4UHqiyukX,,0,"2024-01-27 15:37:20",@RizkyRiplay,"semoga ada banyak hikmah yang bisa dipetik dari vidoe ini yaa☺️",1,UgzzXxilCNiX8NO45Md4AaABAg,@LindaMariani-gj5nz
UgzzXxilCNiX8NO45Md4AaABAg.A-3DLJcMWkjA-5MvD_mdaM,,0,"2024-01-27 23:52:11",@LindaMariani-gj5nz,"Amin amin😊",1,UgzzXxilCNiX8NO45Md4AaABAg,@LindaMariani-gj5nz
Ugz-3UmbnVoWQz4VFkB4AaABAg,1,0,"2024-01-27 03:46:17",@kodrat_z1_black,"Judi itu haram jadi ambil lah video ini untuk beri pelajaran ❤ agar tidak di ulangin lagi❤🥰 semangat terus bg rizkiy",0,,
Ugz-3UmbnVoWQz4VFkB4AaABAg.A-3CuwiKGqjA-4UFVRmDka,,1,"2024-01-27 15:37:01",@RizkyRiplay,"siap makasi dukungannyaa yaaa",1,Ugz-3UmbnVoWQz4VFkB4AaABAg,@kodrat_z1_black
Ugwv3nkkfNwrj6n8utp4AaABAg,3,0,"2024-01-27 03:44:22",@user_3-4fg7,"Mas ku pernah judol",0,,
Ugwv3nkkfNwrj6n8utp4AaABAg.A-3Cgwt63G9A-4UEWt1eA1,,0,"2024-01-27 15:36:53",@RizkyRiplay,"seriusan? terus gimanaa?",1,Ugwv3nkkfNwrj6n8utp4AaABAg,@user_3-4fg7
Ugwv3nkkfNwrj6n8utp4AaABAg.A-3Cgwt63G9A-5eJbdFzjS,,0,"2024-01-28 02:32:56",@user_3-4fg7,"@RizkyRiplay seperti main sama yang ngejudol",1,Ugwv3nkkfNwrj6n8utp4AaABAg,@user_3-4fg7
Ugwv3nkkfNwrj6n8utp4AaABAg.A-3Cgwt63G9AGtCVc2xMXV,,0,"2025-04-14 06:36:08",@user_3-4fg7,"​@RizkyRiplaytpi pas ad Brita ,mas ku GK main judol lgi main ny ml",1,Ugwv3nkkfNwrj6n8utp4AaABAg,@user_3-4fg7
UgxEfMTe_sWIT-ZidSl4AaABAg,2,0,"2024-01-27 03:43:38",@ikhsanmaulana4325,"Makanya kalau udah lihat iklan game judi menang dapat uang jangan dimainin atau jangan tertipu, bisa bisa jadi gila kalau lihat hasilnya uang yang didapatkan dari game judi setelah menang nggak akan masuk ke saldo atm bni, bri, mandiri dan lain-lain. Mending tetap bersabar dan kerja dengan benar biar dapat rezeki dan uang😊😊😊😊",0,,
UgxEfMTe_sWIT-ZidSl4AaABAg.A-3Cbay6BuDA-4UD6-Lkfj,,0,"2024-01-27 15:36:41",@RizkyRiplay,"iklan judol emang semenarik ituu jadi bisa menbuat babyak orang terbuaii🥺semoga ada banyak hikmah yang bisa dipetik dari vidoe ini yaa☺️",1,UgxEfMTe_sWIT-ZidSl4AaABAg,@ikhsanmaulana4325
UgxEfMTe_sWIT-ZidSl4AaABAg.A-3Cbay6BuDA-55GR5P-jt,,0,"2024-01-27 21:17:56",@ikhsanmaulana4325,"@RizkyRiplay amiiin....🙏🏻🙏🏻🙏🏻🙏🏻",1,UgxEfMTe_sWIT-ZidSl4AaABAg,@ikhsanmaulana4325
UgyKWagzO1AANi-Mr7h4AaABAg,1,0,"2024-01-27 03:43:15",@ilham_09,"promosi judi ni kiw kiw😅",0,,
UgyKWagzO1AANi-Mr7h4AaABAg.A-3CZi7blUYA-4U9EUJLBf,,0,"2024-01-27 15:36:10",@RizkyRiplay,"mana ada woii🥺",1,UgyKWagzO1AANi-Mr7h4AaABAg,@ilham_09
UgzbOYOveJLq7K075ZJ4AaABAg,1,0,"2024-01-27 03:41:19",@arieslyrics8367,"Akhirnya upload lagi🎉",0,,
UgzbOYOveJLq7K075ZJ4AaABAg.A-3CL_G4CuUA-4U7LMwrby,,0,"2024-01-27 15:35:54",@RizkyRiplay,"makasi sudah nonton yaa",1,UgzbOYOveJLq7K075ZJ4AaABAg,@arieslyrics8367
Ugyt0XmtUpvvruMtZsZ4AaABAg,1,0,"2024-01-27 03:41:14",@NurAsiah-k4m,"😂😂 seru..serub cerita y kya mantan aku dulu🤭",0,,
Ugyt0XmtUpvvruMtZsZ4AaABAg.A-3CKzpPwNMA-4U6hSO_JC,,0,"2024-01-27 15:35:49",@RizkyRiplay,"semoga ada banyak hikmah yang bisa dipetik dari vidoe ini yaa☺️",1,Ugyt0XmtUpvvruMtZsZ4AaABAg,@NurAsiah-k4m
UgzZy9ZmPumz0nC6fYt4AaABAg,1,2,"2024-01-27 03:39:42",@baharitha-px5gg,"Widieeeehhh udah mau 10jt sub nieehh 🎉🎉🎉",0,,
UgzZy9ZmPumz0nC6fYt4AaABAg.A-3C9i5Qz4tA-4U60udC6a,,0,"2024-01-27 15:35:43",@RizkyRiplay,"alhamdulillah hehe",1,UgzZy9ZmPumz0nC6fYt4AaABAg,@baharitha-px5gg
UgydtSHmudWwgIp886R4AaABAg,1,19,"2024-01-27 03:38:21",@madhaverel,"Saya hadir dan support Kak Rizky terus dan kita bisa ambil hikmahnya dengan cara mencari rezeki yang halal dan jujur dan tidak terpengaruh oleh judi online ❤❤❤❤❤",0,,
UgydtSHmudWwgIp886R4AaABAg.A-3C-t5k9-mA-4U5Q0PX1O,,2,"2024-01-27 15:35:38",@RizkyRiplay,"semoga ada banyak hikmah yang bisa dipetik dari vidoe ini yaa☺️",1,UgydtSHmudWwgIp886R4AaABAg,@madhaverel
UgyPtEH3TQpyd59NBRB4AaABAg,2,4,"2024-01-27 03:37:30",@yoni1923,"sifat situs hanya ada 2 👉 tarik ulur dan tarik doang 1: tari ulur, = habis nyedot pasti ngasih tapi sedotannya lebih kencang daripada ngasihnya 2: tarik doang= situs khusus nyedot uang doang ngga akan mau ngasih bahkan sketer kosong. Tapi susah bedain antara yg 1 dan yg 2😂 krna saya pernah kerja di situs yg cuma narik uang orang doang, tapi sy sudah resign🤭",0,,
UgyPtEH3TQpyd59NBRB4AaABAg.A-3BubmZRU-A-4U4Iq2t5s,,1,"2024-01-27 15:35:29",@RizkyRiplay,"wih seriusann?? aku baru nih kalo ada 2 sistem ginii😱ngerii ngeriiiiii",1,UgyPtEH3TQpyd59NBRB4AaABAg,@yoni1923
UgyPtEH3TQpyd59NBRB4AaABAg.A-3BubmZRU-A-4WYLRiFvV,,0,"2024-01-27 15:57:04",@yoni1923,"@RizkyRiplay ya kalau lagi hoki ketemu situs yg ngasih diluan, kalau apes ya dpt situs yg dari awal daftar sampai berkali-kali nyoba tetap ngga akan menang.. promonya sama isinya beda, saran buat yg baru nyoba trus di kasih menang lebih baik stop dulu karna main di situs apapun ngga akan menang lagi, kecuali anda pelihara jin😂",1,UgyPtEH3TQpyd59NBRB4AaABAg,@yoni1923
UgxWtlOr0dYSaeE4LOZ4AaABAg,1,1,"2024-01-27 03:36:33",@keyluis...5804,"Iya ini nyata krn judi, tetangga aku yg sultan jadi miskin semua disita hilang karena judi,entah gimana dan dimana dia sekarang",0,,
UgxWtlOr0dYSaeE4LOZ4AaABAg.A-3BngnsAQtA-4TzIVd4sB,,0,"2024-01-27 15:34:40",@RizkyRiplay,"semoga ada banyak hikmah yang bisa dipetik dari vidoe ini yaa☺️",1,UgxWtlOr0dYSaeE4LOZ4AaABAg,@keyluis...5804
Ugx-tObBYUg-9zLEAbp4AaABAg,0,1,"2024-01-27 03:36:04",@LouvvICH,Yessss,0,,
Ugx1NQjvxL_AuogYN694AaABAg,1,0,"2024-01-27 03:34:47",@marwahspk7177,"Kenapa harus melakukan judi online, padahal bisa mencari uang menggunakan hewan, altraksi buruk parkit Australia, dan jual bawang hitam kenapa harus melakukan hal bodo seperti ini",0,,
Ugx1NQjvxL_AuogYN694AaABAg.A-3BahuCn_mA-4TyKXtRak,,0,"2024-01-27 15:34:32",@RizkyRiplay,"semoga ada banyak hikmah yang bisa dipetik dari vidoe ini yaa☺️",1,Ugx1NQjvxL_AuogYN694AaABAg,@marwahspk7177
UgxxKKAMHyw0z4RUcPp4AaABAg,1,0,"2024-01-27 03:34:27",@Riisav,"Bermakna sekali cerita kali ini krna tergiur sesuatu yg instan akhirnya kehilangan sesuatu yg sngt berharga😢",0,,
UgxxKKAMHyw0z4RUcPp4AaABAg.A-3BZDKm_fQA-4TvwFOTvs,,1,"2024-01-27 15:34:12",@RizkyRiplay,"semoga ada banyak hikmah yang bisa dipetik dari vidoe ini yaa☺️",1,UgxxKKAMHyw0z4RUcPp4AaABAg,@Riisav
UgzoTrLAmZfnqudxz2J4AaABAg,2,0,"2024-01-27 03:34:13",@Ray_1801,"Nyelip lg nihh tango😅",0,,
UgzoTrLAmZfnqudxz2J4AaABAg.A-3BXXais3YA-4TvL1QPjZ,,0,"2024-01-27 15:34:07",@RizkyRiplay,"wkwk camilan terenakk buatt nongkrong bareng temann",1,UgzoTrLAmZfnqudxz2J4AaABAg,@Ray_1801
UgzoTrLAmZfnqudxz2J4AaABAg.A-3BXXais3YA-4UD82e_7k,,0,"2024-01-27 15:36:41",@Ray_1801,"@RizkyRiplay Berapa lapiiisss?",1,UgzoTrLAmZfnqudxz2J4AaABAg,@Ray_1801
UgwdCG_aTCx76u297wB4AaABAg,1,0,"2024-01-27 03:33:16",@snowgolem967,"Judi Online Cuma Nguntungin Bandarnya Aja 😉",0,,
UgwdCG_aTCx76u297wB4AaABAg.A-3BQaSHvjxA-5t9d97qOk,,0,"2024-01-28 04:42:39",@RizkyRiplay,"bener bangettt",1,UgwdCG_aTCx76u297wB4AaABAg,@snowgolem967
Ugws9o4QZBKPWCBHxIZ4AaABAg,1,0,"2024-01-27 03:32:48",@ArfanIcan,"Awlnya emg kaya😂 selanjutnya pasti sengsara😅 bgtulah dunia.. tp orang kaya gda yg kaya karna judi itu sudah hukum mutlak kamu cuma nafkahin bandar doang slama ini😅",0,,
Ugws9o4QZBKPWCBHxIZ4AaABAg.A-3BNBB8DLlA-5siu8PYHF,,0,"2024-01-28 04:38:52",@RizkyRiplay,"semoga ada banyak hikmah yang bisa dipetik dari video ini yaaa☺️",1,Ugws9o4QZBKPWCBHxIZ4AaABAg,@ArfanIcan
UgwvzcIk9uufCTsOiL14AaABAg,8,55,"2024-01-27 03:30:56",@arisputra2925,"Itulah kenapa orang tua melarang kita berpacaran karena masa sekolah lebih indah dibanding dunia kerja",0,,
UgwvzcIk9uufCTsOiL14AaABAg.A-3B9Ugo3PNA-5siHQ3dCD,,3,"2024-01-28 04:38:46",@RizkyRiplay,"semoga ada banyak hikmah yang bisa dipetik dari video ini yaaa☺️",1,UgwvzcIk9uufCTsOiL14AaABAg,@arisputra2925
UgwvzcIk9uufCTsOiL14AaABAg.A-3B9Ugo3PNA6ukZJmWRRi,,1,"2024-08-09 07:47:47",@wedasantika6079,"Gara² sex sebelum nikah ya Keluargaku ada yg gitu",1,UgwvzcIk9uufCTsOiL14AaABAg,@arisputra2925
UgwvzcIk9uufCTsOiL14AaABAg.A-3B9Ugo3PNA8aio7HA83S,,0,"2024-09-20 06:10:26",@arisputra2925,"Komen e wong goblok/mendo",1,UgwvzcIk9uufCTsOiL14AaABAg,@arisputra2925
UgwvzcIk9uufCTsOiL14AaABAg.A-3B9Ugo3PNA8aivdQBFA4,,0,"2024-09-20 06:11:28",@arisputra2925,"@Uhuyyy50 makan'ne talah awmu iku ojo dadi rombongan ne wong mendo komen e wong culun gak bisa berpikir kritis",1,UgwvzcIk9uufCTsOiL14AaABAg,@arisputra2925
UgwvzcIk9uufCTsOiL14AaABAg.A-3B9Ugo3PNA8dNOgK3Guw,,4,"2024-09-21 06:52:18",@Dipzz860,"Masa sekolah lebih indah?bodoh masa kerja lebih indah bisa ngasilin uang sendiri apa apa bisa sendiri gaperlu tergantung sama org",1,UgwvzcIk9uufCTsOiL14AaABAg,@arisputra2925
UgwvzcIk9uufCTsOiL14AaABAg.A-3B9Ugo3PNA8fdo4ljDpa,,0,"2024-09-22 04:02:57",@arisputra2925,"Ati mu toto en ojo suson awmu iku pola pikire cetek/dangkal berumah tangga itu tanggung jawabnya besar harus memenuhi kebutuhan istri dan anak kalau kondisi ekonomi belum stabil dan gaji didapatkan dari pekerjaan yang kita sukai masih UMR belum tentu mendapatkan gaji besar kecuali pengalaman kerja, skill sudah cukup atau jabatan yang setara manajer/direktur makan'nya mas sebelum komentar/kasih saran/pendapat otaknya harus diasah supaya terlatih berpikir kritis, problem solving, dll matur nuwun 🙏",1,UgwvzcIk9uufCTsOiL14AaABAg,@arisputra2925
UgwvzcIk9uufCTsOiL14AaABAg.A-3B9Ugo3PNA8fkzhkdUYf,,0,"2024-09-22 05:05:42",@arisputra2925,"@Dipzz860 hei mas buka en pikiran mu buka mata kamu iya bekerja dengan keringat atau usaha sendiri bisa membelikan apapun tanpa harus bergantung dengan orang lain terutama orang tua tapi kalau bisa belajar mengelola, mengatur keuangan, investasi di bidang mas sukai misal properti, saham atau crypto dengan invest bisa belajar adanya resiko rugi butuh waktu lama untuk riset dan belajar investasi memang investasi tidak akan bikin kaya karena di dunia ini tidak ada yang serba instan jadi uang dari hasil usaha sendiri bisa ditabung buat dana darurat, masa depan, dana pensiun dll. Semoga mas nya bisa lebih bijak dan bisa berpikir kritis sebelum kasih pendapat/komentar",1,UgwvzcIk9uufCTsOiL14AaABAg,@arisputra2925
UgwvzcIk9uufCTsOiL14AaABAg.A-3B9Ugo3PNA8g9bbpDuEi,,0,"2024-09-22 08:49:36",@arisputra2925,"Terserah kamu pikir aja sendiri susah ladenin orang yang gak berpendidikan atau tidak bisa berpikir kritis",1,UgwvzcIk9uufCTsOiL14AaABAg,@arisputra2925
UgwEVMW7aiIxZ3ID6ah4AaABAg,1,0,"2024-01-27 03:28:26",@aareaja783,"Walawe untung saja dia tidak antar paket ke koh aliong lo, bisa kena hantam punya",0,,
UgwEVMW7aiIxZ3ID6ah4AaABAg.A-3AsGcIpMrA-5tE-xEwg-,,0,"2024-01-28 04:43:14",@RizkyRiplay,"semoga ada banyak hikmah yang bisa dipetik dari video ini yaaa☺️",1,UgwEVMW7aiIxZ3ID6ah4AaABAg,@aareaja783
Ugy259T66UmHY1WkDwB4AaABAg,1,2,"2024-01-27 03:28:15",@hhsadrrr,"Yang ditunggu-tunggu akhirnya tayang~ semangatt terus kak rizky n team(⁠≧⁠▽⁠≦⁠)",0,,
Ugy259T66UmHY1WkDwB4AaABAg.A-3AqvfKzrAA-5tDLtF8lw,,0,"2024-01-28 04:43:09",@RizkyRiplay,"swiap makasi supportnyaa yaa",1,Ugy259T66UmHY1WkDwB4AaABAg,@hhsadrrr
UgwvGWJO8HPYJiAnvcN4AaABAg,1,1,"2024-01-27 03:27:00",@azizahistiqomah9326,"Ya Allah 😢 sangat bahaya sekali judi online",0,,
UgwvGWJO8HPYJiAnvcN4AaABAg.A-3AhiJBodVA-5tCV3avJf,,1,"2024-01-28 04:43:02",@RizkyRiplay,"bahaya bwangettt",1,UgwvGWJO8HPYJiAnvcN4AaABAg,@azizahistiqomah9326
Ugy5W6joxHbf4iepZzx4AaABAg,2,7,"2024-01-27 03:26:47",@rizkyaldiansyah7870,"akhirnya yang ditunggu-tunggu tayang jugaa, semangat bang riski ngontenya🎉🎉",0,,
Ugy5W6joxHbf4iepZzx4AaABAg.A-3Ag8MMf7ZA-5tBud7caK,,1,"2024-01-28 04:42:57",@RizkyRiplay,"swiap makasi dukungannyaa yaaa",1,Ugy5W6joxHbf4iepZzx4AaABAg,@rizkyaldiansyah7870
Ugy5W6joxHbf4iepZzx4AaABAg.A-3Ag8MMf7ZAO2Vh7BLy1m,,0,"2025-10-09 06:16:02",@afillioyoyo,"🎉🎉🎉🎉 selamat hari ke 1tahun selamat ya🎉🎉🎉🎉🎉",1,Ugy5W6joxHbf4iepZzx4AaABAg,@rizkyaldiansyah7870
UgzdomZGgkfwPdvIBUd4AaABAg,0,0,"2024-01-27 03:26:33",@ellaloveblue993,"Btul bgt judol emg meresahkan...klw udh sekali nyoba bklan ketagihan....makanya suamiq aq larang nyoba"" top'up"" judol gtuan,klw cman skdar main bwt hiburan aja boleh,aq gk mw dy ketagihan,selain menghabiskan uang,judi khan jga dosa uangnya haram.",0,,
UgyolY-kfvlCgswF-f54AaABAg,0,0,"2024-01-27 03:26:12",@Real_Madrid27,"Manrap bg ky😊",0,,
UgwJ8B-bxnG_vJ_9YZF4AaABAg,0,0,"2024-01-27 03:19:25",@joviputra2143,"Semangat ya bang Rizky Riplay dan udah Like",0,,
UgzuvF4vSBcVBHp-hJh4AaABAg,0,0,"2024-01-27 03:19:00",@danusubekti9081,"Kak risky request dong cak waw",0,,
UgwoFU7XXW_yu7OMiXV4AaABAg,1,0,"2024-01-27 03:18:14",@sunade_aje28,"Aduhhh jadii pelajaran buat saya yg masih smk......",0,,
UgwoFU7XXW_yu7OMiXV4AaABAg.A-39hThMpqzA-39wgSfEZN,,0,"2024-01-27 03:20:18",@sunade_aje28,"Kaya ny bng rizky riplay pengen dpt. BT L In tambahan dari tangoo ....hihihi",1,UgwoFU7XXW_yu7OMiXV4AaABAg,@sunade_aje28
UgyObFGDGqYSiGDbt-d4AaABAg,0,0,"2024-01-27 03:17:48",@tedikurniawanmiauw,"Udah sudah tanya yang keluarga bisa masuk surga amin berkah borakah pahala amin alllah SWT berfirman mahal. 😢 Dengan sedih . Hormatian panitia lancar amin 🇧🇭. Merdeka maju . Oke langsung.pernikajh huruyani.",0,,
UgxgZq1e3DM8SMFI8XB4AaABAg,0,1,"2024-01-27 03:17:13",@popyayusmikha9215,"Akhirnya bang Rizky upload juga semangat terus ya bang Rizky ✨✨",0,,
Ugx8a-PZAomsprV9CbJ4AaABAg,0,0,"2024-01-27 03:16:53",@Zhonglesi,"pengajaran yang dapat kita ambil dari video adalah jangan pacaran kalau tidak mau hamil duluan dan berbuat zina dan juga jangan bermain karena dapat merusak pikiran kita",0,,
UgydBS4kBM6o23z-J7l4AaABAg,0,0,"2024-01-27 03:16:47",@fidastyawati9040,"Nilai anak muda Indonesia banyak yang hamil duluan anak dibuang dan menjadi kasus..tapi seakan akan sekarang dianggap lumrah padahal itu penyakit",0,,
UgzeXOjehOmHv3B2aup4AaABAg,15,559,"2024-01-27 03:16:11",@CahCilacap96,"Pehh 1 jam wes ruame 😂 yok bisa yok 1jt viewers",0,,
UgzeXOjehOmHv3B2aup4AaABAg.A-39TTQ8N3hA-5tIPyNgJ1,,71,"2024-01-28 04:43:51",@RizkyRiplay,"alhamdulillah hrhehe😂semoga ada banyak hikmah yang bisa dipetik dari video ini yaaa☺️",1,UgzeXOjehOmHv3B2aup4AaABAg,@CahCilacap96
UgzeXOjehOmHv3B2aup4AaABAg.A-39TTQ8N3hA1xmzK2u-j3,,10,"2024-04-08 05:29:41",@junigz,"1.9 juta cuy",1,UgzeXOjehOmHv3B2aup4AaABAg,@CahCilacap96
UgzeXOjehOmHv3B2aup4AaABAg.A-39TTQ8N3hA35JhKpdJg8,,1,"2024-05-06 09:29:39",@ZainPlayChannel,"​@lonjwinfullsun3462itu subscriber bukan viewers",1,UgzeXOjehOmHv3B2aup4AaABAg,@CahCilacap96
UgzeXOjehOmHv3B2aup4AaABAg.A-39TTQ8N3hA35JjZ1drNJ,,6,"2024-05-06 09:29:57",@ZainPlayChannel,"​@junigzskrg udah 2,2jt viewers",1,UgzeXOjehOmHv3B2aup4AaABAg,@CahCilacap96
UgzeXOjehOmHv3B2aup4AaABAg.A-39TTQ8N3hA9NIq6ezPMI,,3,"2024-10-09 12:16:48",@076cca8,"sekarang udah 3 jutaan 😊",1,UgzeXOjehOmHv3B2aup4AaABAg,@CahCilacap96
UgzeXOjehOmHv3B2aup4AaABAg.A-39TTQ8N3hA9Swqnxdz5F,,1,"2024-10-11 16:51:22",@Daiz_Dais_Official,"​@076cca8Terima kasih kembali",1,UgzeXOjehOmHv3B2aup4AaABAg,@CahCilacap96
UgzeXOjehOmHv3B2aup4AaABAg.A-39TTQ8N3hAAoCVSL7dvj,,1,"2024-11-14 04:51:33",@FazaZa-ki8fr,😊😊,1,UgzeXOjehOmHv3B2aup4AaABAg,@CahCilacap96
UgzeXOjehOmHv3B2aup4AaABAg.A-39TTQ8N3hAHTAobu_JV5,,1,"2025-04-28 15:13:17",@ArgaSelebgram,"4,5 JT views",1,UgzeXOjehOmHv3B2aup4AaABAg,@CahCilacap96
UgzeXOjehOmHv3B2aup4AaABAg.A-39TTQ8N3hAISlDGzZcHI,,0,"2025-05-23 07:52:15",@Yuuu-m7d,"4,9 views​@ArgaSelebgram",1,UgzeXOjehOmHv3B2aup4AaABAg,@CahCilacap96
UgzeXOjehOmHv3B2aup4AaABAg.A-39TTQ8N3hAIohHGmFPGa,,0,"2025-06-01 05:40:23",@kacing-g3k,"Udh 5 juta",1,UgzeXOjehOmHv3B2aup4AaABAg,@CahCilacap96
UgzeXOjehOmHv3B2aup4AaABAg.A-39TTQ8N3hAM1wihRrOim,,0,"2025-08-20 07:58:53",@DAY11hidayat,"Sekarang uda 12.8jt bang😂",1,UgzeXOjehOmHv3B2aup4AaABAg,@CahCilacap96
UgzeXOjehOmHv3B2aup4AaABAg.A-39TTQ8N3hAO2VPjWZ4ny,,1,"2025-10-09 06:13:31",@afillioyoyo,"Saya dari masa depan 🙋🙋",1,UgzeXOjehOmHv3B2aup4AaABAg,@CahCilacap96
UgzeXOjehOmHv3B2aup4AaABAg.A-39TTQ8N3hAODe6PUD1OH,,1,"2025-10-13 14:09:54",@kenziemaulana1889,"​@afillioyoyo oh... iyakah? Saya dari 2027 dan view disini sudah 17.8jt nih😂😂 Becanda doang sih😅",1,UgzeXOjehOmHv3B2aup4AaABAg,@CahCilacap96
UgzeXOjehOmHv3B2aup4AaABAg.A-39TTQ8N3hARhsuLICss5,,1,"2026-01-08 06:49:50",@HerliPrasetyo,"Ora ngapak ora kepenak",1,UgzeXOjehOmHv3B2aup4AaABAg,@CahCilacap96
UgzeXOjehOmHv3B2aup4AaABAg.A-39TTQ8N3hAVT6FOk7YX5,,1,"2026-04-11 13:52:54",@ZIDANFT1,"Udh 7 jt",1,UgzeXOjehOmHv3B2aup4AaABAg,@CahCilacap96
UgxGfMAPhfaAhVzizph4AaABAg,0,0,"2024-01-27 03:14:38",@aiDictive1,"Tumben kak Rizki, gak ada openingnya..",0,,
UgxKWYVqQ3AawQa4hHp4AaABAg,0,1,"2024-01-27 03:14:05",@cosmosbunga9733,"Udah susah ketimpa lebih susah.. naroh ipon nya gk di tutup ...lacinya wtf",0,,
Ugz-PbsAz0iLmbr-d-l4AaABAg,1,4,"2024-01-27 03:12:45",@mod8121,"Telat 1 jam ka rizky",0,,
Ugz-PbsAz0iLmbr-d-l4AaABAg.A-394I7GjCHA-5tH2iw8g1,,0,"2024-01-28 04:43:40",@RizkyRiplay,"gapapaaa makasii sudah nonton yaaaaa, semoga ada banyak hikmah yang bisa dipetik dari video ini yaaa☺️",1,Ugz-PbsAz0iLmbr-d-l4AaABAg,@mod8121
UgwCu_sS3XkCCvx01Ld4AaABAg,0,1,"2024-01-27 03:11:01",@ghosthunterschannel5092,"Pagi bang...hadir pagi hari bang..",0,,
Ugyl06hDcsMnxg5lXdp4AaABAg,0,1,"2024-01-27 03:09:26",@bonbon_sihombing18,"Yey, akhir pekan selalu happy karena melihat video animasi dari Bang Rizky yang selalu memberikan hiburan dan pesan moral di dalamnya. Good luck ya bang🤗🤗😄😄",0,,
UgxTwyqzpiELA4ff0Cl4AaABAg,0,0,"2024-01-27 03:09:15",@sat4690,"intinya kita divideo ini tuh harus ngerti resiko tinggi dan tanggung jawab ketika melakukan sesuatu.",0,,
Ugy40BM7jm-xQJoQk214AaABAg,0,0,"2024-01-27 03:06:47",@SriLestari-nt9kg,"Bjirrr 1 jam yang lalu",0,,
Ugw5lzwqosVoly2AOeh4AaABAg,0,6,"2024-01-27 03:04:27",@Kartikahan,"Semangat otw dikit lagi 10jt subscriber nih bang rizky dan team😍🙌",0,,
UgyFCeU09lHRbhqR2fB4AaABAg,0,1,"2024-01-27 03:03:30",@AalBaba-y6q,"Mudahan di tutup judi",0,,
Ugx5JQ3U9INGpY88OXZ4AaABAg,0,1,"2024-01-27 03:02:49",@lipret26,"Jangan ikut judi dalam bentuk apapun karena judi itu akan menghancurkan semuanyaaa dari diri sendiri sampai orang lain",0,,
UgxMnU4En2c4-xSvdyl4AaABAg,0,0,"2024-01-27 03:00:51",@dewiputrynr,"Bang bikin konten horor saranjana",0,,
Ugy-EIyu4mfXCVUHtO54AaABAg,2,30,"2024-01-27 03:00:35",@EchaPesex,"Ya Allah udh telat 1 jam Gpp dech telat nonton yg pntg tetep setia nonton Sdh kuduga psti ceritanya seruuu dan bnyk pesan moral jga..... Sukses selalu buat bang Rizky dan team",0,,
Ugy-EIyu4mfXCVUHtO54AaABAg.A-37gD621-VA0YXx2XARy_,,0,"2024-03-04 04:17:55",@Alexaaps,"telat satu jam LEBAY TAIIIIII",1,Ugy-EIyu4mfXCVUHtO54AaABAg,@EchaPesex
Ugy-EIyu4mfXCVUHtO54AaABAg.A-37gD621-VAKTuKnWeChn,,0,"2025-07-12 11:33:57",@RISKASAP-n1w,"Telat 1 tahun",1,Ugy-EIyu4mfXCVUHtO54AaABAg,@EchaPesex
UgwuoLYqJshwJ5CnUVB4AaABAg,0,0,"2024-01-27 02:59:12",@Nurulalfiah4792,"Semangat kk bkin konten kartun gini yang dtunggu² dteng juga 🎉",0,,
Ugw-Sg3hpHZIrT7bnnV4AaABAg,0,0,"2024-01-27 02:58:12",@t3485d,"judol judi online jelek",0,,
UgwtWOdAu-3raydeEsd4AaABAg,0,6,"2024-01-27 02:57:30",@sarasdewimamihurka3846,"Pokoknya, hidupmu akan sengsara! Berhentilah sebelum kamu di habisi oleh nafsu serakah dalam meja perjudian. Btw makasih bang rizky buat videonya..D tunggu video"" selanjutnya",0,,
UgxR2jGr6DcMTAAP8CV4AaABAg,0,0,"2024-01-27 02:56:03",@asepsawasep6234,"Aaaa akhirnyaa udah uploddd🎉",0,,
UgzBpxJdEHSE2kFr0yN4AaABAg,0,0,"2024-01-27 02:55:22",@Khaii_Art,"1 jam yang lalu gpp lah",0,,
UgycCa1XhhGh3kboYPd4AaABAg,0,0,"2024-01-27 02:55:09",@nadivanadiva6753,"Selamat makan semuaaaaa",0,,
UgwYYvlvqoH3yHv0VUx4AaABAg,0,0,"2024-01-27 02:54:48",@Melihara_kucing,"Banyak situs web bikinn kya gtu dri komputer",0,,
UgwuVU-rFm_1Vi8l82J4AaABAg,0,24,"2024-01-27 02:54:03",@zakyahmad8404,"Hujan2 gini sambil nonton animasi RizkyRiplay..mantap deh 👍👍👍👍👍",0,,
UgxU-4KWfJ0sr65s6BJ4AaABAg,0,0,"2024-01-27 02:53:30",@Melihara_kucing,"Itu setingan situs web itu web bikinn dari komputer",0,,
UgyxNKLbDLp6WKEkQSB4AaABAg,0,0,"2024-01-27 02:53:19",@ambyarFadhee,"Judi bisa membuat dosa kan",0,,
UgxqOK9CIrQyBTznf6l4AaABAg,0,1,"2024-01-27 02:52:09",@Frostkina_officy,"Bang,Ini emang gak ada suaranya???,Tpi gpp soalnya pake subtitle walau kadang agak GK jelas😅,TPI msh bisa nonton,Btw semangat ya bang😄🙏",0,,
UgyeK8KbhlkkqTVapJh4AaABAg,0,0,"2024-01-27 02:51:39",@jnrzdwi,"Andai besok upload lagi😂",0,,
UgwUGynKHYqjr2Hi5AJ4AaABAg,0,0,"2024-01-27 02:51:31",@Jack-Z1RO,"Telat satu Jam ga ngaruh 😎",0,,
UgzHM8hJI0LvjQfQz5d4AaABAg,0,1,"2024-01-27 02:51:29",@ytiyanrx,"Maksimal umur 25tahun pengalaman kerja 10tahun bejir 😂😂😂",0,,
UgzBFb1jvxyeOg7CfHF4AaABAg,0,0,"2024-01-27 02:51:15",@dramaelnur,"Paling suka sama animasi bang rizky😍👍pas banget lagi nonton nya sambil makan siang😂",0,,
UgxIqCA2tXjp8S6uUu94AaABAg,0,0,"2024-01-27 02:50:55",@Pansukit,"GACOR KANG",0,,
UgzA42GzghdMpbr-bwx4AaABAg,2,133,"2024-01-27 02:48:35",@mawarrezky9766,"ga bosen setiap nonton rizky riplay .. selalu ada pesan moral dr setiap alur ceritanya. 😍😍",0,,
UgzA42GzghdMpbr-bwx4AaABAg.A-36JLFg8x-A-BmfaUqGgN,,1,"2024-01-30 11:41:25",@NovaSari-bf7do,"sok yes",1,UgzA42GzghdMpbr-bwx4AaABAg,@mawarrezky9766
UgzA42GzghdMpbr-bwx4AaABAg.A-36JLFg8x-A06U4u10T0E,,0,"2024-02-22 06:45:27",@delliovra,"​@NovaSari-bf7dosok asik lo bg",1,UgzA42GzghdMpbr-bwx4AaABAg,@mawarrezky9766
Ugzp47KrIW-tkjp3-3V4AaABAg,0,0,"2024-01-27 02:47:58",@NegganXavier,"Slot cuma orang tolol yang berharap kaya",0,,
UgzBdhXZqrHWeMM7MmB4AaABAg,0,0,"2024-01-27 02:45:58",@nott8126,"moning Bos... trbaekk👍👍👍",0,,
UgyOkrHms-J_WfCNenZ4AaABAg,0,0,"2024-01-27 02:45:33",@Umisania,"Aku kagum deh sama kak rizky baru aja 1jam udah langsung ribuan yg like 😮😮",0,,
Ugy8dSmTJPRsQqL92SR4AaABAg,0,2,"2024-01-27 02:45:27",@Bilqisfaiharifda_731,"Semoga dimaafin rizky riplay karna telatt",0,,
Ugy9ixUhPpOgkXVE9Lp4AaABAg,0,2,"2024-01-27 02:45:14",@PAK_SYIEKH,"PESANAN SAYA, JANGAN LAH BERPACARAN, JIKA USIA MASIH TERLALU MUDA, LUPAKAN PACARAN, BELAJAR DAHULU, HABIS SEKOLAH, JIKA ADA REZEKI DAPAT MASUK UNIVERSITAS MASUK BELAJAR SEHINGGA HABIS DAN DAPAT KERJA YANG LAYAK, BARU DEH MELAMAR SUAMI ISTERI YANG SAH...., SALAM DARI MALAYSIA 🇲🇾",0,,
UgyjtBsahmxUfAj5qFp4AaABAg,0,0,"2024-01-27 02:44:56",@coctiyan,"Ayo semangat terus bikin video nya bang Riski",0,,
Ugy21Ia_EL7zEwG9nV94AaABAg,0,7,"2024-01-27 02:44:51",@hjevi3326,"Keren deh alurnya, selalu ada pesan moralnya. Animasinya semakin membaik. Team Rizky Riplay semanfat terus ya! Makasih sellau menghibur aku yang setiap sabtu minggu selalu bete",0,,
UgyATSFrsCPX36pqe6h4AaABAg,0,1,"2024-01-27 02:44:48",@Bilqisfaiharifda_731,"Yah telatttt 😢😢😢",0,,
UgyEOdqp0nsXmOByI1h4AaABAg,0,0,"2024-01-27 02:44:45",@AqilaAqila-w1i,"halo bang maf telat mulu😢 dan semoga abang bisa lebih sukses yah hehehe 😊❤ semangat terus",0,,
UgwFEu4BaTVdHpIpL6p4AaABAg,30,412,"2024-01-27 02:44:20",@ademelody37,"Temen saya (nama dirahasiakan) pun rungkad hidupnya gara gara judi slot, sebagian peralatan sound sistem udh dijual,sebagian lagi digadein,alat yg selebihnya udh disita terkait hutang piutang untuk depo slot. mobil dijual,toko udah tutup Krn abis modal,ketambah lagi bhya penyakit liver dan ginjalpun mengintai krn hobby minum khamr, ditambah lagi karena pernah berbuat dzolim kpd orang lain.mungkin skrng Yg tersisa tgl rumah,itupun berada diposisi rawan bencana longsor. alhmdulillah Allah maha membalas setiap perbuatan wlwpun saya gk mendoakan keburukan kpdnya. contoh pembelajaran jg buat diri saya sendiri dan bg siapapun agar tidak melakukan kesalahan yang sama jika gk mau sprt itu akibatnya (mau dianggap ngarang cerita kek sama bocil slot,mau gk percaya kek,silakan. No respon, Selesai !)",0,,
UgwFEu4BaTVdHpIpL6p4AaABAg.A-35pELQhetA-4a70lzPnH,,10,"2024-01-27 16:37:01",@ffferryihsanputraaa6182,"dosalu nyeritain aib orang",1,UgwFEu4BaTVdHpIpL6p4AaABAg,@ademelody37
UgwFEu4BaTVdHpIpL6p4AaABAg.A-35pELQhetA-4ivGkpbwV,,5,"2024-01-27 17:53:56",@aurakeysa8789,"​@ffferryihsanputraaa6182 emg iya ya walaupun salah?",1,UgwFEu4BaTVdHpIpL6p4AaABAg,@ademelody37
UgwFEu4BaTVdHpIpL6p4AaABAg.A-35pELQhetA-5TKSm3VFD,,0,"2024-01-28 00:48:12",@nggieoktav315,"@aurakeysa8789 , pikirin aja sendiri",1,UgwFEu4BaTVdHpIpL6p4AaABAg,@ademelody37
UgwFEu4BaTVdHpIpL6p4AaABAg.A-35pELQhetA-5UPuverOl,,24,"2024-01-28 00:57:41",@ademelody37,"@ffferryihsanputraaa6182 sini gw kasih paham ke kalian : disitu gw cuma ngjelasin dampak dari judi,efek minum khamr, beserta mendzolimi orang lain,itu semua bisa berakibat buruk,dan itu sbg contoh pembelajaran bwt diri gw sendiri,dan buat siapapun yg membaca tulisan gw agar gk ngelakuin kesalahan yang sama,lagian gw disitu gk nyebutin nama orangnya. Silakan kalian cermati lagi kata-kata gw sebelumnya (no debat,no respon). Selesai.",1,UgwFEu4BaTVdHpIpL6p4AaABAg,@ademelody37
UgwFEu4BaTVdHpIpL6p4AaABAg.A-35pELQhetA-5xjBB8gAA,,23,"2024-01-28 05:22:35",@hanywardhani1561,"​@ffferryihsanputraaa6182 nyeritain kalo di kasih tau namanya itu baru buka aib Laini orangnya aja kamu ga bakal tau, siapanya aja juga gatau. Aneh. Sok tau😂",1,UgwFEu4BaTVdHpIpL6p4AaABAg,@ademelody37
UgwFEu4BaTVdHpIpL6p4AaABAg.A-35pELQhetA-649M51JUM,,16,"2024-01-28 06:27:28",@oxfraaa,"​@ffferryihsanputraaa6182 itukan namanya di rahasiaiin bang dia juga nyeritain buat di ambil pelajaran buat kita semua ini abng nya gimana sih",1,UgwFEu4BaTVdHpIpL6p4AaABAg,@ademelody37
UgwFEu4BaTVdHpIpL6p4AaABAg.A-35pELQhetA-67rau2SQm,,0,"2024-01-28 06:59:51",@FunAIedits-l1v,"Siapa tukksss @ademelody37",1,UgwFEu4BaTVdHpIpL6p4AaABAg,@ademelody37
UgwFEu4BaTVdHpIpL6p4AaABAg.A-35pELQhetA-67vUSeimq,,2,"2024-01-28 07:00:23",@FunAIedits-l1v,"Parah janganlah teman teman semua",1,UgwFEu4BaTVdHpIpL6p4AaABAg,@ademelody37
UgwFEu4BaTVdHpIpL6p4AaABAg.A-35pELQhetA1GAYNkbBrT,,6,"2024-03-21 21:38:30",@agungmaulana7149,"​@ffferryihsanputraaa6182kan gak sebut merek",1,UgwFEu4BaTVdHpIpL6p4AaABAg,@ademelody37
UgwFEu4BaTVdHpIpL6p4AaABAg.A-35pELQhetA1IlO6cmnpb,,6,"2024-03-22 21:47:38",@aliimron1368,"Ada tmen gw juga mirip kisahnya sm tmen lu bang.. ada 2 orng yg jual mobil jual rumah karna judi slot. Ushanya hancur hutang numpuk dmna2.. Buat pmbljrn kita agar jgn sampai mngikuti jejak mreka.",1,UgwFEu4BaTVdHpIpL6p4AaABAg,@ademelody37
UgwFEu4BaTVdHpIpL6p4AaABAg.A-35pELQhetA2Rof_bOVro,,1,"2024-04-20 06:40:56",@Hasandominic11,"Pengarang handal",1,UgwFEu4BaTVdHpIpL6p4AaABAg,@ademelody37
UgwFEu4BaTVdHpIpL6p4AaABAg.A-35pELQhetA2WpFBqjYal,,0,"2024-04-22 05:22:08",@AhmadRifa-xk8ds,"Tapi untungnya dia menyembunyikan namanya ​@ffferryihsanputraaa6182",1,UgwFEu4BaTVdHpIpL6p4AaABAg,@ademelody37
UgwFEu4BaTVdHpIpL6p4AaABAg.A-35pELQhetA2r7_i0l7-m,,0,"2024-04-30 11:55:09",@toyotaalphard9797,"dirahasiakan namanya DOT dodot@ffferryihsanputraaa6182",1,UgwFEu4BaTVdHpIpL6p4AaABAg,@ademelody37
UgwFEu4BaTVdHpIpL6p4AaABAg.A-35pELQhetA2xP1karInq,,5,"2024-05-02 22:23:06",@blueggplant,"​@Hasandominic11Cieee pemain judol.",1,UgwFEu4BaTVdHpIpL6p4AaABAg,@ademelody37
UgwFEu4BaTVdHpIpL6p4AaABAg.A-35pELQhetA49KHMSTULQ,,2,"2024-06-01 19:23:04",@muslichatin7067,"Pokoknya judol dan yg mirip2 sm judol ati2. . Sudah banyak korban. Baik dr kluarga sy sndri, tetangga, teman. Sya pribadi dr dlu di tawarin modelan kek manapun g prnah kecantol buat ikut. Pernah smpek di kata2in gr2 gak ikutan. Ya Alhamdullilah g ikutan rugi saya.",1,UgwFEu4BaTVdHpIpL6p4AaABAg,@ademelody37
UgwFEu4BaTVdHpIpL6p4AaABAg.A-35pELQhetA5G5gjC9qoR,,0,"2024-06-29 07:01:40",@masdiky777,Xcxcxcxczc,1,UgwFEu4BaTVdHpIpL6p4AaABAg,@ademelody37
UgwFEu4BaTVdHpIpL6p4AaABAg.A-35pELQhetA6l2Km9emsP,,4,"2024-08-05 13:19:25",@Sandwichmaster88,"​@ffferryihsanputraaa6182dia gak nyebut nama kocak klo aib itu pake nama",1,UgwFEu4BaTVdHpIpL6p4AaABAg,@ademelody37
UgwFEu4BaTVdHpIpL6p4AaABAg.A-35pELQhetA7RCbsO6mdP,,2,"2024-08-22 07:36:36",@suryadani-jn6bs,"@ffferryihsanputraaa6182 ga nyebut nma gpp",1,UgwFEu4BaTVdHpIpL6p4AaABAg,@ademelody37
UgwFEu4BaTVdHpIpL6p4AaABAg.A-35pELQhetA7kh_Ppfic0,,2,"2024-08-30 06:40:42",@kahfie195,"​@ffferryihsanputraaa6182 kalau ga sebut nama itu bukan buka aib",1,UgwFEu4BaTVdHpIpL6p4AaABAg,@ademelody37
UgwFEu4BaTVdHpIpL6p4AaABAg.A-35pELQhetA9DlfBwwvlZ,,3,"2024-10-05 19:25:03",@RaKuatmbok-uw4oo,"Sya bukanya munafik , TPI sy jg pernah terjerat judol , brang2 hbis , sering brantem ma istri , TPI alhmdllh skrang dah berhenti , memang susah berhenti total , setiap inget kekalahan rsanya pngn main LG , TPI dlm hati gue bantah , apakah MW terus2san bikin sengsara kluarga'ku , semoga ja AQ bner2 bsa berhenti dari judol , dn untuk yg blm pernah main judol , jngn sampai coba2 maen , Karna dlu sy jg coba2 akhirnya terjerumus, ini buat pelajaran untuku .. hindari judol Karna judol membunuhmu secara perlahan ...",1,UgwFEu4BaTVdHpIpL6p4AaABAg,@ademelody37
UgwFEu4BaTVdHpIpL6p4AaABAg.A-35pELQhetA9FbrdiIGhh,,0,"2024-10-06 12:37:51",@RaKuatmbok-uw4oo,"@ademelody37 bner brow smnjak judi rasa was2 dn hati pun tdak pernh tenang ,,sy sndiri mngalami ..sy berharp gk da lg yg terjrat judol dn yg udah terjerumus ..hrus bsa mnahan nfsu untuk judol ..alihkan hri2mu dngn krja dn kluarga ,pokoknya intinya jngn smpe melamun sndri ,yg ahkirnya bosan dn rsa pngn depo kumat lagi..",1,UgwFEu4BaTVdHpIpL6p4AaABAg,@ademelody37
UgwFEu4BaTVdHpIpL6p4AaABAg.A-35pELQhetABLOO_mPCKk,,0,"2024-11-27 11:29:39",@rasyaadytia989,"ya kagaklah kocak kan namanya aja gadikasih tau sekalipun dikasih tau lu gabakal tau cik orngnya😂​@ffferryihsanputraaa6182",1,UgwFEu4BaTVdHpIpL6p4AaABAg,@ademelody37
UgwFEu4BaTVdHpIpL6p4AaABAg.A-35pELQhetACBINgy22q2,,1,"2024-12-18 09:56:05",@SubhanFadilah-l4s,"​@ffferryihsanputraaa6182apaan sih lu gaje banget namanya juga pembelajaran !!!!!",1,UgwFEu4BaTVdHpIpL6p4AaABAg,@ademelody37
UgwFEu4BaTVdHpIpL6p4AaABAg.A-35pELQhetAL4eF6SgSNR,,0,"2025-07-27 12:43:45",@MohidinAlfatir,"Bagus nih buat di angkat jadi cerita animasi",1,UgwFEu4BaTVdHpIpL6p4AaABAg,@ademelody37
UgwFEu4BaTVdHpIpL6p4AaABAg.A-35pELQhetALZZhn4hVm4,,1,"2025-08-08 12:51:50",@bigguy7156,"Slot udah di setting... Itu bukan judi... Tapi penipuan...",1,UgwFEu4BaTVdHpIpL6p4AaABAg,@ademelody37
UgwFEu4BaTVdHpIpL6p4AaABAg.A-35pELQhetANfgzQiuQeb,,0,"2025-09-30 00:21:37",@DavidDavidGilmour,"Oh ya lah",1,UgwFEu4BaTVdHpIpL6p4AaABAg,@ademelody37
UgwFEu4BaTVdHpIpL6p4AaABAg.A-35pELQhetAPJ7BfLhqLo,,1,"2025-11-09 13:40:22",@nastaintain4173,"Pasti penyabu juga😂",1,UgwFEu4BaTVdHpIpL6p4AaABAg,@ademelody37
UgwFEu4BaTVdHpIpL6p4AaABAg.A-35pELQhetARK96C93yrH,,0,"2025-12-29 16:19:07",@aminbe6330,"Sy sendiri hancur karena judol rumah kejual hutang dmna2 keluarga dan orang sekitar GK Percy lagi",1,UgwFEu4BaTVdHpIpL6p4AaABAg,@ademelody37
UgwFEu4BaTVdHpIpL6p4AaABAg.A-35pELQhetARK9I0ZAdw8,,0,"2025-12-29 16:20:44",@aminbe6330,"Tambah lagi Istri lahiran bahkan sy GK bisa ngasih ap2 buat anak sy buat beli susu aja di beliin orng saat ini gaji habis potong atas karena hutang judi dmna2",1,UgwFEu4BaTVdHpIpL6p4AaABAg,@ademelody37
UgwFEu4BaTVdHpIpL6p4AaABAg.A-35pELQhetAW5oehETj0Q,,0,"2026-04-27 09:19:20",@ralvinsimon2042,"Ada mobil kawan mu y. Orang kaya berarti",1,UgwFEu4BaTVdHpIpL6p4AaABAg,@ademelody37
UgxmsXkGmZRzwE1rE2J4AaABAg,0,0,"2024-01-27 02:44:07",@ikafitri52,"Kuhamil duluan sudah tiga bulan",0,,
Ugw-USQmSHQroi3hT9Z4AaABAg,0,0,"2024-01-27 02:43:33",@KamilaPutri-i4r,"gercepppp bang",0,,
Ugy73y2KpEKqcvL8tAp4AaABAg,0,0,"2024-01-27 02:43:32",@aidilramadhan9463,"smngat trus kontenya,ingat GK dh gunanya judi online GK dh gunanya,yg dh uang hbis gtu ja,mnding misalnya uang nya LBH sedekahkan yg GK mmpu GK bkln buat Klian miskin,krna rezeki Klian lebih tuh ada orang yg LBH membutuhkan LG",0,,
UgyQ0COh-DVUVS6uzPh4AaABAg,0,0,"2024-01-27 02:42:59",@okapernandes742,"Di tunggu episode kuyang dan mbak psycho terbaru 👍",0,,
UgwIwgfF7p5lYBtN_Ep4AaABAg,0,0,"2024-01-27 02:42:31",@saputriiadeliaaaaa,"Pcrr ku dluu kek gini ps kenal aku ku surh brenti dia brenti",0,,
UgwchvsNVoRTlwS7WT54AaABAg,0,0,"2024-01-27 02:42:20",@MalaProperty,"judol = ?????",0,,
Ugwd3SJpi12zYYIjnbR4AaABAg,0,2,"2024-01-27 02:41:59",@onisamastudio3284,"Eps animasi yg ini relate ama kehidupan nyata😢😢😢",0,,
Ugxk67b-lALxiFDL5VN4AaABAg,0,2,"2024-01-27 02:41:57",@Ilove_MySelf-99,"Telat 1 jam🗿",0,,
Ugzx-h-VulZZqNHp_kl4AaABAg,0,1,"2024-01-27 02:40:30",@annisamadjanamjoon433,"Permasalahan awalnya Jan nakal yahh buat cewek cowok apalagi sampe hamilin anak orang wkkwwk. Intinya siapin mental Ama finansial yang Bagus",0,,
UgzzWntS0IJ3jWX4ecB4AaABAg,0,0,"2024-01-27 02:40:02",@yoga_arista,"Lampung Sumatera selalu hadir",0,,
UgxCie8P11i-4VXe3MR4AaABAg,1,0,"2024-01-27 02:38:37",@Bapack_Lenin1917,"Kalau mau Kaya atau Untung harus Banting tulang alias Kerja Keras walaupun itu Pahit tapi bisa untung kalau semangat ketimbang main Judi Real life atau Online yang katanya bikin Untung dengan Mudah tapi kenyataannya Malah bikin menderita",0,,
UgxCie8P11i-4VXe3MR4AaABAg.A-35AIGkukjA-8vWDOuz70,,0,"2024-01-29 09:00:55",@RizkyRiplay,"yaps bener , kalau mau kaya harus kerja yaa jangan malah judi :(",1,UgxCie8P11i-4VXe3MR4AaABAg,@Bapack_Lenin1917
UgyO84YuNzrymNPf5A14AaABAg,0,0,"2024-01-27 02:37:36",@dyzanghe,"Bang upload 2 hari sekali napa weee😭masa harus nunggu lama buat nonton vidio abg",0,,
UgzD4yK1Bf7sL7tnkqR4AaABAg,0,0,"2024-01-27 02:35:35",@akhbarwahyuputra7261,Ll,0,,
UgzBMNhPW8WkgAxCOS54AaABAg,1,0,"2024-01-27 02:33:11",@UJI_CRAFT,"03:29 Gua kira ada yang nelpon pagi² eh ternyata dri vidionya si Rizky 😅",0,,
UgzBMNhPW8WkgAxCOS54AaABAg.A-34YbiPCOSA-38dd9CGHo,,0,"2024-01-27 03:08:58",@RizkyRiplay,"makasi sudah nonton yaa☺️",1,UgzBMNhPW8WkgAxCOS54AaABAg,@UJI_CRAFT
UgxTQ5Utbc6PvURF4KZ4AaABAg,2,0,"2024-01-27 02:31:21",@MrRyan269,"Ini masih gua lakuin sampe sekarang judi online yaa cuma kalo deposit dikit dikit aja paling 20 sampe 50k dan bisa menang 4 sampe 5 jutaan cuma ga terlalu sering main nya takut kalah. Ini buat ngisi waktu Luang aja waktu Libur buat cari duit tambahan😌😌🙈😂🙂",0,,
UgxTQ5Utbc6PvURF4KZ4AaABAg.A-34L5HCM0QA-38clGLSA2,,0,"2024-01-27 03:08:51",@RizkyRiplay,"hati hati yaaa, hati hatii bangett aku bilangg niii🥺🥺🥺",1,UgxTQ5Utbc6PvURF4KZ4AaABAg,@MrRyan269
UgxTQ5Utbc6PvURF4KZ4AaABAg.A-34L5HCM0QA-38mc8L9i_,,0,"2024-01-27 03:10:11",@MrRyan269,"@RizkyRiplay santai mas rizky lagian ga tiap hari juga maen nya cuma pas Waktu Kosong atau Libur doang kok👍😘😉",1,UgxTQ5Utbc6PvURF4KZ4AaABAg,@MrRyan269
UgzQFAX3R2NVVBDvVhd4AaABAg,2,1,"2024-01-27 02:31:06",@junikopancaanandaofficial2138,"Semangat KK q",0,,
UgzQFAX3R2NVVBDvVhd4AaABAg.A-34JMKU2vPA-38XMBb5Gc,,1,"2024-01-27 03:07:58",@RizkyRiplay,"swiap makasi supportnyaa yaaa",1,UgzQFAX3R2NVVBDvVhd4AaABAg,@junikopancaanandaofficial2138
UgzQFAX3R2NVVBDvVhd4AaABAg.A-34JMKU2vPA-3JtCVMA2I,,1,"2024-01-27 04:47:13",@junikopancaanandaofficial2138,"@RizkyRiplay sama sama KK q",1,UgzQFAX3R2NVVBDvVhd4AaABAg,@junikopancaanandaofficial2138
Ugx3cLUATEmhDN2QSS94AaABAg,1,0,"2024-01-27 02:30:36",@mohammaddodi,"Assalamu'alaikum penonton setia rizky adidharma hadir walaupun telat tetap nonton channel anda",0,,
Ugx3cLUATEmhDN2QSS94AaABAg.A-34FfgBDIwA-38WXA-iWf,,0,"2024-01-27 03:07:52",@RizkyRiplay,"waalaikumsalam, makasi sudah nonton yaa☺️",1,Ugx3cLUATEmhDN2QSS94AaABAg,@mohammaddodi
UgyhsQ_5WAGuzT9vjTp4AaABAg,1,0,"2024-01-27 02:29:16",@affanaffan936,Allo,0,,
UgyhsQ_5WAGuzT9vjTp4AaABAg.A-345rMg4kMA-38VjO6yVK,,0,"2024-01-27 03:07:45",@RizkyRiplay,"haii makasi sudah nonton yaa☺️",1,UgyhsQ_5WAGuzT9vjTp4AaABAg,@affanaffan936
Ugws8vtmCDvULi1FOUx4AaABAg,2,0,"2024-01-27 02:28:27",@Cahya_achan,"Seru banget kak rizky",0,,
Ugws8vtmCDvULi1FOUx4AaABAg.A-34-unvbIRA-38VDXv0S8,,0,"2024-01-27 03:07:41",@RizkyRiplay,"makasi sudah nonton yaa☺️",1,Ugws8vtmCDvULi1FOUx4AaABAg,@Cahya_achan
Ugws8vtmCDvULi1FOUx4AaABAg.A-34-unvbIRA-3D2-DEeM8,,0,"2024-01-27 03:47:23",@Cahya_achan,"@RizkyRiplay sama sama kak",1,Ugws8vtmCDvULi1FOUx4AaABAg,@Cahya_achan
UgzDYpUKGIC9LRJuMp54AaABAg,1,0,"2024-01-27 02:28:25",@veronikapurwati3682,"Menurutku Akar dari semua masalah mereka ya s*x bebas",0,,
UgzDYpUKGIC9LRJuMp54AaABAg.A-34-cqMGA1A-38UNRnb2n,,0,"2024-01-27 03:07:34",@RizkyRiplay,"semoga ada banyak hikmah yang bisa dipetik dari video inibyaa",1,UgzDYpUKGIC9LRJuMp54AaABAg,@veronikapurwati3682
UgztU1zEqkyteMchWtN4AaABAg,1,0,"2024-01-27 02:28:04",@ardhinurfirman9528,"Intinya jgn judi",0,,
UgztU1zEqkyteMchWtN4AaABAg.A-33y6CFt6BA-38SLtcYCs,,0,"2024-01-27 03:07:17",@RizkyRiplay,"yaps bener",1,UgztU1zEqkyteMchWtN4AaABAg,@ardhinurfirman9528
UgyfBkz_RjjN9OFJujJ4AaABAg,2,28,"2024-01-27 02:26:45",@vita-f8g,"Pelajaran yg di ambil : jangan mudah tergiur dengan hal "" yg instan karna bisa menyebabkan diri sendiri terjebak hal "" yg tidak baik 👍& jangan mudah percaya apapun yg serba instan & intinya berjuang apapun hasilnya 😊❤❤❤",0,,
UgyfBkz_RjjN9OFJujJ4AaABAg.A-33oOPQp8CA-38Rm5-DvM,,0,"2024-01-27 03:07:13",@RizkyRiplay,"yaps bener bangett, semoga ada banyak hikmahbyang bisa dipeyik dari video ini yaa",1,UgyfBkz_RjjN9OFJujJ4AaABAg,@vita-f8g
UgyfBkz_RjjN9OFJujJ4AaABAg.A-33oOPQp8CA2j3nfR040e,,0,"2024-04-27 08:48:10",@zulfikar5695,"makasii yaa bg pesan abg ini akan selalu aku ingat❤",1,UgyfBkz_RjjN9OFJujJ4AaABAg,@vita-f8g
UgzMzwHLauNxkL5xQIV4AaABAg,1,0,"2024-01-27 02:25:41",@OppoA3s-q3h,"Hadir penonton stia.. smoga di baless",0,,
UgzMzwHLauNxkL5xQIV4AaABAg.A-33gbWR_w2A-38P69hMuT,,0,"2024-01-27 03:06:51",@RizkyRiplay,"haii makasi sudah nonton yaa☺️",1,UgzMzwHLauNxkL5xQIV4AaABAg,@OppoA3s-q3h
UgxYLMIvOwcNhw06SHh4AaABAg,1,2,"2024-01-27 02:23:44",@beliungedit8864,"Kerenn ini mengajarkan agar kita tidak main judi😆 semangat bang rizky😁",0,,
UgxYLMIvOwcNhw06SHh4AaABAg.A-33TM2OCO_A-38MLqo8GD,,0,"2024-01-27 03:06:28",@RizkyRiplay,"swiap makasi dukungannya yaaa",1,UgxYLMIvOwcNhw06SHh4AaABAg,@beliungedit8864
Ugyu-DsNfvi_EYewAW54AaABAg,1,1,"2024-01-27 02:22:50",@Minuman-uo7ix,"Gtu donk bro, jgn horor terus bosen , sesekali Drakor gtu😅",0,,
Ugyu-DsNfvi_EYewAW54AaABAg.A-33Mmxc7rrA-38LUCI_Nu,,0,"2024-01-27 03:06:21",@RizkyRiplay,"makasi sudah nonton yaa☺️",1,Ugyu-DsNfvi_EYewAW54AaABAg,@Minuman-uo7ix
UgzrhXq87rEXnVPwAtp4AaABAg,1,0,"2024-01-27 02:22:47",@akangciwok.5679,"Hadir pagi kang Rizky mantap vidio nya 🎉",0,,
UgzrhXq87rEXnVPwAtp4AaABAg.A-33MMHqjlaA-38KmEqBu6,,0,"2024-01-27 03:06:15",@RizkyRiplay,"haii makasi sudah nonton yaa☺️",1,UgzrhXq87rEXnVPwAtp4AaABAg,@akangciwok.5679
UgxRYA-WkC_7-T1GK3V4AaABAg,1,9,"2024-01-27 02:21:54",@Linasevilla89,"Halo selamat pagi ka Rizky... Sehat selalu untuk tim Rizky riplay... KA Rizky ternyata suka ngemil tango sama ice coffee.. Inti nya KALU ada temen denger pernah main slot.jangan pernah meminjam kan uang.karena GK akan kembali cepet.",0,,
UgxRYA-WkC_7-T1GK3V4AaABAg.A-33FuQm1hTA-38KDm1ueD,,0,"2024-01-27 03:06:11",@RizkyRiplay,"aamiin makasi doanya yaa kamu juga sehat selaluu☺️👍",1,UgxRYA-WkC_7-T1GK3V4AaABAg,@Linasevilla89
Ugz5yK7bB8w4hDQKHmp4AaABAg,1,0,"2024-01-27 02:21:38",@mr.dmyers2011,"Bener kata orang Judi online itu bikin kita kecanduan sampai kita mati",0,,
Ugz5yK7bB8w4hDQKHmp4AaABAg.A-33E-z2M7RA-38Hd2LYOs,,0,"2024-01-27 03:05:50",@RizkyRiplay,"yaps benerrr",1,Ugz5yK7bB8w4hDQKHmp4AaABAg,@mr.dmyers2011
UgwuMg-lnEu5wyd1YkR4AaABAg,1,0,"2024-01-27 02:20:57",@destiratna12,"Aya benar diberantas sja termasuk pinjol itu juga semoga diberantas ,karna sya kena tipu pinjol itu",0,,
UgwuMg-lnEu5wyd1YkR4AaABAg.A-338wYgVLgA-38GlJUXpX,,0,"2024-01-27 03:05:42",@RizkyRiplay,"kena tipus bagaimana tuh?",1,UgwuMg-lnEu5wyd1YkR4AaABAg,@destiratna12
Ugxlvt1GAIkoRMEe0Lt4AaABAg,2,0,"2024-01-27 02:20:32",@ohmy_Dhira,"Asik 54 menit yang lalu",0,,
Ugxlvt1GAIkoRMEe0Lt4AaABAg.A-335uBwJ7oA-38EBPHkp_,,0,"2024-01-27 03:05:21",@RizkyRiplay,"keren makasi sudah nonton yaa☺️",1,Ugxlvt1GAIkoRMEe0Lt4AaABAg,@ohmy_Dhira
Ugxlvt1GAIkoRMEe0Lt4AaABAg.A-335uBwJ7oA-38KwKys54,,0,"2024-01-27 03:06:17",@ohmy_Dhira,"@RizkyRiplay iya kak",1,Ugxlvt1GAIkoRMEe0Lt4AaABAg,@ohmy_Dhira
UgyLD-5THyA5irtCHtt4AaABAg,1,0,"2024-01-27 02:17:36",@chikasallyani9480,"Nasibnya tiko ngenes banget udah jatuh ketiban tangga pula, akibat judol sih",0,,
UgyLD-5THyA5irtCHtt4AaABAg.A-32lPE0gSFA-38AkPhFt-,,0,"2024-01-27 03:04:53",@RizkyRiplay,"babak belur banget si tiko yaa",1,UgyLD-5THyA5irtCHtt4AaABAg,@chikasallyani9480
UgwsVs4IMpN_E9bSdTh4AaABAg,1,5,"2024-01-27 02:16:25",@cyyyyyyyerza,"Gercep, sehat terus bang Rizky dan crew Rizky riplay",0,,
UgwsVs4IMpN_E9bSdTh4AaABAg.A-32chnuB5DA-388CLuB2G,,0,"2024-01-27 03:04:32",@RizkyRiplay,"aamiin makasi doanyaa yaa kamu juga sehat selaluu",1,UgwsVs4IMpN_E9bSdTh4AaABAg,@cyyyyyyyerza
UgzyC88oVFI3BFcmgip4AaABAg,1,0,"2024-01-27 02:15:19",@DulBakri-i5v,"Ceritanya Sma kek KK gw, tpi dilingkup pekerjaan kurirr, mana yg hilang sama lagi hp wkwk",0,,
UgzyC88oVFI3BFcmgip4AaABAg.A-32VfQZ_nsA-386lziwBI,,0,"2024-01-27 03:04:20",@RizkyRiplay,"wii bisa sama gitu yaaa😱",1,UgzyC88oVFI3BFcmgip4AaABAg,@DulBakri-i5v
UgxSSaLcMT1pGVQnkZ14AaABAg,1,1,"2024-01-27 02:15:15",@cumabisamage1479,"Siapa dsni yg bukan tim gercep tapi penonton setia?? 😊😊",0,,
UgxSSaLcMT1pGVQnkZ14AaABAg.A-32VGiRXjNA-384zb6RJC,,0,"2024-01-27 03:04:06",@RizkyRiplay,"keren makasi sudah nonton yaa☺️",1,UgxSSaLcMT1pGVQnkZ14AaABAg,@cumabisamage1479
Ugx_9GYqUHWFbIKqNrh4AaABAg,2,0,"2024-01-27 02:14:57",@encaagstna,"tumben aku gercep wkwkwk❤",0,,
Ugx_9GYqUHWFbIKqNrh4AaABAg.A-32SztPh0OA-381jFrscy,,0,"2024-01-27 03:03:39",@RizkyRiplay,"keren makasi sudah nonton yaa☺️",1,Ugx_9GYqUHWFbIKqNrh4AaABAg,@encaagstna
Ugx_9GYqUHWFbIKqNrh4AaABAg.A-32SztPh0OA-3HhxST8Z0,,0,"2024-01-27 04:28:12",@encaagstna,"@RizkyRiplay selalu dongg, rugi kalo ga nonton, kalo tiap hari upload pun aku siappp nontonnn🤪",1,Ugx_9GYqUHWFbIKqNrh4AaABAg,@encaagstna
UgxWXcgsJSqC4m1PELh4AaABAg,1,0,"2024-01-27 02:14:33",@doroki8455,"Halo mas Rizky riplay",0,,
UgxWXcgsJSqC4m1PELh4AaABAg.A-32Q6fhsGAA-381DKcRYe,,0,"2024-01-27 03:03:35",@RizkyRiplay,"hai makasi sudah nonton yaa☺️",1,UgxWXcgsJSqC4m1PELh4AaABAg,@doroki8455
UgznzjpMh2a0oge85wR4AaABAg,1,0,"2024-01-27 02:13:16",@SabilahNurHalizah-is4jj,"Semangat dan Sukses Selalu : )😍🥳🔥",0,,
UgznzjpMh2a0oge85wR4AaABAg.A-32Gj8aFX3A-380g-FL9h,,1,"2024-01-27 03:03:31",@RizkyRiplay,"aamiin makasi doa dan dukungannyaa yaaa",1,UgznzjpMh2a0oge85wR4AaABAg,@SabilahNurHalizah-is4jj
UgwTiUEs3-FYiAaC4IN4AaABAg,1,0,"2024-01-27 02:12:58",@kuku_Badak,"sponsor utamanya tango",0,,
UgwTiUEs3-FYiAaC4IN4AaABAg.A-32EWUyB-6A-38-gr_q0Q,,0,"2024-01-27 03:03:23",@RizkyRiplay,"alhamdulillah hehee makasi sudah nonton yaa☺️",1,UgwTiUEs3-FYiAaC4IN4AaABAg,@kuku_Badak
UgznQh1zV2AU_iBrikl4AaABAg,1,0,"2024-01-27 02:12:16",@SabilahNurHalizah-is4jj,"Next bang riz : )😍",0,,
UgznQh1zV2AU_iBrikl4AaABAg.A-329Iw_8A3A-37zCyRvLO,,1,"2024-01-27 03:03:10",@RizkyRiplay,"makasi sudah nonton yaa☺️",1,UgznQh1zV2AU_iBrikl4AaABAg,@SabilahNurHalizah-is4jj
UgxwlDfAFbBnzCaFk1d4AaABAg,1,51,"2024-01-27 02:12:06",@NIKOMANGSRIARIUTAMIAMIK-hc7qi,"Ini bisa dijadikan sebagai pelajaran ya teman ""jangan cepat tergiur dengan uang haram",0,,
UgxwlDfAFbBnzCaFk1d4AaABAg.A-3289sUpbPA-37yhAqoGM,,3,"2024-01-27 03:03:06",@RizkyRiplay,"yaps bener uang panaass gaes",1,UgxwlDfAFbBnzCaFk1d4AaABAg,@NIKOMANGSRIARIUTAMIAMIK-hc7qi
Ugx1eL1J9xkcHXC9h6N4AaABAg,1,0,"2024-01-27 02:12:00",@SabilahNurHalizah-is4jj,"Ih serem jd gila😭",0,,
Ugx1eL1J9xkcHXC9h6N4AaABAg.A-327Ptoq2nA-37x8_RBJ9,,1,"2024-01-27 03:02:53",@RizkyRiplay,"kebanyakan main judolll",1,Ugx1eL1J9xkcHXC9h6N4AaABAg,@SabilahNurHalizah-is4jj
UgzW8K70hAQQY05cw2F4AaABAg,1,0,"2024-01-27 02:10:38",@fernanditoaliansyah5096,"Wahh Ada bang Rizky Riplay di awal bahkan memberikan semangat tadi",0,,
UgzW8K70hAQQY05cw2F4AaABAg.A-31yOxd1lDA-37vHsuhsX,,0,"2024-01-27 03:02:38",@RizkyRiplay,"hehe makasi sudah nonton yaa☺️",1,UgzW8K70hAQQY05cw2F4AaABAg,@fernanditoaliansyah5096
UgwT5QozQJa9xffygtR4AaABAg,1,0,"2024-01-27 02:10:33",@Andhany-h5o,"43 menit lalu",0,,
UgwT5QozQJa9xffygtR4AaABAg.A-31xkJf-jvA-37u4ShmiW,,0,"2024-01-27 03:02:28",@RizkyRiplay,"makasi sudah nonton yaa☺️",1,UgwT5QozQJa9xffygtR4AaABAg,@Andhany-h5o
UgxgInkKYhiffW5whG94AaABAg,1,0,"2024-01-27 02:10:27",@SriPujiyanti-g3r,"Akhirnya yg ditunggu2 updates jga....yeaaah",0,,
UgxgInkKYhiffW5whG94AaABAg.A-31x5dN51IA-37tZO-4Td,,0,"2024-01-27 03:02:24",@RizkyRiplay,"makasi sudah nonton yaa☺️",1,UgxgInkKYhiffW5whG94AaABAg,@SriPujiyanti-g3r
UgyFqeLWsnbQzWqxr1F4AaABAg,1,0,"2024-01-27 02:08:55",@Hanifahrinadi,"assalamualaikum pagi kak rizky, nyimk videonya yg mantul ceritanya 😅.",0,,
UgyFqeLWsnbQzWqxr1F4AaABAg.A-31lpSvGwAA-37srwAD-V,,0,"2024-01-27 03:02:18",@RizkyRiplay,"waalaikumsalam, makasi sudah nonton yaa☺️",1,UgyFqeLWsnbQzWqxr1F4AaABAg,@Hanifahrinadi
Ugw6Cbpqc8rzpao-hVR4AaABAg,1,0,"2024-01-27 02:08:53",@amichaelgeysen460,Yiha🎉,0,,
Ugw6Cbpqc8rzpao-hVR4AaABAg.A-31lcDvF_gA-37sAUvFaC,,0,"2024-01-27 03:02:13",@RizkyRiplay,"makasi sudah nonton yaa☺️",1,Ugw6Cbpqc8rzpao-hVR4AaABAg,@amichaelgeysen460
UgxNWRsf98R3DbwogeZ4AaABAg,1,1,"2024-01-27 02:08:43",@dylaa_09,"42 menit yang lalu❤",0,,
UgxNWRsf98R3DbwogeZ4AaABAg.A-31kK-h8AHA-37rVbZJlZ,,1,"2024-01-27 03:02:07",@RizkyRiplay,"makasi sudah nonton yaa☺️",1,UgxNWRsf98R3DbwogeZ4AaABAg,@dylaa_09
UgxcGBfG1GDhhRnC0dV4AaABAg,1,0,"2024-01-27 02:07:10",@bagaswahyupradana2nd467,"Endingnya ngakak gacor gacor 😂😂😂😂😂",0,,
UgxcGBfG1GDhhRnC0dV4AaABAg.A-31ZzLiSnGA-37qnkYWDK,,0,"2024-01-27 03:02:02",@RizkyRiplay,"makasi sudah nonton yaa☺️",1,UgxcGBfG1GDhhRnC0dV4AaABAg,@bagaswahyupradana2nd467
UgzePHOlXq6iQp7zPuV4AaABAg,1,1,"2024-01-27 02:07:02",@RUBYWANGYY27,"Judi itu ibarat pacaran enak di awal doang Lama lama juga asing / rungkad",0,,
UgzePHOlXq6iQp7zPuV4AaABAg.A-31YzxDTYyA-37qFtvsbk,,0,"2024-01-27 03:01:57",@RizkyRiplay,"ajurrr ajurann makasi sudah nonton yaa☺️",1,UgzePHOlXq6iQp7zPuV4AaABAg,@RUBYWANGYY27
UgwKge0fNe5EQY1dKbF4AaABAg,1,0,"2024-01-27 02:05:58",@ElsaNingsi-kn5rm,"Ok di kopy❤",0,,
UgwKge0fNe5EQY1dKbF4AaABAg.A-31RAOPeD7A-37oh_4Mlh,,0,"2024-01-27 03:01:44",@RizkyRiplay,"makasi sudah nonton yaa☺️",1,UgwKge0fNe5EQY1dKbF4AaABAg,@ElsaNingsi-kn5rm
UgzLHbqLtNvA-P71gi94AaABAg,1,0,"2024-01-27 02:05:32",@rachmadhidayatdayat-ed9xt,39mnitt,0,,
UgzLHbqLtNvA-P71gi94AaABAg.A-31O-UCnBDA-37nxT49AL,,0,"2024-01-27 03:01:38",@RizkyRiplay,"keren makasi sudah nonton yaa☺️",1,UgzLHbqLtNvA-P71gi94AaABAg,@rachmadhidayatdayat-ed9xt
UgxknLwiC2XXHoidxx54AaABAg,1,0,"2024-01-27 02:05:05",@MindaYantiReall,"Hehe lari ga liat liat depan ..nabrak tukang telur gulung deh",0,,
UgxknLwiC2XXHoidxx54AaABAg.A-31KlKPA7fA-37mccftD1,,1,"2024-01-27 03:01:27",@RizkyRiplay,"wkwk makasi sudah nonton yaa☺️",1,UgxknLwiC2XXHoidxx54AaABAg,@MindaYantiReall
UgxjsnO-MRgOWK73rLh4AaABAg,2,0,"2024-01-27 02:05:05",@nandobihannursudrajat2212,"itu si niko ngontrak di bekas dagang sate yg pke pesugihan dlu, apa ga d ganggu sma arwah yg gentayangan itu bang😅😅",0,,
UgxjsnO-MRgOWK73rLh4AaABAg.A-31KiyFLMCA-37lnlX-0P,,1,"2024-01-27 03:01:20",@RizkyRiplay,"wkwk keren banget sampe hafal ginii😂👍",1,UgxjsnO-MRgOWK73rLh4AaABAg,@nandobihannursudrajat2212
UgxjsnO-MRgOWK73rLh4AaABAg.A-31KiyFLMCA-38-J_i8So,,0,"2024-01-27 03:03:19",@nandobihannursudrajat2212,"@RizkyRiplay 😂😂😂",1,UgxjsnO-MRgOWK73rLh4AaABAg,@nandobihannursudrajat2212
Ugy9qvcEi4NQY2ISz6x4AaABAg,1,1,"2024-01-27 02:04:58",@HoshinoWaa,"sebisa mungkin jangan pernah yang namanya main slot,lu main di awal iya dikasi menang tapi lama""bakal kecanduan+dibikin mlarat,bapa gw ngabisin buat slot smpe berjuta-juta smpe mlarat",0,,
Ugy9qvcEi4NQY2ISz6x4AaABAg.A-31JriGR7BA-37jF6sap_,,1,"2024-01-27 03:01:00",@RizkyRiplay,"yaps bener bangettt, semoga ada banyak hikmah yang bisa dipetik dari video ini yaaa",1,Ugy9qvcEi4NQY2ISz6x4AaABAg,@HoshinoWaa
UgyVvs9bOtjiEcq8h7x4AaABAg,3,27,"2024-01-27 02:04:57",@iyoedredarmy6358,"Mantab mas rizki judi berkedok game ini memang harus segera di bumi hanguskan. Semoga selalu sehat dan lancar rizkinya sesuai namanya,dan jangan pernah bosen menghibur kami semua insyaallah berkah.",0,,
UgyVvs9bOtjiEcq8h7x4AaABAg.A-31JkdIIxLA-37fKLTxba,,0,"2024-01-27 03:00:28",@RizkyRiplay,"aamiin aamiin makasi doanya yaaa",1,UgyVvs9bOtjiEcq8h7x4AaABAg,@iyoedredarmy6358
UgyVvs9bOtjiEcq8h7x4AaABAg.A-31JkdIIxLA-3Rw84I6em,,1,"2024-01-27 05:57:31",@iyoedredarmy6358,"@RizkyRiplay iya sama sama di tunggu episode kuyang nya ya mas rizki👍✌️😂",1,UgyVvs9bOtjiEcq8h7x4AaABAg,@iyoedredarmy6358
UgyVvs9bOtjiEcq8h7x4AaABAg.A-31JkdIIxLAPvmKJlbWHy,,0,"2025-11-24 23:18:56",@MacroXD2,"Pemerintah pura pura galiat😂",1,UgyVvs9bOtjiEcq8h7x4AaABAg,@iyoedredarmy6358
Ugwgw76x3-FJHzyzh_t4AaABAg,1,0,"2024-01-27 02:04:21",@saskianurfadilah9681,"Keren ❤",0,,
Ugwgw76x3-FJHzyzh_t4AaABAg.A-31FNJzHcrA-37c5VjUYn,,0,"2024-01-27 03:00:01",@RizkyRiplay,"makasi sudah nonton yaa☺️",1,Ugwgw76x3-FJHzyzh_t4AaABAg,@saskianurfadilah9681
Ugx5xb-TezBuSzWiLad4AaABAg,2,0,"2024-01-27 02:04:11",@risadah1112,"Bang sama kayat bapak ku yg bermain game yg kayat cerita itu bang Dan juga Mami ku selalu marah2 😢",0,,
Ugx5xb-TezBuSzWiLad4AaABAg.A-31ECfl9OWA-37bI9ocuR,,0,"2024-01-27 02:59:54",@RizkyRiplay,"kasih video ini ke bapak kamuu",1,Ugx5xb-TezBuSzWiLad4AaABAg,@risadah1112
Ugx5xb-TezBuSzWiLad4AaABAg.A-31ECfl9OWA-3fZZtc4Q3,,0,"2024-01-27 08:05:22",@risadah1112,"Baik bang Rizky",1,Ugx5xb-TezBuSzWiLad4AaABAg,@risadah1112
UgwqdCp7GOr0U59YZtx4AaABAg,1,0,"2024-01-27 02:03:51",@WindoDanz,"Gak ada bosen2 dah setiap video di upload 😊❤",0,,
UgwqdCp7GOr0U59YZtx4AaABAg.A-31Bffn_KrA-37_5a8pd6,,1,"2024-01-27 02:59:36",@RizkyRiplay,"makasi sudah nonton yaa☺️",1,UgwqdCp7GOr0U59YZtx4AaABAg,@WindoDanz
UgyCCxdmeKSjth3xTbd4AaABAg,1,0,"2024-01-27 02:03:20",@Talitalaviska,"36 menit yang lalu♥️tolong pin aku dong bang",0,,
UgyCCxdmeKSjth3xTbd4AaABAg.A-317y0m338A-37ZR4LeGA,,0,"2024-01-27 02:59:31",@RizkyRiplay,"makasi sudah nonton yaa☺️",1,UgyCCxdmeKSjth3xTbd4AaABAg,@Talitalaviska
UgyAeZClPExn4ZNUZrl4AaABAg,1,1,"2024-01-27 02:03:11",@qisthimuslimahtsaqifah8436,"Kalo ga ada cerita horor, pasti ada cerita drama",0,,
UgyAeZClPExn4ZNUZrl4AaABAg.A-316tKQF0KA-37YaljhXq,,0,"2024-01-27 02:59:24",@RizkyRiplay,"hehe makasi sudah nonton yaa☺️",1,UgyAeZClPExn4ZNUZrl4AaABAg,@qisthimuslimahtsaqifah8436
Ugzt6-CtpjXS9vkzXcF4AaABAg,1,0,"2024-01-27 02:03:04",@alamandadenda8828,"Aku hbis mndi cek hp nitof ka riskiy masuk langsung nonton Sukes terus BG Riki",0,,
Ugzt6-CtpjXS9vkzXcF4AaABAg.A-315ukFObvA-37XHFjnJS,,1,"2024-01-27 02:59:13",@RizkyRiplay,"aamiin, makasi sudah nonton yaa☺️",1,Ugzt6-CtpjXS9vkzXcF4AaABAg,@alamandadenda8828
UgyOwzcfGD2ItT3kZPN4AaABAg,0,0,"2024-01-27 02:01:29",@Suryani-gr3pl,0:57,0,,
Ugxj_nlQ8vFS95dDsVN4AaABAg,0,0,"2024-01-27 02:01:16",@Suryani-gr3pl,0:44,0,,
UgyH7itrGV8uiHFhXfB4AaABAg,1,2,"2024-01-27 02:00:23",@AbelleGabriela,"Bang bikinin yang tragedi marapi kemaren dong💜",0,,
UgyH7itrGV8uiHFhXfB4AaABAg.A-30nKh_lZmA-37V0fW826,,0,"2024-01-27 02:58:55",@RizkyRiplay,"makasi idenya kita tampung yaa",1,UgyH7itrGV8uiHFhXfB4AaABAg,@AbelleGabriela
UgxQBH7p2CgtfmxVb7J4AaABAg,4,0,"2024-01-27 02:00:20",@hendigunawan-h5o,"Gara2 judi saya jadi kecanduan gimana cara keluaryh",0,,
UgxQBH7p2CgtfmxVb7J4AaABAg.A-30mvEvPxBA-37T8f1Ngd,,0,"2024-01-27 02:58:40",@RizkyRiplay,"stop mulai sekarang dan cari kesibukan lainnyaaa",1,UgxQBH7p2CgtfmxVb7J4AaABAg,@hendigunawan-h5o
UgxQBH7p2CgtfmxVb7J4AaABAg.A-30mvEvPxBA-3UVHDuGKe,,0,"2024-01-27 06:19:56",@hendigunawan-h5o,"Iya bng salam kenal saya dari kepulauan seribu bng",1,UgxQBH7p2CgtfmxVb7J4AaABAg,@hendigunawan-h5o
UgxQBH7p2CgtfmxVb7J4AaABAg.A-30mvEvPxBA-3UZaiIJvc,,0,"2024-01-27 06:20:31",@hendigunawan-h5o,"Saya suka banget sama cenel YouTube abng",1,UgxQBH7p2CgtfmxVb7J4AaABAg,@hendigunawan-h5o
UgxQBH7p2CgtfmxVb7J4AaABAg.A-30mvEvPxBA-IZdfSe37n,,0,"2024-02-02 02:53:30",@hendigunawan-h5o,"Bng apa kah bisa bantu saya bng untuk lunasi hutang 😢",1,UgxQBH7p2CgtfmxVb7J4AaABAg,@hendigunawan-h5o
UgyLRACS850Swq5SOf54AaABAg,2,1,"2024-01-27 02:00:14",@BestInformation02,"12:13 Aamin biar tdk ad orng lgi yg brmain slot🎉🎉🎉",0,,
UgyLRACS850Swq5SOf54AaABAg.A-30mCIGEtWA-37POmoLAe,,1,"2024-01-27 02:58:09",@RizkyRiplay,"makasi sudah nonton yaa☺️",1,UgyLRACS850Swq5SOf54AaABAg,@BestInformation02
UgyLRACS850Swq5SOf54AaABAg.A-30mCIGEtWA-38y6ikyvT,,0,"2024-01-27 03:11:46",@BestInformation02,"@RizkyRiplay Sama² bg rizky😊😆😆",1,UgyLRACS850Swq5SOf54AaABAg,@BestInformation02
UgwLXBMECMRFsIE6p7h4AaABAg,1,0,"2024-01-27 01:59:34",@BangDims12,"GACOR MANG!! 👌🗿",0,,
UgwLXBMECMRFsIE6p7h4AaABAg.A-30hKpabOhA-37NASx1Px,,0,"2024-01-27 02:57:51",@RizkyRiplay,"makasi sudah nonton yaa☺️",1,UgwLXBMECMRFsIE6p7h4AaABAg,@BangDims12
UgwaJgPB-jpYG5EnwYl4AaABAg,2,42,"2024-01-27 01:59:31",@Destrudos,"Inilah Akibat Kecanduan Judi Online bukannya dapat Untung tapi malah dapat Rugi dan Animasi bang Rizky ini merupakan Contoh Betapa Buruknya Judi Online itu, Ingat lirik lagu Roma irama ""Judi Menjanjikan Kemenangan, Judi Menjadikan Kekayaan, ""BOHONG"" walaupun kau Menang itu awal dari Kekalahan, ""BOHONG"" walaupun kau kaya itu awal dari kemiskinan""",0,,
UgwaJgPB-jpYG5EnwYl4AaABAg.A-30gveZAE9A-37MNFj4Md,,0,"2024-01-27 02:57:44",@RizkyRiplay,"semoga ada banyak hikmah yang bisa dipetik dari video ini yaaa",1,UgwaJgPB-jpYG5EnwYl4AaABAg,@Destrudos
UgwaJgPB-jpYG5EnwYl4AaABAg.A-30gveZAE9A0Ommtr6KjK,,0,"2024-02-29 09:23:56",@farizansyahrifkia5110,"Judi untung nya cuma di awal Ujung nya seakan diseting kalah terus di akhir",1,UgwaJgPB-jpYG5EnwYl4AaABAg,@Destrudos
Ugw8JzHqFGVD3TD3vfN4AaABAg,3,133,"2024-01-27 01:59:21",@EviBeni2304,"Untuk pembelajaran semua orang tidak ada judi online menjadi sukses yg ada malah untuk merugikan kita sendiri.. untuk bang Rizky riplay semangat terus buat kontennya untuk inspirasi buat kita semua 🤗",0,,
Ugw8JzHqFGVD3TD3vfN4AaABAg.A-30fixiR0NA-37IaPA1Ag,,10,"2024-01-27 02:57:13",@RizkyRiplay,"swiappp makasii dukungannnyaa yaaa ☺️👍",1,Ugw8JzHqFGVD3TD3vfN4AaABAg,@EviBeni2304
Ugw8JzHqFGVD3TD3vfN4AaABAg.A-30fixiR0NA0OmLEJ3zNS,,0,"2024-02-29 09:20:02",@farizansyahrifkia5110,"@RizkyRiplay biasanya judol tu untung nya cuma di awal",1,Ugw8JzHqFGVD3TD3vfN4AaABAg,@EviBeni2304
Ugw8JzHqFGVD3TD3vfN4AaABAg.A-30fixiR0NALrvxw_KmkN,,0,"2025-08-16 01:20:35",@ardi01gaming89,"Judol itu sejatinya penipuan",1,Ugw8JzHqFGVD3TD3vfN4AaABAg,@EviBeni2304
UgwmiiExrWmETu2KobZ4AaABAg,1,0,"2024-01-27 01:59:19",@mohones57,"yakin nih,anime nya top markotop bng Rizki,lanjuttt basmi judol",0,,
UgwmiiExrWmETu2KobZ4AaABAg.A-30fTtjI4gA-37FkfuAF2,,0,"2024-01-27 02:56:50",@RizkyRiplay,"makasi sudah nonton yaa☺️",1,UgwmiiExrWmETu2KobZ4AaABAg,@mohones57
Ugy6MQVc1zxsk3gPPch4AaABAg,1,0,"2024-01-27 01:58:55",@SabilahNurHalizah-is4jj,"Yeay UP😍",0,,
Ugy6MQVc1zxsk3gPPch4AaABAg.A-30cZLuYDXA-37F0OztAD,,1,"2024-01-27 02:56:44",@RizkyRiplay,"makasi sudah nonton yaa☺️",1,Ugy6MQVc1zxsk3gPPch4AaABAg,@SabilahNurHalizah-is4jj
UgwYDk1wgpBxBlflQhh4AaABAg,2,1,"2024-01-27 01:58:49",@FableTale101,"Wah tumben gak ada intro ""sebelum nonton jangan lupa klik subscribe dan lonceng nya yah hehehe"" biasanya kan suka ada intro itu",0,,
UgwYDk1wgpBxBlflQhh4AaABAg.A-30bul7XcMA-37DkrBWQq,,0,"2024-01-27 02:56:34",@RizkyRiplay,"ciyeee perhatian banget siiii🥺",1,UgwYDk1wgpBxBlflQhh4AaABAg,@FableTale101
UgwYDk1wgpBxBlflQhh4AaABAg.A-30bul7XcMA-3BxF4rPFe,,0,"2024-01-27 03:37:51",@FableTale101,"@RizkyRiplay wkwkwkwkwk bisa aja lo bang!",1,UgwYDk1wgpBxBlflQhh4AaABAg,@FableTale101
UgzOBwih78YlHCcx8KZ4AaABAg,1,4,"2024-01-27 01:58:49",@dindaaprilia9107,"Asyikk sarapan ditemenin bang rizky Semangat bikin kontennya y bang 🎉❤❤❤",0,,
UgzOBwih78YlHCcx8KZ4AaABAg.A-30buc5yFiA-37AwP-EzL,,1,"2024-01-27 02:56:10",@RizkyRiplay,"swiap makasi dukungannyaaa",1,UgzOBwih78YlHCcx8KZ4AaABAg,@dindaaprilia9107
Ugwryj8kswltJ0Ftgjt4AaABAg,1,2,"2024-01-27 01:58:43",@AwRind__,"Ingat ya cewe² yang rugi kita,jadi sebisa mungkin Kalo emang cowo kalian gak bisa Mengarah ke hal positif Tinggalin! Jangan perkara (Sayang udah bertahun tahun bareng) NO!! Terus kalian mau mau aja Diajak begituan",0,,
Ugwryj8kswltJ0Ftgjt4AaABAg.A-30b2Ok2SxA-379HL3WZA,,1,"2024-01-27 02:55:57",@RizkyRiplay,"yaps benerr, makasi sudah nonton yaa☺️",1,Ugwryj8kswltJ0Ftgjt4AaABAg,@AwRind__
Ugyqo_09PiQ4kRXC3nB4AaABAg,1,10,"2024-01-27 01:58:40",@wiwinsyifaul1770,"Pagi kak rizky.. Animasi yg sllu tiar tunggu"". Mkch kak rizky sdh menemani hari"" tiar sembari krj nonton animasi dr rizky riplay",0,,
Ugyqo_09PiQ4kRXC3nB4AaABAg.A-30agnppxsA-377b-8j0F,,2,"2024-01-27 02:55:43",@RizkyRiplay,"makasi sudah nonton yaa☺️",1,Ugyqo_09PiQ4kRXC3nB4AaABAg,@wiwinsyifaul1770
UgzVCDNNRGE0k2zr8Jp4AaABAg,1,42,"2024-01-27 01:58:04",@Novianto-BP,"Sukses dan sehat selalu utk semua tim Rizky Riplay.",0,,
UgzVCDNNRGE0k2zr8Jp4AaABAg.A-30XPdcLFWA-376iGtM2d,,4,"2024-01-27 02:55:36",@RizkyRiplay,"aamiin makasi doanya yaa",1,UgzVCDNNRGE0k2zr8Jp4AaABAg,@Novianto-BP
UgwnbbSBC1FYV6KL0kp4AaABAg,1,0,"2024-01-27 01:57:56",@nasronew4405,"Uwih mntp bgtt bang Rizky video ini buat orang yang gila mainnn slottt😂❤",0,,
UgwnbbSBC1FYV6KL0kp4AaABAg.A-30WR_F0F4A-375-uLoYK,,0,"2024-01-27 02:55:22",@RizkyRiplay,"makasi sudah nonton yaa☺️",1,UgwnbbSBC1FYV6KL0kp4AaABAg,@nasronew4405
UgyswTUuzIeazPgLnK14AaABAg,1,1,"2024-01-27 01:57:52",@Qvyxee,"Semangat bang🎉",0,,
UgyswTUuzIeazPgLnK14AaABAg.A-30Vp_tC7aA-374FPvs6y,,0,"2024-01-27 02:55:16",@RizkyRiplay,"swiap makasii dukungannyaa yaa",1,UgyswTUuzIeazPgLnK14AaABAg,@Qvyxee
UgwWPDCQRx6vglOnFMB4AaABAg,1,13,"2024-01-27 01:57:28",@Patbelasdays,"Aku suka animasi channel ini karena menarik perpaduan antara animasi dengan gambar asli di dunia nyata..kerenn😅",0,,
UgwWPDCQRx6vglOnFMB4AaABAg.A-30T0CiPSeA-372J_ZNhQ,,0,"2024-01-27 02:55:00",@RizkyRiplay,"makasi sudah nonton yaa☺️",1,UgwWPDCQRx6vglOnFMB4AaABAg,@Patbelasdays
UgzchLjbs83ilYzjtMR4AaABAg,1,1,"2024-01-27 01:57:12",@ahmadyuliansyah3646,"Nah bgs jg sesekali tayangannya gak hantu melulu biar gak bosan.",0,,
UgzchLjbs83ilYzjtMR4AaABAg.A-30R0b1vduA-371Xj23F-,,0,"2024-01-27 02:54:53",@RizkyRiplay,"makasi sudah nonton yaa☺️",1,UgzchLjbs83ilYzjtMR4AaABAg,@ahmadyuliansyah3646
UgzxKAC8PnUF1b-tLIJ4AaABAg,1,1,"2024-01-27 01:57:03",@nami3587,"Yg jarang komen tpi sering nonton siapa guys?",0,,
UgzxKAC8PnUF1b-tLIJ4AaABAg.A-30PrdBpmsA-370qvd-VB,,1,"2024-01-27 02:54:48",@RizkyRiplay,"makasi sudah nonton yaa☺️",1,UgzxKAC8PnUF1b-tLIJ4AaABAg,@nami3587
Ugx2u_WjF66_qc79Gpl4AaABAg,0,0,"2024-01-27 01:56:50",@nathanarkananta2280,Ada,0,,
UgwwG_y7XTfkmAQp1vl4AaABAg,1,0,"2024-01-27 01:56:16",@ahmadluai1372,GACORRRRRRRRRRRRRRRRR,0,,
UgwwG_y7XTfkmAQp1vl4AaABAg.A-30KAiFS17A-36wnE9q1i,,0,"2024-01-27 02:54:06",@RizkyRiplay,"wkwk makasi sudah nonton yaa☺️",1,UgwwG_y7XTfkmAQp1vl4AaABAg,@ahmadluai1372
UgyU-g7Z1-8NG2AWXy54AaABAg,2,0,"2024-01-27 01:56:04",@windysenjanni687,"Akhirnya bang rizky upload,menemani wekeendku yg ga kmna mna,sukses terus bang😁hehe",0,,
UgyU-g7Z1-8NG2AWXy54AaABAg.A-30IkPU9WsA-33Pe81Agn,,0,"2024-01-27 02:23:14",@Minuman-uo7ix,"Hai cantik ❤",1,UgyU-g7Z1-8NG2AWXy54AaABAg,@windysenjanni687
UgyU-g7Z1-8NG2AWXy54AaABAg.A-30IkPU9WsA-36vdmIzmq,,0,"2024-01-27 02:53:57",@RizkyRiplay,"aamiin makasii doanya yaa",1,UgyU-g7Z1-8NG2AWXy54AaABAg,@windysenjanni687
UgzwmEmlM0vIJ4jo2z14AaABAg,1,0,"2024-01-27 01:55:43",@danurwendanugrohowicaksono4002,"Jangan judi bang haram",0,,
UgzwmEmlM0vIJ4jo2z14AaABAg.A-30G5vraUfA-36tux_VZ2,,0,"2024-01-27 02:53:43",@RizkyRiplay,"yaps benerrr jangan ditiru yaa",1,UgzwmEmlM0vIJ4jo2z14AaABAg,@danurwendanugrohowicaksono4002
Ugz8WxV31M-1Ro5elhR4AaABAg,1,0,"2024-01-27 01:55:38",@sida.artyom,"Untung aku gak Judi Online, soalnya aku kaya karena kerja, nanti di bulan Februari, aku mau beli Photobook kelulusan Shani JKT48, Soalnya menang ketagihan, kalah penasaran",0,,
Ugz8WxV31M-1Ro5elhR4AaABAg.A-30FWKxQizA-36rytB2Bn,,0,"2024-01-27 02:53:27",@RizkyRiplay,"alhamdulillahh yaa, semangatt twrusss",1,Ugz8WxV31M-1Ro5elhR4AaABAg,@sida.artyom
UgyOY_9TvV4MbFGTSmN4AaABAg,1,0,"2024-01-27 01:54:33",@syamsularifin7430,"Ujan2 masak mie gass nonton 😊",0,,
UgyOY_9TvV4MbFGTSmN4AaABAg.A-307ap1itNA-36lt73S2q,,0,"2024-01-27 02:52:37",@RizkyRiplay,"wii mantappp",1,UgyOY_9TvV4MbFGTSmN4AaABAg,@syamsularifin7430
UgzrN8ljAjT_aVtLBVV4AaABAg,1,0,"2024-01-27 01:54:18",@Erna-w5s,"Akhir yah",0,,
UgzrN8ljAjT_aVtLBVV4AaABAg.A-305iQB_BKA-36j9B4faT,,0,"2024-01-27 02:52:15",@RizkyRiplay,"makasi sudah nonton yaa☺️",1,UgzrN8ljAjT_aVtLBVV4AaABAg,@Erna-w5s
UgxNRW8XftyjXWbeSDJ4AaABAg,1,0,"2024-01-27 01:54:05",@kurata6boxer104,"Judi hanya lah sebuah permainan yang sangat berdosa dan sangat beresiko jadi jangan sekali kali main judi karena kita bisa saja di buat ketagihan terlebih dahulu baru setelah itu di persulit",0,,
UgxNRW8XftyjXWbeSDJ4AaABAg.A-304CjfGp_A-36iMyhyt3,,0,"2024-01-27 02:52:08",@RizkyRiplay,"yaps benerr, karna sistemnya buat kita jadi ketagihan",1,UgxNRW8XftyjXWbeSDJ4AaABAg,@kurata6boxer104
Ugxt42t5Ga1_DmMshZh4AaABAg,2,0,"2024-01-27 01:53:59",@umarhandsome3365,"Beruntung sekali yg nemu 😁",0,,
Ugxt42t5Ga1_DmMshZh4AaABAg.A-303Shi6WKA-36eYH9Ks5,,0,"2024-01-27 02:51:37",@RizkyRiplay,"makasi sudah nonton yaa☺️",1,Ugxt42t5Ga1_DmMshZh4AaABAg,@umarhandsome3365
Ugxt42t5Ga1_DmMshZh4AaABAg.A-303Shi6WKA-3zq1WbJlF,,0,"2024-01-27 11:02:31",@umarhandsome3365,"Saya nonton trs tapi gak pernah komen, trimakasih sdh menghibur saya, dengan karya2 anda",1,Ugxt42t5Ga1_DmMshZh4AaABAg,@umarhandsome3365
UgyTsSnT7Lzjaw-epql4AaABAg,2,1,"2024-01-27 01:53:47",@imamadiprayoga802,"Jaman sekarang hamil di luar nikah udah biasa .",0,,
UgyTsSnT7Lzjaw-epql4AaABAg.A-302-ZtndLA-36dnwqSPM,,1,"2024-01-27 02:51:31",@RizkyRiplay,"masa sii😱",1,UgyTsSnT7Lzjaw-epql4AaABAg,@imamadiprayoga802
UgyTsSnT7Lzjaw-epql4AaABAg.A-302-ZtndLA-37Vgk7pvX,,1,"2024-01-27 02:59:00",@imamadiprayoga802,"@RizkyRiplay Tenan",1,UgyTsSnT7Lzjaw-epql4AaABAg,@imamadiprayoga802
UgxuYt6iVwAuDZhpbCh4AaABAg,1,2,"2024-01-27 01:53:12",@dindaamelviaa,"penonton setia selalu hadirr nihh😜🙌🏻",0,,
UgxuYt6iVwAuDZhpbCh4AaABAg.A-3-ygbvioXA-36cAzXVn5,,0,"2024-01-27 02:51:17",@RizkyRiplay,"hai makasi sudah nonton yaa☺️",1,UgxuYt6iVwAuDZhpbCh4AaABAg,@dindaamelviaa
Ugxw0RAC508eeMS2Y7J4AaABAg,1,0,"2024-01-27 01:51:24",@putrimaya0331,"Penonton setia mas risky selalu hadir hehe",0,,
Ugxw0RAC508eeMS2Y7J4AaABAg.A-3-lU8yKWjA-36bPKPkKN,,0,"2024-01-27 02:51:11",@RizkyRiplay,"haii makasi sudah nonton yaa☺️",1,Ugxw0RAC508eeMS2Y7J4AaABAg,@putrimaya0331
Ugyt5vQPXT4cpJnAppl4AaABAg,1,2,"2024-01-27 01:51:23",@piahsopiah2816,"Judi akan membuatmu melarat 😊",0,,
Ugyt5vQPXT4cpJnAppl4AaABAg.A-3-lNBxOSmA-36aWfu8T7,,0,"2024-01-27 02:51:04",@RizkyRiplay,"yaps bener bwangett",1,Ugyt5vQPXT4cpJnAppl4AaABAg,@piahsopiah2816
UgwsAvjNY6TNRY9c7vh4AaABAg,1,0,"2024-01-27 01:51:07",@jokoprastiyo4157,"Hadir 25😊 yg lalu",0,,
UgwsAvjNY6TNRY9c7vh4AaABAg.A-3-jRR8p-FA-36ZjI8DG7,,0,"2024-01-27 02:50:49",@RizkyRiplay,"makasi sudah nonton yaa☺️",1,UgwsAvjNY6TNRY9c7vh4AaABAg,@jokoprastiyo4157
UgxsO8rYednqQigmErx4AaABAg,1,1,"2024-01-27 01:50:43",@rerebungsu2136,Akhirnyaaa❤❤❤❤❤,0,,
UgxsO8rYednqQigmErx4AaABAg.A-3-gaCiMkPA-36Z92kB12,,1,"2024-01-27 02:50:44",@RizkyRiplay,"makasi sudah nonton yaa☺️",1,UgxsO8rYednqQigmErx4AaABAg,@rerebungsu2136
UgyjaQTjoowYwkWBZyF4AaABAg,1,0,"2024-01-27 01:50:42",@garaputrawianzha7604,"tumben gua gercep...",0,,
UgyjaQTjoowYwkWBZyF4AaABAg.A-3-gLV52ReA-36Xo-3-DB,,0,"2024-01-27 02:50:33",@RizkyRiplay,"kerenn makasi sudah nonton yaa☺️",1,UgyjaQTjoowYwkWBZyF4AaABAg,@garaputrawianzha7604
UgxeM7nyEIcpihQtKYx4AaABAg,1,0,"2024-01-27 01:50:21",@jakertood2799,Keren👺,0,,
UgxeM7nyEIcpihQtKYx4AaABAg.A-3-drWYlguA-36WUpo2pc,,0,"2024-01-27 02:50:23",@RizkyRiplay,"yayy makasi yaa",1,UgxeM7nyEIcpihQtKYx4AaABAg,@jakertood2799
Ugw2WsPF-7BxdQqbaFl4AaABAg,1,27,"2024-01-27 01:50:11",@Novv-n2j,"Video kak Risky gak pernah gagal 👍,selalu bagus,seru,dan ada pembelajarannya ❤️. Pokoknya the best 👍🙏😁",0,,
Ugw2WsPF-7BxdQqbaFl4AaABAg.A-3-cd9u8MDA-36UoQSPqQ,,2,"2024-01-27 02:50:09",@RizkyRiplay,"ambil baiknya jadiin pelajaran buruknya yaa",1,Ugw2WsPF-7BxdQqbaFl4AaABAg,@Novv-n2j
UgzfAbbcCVupn3ErJGF4AaABAg,1,0,"2024-01-27 01:49:20",@agungsuhanjani8432,"Seberapa besar uang yg dpt dari judi ,akhirnya akan hbis ,karena gakan Kya sama judi kecuali bandar nya ,mknya bnyk org hancur karena judi",0,,
UgzfAbbcCVupn3ErJGF4AaABAg.A-3-XO8cda9A-36R9rTo0G,,0,"2024-01-27 02:49:39",@RizkyRiplay,"yaps bener bangettt",1,UgzfAbbcCVupn3ErJGF4AaABAg,@agungsuhanjani8432
Ugytzjv2agK24ijZjpF4AaABAg,2,0,"2024-01-27 01:49:10",@dolhadi8874,"Mantap banget bang risky cerita versinya👍salam dari Rembang Jateng penggemar bang risky",0,,
Ugytzjv2agK24ijZjpF4AaABAg.A-3-W9u07XsA-36PK3QEdJ,,0,"2024-01-27 02:49:24",@RizkyRiplay,"makasi sudah nonton yaa☺️",1,Ugytzjv2agK24ijZjpF4AaABAg,@dolhadi8874
Ugytzjv2agK24ijZjpF4AaABAg.A-3-W9u07XsA-3BVjjlZYV,,0,"2024-01-27 03:33:58",@dolhadi8874,"@RizkyRiplay ok SMA"" bang risky aku selalu nonton terus kalau bang risky upload video",1,Ugytzjv2agK24ijZjpF4AaABAg,@dolhadi8874
UgyMGy6TxmR5UxB_inl4AaABAg,24,497,"2024-01-27 01:48:03",@ilhamcholid1603,"Pembelajaran untuk kita semuanya janganlah main judi online. Karena judi online itu gak ada untungnya yg malahan rugi untuk diri kamu sendiri. Semangat ya buat Rizky riplay dan semoga sukses untuk channel Rizky riplay",0,,
UgyMGy6TxmR5UxB_inl4AaABAg.A-3-NwQxUmRA-36ORhchFk,,31,"2024-01-27 02:49:17",@RizkyRiplay,"aamiin makaasii doaa dan dukungannyaa yaa kawand",1,UgyMGy6TxmR5UxB_inl4AaABAg,@ilhamcholid1603
UgyMGy6TxmR5UxB_inl4AaABAg.A-3-NwQxUmRA-3R-MnlQ-6,,2,"2024-01-27 05:49:21",@SquidwardTentacles-wr6nt,"Iya nih,, gue dah kalah 125 juta 😢😢 untung kemaren masih dapat JP 85 juta,, jdi msih tekor 40 juta....",1,UgyMGy6TxmR5UxB_inl4AaABAg,@ilhamcholid1603
UgyMGy6TxmR5UxB_inl4AaABAg.A-3-NwQxUmRA-3VO2Yt7od,,2,"2024-01-27 06:27:41",@CahyaCahya-ib2vq,"@SquidwardTentacles-wr6nt itu seriusan bang",1,UgyMGy6TxmR5UxB_inl4AaABAg,@ilhamcholid1603
UgyMGy6TxmR5UxB_inl4AaABAg.A-3-NwQxUmRA-3kaSxGDcx,,2,"2024-01-27 08:49:19",@RafkaLpg-b8g,"@SquidwardTentacles-wr6nt mendingan jga klo masih menang tu Wak aku sampe apa2 abis gara2 judi uang 300 jta ludes",1,UgyMGy6TxmR5UxB_inl4AaABAg,@ilhamcholid1603
UgyMGy6TxmR5UxB_inl4AaABAg.A-3-NwQxUmRA-46Q1IzVra,,3,"2024-01-27 12:08:44",@ilhamcholid1603,"​@RizkyRiplayoke bro.",1,UgyMGy6TxmR5UxB_inl4AaABAg,@ilhamcholid1603
UgyMGy6TxmR5UxB_inl4AaABAg.A-3-NwQxUmRA-46UC-GHfg,,2,"2024-01-27 12:09:18",@ilhamcholid1603,"​@SquidwardTentacles-wr6ntudah lah. Yg penting kamu jangan main judi online lagi.",1,UgyMGy6TxmR5UxB_inl4AaABAg,@ilhamcholid1603
UgyMGy6TxmR5UxB_inl4AaABAg.A-3-NwQxUmRA-471pFvPLk,,1,"2024-01-27 12:14:10",@CahyaCahya-ib2vq,"@RafkaLpg-b8g saampe habis segitu gila lu bang",1,UgyMGy6TxmR5UxB_inl4AaABAg,@ilhamcholid1603
UgyMGy6TxmR5UxB_inl4AaABAg.A-3-NwQxUmRA-4PjGSjZiE,,1,"2024-01-27 14:57:31",@iqbalmuhammadvlog8594,"​@SquidwardTentacles-wr6ntsama w abis 250 juta . Skrng hutang 50juta. Mana mobil di jual . Pengalama 2 tahun lalu skrng dah ga main lagi",1,UgyMGy6TxmR5UxB_inl4AaABAg,@ilhamcholid1603
UgyMGy6TxmR5UxB_inl4AaABAg.A-3-NwQxUmRA-4PlSW_a-d,,0,"2024-01-27 14:57:49",@iqbalmuhammadvlog8594,"​@RafkaLpg-b8ghampir sama .wkwkwkw",1,UgyMGy6TxmR5UxB_inl4AaABAg,@ilhamcholid1603
UgyMGy6TxmR5UxB_inl4AaABAg.A-3-NwQxUmRA-4YZxHm7hD,,1,"2024-01-27 16:14:45",@SquidwardTentacles-wr6nt,"@CahyaCahya-ib2vq serius la ,, makanya jgn sekali² lu nyoba itu game ,, pertama² lu di kasih.. Gue depo 1 juta ,, tarik duit nya 35 juta sapa yg ga tergiur cobak,,, kebiasaan maen di bet gede, minimal gue maen bet 10 rebu.",1,UgyMGy6TxmR5UxB_inl4AaABAg,@ilhamcholid1603
UgyMGy6TxmR5UxB_inl4AaABAg.A-3-NwQxUmRA-4YiguxbPa,,0,"2024-01-27 16:16:05",@SquidwardTentacles-wr6nt,"@ibnurafa876 gue tau haram ,,masuk neraka,, kalo kalah gue tau itu haram,, tapi klo JP modal 1 juta dapat 30 juta lebih mau gimana?? Duit segitu hahaha",1,UgyMGy6TxmR5UxB_inl4AaABAg,@ilhamcholid1603
UgyMGy6TxmR5UxB_inl4AaABAg.A-3-NwQxUmRA-4ZEUyVtby,,2,"2024-01-27 16:20:34",@SquidwardTentacles-wr6nt,"Yg namanya Judi Online, itu dia maen di otak kita,, Kalo mau serius maen itu, lu depo aja 2,5 juta tapi inget maen di bet 1k aja,, 0,8k smpe 1k aja,, ,, pkok nya kalo dapat 50 - 100k,, lu jgn maen lagi,, besok lagi maen nya, yg penting modal 2,5 juta ga habis,, Cari uang rokok bisa, tapi kalo mau cari kaya lu mimpi yg ada lu mati.. kalo gue sih sekarang ogah, dah tobat.. dlu gue sring menang, tapi jujur aja gue ga niat cari uang rokok gue cari kaya.. makanya ancur",1,UgyMGy6TxmR5UxB_inl4AaABAg,@ilhamcholid1603
UgyMGy6TxmR5UxB_inl4AaABAg.A-3-NwQxUmRA-4ZpYOfdQN,,1,"2024-01-27 16:25:46",@CahyaCahya-ib2vq,"@SquidwardTentacles-wr6nt Behhhh gede banget ya modal 1jt dpt 35 tpi awal kehancuran total",1,UgyMGy6TxmR5UxB_inl4AaABAg,@ilhamcholid1603
UgyMGy6TxmR5UxB_inl4AaABAg.A-3-NwQxUmRA-4e3iot-v_,,1,"2024-01-27 17:11:32",@SquidwardTentacles-wr6nt,"@CahyaCahya-ib2vq maka dari itu bro, kalo ga dapat segitu gue kita² kaga bakal ancur.. haha itu lah jahat nya judi online",1,UgyMGy6TxmR5UxB_inl4AaABAg,@ilhamcholid1603
UgyMGy6TxmR5UxB_inl4AaABAg.A-3-NwQxUmRA-6dkOnTbOP,,1,"2024-01-28 11:47:14",@zeinhusna,"Sudah banyak korban nya",1,UgyMGy6TxmR5UxB_inl4AaABAg,@ilhamcholid1603
UgyMGy6TxmR5UxB_inl4AaABAg.A-3-NwQxUmRA-BpqG9TMsZ,,1,"2024-01-30 12:09:06",@SmkcibitungTmi5,"Tapi klo judol modal 20k naik 500 untung apa rugi bang",1,UgyMGy6TxmR5UxB_inl4AaABAg,@ilhamcholid1603
UgyMGy6TxmR5UxB_inl4AaABAg.A-3-NwQxUmRA-BqCzaLgEi,,1,"2024-01-30 12:12:20",@ilhamcholid1603,"@SmkcibitungTmi5 sebenarnya sih untung.",1,UgyMGy6TxmR5UxB_inl4AaABAg,@ilhamcholid1603
UgyMGy6TxmR5UxB_inl4AaABAg.A-3-NwQxUmRA-WdpsDkKf9,,0,"2024-02-07 14:08:14",@ilhamcholid1603,"@ibnurafa876 apa",1,UgyMGy6TxmR5UxB_inl4AaABAg,@ilhamcholid1603
UgyMGy6TxmR5UxB_inl4AaABAg.A-3-NwQxUmRA07YIeMTyqV,,1,"2024-02-22 16:41:31",@Ardiansyahruntuboy03,Judolll,1,UgyMGy6TxmR5UxB_inl4AaABAg,@ilhamcholid1603
UgyMGy6TxmR5UxB_inl4AaABAg.A-3-NwQxUmRA0TfQvwq-FV,,0,"2024-03-02 06:55:50",@ZraaRoArr,"​@ibnurafa876apa si gjls",1,UgyMGy6TxmR5UxB_inl4AaABAg,@ilhamcholid1603
UgyMGy6TxmR5UxB_inl4AaABAg.A-3-NwQxUmRA35KvzIrjfZ,,0,"2024-05-06 09:40:23",@ZainPlayChannel,"​@RafkaLpg-b8g300jt bisa buat mobil sendiri tuh, tapi sayang nasibmu bro uangmu habis krna judol😢",1,UgyMGy6TxmR5UxB_inl4AaABAg,@ilhamcholid1603
UgyMGy6TxmR5UxB_inl4AaABAg.A-3-NwQxUmRA6rIR5SpUKM,,0,"2024-08-07 23:35:32",@dewimassita3954,"salah 😂 . jgn kenthu kalau belum punya penghasilan apalagi masih sekolah. makanya punya kelamin dijaga",1,UgyMGy6TxmR5UxB_inl4AaABAg,@ilhamcholid1603
UgyMGy6TxmR5UxB_inl4AaABAg.A-3-NwQxUmRAEEj8J-09fS,,0,"2025-02-07 10:59:09",@IsinaEstapa,"​@iqbalmuhammadvlog8594 bisa gitu bang",1,UgyMGy6TxmR5UxB_inl4AaABAg,@ilhamcholid1603
UgyMGy6TxmR5UxB_inl4AaABAg.A-3-NwQxUmRAKdN-NgapMm,,0,"2025-07-16 13:05:35",@watchinganime8466,"​@CahyaCahya-ib2vqjangan mudah tergiur, bisa aja itu bandar lagi ngibul",1,UgyMGy6TxmR5UxB_inl4AaABAg,@ilhamcholid1603
UgwkRTo5jI-D9E4ePPR4AaABAg,1,1,"2024-01-27 01:48:00",@indoserver1198,"Lebih baik mencari pekerjaan dari pada ngeslot",0,,
UgwkRTo5jI-D9E4ePPR4AaABAg.A-3-Ncwm-IhA-36KqSJbvn,,0,"2024-01-27 02:48:47",@RizkyRiplay,"yaps benerr",1,UgwkRTo5jI-D9E4ePPR4AaABAg,@indoserver1198
Ugz0yAQj-GzTvOpfP9B4AaABAg,1,2,"2024-01-27 01:47:46",@RezaBko,"Slalu nungguin konten ny Rizky ripley 😍,20 mnt yg lalu 😂",0,,
Ugz0yAQj-GzTvOpfP9B4AaABAg.A-3-LtYQKlRA-36JZ4EN67,,0,"2024-01-27 02:48:37",@RizkyRiplay,"staytune yaa kita tayang setiap hari rabu dan sabtuu",1,Ugz0yAQj-GzTvOpfP9B4AaABAg,@RezaBko
Ugz9cVv54oPjxm_8TYJ4AaABAg,2,0,"2024-01-27 01:47:10",@GaenLee-g3n,"Aku nonton sambil ketakutan",0,,
Ugz9cVv54oPjxm_8TYJ4AaABAg.A-3-HXW7RZDA-36GQ2tooo,,0,"2024-01-27 02:48:11",@RizkyRiplay,"makasi sudah nonton yaa☺️",1,Ugz9cVv54oPjxm_8TYJ4AaABAg,@GaenLee-g3n
Ugz9cVv54oPjxm_8TYJ4AaABAg.A-3-HXW7RZDA-37bqWA5UU,,0,"2024-01-27 02:59:59",@GaenLee-g3n,"@RizkyRiplay iya kak sama-sama",1,Ugz9cVv54oPjxm_8TYJ4AaABAg,@GaenLee-g3n
UgxjcK3WmVvuwH8Uxq94AaABAg,1,1,"2024-01-27 01:46:58",@infomania0396,"Intix kalau kita kerja usahain persiapksn sebaik mungkin barang bawaan. Jangan sampai ceroboh yg merugikan diri kita sendiri.",0,,
UgxjcK3WmVvuwH8Uxq94AaABAg.A-3-G2ItNxaA-36F6fgUYl,,0,"2024-01-27 02:48:00",@RizkyRiplay,"semoga ada banyak hikmah yang bisa dipetik dari video ini yaa",1,UgxjcK3WmVvuwH8Uxq94AaABAg,@infomania0396
UgzvGtiElwNZ2jNR2Pt4AaABAg,2,0,"2024-01-27 01:46:28",@Rden_Elfahreza,"Kulonprogo Yogyakarta hadir nyimak mas Risky 😊",0,,
UgzvGtiElwNZ2jNR2Pt4AaABAg.A-3-CO8lMbzA-35ZDYhNru,,0,"2024-01-27 02:42:01",@RizkyRiplay,"makasi sudah nonton yaa☺️",1,UgzvGtiElwNZ2jNR2Pt4AaABAg,@Rden_Elfahreza
UgzvGtiElwNZ2jNR2Pt4AaABAg.A-3-CO8lMbzA-35oz4pBYX,,0,"2024-01-27 02:44:18",@Rden_Elfahreza,"@RizkyRiplay ya sama sama mas",1,UgzvGtiElwNZ2jNR2Pt4AaABAg,@Rden_Elfahreza
Ugy9arhEaZMlLB6Ymot4AaABAg,0,28,"2024-01-27 01:46:11",@penyukahal2random602,"Manteb^^ Ku kira dikirim ke isekai dia. Via azab ketumpahan minyak panas. Tumbnailnya..kirain dah jd hantu pun tetep kecanduan judol..eh, masih idup + jd gila ternyata.. Intinya : Jauhin judol. Sama kek Miras & Narkotika, klo dah kecanduan bakal nglakuin apa aja buat dapetin modal ( uang ), termasuk mencuri / bahkan ngilangin nyawa orang demi harta. Moga2 istri sama anaknya bisa idup dengan tenang dimana pu berada. Mangat yaa, Bang Rizky^^",0,,
Ugx_qaTLCqxqeEGWa-l4AaABAg,1,0,"2024-01-27 01:45:43",@sofiyalaily0846,"Terima kasih bang rizky sudah up❤❤❤",0,,
Ugx_qaTLCqxqeEGWa-l4AaABAg.A-3-6shZzhLA-35UrxY8TQ,,0,"2024-01-27 02:41:25",@RizkyRiplay,"makasi sudah nonton yaa☺️",1,Ugx_qaTLCqxqeEGWa-l4AaABAg,@sofiyalaily0846
UgxIdhCVNHYNt5TLCPl4AaABAg,1,0,"2024-01-27 01:45:36",@ajibarangkota8580,"Gercep bosku😂",0,,
UgxIdhCVNHYNt5TLCPl4AaABAg.A-3-64adHgYA-35UDl88WE,,0,"2024-01-27 02:41:20",@RizkyRiplay,"makasi sudah nonton yaa☺️",1,UgxIdhCVNHYNt5TLCPl4AaABAg,@ajibarangkota8580
UgxhLf1B9_rQKTEddmx4AaABAg,2,0,"2024-01-27 01:45:32",@Whenta,"Weekend libur makan nasi goreng smbil nonton video mas Rizky😊",0,,
UgxhLf1B9_rQKTEddmx4AaABAg.A-3-5b5nOXDA-3-gXk60bW,,0,"2024-01-27 01:50:43",@j7collection83,P,1,UgxhLf1B9_rQKTEddmx4AaABAg,@Whenta
UgxhLf1B9_rQKTEddmx4AaABAg.A-3-5b5nOXDA-35TPZN5Si,,0,"2024-01-27 02:41:13",@RizkyRiplay,"makasi sudah nonton yaa☺️",1,UgxhLf1B9_rQKTEddmx4AaABAg,@Whenta
UgxFUsDBqaAYFHu9PHh4AaABAg,1,0,"2024-01-27 01:44:39",@niwayanwidiasih-s6y,"stop judi",0,,
UgxFUsDBqaAYFHu9PHh4AaABAg.A-3--8YDFlTA-35Sppe2sl,,0,"2024-01-27 02:41:08",@RizkyRiplay,"makasi sudah nonton yaa☺️",1,UgxFUsDBqaAYFHu9PHh4AaABAg,@niwayanwidiasih-s6y
UgwUAH5y1AaHPfLN4hl4AaABAg,5,157,"2024-01-27 01:44:18",@BestInformation02,"Mntap bg rizky... STOP JUDI ONLINE🚫🚫 Pokokny kerja lh yg halal bsa mnhsilkan uang dgn krja kras kta sndiri dan keringat kita sndiri🎉🎉🎉",0,,
UgwUAH5y1AaHPfLN4hl4AaABAg.A-2zxVZV-Y1A-35RylwAMg,,10,"2024-01-27 02:41:01",@RizkyRiplay,"yaps bener makasi sudah nonton yaa☺️",1,UgwUAH5y1AaHPfLN4hl4AaABAg,@BestInformation02
UgwUAH5y1AaHPfLN4hl4AaABAg.A-2zxVZV-Y1A-BsfZC9HyI,,3,"2024-01-30 12:33:51",@NurHayati-nd5oz,"Wih mantap nasihatnya",1,UgwUAH5y1AaHPfLN4hl4AaABAg,@BestInformation02
UgwUAH5y1AaHPfLN4hl4AaABAg.A-2zxVZV-Y1A-z13rSKRMe,,3,"2024-02-18 23:57:59",@thekingalucard8702,"Judi online juga krja dengan keras boss",1,UgwUAH5y1AaHPfLN4hl4AaABAg,@BestInformation02
UgwUAH5y1AaHPfLN4hl4AaABAg.A-2zxVZV-Y1A0OmQj0hpJz,,1,"2024-02-29 09:20:47",@farizansyahrifkia5110,"@RizkyRiplay say no to JudOl and Pinjol",1,UgwUAH5y1AaHPfLN4hl4AaABAg,@BestInformation02
UgwUAH5y1AaHPfLN4hl4AaABAg.A-2zxVZV-Y1APJ6oJi4ZQt,,0,"2025-11-09 13:37:02",@nastaintain4173,"Hannya orang yng habis pake sabu sabu,?kaya tanggaku",1,UgwUAH5y1AaHPfLN4hl4AaABAg,@BestInformation02
UgxuL-Vst5Q5I6DhGBB4AaABAg,1,0,"2024-01-27 01:44:04",@analovesgavi,"10 menit yg lalu❤",0,,
UgxuL-Vst5Q5I6DhGBB4AaABAg.A-2zvrukB63A-35QtFB0ow,,1,"2024-01-27 02:40:52",@RizkyRiplay,"makasi sudah nonton yaa☺️",1,UgxuL-Vst5Q5I6DhGBB4AaABAg,@analovesgavi
UgyYBZWTS8A2Wwsw3a94AaABAg,0,0,"2024-01-27 01:43:11",@febriansentosa2672,.,0,,
Ugxa45shRx6VRGc5vrF4AaABAg,1,0,"2024-01-27 01:42:57",@LusiAna-o7z,gercep❤,0,,
Ugxa45shRx6VRGc5vrF4AaABAg.A-2znaJcKfnA-35QEZgekJ,,0,"2024-01-27 02:40:47",@RizkyRiplay,"makasi sudah nonton yaa☺️",1,Ugxa45shRx6VRGc5vrF4AaABAg,@LusiAna-o7z
UgzyFxC586rllhN9V8x4AaABAg,1,0,"2024-01-27 01:42:44",@Mayaasyrf,"bang Rizky ngambil dari mana ceritanya😭🙌ko kyk ga asing, kyk di film ² gitu 🥲",0,,
UgzyFxC586rllhN9V8x4AaABAg.A-2zm59X3L8A-35PJnrL2H,,0,"2024-01-27 02:40:40",@RizkyRiplay,"kita ada penulisnya sendirii yaa 😅",1,UgzyFxC586rllhN9V8x4AaABAg,@Mayaasyrf
UgytirW_nYIwlXksKp14AaABAg,1,0,"2024-01-27 01:42:13",@zzheya,"Semangat ya kak",0,,
UgytirW_nYIwlXksKp14AaABAg.A-2ziHA-ZpzA-35N7T1PvJ,,1,"2024-01-27 02:40:22",@RizkyRiplay,"swiap makasi dukungannyaa yaaa",1,UgytirW_nYIwlXksKp14AaABAg,@zzheya
UgwLxbIxmqJTO1Qd9gp4AaABAg,1,2,"2024-01-27 01:41:34",@akunhapeini5929,"Upload terus bang konten horor komedi nya biar asik kocak dan menghibur",0,,
UgwLxbIxmqJTO1Qd9gp4AaABAg.A-2zdXfh4yhA-35Ly6eT5B,,0,"2024-01-27 02:40:12",@RizkyRiplay,"staytune yaa kita tayang setiap hari rabu dan sabtuu",1,UgwLxbIxmqJTO1Qd9gp4AaABAg,@akunhapeini5929
UgzsdSJKdFL2nxqwuPB4AaABAg,2,36,"2024-01-27 01:41:34",@CegilKeisya,"Banghhh coba bikinin animasi, kisah seorang yang impiannya jadi yotubers, setelah jadi yotubers, dia jadi sombong meraja Lela, tpi bikin versi horor!!",0,,
UgzsdSJKdFL2nxqwuPB4AaABAg.A-2zdSgUCO9A-35IXgH9mc,,5,"2024-01-27 02:39:44",@RizkyRiplay,"makasi idenyaa menarik kita tampung yaaa",1,UgzsdSJKdFL2nxqwuPB4AaABAg,@CegilKeisya
UgzsdSJKdFL2nxqwuPB4AaABAg.A-2zdSgUCO9A-BsaQLfTh5,,0,"2024-01-30 12:33:09",@NurHayati-nd5oz,"​@RizkyRiplay Iya kak rizky, dibuat dan ditunggu y😊😊",1,UgzsdSJKdFL2nxqwuPB4AaABAg,@CegilKeisya
Ugy5E66-XvHR1SPmtd14AaABAg,1,0,"2024-01-27 01:41:18",@alfaaimceritaanaksholeh4438,"Sukses terus kak rizky",0,,
Ugy5E66-XvHR1SPmtd14AaABAg.A-2zbb0_SBUA-35GSuS2Ls,,0,"2024-01-27 02:39:27",@RizkyRiplay,"aamiin makasi doanya yaa",1,Ugy5E66-XvHR1SPmtd14AaABAg,@alfaaimceritaanaksholeh4438
UgzxqGaWDBFW08sWV1Z4AaABAg,1,0,"2024-01-27 01:40:25",@Ranimation_art,"Semangat kak rizky semoga sukses selaluu😁",0,,
UgzxqGaWDBFW08sWV1Z4AaABAg.A-2zW4UoumVA-35FWfIjG9,,1,"2024-01-27 02:39:19",@RizkyRiplay,"aamiin makasii doa dan dukungannyaa yaaa",1,UgzxqGaWDBFW08sWV1Z4AaABAg,@Ranimation_art
Ugx_kt2YFzkuQpGLT4F4AaABAg,1,0,"2024-01-27 01:39:47",@Tempat.nya_viral,"Intinya gua hari ini gajian bang 💨",0,,
Ugx_kt2YFzkuQpGLT4F4AaABAg.A-2zRUWvFkKA-35DU7hnIF,,0,"2024-01-27 02:39:03",@RizkyRiplay,"wiii happyy banget pasti nii",1,Ugx_kt2YFzkuQpGLT4F4AaABAg,@Tempat.nya_viral
UgxXg4-XXQ7utK3GnDN4AaABAg,2,1,"2024-01-27 01:39:45",@gbtax8624,"Hadir bang",0,,
UgxXg4-XXQ7utK3GnDN4AaABAg.A-2zREGZykwA-35C7MlKmA,,1,"2024-01-27 02:38:52",@RizkyRiplay,"haii makasi sudah nonton yaa☺️",1,UgxXg4-XXQ7utK3GnDN4AaABAg,@gbtax8624
UgxXg4-XXQ7utK3GnDN4AaABAg.A-2zREGZykwA-36oKopwx-,,1,"2024-01-27 02:52:57",@gbtax8624,"Sama2 bang",1,UgxXg4-XXQ7utK3GnDN4AaABAg,@gbtax8624
UgyhHWIAFhxHy2seq-x4AaABAg,1,2,"2024-01-27 01:39:43",@chearaputrifarzana2880,"Inget ya, judi gk bikin kalian kaya. Yg ada makin miskin",0,,
UgyhHWIAFhxHy2seq-x4AaABAg.A-2zQxUnV8jA-35B_dvIz4,,0,"2024-01-27 02:38:47",@RizkyRiplay,"yaps benerr bangett",1,UgyhHWIAFhxHy2seq-x4AaABAg,@chearaputrifarzana2880
UgwZcDx3H8DLQx1Zp1J4AaABAg,7,903,"2024-01-27 01:39:37",@hasriainun7004,"Selain menghibur, ad pesan moralnya juga, wah, hebat banget maa syaa Allah, semoga kakak Rizky dan teman teman selalu diberkahi Allah, aamiin Allahumma aamiin 🤲🏻",0,,
UgwZcDx3H8DLQx1Zp1J4AaABAg.A-2zQFJprQzA-35AMyBlXf,,55,"2024-01-27 02:38:37",@RizkyRiplay,"aamiin aamiin makasii doanya yaaa",1,UgwZcDx3H8DLQx1Zp1J4AaABAg,@hasriainun7004
UgwZcDx3H8DLQx1Zp1J4AaABAg.A-2zQFJprQzA-39Ox7Qial,,6,"2024-01-27 03:15:34",@andrikaksa656,"Kak Rizky upload video baru nya kok lama bgt kita nunggu cerita"" selanjut nya Lo🤭🤭",1,UgwZcDx3H8DLQx1Zp1J4AaABAg,@hasriainun7004
UgwZcDx3H8DLQx1Zp1J4AaABAg.A-2zQFJprQzA-3UAN77nJt,,5,"2024-01-27 06:17:04",@yudawardana9299,Vvvv,1,UgwZcDx3H8DLQx1Zp1J4AaABAg,@hasriainun7004
UgwZcDx3H8DLQx1Zp1J4AaABAg.A-2zQFJprQzA-3gLsjakx4,,6,"2024-01-27 08:12:14",@EdiSetiawan991,"Semoga Rizky di tambah kan rezeki nya doa terbaik untuk Rizky semoga sehat selalu 🤲🤲",1,UgwZcDx3H8DLQx1Zp1J4AaABAg,@hasriainun7004
UgwZcDx3H8DLQx1Zp1J4AaABAg.A-2zQFJprQzA0Om9z5cGnI,,3,"2024-02-29 09:18:29",@farizansyahrifkia5110,"@RizkyRiplay mas judi jahat Kali Masa istri dituduh sengaja pake hamil",1,UgwZcDx3H8DLQx1Zp1J4AaABAg,@hasriainun7004
UgwZcDx3H8DLQx1Zp1J4AaABAg.A-2zQFJprQzA35JUxW1eVo,,2,"2024-05-06 09:27:49",@ZainPlayChannel,"​@andrikaksa656buat animasi kayak gini gk mudah bro, mungkin upload lama ya krna proses buat animasinya itu",1,UgwZcDx3H8DLQx1Zp1J4AaABAg,@hasriainun7004
UgwZcDx3H8DLQx1Zp1J4AaABAg.A-2zQFJprQzAJeCj8kKsRJ,,2,"2025-06-22 00:23:41",@NadineVeralia,Aamiin🤲💖,1,UgwZcDx3H8DLQx1Zp1J4AaABAg,@hasriainun7004
UgzPQGOLmZEE1FrnTvp4AaABAg,1,0,"2024-01-27 01:39:24",@delimahutagalung9973,"Judi tidak akan membuat mu kaya",0,,
UgzPQGOLmZEE1FrnTvp4AaABAg.A-2zOgWwyPzA-358tkm-As,,0,"2024-01-27 02:38:25",@RizkyRiplay,"yaps benerr, uang panas",1,UgzPQGOLmZEE1FrnTvp4AaABAg,@delimahutagalung9973
Ugy_8XSPrSlrQHS8xnN4AaABAg,2,0,"2024-01-27 01:39:06",@litatalita4711,"Baru kali ini nonton video Rizky Riplay bisa segercep ini😅",0,,
Ugy_8XSPrSlrQHS8xnN4AaABAg.A-2zMQw01FdA-3-okSnxJD,,0,"2024-01-27 01:51:50",@garaputrawianzha7604,sama,1,Ugy_8XSPrSlrQHS8xnN4AaABAg,@litatalita4711
Ugy_8XSPrSlrQHS8xnN4AaABAg.A-2zMQw01FdA-357qvr--7,,1,"2024-01-27 02:38:16",@RizkyRiplay,"yayy makasi sudah nonton yaa☺️",1,Ugy_8XSPrSlrQHS8xnN4AaABAg,@litatalita4711
UgzXYYPURJY2BwssapR4AaABAg,2,0,"2024-01-27 01:38:20",@HassanahFathiah,"Judol tu apa bang",0,,
UgzXYYPURJY2BwssapR4AaABAg.A-2zGrhvwKYA-3578MqP-5,,0,"2024-01-27 02:38:11",@RizkyRiplay,"judi online yaa",1,UgzXYYPURJY2BwssapR4AaABAg,@HassanahFathiah
UgzXYYPURJY2BwssapR4AaABAg.A-2zGrhvwKYA-37ZLOXQJn,,0,"2024-01-27 02:59:31",@HassanahFathiah,"@RizkyRiplay ooo",1,UgzXYYPURJY2BwssapR4AaABAg,@HassanahFathiah
UgznbhC1_9hMcqQrTgh4AaABAg,1,0,"2024-01-27 01:38:19",@Fathanmkautsar126,"Tim gercep mana nih",0,,
UgznbhC1_9hMcqQrTgh4AaABAg.A-2zGk9Jhm5A-356SEaNXT,,0,"2024-01-27 02:38:05",@RizkyRiplay,"makasi sudah nonton yaa☺️",1,UgznbhC1_9hMcqQrTgh4AaABAg,@Fathanmkautsar126
Ugz6DCXcsNC5B9UzdbB4AaABAg,1,1,"2024-01-27 01:38:10",@hdrikkun,"Bener sih Judi online emang buat hidup kacau temenku aja sampai hancur hidupnya gara2 judi online sampai d penjara lagi",0,,
Ugz6DCXcsNC5B9UzdbB4AaABAg.A-2zFaO-JB6A-355sNTnBZ,,0,"2024-01-27 02:38:00",@RizkyRiplay,"emang separah itu sii efek dari judol ibii",1,Ugz6DCXcsNC5B9UzdbB4AaABAg,@hdrikkun
Ugwtshs1iqirCAzu0OR4AaABAg,1,0,"2024-01-27 01:37:12",@lhepotchepik3614,"Yeey ada episode baru🥳🥳",0,,
Ugwtshs1iqirCAzu0OR4AaABAg.A-2z8WAZUpjA-351Z2c0vn,,0,"2024-01-27 02:37:25",@RizkyRiplay,"yayy makasi sudah nonton yaa☺️",1,Ugwtshs1iqirCAzu0OR4AaABAg,@lhepotchepik3614
UgyHqSQ_nDgItpNyMfl4AaABAg,1,3,"2024-01-27 01:37:08",@99yana,"Makasih bang videonya aku setia menonton video bang rizky dari aku masih sd, up terus bang rizky😊",0,,
UgyHqSQ_nDgItpNyMfl4AaABAg.A-2z848CpvqA-350tZJn5O,,1,"2024-01-27 02:37:19",@RizkyRiplay,"mantapp makasi sudah nonton yaa☺️",1,UgyHqSQ_nDgItpNyMfl4AaABAg,@99yana
UgxYlcpYVBbouN1pBct4AaABAg,1,0,"2024-01-27 01:37:00",@adamaiman-fg6jp,"Salam dari malaysia",0,,
UgxYlcpYVBbouN1pBct4AaABAg.A-2z707c8v2A-35-4mWXOT,,0,"2024-01-27 02:37:05",@RizkyRiplay,"haii makasi sudah nonton yaa☺️",1,UgxYlcpYVBbouN1pBct4AaABAg,@adamaiman-fg6jp
UgxkTsIc5fWP4JxHvA94AaABAg,1,0,"2024-01-27 01:36:46",@Szuintesha,GERCEP❤❤🎉🎉,0,,
UgxkTsIc5fWP4JxHvA94AaABAg.A-2z5O3MGxgA-34z4mYIgf,,0,"2024-01-27 02:36:57",@RizkyRiplay,"makasi sudah nonton yaa☺️",1,UgxkTsIc5fWP4JxHvA94AaABAg,@Szuintesha
Ugy0_AykSrS7vkOCXjZ4AaABAg,1,64,"2024-01-27 01:36:37",@kakakhoir9811,"hujan hujan begini sambil rebahan di temenin nonton anime bang rizky🎉",0,,
Ugy0_AykSrS7vkOCXjZ4AaABAg.A-2z4AVrLBxA-34wjVv_FL,,6,"2024-01-27 02:36:37",@RizkyRiplay,"makasi sudah nonton yaa☺️",1,Ugy0_AykSrS7vkOCXjZ4AaABAg,@kakakhoir9811
UgywD0sqKcFbNDjuN2B4AaABAg,1,0,"2024-01-27 01:36:16",@sinsin8473,"Weekend santai sambil liat yt Chanel kakanya",0,,
UgywD0sqKcFbNDjuN2B4AaABAg.A-2z1j8FRG3A-34vPireDR,,0,"2024-01-27 02:36:26",@RizkyRiplay,"mantapp staytune yaa sob☺️",1,UgywD0sqKcFbNDjuN2B4AaABAg,@sinsin8473
Ugz3GY6uuARJgiQLPs94AaABAg,1,52,"2024-01-27 01:36:02",@aniatun2012,"weekend niihhh kbeneran banget ada video trbarunya bang rizky mkasih ...banyak pesan yg bisa kita ambil dari video ini..semoga teman²semua terhindar dari semua hal²yg tidak bermanfaat serta madhorot yaww aamiin..semangat dan sehat²semua makin maju chanelnya bang rizky aamiin",0,,
Ugz3GY6uuARJgiQLPs94AaABAg.A-2z-vvBBPNA-34u6uI_q7,,2,"2024-01-27 02:36:16",@RizkyRiplay,"aamiin, semoga dengan adanya video ini kita bisa jadi lebih aware dengan game gamee kyaaa gitu yaa",1,Ugz3GY6uuARJgiQLPs94AaABAg,@aniatun2012
Ugz9gx8ZyTisYwQ3_694AaABAg,2,310,"2024-01-27 01:35:03",@parhanajah7044,"Dari ini kita belajar bahwa kalo mau dapat uang ya usaha karna rezeki kita sudah di atur sama Tuhan dan kita tinggal mengejar rezeki tersebut dengan jujur 😊",0,,
Ugz9gx8ZyTisYwQ3_694AaABAg.A-2ytod5kWjA-34pmcrbGV,,20,"2024-01-27 02:35:40",@RizkyRiplay,"yaps benerrr, caranya harus halal yaaa",1,Ugz9gx8ZyTisYwQ3_694AaABAg,@parhanajah7044
Ugz9gx8ZyTisYwQ3_694AaABAg.A-2ytod5kWjAAoCZJbXTlj,,1,"2024-11-14 04:52:04",@FazaZa-ki8fr,😊😊,1,Ugz9gx8ZyTisYwQ3_694AaABAg,@parhanajah7044
UgxmshSEPoXn5LEqpRl4AaABAg,0,3,"2024-01-27 01:34:50",@ItsMeRifan41,"2:11 eh jatuh cuy😅😅,knp ga diambil🗿",0,,
UgzgKAD9tHK5BuZGzxl4AaABAg,1,2,"2024-01-27 01:34:35",@RenzKinz-qh8wo,"Hadir bang Rizky 😁 sory y beberapa hari ini gk nonton video terbaru dari bang Rizky soalnya sinyal di sini tu kemarin kemarin gk baik kak😢 btw semangat terus buat bang Rizky",0,,
UgzgKAD9tHK5BuZGzxl4AaABAg.A-2yqLB3J_bA-34lrk6TQ8,,0,"2024-01-27 02:35:08",@RizkyRiplay,"gapapaaa makasii dukungannya yaa kawands",1,UgzgKAD9tHK5BuZGzxl4AaABAg,@RenzKinz-qh8wo
UgxvOtwozpC7JmGHnn54AaABAg,1,0,"2024-01-27 01:34:23",@bagaszsz777,"Wah mantap nih animasi drama keren bang bagus banget dramanya",0,,
UgxvOtwozpC7JmGHnn54AaABAg.A-2yoxsq27EA-34k9-t_1l,,0,"2024-01-27 02:34:54",@RizkyRiplay,"yay makasi yaaa",1,UgxvOtwozpC7JmGHnn54AaABAg,@bagaszsz777
UgyWUuUaZ2oFkMsrs654AaABAg,2,0,"2024-01-27 01:34:21",@Bro_Kevin.,"Halo bg😅",0,,
UgyWUuUaZ2oFkMsrs654AaABAg.A-2yoeJY7c7A-34jH6f1q6,,0,"2024-01-27 02:34:47",@RizkyRiplay,"haii makasii sudah nonton yaaa",1,UgyWUuUaZ2oFkMsrs654AaABAg,@Bro_Kevin.
UgyWUuUaZ2oFkMsrs654AaABAg.A-2yoeJY7c7A-3HfZorew1,,0,"2024-01-27 04:27:52",@Bro_Kevin.,"Iy bg",1,UgyWUuUaZ2oFkMsrs654AaABAg,@Bro_Kevin.
Ugx3a-vtS1enBt4E2gJ4AaABAg,0,0,"2024-01-27 01:34:20",@ziaismail7917,P,0,,
UgzZqg4ljZDIKwMzbDx4AaABAg,2,1,"2024-01-27 01:34:15",@arkanraditya7127,"kenapa bang kok ndadak baru jam 08.20 udah aplott",0,,
UgzZqg4ljZDIKwMzbDx4AaABAg.A-2ynvh6iKxA-34i4OQg_X,,0,"2024-01-27 02:34:37",@RizkyRiplay,"lebih cepat lebih baikkkk",1,UgzZqg4ljZDIKwMzbDx4AaABAg,@arkanraditya7127
UgzZqg4ljZDIKwMzbDx4AaABAg.A-2ynvh6iKxA-3DNwAnCE3,,0,"2024-01-27 03:50:23",@arkanraditya7127,"ohhh gitu to",1,UgzZqg4ljZDIKwMzbDx4AaABAg,@arkanraditya7127
Ugy55IbMT5XRc6DnCNx4AaABAg,2,0,"2024-01-27 01:34:15",@Ayu11707,"Time gercep kk Rizky 😍🌹",0,,
Ugy55IbMT5XRc6DnCNx4AaABAg.A-2yntxmwfVA-34gizrXSJ,,0,"2024-01-27 02:34:26",@RizkyRiplay,"keren makasi yaaa",1,Ugy55IbMT5XRc6DnCNx4AaABAg,@Ayu11707
Ugy55IbMT5XRc6DnCNx4AaABAg.A-2yntxmwfVA-4WZ6qLHdc,,0,"2024-01-27 15:57:10",@Ayu11707,"@RizkyRiplay sama"" kak 😍",1,Ugy55IbMT5XRc6DnCNx4AaABAg,@Ayu11707
UgyUCqN5HGoFjjsrr3l4AaABAg,0,0,"2024-01-27 01:33:51",@YAHUDQQ2024,"Sempat sempat nya bang Rizky bikin iklan tango 😂😂😂",0,,
UgxMlJ_Nm_qdNULl1894AaABAg,0,0,"2024-01-27 01:33:44",@DimasAdhinugraha,P,0,,
UgzWy4lqs9bEOEmqeod4AaABAg,0,0,"2024-01-27 01:33:11",@WahyudiWahyudi-he9mp,"Tambah bagus aja film nya,semangat selallu buat kontennya🎉🎉",0,,
Ugz_bc1Z3952co2IBwN4AaABAg,0,1,"2024-01-27 01:33:10",@ItsMeRifan41,Nice👍👍,0,,
UgzMhUbF1lisGphWi6x4AaABAg,0,0,"2024-01-27 01:33:03",@hyerwee,"hey, episode baru",0,,
UgzjFO5fxoGIx_97J-l4AaABAg,0,0,"2024-01-27 01:32:59",@firliassyifa6451,"Semoga sukses terus bang🎉",0,,
UgyJCx0MpXy-CDE27D54AaABAg,0,1,"2024-01-27 01:32:39",@ValtValtryekNexus,"siapa yang sadar ada rizky pada animasi andy? ⬇️",0,,
Ugzx9fIZ-PmWmV4CvP54AaABAg,0,0,"2024-01-27 01:32:33",@Junyoung-lr5ek,wuw,0,,
UgxkfwUJEDDS58pKebd4AaABAg,0,0,"2024-01-27 01:32:27",@yanaazmi1398,"Tula Judi sangat dah balasan, jangan main sangat dengan judi sebab judi haram, kita kalau nak senang kena usaha",0,,
UgygbUKHDNZ6cu2ewhZ4AaABAg,0,2,"2024-01-27 01:32:11",@nikcolasshaputra8930,"Mna ni ms Rizky sama ko Andy 😊😊",0,,
UgyZwW3K7q7HzsA1jxd4AaABAg,0,0,"2024-01-27 01:31:56",@M_5809,"Semangat terus buat kak rizky dan sehat terus yah kak🎉",0,,
UgwEs8tsVwHcdKGPdmJ4AaABAg,0,0,"2024-01-27 01:31:44",@bejolagi8727,"5 menit lalu nihh Sapa dong bang 😁",0,,
UgyDu6gWqDn4hg-ytGR4AaABAg,0,0,"2024-01-27 01:31:30",@jaquebelo9871,"HELLO BANG",0,,
Ugyb6cofadVQKj_xiE14AaABAg,0,0,"2024-01-27 01:31:28",@muhammadzainal1431,P,0,,
Ugxqj4rgRets18eFj014AaABAg,0,0,"2024-01-27 01:31:23",@Mayaasyrf,"Woilah padahal udah gercep, tpi ko udah rame ajh 😭🙌💓💓",0,,
Ugz6OJPvb2r2oVSPv2x4AaABAg,0,0,"2024-01-27 01:31:20",@putrifatana4960,"Pas lagi makan",0,,
Ugxe5YZQGqYfXqmB7Ah4AaABAg,0,0,"2024-01-27 01:31:16",@ayunarlisnarlis5831,"Setia slalu nontonin nya 🎉🎉😊",0,,
UgzARYophM0yAjx9K0x4AaABAg,0,0,"2024-01-27 01:31:14",@bymeproject21,"penyimak setia hadir",0,,
UgxsNB4RgrpzXeTSACt4AaABAg,0,0,"2024-01-27 01:31:11",@KennethLimatmadja,"Yey udah upload",0,,
UgwmbuVuuyTsOowDwc54AaABAg,0,0,"2024-01-27 01:31:10",@al_Fxk,"Semoga Selamat selalu bang",0,,
Ugyqbkv_jCMzQNpYZRV4AaABAg,0,0,"2024-01-27 01:31:09",@Saifanalfarizi-qc8xv,Gercepp,0,,
Ugz-EwqLdjJY0B1ZSDB4AaABAg,0,0,"2024-01-27 01:30:54",@Anming_29,"I'm late, even if I'm late it's okay 1:17 🎉😂😂😂",0,,
Ugxzwn_pg-YPmcnOetJ4AaABAg,0,0,"2024-01-27 01:30:50",@metatrihandini7215,"4 menit laluu🎉",0,,
UgxFD2ZlXP1uCUhZIxp4AaABAg,0,0,"2024-01-27 01:30:49",@nzavixclyy.,gercepp,0,,
UgyGIfN1mQyakkCiyc94AaABAg,0,0,"2024-01-27 01:30:44",@Anming_29,"I'm late, even if I'm late it's okay 1:17 🎉😂😂😂",0,,
UgwZmtH4hlov5lQrBlt4AaABAg,0,0,"2024-01-27 01:30:22",@muslihudin1238,"Ke ,970 kak Rizky😅",0,,
Ugz-jhxEah02JWVmmPR4AaABAg,0,0,"2024-01-27 01:30:21",@DMTR0,"dri animasi ini,jdi kepengen buat main judi😅",0,,
Ugwu_Ssn8KLghEBY1Sh4AaABAg,0,0,"2024-01-27 01:30:19",@Nana.0868,"Enak banget nih abis ngerjain kerjaan rumah langsung ada notif langsung nonton",0,,
UgxvTCjvC-tPTGQgjxV4AaABAg,0,0,"2024-01-27 01:30:11",@Anming_29,"I'm late, even if I'm late it's okay 1:17 🎉😂😂😂",0,,
UgwWfYnP5A-Ar62KuFt4AaABAg,0,0,"2024-01-27 01:30:01",@DayuAnggara-yp7ct,"Aaaaa telat bgd pengennya jdi si paling gercepp hehehe",0,,
Ugw7D579D0cgGWRBxAl4AaABAg,0,68,"2024-01-27 01:29:56",@riniagustina2850,"Yeeaayyyyy episode terbaru ...sllu staytune kak rizky riplay 😊😊😊",0,,
UgxkRMt9qeNBVRKFikB4AaABAg,139,4902,"2024-01-27 01:29:45",@A.NyaItuANaa,"Intinya jangan judi judi bisa membuat kita gila dan jangan melakukan hubungan itu ketika kita belum siap bertanggung jawab",0,,
UgxkRMt9qeNBVRKFikB4AaABAg.A-2yHu1s2r_A-2z04TAOh0,,101,"2024-01-27 01:36:03",@EpaEpu-hw5nj,Se7,1,UgxkRMt9qeNBVRKFikB4AaABAg,@A.NyaItuANaa
UgxkRMt9qeNBVRKFikB4AaABAg.A-2yHu1s2r_A-3-ijJtHaf,,58,"2024-01-27 01:51:01",@GaenLee-g3n,"Tepat sekali",1,UgxkRMt9qeNBVRKFikB4AaABAg,@A.NyaItuANaa
UgxkRMt9qeNBVRKFikB4AaABAg.A-2yHu1s2r_A-30h0mfwbX,,91,"2024-01-27 01:59:31",@sida.artyom,"Menang ketagihan, kalah penasaran",1,UgxkRMt9qeNBVRKFikB4AaABAg,@A.NyaItuANaa
UgxkRMt9qeNBVRKFikB4AaABAg.A-2yHu1s2r_A-31ZnStAuw,,1,"2024-01-27 02:07:09",@Doaibu1992,"Lu jangan munafik lah,lu tuh termasuk biang nya tuh...😁",1,UgxkRMt9qeNBVRKFikB4AaABAg,@A.NyaItuANaa
UgxkRMt9qeNBVRKFikB4AaABAg.A-2yHu1s2r_A-31dy7AEqM,,40,"2024-01-27 02:07:51",@bhairawa212,"Salah bang intinya boleh ko judi kalo km dewa judi.😁",1,UgxkRMt9qeNBVRKFikB4AaABAg,@A.NyaItuANaa
UgxkRMt9qeNBVRKFikB4AaABAg.A-2yHu1s2r_A-31wXikbon,,30,"2024-01-27 02:10:23",@RIZKIYTPRESET,"Se7 bang",1,UgxkRMt9qeNBVRKFikB4AaABAg,@A.NyaItuANaa
UgxkRMt9qeNBVRKFikB4AaABAg.A-2yHu1s2r_A-32jKItuga,,25,"2024-01-27 02:17:19",@anomalidunia12,"kalau Bicara gampang saja itu dek. tapi jgn sampai kau minum Air liur mu sendiri setelah kau bilang begini...",1,UgxkRMt9qeNBVRKFikB4AaABAg,@A.NyaItuANaa
UgxkRMt9qeNBVRKFikB4AaABAg.A-2yHu1s2r_A-33LOqUsZN,,29,"2024-01-27 02:22:39",@Pajtdw,"se7, temen gw udh ketagihan judi online,tiap hari menang trus, ganti² situs pula,gw nasehati dia klo itu dosa malah bilang buat gabut doank,gimana cara nyadarin pejudi online:)",1,UgxkRMt9qeNBVRKFikB4AaABAg,@A.NyaItuANaa
UgxkRMt9qeNBVRKFikB4AaABAg.A-2yHu1s2r_A-33tinTaoD,,9,"2024-01-27 02:27:28",@GaenLee-g3n,"@Pajtdw doain aja temanmu, biar tobat",1,UgxkRMt9qeNBVRKFikB4AaABAg,@A.NyaItuANaa
UgxkRMt9qeNBVRKFikB4AaABAg.A-2yHu1s2r_A-34DNCpGZc,,0,"2024-01-27 02:30:18",@KopiKapal-wm6nn,"Tidak apa² kalau kaum hawa itu tidak mendesak,,si suami lagi payah mencari pekerjaan isteri malah mendesak,,kasihan suaminya begitu,,kaum hawa kebanyakan tidak Sadar diri😅 100% masuk neraka,,Allahhualam..",1,UgxkRMt9qeNBVRKFikB4AaABAg,@A.NyaItuANaa
UgxkRMt9qeNBVRKFikB4AaABAg.A-2yHu1s2r_A-39Wr5Z0vl,,13,"2024-01-27 03:16:39",@soryzaaa.9382,"Dan intinya hati2 kalo mau jadi kurir paket, barang konsumen ilang ada resikonya",1,UgxkRMt9qeNBVRKFikB4AaABAg,@A.NyaItuANaa
UgxkRMt9qeNBVRKFikB4AaABAg.A-2yHu1s2r_A-3DgqK3CzO,,14,"2024-01-27 03:53:06",@kepo2512,"Jangan melakukan hubungan suami istri jika belum menikah",1,UgxkRMt9qeNBVRKFikB4AaABAg,@A.NyaItuANaa
UgxkRMt9qeNBVRKFikB4AaABAg.A-2yHu1s2r_A-3E1oHapAc,,0,"2024-01-27 03:56:06",@artianggraini1377,"@anomalidunia12 bnr itu👍",1,UgxkRMt9qeNBVRKFikB4AaABAg,@A.NyaItuANaa
UgxkRMt9qeNBVRKFikB4AaABAg.A-2yHu1s2r_A-3G5ZZKfzm,,16,"2024-01-27 04:14:05",@anshenhansreviro7538,"​@Pajtdwsusah ngasih tau org kayak gitu, aku nanya tmn aja jwbannya hampir² sama dgn cerita mu disini, walaupun cerita nya sedikit beda. Intinya *_""Jgn menghalalkan sesuatu yg telah diharamkan""_* . Tpi mau gmna pun, kembali lgi ke diri sndiri. Kita sbg sesama cma bisa ngasih tau Sabtu, 27 Januari 2024",1,UgxkRMt9qeNBVRKFikB4AaABAg,@A.NyaItuANaa
UgxkRMt9qeNBVRKFikB4AaABAg.A-2yHu1s2r_A-3GlPOiD1E,,16,"2024-01-27 04:19:56",@anshenhansreviro7538,"​@kepo2512Dan jgn berpacaran, krna agama Islam (bagi yg merasa muslim) hanya membolehkan pacaran setelah akad nikah, bukan sblm nikah. Dan hubungan pertemanan antar lawan jenis pun juga harus dibatasi dan di jaga jarak, krna sebuah ""perasaan"" pelan² muncul lewat sebuah hubungan pertemanan, maka terjadilah hubungan *haram* pacaran. Sabtu, 27 Januari 2024",1,UgxkRMt9qeNBVRKFikB4AaABAg,@A.NyaItuANaa
UgxkRMt9qeNBVRKFikB4AaABAg.A-2yHu1s2r_A-3LzhclnKB,,3,"2024-01-27 05:05:35",@DionArif-e7d,"​@bhairawa212 bocil luh diam aja lu masih bocah, mending sekolah yang benar yeh, jng biasanya beban ortu 🤣🤣🤣🤣🤣",1,UgxkRMt9qeNBVRKFikB4AaABAg,@A.NyaItuANaa
UgxkRMt9qeNBVRKFikB4AaABAg.A-2yHu1s2r_A-3Mo9-XsTW,,2,"2024-01-27 05:12:44",@meylissaputry6151,betul,1,UgxkRMt9qeNBVRKFikB4AaABAg,@A.NyaItuANaa
UgxkRMt9qeNBVRKFikB4AaABAg.A-2yHu1s2r_A-3P3bg_2zC,,5,"2024-01-27 05:32:28",@A.NyaItuANaa,"@tomoblimbing3931 nah gini nih ciri cirinya",1,UgxkRMt9qeNBVRKFikB4AaABAg,@A.NyaItuANaa
UgxkRMt9qeNBVRKFikB4AaABAg.A-2yHu1s2r_A-3Q0gOULjw,,2,"2024-01-27 05:40:48",@FathirXy,"Dan nanti bisa di penjara",1,UgxkRMt9qeNBVRKFikB4AaABAg,@A.NyaItuANaa
UgxkRMt9qeNBVRKFikB4AaABAg.A-2yHu1s2r_A-3UxgRGnrj,,3,"2024-01-27 06:23:57",@bhairawa212,"@DionArif-e7d bocil??😂 Jangan2 saya yg harusnya manggil km nak. Kalo sy yg kepala 4 anda panggil bocil. Trs org2 harus manggil anda buyut??",1,UgxkRMt9qeNBVRKFikB4AaABAg,@A.NyaItuANaa
UgxkRMt9qeNBVRKFikB4AaABAg.A-2yHu1s2r_A-3WO7G6Sgh,,0,"2024-01-27 06:36:26",@babyaaa0,"Tapi menurut ku kasus sekolah sekarang lebih banyak yang hamil di luar nikah, bukannya buka aib tapi kemarin ada di sekolahan ku kasus kek gitu terus di keluarin, banyak si",1,UgxkRMt9qeNBVRKFikB4AaABAg,@A.NyaItuANaa
UgxkRMt9qeNBVRKFikB4AaABAg.A-2yHu1s2r_A-3ayAaMZEB,,0,"2024-01-27 07:25:11",@Rafa-Toku_Minecraft,Keren,1,UgxkRMt9qeNBVRKFikB4AaABAg,@A.NyaItuANaa
UgxkRMt9qeNBVRKFikB4AaABAg.A-2yHu1s2r_A-3vCqiPyLr,,0,"2024-01-27 10:22:05",@TommySULANG,"Hehehe hello guys goncerot itu sedap tau 😁😁☺️☺️☺️🤭🤭",1,UgxkRMt9qeNBVRKFikB4AaABAg,@A.NyaItuANaa
UgxkRMt9qeNBVRKFikB4AaABAg.A-2yHu1s2r_A-43-DXsLzg,,2,"2024-01-27 11:38:52",@sowhatgokids,"SEMOGA CHNL KU BISA BERKEMBANG SEPERTI CHANNEL INI AMIN ❤❤❤❤❤❤❤❤",1,UgxkRMt9qeNBVRKFikB4AaABAg,@A.NyaItuANaa
UgxkRMt9qeNBVRKFikB4AaABAg.A-2yHu1s2r_A-44jkfJLQY,,0,"2024-01-27 11:54:05",@Bangtoyib-yx,"Sok tau lu padahal inti nya ga ada yang bisa kaya karna judi",1,UgxkRMt9qeNBVRKFikB4AaABAg,@A.NyaItuANaa
UgxkRMt9qeNBVRKFikB4AaABAg.A-2yHu1s2r_A-4845cRJP5,,0,"2024-01-27 12:23:13",@hikma6556,"Bener banget karena ada juga yg udah nikah tapi belum bisa bertanggung jawab",1,UgxkRMt9qeNBVRKFikB4AaABAg,@A.NyaItuANaa
UgxkRMt9qeNBVRKFikB4AaABAg.A-2yHu1s2r_A-48V2qaHSl,,0,"2024-01-27 12:26:54",@TommySULANG,"Hello siapa yang tahu dan xtau adakah anda seorang pejudi jadi klau awak seorang pejudi maka sudah pasti anda sendiri terasa seperti pepatah Melayu mengatakan siapa yang mkn cili dia terasa pedas mungkin anda salah seorang daripada mereka klau awak faham dan orang lain faham maksud sye itu bukannya mengalakan orang2 semua berjudi tetapi agar mereka tahu cuba u renungkan bahasa sye itu saudari dari judi dari minum minuman keras dari kaki perempuan semuanya sye sebutkan itu adalah satu sindiran memperli mereka yang aktif melakukan semua perkara tersebut anda ade sekolah x saudari ku 👍👍👍👍😁😁😁☺️☺️☺️🤭🤭🤭🙏🙏🙏🙏🙏",1,UgxkRMt9qeNBVRKFikB4AaABAg,@A.NyaItuANaa
UgxkRMt9qeNBVRKFikB4AaABAg.A-2yHu1s2r_A-48zqj82ey,,0,"2024-01-27 12:31:14",@TommySULANG,"Nah sebab itu lh sye perli sindir orang2 yang minuman keras kaki judi kaki perempuan dan pencuri semuanya menyentuh keburukan jika seseorang itu ade pendidikan moral ade sekolah dia faham ape orang lain katakan jangan jadi katak bawah tempurung guys 👍😁😁😁😁😁😂🤣☺️👍",1,UgxkRMt9qeNBVRKFikB4AaABAg,@A.NyaItuANaa
UgxkRMt9qeNBVRKFikB4AaABAg.A-2yHu1s2r_A-49TNSfi3x,,0,"2024-01-27 12:35:25",@WanuraisyahfiqihNuraisyah,"Jangkan judi , riba korup dan togel pun juga nghacr diri sendiri",1,UgxkRMt9qeNBVRKFikB4AaABAg,@A.NyaItuANaa
UgxkRMt9qeNBVRKFikB4AaABAg.A-2yHu1s2r_A-49Vr34zpZ,,0,"2024-01-27 12:35:45",@WanuraisyahfiqihNuraisyah,"Jangkan judi , riba korup dan togel pun juga nghacr diri sendiri",1,UgxkRMt9qeNBVRKFikB4AaABAg,@A.NyaItuANaa
UgxkRMt9qeNBVRKFikB4AaABAg.A-2yHu1s2r_A-4nAIiFwpi,,0,"2024-01-27 18:31:04",@muhammadbagusalifikri8346,"Menurut gua kalau sudah menang jangan main lagi 😂​@sida.artyom",1,UgxkRMt9qeNBVRKFikB4AaABAg,@A.NyaItuANaa
UgxkRMt9qeNBVRKFikB4AaABAg.A-2yHu1s2r_A-4uPJTpsGg,,0,"2024-01-27 19:34:17",@ain242,Betulll,1,UgxkRMt9qeNBVRKFikB4AaABAg,@A.NyaItuANaa
UgxkRMt9qeNBVRKFikB4AaABAg.A-2yHu1s2r_A-52NVHWKbl,,0,"2024-01-27 20:52:41",@Dhott620,"g nyambung",1,UgxkRMt9qeNBVRKFikB4AaABAg,@A.NyaItuANaa
UgxkRMt9qeNBVRKFikB4AaABAg.A-2yHu1s2r_A-5Vx_3HzIQ,,0,"2024-01-28 01:11:09",@CikaDwisalsabila,😢,1,UgxkRMt9qeNBVRKFikB4AaABAg,@A.NyaItuANaa
UgxkRMt9qeNBVRKFikB4AaABAg.A-2yHu1s2r_A-5XKQQBgLm,,1,"2024-01-28 01:23:08",@ach.t.efendi3103,"Pemerintahnya aja ada yg main judi, mana mungkin bisa diberantas😢",1,UgxkRMt9qeNBVRKFikB4AaABAg,@A.NyaItuANaa
UgxkRMt9qeNBVRKFikB4AaABAg.A-2yHu1s2r_A-5XmG6lmtR,,1,"2024-01-28 01:27:05",@IcenTralala,​@EpaEpu-hw5nj1:06,1,UgxkRMt9qeNBVRKFikB4AaABAg,@A.NyaItuANaa
UgxkRMt9qeNBVRKFikB4AaABAg.A-2yHu1s2r_A-5gU2R0nKw,,0,"2024-01-28 02:51:50",@Aairinafiyah,Savage@clovisqt.16406,1,UgxkRMt9qeNBVRKFikB4AaABAg,@A.NyaItuANaa
UgxkRMt9qeNBVRKFikB4AaABAg.A-2yHu1s2r_A-6YX3pnkDM,,0,"2024-01-28 10:52:51",@Uwinn12,Setujuu,1,UgxkRMt9qeNBVRKFikB4AaABAg,@A.NyaItuANaa
UgxkRMt9qeNBVRKFikB4AaABAg.A-2yHu1s2r_A-6gtH1L-Hj,,0,"2024-01-28 12:14:40",@fyptiktokofficial3103,"yang benerr dek",1,UgxkRMt9qeNBVRKFikB4AaABAg,@A.NyaItuANaa
UgxkRMt9qeNBVRKFikB4AaABAg.A-2yHu1s2r_A-6sbsZOmc8,,1,"2024-01-28 13:57:08",@fahrialfarizi1922,"Bukan gara² game itu, yg bener itu karna paket orang yg mau dikirim tersebut jatuh jadi dia mencoba untuk mencari pekerjaan,,, ingat kata youtube iq7",1,UgxkRMt9qeNBVRKFikB4AaABAg,@A.NyaItuANaa
UgxkRMt9qeNBVRKFikB4AaABAg.A-2yHu1s2r_A-827mN8k-g,,0,"2024-01-29 00:48:15",@rutsintialiliana2227,"Hadeh klau nama ny udh kebawa nfsu mana ada mkir siap tanggung jawab, bnyak noh anak yg di buang krn hub gelap.. Enteng bnget ngomong nya..",1,UgxkRMt9qeNBVRKFikB4AaABAg,@A.NyaItuANaa
UgxkRMt9qeNBVRKFikB4AaABAg.A-2yHu1s2r_A-8S98begfC,,0,"2024-01-29 04:35:38",@dewipuspita8401,"Betul itu...gara"" slot sebelah desa ada yg gantung diri.gosip nya banyak hutang slot",1,UgxkRMt9qeNBVRKFikB4AaABAg,@A.NyaItuANaa
UgxkRMt9qeNBVRKFikB4AaABAg.A-2yHu1s2r_A-AeVayFbyD,,0,"2024-01-30 01:10:46",@rehansaputrarehan7428,Bener,1,UgxkRMt9qeNBVRKFikB4AaABAg,@A.NyaItuANaa
UgxkRMt9qeNBVRKFikB4AaABAg.A-2yHu1s2r_A-B9PKII4_O,,1,"2024-01-30 05:49:32",@kuyang12333,"Intinya terus lah berjudi... Karena judi itu asik. Dan gpp zinah.. enak bro",1,UgxkRMt9qeNBVRKFikB4AaABAg,@A.NyaItuANaa
UgxkRMt9qeNBVRKFikB4AaABAg.A-2yHu1s2r_A-C7T4p-xab,,1,"2024-01-30 14:51:49",@zidanalianakbaik,"Gara gara Zeus slot njir🗿",1,UgxkRMt9qeNBVRKFikB4AaABAg,@A.NyaItuANaa
UgxkRMt9qeNBVRKFikB4AaABAg.A-2yHu1s2r_A-Du5rSE0sQ,,0,"2024-01-31 07:24:48",@ZuherdiZulherdi-fi4pq,​@EpaEpu-hw5nj❤,1,UgxkRMt9qeNBVRKFikB4AaABAg,@A.NyaItuANaa
UgxkRMt9qeNBVRKFikB4AaABAg.A-2yHu1s2r_A-E1BO1XE4U,,0,"2024-01-31 08:35:27",@venikasuphanawatdee,"Gmn ma judi online yg dbuat ma ustad dennis liem?katanya sengaja dbuat dan d setting biar yg menang org2 miskin/yg membutuhkan.Menurut sy sih ga bener yaa apapun alasannya ya tetep aja judi online.Mgk lbh baik dcari jln lain membantu org membutuhkann dgn tdk membuat judi online.Oh yaa yg ikut artis2 jg dgn dalih judi online.tp ga tau dech, d indo kan asal dalihnya untuk bantu org+tokoh agama islam pst lsg d dukung😊",1,UgxkRMt9qeNBVRKFikB4AaABAg,@A.NyaItuANaa
UgxkRMt9qeNBVRKFikB4AaABAg.A-2yHu1s2r_A-EJwsR9nLh,,0,"2024-01-31 11:19:21",@Cheyshe,"😮 cukup maen 1 kali kalau gacor, menang,nahh trus berhenti aja",1,UgxkRMt9qeNBVRKFikB4AaABAg,@A.NyaItuANaa
UgxkRMt9qeNBVRKFikB4AaABAg.A-2yHu1s2r_A-Fhi5djSIA,,0,"2024-02-01 00:15:02",@farhanboyz9840,"Betul. Menang di awal kalah di akhir.",1,UgxkRMt9qeNBVRKFikB4AaABAg,@A.NyaItuANaa
UgxkRMt9qeNBVRKFikB4AaABAg.A-2yHu1s2r_A-JDP57Jysl,,0,"2024-02-02 08:58:23",@Marapthon_clipp97,"Bukan masalah siap gak siap, hidup itu kadang diatas kadang dibawa bisa aja kita itu hidup senang kerjaan bagus tapi tiba” anjlok, tapi pas anjlok harus siap dengan keadaan jangan pernah menyalahkan hubungan",1,UgxkRMt9qeNBVRKFikB4AaABAg,@A.NyaItuANaa
UgxkRMt9qeNBVRKFikB4AaABAg.A-2yHu1s2r_A-YXQKfl3I5,,0,"2024-02-08 07:41:55",@hedysebastian8450,​@babyaaa0waduh,1,UgxkRMt9qeNBVRKFikB4AaABAg,@A.NyaItuANaa
UgxkRMt9qeNBVRKFikB4AaABAg.A-2yHu1s2r_A-YZIlf8HQI,,1,"2024-02-08 07:58:22",@babyaaa0,"@hedysebastian8450 emang kok, heran banget pliss kenapa anak muda sekarang pada pengen gituan, mungkin gara gara sering liat video porno yang merusak otak",1,UgxkRMt9qeNBVRKFikB4AaABAg,@A.NyaItuANaa
UgxkRMt9qeNBVRKFikB4AaABAg.A-2yHu1s2r_A-Zf-6cpS9E,,0,"2024-02-08 18:16:06",@chandra0671,"Udh abis brpa coy",1,UgxkRMt9qeNBVRKFikB4AaABAg,@A.NyaItuANaa
UgxkRMt9qeNBVRKFikB4AaABAg.A-2yHu1s2r_A-_b7cKhM1e,,0,"2024-02-09 03:01:33",@multimedia.computer3026,"Itu mh buat orang nub.klau pro ga akan kejadian hamidun bray😅",1,UgxkRMt9qeNBVRKFikB4AaABAg,@A.NyaItuANaa
UgxkRMt9qeNBVRKFikB4AaABAg.A-2yHu1s2r_A-dQlZmVdHy,,0,"2024-02-10 14:39:14",@PawiroLondo-zw1es,"Alhamdulillah istri ku hamil dulu saya berkerja keras",1,UgxkRMt9qeNBVRKFikB4AaABAg,@A.NyaItuANaa
UgxkRMt9qeNBVRKFikB4AaABAg.A-2yHu1s2r_A-i7wAaIShH,,0,"2024-02-12 10:30:52",@jodisiagian5355,Se7,1,UgxkRMt9qeNBVRKFikB4AaABAg,@A.NyaItuANaa
UgxkRMt9qeNBVRKFikB4AaABAg.A-2yHu1s2r_A-vqMCMma1l,,0,"2024-02-17 18:17:54",@maktrim999,"Azab bandar judi online,gitu bandar juga perlu dibuatkan",1,UgxkRMt9qeNBVRKFikB4AaABAg,@A.NyaItuANaa
UgxkRMt9qeNBVRKFikB4AaABAg.A-2yHu1s2r_A-xJBfqEpsl,,0,"2024-02-18 07:57:50",@mix_gais,"hubungan apa?",1,UgxkRMt9qeNBVRKFikB4AaABAg,@A.NyaItuANaa
UgxkRMt9qeNBVRKFikB4AaABAg.A-2yHu1s2r_A-y-clBoXyY,,0,"2024-02-18 14:26:09",@Bincengfriend,"Jauhi judi judi bikin miskini,cari uang halal dan ditabung pasti cukup",1,UgxkRMt9qeNBVRKFikB4AaABAg,@A.NyaItuANaa
UgxkRMt9qeNBVRKFikB4AaABAg.A-2yHu1s2r_A0-tjvoj52m,,0,"2024-02-19 17:23:41",@ahmadululazmi8545,​@Pajtdw0:26,1,UgxkRMt9qeNBVRKFikB4AaABAg,@A.NyaItuANaa
UgxkRMt9qeNBVRKFikB4AaABAg.A-2yHu1s2r_A006AGPGM81,,0,"2024-02-19 19:21:01",@siapasaya...,"walaupun sudah bisa bertanggung jawab ya sebaiknya jangan lakukan hubungan yg seperti itu",1,UgxkRMt9qeNBVRKFikB4AaABAg,@A.NyaItuANaa
UgxkRMt9qeNBVRKFikB4AaABAg.A-2yHu1s2r_A027aagMu7E,,0,"2024-02-20 14:11:58",@Novasaputra3214Nova,"Nah bener tu bang",1,UgxkRMt9qeNBVRKFikB4AaABAg,@A.NyaItuANaa
UgxkRMt9qeNBVRKFikB4AaABAg.A-2yHu1s2r_A043yDReLNU,,0,"2024-02-21 08:18:43",@MuhamadMisran-z7d,"Phm phm",1,UgxkRMt9qeNBVRKFikB4AaABAg,@A.NyaItuANaa
UgxkRMt9qeNBVRKFikB4AaABAg.A-2yHu1s2r_A0Jjktfp4CI,,0,"2024-02-27 10:21:15",@wlnkthluv5413,"Bener banget",1,UgxkRMt9qeNBVRKFikB4AaABAg,@A.NyaItuANaa
UgxkRMt9qeNBVRKFikB4AaABAg.A-2yHu1s2r_A0UE57xms6p,,0,"2024-03-02 12:07:26",@reginatanjung851,"bukannya jangan melakukan hubungan itu jika belum siap, yg benar jngan melakukan hubungan itu sebelum nikah",1,UgxkRMt9qeNBVRKFikB4AaABAg,@A.NyaItuANaa
UgxkRMt9qeNBVRKFikB4AaABAg.A-2yHu1s2r_A0iSu1-J2JQ,,0,"2024-03-08 10:05:28",@DewiKartika-fx6te,"Ngalamin yah bang?",1,UgxkRMt9qeNBVRKFikB4AaABAg,@A.NyaItuANaa
UgxkRMt9qeNBVRKFikB4AaABAg.A-2yHu1s2r_A0k_QtS1haO,,0,"2024-03-09 05:49:44",@OppoSilver-d9w,T4x,1,UgxkRMt9qeNBVRKFikB4AaABAg,@A.NyaItuANaa
UgxkRMt9qeNBVRKFikB4AaABAg.A-2yHu1s2r_A0zr8sdY1x_,,0,"2024-03-15 04:13:10",@GuritaMalamSR,"Gpp judi aja terus, hubungan aja terus, agama melalui ustad nya udah melarang dan mengingatkan kita, neraka sangat luas seluas langit dan bumi",1,UgxkRMt9qeNBVRKFikB4AaABAg,@A.NyaItuANaa
UgxkRMt9qeNBVRKFikB4AaABAg.A-2yHu1s2r_A1-VWvZckW9,,0,"2024-03-15 10:14:43",@bambangandriyanto7138,​@EpaEpu-hw5nj3:27,1,UgxkRMt9qeNBVRKFikB4AaABAg,@A.NyaItuANaa
UgxkRMt9qeNBVRKFikB4AaABAg.A-2yHu1s2r_A15vPQFySHY,,0,"2024-03-17 22:05:04",@DimasWahyuUtomo-k9e,"@Pajtdwpukul pake pisooo",1,UgxkRMt9qeNBVRKFikB4AaABAg,@A.NyaItuANaa
UgxkRMt9qeNBVRKFikB4AaABAg.A-2yHu1s2r_A239LyE0d1t,,0,"2024-04-10 16:49:20",@m.isanudin666,"Intinya jangan ngewe sebelum nikah!!",1,UgxkRMt9qeNBVRKFikB4AaABAg,@A.NyaItuANaa
UgxkRMt9qeNBVRKFikB4AaABAg.A-2yHu1s2r_A2PDRwKcSfu,,0,"2024-04-19 06:28:24",@kikiffindonesiannoobplayer6854,"Gara gara sange",1,UgxkRMt9qeNBVRKFikB4AaABAg,@A.NyaItuANaa
UgxkRMt9qeNBVRKFikB4AaABAg.A-2yHu1s2r_A3x8n-ZqfDt,,0,"2024-05-27 16:32:32",@Rahman-um4hf,"ITU ap kk",1,UgxkRMt9qeNBVRKFikB4AaABAg,@A.NyaItuANaa
UgxkRMt9qeNBVRKFikB4AaABAg.A-2yHu1s2r_A4CnoFBQeNd,,0,"2024-06-03 03:47:33",@Shoopiaa,​@EpaEpu-hw5nj😂,1,UgxkRMt9qeNBVRKFikB4AaABAg,@A.NyaItuANaa
UgxkRMt9qeNBVRKFikB4AaABAg.A-2yHu1s2r_A4qWpJikiLm,,0,"2024-06-18 23:19:16",@paengkry3370,"Pesan moralnya tol0I​@anomalidunia12",1,UgxkRMt9qeNBVRKFikB4AaABAg,@A.NyaItuANaa
UgxkRMt9qeNBVRKFikB4AaABAg.A-2yHu1s2r_A4s2isZ0m9Y,,0,"2024-06-19 13:34:44",@akun_c7,"Yg bener itu intinya punya kont*l itu di jaga, jngan nafsuan jngan ngacengan",1,UgxkRMt9qeNBVRKFikB4AaABAg,@A.NyaItuANaa
UgxkRMt9qeNBVRKFikB4AaABAg.A-2yHu1s2r_A4yyApjM9LN,,0,"2024-06-22 06:00:57",@FahriCocomelon,"Dak dak dek, eh tua bego, hal yang haram kok dilakuin, lu tua tapi jangan bego lah, keliatan banget SDM RENDAH + IQ78 nya​@anomalidunia12",1,UgxkRMt9qeNBVRKFikB4AaABAg,@A.NyaItuANaa
UgxkRMt9qeNBVRKFikB4AaABAg.A-2yHu1s2r_A5G5ewogIMk,,0,"2024-06-29 07:01:25",@masdiky777,Xcxcxcxczc,1,UgxkRMt9qeNBVRKFikB4AaABAg,@A.NyaItuANaa
UgxkRMt9qeNBVRKFikB4AaABAg.A-2yHu1s2r_A5L944-rkgw,,0,"2024-07-01 06:07:24",@yusuffebriyadi6897,"​@bhairawa212Benar2 gak waras lhu ya",1,UgxkRMt9qeNBVRKFikB4AaABAg,@A.NyaItuANaa
UgxkRMt9qeNBVRKFikB4AaABAg.A-2yHu1s2r_A5OdJmdQqVh,,0,"2024-07-02 14:38:09",@KhyraPlenger,"Aku tidak bisa party kalian",1,UgxkRMt9qeNBVRKFikB4AaABAg,@A.NyaItuANaa
UgxkRMt9qeNBVRKFikB4AaABAg.A-2yHu1s2r_A5pAQ5QruV5,,0,"2024-07-13 07:15:37",@erikfmtv9179,"Jadi kalo udah siap boleh melakukan itu?😮😅",1,UgxkRMt9qeNBVRKFikB4AaABAg,@A.NyaItuANaa
UgxkRMt9qeNBVRKFikB4AaABAg.A-2yHu1s2r_A5rbZc5S5_A,,0,"2024-07-14 06:00:03",@Danicr92Cr92,"Curhat loe...kg pantas loe bacot gtu!!!!!",1,UgxkRMt9qeNBVRKFikB4AaABAg,@A.NyaItuANaa
UgxkRMt9qeNBVRKFikB4AaABAg.A-2yHu1s2r_A68aIjDrRqy,,0,"2024-07-21 05:35:21",@zagi4556,"​@anomalidunia12gak akan, Gak semua orang setolol orang yg main judi",1,UgxkRMt9qeNBVRKFikB4AaABAg,@A.NyaItuANaa
UgxkRMt9qeNBVRKFikB4AaABAg.A-2yHu1s2r_A68d4JiR5k8,,0,"2024-07-21 05:59:35",@anomalidunia12,"@zagi4556 berarti kau pernah main judi. kok lu sok tau",1,UgxkRMt9qeNBVRKFikB4AaABAg,@A.NyaItuANaa
UgxkRMt9qeNBVRKFikB4AaABAg.A-2yHu1s2r_A6hK3BNXBTJ,,0,"2024-08-04 02:37:20",@hero-madz-ID,"Iya bg betul tu kita ini mamghidupi bukn menyakiti😊",1,UgxkRMt9qeNBVRKFikB4AaABAg,@A.NyaItuANaa
UgxkRMt9qeNBVRKFikB4AaABAg.A-2yHu1s2r_A71XL_80KBF,,0,"2024-08-12 08:17:29",@kiboyyya,"btw gua maen slot 10 situs atau lebih gua modal 200k setiap hari klo naik 500k wd besok lgi naik 700k klo zonk coba di situs lain dengan modal yg di kasih menang sampe 1 bulan gua gitu trus ke kumpul 20jtan langsung ga maen lgi klo udah klah 200k udah stop lanjut besok 😂 judi gua jadiin mata pencarian harian gua kumpuin sampe 1 bulan gua anggap itu gajih 😂 jgn ikutin nafsu, kadang kita main kebawa suasana baru di kasih pecah bagus malah di trusin 😂inti nya jgn nafsu pernah juga modal 200k naik 300 wd besok lgi lanjutin",1,UgxkRMt9qeNBVRKFikB4AaABAg,@A.NyaItuANaa
UgxkRMt9qeNBVRKFikB4AaABAg.A-2yHu1s2r_A71kyA6Yi1I,,0,"2024-08-12 10:25:14",@anomalidunia12,"@kiboyyya sama bro",1,UgxkRMt9qeNBVRKFikB4AaABAg,@A.NyaItuANaa
UgxkRMt9qeNBVRKFikB4AaABAg.A-2yHu1s2r_A8UwX-MWb31,,0,"2024-09-17 14:55:37",@rizet3813,"​@kuyang12333 jir, utusan iblis yg cosplay jadi manusia 🗿🗿🗿",1,UgxkRMt9qeNBVRKFikB4AaABAg,@A.NyaItuANaa
UgxkRMt9qeNBVRKFikB4AaABAg.A-2yHu1s2r_AAmTSxEE5-6,,0,"2024-11-13 12:41:16",@AkunsatuSatu-b9q,"setuju banget sama kak aku",1,UgxkRMt9qeNBVRKFikB4AaABAg,@A.NyaItuANaa
UgxkRMt9qeNBVRKFikB4AaABAg.A-2yHu1s2r_AAwFrCJsvia,,1,"2024-11-17 07:54:48",@Football20098,"​@kepo2512 iya benar",1,UgxkRMt9qeNBVRKFikB4AaABAg,@A.NyaItuANaa
UgxkRMt9qeNBVRKFikB4AaABAg.A-2yHu1s2r_AB2JsHSsnv_,,0,"2024-11-20 01:44:34",@darmafebrian1349,​@sida.artyom😂😂😂😂😂,1,UgxkRMt9qeNBVRKFikB4AaABAg,@A.NyaItuANaa
UgxkRMt9qeNBVRKFikB4AaABAg.A-2yHu1s2r_AB2JwUa88lb,,0,"2024-11-20 01:45:09",@darmafebrian1349,​@sida.artyom😂😂😂😂😂,1,UgxkRMt9qeNBVRKFikB4AaABAg,@A.NyaItuANaa
UgxkRMt9qeNBVRKFikB4AaABAg.A-2yHu1s2r_ABGDfS5eQzH,,0,"2024-11-25 11:19:46",@faisalfadilah-r5g,1:27,1,UgxkRMt9qeNBVRKFikB4AaABAg,@A.NyaItuANaa
UgxkRMt9qeNBVRKFikB4AaABAg.A-2yHu1s2r_ABizSnMMBYv,,0,"2024-12-07 00:44:02",@AlamNewz,"​@babyaaa0yahh gmn yaa jelasin nya, tapi barang punya anak SMA lebih enak sih 😂",1,UgxkRMt9qeNBVRKFikB4AaABAg,@A.NyaItuANaa
UgxkRMt9qeNBVRKFikB4AaABAg.A-2yHu1s2r_AD_F1jAcyDx,,0,"2025-01-21 22:59:16",@doreengunawan7272,"di Indo makan babi haram, tp judol kok dilegalkan?",1,UgxkRMt9qeNBVRKFikB4AaABAg,@A.NyaItuANaa
UgxkRMt9qeNBVRKFikB4AaABAg.A-2yHu1s2r_ADea3kCEaYJ,,0,"2025-01-24 00:47:59",@joviathaadyatma2411,Setuju,1,UgxkRMt9qeNBVRKFikB4AaABAg,@A.NyaItuANaa
UgxkRMt9qeNBVRKFikB4AaABAg.A-2yHu1s2r_AEMi-IpXp5b,,0,"2025-02-10 13:23:07",@BudiAna-v5e,"Gw korban menang cuma 2juta kalah nya 10/16juta hadeuh,tapi skarang Sesdikit""bisa melupakan meskipun Suka Penasaran trus main lagi tapi Alhamdulillah GK sering""bngt,intinya sedikit""Belajar melupakan",1,UgxkRMt9qeNBVRKFikB4AaABAg,@A.NyaItuANaa
UgxkRMt9qeNBVRKFikB4AaABAg.A-2yHu1s2r_AEt5JEn1_4F,,1,"2025-02-23 12:30:29",@Parjo-j4z,"Klo sudah kejanduan susah kak sembuhnya​@Pajtdw",1,UgxkRMt9qeNBVRKFikB4AaABAg,@A.NyaItuANaa
UgxkRMt9qeNBVRKFikB4AaABAg.A-2yHu1s2r_AEt6Lsr8jTG,,0,"2025-02-23 12:39:35",@Parjo-j4z,"Judi bkin orang gk waras, utang dimna2 gampang marah jg",1,UgxkRMt9qeNBVRKFikB4AaABAg,@A.NyaItuANaa
UgxkRMt9qeNBVRKFikB4AaABAg.A-2yHu1s2r_AFL9cMeY9o0,,0,"2025-03-06 19:26:10",@devamaulana-sh4ph,Bodoamat,1,UgxkRMt9qeNBVRKFikB4AaABAg,@A.NyaItuANaa
UgxkRMt9qeNBVRKFikB4AaABAg.A-2yHu1s2r_AFlwDeykzq3,,0,"2025-03-17 14:19:03",@NaniSuryani-x2y,"Karena Judi adalah racun kehidupan",1,UgxkRMt9qeNBVRKFikB4AaABAg,@A.NyaItuANaa
UgxkRMt9qeNBVRKFikB4AaABAg.A-2yHu1s2r_AFxhNIOFz0k,,0,"2025-03-22 04:00:11",@kaoriramadhani4734,"l@anomalidunia12 cuman di Indonesia nasehatin malah dibilang gini wkwkwk bukannya lu belajar dari kesalahan lu maen judol malah mengutamakan crab mentality wkwkwk 😂",1,UgxkRMt9qeNBVRKFikB4AaABAg,@A.NyaItuANaa
UgxkRMt9qeNBVRKFikB4AaABAg.A-2yHu1s2r_AG9zWERK8Qn,,0,"2025-03-27 07:48:49",@eugenelee9597,"Tapi inti dari intinya adalah jauhi pacaran di awal video itu penyebab awalnya 😂",1,UgxkRMt9qeNBVRKFikB4AaABAg,@A.NyaItuANaa
UgxkRMt9qeNBVRKFikB4AaABAg.A-2yHu1s2r_AGEE8aQj84k,,0,"2025-03-28 23:22:22",@rezasaputra6894,"​@bhairawa2admin ya lo12",1,UgxkRMt9qeNBVRKFikB4AaABAg,@A.NyaItuANaa
UgxkRMt9qeNBVRKFikB4AaABAg.A-2yHu1s2r_AGSgG3dq_dd,,0,"2025-04-03 14:06:09",@JajangZaelani-l4n,"Lebih tepat lagi jngn lkukan hal itu sebelum nikah",1,UgxkRMt9qeNBVRKFikB4AaABAg,@A.NyaItuANaa
UgxkRMt9qeNBVRKFikB4AaABAg.A-2yHu1s2r_AGVODL8deFP,,0,"2025-04-04 15:17:29",@panggahpedot-f5b,"spaceman bro terbang ke angkasa🚀",1,UgxkRMt9qeNBVRKFikB4AaABAg,@A.NyaItuANaa
UgxkRMt9qeNBVRKFikB4AaABAg.A-2yHu1s2r_AGdsXoV-zFl,,0,"2025-04-08 07:44:19",@yanamarlon8086,"Ya bang",1,UgxkRMt9qeNBVRKFikB4AaABAg,@A.NyaItuANaa
UgxkRMt9qeNBVRKFikB4AaABAg.A-2yHu1s2r_AGitSeaS5uk,,0,"2025-04-10 06:28:34",@Dimss0902,"Yang ditambahnya lagi, judol itu bukanlah judi yang berartikan gambling, no even 1% pun bukan gambling, melainkan penipuan belaka",1,UgxkRMt9qeNBVRKFikB4AaABAg,@A.NyaItuANaa
UgxkRMt9qeNBVRKFikB4AaABAg.A-2yHu1s2r_AHj9isbqOEE,,0,"2025-05-05 05:30:51",@wetzy134,P,1,UgxkRMt9qeNBVRKFikB4AaABAg,@A.NyaItuANaa
UgxkRMt9qeNBVRKFikB4AaABAg.A-2yHu1s2r_AHp0gt8LIfg,,0,"2025-05-07 12:07:23",@Lovelyran_57,"tapi saya baru wd 20jt",1,UgxkRMt9qeNBVRKFikB4AaABAg,@A.NyaItuANaa
UgxkRMt9qeNBVRKFikB4AaABAg.A-2yHu1s2r_AHwkfk-4soZ,,0,"2025-05-10 12:12:36",@alfirzipraseptia7713,"tapi kan ini cuma kartun hehehehe😊😊",1,UgxkRMt9qeNBVRKFikB4AaABAg,@A.NyaItuANaa
UgxkRMt9qeNBVRKFikB4AaABAg.A-2yHu1s2r_AI3eezxXg4v,,0,"2025-05-13 13:54:00",@arieffatwaramadhan8946,"Judi membuat kaya, gacor",1,UgxkRMt9qeNBVRKFikB4AaABAg,@A.NyaItuANaa
UgxkRMt9qeNBVRKFikB4AaABAg.A-2yHu1s2r_AIcXGztGLY_,,0,"2025-05-27 12:13:20",@GameSemut,"Betul sekali aku tidak memiliki hubungan cinta karena aku sudah tidak punya hati dan aku tidak akan melakukan judi karena agama ku melarang nya dan dapat dosa",1,UgxkRMt9qeNBVRKFikB4AaABAg,@A.NyaItuANaa
UgxkRMt9qeNBVRKFikB4AaABAg.A-2yHu1s2r_AJeCI4NKc7z,,1,"2025-06-22 00:19:51",@NadineVeralia,"Iya, aku setuju banget✔😍",1,UgxkRMt9qeNBVRKFikB4AaABAg,@A.NyaItuANaa
UgxkRMt9qeNBVRKFikB4AaABAg.A-2yHu1s2r_AK6cTEGZqdO,,0,"2025-07-03 10:35:17",@WiwitAsih-y7z,"Tapi melakukan hubungan itu enak",1,UgxkRMt9qeNBVRKFikB4AaABAg,@A.NyaItuANaa
UgxkRMt9qeNBVRKFikB4AaABAg.A-2yHu1s2r_AKHDVC0KmB_,,0,"2025-07-07 13:20:00",@dan-g1k4o,"Jalok kerjoan nang mukidi kucluk",1,UgxkRMt9qeNBVRKFikB4AaABAg,@A.NyaItuANaa
UgxkRMt9qeNBVRKFikB4AaABAg.A-2yHu1s2r_AKaVLuOSnxW,,0,"2025-07-15 10:20:50",@karolinedestatasha,"abangku udh main judi + nark*ba + pencuri lengkap sudah, keluarga ku makan hati dirumah kalau dia udh dapet hari sakau nya ngeri skli😭🥹",1,UgxkRMt9qeNBVRKFikB4AaABAg,@A.NyaItuANaa
UgxkRMt9qeNBVRKFikB4AaABAg.A-2yHu1s2r_AKlRBNb1HHI,,0,"2025-07-19 16:16:06",@MegaKartika-k4h,"Bisa ko kalau depo nya 10 k ,kalau hamilin anak org kan tiap malam gak ke dingin nan",1,UgxkRMt9qeNBVRKFikB4AaABAg,@A.NyaItuANaa
UgxkRMt9qeNBVRKFikB4AaABAg.A-2yHu1s2r_AKlRBNWbJL-,,0,"2025-07-19 16:16:06",@MegaKartika-k4h,"Bisa ko kalau depo nya 10 k ,kalau hamilin anak org kan tiap malam gak ke dingin nan",1,UgxkRMt9qeNBVRKFikB4AaABAg,@A.NyaItuANaa
UgxkRMt9qeNBVRKFikB4AaABAg.A-2yHu1s2r_AKnqVPan0yk,,0,"2025-07-20 14:44:30",@Harry-g4c,"Kamu cantik",1,UgxkRMt9qeNBVRKFikB4AaABAg,@A.NyaItuANaa
UgxkRMt9qeNBVRKFikB4AaABAg.A-2yHu1s2r_AKvUrmyHNhp,,0,"2025-07-23 14:00:39",@LukmanHadi-e3u,TepAt,1,UgxkRMt9qeNBVRKFikB4AaABAg,@A.NyaItuANaa
UgxkRMt9qeNBVRKFikB4AaABAg.A-2yHu1s2r_AL4Dw43eVEd,,0,"2025-07-27 08:45:05",@isran8,"Boong ah",1,UgxkRMt9qeNBVRKFikB4AaABAg,@A.NyaItuANaa
UgxkRMt9qeNBVRKFikB4AaABAg.A-2yHu1s2r_ALNUYiAMjK2,,0,"2025-08-03 20:15:52",@dendeni6195,"Menang pengen nambah, kalah pengen balik modal😂",1,UgxkRMt9qeNBVRKFikB4AaABAg,@A.NyaItuANaa
UgxkRMt9qeNBVRKFikB4AaABAg.A-2yHu1s2r_ALXVPaV0r_1,,0,"2025-08-07 17:35:46",@OjanGanteng-w8t,"Dan intinya cowok bakal beruntung kalau punya kakak",1,UgxkRMt9qeNBVRKFikB4AaABAg,@A.NyaItuANaa
UgxkRMt9qeNBVRKFikB4AaABAg.A-2yHu1s2r_ANGExYsyipi,,0,"2025-09-19 17:47:42",@AkbarTanjung-u4l,"kalau aku bisa kok nafkahin kamu 🤣🤣🤣",1,UgxkRMt9qeNBVRKFikB4AaABAg,@A.NyaItuANaa
UgxkRMt9qeNBVRKFikB4AaABAg.A-2yHu1s2r_ANmZ0yluJq2,,0,"2025-10-02 16:18:00",@TegarLedeee,​@sida.artyommantap,1,UgxkRMt9qeNBVRKFikB4AaABAg,@A.NyaItuANaa
UgxkRMt9qeNBVRKFikB4AaABAg.A-2yHu1s2r_ANo-b2c56Bp,,0,"2025-10-03 05:46:58",@ariefsyaiful3364,"Semoga kamu nda mendapatkan suami yg bgitu",1,UgxkRMt9qeNBVRKFikB4AaABAg,@A.NyaItuANaa
UgxkRMt9qeNBVRKFikB4AaABAg.A-2yHu1s2r_AOB7D5gFx-Q,,0,"2025-10-12 14:35:14",@AntonNugrohogergorius,❤,1,UgxkRMt9qeNBVRKFikB4AaABAg,@A.NyaItuANaa
UgxkRMt9qeNBVRKFikB4AaABAg.A-2yHu1s2r_APJ6S1Z256T,,0,"2025-11-09 13:33:52",@nastaintain4173,"Kebanyakan yng judol?habis nyabu dan klo menang buat beli sabu lagi,?",1,UgxkRMt9qeNBVRKFikB4AaABAg,@A.NyaItuANaa
UgxkRMt9qeNBVRKFikB4AaABAg.A-2yHu1s2r_AQYY-08MON3,,0,"2025-12-10 09:54:34",@muhmmdnasih9566,"Lingkaran setan..semoga kita dijauhi dari hal²tersebut",1,UgxkRMt9qeNBVRKFikB4AaABAg,@A.NyaItuANaa
UgxkRMt9qeNBVRKFikB4AaABAg.A-2yHu1s2r_AQoiSXSoU2t,,0,"2025-12-17 02:01:48",@reynaladiNal,"napsu urus nanti aja",1,UgxkRMt9qeNBVRKFikB4AaABAg,@A.NyaItuANaa
UgxkRMt9qeNBVRKFikB4AaABAg.A-2yHu1s2r_AR1084ZCJj5,,0,"2025-12-22 05:55:10",@aga-m6w,nynnyeyeye,1,UgxkRMt9qeNBVRKFikB4AaABAg,@A.NyaItuANaa
UgxkRMt9qeNBVRKFikB4AaABAg.A-2yHu1s2r_AR4h8qi4Vhk,,0,"2025-12-23 16:17:28",@luasikbanget-g3h,"Terutama lu klo cari cowok jangan liat ke ganteng ngan nya walaupun cowok jellk kulit hitam itu pekerja keras klo cowok ganteng putih bersih belum tentu juga bisa kerja keras biasanya klo perempuan milih laki laki bermuka tampan yg ganteng 🗿",1,UgxkRMt9qeNBVRKFikB4AaABAg,@A.NyaItuANaa
UgxkRMt9qeNBVRKFikB4AaABAg.A-2yHu1s2r_AR9UVzORKDq,,0,"2025-12-25 12:54:30",@DenisKrisdian-t5j,"​@AlamNewzenak yg SMP bang masih sempit dan wangi😂😂",1,UgxkRMt9qeNBVRKFikB4AaABAg,@A.NyaItuANaa
UgxkRMt9qeNBVRKFikB4AaABAg.A-2yHu1s2r_ATrt94Q4rik,,0,"2026-03-02 21:07:10",@fathurrahman5033,"Iya syg❤",1,UgxkRMt9qeNBVRKFikB4AaABAg,@A.NyaItuANaa
UgxkRMt9qeNBVRKFikB4AaABAg.A-2yHu1s2r_AUNKn6e-NZ6,,0,"2026-03-15 11:33:08",@GzKarimgz-g2w,"Belum balik modal gw masih lanjut sampai sekarang",1,UgxkRMt9qeNBVRKFikB4AaABAg,@A.NyaItuANaa
UgxkRMt9qeNBVRKFikB4AaABAg.A-2yHu1s2r_AVtmFzoTkiF,,0,"2026-04-22 07:48:13",@sai_4212,"bener tuh judi nggak bikin kita untung tapi bikin kita ketagihan hingga nguras duit kita secara perlahan lahan",1,UgxkRMt9qeNBVRKFikB4AaABAg,@A.NyaItuANaa
UgxkRMt9qeNBVRKFikB4AaABAg.A-2yHu1s2r_AWSwiJgxHM_,,0,"2026-05-06 08:52:16",@SittiAmiatun,Kalazzz,1,UgxkRMt9qeNBVRKFikB4AaABAg,@A.NyaItuANaa
UgxkRMt9qeNBVRKFikB4AaABAg.A-2yHu1s2r_AWtaAn2MR7M,,0,"2026-05-17 02:34:03",@MisterBb-e1w,"Tapi jangan di sambungkan sama hubungan .. Dukung pasangan kita agar mereka kuat ... Jangan di omelin aja di dukung lhh Jngan sampe mereka pusing terjerumus ke judol",1,UgxkRMt9qeNBVRKFikB4AaABAg,@A.NyaItuANaa
UgzBlr2djvnr_lPVjW94AaABAg,0,103,"2024-01-27 01:29:44",@artianggraini1377,"Penonton setia❤semoga bang Rizky , ko andy , team & kita semuanya sehat , panjang umur , rejeki berlimpah & sllu dlm lindungan-Nya...amiin🫶🥰",0,,
UgztSCgKwaXhEDfGLWN4AaABAg,0,0,"2024-01-27 01:29:43",@anaktbr6544,😊,0,,
Ugw4ufPiBmU3XA3EAax4AaABAg,0,2,"2024-01-27 01:29:39",@ridwandimaswoko2558,"sukses selalu mas risky🎉",0,,
UgwnTTGvfwGQtL9aYk54AaABAg,0,0,"2024-01-27 01:29:39",@Anming_29,"I'm late, even if I'm late it's okay🎉😂😂😂",0,,
UgwmbHDw0GX4D2lcx7F4AaABAg,0,0,"2024-01-27 01:29:38",@Riovaldi02-bb6rk,"Auto langsung gas",0,,
UgzO0jgUGfNadzo_QAJ4AaABAg,0,0,"2024-01-27 01:29:38",@yanaazmi1398,"Harap² online judi ni dapat shut down dengan pihak berkuasa nati",0,,
UgypTsPrxXe_hOlwZiV4AaABAg,0,0,"2024-01-27 01:29:30",@ryaa.stacyy,"Tim gercep",0,,
UgyT7uBFq1rp8_QN_nJ4AaABAg,0,0,"2024-01-27 01:29:30",@Anming_29,"I'm late, even if I'm late it's okay🎉😂😂😂",0,,
UgxYCBB5hvFQfEhsZeZ4AaABAg,0,1,"2024-01-27 01:29:26",@RaraCntik999,"Sering"" Up bg rizky",0,,
Ugz-ERyPEChDLTp2n254AaABAg,0,0,"2024-01-27 01:29:24",@Hendrysabahan,"Tim yang tak tau maksud gercep🗿🗿",0,,
UgxSLyu1TV224z3o2_V4AaABAg,0,1,"2024-01-27 01:29:14",@RaraCntik999,"Tim gercepp ☝",0,,
UgzmTi67yMLYt-07Pvd4AaABAg,0,0,"2024-01-27 01:29:11",@palustroy5745,🎉,0,,
UgzTH7e9wmX9ng0vWeR4AaABAg,0,0,"2024-01-27 01:29:10",@arisbrajax7294,"Selalu meknimati animasimu bang",0,,
UgyXExqulheMhSXQxGR4AaABAg,0,62,"2024-01-27 01:29:07",@ReyhnAhmd-ji4ns,"dari sini saya belajar untuk terus fokus dengan sekolah bukannya pokus dengan pcr .",0,,
UgwttPIp0yaba4OKUld4AaABAg,0,0,"2024-01-27 01:28:48",@MohMuksin-vq3th,gercep😂,0,,
UgzR0JI7OfVLaPQ30dJ4AaABAg,0,0,"2024-01-27 01:28:46",@nurafifahghaniyah,"Bukan yg pertama sih tapi selalu nonton tiap rizkyriplay upload",0,,
UgwH3tZ13-ANtaJVL7p4AaABAg,0,0,"2024-01-27 01:28:42",@anisahdulay8046,"Team Garcep 😁",0,,
UgwefeQLUI-YYdFIBqV4AaABAg,0,0,"2024-01-27 01:28:41",@NadilaPrety,"Garceppppp ah",0,,
UgzgsBYqX0jKwfAB6_Z4AaABAg,0,0,"2024-01-27 01:28:37",@Obito_uchiha931,"Tiba ❤❤❤",0,,
Ugwj-FFc00mb_NGOpa14AaABAg,0,0,"2024-01-27 01:28:36",@suriatitajudin6835,❤❤❤❤❤😊😊😊😊,0,,
UgwKBGg9PeU1HhlpSm94AaABAg,1,0,"2024-01-27 01:28:35",@danisakti_98,"Bukan yang pertama Tapi selalu setia menanti Konten abang rizky riplay 🙏🏻😍",0,,
UgwKBGg9PeU1HhlpSm94AaABAg.A-2y9OLaJldA-5tpdRcVYV,,0,"2024-01-28 04:48:31",@RizkyRiplay,"makasi sudah nonton yaaa☺️",1,UgwKBGg9PeU1HhlpSm94AaABAg,@danisakti_98
UgwKamryexy9IcIpSKB4AaABAg,1,0,"2024-01-27 01:28:32",@nabillaazzahro,"Gercep nihh❤❤",0,,
UgwKamryexy9IcIpSKB4AaABAg.A-2y93buGZIA-5tp0qHjSw,,0,"2024-01-28 04:48:26",@RizkyRiplay,"makasi sudah nonton yaaa☺️",1,UgwKamryexy9IcIpSKB4AaABAg,@nabillaazzahro
UgwRHFLP4UuqzLb8-pV4AaABAg,1,0,"2024-01-27 01:28:28",@fadlankhair8775,"wah rizky sekarang masuk di video judol hebat😃😀🙂",0,,
UgwRHFLP4UuqzLb8-pV4AaABAg.A-2y8_ySRyPA-5to1A0LBs,,0,"2024-01-28 04:48:18",@RizkyRiplay,"makasi sudah nonton yaaa☺️",1,UgwRHFLP4UuqzLb8-pV4AaABAg,@fadlankhair8775
UgyUQGCxluxxVTPqC4h4AaABAg,1,9,"2024-01-27 01:28:10",@gustiputuabilianti8542,"Gercep juga nih😁😁",0,,
UgyUQGCxluxxVTPqC4h4AaABAg.A-2y6LIiDVyA-5tn8hjPzE,,1,"2024-01-28 04:48:11",@RizkyRiplay,"makasi sudah nonton yaaa☺️",1,UgyUQGCxluxxVTPqC4h4AaABAg,@gustiputuabilianti8542
UgxlxX_NAUjKFahJxgh4AaABAg,1,0,"2024-01-27 01:28:09",@Kenzoo334,"Ha ha",0,,
UgxlxX_NAUjKFahJxgh4AaABAg.A-2y6BnzK_8A-5tmSxtqC6,,0,"2024-01-28 04:48:05",@RizkyRiplay,"makasi sudah nonton yaaa☺️",1,UgxlxX_NAUjKFahJxgh4AaABAg,@Kenzoo334
Ugzn4tP0Yn9WejBCtHJ4AaABAg,1,0,"2024-01-27 01:28:05",@susi6118,"tumben ni aing gercep😂",0,,
Ugzn4tP0Yn9WejBCtHJ4AaABAg.A-2y5lGA6ZDA-5tlwX3o9d,,0,"2024-01-28 04:48:01",@RizkyRiplay,"keren makasi sudah nonton yaaa☺️",1,Ugzn4tP0Yn9WejBCtHJ4AaABAg,@susi6118
UgyGTIOWYAAecWTLaLt4AaABAg,1,0,"2024-01-27 01:28:05",@AndesTV77,"Makin keren aja mas kontennya..",0,,
UgyGTIOWYAAecWTLaLt4AaABAg.A-2y5klkarjA-5tlR4JpW0,,0,"2024-01-28 04:47:57",@RizkyRiplay,"alhamdulillah hehe",1,UgyGTIOWYAAecWTLaLt4AaABAg,@AndesTV77
UgyI4BPbXAallk0jw854AaABAg,1,0,"2024-01-27 01:27:57",@GhaitsaRiskimidroro,"Langsung gercep,sukses terus kak Rizki",0,,
UgyI4BPbXAallk0jw854AaABAg.A-2y4ktldLAA-5tkkTgTCf,,0,"2024-01-28 04:47:51",@RizkyRiplay,"aamiin makasi doanya yaaa",1,UgyI4BPbXAallk0jw854AaABAg,@GhaitsaRiskimidroro
Ugx2orYwUnJgmPLh2sN4AaABAg,1,0,"2024-01-27 01:27:55",@aghdfal,"Gercepp nihh",0,,
Ugx2orYwUnJgmPLh2sN4AaABAg.A-2y4UDEPQrA-5tjyLo_5D,,0,"2024-01-28 04:47:45",@RizkyRiplay,"makasi sudah nonton yaaa☺️",1,Ugx2orYwUnJgmPLh2sN4AaABAg,@aghdfal
UgxDIXEB71E4ehMA_px4AaABAg,1,2,"2024-01-27 01:27:47",@muhammadharun4812,"Sukses slalu Riski riplay dan tim😊",0,,
UgxDIXEB71E4ehMA_px4AaABAg.A-2y3XHYXHkA-5tjRIs9th,,0,"2024-01-28 04:47:40",@RizkyRiplay,"aamiin makasi doanya yaaa",1,UgxDIXEB71E4ehMA_px4AaABAg,@muhammadharun4812
UgxVFh_jLLsJQF8Cy6J4AaABAg,1,0,"2024-01-27 01:27:41",@01.argasebayuyanfap42,Gas,0,,
UgxVFh_jLLsJQF8Cy6J4AaABAg.A-2y2s9PpERA-5tii3tJB_,,0,"2024-01-28 04:47:34",@RizkyRiplay,"makasi sudah nonton yaaa☺️",1,UgxVFh_jLLsJQF8Cy6J4AaABAg,@01.argasebayuyanfap42
Ugy5V4WF_Ip1MlicMc54AaABAg,0,0,"2024-01-27 01:27:40",@akunhapeini5929,👍👍,0,,
UgzuIMBnBJOOtX6vJIh4AaABAg,1,1,"2024-01-27 01:27:31",@ok0810,"Pertama ni bg🎉😅😅",0,,
UgzuIMBnBJOOtX6vJIh4AaABAg.A-2y1ZZ8Y4yA-5ti8Gp-hy,,1,"2024-01-28 04:47:30",@RizkyRiplay,"makasi sudah nonton yaaa☺️",1,UgzuIMBnBJOOtX6vJIh4AaABAg,@ok0810
UgyrqrRo-61SEpdb2MJ4AaABAg,1,19,"2024-01-27 01:27:29",@seccret_00,"Semnagttt bang untuk buat animasi animasi Indonesia, sehat selalu dan semoga diberi rezeki yang berlimpah aminn 😁🙏",0,,
UgyrqrRo-61SEpdb2MJ4AaABAg.A-2y1MA2e-NA-5thE3qSGW,,1,"2024-01-28 04:47:22",@RizkyRiplay,"aamiin makasi sudah nonton yaaa☺️",1,UgyrqrRo-61SEpdb2MJ4AaABAg,@seccret_00
UgyNNq83wa_oPVclz0p4AaABAg,1,0,"2024-01-27 01:27:21",@ytghainusa6113,"Penonton setia gwe bg",0,,
UgyNNq83wa_oPVclz0p4AaABAg.A-2y0KHezrXA-5tX8-tCDr,,0,"2024-01-28 04:45:51",@RizkyRiplay,"makasi sudah nonton yaaa☺️",1,UgyNNq83wa_oPVclz0p4AaABAg,@ytghainusa6113
UgxJi9DY2rGgFPRx6rN4AaABAg,1,1,"2024-01-27 01:27:14",@tyka102,"enk bnget lagi hujan,nnton channel bg Rizky 💪🏻💪🏻",0,,
UgxJi9DY2rGgFPRx6rN4AaABAg.A-2y-Y6SQYEA-5tWVIwitL,,0,"2024-01-28 04:45:46",@RizkyRiplay,"makasi sudah nonton yaaa☺️",1,UgxJi9DY2rGgFPRx6rN4AaABAg,@tyka102
UgyO7VcuFNcnFSwLtUh4AaABAg,1,0,"2024-01-27 01:27:14",@jepingsex7727,Mantap,0,,
UgyO7VcuFNcnFSwLtUh4AaABAg.A-2y-TtclUcA-5tVwMgTgO,,0,"2024-01-28 04:45:41",@RizkyRiplay,"makasi sudah nonton yaaa☺️",1,UgyO7VcuFNcnFSwLtUh4AaABAg,@jepingsex7727
UgyzAmAQOjzmFWgs7ch4AaABAg,1,0,"2024-01-27 01:27:13",@Helmiati-y1q,"Pertama nih😍",0,,
UgyzAmAQOjzmFWgs7ch4AaABAg.A-2y-NfHkILA-5tUmRP5aD,,0,"2024-01-28 04:45:32",@RizkyRiplay,"makasi sudah nonton yaaa☺️",1,UgyzAmAQOjzmFWgs7ch4AaABAg,@Helmiati-y1q
UgwKqxLpc2bsEWeT8o14AaABAg,1,0,"2024-01-27 01:27:11",@Edgar-Orochi,Kedua,0,,
UgwKqxLpc2bsEWeT8o14AaABAg.A-2y-Csnx-CA-4VdyC4w1U,,0,"2024-01-27 15:49:14",@RizkyRiplay,"makasi sudah nonton yaa☺️",1,UgwKqxLpc2bsEWeT8o14AaABAg,@Edgar-Orochi
UgwfY22uJb1VfC9GMwR4AaABAg,1,1,"2024-01-27 01:27:10",@Abdullah-ch5lu,"Garcep nie❤❤",0,,
UgwfY22uJb1VfC9GMwR4AaABAg.A-2y-3_X5cUA-4VdQ2DlkQ,,0,"2024-01-27 15:49:09",@RizkyRiplay,"makasi sudah nonton yaa☺️",1,UgwfY22uJb1VfC9GMwR4AaABAg,@Abdullah-ch5lu
Ugx_eEAxdbz-1epkHxF4AaABAg,2,1,"2024-01-27 01:27:04",@marcelladaniafahira1002,"Sukses dan lancar terusterus bang😃💪🏼",0,,
Ugx_eEAxdbz-1epkHxF4AaABAg.A-2xzF7osLxA-4VcR4_eMm,,0,"2024-01-27 15:49:01",@RizkyRiplay,"aamiin makasi doanya yaaa",1,Ugx_eEAxdbz-1epkHxF4AaABAg,@marcelladaniafahira1002
Ugx_eEAxdbz-1epkHxF4AaABAg.A-2xzF7osLxA-9UnnLBV9V,,0,"2024-01-29 14:18:02",@marcelladaniafahira1002,"@RizkyRiplay sama sama bang sehat terus",1,Ugx_eEAxdbz-1epkHxF4AaABAg,@marcelladaniafahira1002
UgyclvZAb9wWtAIve2l4AaABAg,1,0,"2024-01-27 01:27:03",@kel_10210,"Hello bang riski",0,,
UgyclvZAb9wWtAIve2l4AaABAg.A-2xzEYTg6uA-4Vb_7sOtM,,0,"2024-01-27 15:48:54",@RizkyRiplay,"hai makasi sudah nonton yaa☺️",1,UgyclvZAb9wWtAIve2l4AaABAg,@kel_10210
UgwUcGPjLykqVumJIMt4AaABAg,1,0,"2024-01-27 01:27:01",@akunhapeini5929,Hadir,0,,
UgwUcGPjLykqVumJIMt4AaABAg.A-2xyvKg6bOA-4VaOgAN2n,,0,"2024-01-27 15:48:44",@RizkyRiplay,"hii makasi sudah nonton yaa☺️",1,UgwUcGPjLykqVumJIMt4AaABAg,@akunhapeini5929
Ugyt3ba0FGbLriAYiBB4AaABAg,1,0,"2024-01-27 01:26:55",@bejotm7364,Gercep,0,,
Ugyt3ba0FGbLriAYiBB4AaABAg.A-2xyEauj-0A-4V_naVmzs,,0,"2024-01-27 15:48:40",@RizkyRiplay,"makasi sudah nonton yaa☺️",1,Ugyt3ba0FGbLriAYiBB4AaABAg,@bejotm7364
UgykIfchml8kXyq9Ldt4AaABAg,1,0,"2024-01-27 01:26:53",@ponpesalfalah4816,Kedua,0,,
UgykIfchml8kXyq9Ldt4AaABAg.A-2xxzs9cAuA-4V_Chov5c,,0,"2024-01-27 15:48:35",@RizkyRiplay,"makasi sudah nonton yaa☺️",1,UgykIfchml8kXyq9Ldt4AaABAg,@ponpesalfalah4816
Ugzbye-nrDOSzCd3OyZ4AaABAg,1,0,"2024-01-27 01:26:53",@lufiasvia9051,"Gerecep bgt jarang komen tapi selalu mnjadi penonton setia semangat 🎉",0,,
Ugzbye-nrDOSzCd3OyZ4AaABAg.A-2xxwM-lUQA-4VZHIF11B,,0,"2024-01-27 15:48:27",@RizkyRiplay,"makasi sudah nonton yaa☺️",1,Ugzbye-nrDOSzCd3OyZ4AaABAg,@lufiasvia9051
UgxHQdYmByZvjwuAnkF4AaABAg,1,0,"2024-01-27 01:26:49",@MbakFitria-o8x,"Langsung gas nonton bang pas dapet notif😅",0,,
UgxHQdYmByZvjwuAnkF4AaABAg.A-2xxSHg1-FA-4VXWLJyY7,,0,"2024-01-27 15:48:13",@RizkyRiplay,"makasi sudah nonton yaa☺️",1,UgxHQdYmByZvjwuAnkF4AaABAg,@MbakFitria-o8x
Ugx3cKcutehN-Rnegbh4AaABAg,1,0,"2024-01-27 01:26:48",@AnnabelleCantik24,"aku kedua",0,,
Ugx3cKcutehN-Rnegbh4AaABAg.A-2xxJhV0KxA-4VWyAyzIc,,0,"2024-01-27 15:48:08",@RizkyRiplay,"makasi sudah nonton yaa☺️",1,Ugx3cKcutehN-Rnegbh4AaABAg,@AnnabelleCantik24
UgzXU3VPM-df1lCLuOF4AaABAg,1,0,"2024-01-27 01:26:44",@Shafirapunyacerita,"Akhirnya. Yg di tunggu-tunggu😅",0,,
UgzXU3VPM-df1lCLuOF4AaABAg.A-2xwvVOe6GA-4VWUmHHuG,,0,"2024-01-27 15:48:04",@RizkyRiplay,"makasi sudah nonton yaa☺️",1,UgzXU3VPM-df1lCLuOF4AaABAg,@Shafirapunyacerita
UgxlOLLAJRiPl2zKIyN4AaABAg,1,1,"2024-01-27 01:26:43",@jadenwangean2011,Waduh,0,,
UgxlOLLAJRiPl2zKIyN4AaABAg.A-2xwlSmv2nA-4VVw2Wsgl,,0,"2024-01-27 15:48:00",@RizkyRiplay,"makasi sudah nonton yaa☺️",1,UgxlOLLAJRiPl2zKIyN4AaABAg,@jadenwangean2011
UgyWvkJ1baXk9QpSGrN4AaABAg,2,0,"2024-01-27 01:26:43",@ramzstore317,"Masih untung gercep",0,,
UgyWvkJ1baXk9QpSGrN4AaABAg.A-2xwgWQR6AA-4VVKVtQf6,,1,"2024-01-27 15:47:55",@RizkyRiplay,"makasi sudah nonton yaa☺️",1,UgyWvkJ1baXk9QpSGrN4AaABAg,@ramzstore317
UgyWvkJ1baXk9QpSGrN4AaABAg.A-2xwgWQR6AA-50EEXzk8F,,0,"2024-01-27 20:33:56",@ramzstore317,"@RizkyRiplay iy sama sama bg rizki",1,UgyWvkJ1baXk9QpSGrN4AaABAg,@ramzstore317
UgzGtiyqoIgrxH4vno94AaABAg,1,1,"2024-01-27 01:26:42",@oryzasativa6986,Kedua,0,,
UgzGtiyqoIgrxH4vno94AaABAg.A-2xwYbdxPmA-4VUtDLERx,,0,"2024-01-27 15:47:51",@RizkyRiplay,"makasi sudah nonton yaa☺️",1,UgzGtiyqoIgrxH4vno94AaABAg,@oryzasativa6986
UgyQZ5d4nUCFXoI_Kt54AaABAg,1,0,"2024-01-27 01:26:41",@nandakurnia2042,"Pertama 😅😅",0,,
UgyQZ5d4nUCFXoI_Kt54AaABAg.A-2xwYB-svsA-4VUM1BIWX,,0,"2024-01-27 15:47:47",@RizkyRiplay,"makasi sudah nonton yaa☺️",1,UgyQZ5d4nUCFXoI_Kt54AaABAg,@nandakurnia2042
UgyIxjLbS5LFhL1zDGF4AaABAg,1,0,"2024-01-27 01:26:38",@rianjuriansyah7371,Kedua,0,,
UgyIxjLbS5LFhL1zDGF4AaABAg.A-2xwAc0YTLA-4VTftiGar,,0,"2024-01-27 15:47:41",@RizkyRiplay,"makasi sudah nonton yaa☺️",1,UgyIxjLbS5LFhL1zDGF4AaABAg,@rianjuriansyah7371
UgzEnFoVrrZwK9p9VjV4AaABAg,2,1,"2024-01-27 01:26:38",@Purnomo2002,"Ada notifikasi langsung nonton",0,,
UgzEnFoVrrZwK9p9VjV4AaABAg.A-2xw9VM9lcA-4VT8yAfaZ,,0,"2024-01-27 15:47:37",@RizkyRiplay,"makasi sudah nonton yaa☺️",1,UgzEnFoVrrZwK9p9VjV4AaABAg,@Purnomo2002
UgzEnFoVrrZwK9p9VjV4AaABAg.A-2xw9VM9lcA-5F_GRj-fF,,0,"2024-01-27 22:48:01",@Purnomo2002,"@RizkyRiplay siap bang",1,UgzEnFoVrrZwK9p9VjV4AaABAg,@Purnomo2002
UgxtC0sQj9FrSXLOFJN4AaABAg,1,0,"2024-01-27 01:26:38",@michaelevander6364,Dua,0,,
UgxtC0sQj9FrSXLOFJN4AaABAg.A-2xw7xoz94A-4VSbc2nl3,,0,"2024-01-27 15:47:33",@RizkyRiplay,"makasi sudah nonton yaa☺️",1,UgxtC0sQj9FrSXLOFJN4AaABAg,@michaelevander6364
UgxaDcPN5hkq8rsKnsV4AaABAg,1,0,"2024-01-27 01:26:36",@HOBI_IKAN-o7y,"Pertama lagi 😊👍",0,,
UgxaDcPN5hkq8rsKnsV4AaABAg.A-2xvrNobOoA-4VRqGyNr-,,0,"2024-01-27 15:47:26",@RizkyRiplay,"makasi sudah nonton yaa☺️",1,UgxaDcPN5hkq8rsKnsV4AaABAg,@HOBI_IKAN-o7y
UgxvtUn7OKMVZHoU6yl4AaABAg,1,0,"2024-01-27 01:26:32",@1ndrii,Pertama😊,0,,
UgxvtUn7OKMVZHoU6yl4AaABAg.A-2xvSbThouA-4VROBkJxJ,,0,"2024-01-27 15:47:23",@RizkyRiplay,"makasi sudah nonton yaa☺️",1,UgxvtUn7OKMVZHoU6yl4AaABAg,@1ndrii
UgyM-k-mhEdDh86CnB54AaABAg,1,0,"2024-01-27 01:26:32",@wiwidiwid017,"Kedua hhe",0,,
UgyM-k-mhEdDh86CnB54AaABAg.A-2xvRbGhJNA-4VQrelS8U,,0,"2024-01-27 15:47:18",@RizkyRiplay,"makasi sudah nonton yaa☺️",1,UgyM-k-mhEdDh86CnB54AaABAg,@wiwidiwid017
UgyCLrEnNZrgpn2JSn54AaABAg,1,0,"2024-01-27 01:26:32",@IkeferryIndriyani,"Pertama bang rizki🎉",0,,
UgyCLrEnNZrgpn2JSn54AaABAg.A-2xvO_UZqoA-4VQI4Sxmi,,1,"2024-01-27 15:47:13",@RizkyRiplay,"makasi sudah nonton yaa☺️",1,UgyCLrEnNZrgpn2JSn54AaABAg,@IkeferryIndriyani
Ugxynu6Ds8X_P5BX1VN4AaABAg,2,8,"2024-01-27 01:26:32",@Defan_Lovers781,"Yeyyyyy pertama 🎉🎉🎉",0,,
Ugxynu6Ds8X_P5BX1VN4AaABAg.A-2xvNGoYZ2A-2yaE4VBAG,,1,"2024-01-27 01:32:23",@ramzstore317,He,1,Ugxynu6Ds8X_P5BX1VN4AaABAg,@Defan_Lovers781
Ugxynu6Ds8X_P5BX1VN4AaABAg.A-2xvNGoYZ2A-4VPeHf6Nw,,2,"2024-01-27 15:47:08",@RizkyRiplay,"makasi sudah nonton yaa☺️",1,Ugxynu6Ds8X_P5BX1VN4AaABAg,@Defan_Lovers781
UgwM7GpWIdU8KtnJKpR4AaABAg,1,0,"2024-01-27 01:26:31",@isnain2185,"25detik yang lalu",0,,
UgwM7GpWIdU8KtnJKpR4AaABAg.A-2xvJBQuAeA-4VP6ikcJs,,0,"2024-01-27 15:47:04",@RizkyRiplay,"makasi sudah nonton yaa☺️",1,UgwM7GpWIdU8KtnJKpR4AaABAg,@isnain2185
UgzToVTTyf84HwVfZ7F4AaABAg,1,0,"2024-01-27 01:26:31",@sitirohmah9494,Pertama😅,0,,
UgzToVTTyf84HwVfZ7F4AaABAg.A-2xvEi5md_A-4VOfCzoUn,,0,"2024-01-27 15:47:00",@RizkyRiplay,"makasi sudah nonton yaa☺️",1,UgzToVTTyf84HwVfZ7F4AaABAg,@sitirohmah9494
UgwtXzrT4VFO58YTEvZ4AaABAg,2,2,"2024-01-27 01:26:29",@GhinaMaratus,"tim garcep 🎉🎉",0,,
UgwtXzrT4VFO58YTEvZ4AaABAg.A-2xv5ilHbmA-2y8Jl8viW,,0,"2024-01-27 01:28:26",@seccret_00,"Hadirrr 🎉",1,UgwtXzrT4VFO58YTEvZ4AaABAg,@GhinaMaratus
UgwtXzrT4VFO58YTEvZ4AaABAg.A-2xv5ilHbmA-4VO8UMjx2,,0,"2024-01-27 15:46:56",@RizkyRiplay,"makasi sudah nonton yaa☺️",1,UgwtXzrT4VFO58YTEvZ4AaABAg,@GhinaMaratus
Ugwr8mx2TBa6vRcy5Ud4AaABAg,1,1,"2024-01-27 01:26:29",@meifransisca4719,"Aku yang pertama",0,,
Ugwr8mx2TBa6vRcy5Ud4AaABAg.A-2xv5aoBftA-4VNUHvvLe,,0,"2024-01-27 15:46:51",@RizkyRiplay,"makasi sudah nonton yaa☺️",1,Ugwr8mx2TBa6vRcy5Ud4AaABAg,@meifransisca4719
Ugx0irzCckckATiRMf94AaABAg,1,0,"2024-01-27 01:26:29",@DekNe-f4v,"Pertama ni",0,,
Ugx0irzCckckATiRMf94AaABAg.A-2xv1wBU0nA-4VMvW3ZbN,,0,"2024-01-27 15:46:46",@RizkyRiplay,"makasi sudah nonton yaa☺️",1,Ugx0irzCckckATiRMf94AaABAg,@DekNe-f4v
UgxWNQL2Ykcv3S67Njt4AaABAg,1,0,"2024-01-27 01:26:29",@wandaadrianray,Hadir,0,,
UgxWNQL2Ykcv3S67Njt4AaABAg.A-2xv2NyKm5A-4VMK3DKU5,,0,"2024-01-27 15:46:41",@RizkyRiplay,"haii makasi sudah nonton yaa☺️",1,UgxWNQL2Ykcv3S67Njt4AaABAg,@wandaadrianray
UgwDlTtuVEQlxEnfIXF4AaABAg,2,0,"2024-01-27 01:26:29",@adilbadila8693,"Pertama nih bng",0,,
UgwDlTtuVEQlxEnfIXF4AaABAg.A-2xv1CjrBJA-4VLlaEAvA,,0,"2024-01-27 15:46:36",@RizkyRiplay,"makasi sudah nonton yaa☺️",1,UgwDlTtuVEQlxEnfIXF4AaABAg,@adilbadila8693
UgwDlTtuVEQlxEnfIXF4AaABAg.A-2xv1CjrBJA-4Vf-Jl4x8,,0,"2024-01-27 15:49:22",@adilbadila8693,"Iya mas rizky",1,UgwDlTtuVEQlxEnfIXF4AaABAg,@adilbadila8693
Ugzawa3WN5e0HMoV0Fh4AaABAg,1,0,"2024-01-27 01:26:28",@H.corleone31,"Gercep nih mumpung gak keluar kota😂",0,,
Ugzawa3WN5e0HMoV0Fh4AaABAg.A-2xutcTmkbA-4VL3-r-bv,,0,"2024-01-27 15:46:31",@RizkyRiplay,"makasi sudah nonton yaa☺️",1,Ugzawa3WN5e0HMoV0Fh4AaABAg,@H.corleone31
UgwQhyphq3ES5geZoJF4AaABAg,1,0,"2024-01-27 01:26:27",@AvisintaVia,"Wah pertama dapat apa nih",0,,
UgwQhyphq3ES5geZoJF4AaABAg.A-2xuqG_7qqA-4VKO9hwkG,,0,"2024-01-27 15:46:25",@RizkyRiplay,"makasi sudah nonton yaa☺️",1,UgwQhyphq3ES5geZoJF4AaABAg,@AvisintaVia
UgySNHdaPvxO-tqSkB54AaABAg,1,1,"2024-01-27 01:26:27",@Bagasfanswindah,Kedua,0,,
UgySNHdaPvxO-tqSkB54AaABAg.A-2xullK7fDA-4VJfg2L6o,,0,"2024-01-27 15:46:19",@RizkyRiplay,"makasi sudah nonton yaa☺️",1,UgySNHdaPvxO-tqSkB54AaABAg,@Bagasfanswindah
UgxT8ZzTFFQmryLA2pN4AaABAg,1,0,"2024-01-27 01:26:27",@yulianasartika323,Pertama,0,,
UgxT8ZzTFFQmryLA2pN4AaABAg.A-2xukmI1zHA-4VJB8qPTF,,0,"2024-01-27 15:46:15",@RizkyRiplay,"makasi sudah nonton yaa☺️",1,UgxT8ZzTFFQmryLA2pN4AaABAg,@yulianasartika323
UgzziQz04Rv59DUzLbh4AaABAg,1,0,"2024-01-27 01:26:26",@AlwinhJahad,Assalamualaikum,0,,
UgzziQz04Rv59DUzLbh4AaABAg.A-2xugt_DYTA-4VIVsXFPz,,0,"2024-01-27 15:46:10",@RizkyRiplay,"waalaikumsalam, makasi sudah nonton yaa☺️",1,UgzziQz04Rv59DUzLbh4AaABAg,@AlwinhJahad
UgxXkhbCxtzb3_RB1Up4AaABAg,1,0,"2024-01-27 01:26:26",@KyiizZ,Pertama,0,,
UgxXkhbCxtzb3_RB1Up4AaABAg.A-2xudyC4cHA-4VHhNIs20,,0,"2024-01-27 15:46:03",@RizkyRiplay,"makasi sudah nonton yaa☺️",1,UgxXkhbCxtzb3_RB1Up4AaABAg,@KyiizZ
UgxtmCrA885Dh4YNVLt4AaABAg,0,0,"2024-01-27 01:26:25",@almaherdian5834,😮,0,,
UgxlggiEhc5auSrGcZp4AaABAg,1,1,"2024-01-27 01:26:24",@Dinnlikedrawing,"GERCEP NIHH 😂❤",0,,
UgxlggiEhc5auSrGcZp4AaABAg.A-2xuNns7UhA-4VH67U7Ws,,0,"2024-01-27 15:45:58",@RizkyRiplay,"makasi sudah nonton yaa☺️",1,UgxlggiEhc5auSrGcZp4AaABAg,@Dinnlikedrawing
UgwkoR92YwTbae4TQHB4AaABAg,1,0,"2024-01-27 01:26:21",@HiskiaA,"pertama bang riskiy",0,,
UgwkoR92YwTbae4TQHB4AaABAg.A-2xu6tyY8PA-4VFsL-sIX,,0,"2024-01-27 15:45:48",@RizkyRiplay,"makasi sudah nonton yaa☺️",1,UgwkoR92YwTbae4TQHB4AaABAg,@HiskiaA
UgyJnivl3ywMGBfy9Cp4AaABAg,1,1,"2024-01-27 01:26:21",@tracelsmadteam0460,"10 detik pertama",0,,
UgyJnivl3ywMGBfy9Cp4AaABAg.A-2xu1D0boXA-4VELpi82i,,0,"2024-01-27 15:45:36",@RizkyRiplay,"makasi sudah nonton yaa☺️",1,UgyJnivl3ywMGBfy9Cp4AaABAg,@tracelsmadteam0460
UgxhRgVpaOL2uGux1Op4AaABAg,1,1,"2024-01-27 01:26:21",@imphotography10,Pertama,0,,
UgxhRgVpaOL2uGux1Op4AaABAg.A-2xu08-6LsA-4VDcUfy2P,,0,"2024-01-27 15:45:31",@RizkyRiplay,"makasi sudah nonton yaa☺️",1,UgxhRgVpaOL2uGux1Op4AaABAg,@imphotography10
UgyuJ1WYjjg1TdHkJ6l4AaABAg,1,0,"2024-01-27 01:26:19",@yudisatrya578,"Pertama kk ❤",0,,
UgyuJ1WYjjg1TdHkJ6l4AaABAg.A-2xtp_0_QdA-4VD9reUj4,,1,"2024-01-27 15:45:26",@RizkyRiplay,"makasi sudah nonton yaa☺️",1,UgyuJ1WYjjg1TdHkJ6l4AaABAg,@yudisatrya578
UgyNoHyyQv-JS2E9B7F4AaABAg,1,1,"2024-01-27 01:26:19",@flourcentt21,"Pertamaaaa yeyyyy",0,,
UgyNoHyyQv-JS2E9B7F4AaABAg.A-2xtnWIL98A-4VCawat1u,,0,"2024-01-27 15:45:21",@RizkyRiplay,"makasi sudah nonton yaa☺️",1,UgyNoHyyQv-JS2E9B7F4AaABAg,@flourcentt21
UgyIhYMgvHk4Ivzg8pd4AaABAg,1,0,"2024-01-27 01:26:18",@faisalsufyan1945,Pertamaa🎉,0,,
UgyIhYMgvHk4Ivzg8pd4AaABAg.A-2xtioxGqaA-4VC4BBWkO,,0,"2024-01-27 15:45:17",@RizkyRiplay,"makasi sudah nonton yaa☺️",1,UgyIhYMgvHk4Ivzg8pd4AaABAg,@faisalsufyan1945
UgxqExplHkTQ911_68x4AaABAg,1,0,"2024-01-27 01:26:18",@Mancing-z6l,Pertama,0,,
UgxqExplHkTQ911_68x4AaABAg.A-2xtdMIgn6A-4VBUJfc3Y,,0,"2024-01-27 15:45:12",@RizkyRiplay,"makasi sudah nonton yaa☺️",1,UgxqExplHkTQ911_68x4AaABAg,@Mancing-z6l
Ugz9Ad4vPVIY1v5SFR94AaABAg,1,0,"2024-01-27 01:26:17",@farellynno,"pertama nih mas",0,,
Ugz9Ad4vPVIY1v5SFR94AaABAg.A-2xtZQJcMeA-4VAkaYOnd,,0,"2024-01-27 15:45:06",@RizkyRiplay,"makasi sudah nonton yaa☺️",1,Ugz9Ad4vPVIY1v5SFR94AaABAg,@farellynno
UgzmQlij5X_mc_YiwYd4AaABAg,1,0,"2024-01-27 01:26:15",@s4ndysanz832,"Penonton pertama🎉",0,,
UgzmQlij5X_mc_YiwYd4AaABAg.A-2xtIfogBGA-4VAEsPbDO,,0,"2024-01-27 15:45:02",@RizkyRiplay,"makasi sudah nonton yaa☺️",1,UgzmQlij5X_mc_YiwYd4AaABAg,@s4ndysanz832
UgwASHXKVvK9hT8nMlB4AaABAg,1,0,"2024-01-27 01:26:14",@RAZZZ678,Pertama,0,,
UgwASHXKVvK9hT8nMlB4AaABAg.A-2xtCMWZUqA-4V9jcVqiY,,0,"2024-01-27 15:44:58",@RizkyRiplay,"makasi sudah nonton yaa☺️",1,UgwASHXKVvK9hT8nMlB4AaABAg,@RAZZZ678
UgxeTd4WiRvhkVEcuqd4AaABAg,1,1,"2024-01-27 01:26:14",@Lisalisa32149,"assalamualaikum semuanya 😊",0,,
UgxeTd4WiRvhkVEcuqd4AaABAg.A-2xt9egc3JA-4V929x705,,0,"2024-01-27 15:44:52",@RizkyRiplay,"waalaikumsalam makasi sudah nonton yaa☺️",1,UgxeTd4WiRvhkVEcuqd4AaABAg,@Lisalisa32149
UgxtRKT0pRW31EK1zjd4AaABAg,1,0,"2024-01-27 01:26:13",@Vina-e1k,"Pertama bang🥰",0,,
UgxtRKT0pRW31EK1zjd4AaABAg.A-2xt2Mchv7A-4V8NaJM3U,,0,"2024-01-27 15:44:47",@RizkyRiplay,"makasi sudah nonton yaa☺️",1,UgxtRKT0pRW31EK1zjd4AaABAg,@Vina-e1k
UgxuZ2f8JPmahWBzKT94AaABAg,1,0,"2024-01-27 01:26:12",@widia17,firsttttt,0,,
UgxuZ2f8JPmahWBzKT94AaABAg.A-2xt-ZTOhgA-4V7h4ay6Q,,0,"2024-01-27 15:44:41",@RizkyRiplay,"makasi sudah nonton yaa☺️",1,UgxuZ2f8JPmahWBzKT94AaABAg,@widia17
UgzMAryypJvdQJfBr8V4AaABAg,1,0,"2024-01-27 01:26:12",@nurjihanandriani8372,"pertama kak❤❤",0,,
UgzMAryypJvdQJfBr8V4AaABAg.A-2xsxzDGS-A-4V7C6Wvsv,,0,"2024-01-27 15:44:37",@RizkyRiplay,"makasi sudah nonton yaa☺️",1,UgzMAryypJvdQJfBr8V4AaABAg,@nurjihanandriani8372
UgxzZYQFmfujvSj_fYl4AaABAg,1,4,"2024-01-27 01:26:11",@irvi1237,"Tim gerceppp🎉🎉pertamaa",0,,
UgxzZYQFmfujvSj_fYl4AaABAg.A-2xssXVlnmA-4V6hf-6VX,,1,"2024-01-27 15:44:33",@RizkyRiplay,"makasi sudah nonton yaa☺️",1,UgxzZYQFmfujvSj_fYl4AaABAg,@irvi1237
UgxQlDKe1wOgJkoiWwl4AaABAg,2,1,"2024-01-27 01:26:06",@faazasyahfitra1112,Pertama,0,,
UgxQlDKe1wOgJkoiWwl4AaABAg.A-2xsHNRW_iA-2xxEMOSRz,,0,"2024-01-27 01:26:47",@izrail_dakwah,Kedua,1,UgxQlDKe1wOgJkoiWwl4AaABAg,@faazasyahfitra1112
UgxQlDKe1wOgJkoiWwl4AaABAg.A-2xsHNRW_iA-4V6GCyUnb,,0,"2024-01-27 15:44:29",@RizkyRiplay,"makasi sudah nonton yaa☺️",1,UgxQlDKe1wOgJkoiWwl4AaABAg,@faazasyahfitra1112
