id,replyCount,likeCount,publishedAt,authorName,text,isReply,isReplyTo,isReplyToName
UgwIG_XGAKkS38jnzFJ4AaABAg,0,0,"2026-05-02 09:44:34",@milaonly186,"No 4, COD fiktif pernah dapet... Yg nerima krn lansia, ga paham, ngasi aja cash. Paketnya ga bole diliat / dicek sbelum bayar COD nya. Pdhal ga pernah pesen COD. Yg ke-2x, lgsung ditolak dah .",0,,
Ugzom75LIFmYoW4A3z94AaABAg,0,0,"2026-04-20 17:07:38",@1cybertechxys,"Tolak saja kalo gak merasa pesan. yang penting jangan di buka. kalo kurir maksa suruh bayar laporkan CS. Kalo ada spam paket sperti ini laporkan ke CS marketplace untuk nomor transaksinya, dari nomor transaksinya nanti CS bisa tahu semua. pemesan siapa . lokasi dimana. kalo alamat / gps pemesan / ip adress / nama rekening pembayaran nya terindikasi ada hubungannya dengan penjual maka nanti akan di banned akun penjual & pembelinya. jadi segera lapor ke CS , jangan di biarkan saja. nanti terus2an oknum seperti ini. kalo kejadian ini terjadi berulang terus dan benar2 merasa dirugikan segera laporkan ke polisi",0,,
UgzyTDcSCy3l-STFa794AaABAg,0,0,"2026-03-24 14:12:09",@omdhi495,"Melindungi & mengayomi",0,,
UgxveOj2mTNQ6RXgQWl4AaABAg,0,0,"2026-03-18 17:11:48",@adinrafi8053,"J&T dan Ninja Van express sepertinya sudah disusupi oleh mereka2 ini. Tahu no resi kita.",0,,
Ugx65MOh4LCXTiSDs6d4AaABAg,0,0,"2026-03-18 12:28:37",@mtobing3103,"Maka nya para konsumen jgn terlalu bangga dgn online percuma ada Mall dan supermarket . Jgnmau senang ssja .",0,,
UgzoL5Jg2PmBH7Zcydx4AaABAg,0,0,"2026-03-18 05:58:18",@JolingChandra-b3l7f,"Manusia BUNUH Manusia karena UANG di Bumi ini sudah jadi Api neraka kekal 😭😭😭waspada manusia!!!!!!",0,,
Ugw6nE8p8s4pyzrT1fp4AaABAg,0,0,"2026-03-17 11:57:15",@pramonopramono6944,"Betul saya hampir kena alasan barang ditahan beacukai barang impor padahal minyak sanco",0,,
UgyHg98OseT08t4LJr54AaABAg,0,0,"2026-03-16 05:26:56",@FelishaZein,"Peran Polisi Penegak Hukum apa? Bergerak kalau ada U...",0,,
Ugx9fjJKMwLkxu3Nde94AaABAg,0,0,"2026-03-13 23:28:25",@hijrimulianto3737,"Modus paket sering dialami dari Nomor HP dg foto atau gambar pesanan barang sama persis dg print barcode yg dicetak ekspedisi. Anehkan!!! Sama persis dg pesanan kita!!! Artinya hacker berhasil mencuri data pesanan pelanggan yg masuk di ekspedisi. ekspedisi apapun berhasil dibobol dg modus di video. Bagaimana tindakan Kominfo memback list pemilik nomor HP yg digunakan tsb???? Kan beli nomor Kartu mestinya pake KTP / NIB Perusahaan. Buka nomor pengaduan agar nomor"" bermasalah bisa di blokir selamanya, jangan diam aja donk.",0,,
UgxK0iMLzPr2Qi60E0h4AaABAg,0,0,"2026-03-12 11:03:35",@de-titi,"Seiring dg canggihnya tehnologi, kejahatan juga semakin canggih 😧😧",0,,
UgzAaxajGSJfZuxy--x4AaABAg,0,0,"2026-03-12 08:42:26",@irwanyap7985,"Hati- hati banyak penipuan iklan di youtibe belanja online, saya tertipu sekali, untung nya saya bayar pakai kredit card , sy masih bisa batalin transaksinya, jangan pernah bayar pakai debit card susah untuk di batalin",0,,
UgwHfTuaRTCmCKaGqqt4AaABAg,0,0,"2026-03-12 01:54:31",@yusniaribowo9993,"Hidup di indonesia hrs banyak berdoa agar terhindar dari kasus penipuan2x, krn lembaga terkait tak bekerja maksimal utk lindungi masyarakatnya",0,,
UgzLcwe1mk9Oye5wnTx4AaABAg,0,0,"2026-03-11 11:46:17",@bangsemuagame5359,"Trus apa guna nya punya siber .. klo hal gini aja ga bisa di basmi",0,,
UgxBAorJIWEfhpkzHmt4AaABAg,0,0,"2026-03-11 11:11:52",@ellyzanur3852,"Gila nyari uang susah .mau d tipu pula",0,,
UgwEZNEWSmEB1l-2Mn14AaABAg,0,0,"2026-03-10 09:57:09",@user-vr2371,"Pejabat nya penipu , polisi penipu, hukum dipermainkan atasnya sdh kgk bener yg bawah ikut2an tanpa rasa takut.",0,,
UgyN5mTvVAbxXJ2zH2B4AaABAg,0,0,"2026-03-10 06:07:51",@aguspriyanto2835,"Saya ketipu. Beli sepatu. Dikasi sandal yg harganya dibawa sepatu.. Cod banyak nipu. Beli kucing dlm karung",0,,
UgwlcqmqPkVpjhiR09t4AaABAg,0,0,"2026-03-10 04:19:25",@alimgianto5076,"2 hari lalu paket cod tidak sesuai barang rasanya toko tipuan tokonya wovow shop di tiktok",0,,
Ugy2avCKn97Oey7Fxah4AaABAg,0,0,"2026-03-10 00:11:03",@mimisusanti212susanti8,"Benar2 ❤❤",0,,
Ugwb9SIk8XOD_zAr7qZ4AaABAg,0,1,"2026-03-09 08:24:46",@arifwasana5448,"Ini mah tanggung jawab pemerintah gimana cara melindungi masyarakatnya dari penipuan.",0,,
Ugy1ttOVi2t36YDVmHR4AaABAg,0,0,"2026-03-08 13:26:58",@PickyPiks-n7i,"Ini husus paket yg pembayaran nya via transfer doang ya gaess ..soalnya tiap gua belanja pasti dapet Mulu WA yg aneh aneh sempet ketipu juga gua 😂😂😂",0,,
Ugwsls3OYN-NiZzGWdV4AaABAg,0,0,"2026-03-08 05:38:39",@gatotsaktiadi3162,"Mending gk ush cod",0,,
UgxUNfxdbbXMa5m0LYZ4AaABAg,0,0,"2026-03-07 22:08:52",@ArthurWorldZero,"Barang nya ada bacaan sold tp ga ada bintang itu dah pasti scam kebanyakan di tiktok , modus nya dia TIDAK kirim pake kurir yg disediakan dari tiktok , nanti status orderan masih dalam packing tp barang sudah datang jd sistem ga ke tracking karena pakai jasa kirim berbeda , kalau kita bayar COD nya dan sempat di buka , menu ""return atau komplain"" Tidak tersedia karena pakai kurir berbeda , disitu lah celah scam nya , makanya ga bs ngasih bintang review ...",0,,
UgxZ2ODP3NwIeDGUiZl4AaABAg,0,0,"2026-03-07 14:19:56",@tokarserdadu3748,"Makanya rekening jgn byk byk , sisain aja 50 rebu😂",0,,
Ugww3srNeH9FEGw31ad4AaABAg,0,0,"2026-03-07 13:54:38",@atiekswiss,"Pernah alami barang COD, 2-3x kurir ke rumah dan 2-3x juga gw tolak terima karena ngerasa nggak pernah pesen barang COD.",0,,
UgzJ_vlBpa2KHA2tULl4AaABAg,0,0,"2026-03-07 12:52:01",@pergijogja,"Baru saja terjadi dengan anak dan adikku...",0,,
Ugw-6CirN1c_m3yQ9a14AaABAg,0,0,"2026-03-07 11:52:21",@MocinMicin,"Awasss... jangan beli di toko barlyna shop di Shopi..ini toko BUANGSATT.. penipu.gambar sama barang yg datang gak sama rusak..sdh kita LAPORKAN polisi toko online ini👉 lokasinya BANDUNG",0,,
Ugz5CFTyoZZT8kMeCpF4AaABAg,0,1,"2026-03-07 10:50:32",@combongasriwulung,"POLISI SIBER TOLONG BANTU MASYARAKAT YG DI RUGIKAN",0,,
Ugy37wOgbKYc0aGlCQl4AaABAg,0,0,"2026-03-07 10:21:41",@RommySalam,"Baru kemarin hampir kena modus paket tertukar dengan konsumen lain karena bagian ekspedisi salah input no resi, komplotan ini mengirim WA ke saya dgn stiker jasa pengiriman yg biasa nempel di paket yg anehnya nama saya alamat dan barang yg dipesan tertulis sama persis awalnya saya cuekin karena mikir kesalahan dari pihak jasa pengiriman tapi ada lg yg WA dgn no berbeda isi WA sama agar saya menghubungi no admin jasa pengiriman yg dia kirim agar bisa dibantu barang jadi retur dan uang saya kembali soalnya saya sudah bayar transfer bkn COD,, Alhamdulillah saya ga langsung percaya dan langsung telpon CS Lazada dan diberi tahu bahwa itu penipuan jgn ikuti instruksi mereka bila sudah terlanjur mengklik tautan atau apapun segera ubah semua password mbanking dan yg lainnya kata CS Lazada,,saya rasa ada oknum ordal dari pihak jasa pengirimannya soalnya dia tahu detil nama alamat dan barang yg dipesan dan yg mereka sasar dlm modus paket tertukar sepertinya yg sudah bayar melalui transfer bank.semoga segera tertangkap orang² seperti ini atau cepat mati biar ga nyusahin orang lain.",0,,
UgwGGL6NYm9XBmihBu94AaABAg,0,0,"2026-03-07 09:48:02",@ImamKusuma-u4s,"Agak takut pesan barang di online penipuan hampir setiap pesanan alasan barang tertukar sama kaos kaki anak anak... Tolong ditertibkan",0,,
Ugzv_5LHyMhLlBFHcgt4AaABAg,0,1,"2026-03-07 02:50:49",@isbini1757,"saya pernah di app shopee, tiba2 ada chat yang ngakunya admin shopee. bilang kalau akun saya telah dibekukan. saya disuruh klik link yang dia share untuk memulihkan akun. untungnya saya ingat bahwa, *kebanyakan modus penipuan akan mengirim link yang jika kita klik saja, m-banking kita auto terkuras habis* tolong sebarkan info ini kepada orang2 tercinta anda",0,,
UgyPlR_EVF3y8E5ehFx4AaABAg,0,0,"2026-03-06 14:39:50",@AjiPamungkas-q4d,"saya pesen paket kurir nya minta TF aja terus gak kata saya",0,,
Ugwu4VMQ4XjLRIsrc0Z4AaABAg,0,0,"2026-03-06 08:46:12",@RajaGoda-h8m,"pemerintah harus tata kembali toko online nya...gak lucu kesannya pasar kerja sama dengan penipu",0,,
UgzcOj3r1u8aI_uRyOV4AaABAg,0,0,"2026-03-05 11:00:41",@EbenHaezer-v1s,"Makanya jn COD !",0,,
Ugw_hltRiMlobgAZP6d4AaABAg,0,0,"2026-03-05 07:42:15",@SAS-j9h9l,"Lebih baik kembali ke zaman manual,,,aman..!!!",0,,
UgzKPYtjyDNVCPGI24Z4AaABAg,0,0,"2026-03-05 04:54:52",@AhmadHadiyanto-q5j,"Bahaya kalau sgera tindak lanjuti",0,,
UgzqrYJ9dDN_ax0VB_l4AaABAg,0,0,"2026-03-04 22:50:03",@AsmaniWirya777,"Satu lagi saya pernah tertipu dengan modus, diaplikasi paket berhenti dan ditunda pengirimannya agar konfirmasi alamat kembali, setelah menghubungi agen pengiriman barang terdekat, ujung2nya diarahkan agar ada perobahan metode pembayaran. Setelah transfer paket benar2 datang dan kurir tidak mau tau tetap meminta bayaran COD. Sekarang untuk menghindari hal tersebut terulang lagi, bayar dengan spay latter..",0,,
UgyFzqJFTwYvHiZ6LFx4AaABAg,0,0,"2026-03-04 16:46:17",@guejugaindonesia685,"𝙔𝙖𝙣𝙜 𝙥𝙖𝙡𝙞𝙣𝙜 𝙖𝙢𝙖𝙣 ; 𝙏𝘼𝙆 𝙐𝙎𝘼𝙃 𝘼𝘿𝘼 𝙈-𝘽𝘼𝙉𝙆𝙄𝙉𝙂",0,,
Ugx58ab_JTewcZ7jiUR4AaABAg,0,1,"2026-03-04 16:12:03",@cakdar1,"Tiidak pernah belanja online pembayaran cod. Belanja online via aplikasi, pembayaran via virtual ACC. Pengiriman sameday, instan, instan prioritas. Pilih penjual dlm aplikasi sesuai daerah domisili, lihat rating penjual yg bagus. Insya Allah aman",0,,
UgwzVpf8I_IuAIoME5F4AaABAg,0,0,"2026-03-04 12:10:03",@UUDUUDABUBAKAR,"Kalau bikin kejahatan pad jago jago",0,,
UgxXUx_Xa3Ozs-q0DCx4AaABAg,0,0,"2026-03-04 04:18:38",@OskaRamadhan-m4e,"Polisi ngapain kerja nya tangkap donk para penipu ini",0,,
UgyrapG9ep7hX4Z5blx4AaABAg,0,0,"2026-03-03 22:08:28",@baharudinsyah3471,"Mcm mcm aj penipu di Indonesia ne nk menyusahkan org lain ..mmg manusia clon neraka itu yg sgup menipu org kyk gitu",0,,
Ugz_eCsd-NgCAhA1SM94AaABAg,0,0,"2026-03-03 13:15:53",@Khairunnisasusi,"Ada penipuan cd sorex yg datang cd 10 rb 3",0,,
UgyeguU6pbArxxk0-iV4AaABAg,0,0,"2026-03-03 04:54:56",@aries-m7d,"Duh... Hampir aja kena tipu. Percis sama dengan berita ini",0,,
UgzNA2P-dsvDX7WPmjd4AaABAg,0,0,"2026-03-03 00:19:12",@Sunaryati-j4t,"Benar sekali tuh. Kenyataan tidak seperti iklan yg ditampilkan. Yg daya terima barang yg tidak dipesan dg harga mahal, ada yg kirim barang tak berkualitas dan bahkan sudah dibayar lunas barang yg dipesan gak datang, uang gak dikembalikan dan tidak peduli dg surat keluhan yg disampaikan .Hati"" kawan, jangan tergiur oleh janji yg muluk"" tapi gak ada buktinya.",0,,
UgweJogFd513NU7GJrJ4AaABAg,0,0,"2026-03-02 01:42:30",@HaryantoEko-l1l,"Bener banyak penipuan barang sudah gak dikirim ,malah kita diintimidasi ngaku. Ngaku Aparat",0,,
UgzVJmWyiw4Cg8RJ4AB4AaABAg,0,0,"2026-02-28 03:11:09",@supriyatno58-we7vv,"Kalau banyak hal² spt ini Jenapa POLISI Selalu Diam & Tidak Bertindak CEPAT !. Badan Cyber Poldq Dimana dan apa Tugasnya. Kejahatan Semacam ini akan terus berkembang jika Polisi tdk Melatih, Membuna Secara Khusus orang² yg punya Keahlian Teknoligi yg Semakin Maju ke depan.",0,,
Ugw-gNhjtHlwX5CeKwN4AaABAg,0,0,"2026-02-26 02:58:21",@yennifebriani8667,"Saya prnah paket di info hilang telpon cs kurir ternyata aman sampe tujuan",0,,
UgyKGGdpFJwRqsWVGJl4AaABAg,0,0,"2026-02-25 21:31:18",@sriefajar-po1sj,"Aku juga ketipu, barang tidak sesuai. Berdoa semoga Allah yang balas kejahatan nya. Cari rejeki yang tidak halal akan kembali ke diri sendiri",0,,
UgxP4zmEVWZetyxRKsF4AaABAg,0,0,"2026-02-25 08:51:24",@AisyahIndah-x6k,"Bayar lazada pke sana jadi ada tagihannterus padshal dah bayar",0,,
Ugz2MLoC8hZ3xlFOKit4AaABAg,0,0,"2026-02-24 15:24:46",@yayuky.s9934,"Anak saya juga dapat paket atas nama suami tapi setelah telfon suaminya gk pesan apapun, setelah dicek no wa pemesan ternyata no wa tak terdaftar di wa jadi paket tsb ditolak",0,,
Ugxi1b8hp-5mni3iQuB4AaABAg,0,0,"2026-02-24 11:59:35",@hlilke1884,"Bnayak kena tipu,, tolong di tindak,,, mereshkan",0,,
UgxC3VmjLrKvIK8pnB14AaABAg,0,0,"2026-02-23 15:25:05",@handoyochengho7826,"Hampir ketipu 2 kali untung segera sadar",0,,
UgztQ34r80-pDBYnf714AaABAg,0,0,"2026-02-23 14:56:15",@mrsikaalamsyah4869,"Waduh ini sapa yg harus di salahkan?",0,,
UgyCOQmQXK9LfzdCrEx4AaABAg,0,0,"2026-02-23 11:19:15",@jasontaruna145,"Pernah dapat paket COD tetapi tidak pernah beli apapun. Ya gak tak terima dan kurir balikin ke pengirim. Ada aja modus gitu. Waspada aja. Mulai saat itu, beli langsung aja dan gak pernah belanja online lagi biar aman.",0,,
UgxTEwbWsAqPe2jy6Pp4AaABAg,0,0,"2026-02-23 10:48:58",@ginaartatiek1501,"Makany yg kurir Sophie itu hrs berseragam smua jdi tertib dan modus seragam polisi kita udh pssti hafal dan hrs bs mayrkt klo pket trima yg ada yg sering pemesanan sapa drmh data trhafal psti sdh tau stu org yg sibuk pesanan online klo kurir asing hrs minta surat dinas online mna krn klo ga pesan prnh ni kmren bgni ga pesan tp suruh bayar jgn mo tolak aza kita ga pesan atas nma bs aza nma kita balikin aza klo ga pesan hrs cek HP klo pket mo dtg kita liat HP ni yg mo antar kdg titip org rmh hrs sigap msyrkt smua peduli knan kiri ada apa ada bgm kejadian hrs aktif sigap sama tolak aksi kjhatanny stu Rt Rw udh kontak smua",0,,
Ugy8Y2Z-K-qBP6oySqR4AaABAg,0,0,"2026-02-22 15:03:43",@SelendangBiru-i3x,"Makin banyak saja para penipu",0,,
UgzvJw701Iry4vRu8C94AaABAg,0,0,"2026-02-22 13:05:18",@SodikinKuningan,"Gini saja deh Kalau Tidak Merasa Pesan Jangan di Terima.",0,,
Ugyd517gnpHg1CIs7yJ4AaABAg,0,0,"2026-02-22 12:56:16",@yantosaga3764,"DI NEGERI INI... APA SIH YG GAK BISA DILAKUKAN PARA PENJAHAT.... SEGALA MODUS BISA... YA NIRU ORANG2 ATAS./ PEJABAT... YG DENGAN MUDAHNYA MALING / KORUPSI UANG RAKYAT. YG MENGERIKAN SEKARANG... PENJAHAT, KORUPTOR DILINDUNGI. IBLIS DILINDUNGI DAJAL.., BIADAB...!!!",0,,
UgyXVBlQXvqVEmJ9CxB4AaABAg,0,0,"2026-02-22 12:28:09",@Iwansetiawan-xe1qd,"Saya g punya ATM.",0,,
UgzJg3drb7U4xdvVx8Z4AaABAg,0,0,"2026-02-22 11:56:38",@k.garnisun777,"Hapus cod",0,,
UgxwRF6_LMYRLtyqdf14AaABAg,0,0,"2026-02-21 13:44:28",@HolisHolis-kj3es,"sudah kapok belanja on line....",0,,
Ugyglv5JXrNIbq-KGDl4AaABAg,0,0,"2026-02-21 08:19:52",@m4dl1k4h7,"Ditipu COD 3 KALI BARANG FIKTIF TERAKHIR KARENA JUMLAH BESAR AKU CEK KARENA TIDAK PESAN AKU KEMBALIKAN",0,,
Ugy82K0_TbsWip_p9VZ4AaABAg,0,0,"2026-02-20 11:35:49",@bmo3778,bermanfaat😊,0,,
UgzXC7y-isLOOqSlkPF4AaABAg,0,0,"2026-02-20 11:04:04",@TerongUngu-k7u,"Kalo aku meskipun nama dan alamat g salah g akan kubayar wong pesen aja nggak. 😊",0,,
Ugyt2altorBzfJknjF94AaABAg,0,0,"2026-02-20 09:00:58",@MrForteDRagon,"Allahuakbar, nekat banget jadi siluman kurir... Ini sih udah kelewatan...",0,,
Ugw613KiZsLGHTnKsQd4AaABAg,0,0,"2026-02-20 05:20:03",@adjiariono9507,"Huahahaha... aku pernah nga pesan apa datang cod 50rb.. dibuka pakan ikan.. tp ya tetap saya bayar kasihan..😂😂😂",0,,
UgxqbMg2aYqoPJoCHVF4AaABAg,0,0,"2026-02-19 16:54:45",@windhachannel7768,"Aku kena tipu di tiktok pesan barang katanya kurir ninja xpres barang tertukar dengan alasan dia mau ngembaliin uangku tapi lewat QRIS lalu aku scan barcode yg dia kirim k aku, posisiku waktu itu lagi banyak fikiran apalagi abis lahiran 2mingguan uang itu niatnya buat aqiqah sama syukuran anakku eh malah ludes semua 9,8jt😢",0,,
UgxLVY81NZHcTFsPk7h4AaABAg,0,0,"2026-02-19 07:43:43",@ellajeh1907,"Masyarakat jg penipu. Pesan2 barang kmdn video ga jelas dibilang ga amanah, kmdn dikembalikan tp isi nya sdh diganti barang bekas. Bandit2... Mulai rakyat smp pejabat bangsat",0,,
UgwYzF1WlrGvNIQbWyZ4AaABAg,0,0,"2026-02-19 06:49:58",@HalloSaja,"Modus Penipuan bukan saja dionline berupa paket kadang orang iseng diwaatsaaps minta uang Paket sedangkan paket sudah dibayar ditempat!!",0,,
UgwaKD401i3kH9RwO_p4AaABAg,0,0,"2026-02-19 05:22:19",@SWahyudi_03,"Buat yg sering belanja online toko orange sllu teliti ..modus dgn barang tertukar dg cod org lain,saya heran kenapa data bisa diambil alih oleh pihak penipu..🫵🏻",0,,
UgycSS-eF9k8QJQZqHp4AaABAg,0,0,"2026-02-18 17:56:08",@LijaLia,"Bnyk alumni dari kamboja x",0,,
UgwzndpfffQNQU3ptUR4AaABAg,0,0,"2026-02-18 16:05:00",@widjajaningrumsoetadi1349,"Saya jg ketipu disuruh transfer jd uang sy keambil 300 an rb ,yg ke 2 suara logatnya spt org batak dia ngotot minta transfer jutaan Alhamdulillaah sy masih dilindungi Allaah SWT ga kena",0,,
UgyoS9N7Wujef414YiN4AaABAg,0,0,"2026-02-17 11:02:51",@darmawanp6923,"Gitu koq banyak yang beri bintang lima, padahal khasiat nya manfaat bagi kesehatan kesembuhan belum jelas, kalo pengepakan barang bagus pengiriman cepat kurir ramah itu kan tugasnya mereka ya memang seharusnya begitu, hak pembeli adalah semacam manfaat khasiat barang yang harus sesuai iklan yang dijanjikan itu poin yang penting bagi pembeli",0,,
Ugw07MflNxHGiyW9zXh4AaABAg,0,0,"2026-02-17 10:27:18",@darmawanp6923,"Kalo masyarakat terus menerus disuruh waspada lantas apa gunanya kepolisian yang bertugas mengayomi dan melindungi masyarakat dari tindak kejahatan",0,,
UgwRQoFoToh7L6ESoHB4AaABAg,0,0,"2026-02-17 06:42:32",@jayawijaya9936,"ALHAMDULILLAH SY TDK TERTARIK DG PESAN / BELI BARANG LEWAT COD.",0,,
Ugzu5SbXYlHQP3LAWS94AaABAg,0,0,"2026-02-17 01:49:27",@srimulyani3560,"Walah untung sy pernah menerima paket tapi sy ridak ambil",0,,
UgxdxiNuAs48dJOTLHd4AaABAg,0,0,"2026-02-17 00:40:18",@slametsudaryono6233,"Tangkap, gebukin sampai modar",0,,
UgyJx5m11CI9p8mWlMx4AaABAg,0,0,"2026-02-16 06:22:40",@zainiyazah9176,"Klo gk pesen psen paket..gk usah d bayar karena memang ada alamat tertera sma persis cuma gk bsa d hubungi itu paket abal""tlong hati""pra nitizen.ini gk hoax betul ada seperti itu.salam hati""yg sering belanja online",0,,
UgxASHh8OasnPsxzvEN4AaABAg,0,0,"2026-02-16 01:39:33",@arifsubroto9168,"Untung belinya selalu cod",0,,
UgxmtGlmTUhYSDFR3W14AaABAg,0,0,"2026-02-16 01:04:40",@muhamadrival8251,"Selalu ada pesan paket tidak saya hiraukan, modus penipuan harus di berantas mana tim siber gerak dong",0,,
UgwWnRFYwRQZHzrpoD94AaABAg,0,0,"2026-02-15 16:33:10",@riskanurlaelani2147,"Aku baru aja ketipu, untung baru ngeluarin buat ongkir doang, makan dah tuh 125rb, ga berkah dunia akherat",0,,
UgxsjkfPPEMvrMI7PYF4AaABAg,0,0,"2026-02-15 14:34:51",@dewifortuna7917,"Waduuuuuhhh...GK di indo GK di luar negri kok sama ya, parah bgt, kmrn aku jg,GK pesen catok rambut kok dikirim",0,,
UgyHBQHi5wjABzCDaMR4AaABAg,0,0,"2026-02-15 12:54:54",@tutichairani8776,"Mending langsung beli ke toko misal Tnh Abang.Thamrin City beli OL bnyk gak beres.",0,,
Ugxw_saDnfgocuz_dk54AaABAg,0,0,"2026-02-15 11:42:30",@Petarung-iw6rj,"Kapok!; beli di paket barang ga sesuai, tutup saja kesempatan penipu",0,,
UgzKrHshvRFIlyqwYKR4AaABAg,0,0,"2026-02-15 11:09:22",@triyani-o5q,"iya betul skg banyak konten2 yg ktnya rel tp di gubakan menipu aku jg pernah unrung cepat tanggap",0,,
UgxPEj7Pz2XswPQ3q-R4AaABAg,0,0,"2026-02-15 08:53:45",@tanahairbeta5441,"Kalau gitu Mentri perdagangan harus blokir paket dan penjualan online",0,,
UgwdHyQ2M-jfNwfN2C14AaABAg,0,0,"2026-02-15 08:17:21",@didik.prasetyoaja739,"Klo gk ada pesan lewat amplikasi di reture aja gk ngaruh ama amplikasi kecuali klo ada pesanan di amplikasi trus di reture gak jelas bisa di blokir proses COD",0,,
UgyYYyGHp3qv7WbBLr94AaABAg,0,0,"2026-02-15 03:44:01",@itha_aja,"Aq gak pernah COD. Klo paket nyasar ngapain harus bayar",0,,
UgzQimmXJcTP8EyeiE94AaABAg,0,0,"2026-02-14 16:02:49",@Sasfa86,"Makasih infonya,,",0,,
UgxSrdUGK-ykmp-95wd4AaABAg,0,0,"2026-02-14 12:57:11",@ArniSunarni-nf8lj,"Dulu botol isi air biasa. Harga 80 rb.",0,,
UgzrR7SMpJfpuLinvPp4AaABAg,1,0,"2026-02-14 12:55:13",@ArniSunarni-nf8lj,"Kmrin di rmh ku cod palsu 250 rb. Isinya baju gamis.",0,,
UgzrR7SMpJfpuLinvPp4AaABAg.ATCo7pTOCKhATCoIkOPD4C,,0,"2026-02-14 12:56:42",@ArniSunarni-nf8lj,"Kok bisa. Mnrtku itu kurirny sndri yg sdh pham alamat Dan no tlfn customer nya. Stiap thn bgitu sdh 2 kali mnjlang mau puasa",1,UgzrR7SMpJfpuLinvPp4AaABAg,@ArniSunarni-nf8lj
UgwJa2jjNe1IR8AvOIx4AaABAg,0,1,"2026-02-14 09:37:36",@Mikaeru40K,"Wah Parah Banget ini Penipu Penipu sekarang, Semoga rezeki mu sulit para penipu",0,,
Ugwpt0sirv9VIFM74JR4AaABAg,0,0,"2026-02-14 09:00:13",@wijilestari9230,"saya hampir kena",0,,
Ugx3SCW4dUf-VuHb8ol4AaABAg,0,0,"2026-02-14 08:20:37",@Арджа_Бебед,"bawa uang tunai di dompet dibilang orang kampung.. pake Qriss apk wallet kebobolan 😂😂😂 skrg sdh ga ada data yg terprivasi 💩💩💩",0,,
UgyRzHtWKiUDqZv1ykZ4AaABAg,0,0,"2026-02-14 06:16:56",@munrejo6185,"Scammer paket dah mendunia d mlysia pun ada",0,,
UgynQd6qkOl4uQnEqu14AaABAg,0,0,"2026-02-14 05:33:21",@Karjani-yj4el,"Inpo ini semoga bermanfaat.terima kasih.Dan utk para penjahat tolong sadar taubat dan bertg jwb lah sblm mati.",0,,
Ugyv94D0JRrvAe_fA514AaABAg,0,0,"2026-02-14 04:05:56",@rizkyjayacompressor-fs3mz,"KENAPA ORANG BERANI KORUPSI,,KENAPA BERANI MENIPU,,BERANI MEMERAS,,JUDI,,NARKOBA,,BEGAL PENCULIKAN SCAM BAHKAN MEMBUNUH.. KARENA YG MEMBUAT UU DAN DAN YG MENGAKKAN UU SAMA2 PENIPU DAN PENGKHIANAT NEGARA YG DILINDUNGI PEMERINTAH KONOHA",0,,
UgxH8YqQdERH17t_cUR4AaABAg,0,0,"2026-02-14 00:16:31",@atiktika7059,"Trimakasih Infonya",0,,
Ugx28Xm6rdaT3NPDxn14AaABAg,0,0,"2026-02-13 16:01:24",@Opini2388,"Buatan manusia TDK ada yg sempurna.sekuat apapun Security nya. Tetap bisa di bobol",0,,
UgyMC_uUH0O2TdrlfOd4AaABAg,0,0,"2026-02-13 15:01:27",@AisyahIndah-x6k,"Ya dana aku ada yg bajak ktanya punya cicilan padahl gda cicilan aku hapus aja dananya udah gaaman",0,,
UgyHrQtyI0lrSXiguvB4AaABAg,0,0,"2026-02-13 13:41:09",@PirmanOneng,"Sering sama saya kaya gitu Paket tertukar bla bla bla😮",0,,
UgyOgDxdvELhLOz2ZDx4AaABAg,0,0,"2026-02-13 12:47:33",@nimadesutini8529,"Sudah, tidak usah beli barang on Laine, beli toko terdekat",0,,
UgzNS6M2EIch4QT5WxZ4AaABAg,0,0,"2026-02-13 11:55:24",@Hardeight888,"NEGARA terkutuk .negara mayoritas islam terbesar di dunia..negara tiada hari tanpa pungli korupsi dan kriminal yg mengerikan...parah.",0,,
Ugzwei2f6wlAI1I-f0d4AaABAg,4,0,"2026-02-13 09:59:12",@NurJannah-dt6xd,"Saya adalah salah satu korban dari penipuan online ini. Selasa, 10 Februari 2026 dg modus paket sy salah kirim alamat lalu sy scan QRIS. Mbanking BCA langsung terkuras habis. Dhuhur saya ke Polsek Nganjuk lanjut ke Polres Nganjuk, tapi saya tdk dapat hasil disana. Bahkan surat catatan kepolisian pun tidak diberikan. Kurir paket saya mengaku dari pihak Ninja Xpress. Padahal nomer si penipu online trs saat di polsek loceret maupun di polres, tapi tdk ada yg mau meretas nomer nya penipu ini.",0,,
Ugzwei2f6wlAI1I-f0d4AaABAg.AT9vBmWNA0NAT9vZdd7835,,0,"2026-02-13 10:02:27",@NurJannah-dt6xd,"Saya seorang guru. Saya hanya mampu berpesan pd murid² sy agar suatu saat nanti ketika bekerja, bekerjalah dg tulus & buat mata air jernih. Cukup nenek moyang saja yg merasakan toxic nya sistem pemerintah ini. Generasi penerus bangsa, jgn masuk ke lubang yg sdh kotor.",1,Ugzwei2f6wlAI1I-f0d4AaABAg,@NurJannah-dt6xd
Ugzwei2f6wlAI1I-f0d4AaABAg.AT9vBmWNA0NAT9vr2zuCZy,,0,"2026-02-13 10:04:58",@NurJannah-dt6xd,"Saya saat lapor ke pihak kepolisian hanya berharap 1 hal. Tolong bantu lacak nomer si penipu, jgn smp banyak korban lagi. Saya sadar bahwa sulit uang itu kembali. Tapi tolong lah pihak kepolisian, jgn cuman sudutkan kesalahan saya. Saya tau bahwa saya ceroboh. Tapi saya butuh aksi nyata.",1,Ugzwei2f6wlAI1I-f0d4AaABAg,@NurJannah-dt6xd
Ugzwei2f6wlAI1I-f0d4AaABAg.AT9vBmWNA0NAT9w4N9CZS9,,0,"2026-02-13 10:06:55",@NurJannah-dt6xd,"Aksi nyata yg bisa pihak kepolisian lakukan, minimal : 1. lacak nomer si penipu, 2. Bagaimana cara privasi data sy yg sdh bocor ini kembali jadi aman? Jgn cuman nasihat, ya harus hati². Waspada. 😊",1,Ugzwei2f6wlAI1I-f0d4AaABAg,@NurJannah-dt6xd
Ugzwei2f6wlAI1I-f0d4AaABAg.AT9vBmWNA0NAT9wuIoMhI-,,0,"2026-02-13 10:14:09",@NurJannah-dt6xd,"Sskian dari saya, terima kasih. Semoga kita semua menjadi belajar lebih cermat & waspada. Semangat, sehat selalu guys ✨️💞",1,Ugzwei2f6wlAI1I-f0d4AaABAg,@NurJannah-dt6xd
Ugxh0qdobwpbjJHOkQd4AaABAg,0,0,"2026-02-13 08:55:48",@PerCoba-ym3ue,"Hati2 ya ALLAH perbnyak sholawatn agar terhindar dri hal2 seperti ini. Dan sy alhmdullilah ga pake i mbaking",0,,
UgwZ4gBHE2W2Iq83Xzt4AaABAg,0,0,"2026-02-13 04:21:35",@harisaptorini189,"saya pernah ada kiriman cod pdhal sy nenek2 ga pernah pesen lwt online ya lbh baik ngeyel ga mau terima, tp akhirnya kurirnya pergi, lha hp sj jadul mau pesen pakai opo, modus iku sering terjd",0,,
UgwAbKrw7uFmX5cEfVZ4AaABAg,0,0,"2026-02-13 02:12:44",@Tomators8,"Baru kemarin adikku kena paket COD fiktip.yg nerima suami aku. 90rb...dan kalian tau apa isinya? Sabun cuci motor tanpa merk yg bau banget 😒",0,,
Ugwg8ASDmlcBWaGB9Jx4AaABAg,0,0,"2026-02-12 20:26:34",@elisatechnology,"𝐄𝐧𝐭𝐚𝐡 𝐂𝐎𝐃 𝐦𝐚𝐮𝐩𝐮𝐧 𝐭𝐢𝐝𝐚𝐤 𝐭𝐞𝐭𝐚𝐩 𝐩𝐞𝐫𝐧𝐚𝐡 𝐚𝐝𝐚 𝐤𝐚𝐬𝐮𝐬 𝐩𝐞𝐧𝐢𝐩𝐮𝐚𝐧 𝐣𝐮𝐬𝐭𝐫𝐮 𝐥𝐞𝐛𝐢𝐡 𝐛𝐚𝐡𝐚𝐲𝐚 𝐲𝐚𝐧𝐠 𝐧𝐨𝐧 𝐂𝐎𝐃 𝐬𝐚𝐲𝐚 𝐩𝐞𝐫𝐧𝐚𝐡 𝐧𝐠𝐚𝐥𝐚𝐦𝐢 𝐢𝐧𝐢",0,,
UgxqIT42UftY6ZHtxUR4AaABAg,0,0,"2026-02-12 12:05:23",@rehangg-m9e,"Baru kemarin gue di wa gtl logistik katanya paket tertukar ternyata tidak ketuker mana di suruh kirim barcode lagi",0,,
UgwKblkz-TrjbzHjuWx4AaABAg,1,1,"2026-02-12 11:51:35",@merrysrirahayu,"Betul , tanya rekening ,sy bingung bayar pakai QRIS kok tanya rekening Krn paket tertukar ,aneh sj",0,,
UgwKblkz-TrjbzHjuWx4AaABAg.AT7YG563922AT7YTWE8FAm,,1,"2026-02-12 11:53:25",@merrysrirahayu,"Untung ngeh aneh sampai telp ke hp klo kita jawab bls Wanya ktnya barang paket tertukar .modus. hati hati",1,UgwKblkz-TrjbzHjuWx4AaABAg,@merrysrirahayu
UgzdEgs2B_AukvrkDPl4AaABAg,0,0,"2026-02-12 11:37:20",@nanies340,"Dari dulu saya gak mau pakai M banking",0,,
UgzvfS8kTwARXW6daFB4AaABAg,0,0,"2026-02-12 11:19:03",@Salima1-b2x,"Sy pernah ketipu 1x... iya bener banget... modusnya paket ketahan trus suruh tf lagi mana galak banget... sy galakin balik sy ngamuk2 endingnya sy bilng mau sy laporkan polisi trus nomer sy diblokir... pdhl sy udh tf buat beli baju zonk ahirnya.. gt dr pihak penipu minta tf lagi buat biaya paket yang ketahan. Baju ga dateng, uang melayang.. udh gt diancem suruh bayar tf lagi buat paket yang ketahan. Untung sy ga mau krn sy udh menyadari ada yang ga beres. Sy ngamuk2 dia ketakutan nomer sy diblokir ma penipuny. Jadi hati2 buat yang belanja online.",0,,
UgzsbOPNdFwUmwNS5Ux4AaABAg,0,0,"2026-02-12 11:08:34",@AgusAeuw,"Gaji pengen pada gede.. Udah gede pengen lebih udah lebih... Masih aja kurang akhirnya korupsi itulah ciri dasar hidupnya sdh di cabut keberkahan nya oleh Alloh SWT. Yang mana di akhir pensiunnya kena penyakit berat stroke mata juling, bibir dower, tangan kaki keriting.... 😂",0,,
Ugw3RQo6wNmsqfsTHBN4AaABAg,0,0,"2026-02-12 10:24:33",@menroytheresia7310,"Aku tidak mau transfer selalu cod",0,,
UgxRIHhk2pAfposGOqZ4AaABAg,0,0,"2026-02-12 07:54:08",@z10iqoo,"rawan yg hobi COD",0,,
UgwW0_003U9XiJ0IfCR4AaABAg,0,0,"2026-02-12 07:06:57",@usmanmfauzi5851,"Bukti di pemerintAh kurang org ahli😂",0,,
Ugyr12AyvjJbxNuCFd94AaABAg,0,0,"2026-02-12 06:32:33",@adityanugroho8392,"Dari pada kuras Duit Rakyat tidak mampu Lebih baik kepintarannya di gunakan untuk Nguras Duit Pejabat korup,Hasilnya di bagi ke Rakyat😲",0,,
UgwZutQW3OTxniGehod4AaABAg,0,0,"2026-02-12 05:19:09",@Seseorang-g9q,"Yg no 3 udah ngalamin 1minggu yg lalu ,,cuman bisa ikhlasin",0,,
UgzYF0u42AnL47_Akl14AaABAg,0,0,"2026-02-12 02:15:35",@shiome9709,"Biar mati semua usaha online....baguslah👍",0,,
UgxiuQXnWBOOXaccXSR4AaABAg,0,1,"2026-02-11 21:22:43",@sunnybunnybunny,"Modus tipe begini selalu yg kena tipe payment COD. & masyarakat yg pake COD mayoritas adalah kalangan menengah ke bawah.. orang susah nipu orang susah. Gimana negara mau maju :(",0,,
UgzX5OO2ycKkVjpJvvZ4AaABAg,0,0,"2026-02-11 13:07:27",@retrix_x,"Klo smua dah sok² an blanja online pake sistem barcode segala and digitalisasi merata ke sgala aspek kehidupan ya gini nanti akibatnya ke depan. Banyak ruginya.. makan tuh kecanggihan modern. Makin dimiskinkan.Enakan pake cash tolol",0,,
UgwVx7JiZcp8o9FKNd54AaABAg,0,0,"2026-02-11 12:13:58",@irfaannngaming9,"makin gila ini sih modusnya, takutnya korbannya adalah ortu yg gk begitu paham masalah teknologi",0,,
UgwEMDnntDkjMxAboJ14AaABAg,0,0,"2026-02-11 11:01:59",@Surtikantii,"Klo q mah pke COD,ada barang ya bayar nggak ada barang ya bye,ogah amat ngurusin paket yg dibilang ada masalah",0,,
UgyZgcL9PAWu7C8J22N4AaABAg,0,0,"2026-02-11 10:53:21",@akasachannel2784,"Gw hampir kena.. katanya paket tertuker.. dan minta qris rekening.. gw kasih qris merchan malah gak mau wkkwkw",0,,
UgzsROXJZKzmn1vVh9x4AaABAg,0,0,"2026-02-11 09:37:46",@rrdoank5748,"Owalah pantes rekening gua dah mau abis aja duitnya padahal baru gajian😢",0,,
Ugz2cpcJpZnacDApxEZ4AaABAg,0,0,"2026-02-11 09:36:59",@rrdoank5748,"Masa ia hecker pemerintah gak bisa mencegah atau membasmi kejahatan teknologi",0,,
UgxMKnBwaifzQNQO4LR4AaABAg,0,0,"2026-02-11 08:21:11",@isfatdina6779,"Baru aja kemarin aku dapet paketan fiktif padahal gak pesen sama sekali, ortu ku gak tau akhirnya bayar, setelah bayar baru nanya ke aku ini paket aku bukan, aku gak pesen paket waktu itu, nah trs pas udh di bayar dan di buka paketnya, wow bgt, pakaian tunik panjang warna putih tapi kaya baju bekas, jelek bgt, mana mahal bgt 150 ribu😢",0,,
UgxyHLtoDl3P_UM1-Id4AaABAg,0,0,"2026-02-11 07:33:47",@rizqaamilia,"Pengalaman yg baru terjadi, di toko oren sy ksh review hbs membeli brng nah salahnya sy di bukti video saat buka barang ada alamat & no telp sy yg terekam. Sy langsung dpt telp via Wa mengaku2 dr toko oren care mereka blng akun sy akan diblokir krn menyalahgunakan aturan. Sy jg dpt chat dm di app itu ngaku2 admin toko oren ada peringatan kena banned sementara & dikasih link. Untungnya sy gak percaya dan lapor langsung penipuan. Hati2 gaes jngn asal klik link yg dikasih orang gak jelas. Kalo ditakut2in gitu langsung aja konfirm ke pusat bantuan care di marketplace yg kalian pakai.",0,,
Ugx4rlbcNE2mGAFox6x4AaABAg,0,0,"2026-02-11 06:50:25",@Indonesia321-d6z,"Wew ganti sistem QRIS PELACAK TARGET TRANSAKSI ILEGAL",0,,
UgzK8f3zFT_AiaKL_UV4AaABAg,0,0,"2026-02-11 05:52:34",@KimangMang-u8h9u,"Iya btul cod KPA sekarang ada bedituan dibtik tok",0,,
UgxZ_ZpxwwEjCR9h9T94AaABAg,0,0,"2026-02-11 04:48:52",@gandi8422,"Yap kemaren baru dimodusin paket tertukar. Ujung²nya minta scan",0,,
UgzQNtos6P6vbP6dONB4AaABAg,0,1,"2026-02-11 02:55:31",@redcobra9588,"Selalu : 1. Kalau ada paket datang kalau kamu ngak pesen apa apa = penipuan dan lapor. 2. Tukang paket minta hpmu buat di cek = penipuan, lo pesen paket ambil paket ngak ada bulshit lain minta cek segala hal aneh. 3. Lo dah pesen dah beli dah bayar tapi tukang paket minta cek HP dan scan qriz segala atau bulshit lain = itu tukang paket palsu + penipuan.",0,,
Ugw6JkPh7UGz0yuHy1F4AaABAg,0,0,"2026-02-11 01:44:17",@sicacing3816,"Gk takut sih soalnya selalu COD.wkwkkw😂.tpi yang bikin was"" itu kalo ada yang bobol akun.buwat pesen"" wah ngeri kali",0,,
Ugw-VuIPBaRbagWr2U54AaABAg,0,0,"2026-02-11 00:11:48",@nxxbxd-o1s,"Mirip kasus daftar mbg Di kasihnya link phishing😂 Banyak yang nga koar koar karena udah pada pinter",0,,
UgxXZniF67Qxqhl-ltx4AaABAg,0,0,"2026-02-10 23:16:12",@ibubudi4508,"Aku sering dpt wasap paketku tertukar gila emang ..untung aku cuekin",0,,
UgxCwU8N6lhMPFNJqv54AaABAg,0,0,"2026-02-10 21:18:16",@rismarespati,"cyber crime.. Parah.. email dipake orang sembarangan.. lalier",0,,
UgxneLfV3OiPL17enah4AaABAg,0,0,"2026-02-10 18:00:45",@RudiRifaldyRahman,"Banyak yg mlakukan penipuan bgituan bahkan saya sendiri kena.katanya barang asli.pdahal disini harganya 8000 ribu rupiah di jual 170 ribu.",0,,
Ugyn6ff-qIBHRPoRFnV4AaABAg,0,0,"2026-02-10 11:14:20",@Fajar377_nhataleo,"Indonesia raya❤",0,,
UgynlHgMbyLUS-wS4RV4AaABAg,0,0,"2026-02-10 11:11:38",@Kakoi_japan,"sya bulan krmn kena 300 rb",0,,
Ugy8uHw1P4XFHeqEVTB4AaABAg,0,0,"2026-02-10 07:24:46",@m_sani,"Judulnya click bait yg kurang berakhlak",0,,
UgxrOSo87agnj41aSV14AaABAg,0,0,"2026-02-10 06:34:00",@freezonechannel8639,"Berarti pelakunya ordal ekspedisi.",0,,
UgymDViWuGPB895KbG54AaABAg,0,0,"2026-02-10 05:42:12",@a0.938,"Kmrin ada yg chat klo dia kurir mau antar paket COD. Trs aku kasih ss akun shopeeku klo aku g ada pesanan..",0,,
UgyRWSYSxcwIcIZ0DJh4AaABAg,0,0,"2026-02-10 05:10:19",@ardikurniawan2411,"Yg ke 4 sempat menimpa adekku sebulan lalu 🤦🏻‍♂️🤦🏻‍♂️",0,,
UgzPEUKRUWsfGXf-DRR4AaABAg,0,0,"2026-02-10 01:02:08",@mozznugo,"Terimakasih untuk infonya!",0,,
UgzsvRFTeOBWeRV7gUh4AaABAg,0,0,"2026-02-09 23:17:23",@abel4124,"Bahayanya kanoha ini banyak penjahat. Aku belanja di toko pedia gak kepingin belanja di fb itu jugak banyak penipuan",0,,
Ugw7LJGk-LtN1HN-rKJ4AaABAg,0,0,"2026-02-09 19:17:19",@WulanPrihatiningsih-l4o,"Pernah detang paket yg gak di pesen harganya 1jt obat gitu😢",0,,
UgxgYYPDvoKozxVjSqp4AaABAg,0,2,"2026-02-09 19:01:01",@lowspender147,"Bekas bungkus paket juga jangan dibuang sembarangan, ada nama dan alamat kita disana",0,,
UgwAXCoT2ZSnoSkrVzp4AaABAg,0,1,"2026-02-09 16:15:32",@PRIASEJATI-n5p,"Siapa kamu😂😂penipu...?",0,,
UgwM4up3hbtm-lD_JYp4AaABAg,0,0,"2026-02-09 16:08:09",@AIKKALEUS,"Kurimura Airi",0,,
Ugwil25QHVi511iKX-R4AaABAg,0,0,"2026-02-09 14:46:15",@DIcha-wi9nn,"Ini kejadian dua kali. Mamaku sekali ga ngecek, pembantuku juga. Mana isinya baju busuk udah dipake harga 200 ribu",0,,
Ugxn2kdCLaCCV6Zfp5Z4AaABAg,0,0,"2026-02-09 13:40:10",@Maximus-bg,"Ada Lagi kaka. Temen saya di bekasi. Terima paket COD. Padahal paketnya masih dalam perjalanan di Jawa Tengah. Paket tau2sudah sampai. dibayar lah paketnya. Lalu di buka isi nya Keset kaki. Padahal pesan susu. Paket aslinya masih di perjalanan.",0,,
UgzUGYbKCpNEBJyLi0V4AaABAg,0,0,"2026-02-09 13:26:23",@sriharyanti905,"Iya ak hampir kena tipu pesen ku strip gula darah seharga 97rb isi nya jarum yg untuk nyoblos jari tngn Ak sdh curiga lsng kurir nya tk srh mbuka",0,,
Ugz9VWzjZdubGHHASqZ4AaABAg,0,0,"2026-02-09 13:10:46",@herlinalin5335,"Istirahat dl cid",0,,
Ugwo9hbnkMp7Xjk2I3N4AaABAg,0,0,"2026-02-09 12:36:57",@EpiPatmawati-j1z,"Itu pernah Saya alami waktu saya pesen barang COD tapi anehnya katanya dari pihak pengiriman ada yang nlp katanya barang tertahan digudang karna overlode ,kalau mau dikirim harus TF dulu setengah juga gapapa ,kalau ga ditf dulu barangnya g akan dikirim,lalu ada chat melalui wa disuruh bayar dulu barangnya agar cepat dikirim,dan kirim surat pemberitahuan katanya dari pusat,Alhmdulillah Saya tidak bayar duluan semua itu Saya abaikan,karna kalau Cod dimana mana juga ada barang ada uang,dan Alhmdulillah datang juga barangnya walau ga TF duluan",0,,
UgyTDZWIUlFXhOFJI7p4AaABAg,1,2,"2026-02-09 12:13:32",@IniOny,"Mohon maaf bukannya menuduh. Tapi dari sekian modus yg disebutkan saya rasa ada beberapa skenario sepertinya akan sulit dilakukan tanpa melibatkan orang dalam perusahaan jasa kurir ekspedisinya. Cmiiw.",0,,
UgyTDZWIUlFXhOFJI7p4AaABAg.AT-rOAXF3anAT-td9y_km0,,1,"2026-02-09 12:33:11",@Wiwyt-x6g2k,"Bner bgt, soalny gw pnah dpet wa yg ngakunya dari seller Bilangny mau bantuin refund Yg gw bingung ko ya bsa dpet no, almat & no resi gw?? Sapa lagi coba kalo bkan oknum ordal??",1,UgyTDZWIUlFXhOFJI7p4AaABAg,@IniOny
UgxbZ4aPreN0v5A3OBl4AaABAg,0,0,"2026-02-09 11:58:20",@AdiHua,"Pernah ketipu beli HP baru dapat HP rusak,,,",0,,
UgyiiHvOGWI6suhvZW14AaABAg,0,0,"2026-02-09 11:51:44",@Indrocantikcewe,"BANGSAT GARA2 INI ,M BANGKING ISTRI GUA SEMUA KEKURAS,HAMPIR 20JT",0,,
UgyRtwWYV_QERBcLtU14AaABAg,0,0,"2026-02-09 11:51:32",@kalizoldyck,"udah bbrp tahun gak pernah beli cod, jadi kalo dateng cod langsung di tolak, kurirnya juga paham alamat gw gak pernah cod",0,,
UgxXn_tyku42GKRoeHp4AaABAg,0,2,"2026-02-09 11:29:14",@senikreatif4498,"Apa fungsi nya ojk ketika terkena korban penipuan",0,,
UgxhiFA_uic4RMPWn8J4AaABAg,1,4,"2026-02-09 11:26:04",@citanvnti2849,"Pernah ketipu karna emang bener2 sama bangettt dari no resi nama dan alamat untungnya cuma ketipu 50rb😭 tapi nyesek bgt walaupun hanya 50rb juga dan pas liat komenan orang lain ada yg lebih parah ampe puluhan bahkan ratusan jutaa gak kebayang udah bukan nyesek lagi itu mah ya kan hampir gilaa pastinya amit2😭 bener2 ya orang jaman sekarang makin menggila bgt buat nipu gada takut2nya dikira gabakalan ada balasannyaa kali ya naudzubillah yaAllah jauhkanlah keluargaku dari penipuan macam apapun, berilah balasan yg setimpal untuk para pelakunya semoga cepat bertaubat",0,,
UgxhiFA_uic4RMPWn8J4AaABAg.AT-lxYJVx6dAU2VpgdZujk,,0,"2026-03-07 09:25:34",@SamikanGojek,"Bener ka. Aku juga pernah ketipu 90rb.. Walaupun segitu ya tp lumayan buat org pas2an.. Apalagi abis berenti kerja n sakitparah",1,UgxhiFA_uic4RMPWn8J4AaABAg,@citanvnti2849
Ugzklh1DSrJnV3ZccF94AaABAg,0,0,"2026-02-09 10:33:55",@edmstudio3-h3c,"Hapus saja toko oren, banyak penipu, 😅kesempatan😅",0,,
UgztC2Yz-5tijuecrq54AaABAg,0,1,"2026-02-09 10:13:58",@noklinaofficial9036,"Sumpah aku kena tipu,mengatasnamakan toko yg aku belanja ktnya pelanggaran smpe2 d tlpon bkal di denda/penjara panik dong pdhl itu penipuan,.gua gk terima doa pas posisi lagi hamil semoga di ijabah yg nipu gua hidupnya gk tenang dan kena karma makan duit panas dri nipu orang anjj lah",0,,
UgzifvR5equX0pOTtSV4AaABAg,0,0,"2026-02-09 09:46:33",@putriazzahrah_1411,"Baru aja ngalamin, ada kurir nganter paket padahal gk pesen apa apa... Untung nanya nanya dan kurir pergi....kejadiannya 2 kali. Paketnya sendiri gk ada resinya dari aplikasi apa",0,,
UgytLq-Y4kP7l8XDZoB4AaABAg,0,0,"2026-02-09 06:14:35",@utubegaze,"Ada ada aja ulah manusia sengklek gatal klo nggk berbuat kriminal",0,,
Ugwtwki0dQAqL8X04OV4AaABAg,0,0,"2026-02-09 06:02:57",@DGnadi,"Tidak ada unsur pencegahat dan penindakan yang nyata",0,,
UgxHX3moNne_21dfX9h4AaABAg,0,0,"2026-02-09 06:02:38",@jumoalfauzi5747,"sudah 2 kali paket cod ke rumahku dgn nama dan alamat yg sama. karena saya sendiri tdk merasa membeli jadi santai saja. dan anehnya barang yg di kirim kata kurirnya berupa softek abal2 satu karung kecil, dan pengiriman ke 2 berupa keripik usus satu kantong kresek besar. padahal saya sendiri paling takut mskanan yg seperti itu.",0,,
Ugw2ln6CTPnCTP34Cbh4AaABAg,0,0,"2026-02-09 05:07:59",@vicialpha4181,"Makanya lebih baik musnah saja tanah ini",0,,
Ugxf22irMaZSZLGZuMh4AaABAg,0,4,"2026-02-09 05:01:58",@amjalls7333,"Yang sering kena tipu biasanya orang tua yang gaptek , mudah panik, dan punya banyak uang. So guys kasih tahu juga orang tua dirumah agar hati hati.",0,,
UgwDli9x0pHNpeHQHYV4AaABAg,0,1,"2026-02-09 04:43:31",@dens6981,"Ada 1 lg dgn modus barang ada kesalahan Tertukar dll lalu minta klik link yg di kasih untuk pengembalian dana padahal itu link modus pelaku😂😂😂😂 emang gad akerjaan ini badan siber urusnya yg mau ngasih duit aja?😂",0,,
UgyMUGJTUFydJoapM-V4AaABAg,0,0,"2026-02-09 02:28:07",@BilliMuhamad-p9q9v,"Kasus ini udah lama terjadi, hanya telat viral aja,",0,,
UgxKXU8fmXVVKPYvsTh4AaABAg,0,0,"2026-02-09 02:13:10",@mutiat7280,"Terimakasih banyak untuk informasinya",0,,
UgzvOrt16d_d3iyuhih4AaABAg,0,0,"2026-02-08 22:22:29",@baba7450,"cuma yg ke-4 yg bahaya, lainya gk mengancam kecuali anda gk berpikir sebelum bertindak",0,,
UgyF8Spboq89-aqi3dx4AaABAg,0,1,"2026-02-08 16:17:03",@oktaviahapsari3789,"Udah banyak yg kejadian.. Lebih ke ganti model pengiriman, trus begitu di ok, tiba2 malah tanda acc pembayaran dana ludes di OVO.. Trus paket nya dtng cuma anting mainan seharga 10ribuan.. Hati² guys.. Yg aneh COD dengn kurir yg sama trus pdhl bukan punya kita tapi tetep kudu byr alasan uda di accept? Makin aneh beli² online ini??",0,,
Ugyj5u6-6TxGkozXFWl4AaABAg,0,1,"2026-02-08 15:17:28",@chirakidenziel9083,"Komdigi ngapain aja? Data siswa kebobolan, sampe data pelamar jg 😂",0,,
UgyyF-MuwuC5VoF55tx4AaABAg,0,0,"2026-02-08 12:33:18",@surtasurta509,taek,0,,
Ugx1CTFUl2OCinkPti14AaABAg,0,0,"2026-02-08 12:13:16",@arddennia,"Masalahnya adalah tiap kali ada korban penipuan seperti itu dan lapor ke polisi pasti ga ditanggapi, laporan diterima uda gitu doang, ga ada pemeriksaan barang bukti, investigasi atau apapun, ya gimana penipu ga tambah menjamur, ga ada yg ditangkap juga kan ... Negara kita gini amat 😢😢😢",0,,
Ugz9Y88H7HnDmxV3MDl4AaABAg,0,0,"2026-02-08 11:32:33",@eternalstargazer7706,"Kasihan kurir cod sekarang, sudah bisa 1 lawan keroyok karena pembeli ndak terima salah barang atau semacamnya, sekarang bisa lebih dicurigai lagi karena kena modus penipuan",0,,
UgzKSUaD3Bf9Py-i4rJ4AaABAg,0,0,"2026-02-08 09:53:12",@poppymoestadhi,"Saya pun korban paket COD palsu, karena yg menerima ART & saya pikir pesanan berupa sayuran segar yang memang sedang saya tunggu namun saya sempat bertanya tanya bahwa saya membayarnya dg cara tranfer, tidak pernah COD. Murni kelalaian saya yg tidak berkordinasi dg ART. Buat para penipu, saya hanya ingin menasehati, agar berhati hati dengan perbuatan yg Anda lakukan. Karena yakinlah Anda tidak akan pernah menemukan ketenangan & kedamaian dikalbu, karena yg namanya rasa dikejar dosa akan selalu menghantaui, belum lagi hukuman/azab yg Allah timpakan didunia, berupa kesempitan demi kesempitan hidup, melalui keluarga, anak, suami/istri, dll, bisa berupa sempitnya harta, kesehatan, bencana, dll",0,,
UgyQppYOK_QokxBPir94AaABAg,0,0,"2026-02-08 08:08:54",@melkytumarar2877,"Para pebisnis on line harus kerja keras lagi utk pengamanan regulasi",0,,
Ugyecn95t2UN42fqw5p4AaABAg,0,0,"2026-02-08 06:31:42",@cartoonkonoha,"Di negri ini, seribu juta ke jahatan itu ada... Karena mayoritas otak2 pesulap di negri sulap koruptor ini",0,,
UgykfCvCTDOgTXc1KfB4AaABAg,0,0,"2026-02-08 03:23:48",@B1881-v6s,"Dari jaman dulu penjahat di Konoha ya orang Konohanya sendiri",0,,
UgxrCdyQvU6SgA-okyd4AaABAg,0,0,"2026-02-08 00:30:03",@Ayudia_ayu,"Aku juga habis kenaa😢",0,,
UgwlvlavBsnk6a0AeU14AaABAg,0,26,"2026-02-08 00:20:27",@ariefsetiawan6950,"Hati hati ......banyak scamers warga indonesia lulusan kamboja yang kembali ke indonesia....bakalan banyak modus penipuan.....apesnya ini tidak diantisipasi pemerintah indonesia",0,,
UgxAX-YbsuStfmNCRH14AaABAg,0,0,"2026-02-07 21:11:29",@dyn65,"Makin marak aja sekarang, aku ngalamin tiba2 aplikasi kayak tiktok, shopee notif nya pesanan anda sedang diantar/pesanan anda dalam proses/segera proses pembayaran anda, padahal gak beli apa2 bahkan tiktok aja gak pernah beli disitu, lebih sering notif tiktok, hampir tiap hari notif itu aja, kadang beberapa telpon nomor gak di kenal , kadang sampe aku blokir karena mengganggu banget sering di telpon",0,,
Ugyx-cBTtNl8fBkTBc94AaABAg,0,0,"2026-02-07 17:46:17",@nandanaboy2710,"Yang ke 4 teman w pernah kena 400 rb.. Salahnya karyawan apotek nya langsung terima2 aja dan langsung bayar tanpa konfirmasi..",0,,
UgxPo1ZW2_xHsuVsf-p4AaABAg,0,0,"2026-02-07 16:50:25",@freedom-V-forever178,"1 lagi modus yang belum lama saya alami, suatu hari pesan paket di toko orange, saya beli accu /aki motor setelah paket sampai kebiasaan saya unboxing paket selalu dan kasih ULASAN di tokonya, tidak lama berselang saya kasih ulasan dan upload barangnya foto dan video tidak lama saya di TLP WhatsApp oleh orang yang mengaku dari toko online tersebut katanya foto yang saya upload atau ulasan yang saya buat melanggar peraturan toko orange shop tersebut dan tidak lama kemudian ada WhatsApp dari orang yang mengaku dari toko orange yang mengirim foto bukti peraturan dan ketentuan toko orange dan saya katanya melanggar merugikan pihak toko dan pihak toko orange. Saya di suruh hapus ulasan saya atau kasih ulasan ulang tapi, saya tidak bisa hapus ulasan hanya bisa perubahan ulasan kalo tidak saya akan di denda dan di tuntut. setau saya ulasannya bagus saya kasih bintang 🌟🌟🌟🌟🌟 5 dan rekomendasi kan toko online ini. Karena barang yang saya beli bagus dan berpungsi dengan baik. Saya curiga dengan kejadian ini lalu saya tanya chat GPT, apakah melalu screenshot yang saya upload ke chat GPT. Fix chat GPT bilang 100% ini modus penipuan yang sudah sering terjadi. Dan saya suruh memblokir semua no WhatsApp yang menghubungi saya. Setelah saya blokir mereka tidak menghubungi saya lagi dan semakin yakin bahwa itu modus penipuan terbaru. Note: jadi modus penipuan ini setelah saya upload barang yang saya beli saya foto video unboxing kata penipu itu saya tidak boleh foto barcode dan nama tokonya dan katanya melanggar peraturan toko orange. Hati-hati kawan kawan penipuan di jaman sekarang banyak MODUS nya.",0,,
Ugy_1zWeTRWuO_QwSYd4AaABAg,0,0,"2026-02-07 16:29:45",@Wanjaaay,"Mantap komdigi Indonesia negara hukum? Negara surganya penjahat iya😂",0,,
UgygLCs3KSg0Q3UBkq54AaABAg,0,0,"2026-02-07 16:05:08",@rafaanugrah5679,"Jadilah pengalaman raib 2 jt 😢",0,,
UgxKVGnxsV1bwhC4ekl4AaABAg,0,0,"2026-02-07 15:51:54",@WHOAMI-xc8nd,"Makin canggih aja ....",0,,
UgwxhprpttqrMkV451h4AaABAg,0,1,"2026-02-07 14:12:47",@hollahilo,"Meresahkan banget kalo kaya gini makin gak aman aja. Jadi was"" banget mana yg bneran dn boongan",0,,
UgxlE4k5sYmLchrP9Ed4AaABAg,0,0,"2026-02-07 12:59:20",@tobeglow12,"Hampir kena",0,,
UgxvO6RglvHJAKt6C8N4AaABAg,0,0,"2026-02-07 12:23:30",@Mamanomon,"Ihhh gw baru aja tuh kena scam penipuan lewat Lazada beli makanan kucing,trs emang pakai ekspedisi nya JNE, tiba2 ada WhatsApp masuk katanya paket gw ketukar ke alamat lain dari resinya. Terus pihak JNE akan tanggung jawab dengan pengembalian dana tapi disuruh scan barcode yg di kirim, lah gw lgsg curiga apa2an nih biasanya jg komplain biasa di lazada nya bisa jg kok lgsg cair. Akhirnya gw gak gubris tapi nekad orgnya nelpon gw. Gw iya2in aja tapi gak gw turuti kata2 dia. Tapi beneran aja sih gw cek status pengiriman di aplikasi lazadanya emang beneran salah kirim ke rumah org lain.yang jadi pertanyaan nya kok bisa yah penipu nya beneran gak nipu kalau paket gw salah alamat. Khawatir nya ada orang dalam entah dr pihak lazada atau vendor JNE nya yg udah ngatur nipu2 ini ke customer. Parah gila sih kalau beneran ada oknum org dalam nya yg bejatttt.",0,,
UgyjTXLbJxTFze5YK8l4AaABAg,0,0,"2026-02-07 10:56:41",@Sofiyah-q1r,"Saya pernh beli pakai cod baru ini kena tipu",0,,
UgzTzfjNGv3dZYFJBmR4AaABAg,0,2,"2026-02-07 10:49:46",@sliceoflifemiami,"Di kasih otak bukannya bikin kemajuan, malah pada bikin penipuan. Hadeeeh 🙂",0,,
Ugy6yoiAWyvM4o2SvEB4AaABAg,0,0,"2026-02-07 10:46:03",@Broiler29,"Tim cyber kerjanya aph ???",0,,
Ugzqx8iXpSQ3FeWYpa54AaABAg,0,0,"2026-02-07 10:17:13",@TranquilWhisperer,"Cod fiktif dari sesama seller infonya dari petinggi jnt yg jual beli data konsumer",0,,
UgxidU7dbsE1XlC1SwF4AaABAg,0,0,"2026-02-07 09:57:07",@gungkappa1095,"Editor mageran audio berita kecil tapi outro mode sound horeg",0,,
UgxJg4IxaCI6k65I0SZ4AaABAg,0,0,"2026-02-07 09:42:44",@izzatititi2620,"Balasan Allah SWT itu pasti ada yakin itu dan tetap mendoakan yang baik2❤",0,,
Ugz4urhVT-yaaBFjfAx4AaABAg,0,0,"2026-02-07 09:42:33",@mamanlorenkz126,"Aku hampir kena yg nomor resi tertukar",0,,
UgwfFYT7qWtveQueNEF4AaABAg,0,0,"2026-02-07 09:39:50",@icusnur3071,"Alhamdulillah saya gk suka beli online, jujur saya gabteg, bagi saya mnding belu di toko bebas pilih sendiri yg pst gk mungkin ketipu.",0,,
UgxF9HdD4V9bpiuoBJ94AaABAg,0,0,"2026-02-07 08:40:05",@CieL-ZZZ,"aneh emang, gw matiin paket data tapi pulsa gw tetep kepotong.. katanya ada pemakaian data di aplikasi lah gmn maksudnya coba?? trus apa gunanya paket data dimatiin???",0,,
UgxF5vrujgFF3fXCkkV4AaABAg,0,0,"2026-02-07 08:31:38",@lifetostruggleandsuffer,"Krg lengkap modusnya, modus lain paket hilang dan jne janji akan menggantikan sesuai harga barang + rp.300000, dst bs dicek di google..",0,,
UgyZcv1tBHoqewRWPn54AaABAg,1,57,"2026-02-07 08:27:09",@herurust,"Konoha sdh jadi negeri para penipu.... Dilindungi sih ya..",0,,
UgyZcv1tBHoqewRWPn54AaABAg.ASvItOMCGxCATj1KWU444U,,3,"2026-02-27 10:34:13",@Moon_cHild-o2x,"Harusnya masuk ke hukuman mati , minimal potong -leher- tangan",1,UgyZcv1tBHoqewRWPn54AaABAg,@herurust
UgwljegrOV2MTUvKWfx4AaABAg,0,0,"2026-02-07 06:21:49",@buddyman8474,"Welcome to digital world😅",0,,
UgzXN7Ojwskp6d6KhIZ4AaABAg,0,0,"2026-02-07 06:06:12",@aisukidlious6432,"gw pake paylater atau cod 😂😂😂...terus minta kang paketnya unboxing gw yg video 😂😂😂",0,,
UgzOSM91-Mf2qeor9fd4AaABAg,0,0,"2026-02-07 06:02:10",@KarimSempatiegi,"Mending bayar di tempat Mau ga mau jangan transfer,atau beli langsung di toko atau pasar",0,,
Ugyh3Pr3WgnVvEEGxvF4AaABAg,0,0,"2026-02-07 05:58:16",@ItsMeGhoz,"Saya pernah kena cod gitu, yg bayar orang dirumah dibaca paketnya isi kremes ayam, dan saya makan kok enak, akhirnya saya pesen lagi kremes ayam merk yg sama 😂😂😂",0,,
UgzssWLcUIrIZcnLMrt4AaABAg,0,0,"2026-02-07 04:57:31",@rinimiasari5093,"Libur aja dulu belanja2 online.. mending jalan jalan ke toko ke pasar",0,,
Ugz4Thc63dmFM4Q51kx4AaABAg,0,0,"2026-02-07 04:45:21",@TimoGamers-f9k,"Penipuan penipuan online harus segera diusut.tolong pak polisi yang bertugas di bagian siber segera usut pelaku2 penipuan online agar pelakunya segera ditangkap dan dihukum berat agar tidak meresahkan masyarakat👍👍",0,,
UgyMQ3ey8OPNSyn0ViJ4AaABAg,0,0,"2026-02-07 04:37:56",@AlvinRicky-j1t,"Udah ada di berita, tapi cuman disuruh hati hati ,, emang nya seenak itu ya jadi penjahat ?",0,,
UgyliwFuyiU3OFEm8md4AaABAg,0,0,"2026-02-07 04:06:04",@urz7481,"saya alami pecobaan modus penipuan seperti ini hanya di lazada. heran data internal pembeli lazada bocor. orang dalam lazada terlibat. soalnya gk mungkin org luar tau apa yg kita beli. sudah buat laporan masih terjadi lagi. untung waspada",0,,
UgxRR0NBte2bC8NNIfZ4AaABAg,0,0,"2026-02-07 03:54:47",@susantipuji-y2p,"Skr modus penipuan macam2, tdk pesen on line tiba2 ada wa pesanan sdh dlm perjalanan . Ada lagi pesanan sdh diterima tp masih di WA terus mau antar barang ke rumah, kacauuuu mnding belanja di toko jelas ada barang lihat kualitas barang jadi lebih aman .",0,,
UgzhONTUzilv1WbsYq14AaABAg,4,23,"2026-02-07 01:52:59",@murnimurniawati7747,"Ih serem ya...mending beli langsung aja g usah online...",0,,
UgzhONTUzilv1WbsYq14AaABAg.ASuamOnpPfxAU1axxaJ4jN,,1,"2026-03-07 00:59:53",@Nutaku-g3i,setuju,1,UgzhONTUzilv1WbsYq14AaABAg,@murnimurniawati7747
UgzhONTUzilv1WbsYq14AaABAg.ASuamOnpPfxAU4MnEoCqzw,,1,"2026-03-08 02:45:04",@hasanah4172,Bnr,1,UgzhONTUzilv1WbsYq14AaABAg,@murnimurniawati7747
UgzhONTUzilv1WbsYq14AaABAg.ASuamOnpPfxAU7j94Z2Q3w,,0,"2026-03-09 10:06:53",@etihnurmayanti2027,"Saya sering blanja ol..sampai saat ini Alhamdulillah aman..naudzubillah dan Bismillah Allah jauhkan dari segala bentuk musibah",1,UgzhONTUzilv1WbsYq14AaABAg,@murnimurniawati7747
UgzhONTUzilv1WbsYq14AaABAg.ASuamOnpPfxAUFQbo0L1pH,,0,"2026-03-12 09:50:06",@ruhiYw7446,"Klo blnja online psti dpt sms ktanya dri expedisi trsebut , jgn prnh bls sns atw wa nya blok aj i inshaallah aman, krn klo kita blja online kita bsa lngsung chek sendiri tracking barang nya jdi klo ada cht msuk bilang brg nya tertukar dll itu abaikn sj",1,UgzhONTUzilv1WbsYq14AaABAg,@murnimurniawati7747
UgzK89-GAtyySrP-kvR4AaABAg,0,0,"2026-02-07 01:36:26",@Akutuhsiapa1,"Solusinya Nomer Mbanking email dan Hp pisahkan taro di rumah aja mode pesawat , kalo mau pergi keluar bawa hp 1 lagi dengan nomer email berbeda kirim ke dana secukupnya saja 500-1 juta insya Allah aman kaga rugi",0,,
Ugyow2Vm50cgTzXmgiB4AaABAg,0,0,"2026-02-07 01:27:39",@the.king.of.big.success,"Pemerintah indonesia ngapain ya kerjanya, kok penipu merajalela dibiarkan. Emang penipunya nyogok ya?",0,,
UgzIC_mhbCZaP7UXElF4AaABAg,0,0,"2026-02-07 00:43:05",@Hudapeng,"saya bulan 11, terkena penipuan ini, habis 17 juta 😢",0,,
UgyuqMaZxaN96cgqOR54AaABAg,0,0,"2026-02-07 00:42:52",@redvelvet569,"kemarin baru kejadian ke aku ada yang whatsapp katanya paket aku hilang dia kasih bukti nomer resi nya bener sesuai pesanan aku dia bilang uangnya mau di kembalikan aja seharga 370 ribu dia kasih kode QRIS suruh scan dan masukan nominal sesuai paket terus masukkan PIN jadi kalo buat yang gak sadar itu otomatis malah kita yang transfer ke rekening dia karna aku belajar dari pengalaman temen yang kena hipnotis di telpon shopee pinjam sama spaylater nya di hack sampe total 6 juta makanya aku gak mudah tergiur tawaran dan gak mudah percaya orang asing di telpon logika aja sih kalo pun paket bermasalah urusannya pihak kurir sama aplikasi dan kalopun ada pengembalian dana itu di aplikasi yang jadi pertanyaan dia punya nomer resi beserta nomer telpon nya berarti mereka orang kurir juga",0,,
Ugzx77G6EWd3VsBFnxN4AaABAg,0,0,"2026-02-07 00:36:50",@sushan239,"Secara tidak langsung pemerintah, perusahaan telekomunikasi dan gerai penjual kartu perdana yang mengijinkan dan mempermudah orang gonta ganti nomor, mengakibatkan maraknya penipuan kejahatan yang sulit ditangkap. Maka segera berlakukan Single Identity Number di negara ini, untuk meminimalisir kejahatan siber di masyarakat. Apakah menunggu sampai masyarakat dirugikan sampai seribu triliun baru direspon dg serius. 🙏",0,,
UgzdINldRpx6ERQ-t-d4AaABAg,1,0,"2026-02-07 00:21:40",@TheFuturesGlimpse,"isinya komen2 ngebahas pemerintah dan hukum padahal penipuan ini terjadi secara real time dan cepat, dan yg punya keputusan telak dalam bertindak kan si customer atau pelaku sendiri. jangan hanya sibuk nyalahin org lain tapi ga mengedukasi diri sendiri. rakyat indo tuh ada ratusan jt, dan yg ngirim file/apk/chatting dll kan hampir tiap detik ada data keluar masuk, pikirkan aja secara logika, siapa yg bisa ngecek secara realtime semua chat pengguna? terus kemaren bukanya pada protes aparat bisa nyadap chat?? tapi kalian berharap mereka tau semua scam ini?",0,,
UgzdINldRpx6ERQ-t-d4AaABAg.ASuRKal37KxASuRd1L_ZFN,,0,"2026-02-07 00:24:19",@TheFuturesGlimpse,"dan pantes aja masih banyak yg ketipu, karena kebiasaan nyalahin org tapi gamau introspeksi diri jadi nya malas mengedukasi diri sendiri/ga sadar diri, lebih sibuk mainan sosmed dan koar2 sana sini. dan penipuan digital bukan hanya di indo tapi hampir semua negara ada, jangan hanya karena kebencian sama pemerintah jadi pada buta hati. bittertruth biar kalian pada mikir dan belajar, bukan yg ngasih sweet lies biar kalian tersanjung tapi jadi manusa ga berkembang.",1,UgzdINldRpx6ERQ-t-d4AaABAg,@TheFuturesGlimpse
UgxXJr23Y6vc_oB5zBB4AaABAg,0,0,"2026-02-06 21:11:43",@YarianGates,"Saya Penjual aja di kadalin sama shopee.dgn sistem seenaknya. Percuma ngasih fitur asuransi pada produk. Saat barang di batalkan sepihak tanpa alasan kena potongan masih bisa di terima. Tp ngrim barang berat 20kg yg balik cuman 300gram..shopee menghindar g mau ganti rugi. Akses vitur live chat di tiadakan. Dan sistem itu sll berjalan sampai saat ini.",0,,
UgwDlT1HexPLR7ZAEMV4AaABAg,0,0,"2026-02-06 19:51:56",@bagusputra640,"Masalah nya kebanyakan yg COD ga sihh?",0,,
UgzeFjPakL5C4DcVLIt4AaABAg,0,0,"2026-02-06 18:04:46",@Cucitangan21,"dr jaman hape jadul sampai jaman android ,masih aja banyak penipuan....krn hukumnya gak jalan...,",0,,
Ugzb89xzWv-AXn9pn3J4AaABAg,0,0,"2026-02-06 16:33:41",@anandajr_02,"Foto aja tuu kurirnya suruh buka masker baru terima paket",0,,
UgxFGNoMvpKUcGPUMht4AaABAg,0,0,"2026-02-06 14:49:25",@cintasejatiarmiforever,"aku pernh di datengi paket cod.. pdhl aku gk pesan.... disuruuh bayar tpi bpku pinter ... trus usir dia . marahin dia... trus si penipu lgsung pergi😂",0,,
UgxSrK-RlXmLY3D31it4AaABAg,0,0,"2026-02-06 13:07:13",@rahmatazwar4404,"sya pernah kyak gni tiba2 ada yg wa dri pihak jne kata nya paket tertukar di sruh klik link dlu, yah mana saya mau emang di kira sya bodoh😅😂😂, yang aneh nya dia tau barang yg kita pesan apa untung waktu itu cma pesan gesper doang",0,,
Ugz75OD7reqku8UlYm14AaABAg,0,0,"2026-02-06 11:59:48",@hedsetkesing7859,"mending belanja di pasar atau di warung reel barang nya .. plus membantu tetangga warung",0,,
UgxOy3VDd7GWyc2CvBp4AaABAg,0,0,"2026-02-06 11:53:48",@FikoRaharditoBaskoro,"Terima kasih",0,,
UgwAbz555QL-SZzaMat4AaABAg,0,0,"2026-02-06 11:45:56",@purpleme3753,"Ingat yaa ibu2, kalau ada wa nomer baru, cek pake GET CONTACT.",0,,
UgzSFzQP9GhzkCp77g94AaABAg,0,0,"2026-02-06 10:56:04",@Asnidar-xk1px,"Ya saya pernah bli ternyataalpukat nya ngga bosa d mkn",0,,
UgxUidSc6pNaBZyHoTV4AaABAg,0,0,"2026-02-06 10:20:37",@avadakedafra,"Belum lama gw hampir kena modus yg pengiriman gagal. Dan itu bener2 kaya official bgt. Mereka sampai bisa edit profile akun tokopedia kita seakan mereka admin",0,,
UgzEOQ2pW7pPDWJMlKt4AaABAg,0,0,"2026-02-06 10:14:27",@Fareda-n7c,"Naujubilahi minjalik orang orang tidak takut makan uang dengan cara yang di haram kan",0,,
UgwZ94J18fEw79fAWB94AaABAg,0,0,"2026-02-06 09:58:57",@animasi3139,"registrasi simcard dengan kk dan ktp, gak ada guna nya, karena system trsbt msh bisa di bypasa, bukti nya banyak penipu tdk bisa dilacak, berdasarkan nomor telpon selular.",0,,
Ugw5sf4eCo9aBlyE7qh4AaABAg,0,0,"2026-02-06 09:58:25",@yo_wassupdude,"Penipuan online makin marak dan makin macem macem modusnya. Telpon pun tiap hari krang kring berkali kali dalam seha dr berbagai nomor (nah ini lagi nulis tiba tiba bunyi lagi!!). Apakah ada hubungan dg kepulangan korban geng scam dr kamboja yg denger denger kok di antara yang ngaku korban ternyata ada yg bukan korban tapi pelaku yg pulang krn geng mrk kegrebek.??",0,,
UgyWie-Oemnyp1j_bol4AaABAg,0,0,"2026-02-06 09:53:32",@landt41,"Kurir paket sudah hafal jadi nggak pernah wa dulu. Kalau ada wa malah suspicious. Apalagi kalau emang nggak pesan apapun. Aku bales ""scammer ya?"" lalu block.",0,,
Ugzb9A5LuS3pcqydgmF4AaABAg,1,0,"2026-02-06 09:36:23",@matamerahartsblog,"Moga sih yang hidupnya suka nipu cepat matinya, apa enak nya makan uang haram hasil meras/nipu orang? Sementara doang nikmatnya kalo gak ketangkep polisi ya langsung di cabut nyawanya di tempat, nauzubillah minjalik.",0,,
Ugzb9A5LuS3pcqydgmF4AaABAg.ASsr0_3Y3OvAT-MOR5S9AU,,1,"2026-02-09 07:33:57",@utarianggraini9604,"Aamiin ya allah",1,Ugzb9A5LuS3pcqydgmF4AaABAg,@matamerahartsblog
Ugx1Vm0WfiMdIarJ6Ad4AaABAg,0,0,"2026-02-06 08:58:58",@nazwakhairunisa8284,"Pas bgt baru ajh kejadian gw kg pesen apa apa tbtb ada paket atas nama gw degan harga 150rb.. untung gw ad di rumah jadi gw tolak..klo yg Nerima orang tua pasti di bayar..",0,,
UgxZhbYGGQZjW35k99V4AaABAg,0,0,"2026-02-06 08:24:27",@liliksuryani5376,"Suamiku jg pernah di kirimi , tak pernah pesan barang jelek",0,,
UgzKzSivCVEzjnsXhfR4AaABAg,0,0,"2026-02-06 07:55:43",@naomicute5010,"Alhamdulillah sampai saat ini Allah msh melindungi kami Dan kurir ny sellau yg sama kelg kenal smua, paling klo beli elektronik yg hargany 1jt keatas kurir baru yg dipilih dr pihak toko krn hr ini order hr ini sampai n si kurir hy telp via wa minta kirim lokasi. Smga di jauhkan dalam hal yg tdk diinginkan thx informasinya.",0,,
UgzlV-UZPIo6tdWPORt4AaABAg,0,0,"2026-02-06 07:36:57",@luckysalsalucky9297,"Kmren temenku belom lama kena 2 juta, mana baru kerja belom lama dijkrta,katanya ya itu ada paket cod trus suruh scan gitu",0,,
Ugwa7jUag4OwrViRt6x4AaABAg,0,0,"2026-02-06 07:34:29",@MbahSudiyanto-d2f,"MALING.LAGI MALING LAGI, BGMN MENUMPASNYA,GA JERA JERA.",0,,
UgzAIsik2nJU-Ekj0Zl4AaABAg,1,0,"2026-02-06 07:25:25",@lalala-rm1ufe,"Wih 1 dan 4. Tetanggaku jadi korban... Hati22 gess beneran itu",0,,
UgzAIsik2nJU-Ekj0Zl4AaABAg.ASsc1IPDfPjASsc6zq6JEx,,0,"2026-02-06 07:26:11",@lalala-rm1ufe,"Apalagi tetanggaku itu oarng tua2... Gk tau kalau dibohongi😭",1,UgzAIsik2nJU-Ekj0Zl4AaABAg,@lalala-rm1ufe
UgyN9ZCcvwv40Pm3aJh4AaABAg,0,0,"2026-02-06 07:24:16",@roselianisinaga4924,"Puji Tuhan saya ga mau bli brg onli ne paket2....",0,,
Ugzi-WUutIvrcChpGjZ4AaABAg,0,0,"2026-02-06 06:55:44",@Farida-o9v3c,"Yg ke 5 aku pernah dapet tiba 2 datang paket padahal tidak pesan apa 2 pas aku diluar rumah. Untung anak ku pinter begitu kubilang tdk pesan apa 2 dia ijin buka paket nya. Untung kurir nya jg baik. Ternyata isi nya baju bekas yg kecil. 😂😂",0,,
UgxUiykHNF2TODGG5aN4AaABAg,0,0,"2026-02-06 06:46:45",@rahantennovipahlawan,"Yang ditakutkan itu kalo calon korbannya kebanyakan orang2 tua yang mungkin agak gaptek😢",0,,
UgztAUrSK1VE9tx-XfF4AaABAg,0,0,"2026-02-06 06:27:01",@yt.fajar.85kurnia,"Ada oknum pengiriman yg jd mata² didalam untuk curi data...dijual dan dijadikan bahan untuk penipuan tuh..",0,,
UgyC3neRp779DLdN1np4AaABAg,0,0,"2026-02-06 06:24:44",@Luzy-c6u,"Aduhh bener bgt, baru kmren.. ada kejadian gini suami, dtg cod ,pake alamat dan data suami.. kudu bayar 200rban gitu, karena kasian kurir ny , ya di bayar.. ternyata itu penipuan.. astaghfirullah.. gak² lagi kena tipu gini, jgn mau di bayar. Kalo gak ngerasa beli barang ya",0,,
Ugy5twlROHq-v6eHkEx4AaABAg,0,0,"2026-02-06 05:53:56",@tajooborneo5732,"Thanks info nya Itu tugas polisi melacak mengejar pelaku penjahat belanja online itu Buat apa polisi di gajih oleh rakyat Indonesia",0,,
UgxJvUcGXAl-tzHBMWV4AaABAg,0,0,"2026-02-06 05:52:21",@mengejarridhoallah199,"Sy sudah pernah Hampir tertipu sprti ini untungnya sy langsung tersadar dan bilang kamu penipuan yaa Truz sy block nmr² mreka Untung sy blm sempat scan Qris yg mreka krim",0,,
Ugyc5t2b3V9tWJ5s2Rd4AaABAg,0,0,"2026-02-06 05:23:13",@Starfootball319,"Saya sudah 3 kali ngalamin no 4.... Isinya hanya cesing hp murahan ..",0,,
Ugy8Y4cQc3Ch--x3tvB4AaABAg,0,0,"2026-02-06 04:45:53",@yorayora1225,"Temen ku lg soljum pas balik ada paket di ttp ke toko sblh udh di byr 200 ttnyta dlmnya guntingan baju",0,,
UgyM-fC78QQGoQ-pG_14AaABAg,0,0,"2026-02-06 02:46:50",@AWijayadaru,"Sy kena yg scan QR..😢 sialaaan..",0,,
UgwWLMUBZNznkgxSWix4AaABAg,0,0,"2026-02-06 02:08:35",@FigihMoto67,"COD mending di hapus aja udh😅",0,,
Ugz8-K2qmIeuAsnz_VN4AaABAg,0,0,"2026-02-06 01:24:15",@inggrivsky8440,"Polisi tidur tiduran enak bgt",0,,
UgwP94d0Ae0-RxKjAfV4AaABAg,0,1,"2026-02-06 00:56:32",@muhamadagungnataatmaja,"Waspadalah waspadalah kejahatan dengan metode fishing merjalalela id market online bisa mnggasqk tabunganmu,cod mending cash aja setelah dicek jangan pakai aplikasi itu saraan saya",0,,
Ugz4EMwA8G25f2I0qdF4AaABAg,0,0,"2026-02-06 00:42:59",@pinkpurple3077,"Ya Allah untung liat ini 😢 makin macam-macam jenis modus nya 😢😢 karena aku sering belanja online jadi worry huhu.",0,,
UgyLE6j9hfY1q4DhN2d4AaABAg,0,0,"2026-02-06 00:28:12",@thalitathalita3047,". Pelaku y harus d tangkap d hukum mati, d china pelaku penipuan 1 keluarga yg terlibat d hukum mati.",0,,
UgxwaMQ3Uhvvil6Xdwp4AaABAg,0,0,"2026-02-05 23:49:41",@tataandriyani8588,"Iya aku juga pernah kena penipuan dengan paket fiktif gak pesen tiba tiba ada paket nyasar ya aku gak mau bayarlah. Nama sama alamat sama. Tapi aku gak pernah instal aplikasi itu, terus aku no telpon yang tertera bukan nomorku.",0,,
Ugy4zK1Dt2Em5OwLCZV4AaABAg,0,0,"2026-02-05 23:09:21",@AbcdeWid1,"Beli offline lagi aman tenang bahagia",0,,
Ugz2ZbrkLQAUhfphQgl4AaABAg,0,0,"2026-02-05 21:32:22",@cone_icecream,"Ini real, no.4 gua pernah kena",0,,
Ugzas6gmmwd4SK7mQcV4AaABAg,0,0,"2026-02-05 19:40:00",@pupupapa-o3w,"W sumpahin pelaku mati di tol",0,,
UgxvYCjKuk4VOSemkVx4AaABAg,0,0,"2026-02-05 17:07:23",@Dapur_Ma-ma,"maknya jangan COD",0,,
Ugyumnk3eZwKxS4QoeF4AaABAg,0,0,"2026-02-05 16:47:54",@eveconure8299,"Saya pernah dapet WA yang bilangnya dari ekspedisi katanya paket saya hilang, emang status saya pesan barang dan no pesanannya sama..Saat itu barang statusnya lom sampe, saya pikir bener ilang..lalu katanya kalo ingin pengembalian dana saya harus screen shoot akun shopee saya, karena beresiko ga saya ikutin, dan saya pikir kalo barang hilang yang memproses kan pihak shopee nya,bsoknya barang sampe rumah saya..Yang jadi pertanyaan saya koq penipu bisa tau ya, saya pesan barang anu dengan nominal harga, dan no pesanan secara tepat??",0,,
UgwOiSPqUm8CylJM_xF4AaABAg,0,0,"2026-02-05 16:02:53",@Fafatong-b8g,"Makin banyak penipuan digital, gimana nih komdigi? Judol dan penipuan makin banyak tapi komdigi ttp digaji rakyat",0,,
UgyuKLLt9tiGU_gv1H94AaABAg,1,23,"2026-02-05 15:47:00",@muhamadreynaldi5291,"Beginilah kalo orang pinter dijalan yg salah Bawaan nya mau nipu mulu",0,,
UgyuKLLt9tiGU_gv1H94AaABAg.ASqwdDpZPKDASvyRPbcrSl,,0,"2026-02-07 14:38:56",@zandyzandy6047,"Otaknya mereka terbentuk dari makanan haram tentulah mghasilkan yg menuju ke neraka..",1,UgyuKLLt9tiGU_gv1H94AaABAg,@muhamadreynaldi5291
UgyXaDcT0DERN7IjAKV4AaABAg,0,0,"2026-02-05 14:55:56",@novasiswanto3849,"Seumur hidup gk pernah COD an",0,,
UgzXtntiBTjK2maJXbZ4AaABAg,0,1,"2026-02-05 14:48:13",@siwd5036,"3,4,5 pernah smua.. tp untungnya ga smp kena tipu krn udah waspada dulu. Sungguh meresHkan penipu² jaman now.. mana sering bgtt ditelpon nomor² ga jelas hampir stiap hari, udah di reject, di blokir teteppp aja masih ditelponin gonta-ganti nomor",0,,
UgyvVCDQbKtUS8gDmrl4AaABAg,0,2,"2026-02-05 14:34:56",@anitanurteziansyah725,"Ia temen saya juga ada yg kena tipu dia katannya nelpon dan ngasih tau katannya paketnya dibatalkan terus dianya mau alasannya mau ngembaliin uang soalnnya pembayarannya via transfer terus singkat cerita dia nyuruh ini itu suruh ketik ini itu munculah otp nya suruh kirim ke dia dan tmn saya kirim otpnnya soalnnya dia juga lagi gk engeh kalau yg dia kasih tuh otp dana terus penipunya masuk kali kedana uang yg didana 5juta lebih mereka transferin dan tmn aku udah engeh mau masuk ke apk dana gk bisa karena di telponin aja bukan sama satu nomor hp tapi banyak (kayaknnya pengalihan biar gk bisa masuk ke dana) dan setelah uangnnya didana abis tmn saya liat bukti tfnya dan penipunya tfnya paling banyak ke listrik",0,,
Ugxq1YmytJcYRFUCjnp4AaABAg,1,13,"2026-02-05 14:12:03",@Che_payet,"Baru aja di cerita in tmn kena 14jt modus paket apk toko oren, ceritanya agak bikin bingung katanya kena hipnotis tp setelah liat ini mungkin tmnku kena scam modus ini...",0,,
Ugxq1YmytJcYRFUCjnp4AaABAg.ASqllh_gvuAAT-luflTDoy,,0,"2026-02-09 11:25:41",@TehWati-s5wteh,"Anak ku 10 juta di hipnotis lewat fb dia pengen beli motor ngaku nya TNI uang udah transfer kt nya kalau mau kirim motor nya transfer lg 5 juta tapi cuma 10 juta",1,Ugxq1YmytJcYRFUCjnp4AaABAg,@Che_payet
UgxEMqR3iSc5eAwyD7N4AaABAg,0,0,"2026-02-05 14:08:15",@bee_hutch,"Udah kena paket fiktif 137k isi boneka labubu busuk, bngst emng dikira sini duit tinggal metik apa",0,,
Ugyvi73iB_YnAq1N8Sd4AaABAg,2,1,"2026-02-05 14:02:16",@fathana.hilaliah,"Baru kemarin banget di wa jne express dia ngaku paket gua katanya ketuker sama customer lain karena org gudang salah tempel nomer resi, minta bukti screenshot totalan belanja sama dia kasih nomor wa lain buat hubungin dia, aneh nya itu org cantumin nama& no.hp& no resi persis kaya dipesanan online gua. Gua lgsg chat sellernya, seller bilang itu modus, gua ss aja dah jawaban seller ke si penipu jne itu. Tapi ko si penipu bisa tau ampe ke nomer resi ya? Ini akun gua dibobol apa gimana? Ada yg ngalamin juga ga? Jadi was was",0,,
Ugyvi73iB_YnAq1N8Sd4AaABAg.ASqke4Qo6yoASqxY15iLEP,,0,"2026-02-05 15:54:54",@syakirawaka9207,"Berarti yg perlu dicurigai kurirnya kak. Karna kurirlah yg tau no resi kita dari yg tertera di paket kakak.",1,Ugyvi73iB_YnAq1N8Sd4AaABAg,@fathana.hilaliah
Ugyvi73iB_YnAq1N8Sd4AaABAg.ASqke4Qo6yoASr7jRQcNGS,,0,"2026-02-05 17:32:43",@fathana.hilaliah,"​@syakirawaka9207hm iya juga si ya, dia coba ngakalin dgn pura2 jadi admin jne padahal dia kurir. Takut bgt disadap akhirnya lgsg blokir",1,Ugyvi73iB_YnAq1N8Sd4AaABAg,@fathana.hilaliah
UgyvobIftTmidEZ4H454AaABAg,0,0,"2026-02-05 13:59:03",@dyhart08,"pertama, jangan respon paket lewat WhatsApp 😂 itu sih biangnya, cod gak masalah yang penting lihat pelacakannya di website langsung.. dan modus penipuan transfer barang murah juga banyak 😅, jadi cod gak pernah zonk yg penting pantau di webnya dan biasanya kurir pun itu itu aja udah kenal",0,,
UgxWN_SiGMGkXPx3c-Z4AaABAg,0,0,"2026-02-05 13:28:36",@kipscorpio,"KETANGKAP LANGSUNG DI HUKUM MATI",0,,
UgyWM77xCHn1oY8ih1N4AaABAg,0,0,"2026-02-05 13:12:48",@Erniajuhan24,"Saya tgl 5 februari 2026 baru kena Tipu yg nomor 3 yg nominalnya sangat banyak😭semoga para pelaku penipuan trsbt segera ditangkap oleh pihak yg berwajib😭😭😭 Tolong bagi teman² lebih berhati² lagi. 🙏",0,,
UgzJ8trq9VbOKSXSXWd4AaABAg,0,1,"2026-02-05 13:12:21",@MuhFirman-b6s,"Untung gw gaptek 😅😅 jdi duit gw aman2 aj..ga tertarik tuh blanja on line...LBH bnyk mudarat ny...bnyk TKNG tipu jmn skrng😅",0,,
Ugw-VRiHFCNqFmbp4xx4AaABAg,3,14,"2026-02-05 13:11:48",@bebekkuchannel7464,"Yang ke 4 pernah pdhl ga ada yang mesen dengan nominal 200rb karena kurirnya maksa akhirnya di bayar sama ortu saya posisi saya lagi ga ada di rumah biasanya mah yang ke gitu kurir"" nakal biar dpt duit lebih",0,,
Ugw-VRiHFCNqFmbp4xx4AaABAg.ASqesW54EgJASyis2oUsAx,,0,"2026-02-08 16:20:37",@oktaviahapsari3789,"Saya juga pernah 2x sama kurir nya..",1,Ugw-VRiHFCNqFmbp4xx4AaABAg,@bebekkuchannel7464
Ugw-VRiHFCNqFmbp4xx4AaABAg.ASqesW54EgJAT9OevzIhdU,,0,"2026-02-13 05:06:13",@memed-dfrekuensi,"Saya juga pernah😢. Bisa jadi permainan kurir kah?",1,Ugw-VRiHFCNqFmbp4xx4AaABAg,@bebekkuchannel7464
Ugw-VRiHFCNqFmbp4xx4AaABAg.ASqesW54EgJAT9vVJRs76a,,0,"2026-02-13 10:01:52",@bebekkuchannel7464,"​@memed-dfrekuensiiyaa permainan oknum kurir",1,Ugw-VRiHFCNqFmbp4xx4AaABAg,@bebekkuchannel7464
UgwAWoNCUOtG1yneJoZ4AaABAg,0,0,"2026-02-05 12:51:39",@Pinky-e7p6t,"Alkhamdulillah ku hoby shopping online baik2 saja",0,,
Ugz6bbRNFm3YW2CAkcd4AaABAg,3,39,"2026-02-05 12:22:08",@noviakhania6033,"Macam"" kejahatan Dunia makin di akhir zaman Manusia makin menjadi"" makin ga takut siksa di akhirat nanti hadeehh",0,,
Ugz6bbRNFm3YW2CAkcd4AaABAg.ASq_Bfh1xohATxAjcCV8j_,,0,"2026-03-04 22:25:48",@kocil13,"apa apa akhir zaman",1,Ugz6bbRNFm3YW2CAkcd4AaABAg,@noviakhania6033
Ugz6bbRNFm3YW2CAkcd4AaABAg.ASq_Bfh1xohAUFZ9kg-Fvs,,0,"2026-03-12 11:04:47",@de-titi,"Zaman apa yg berakhir Broo....?? 😂😂",1,Ugz6bbRNFm3YW2CAkcd4AaABAg,@noviakhania6033
Ugz6bbRNFm3YW2CAkcd4AaABAg.ASq_Bfh1xohAUUgA9cAQmj,,0,"2026-03-18 08:03:21",@Alander_Lin,"Apa sih kak, itu para koruptor pun juga gak ada yg peduli tuh soal sumpah2.. Ngapain pula takut disiksa atau apapun lah itu.. Rata2 mereka EGP.. Ini sad realitynya",1,Ugz6bbRNFm3YW2CAkcd4AaABAg,@noviakhania6033
Ugxey4JldSHqDoFIVxB4AaABAg,0,1,"2026-02-05 12:16:45",@s_me6080,"Klo aku sih intinya klo ga merasa pesan paket y kenapa harus mendengarkan tukang paket ga jelas.",0,,
Ugz7-4nFLDYNPyVDvot4AaABAg,2,4,"2026-02-05 12:01:34",@mujefioz2665,"Intinya data kita bocor oleh pihak aplikasi,,,",0,,
Ugz7-4nFLDYNPyVDvot4AaABAg.ASqXq5W1BJiASr4dJDtFlh,,1,"2026-02-05 17:05:40",@RickyArinalhaqqi,"Nah betul banget nih kak termasuk saya kejadian 2 hari yang lalu",1,Ugz7-4nFLDYNPyVDvot4AaABAg,@mujefioz2665
Ugz7-4nFLDYNPyVDvot4AaABAg.ASqXq5W1BJiASr4wv21PB1,,1,"2026-02-05 17:08:20",@RickyArinalhaqqi,"Kok bisa tau dari pihak shopee saya Melakukan foto beserta no resi.langsung dijapri . bingung saya kok bisa tau no telp saya dari mana...",1,Ugz7-4nFLDYNPyVDvot4AaABAg,@mujefioz2665
Ugxbo3wnIbRMM83sDap4AaABAg,5,76,"2026-02-05 11:49:08",@NothingSaja,"Jangan menipu. Cepat atau lambat akan kena karma. Kasihan mosok Anak Istri sendiri dikasih makan uang haram",0,,
Ugxbo3wnIbRMM83sDap4AaABAg.ASqWPysYq_tAT-ke5OX5jx,,0,"2026-02-09 11:14:40",@TehWati-s5wteh,"Saya ngalamin sendiri kemarin untung nya cuma 27 000 rb sekarang kalau bukan COD gak mau bayar ini orang orang dari pihak yg antar paket karena mereka tau no tlp jDi bisa di hubungi,",1,Ugxbo3wnIbRMM83sDap4AaABAg,@NothingSaja
Ugxbo3wnIbRMM83sDap4AaABAg.ASqWPysYq_tAT-rdjfOw5r,,5,"2026-02-09 12:15:48",@HatinFauji,"mana mikir sampai situ kalu orang waras takut bang soalny mereka mikir nya segala macam cara bisa di lakukan supaya menghasilkn cuan",1,Ugxbo3wnIbRMM83sDap4AaABAg,@NothingSaja
Ugxbo3wnIbRMM83sDap4AaABAg.ASqWPysYq_tAT7WVA08VgF,,2,"2026-02-12 11:36:10",@SenangGameArcade5037,"Harus gitu tapi....yah udah tahulah makin marak penipuan njirrrr😂😅😂",1,Ugxbo3wnIbRMM83sDap4AaABAg,@NothingSaja
Ugxbo3wnIbRMM83sDap4AaABAg.ASqWPysYq_tAT8Swzc218q,,0,"2026-02-12 20:24:24",@elisatechnology,"𝐊𝐚𝐝𝐚𝐧𝐠 𝐠𝐰 𝐬𝐞𝐫𝐢𝐧𝐠 𝐠𝐞𝐦𝐞𝐬 𝐠𝐢𝐭𝐮 𝐦𝐚𝐥𝐚𝐡𝐚𝐧 𝐩𝐞𝐧𝐠𝐞𝐧 𝐠𝐰 𝐤𝐞𝐫𝐣𝐚𝐢𝐧 𝐛𝐚𝐥𝐢𝐤 𝐩𝐞𝐧𝐢𝐩𝐮𝐧𝐲𝐚 𝐩𝐚𝐤𝐞 𝐆𝐏𝐓🤣",1,Ugxbo3wnIbRMM83sDap4AaABAg,@NothingSaja
Ugxbo3wnIbRMM83sDap4AaABAg.ASqWPysYq_tATXfu7p2tdx,,0,"2026-02-22 15:27:21",@Irene尤雅,"Nah itu makan b2 ga brani krn haram tp ksh makan keluarga pake uang haram 😂",1,Ugxbo3wnIbRMM83sDap4AaABAg,@NothingSaja
UgxSEokzRtXCOQ-RW4t4AaABAg,0,0,"2026-02-05 11:24:20",@ridingdowntheroad,"ini bukti, orang indonesia itu PINTAR !!!",0,,
UgxYx4NrjZkok2iwJgN4AaABAg,0,0,"2026-02-05 11:23:12",@Feni_Wijayanti,"Gw kurir, pernah pas event tgl kembar sering dapat paket cod fiktif. Gw jg ikutan rugi jg soalnya ngaruh ke target kantor POV kurir simpel aja sih, klo nomer tidak terdaftar di whatsapp 98 persen paket fiktif",0,,
Ugxz5zdfFxL6fD1CQMh4AaABAg,0,1,"2026-02-05 11:12:47",@KristilawatiHadi,"Ngak pesen jangan di trima pul jnt😂",0,,
UgxAzOoqwhK2ct0aSVl4AaABAg,0,0,"2026-02-05 10:55:17",@fifinarini,"Kan sudah lama, biasanya ada yg chat pura2 jadi kurir dan menanyakan apakah paket atas ini betul milik kita ke nomer wa kita, kemudian dikirimilah link untuk cek paket. Kalau di android biasanya bisa masuk kalau di klik, cuman beda cerita biasanya kalau menggunakan iphone, ini berdasarkan pengalaman yaa, (CMIIW). Jadi salah satu keuntungan memakai iphone ya itu dah, bukan karena kebelet iphone.",0,,
UgwhySvDRqAteHGX5S54AaABAg,0,0,"2026-02-05 10:44:01",@Dannoura2083,"Terimakasih infonya, tapi apa g ada perlindungan dari cyber pemerintah.",0,,
UgxYnFcPo1fVlvWLauR4AaABAg,0,0,"2026-02-05 10:34:59",@fezy_chanel3176,"Kalau merasa beli di online. Selalu cek estimasi dan pembayaran kalau pergi tinggalkan pesan orang dirumah berapa yang harus dibayar.Kalau sudah kenal orangnya suruh transfer saja jadi tau sesuai harga apa yg kita beli.",0,,
Ugw7-WZ2t-XGkwc3zmR4AaABAg,0,0,"2026-02-05 10:22:36",@pawsitive2023,"Mankanya blanja Di e-commerce yg top😂",0,,
UgwnZsdDkmMcOnP3X294AaABAg,3,21,"2026-02-05 10:20:47",@freeforall-g6x,"GINI AMAT HIDUP JADI WNI.!!",0,,
UgwnZsdDkmMcOnP3X294AaABAg.ASqMIx4sG9bASuZLGQI0gm,,0,"2026-02-07 01:31:40",@tukijan4047,"Pindah ke Korut bang dijamin jos.",1,UgwnZsdDkmMcOnP3X294AaABAg,@freeforall-g6x
UgwnZsdDkmMcOnP3X294AaABAg.ASqMIx4sG9bASvimDG1tPs,,0,"2026-02-07 12:22:06",@AkwenTkmu,"Kejahatan ada di semua negara. Coba sebut kalau bukan jadi WNI mau jadi warga negara mana? Pasti di sana juga ada orang jahatnya.",1,UgwnZsdDkmMcOnP3X294AaABAg,@freeforall-g6x
UgwnZsdDkmMcOnP3X294AaABAg.ASqMIx4sG9bASwW0tcCDo6,,0,"2026-02-07 19:41:09",@trimeresuruspurpureomaculatus,"Pindah ke Kamboja, Bang.",1,UgwnZsdDkmMcOnP3X294AaABAg,@freeforall-g6x
Ugxs7ZSr-fvgpctW5FR4AaABAg,0,0,"2026-02-05 10:05:13",@silviaalfa-ko4zp,"Orang kok pd jahat"" astagfurullah",0,,
Ugykvs_EFRGIQM9OsUF4AaABAg,0,0,"2026-02-05 09:50:28",@diankirana12,"Sodara ku kena tipu kaya gtu , hampir 4 juta😭",0,,
UgyYBIEq2v6iArVTfXN4AaABAg,1,23,"2026-02-05 09:47:39",@saptomadrid7748,"Gw pernah cod an palsu gw gak mesen apa"" disitu paket ada nama gw,gw tolak lah ngapain gw byar bisa jadi itu narkoba makanya gw tolak gw aja gak mesen apa"" 😂😂",0,,
UgyYBIEq2v6iArVTfXN4AaABAg.ASqIWE-aZgcASvhFgVCjNd,,1,"2026-02-07 12:08:47",@tripujiastuti8084,"Sama dong gak pesen kok ada barang .",1,UgyYBIEq2v6iArVTfXN4AaABAg,@saptomadrid7748
UgyYB_0pf4GS_fpDOpV4AaABAg,0,0,"2026-02-05 09:33:37",@Lembah07,"Hp yang buat belanja on line jangan di pakai untuk m banking, silahkan di pisah, punya 2 hp, yang untuk mbanking, silahkan pakai no ho lain, dan hp yg terpisah ( kusus utk mbanking) . Itu lebih aman.",0,,
Ugw3G8EocOXcWF3Td_J4AaABAg,0,0,"2026-02-05 09:30:23",@barnassafei1468,"jaringan WNI dari kamboja",0,,
UgxS0EkeYa7o6KrEXgd4AaABAg,0,1,"2026-02-05 09:27:52",@sunnsucksse3148,"aq sering dpt kiriman padahal GAK ORDER anèh nya orderan itu bs msk di data base mrk paďahal aq br searching blom lgi checkout",0,,
UgyiOPZ8duApnMcBnal4AaABAg,0,0,"2026-02-05 09:20:25",@MuhammadRivskyVijaya-j1y,"Yang ambil paket kurir di motor siap siap kena hukuman di penjara masikmal 20th dan kena denda 30 juta siap siap aja yah yang suka curi paket di motor kurir bisa hukuman mati kalian",0,,
Ugz11JvA-a94DfjkBcF4AaABAg,1,5,"2026-02-05 09:18:20",@Mollyqilaqila,"Tapi ada pemain juga kek nya sm pihak pengiriman.. Aku pernah belanja di lazada, tb tb orang dari pengirim nya tlp bilang paket anda hilang aku kaget.. Trus aku suru pesen lagi kata.. Ku maki maki aja orang nya aku bilang klo lu gak ganti barang gw yg ilang hari ini atau besok gw ke kantor pusat lazada.. Gw ngamuk di sana.. Eh orang nya ketakutan hari itu juga sore barang ku dateng🤣🤣🤣🤣 tapi yg nganter juga kek orang ketakutan gegara gw ngamuk di tlp🤣🤣",0,,
Ugz11JvA-a94DfjkBcF4AaABAg.ASqF9Ty4eHUASrt6DcciI5,,2,"2026-02-06 00:35:23",@pinkpurple3077,"Wkwk salah lawan kurir nya",1,Ugz11JvA-a94DfjkBcF4AaABAg,@Mollyqilaqila
Ugw-jWajdZRjgjV-Beh4AaABAg,0,0,"2026-02-05 09:06:32",@yadiyasin,"Alhamdullilah pakai si orange si ijo kalau order gak pernah COD COD an. Semua dirumah paham. Amaaaan. Kalau ada yg anter bilang COD langsung call security/polisi 😂",0,,
UgzFlGNFDjkzkwxUDkx4AaABAg,0,0,"2026-02-05 08:52:56",@Syaharmansulthan9371,"Saya hampir kena",0,,
UgyF5P14YA2w2bgGZnl4AaABAg,0,0,"2026-02-05 08:44:58",@JokoPetir-i3t,"Kadang-kadang DC pinjol pun ngaku² kurir minta share lok, biar dapet nasabahnya yg kabur 😂😂😂😂",0,,
Ugx8U8vIo9LZ52M8xTx4AaABAg,0,1,"2026-02-05 08:44:24",@DustInthewind-r5p,"Kalau saya pernah kena modus penipuan penjual...beli barang COD...tapi tidak dikirim2,akhirnya otomatis dibatalkan sistem...ternyata beberapa hari kemudian barangnya malah datang...karena kasihan sama kurir...saya bayar...trus paketnya saya langsung buka...ternyata isinya barang berbeda dan jauh lebih murah dari yg saya pesan...",0,,
UgxWbF1s6GI6kEZN-Gd4AaABAg,0,0,"2026-02-05 08:32:00",@handyboen,"Siapa bilang IQ rata2 org konoha 78 ?? Rata2 IQ sebagian warga +62 itu 153 (sama dengan IQ pak Wowo), tapi dalam hal PENIPUAN",0,,
UgzCoKwIXkwOR6K_pux4AaABAg,2,2,"2026-02-05 08:31:15",@pendekarmabuk,"Gw pernah dapat paket cod fiktif. Gw lgsg curiga krn bukan kurir langganan. Akhirnya gw piting dia. Pas mau gw bawa ke polsek, dia minta damai. Gw bilang pake uang damai, dia ngasih 300rb. Gw minta 500rb. Dia kasih 500rb dan gw lepas. Ada2 aja !!!",0,,
UgzCoKwIXkwOR6K_pux4AaABAg.ASq9lcyj6szASsa4b5Yk5C,,0,"2026-02-06 07:08:23",@SENIORCHIEF,"Kok bisa.. haruse kurir itu nggak tau kalo itu fiktif atau tidak.. karena paket dg resi resmi dan alamat jelas pasti dikirim oleh kurir.. dan itu kewajiban kurir.. saya juga kurir soalnya",1,UgzCoKwIXkwOR6K_pux4AaABAg,@pendekarmabuk
UgzCoKwIXkwOR6K_pux4AaABAg.ASq9lcyj6szASsjEEDQx2a,,0,"2026-02-06 08:28:21",@pendekarmabuk,"​​@SENIORCHIEFdia ngaku dari j** pdhl gw biasa belanja online di shopee pake spx. Nama dan alamat persis sama dg identitas gw. Isi paket katanya hp. Pdhl gw kagak pernah mesen. Dia bilang mgkin bini gw yg mesen pake nama gw krn cod (biar gw yg bayar). Sudah 2x kyk gitu, gw dibilang beli hp. Orang lain coba nipu cosplay jadi kurir, bro",1,UgzCoKwIXkwOR6K_pux4AaABAg,@pendekarmabuk
UgzsUtO65d9qtsU4_A14AaABAg,0,0,"2026-02-05 08:28:31",@nenihe99mbambak61,"iya berita ini benar fakta.",0,,
UgyLhNuqCpcwU2fsHTx4AaABAg,2,20,"2026-02-05 08:12:22",@1924-b8x,"Ada oknum juga di agen pengiriman, dia biasanya ngasi tau jika paket kira tertukar dan diminta ini itu . intinya nguras duit",0,,
UgyLhNuqCpcwU2fsHTx4AaABAg.ASq7bNaL7jUASyilglBDGR,,2,"2026-02-08 16:19:45",@oktaviahapsari3789,"Kami curiga kurir juga ambil andil.. Krn kan COD.. Kok bisa di acc sblm kami bayar, trus dikasih nya pas sekali kirim banyak dijadiin satu pengiriman..",1,UgyLhNuqCpcwU2fsHTx4AaABAg,@1924-b8x
UgyLhNuqCpcwU2fsHTx4AaABAg.ASq7bNaL7jUAT0CycOF6WL,,0,"2026-02-09 15:30:53",@JustTryTaste-u6h,"Betul, pengalaman pribadi saya: ditelp oleh pihak kurir (mayan terkenal ini agennya), mengatakan jika barang yg saya pesan hilang dan akan diganti uang. Barang dan harganya persis dengan pesanan saya 😮. Syarat uang penggantian harus video call yg saya tolak karena sudah curiga scam. Pihak penipu langsung tidak melanjutkan telp dan besoknya paket saya tiba tanpa kurang satu apapun.",1,UgyLhNuqCpcwU2fsHTx4AaABAg,@1924-b8x
UgyhE-zSBXMhYs9O2pB4AaABAg,0,0,"2026-02-05 08:11:03",@nurnur-i9x8k,"aku sudah 2 kali mau ditipu dari kurir palsu kirim barang cod tapi tiba tiba ditelepon suruh anter dulu dua kirim fto pket dn data rasi aku tanya sama kurir langgangan data qta diperjualbelikan sama kurir nakal",0,,
UgxV_2A6zAj1n-56zQJ4AaABAg,0,3,"2026-02-05 08:06:48",@bastariibas5859,"Saya pernah sekali mengalami seperti ini tapi aku chat toko tempat aku memesan.. Dan abaikan",0,,
UgyUVY3Af3yNX9xtSop4AaABAg,0,0,"2026-02-05 08:03:22",@davidsetia3765,"Kalau beli paket mending pakai uang tunai",0,,
Ugx73rOWeIT5wfl5z2R4AaABAg,0,0,"2026-02-05 08:02:37",@SarahSarah-q9e,"Alham selama bertahun2 blanja via online,alhamdulillah semua amanah dn barang realita",0,,
UgwlrrdnsYNgRopLNX94AaABAg,0,0,"2026-02-05 07:48:05",@rajaloabackpacker,"Hati2 bolo",0,,
UgzYcm_SzHbxBLDBLlh4AaABAg,1,6,"2026-02-05 07:47:04",@karsonotriwibowotriwibowo533,"Hati saya pernah mau ketipu pura2 wa saya dari JNE paket tertukar suruh barcode ta cek ternyata penipu,bahaya jangan diurusi klau ada JNE mengatakan paket tertukar dan disuruh pakai qris",0,,
UgzYcm_SzHbxBLDBLlh4AaABAg.ASq4i6QAS0ZAT-tF9eGE4n,,0,"2026-02-09 12:29:47",@ritarubianti7062,"Ninja ekpress jg pernah",1,UgzYcm_SzHbxBLDBLlh4AaABAg,@karsonotriwibowotriwibowo533
UgxUIKOdBiSy6CW2IhZ4AaABAg,0,0,"2026-02-05 07:44:36",@IdaSusilaWati-rr4ri,"Astaghfirullahallaziim... Laahaulawallakuattaillabillah",0,,
Ugw_d0K-Qw7D2ICZDPx4AaABAg,1,2,"2026-02-05 07:37:27",@chiqiyanti2286,"Saya pernah dpt ginian...wkt itu ada iklan utk produk Tupperware... ternyata katanya hrs byr bbrp ratus ribu..setelah ribut dan saya kembali diancam utk dilaporkan k polisi. Sy ancam balik utk laporkan k polisi jg. Mereka takut dn tidak pernah hub lagi. Hati2 dg iklan penjualan tupperware dg harga murah.",0,,
Ugw_d0K-Qw7D2ICZDPx4AaABAg.ASq3b_D29QRASs6OaaEhwm,,0,"2026-02-06 02:40:14",@maheswarisusanto205,"Sa barusan 4 januari 2026 tertipu dgn perabot indah prasmanan 3 jt",1,Ugw_d0K-Qw7D2ICZDPx4AaABAg,@chiqiyanti2286
UgwgXaILelrn-TRy2394AaABAg,0,0,"2026-02-05 07:28:36",@wahyuniyuni2152,"Zaman sekarang maling2 itu pinter .apalagi sekarang semuanya serba dng alat canggih. Klo yg gx paham dan mengerti pasti kena tipu. Buktinya jg msih ada uang di bank otomatis aman tpi msih jg ada berita kena bobol kan aneh. Hny di negara kita Indonesia yg masih trs bnyk maling perampasan perampok begal pembunuhan dimna2 Astaghfirullah. Malas bekerja kepengen enak dpt uang tpi dng jln yg haram.",0,,
Ugx5hgzI24zBuE2T6eh4AaABAg,0,0,"2026-02-05 07:08:13",@PudolSaputra123,"Di Konoha kepintaran otaknya hanya untuk Maling😢",0,,
UgyhHKW8RzjLdljy2394AaABAg,3,7,"2026-02-05 07:03:31",@muhammadaz3133,"Waspada juga dg barang2 yg dijual toko online shoope, 99% penjual menipu konsumen",0,,
UgyhHKW8RzjLdljy2394AaABAg.ASq-j3b0pn0AT-l-F9-tAT,,0,"2026-02-09 11:17:42",@jihanjihan9336,"Banyak di fb.",1,UgyhHKW8RzjLdljy2394AaABAg,@muhammadaz3133
UgyhHKW8RzjLdljy2394AaABAg.ASq-j3b0pn0AT7cCqRY5jA,,1,"2026-02-12 12:34:50",@NurJanah-oh3vk,"Iya banyak nipu yg dipamer bagus 2 trus dibeli. Ee.barang datang KY pakean bekas",1,UgyhHKW8RzjLdljy2394AaABAg,@muhammadaz3133
UgyhHKW8RzjLdljy2394AaABAg.ASq-j3b0pn0AWIkHF2i4N8,,0,"2026-05-02 09:51:10",@milaonly186,"Ga lengkap isinya jg pernah. Ga mau refund kalo nda ada video unboxing",1,UgyhHKW8RzjLdljy2394AaABAg,@muhammadaz3133
UgzaOL0g4avxG4YSHXF4AaABAg,0,15,"2026-02-05 07:03:23",@mrjoranpoh5640,"Perpaketan cod sekarang di susupi siber",0,,
UgxNAcmNbw1uaCewOrJ4AaABAg,0,0,"2026-02-05 06:44:43",@isbudaya3850,"Bgmn Komdigi...gsk berdaya...BLOKIR dong....",0,,
UgxxE3YbvfD9Oyl5jdp4AaABAg,0,2,"2026-02-05 06:27:32",@PakDe5691,"Inilah dampak dari lemahnya Hukum di Negeri ini .. banyak sekali oknum2 yg memanfaatkan kelemahan Hukum untuk MENIPU orang lain .. Banyak kejadian korban kemalingan kehilangan penipuan lapor pada Penegak Hukum malah diperas lagi sama oknum Aparat Hukum ..",0,,
UgznfT0pJDo9Pub8kr54AaABAg,0,0,"2026-02-05 05:47:54",@suwdewal4991,"Laporan via wa jh gk ditanganin, padahal udh termasuk pencurian tpi di wa no'a msh beraktifitas",0,,
UgyZ4mdj2Kgkl1yoQ0d4AaABAg,0,0,"2026-02-05 05:47:51",@Boby69-r9p,"Kemarin habis kena tipu beli tabung gas lewat FB dan dia kerja sama dgn mitra lapak,jual tabung gas kosong 100rb sy beli 2tabung gak tau uang sy disedot dibelinya pulsa didlm itu langsung sy kunci dan untung di ewalet hanya ad 250rb.dan itu dikuras habis sm sipenipu itu🤲🏼🙂.",0,,
Ugzog7hBwgQdPOrOa1B4AaABAg,0,0,"2026-02-05 05:39:09",@macadamia8511,"Lapor polisi juga percuma",0,,
Ugxm28oepZx01Sk_T3d4AaABAg,0,0,"2026-02-05 05:02:42",@HadinataMangdek,"Kenapa makin banyak peniouan belanja ini ya? Apa pemerintah blokir saja semua aplikasi belanja online ini?",0,,
UgyBlWsE-FSjYQv3xUB4AaABAg,0,9,"2026-02-05 04:59:11",@rifurifu929,"Pelaku penipuan pencurian secara cyber klo ketangkep hukumannya dibuat seumur hidup ajah biar kapok si pelaku.",0,,
UgxkO7YwEy6CaRFe_rZ4AaABAg,8,183,"2026-02-05 04:58:06",@rezika9166,"Kalo ga ngerasa pesen ga usah terima paketnya, dan please gess jangan sembarangan ngeklik link apapun percayalah dunia sudah tidak bersahabat, terlalu banyak rekayasa,tetap waspada. 👍",0,,
UgxkO7YwEy6CaRFe_rZ4AaABAg.ASpmNY-IfD_ASslx9MQJq7,,1,"2026-02-06 08:52:05",@VIRRAVIRRA-85,"Pernah skali...saya tanya isi apa...katay bru...saya gk mmesan......",1,UgxkO7YwEy6CaRFe_rZ4AaABAg,@rezika9166
UgxkO7YwEy6CaRFe_rZ4AaABAg.ASpmNY-IfD_AT-jxoVHNCU,,0,"2026-02-09 11:08:38",@TehWati-s5wteh,"Pernah aku kemarin cerita nya aku pesan barang di lazada, seperti biasa bayar COD tapi tiba-tiba ada wa dari JNE bahwa paket harus bayar lewat transfer baru di Terima kemarin nya sempat saya gak mau transfer tapi besok nya di kirim tapi malem saya coba transfer di paket nominal yg harus di bayar 26814 tapi saya transfer 27000 rb di kertas jadi 29 rb. Setelah saya memberitahukan kt nya di sini tidak terdeksi suruh bayar lg dengan nominal angka yang di paket tapi saya gak mau karena takut kt saya udah saya gak mau transfer gpp gak usah di kirim, tapi orang itu suruh saya bikin no rekening gitu saya gak mau saya udah di tipu ini langsung saya tutup sekarang paket dateng harus bayar kt tukang paket jangan transfer teh itu mau nipu, sekarang saya hapus aplikasi lazada sekarang tiktok kalau suruh transfer lg saya gak mau mending gak usah di ambil aja kalau misalnya seperti itu. Kalau pun mau bayar yg tertera di aplikasi tiktok nya mungkin seperti itu . Hati hati yah buat yg suka belanja online.",1,UgxkO7YwEy6CaRFe_rZ4AaABAg,@rezika9166
UgxkO7YwEy6CaRFe_rZ4AaABAg.ASpmNY-IfD_AT217enfoEG,,4,"2026-02-10 08:25:52",@yokowasis,"Target nya adalah orang rumah. Yang ndak tahu apakah benar ada yang pesan barang. Apalagi kalau yang punya rumah sering pesan paket tapi sering tidak ada di rumah. Kan ndak mungkin juga tiap ada paket datang, telepon apakah benar ada pesan.",1,UgxkO7YwEy6CaRFe_rZ4AaABAg,@rezika9166
UgxkO7YwEy6CaRFe_rZ4AaABAg.ASpmNY-IfD_AT4t3qYZe5R,,0,"2026-02-11 11:04:26",@Surtikantii,"@yokowasisq jg hampir tiap hari ada paket,tp sistem cod,ada barang ya bayar,gtu aja,no ribet,klo mau pergi pesen ke tetangga yg masih saudara buat nerima paketnya & ditinggalin duitnya",1,UgxkO7YwEy6CaRFe_rZ4AaABAg,@rezika9166
UgxkO7YwEy6CaRFe_rZ4AaABAg.ASpmNY-IfD_AT9OJyHD7u5,,5,"2026-02-13 05:03:13",@memed-dfrekuensi,"​@Surtikantiigagal paham kah anda? Maksudnya orang lain bayar duluan karena sudah jadi KEBIASAAN ada paket datang langsung bayar, padahal PENIPUAN dan yg bersangkutan tidak ada pesan paket.",1,UgxkO7YwEy6CaRFe_rZ4AaABAg,@rezika9166
UgxkO7YwEy6CaRFe_rZ4AaABAg.ASpmNY-IfD_ATEc7EnNKQZ,,0,"2026-02-15 05:48:45",@azizahnur8164,"Alhamdulillah untungnya sya punya pengantar paket 2 orang itu2aj jdi dah kenal banget karna sya jg hampir tiap hari ada paket malah pernah ada paket TPI dri tiktok sementara sya g pernah belanja ditiktok SM Abang yg biasa ngantar paket g dikasih ambil ktanya batalin aj karna malah dia yg duluan curiga KTA kayanya ibu blm pernah dah paketnya dri tiktok gtuh lumayan cod 100rbu pernah jg ada paket nyasar kesaya TPI obat asam urat sya dah bayar karna cod pas sya liat kok alamatnya bukan sya trus besoknya sya blng bng ini bukan obat sya cb cari alamatnya kasian takut dia dah nunggu lgi sakit gpp uangnya nanti KLO dah ketemu dia bayar Bru kasih sya Alhamdulillah ketemu trus uang sya dikembalikan SM kurirnya mkny ay kalo ada kembalian 1000 atau lebih sya suka buat kurir aj abis kurirnya amanah2 malah KLO cod dia g punya kembalian atau sya g ada ada anak sya g bsa bayar cidnya mereka percaya barang tetep dikasih anak nanti sore apa kapan die sempet baru minta Kesya",1,UgxkO7YwEy6CaRFe_rZ4AaABAg,@rezika9166
UgxkO7YwEy6CaRFe_rZ4AaABAg.ASpmNY-IfD_ATPRAqciX6j,,0,"2026-02-19 10:36:02",@YuliHariyanto-sy8wk,"Baru tadi pagi bapak gua kena cod paket bodong,gak merasa pesan tapi datang barang,tapi males yg mau debat sama kurirnya,ya dibayar aja wes,nominal nya juga gak begitu besar sih....barangnya juga bisa dipake juga😅",1,UgxkO7YwEy6CaRFe_rZ4AaABAg,@rezika9166
UgxkO7YwEy6CaRFe_rZ4AaABAg.ASpmNY-IfD_AU4MfKy3Gw2,,0,"2026-03-08 02:43:59",@hasanah4172,"Trimksh sarany sangat bermamfaat 👍",1,UgxkO7YwEy6CaRFe_rZ4AaABAg,@rezika9166
Ugz5f1WPxM8iJnAMYXF4AaABAg,0,0,"2026-02-05 04:55:25",@Herniwati-nl1sv,"Waah... Bahaya jg ya.... Gimana nih....",0,,
Ugyx7J8di8mgL1fFvoZ4AaABAg,0,0,"2026-02-05 04:35:32",@IisK-np7fs,"Aku prnh ngalami😢😢😢😢😢,,,g ada yg psn tp hrs byr pesenan GOIB😡🤦",0,,
Ugyw7v36381z_OntMBF4AaABAg,2,1,"2026-02-05 04:34:29",@srisundari2857,"3 kali cod suruh transfer dulu bng otw dikirim..ditunggu smpai mlm brng tak dtng😢",0,,
Ugyw7v36381z_OntMBF4AaABAg.ASpjfYGPECdAT22k93WSHH,,0,"2026-02-10 08:40:00",@jalijalitheng9904,"COD kok disuruh transfer uang dulu baru barang dikirim.?",1,Ugyw7v36381z_OntMBF4AaABAg,@srisundari2857
Ugyw7v36381z_OntMBF4AaABAg.ASpjfYGPECdAT2HjQ5gUVh,,0,"2026-02-10 10:50:59",@srisundari2857,"​@jalijalitheng9904 posisi pas tdk di rmh..katanya otw😢",1,Ugyw7v36381z_OntMBF4AaABAg,@srisundari2857
UgyvvBAKU-P--m5wsvt4AaABAg,0,0,"2026-02-05 04:23:47",@nikomangmerly7993,"Hanya Tuhan saja juru selamat.",0,,
UgybpNOCw8BIUHZdsBp4AaABAg,0,0,"2026-02-05 04:21:38",@ainayamauchi7158,"saya pembayaran jarang COD, kalaupun COD saya selalu transfer ke kurirnya . Karena sudah langganan jadi tau siapa siapa aja kurirnya.",0,,
UgzJC9dJgNF_RvI6A214AaABAg,0,0,"2026-02-05 04:08:15",@meisivaa,"buat jaga” kalo pesan paket pembayaran COD bilang dlu ke org rumah , barangnya apa , total brp . Jadi, kalo barang yg datang selain itu jangan mau dibayar . SS aplikasi kalo memang ga ada pesan barang tersebut . Kalo saya gitu sebelumnya , kalo ada barang paket yg dateng akan tetap kekeh ga bayar karna saya tidak pesan barang nya . Semoga membantu makasih 😊",0,,
UgxSmzN2Z7g4jOzT4C14AaABAg,0,0,"2026-02-05 03:58:33",@Kusmanto-j2n,"Terus pesan daster dan datang oyk oain kayu..",0,,
UgztBSgGyJuEllAPRq94AaABAg,1,0,"2026-02-05 03:57:51",@Kusmanto-j2n,"Saya sudah berapa kali..cod tapi kosong di dalam ..169000.",0,,
UgztBSgGyJuEllAPRq94AaABAg.ASpfU97XYAOASq0dM5OGX5,,0,"2026-02-05 07:11:28",@Chiuph,"Pake cod cek dulu, shopee",1,UgztBSgGyJuEllAPRq94AaABAg,@Kusmanto-j2n
UgzETNyzjAQJb7QOqRp4AaABAg,0,0,"2026-02-05 03:50:51",@SitiLaila-j7l,"Sama saya juga pernah, sama kurir palsu katanya barang yang saya pesan tertukar sama mainan jadi saldonya mau dibalikin, karena saya belum tau jadi gk curiga, kurir palsu ngasih kode IQIRIS saya masukin tuh ke rekening, tapi lagi² masih dilindungi sama allah Brimo saya saldonya cuma 30 ribu alhasil gagal terus, dan kurir palsu pun nyuruh saya lewat dana dan untung nya saya gk punya dana,setelah itu saya langsung cerita sama teman dan katanya temen saya pernah juga itu penipuan katanya kalo ada uang di rekening itu kode buat ngambil uang",0,,
Ugz0G9AW9GgJ3IV8R0p4AaABAg,0,0,"2026-02-05 03:42:09",@Ice-s6q9t,"Makanya saya berhenti beli onlane setelah harus pake bank klw masih pake COD saya beli.tapi sekarang sudah stop da lg beli onlane🤷‍♀️",0,,
UgzF--0hrGny9iNX2jR4AaABAg,2,16,"2026-02-05 03:32:45",@ShrSuhartopwr,"Nggak usah beli lewat online paling aman",0,,
UgzF--0hrGny9iNX2jR4AaABAg.ASpcbLj8F-yATPAGMnpxCn,,1,"2026-02-19 08:08:14",@LeoTeguh-x3c,"Aku aman sih...kan.sllu aku tracking",1,UgzF--0hrGny9iNX2jR4AaABAg,@ShrSuhartopwr
UgzF--0hrGny9iNX2jR4AaABAg.ASpcbLj8F-yAU1bknFfa9q,,0,"2026-03-07 01:06:49",@Nutaku-g3i,"setuju. beli datang langsung ke toko",1,UgzF--0hrGny9iNX2jR4AaABAg,@ShrSuhartopwr
Ugw9FwkcVzakcePSCbR4AaABAg,1,4,"2026-02-05 03:03:10",@conmanon,"Dampak banyaknya lulusan IT tidak terserap ke dunia kerja formal ilmunya dipraktekan ke hal negatif akan banyak lagi modus baru",0,,
Ugw9FwkcVzakcePSCbR4AaABAg.ASp_DjUCRbsASylWFTut2l,,0,"2026-02-08 16:43:43",@Manicbrooh88,"Sengaja bruhh elite indonesia ini supaya dia dapat duit",1,Ugw9FwkcVzakcePSCbR4AaABAg,@conmanon
UgyzsLgJK2sxNl3ryah4AaABAg,0,0,"2026-02-05 03:02:46",@fatmariski21,"Kemaren ada paket COD dari Tiktod..atas nama suami...padahal suami gak punya tiktod...untungnya kurirnya udah kenal jadi pas nganter aja udah ragu...langsung bilang retur aja ya mas soalnya lagi banyak kaya gini",0,,
UgxZ3yfc_HNXwRAuJgx4AaABAg,1,4,"2026-02-05 02:36:52",@ganangmk4729,"MENTERI SEGITU BANYAK NGGA ADA YG DITUGASI, WAH 😢",0,,
UgxZ3yfc_HNXwRAuJgx4AaABAg.ASpXD0UKvMzASyhRqfbeoh,,0,"2026-02-08 16:08:10",@funfact1789,"Lu aja yg jadi menteri",1,UgxZ3yfc_HNXwRAuJgx4AaABAg,@ganangmk4729
UgxaMxIujsD5g7PAgtl4AaABAg,1,8,"2026-02-05 02:02:48",@MuhammadYusuf-zi1ys,"Dulu pernah ngalamin ini,tapi saya sadar ini penipuan saat dia minta no rek dengan alasan untuk mencocokkan data, langsung tlp saya tutup...",0,,
UgxaMxIujsD5g7PAgtl4AaABAg.ASpTJZlYySfASqNet8ZNwa,,1,"2026-02-05 10:32:40",@rickyredfield5228,"Gue sih kalo ada yg nanya no rek bank sgt jelas besar sekali kemungkinan penipuan. Org kasih link saja rentan bgt penipuannya.Shgga kita harus benar2 teliti sblm terjadi hal gak diinginkan",1,UgxaMxIujsD5g7PAgtl4AaABAg,@MuhammadYusuf-zi1ys
Ugz68mbPKsPDrlSsC8d4AaABAg,0,0,"2026-02-05 02:00:57",@tugiman1341,"*Kadang tidak sesuai dengan gambar*",0,,
Ugxu6A302qJlieW9Txd4AaABAg,9,11,"2026-02-05 01:52:37",@arianto6446,"Sy jg pernah ngalamin itu..d wa paket tertukar..lalu d minta untuk scan barcode yg dkriim ke wa.. untungnya sy konfirmasi dlu ke seller..kt nya tdk ada mslh pengiriman.akhrnya sy blok tuh si penipu.. Alhamdulillah masih d selamatkn dr oknum2 penipu.. Kalian hati2 gaes...",0,,
Ugxu6A302qJlieW9Txd4AaABAg.ASpS8zoExoyASps_qAFhz0,,1,"2026-02-05 05:52:21",@Verasyafiaveronica,"Mks kak sudah brbgi pengalaman...",1,Ugxu6A302qJlieW9Txd4AaABAg,@arianto6446
Ugxu6A302qJlieW9Txd4AaABAg.ASpS8zoExoyASq7KZBSP8B,,0,"2026-02-05 08:09:56",@DesiRahman-cr8cb,"Aku juga gini sama kejadiannya ka",1,Ugxu6A302qJlieW9Txd4AaABAg,@arianto6446
Ugxu6A302qJlieW9Txd4AaABAg.ASpS8zoExoyASq7hKDFs5J,,1,"2026-02-05 08:13:11",@Verasyafiaveronica,"​@DesiRahman-cr8cbkrn zmn sulit ya kak jd bnyk org² jahat g punya hati...",1,Ugxu6A302qJlieW9Txd4AaABAg,@arianto6446
Ugxu6A302qJlieW9Txd4AaABAg.ASpS8zoExoyASq8IBSm56L,,0,"2026-02-05 08:18:21",@DesiRahman-cr8cb,"​@Verasyafiaveronicabaru 2 hari kemaren kejadiannya. Kayanya modus baru😅",1,Ugxu6A302qJlieW9Txd4AaABAg,@arianto6446
Ugxu6A302qJlieW9Txd4AaABAg.ASpS8zoExoyASq8avjS6JS,,0,"2026-02-05 08:21:03",@Verasyafiaveronica,"​@DesiRahman-cr8cbyaa Allah kak, truz kk kebobolan gtoo ...?",1,Ugxu6A302qJlieW9Txd4AaABAg,@arianto6446
Ugxu6A302qJlieW9Txd4AaABAg.ASpS8zoExoyASq9KJp9VTk,,0,"2026-02-05 08:27:23",@DesiRahman-cr8cb,"​@Verasyafiaveronicaenggak. Aman. Kan udah tau pasti ini penipuan.",1,Ugxu6A302qJlieW9Txd4AaABAg,@arianto6446
Ugxu6A302qJlieW9Txd4AaABAg.ASpS8zoExoyASq9ew96tC0,,0,"2026-02-05 08:30:20",@Verasyafiaveronica,"​@DesiRahman-cr8cbalhamdulillah yaa Allah... Smoga sll dlm lindungan kk... Slam hangat dr Bekasi...",1,Ugxu6A302qJlieW9Txd4AaABAg,@arianto6446
Ugxu6A302qJlieW9Txd4AaABAg.ASpS8zoExoyASqI8oOsWfQ,,1,"2026-02-05 09:44:27",@arianto6446,"​@Verasyafiaveronicabetul.. ekonomi sulit..byk pengaguran..jd byk lah kejahatan dmn2.. pemerintah dn pejabat malah asik dgn segala bonus dn tunjangan...kita rakyat tidak d pedulikan..",1,Ugxu6A302qJlieW9Txd4AaABAg,@arianto6446
Ugxu6A302qJlieW9Txd4AaABAg.ASpS8zoExoyASqN_j__kUQ,,0,"2026-02-05 10:31:57",@Verasyafiaveronica,"​@arianto6446bnr bgd itu mas... 😢😢😢 sehat² waras buat kita semua mas...",1,Ugxu6A302qJlieW9Txd4AaABAg,@arianto6446
Ugw-ikIlfaxv5_sknrh4AaABAg,0,3,"2026-02-05 01:46:20",@aross5183,"Pengalaman mngalami paket gagal kirim namun terdeteksi dari WA dan telpon namun dapat di gagalkan setelah cek ulang",0,,
UgxE8aXji5PuUW-F2x94AaABAg,3,8,"2026-02-05 01:38:05",@julyani7561,"Yang paling banyak dari jnt cargo, dengan alasan paket ketuker",0,,
UgxE8aXji5PuUW-F2x94AaABAg.ASpQUTMzwITASpa4CVOdp9,,0,"2026-02-05 03:10:37",@laurennuniwahyuni1924,"Benar saya juga pernah dpt wa mengaku dari jnt dan paket tertukar.. untung nya wa di setting kalau da wa dari no bukan kontak kalau kita buka pengirim tidak tau pesan telah dibaca.. saya langsung block krn tau itu penipuan",1,UgxE8aXji5PuUW-F2x94AaABAg,@julyani7561
UgxE8aXji5PuUW-F2x94AaABAg.ASpQUTMzwITASpqpYOXxB0,,0,"2026-02-05 05:37:01",@macadamia8511,"​@laurennuniwahyuni1924caranya gimana mba bulan lalu saya juga kena ludes uang saya",1,UgxE8aXji5PuUW-F2x94AaABAg,@julyani7561
UgxE8aXji5PuUW-F2x94AaABAg.ASpQUTMzwITATbiLwT5W7s,,0,"2026-02-24 14:24:58",@ekaapriyani5197,"Anteraja juga",1,UgxE8aXji5PuUW-F2x94AaABAg,@julyani7561
UgykEKIh_cu-GukOhj14AaABAg,1,3,"2026-02-05 01:27:27",@IndrianiPuspaNira,"Baru aja neh kejadian paket Cod dtg kerumah dgn almat jelas alamat rumah saya pdhl saya tidak pesan barang tsb, baju anak umur 7thn pdhl saya g punya anak umur segitu. Ini dah 2x begitu.",0,,
UgykEKIh_cu-GukOhj14AaABAg.ASpPG_QI0a1ASpYCX28In_,,2,"2026-02-05 02:45:32",@PuputKoto,"kalo saya paket makanan, berkali-kali kalo saya jahat ya saya ambil aja makanannya, tp saya males kalo diganggu kurir pengantar makanan kalo makanannya udah di eksekusi , alhasil saya tolak tegas",1,UgykEKIh_cu-GukOhj14AaABAg,@IndrianiPuspaNira
UgxxfZqRtgwmw6zIoWR4AaABAg,0,0,"2026-02-05 01:26:33",@FlowersFlowersFlowersFlowe-d7e,"Bangsat.gimana indonesia bisa maju penjahat penipu di semua.tempat",0,,
UgxJj6H2q1Ui3lO-f0V4AaABAg,0,0,"2026-02-05 01:25:47",@fitafitriafitri351,"Aku pernah d d WA sama shopee bintang biru katanya ada yg coba bobol shopee pay ku,,,g lama ada yg nelpon pake nomer lain mengatas nama kan shopee blg ini itu,,,ku cuekin aja krna shopee pay g knp2,,,,jd kaya ada permainan org dalam juga",0,,
Ugyx8h4s0vofVG0hTJB4AaABAg,1,1,"2026-02-05 01:25:40",@susantosalim9217,"Beli celana panjang dikasih celana pedek bekas llagi",0,,
Ugyx8h4s0vofVG0hTJB4AaABAg.ASpP3bxV7KKASpYbtfhtW2,,0,"2026-02-05 02:49:08",@PuputKoto,"ya tinggal di komplain, jangan klik terima pesanan , banyak orang awam malah klik pesanan selesai, trus marah2 di review, sangat tidak etis 😂",1,Ugyx8h4s0vofVG0hTJB4AaABAg,@susantosalim9217
UgwRmVF_6ewr0OEfFcV4AaABAg,0,1,"2026-02-05 01:23:17",@Rezaaaf16,"Intinya hal yang menyangkut pribadi jangan sampai orang lain tau",0,,
Ugxl4g-mg6s5PrtGL0p4AaABAg,0,0,"2026-02-05 01:05:16",@IbuKeny-m7s,"Loooo wedeni",0,,
UgwyT4xTVyX-xySNgCh4AaABAg,0,0,"2026-02-05 01:00:07",@punggawapung5224,"Sekarang banyak manusia berhati anjing",0,,
UgxNHUezEsBOg3IiWyF4AaABAg,0,0,"2026-02-05 00:53:57",@DriverSetan,"MAKANYA JANGAN BELANJA ONLONE !!!! HAHAHAHA. GUE ENGGA PERNAH BELANJA ONLINE, JADI GUE TENANG AJA.",0,,
UgxOwmCB2iPy7xatm1N4AaABAg,0,3,"2026-02-05 00:40:37",@lilispurnawati2015,"Kerja susah banyak penipu",0,,
Ugx4AWY0976x_5dRKF94AaABAg,0,1,"2026-02-05 00:24:10",@fitrianapujilestari1821,"kalo gitu g ush belanja online lagi dah. serem.apa2 penipuan Mulu. gimana mau maju nih negara",0,,
UgzyTpJqU555ZljeWWR4AaABAg,0,0,"2026-02-05 00:00:02",@emilaksitarini,"Sayangnya gw kalau ada paket pasti tau gw lagi beli apa, kalau gak lagi beli apapun & ada paket datang pasti gw konfirmasi, rata2 paket salah alamat, dan org rumah pun udah gw wanti2, jd gw pesen dulu, jd gak akan salah terima. InsyaAllah stay aware aja",0,,
UgzJ7hpLDmF4a-O6x2Z4AaABAg,0,0,"2026-02-04 23:32:02",@hidayahdiesel5879,"Free falestina...",0,,
Ugycb-_bIe-COe1KAaN4AaABAg,0,0,"2026-02-04 23:19:16",@denysusandy3084,"Udah ada yg ditangkap ? Katanya banyak. 😂😂😂",0,,
Ugyd0guhoESmdfbzWJF4AaABAg,0,0,"2026-02-04 23:10:53",@livebetterguys,"Intinya kalo belanja jangan COD Laaah. Hanya beli di toko terpercaya. Dan pake asuransi bila barangnya bernilai tinggi & rawan rusak",0,,
Ugx_5V60wOIdCj7bmhh4AaABAg,1,36,"2026-02-04 23:03:13",@EmakMilenia2120,"Blm jadi pejabat sdh tiputipu... jadi rakyat sdh korup. 😂😂",0,,
Ugx_5V60wOIdCj7bmhh4AaABAg.ASp8lGTCOyAATRRwxZIYxj,,1,"2026-02-20 05:21:13",@adjiariono9507,"Lha emang pejabat dan rakyat di negeri ini dah ada sifat dasar korup.. jd nga usah heran klo ada pejabat korup",1,Ugx_5V60wOIdCj7bmhh4AaABAg,@EmakMilenia2120
UgxJBRCziItIV0N-WSd4AaABAg,0,0,"2026-02-04 23:00:53",@zusepmulyanto8586,"Saya juga dapat kena",0,,
Ugw3FY3ObKHWo6RSghl4AaABAg,0,0,"2026-02-04 22:55:53",@satriohadiprabowo8737,"untuk kasus paket tertahan di polisi mudah solusinya cukup chat cs marketplace minta info lengkap paket anda posisi sedang dimana saat ini karena mbak cs lebih terpercaya drpada kurir . Jgn tanya ekspedisi kurir takutnya mereka udh merencanakan. Solusi untuk masalah yg paket cod nyasar mending belinya paketnya pakai Paylater 😂aja 😂. Atau GK pakai TF bank😂. Kalaupun terpaksa cod harus konfirmasi sama orang rumah bahwa cod harus jelas harga dan jenis barangnya apa yg akan DTG kalau perlu nmr resi diberitahu ke orang rumah juga. Untuk apk cek resi . solusinya cek resi di google aja jgn pakai apk yg tak jelas asal-usulnya. Atau cek resinya pakai mbak cs di marketplace nya langsung.",0,,
UgyeL8B1R7G7HNUyz9F4AaABAg,0,3,"2026-02-04 22:51:58",@NurvinaNurvina-t4w2c,"Maling ...maliing..berada di mn2..bsik yg keliatan terang2an dan yg trselubung..trus klo lewat paker saja bisa dimaliiing..bsiknya gimn kita biar bs belanja yg hemat waktu selain paket ?..hayo dong petugas keamanan lewt online mencati solusinya ..agar tidak nangkrut pedagang omline..siapa yg tidak takut belanja cod terutama..gk ada yg mau belanja klo malah ditipu..semuanya lg..bener2 ..dajjal..!!",0,,
Ugyy6PeExVzQwOFCT1t4AaABAg,0,30,"2026-02-04 22:39:16",@andirijal9033,"Banyak penipuan cod, utamanya di grup makassar dagang penjualan motor cod, dengan dalih motor bekas ada di luar daerah dan akan dikirim cod, hati-hati.",0,,
Ugw9Azd4sHGX59J30kR4AaABAg,0,3,"2026-02-04 22:29:07",@sulisningsih4465,"2 kali ... Kena tipu....mugi2...sing nipu...oleh..karma dari Allah SWT....Aamiin...",0,,
Ugx7z4qWGdEEI7dfpoZ4AaABAg,0,0,"2026-02-04 22:20:22",@aprianisusi8936,"Hampir tertipu dgn modus no 3",0,,
UgyLxLnSv5Aex29mr6V4AaABAg,1,1,"2026-02-04 21:31:35",@Nur_Alvi90,"Ciri-ciri nya persis sama saya prnah tertipu katanya paket tertukar itu dari lazada.. dan bodohnya saya nurut aja karna kirain BNR tertukar dan dana saya terkuras walopun TDK bsr TPI sakit hati aja 😢😢",0,,
UgyLxLnSv5Aex29mr6V4AaABAg.ASozH86yvlcASpqKqmfFXc,,0,"2026-02-05 05:32:41",@macadamia8511,"Saya baru bulan lalu mba kena abis uang saya, lazada juga dan JNE, lazada dichat csnya lagi laporan dia nyudutin Mulu trs tiba2 chat dikeluarin besoknya akun lazada saya udah di loh out",1,UgyLxLnSv5Aex29mr6V4AaABAg,@Nur_Alvi90
UgyhX9MgidjFW9ErVeB4AaABAg,0,0,"2026-02-04 21:25:03",@aceks8894,"aq Pernah ini Pas belanja di LAZADA,, kurir NINJA dia ngaku PAKET tertukar,, di kira aq mudah di tipu,, aq bilang biar aj paketnya salah nanti kalau datang tinggal aq ajukan return lewat aplikasi,, dan dia bilang juga biar gak rugi di kirimi aq barcode pengembalian uang,, aq kirimi balik dia barcode aq punya,, biar dia tf,, akhirnya penipu itu ngalah sendiri",0,,
UgymeFenMBMKODqA38R4AaABAg,4,23,"2026-02-04 20:16:15",@tory2yakichannel678,"kalau aku dapatnya gak kek gitu.. kenal teman ditinder ngaku kirim barang terus dia kasih no resi palsu seolah olah untuk meyakinkanku.. bilangnya esok barang sampai.. aku cek tuh no resi memang atasnamaku hanya yg membuat pertanyaan kenapa pakai nomor si pelaku bukan nomorku. cuma aku ga kenal ya gak direspont setelah esok hari ada tuh yg tlp dr beacukai karena paket tertahan. nah logikaku jalan kalau paket tertahan ya pasti beacukai ga akan bisa hubungi saya karena nomor tlp tertera pakai nomor sipenipu nah berarti sikomplotan beacukai masih satu genk sama sipelaku. logikaku berjalan lg.. paket dari luar negeri ga akan sampai 1 hari bisa seminggu kadang lebih durasinya tergantung wilayah negara masing masing..",0,,
UgymeFenMBMKODqA38R4AaABAg.ASoqeJA1w6vASpLjSNhnU_,,1,"2026-02-05 00:56:34",@DriverSetan,"MESKI ELU PINTER,TAPI TETAP AJA ELU HAMPIR DI TIPU...",1,UgymeFenMBMKODqA38R4AaABAg,@tory2yakichannel678
UgymeFenMBMKODqA38R4AaABAg.ASoqeJA1w6vASpPbrx2Z-y,,9,"2026-02-05 01:30:29",@delimaatmanegara5471,"​@DriverSetanemng dia bilang dia pinter..?? Dia kan cuma cerita...",1,UgymeFenMBMKODqA38R4AaABAg,@tory2yakichannel678
UgymeFenMBMKODqA38R4AaABAg.ASoqeJA1w6vASppavpx1n2,,3,"2026-02-05 05:26:17",@giffyaniarnoldi,"Kenalnya di tinder sih? Jgn percaya siapapun yg dikenal dari situs online apapun",1,UgymeFenMBMKODqA38R4AaABAg,@tory2yakichannel678
UgymeFenMBMKODqA38R4AaABAg.ASoqeJA1w6vAT21TvPorPH,,1,"2026-02-10 08:28:55",@jalijalitheng9904,"​@DriverSetankalau nggak pinter dia sdh tertipu.....😊",1,UgymeFenMBMKODqA38R4AaABAg,@tory2yakichannel678
Ugxk3lAj7Kub2QSYHmp4AaABAg,3,21,"2026-02-04 18:31:52",@Fauzan_Ilyas,"Saya pernah juga hampir kena penipuan, dia membilang bahwa paket saya tertukar sama orang lain dan katanya saya suruh screenshot barang yang saya pesan dan setelah itu saya dikirimkan kode QR, Alhamdulillah saya tersadar dan langsung memblok orangnya",0,,
Ugxk3lAj7Kub2QSYHmp4AaABAg.ASoehrfEGjHASq7EANlkGD,,2,"2026-02-05 08:09:04",@DesiRahman-cr8cb,"2hari lalu aku di wa juga sama ka kejadiannya kaya gini. Ladenin aja aneh langsung paham siih ini penipuan. Sama banget dya minta sc pesanan untuk pengembalian dana..",1,Ugxk3lAj7Kub2QSYHmp4AaABAg,@Fauzan_Ilyas
Ugxk3lAj7Kub2QSYHmp4AaABAg.ASoehrfEGjHASqAN1H8VLF,,1,"2026-02-05 08:36:29",@rifkiuciha731,"Betul bang sama kemaren juga saya begitu",1,Ugxk3lAj7Kub2QSYHmp4AaABAg,@Fauzan_Ilyas
Ugxk3lAj7Kub2QSYHmp4AaABAg.ASoehrfEGjHASqFwmMgBXB,,6,"2026-02-05 09:25:12",@Mollyqilaqila,"Iyah aku juga kak.. Itu di lazada dia ngaku orang dari J&T aku tiba tiba di tlp kata nya barang aku ilang, ketuker sm orang lain.. Waaaah seketika aku ngamuk, aku bilang goblok lo kerja nya apa? Kenapa barang gw bisa salah kirim ke orang, gw kga mo tau ganti skrng juga barang gw yg ilang, trus dia pura pura minta no rek.. Aku bilang kaga ada urusan sm kurir klo barang gw ilang gw minta nya ke lazada, klo lo gak ganti barang gw yg salah kirim itu hari ini atau besok gw ngamuk ke kantor lazada, kta yg tlp jngn bu jngn penipu nya ketakutan..🤣🤣🤣🤣 Eeeeh selang berapa jam barang aku dateng, karna itu kandang kucing yaa yg anter kan pake mobil, tapi kurir nya juga kek ketakutan gitu.. Aq jadi curiga sm pihak pengiriman sih jangn jngan.. 🤔",1,Ugxk3lAj7Kub2QSYHmp4AaABAg,@Fauzan_Ilyas
Ugwd8miwIXA65GB2Rrd4AaABAg,4,29,"2026-02-04 15:19:08",@EtherQueenn,"Yang nomor 4 pernah terjadi,. Tapi sebelum nya saya selalu ingatkan semua orang di rumah nggk akan pernah COD jadi klo ada yang ngaku COD tolak smuanya😂",0,,
Ugwd8miwIXA65GB2Rrd4AaABAg.ASoJeET6RqKATBbazvW1qJ,,0,"2026-02-14 01:46:29",@muhammaddjunaid-dr8gw,"Pembelian on line kebanxlan penipuan hati2",1,Ugwd8miwIXA65GB2Rrd4AaABAg,@EtherQueenn
Ugwd8miwIXA65GB2Rrd4AaABAg.ASoJeET6RqKATBc68HCJaq,,0,"2026-02-14 01:50:53",@EtherQueenn,"​@muhammaddjunaid-dr8gwnggak semua sih, tapi baru baru ini saya sadar ada barang"" KW beredar di online reject or yg quality cek ngga lolos di jual dgn harga lebih murah dr offline hati hati guys",1,Ugwd8miwIXA65GB2Rrd4AaABAg,@EtherQueenn
Ugwd8miwIXA65GB2Rrd4AaABAg.ASoJeET6RqKATP1uvIvwGi,,2,"2026-02-19 06:55:16",@riyunnaid533,"Prnh skali pketnya tulisanny dr lazada a.n suami. Mana kecil bgt macam stiker COD 200rb. Gak saya trima, kurirnya jg agak curiga klo itu pnipuan",1,Ugwd8miwIXA65GB2Rrd4AaABAg,@EtherQueenn
Ugwd8miwIXA65GB2Rrd4AaABAg.ASoJeET6RqKAWIjg_-jA3H,,0,"2026-05-02 09:46:01",@milaonly186,"Idem. Ga pernag COD sy",1,Ugwd8miwIXA65GB2Rrd4AaABAg,@EtherQueenn
UgyQEWZLkXOP0b2NykJ4AaABAg,0,0,"2026-02-04 14:01:35",@Lunasiluna,"Terimakasih banyak informasi nya 🙏",0,,
UgzhcqQlJ7tCJ2Paos14AaABAg,0,0,"2026-02-04 14:01:24",@Lunasiluna,"Terimakasih banyak informasi nya 🙏",0,,
Ugzfk9OhZu0L_ue2Rdx4AaABAg,0,0,"2026-02-04 12:42:49",@komangagusdarma2045,"kok aneh ya jadi penipu begini kalau mau beli sesuatu hal penting 🤔",0,,
UgzRXZyi0eLViT4X5KR4AaABAg,0,0,"2026-02-04 12:23:39",@iwakasin6908,"Mendadak cerdas kl merancang tipu tipu",0,,
Ugzo56yPmLS0u_Z6Izt4AaABAg,0,1,"2026-02-04 12:13:14",@ReadyEvelinaHutagaol,"Awal dari kehancuran perdagangan online.. Comeback to mall, pasar dan grosir 😅😅",0,,
UgxqI28RztUVVX9J-nN4AaABAg,5,6,"2026-02-04 11:49:55",@mahkotaalamalam1460,"Dunia ini harus di reset, kembalikan hidup ini seperti tahun 70-an sampai tahun 80-an. Di era itu hidup ini terasa lebih nyaman.",0,,
UgxqI28RztUVVX9J-nN4AaABAg.ASnwhpvZ5H3ASp7t82HJxv,,1,"2026-02-04 22:55:33",@InfinixHot10-p6j,Perang,1,UgxqI28RztUVVX9J-nN4AaABAg,@mahkotaalamalam1460
UgxqI28RztUVVX9J-nN4AaABAg.ASnwhpvZ5H3ASpDJaG9nvc,,2,"2026-02-04 23:43:00",@janisantosa8723,"Ya betul lebih membuat suasanya menyenangkan....cuman tidak mungkin terjadi",1,UgxqI28RztUVVX9J-nN4AaABAg,@mahkotaalamalam1460
UgxqI28RztUVVX9J-nN4AaABAg.ASnwhpvZ5H3ASpXgWEpzs3,,1,"2026-02-05 02:41:01",@utaina955,"Kecuali teknologi tidak berfungsi lagi 😂",1,UgxqI28RztUVVX9J-nN4AaABAg,@mahkotaalamalam1460
UgxqI28RztUVVX9J-nN4AaABAg.ASnwhpvZ5H3ASqHTaeFPBq,,1,"2026-02-05 09:38:33",@thereadingsylph,"dulu juga banyak penipuannya, ga ada WA jadi susah komunikasi sama orang 😂",1,UgxqI28RztUVVX9J-nN4AaABAg,@mahkotaalamalam1460
UgxqI28RztUVVX9J-nN4AaABAg.ASnwhpvZ5H3AT23d-QCjyu,,0,"2026-02-10 08:47:46",@jalijalitheng9904,"nggak usah pakai hp bang, belanja di toko / warung....nggak kena penipuan on line...",1,UgxqI28RztUVVX9J-nN4AaABAg,@mahkotaalamalam1460
UgwvUMIKtNKd0QI_LcV4AaABAg,2,32,"2026-02-04 10:50:48",@asiawae,"Intinya paket COD yg banyak masalah. Kalau beli langsung bayar pasti lebih aman.",0,,
UgwvUMIKtNKd0QI_LcV4AaABAg.ASnpwrZupwSATxji_phW6D,,0,"2026-03-05 03:40:13",@sangtukepo,"Malah beli tranfer langsung itu tidak aman, sudah tranfer langsung malah barang tidak di kirim, intinya kalo tidak pernah memesan barang tidak usah menerima paket",1,UgwvUMIKtNKd0QI_LcV4AaABAg,@asiawae
UgwvUMIKtNKd0QI_LcV4AaABAg.ASnpwrZupwSATxnH_BJdFS,,0,"2026-03-05 04:11:21",@asiawae,"​@sangtukepobeli langsung transfer uangnya masih ditahan pihak Market place (Tokopedia, shopee, lazada, dll) belum dikasihkan ke penjual. Kalau barang yg diterima tidak sesuai bisa dikomplain dan uang akan dikembalikan ke pembeli.",1,UgwvUMIKtNKd0QI_LcV4AaABAg,@asiawae
UgyVBfk3R_pJxLPSNkh4AaABAg,0,2,"2026-02-04 10:19:33",@permadifauza5251,"😊 pakai 2 sim sim dua khusus belanja COD akses keuangan terbatas .. sim satu khusus data keuangan utama tidak untuk kebutuhan rt",0,,
UgwyYZ76DPUTCvT3bap4AaABAg,0,0,"2026-02-04 09:52:50",@kakadede7144,"Terimakasih infonya",0,,
UgzJMnQbMJ5fO1aoCot4AaABAg,1,1,"2026-02-04 09:21:25",@YassdiiV2,"KOMDIGI GUNANYA APA",0,,
UgzJMnQbMJ5fO1aoCot4AaABAg.ASnfiEAeRmPATXdB5jpP2g,,0,"2026-02-22 15:03:35",@vrimarisnar9361,"Mutia Hafidz cuma jadi penyembah Bowo",1,UgzJMnQbMJ5fO1aoCot4AaABAg,@YassdiiV2
UgzINYZNZVlCb5wibpp4AaABAg,1,7,"2026-02-04 08:42:12",@asepyayu44,"Kemarin nya aku juga hampir 2kali kena tipu untung nya aku sadar bahwa ini penipuan",0,,
UgzINYZNZVlCb5wibpp4AaABAg.ASnbDwh-dgBASpSDKwWW4q,,3,"2026-02-05 01:53:13",@j-losmith7484,"Aku Dulu Pernah Mau Tertipu ..,Hati - Hati Mas Itu Hacker Yg Mencari Mangsa , Untuk Mengambil No.Rekening Bank Dan Paylater Belanja online Kita.., Tujuan Hacker Itu Menguras Mengambil Semua nya .",1,UgzINYZNZVlCb5wibpp4AaABAg,@asepyayu44
UgxXI0x20XpxwuhQVx94AaABAg,1,24,"2026-02-04 08:41:26",@AlbertoFerguso,"Ini salah satu kerjaan yang di kamboja sana, gitu kok mau dipulangkan 😂😂😂",0,,
UgxXI0x20XpxwuhQVx94AaABAg.ASnb8Lc_5oTASpRdYedlGQ,,3,"2026-02-05 01:48:11",@j-losmith7484,"Itu Orang Hacker Dalam Negeri Yg Bercokol Di Jakarta .",1,UgxXI0x20XpxwuhQVx94AaABAg,@AlbertoFerguso
Ugz4jrkgGf1tA5SewUd4AaABAg,0,0,"2026-02-04 07:49:17",@purnawati6273,"Pernah ngalamin yang no. 4 🙄",0,,
Ugy0RXF856JhFB_3nsx4AaABAg,1,2,"2026-02-04 05:17:43",@tainmustain1125,"intinya itu waspada, kalau udah paket ditahan dikantor polisi itu gak masuk akal, langsung blok aja nomornya, trs ada link di wa suruh ikutin juga secara logika akal sehat juga gak masuk akal, saya sudah belanja online sebelum ada tokopedia maupun shopee sampai sekarang aman saja, blm pernah ketipu oleh penjual nakal ataupun penipu cyber, dulu beli di marketplace kaskus pakai namanaya rekber .",0,,
Ugy0RXF856JhFB_3nsx4AaABAg.ASnEpJ76RoPASnWVhVghfP,,1,"2026-02-04 07:52:11",@1639s,"Jadi inget si ireng 😂",1,Ugy0RXF856JhFB_3nsx4AaABAg,@tainmustain1125
Ugyg4hZUxLYVqgOYXzR4AaABAg,5,61,"2026-02-04 04:43:15",@MuhdiyonoYono-f9s7k,"Hukum harus tegas , jika tidak maka kejahatan yg akan berkembang .",0,,
Ugyg4hZUxLYVqgOYXzR4AaABAg.ASnAstH5FUzASqTbJjeNE0,,2,"2026-02-05 11:24:36",@user-ex4zl1zh1s,"Orang jambret saja mereka lindungi",1,Ugyg4hZUxLYVqgOYXzR4AaABAg,@MuhdiyonoYono-f9s7k
Ugyg4hZUxLYVqgOYXzR4AaABAg.ASnAstH5FUzASyHhW_aD3u,,0,"2026-02-08 12:14:31",@arddennia,"Kan mereka backing siapapun yg bayar, kalopun lu benar tapi ga bayar jangan harap dibela 😂😂😂",1,Ugyg4hZUxLYVqgOYXzR4AaABAg,@MuhdiyonoYono-f9s7k
Ugyg4hZUxLYVqgOYXzR4AaABAg.ASnAstH5FUzASyOHgDg8uF,,0,"2026-02-08 13:12:01",@MuhdiyonoYono-f9s7k,"​@arddenniananti kan rakyat sadar sendiri , apa yg mesti dilakukan 🤤🤤🤤🤤",1,Ugyg4hZUxLYVqgOYXzR4AaABAg,@MuhdiyonoYono-f9s7k
Ugyg4hZUxLYVqgOYXzR4AaABAg.ASnAstH5FUzAT8T4bY-a9I,,0,"2026-02-12 20:25:34",@elisatechnology,"​@user-ex4zl1zh1s𝐦𝐮𝐬𝐢𝐤 𝐤𝐥𝐚𝐬𝐢𝐤 𝐚𝐥𝐛𝐮𝐦 𝐤𝐨𝐧𝐨𝐡𝐚. 𝐋𝐮 𝐩𝐮𝐧𝐲𝐚 𝐝𝐮𝐢𝐭 𝐥𝐮 𝐩𝐮𝐧𝐲𝐚 𝐤𝐮𝐚𝐬𝐚",1,Ugyg4hZUxLYVqgOYXzR4AaABAg,@MuhdiyonoYono-f9s7k
Ugyg4hZUxLYVqgOYXzR4AaABAg.ASnAstH5FUzATRzGzbrRKA,,0,"2026-02-20 10:21:11",@CatatanHati_Fanspage,"Sayangnya indo masih lemah hukum😢",1,Ugyg4hZUxLYVqgOYXzR4AaABAg,@MuhdiyonoYono-f9s7k
Ugyr8qPOxWIWQlbh8Zh4AaABAg,3,1,"2026-02-04 04:24:43",@MrDepankompi,"Itu kerjasama dgn pihak kurir, karena dia bisa tau resi almat dll. Saya minggu kmarin dpet. Untungnya aku tau",0,,
Ugyr8qPOxWIWQlbh8Zh4AaABAg.ASn8l4DaEuaASnLR6mMnLu,,1,"2026-02-04 06:15:27",@asuscikini9839,"Nah aku jg sama dr lazada, dgn alasan paket tertukar. Dia bs tau alamat, nama penerima dan no resi. Aku diminta utk foto pemesanan, lalu dikirim ke dia lwt wa agar uang bs kembali. Untungnya aku telat baca wa, dan barang pesanan ku udh smp. Setelah Barang datang aku baru baca wa. Alhamdulillah,,,,",1,Ugyr8qPOxWIWQlbh8Zh4AaABAg,@MrDepankompi
Ugyr8qPOxWIWQlbh8Zh4AaABAg.ASn8l4DaEuaASnSlUBFsDw,,1,"2026-02-04 07:19:32",@Tophi851,"Mungkin dari paket sebelumnya kali Biasa orang kan beli paket. Bungkusan paket dibuang gitu aja. Padahal resi isi nama, hp, alamat ada tertulis disana",1,Ugyr8qPOxWIWQlbh8Zh4AaABAg,@MrDepankompi
Ugyr8qPOxWIWQlbh8Zh4AaABAg.ASn8l4DaEuaASnU8dkaura,,1,"2026-02-04 07:31:34",@MrDepankompi,"​@Tophi851itu paket masih di perjalanan. Blum nyampe",1,Ugyr8qPOxWIWQlbh8Zh4AaABAg,@MrDepankompi
Ugxex5XBeFsLFlhseA54AaABAg,3,10,"2026-02-04 03:59:13",@YuniAsmara-v7r,"Saya pernah di kirim paket cod, padahal sy gk pesan, aplikasi nya jg sy gk punya,tiba2 dtng kurir bw paket seharga 300rb, langsung sy tolak mentah2",0,,
Ugxex5XBeFsLFlhseA54AaABAg.ASn5qNu4rgzASnyr-06wKM,,3,"2026-02-04 12:08:39",@ardhetadesiani6792,"Bener banget harus ditolak jangan diterima😮",1,Ugxex5XBeFsLFlhseA54AaABAg,@YuniAsmara-v7r
Ugxex5XBeFsLFlhseA54AaABAg.ASn5qNu4rgzASpJ7efY-zu,,3,"2026-02-05 00:33:48",@RiniNuraeni-fi5jw,"Wah saya juga pernah kak, kalo saya sih 198 ribu, lgsg sya retur aja ama kurir ny, soalnya gak prnah psen.",1,Ugxex5XBeFsLFlhseA54AaABAg,@YuniAsmara-v7r
Ugxex5XBeFsLFlhseA54AaABAg.ASn5qNu4rgzASvjuo907R_,,0,"2026-02-07 12:32:01",@LusianaIndah-t5s,"Wkwk sama kemarin"" ada kang paket cod totalnya 300rbu waktu itu ngomong ke ibu saya, terus ibu saya untungnya ga mau bayar & terima paketnya kalau ga non cod. Saya bilang juga ga punya paket dengan nominal segitu",1,Ugxex5XBeFsLFlhseA54AaABAg,@YuniAsmara-v7r
UgzT8MrFfgd1oGJGqbl4AaABAg,1,2,"2026-02-04 03:36:34",@sitihasnah6549,"Wah... jd tkt jg ya, kynya sy mnding beli lngsung aja ngga online🤔",0,,
UgzT8MrFfgd1oGJGqbl4AaABAg.ASn3FSyOfCLAU1dwuewvrM,,0,"2026-03-07 01:25:57",@Nutaku-g3i,"setuju. beli langsung datang ke toko",1,UgzT8MrFfgd1oGJGqbl4AaABAg,@sitihasnah6549
Ugwb0PRaf2hdtAIhOAR4AaABAg,60,441,"2026-02-04 03:19:41",@fujoshiotaku3332,"badan siber ngapain kerjanya....",0,,
Ugwb0PRaf2hdtAIhOAR4AaABAg.ASn1JqfunhAASorrfsCU6y,,2,"2026-02-04 20:26:49",@murnisuyono3723,"Kayanya siber tugas nya lebih penting dari pada ngurusin orang belanja. 😊",1,Ugwb0PRaf2hdtAIhOAR4AaABAg,@fujoshiotaku3332
Ugwb0PRaf2hdtAIhOAR4AaABAg.ASn1JqfunhAASp9mXDr4Vn,,16,"2026-02-04 23:12:08",@Ema-gi8ly,"Makan gaji buta tuh asik bang",1,Ugwb0PRaf2hdtAIhOAR4AaABAg,@fujoshiotaku3332
Ugwb0PRaf2hdtAIhOAR4AaABAg.ASn1JqfunhAASpNBtz7zYd,,60,"2026-02-05 01:09:19",@axelrose9383,"Cari postingan yg mengkritik pemerintah dan si gemoy.",1,Ugwb0PRaf2hdtAIhOAR4AaABAg,@fujoshiotaku3332
Ugwb0PRaf2hdtAIhOAR4AaABAg.ASn1JqfunhAASpNLNHUDxp,,5,"2026-02-05 01:10:37",@axelrose9383,"​@murnisuyono3723 bukannya mengurusi scam juga kerjaan nya polisi siber ya?",1,Ugwb0PRaf2hdtAIhOAR4AaABAg,@fujoshiotaku3332
Ugwb0PRaf2hdtAIhOAR4AaABAg.ASn1JqfunhAASpWG6r5BhB,,0,"2026-02-05 02:28:33",@murnisuyono3723,"​@axelrose9383 Kalau yg kena scam lapor , ya ditanggapi , kalau yg belannja online nggak lapor ya mana ada yg tau ? Tetangga aja kayanya nggak tau. Biasanya nggak pada lapor krn merasa malu udah ketipu",1,Ugwb0PRaf2hdtAIhOAR4AaABAg,@fujoshiotaku3332
Ugwb0PRaf2hdtAIhOAR4AaABAg.ASn1JqfunhAASpb2x7Kdix,,0,"2026-02-05 03:19:11",@AnuarEfendi-c4l,"Cuma awasin oposisi Dan jadi anjing pemerintah doank",1,Ugwb0PRaf2hdtAIhOAR4AaABAg,@fujoshiotaku3332
Ugwb0PRaf2hdtAIhOAR4AaABAg.ASn1JqfunhAASpdb5Y4QP9,,12,"2026-02-05 03:41:27",@kopi_pait-ch,"nunggu tambahan dana Pemerintah anggaran keamanan siber, sambil ngopi bareng sama agen Judol. biasanya cepat kerjanya kalau pelaku nya merugikan Judol. Seperti berita kapan hari",1,Ugwb0PRaf2hdtAIhOAR4AaABAg,@fujoshiotaku3332
Ugwb0PRaf2hdtAIhOAR4AaABAg.ASn1JqfunhAASpf2r1bJC_,,5,"2026-02-05 03:54:07",@baraklithdjaini6953,"Lha pa lisi yg gini ni yang perlu diburu, bkn ijazah yg fotonya saja ga sama dg mahluknya...😬☹️",1,Ugwb0PRaf2hdtAIhOAR4AaABAg,@fujoshiotaku3332
Ugwb0PRaf2hdtAIhOAR4AaABAg.ASn1JqfunhAASpiW27NQIf,,7,"2026-02-05 04:24:19",@petarungJalanan-y4r,"1 hr 8 jam brp org siber 1 minggu 5 6 hr krj 1 bln 20 hr krj 1 th ...klo sdh dibidangnya gak usah disuruh kan tiap bln dgaji emang untuk siber nasional ya bnyk waktu bgt 1 hr 8 jam itu saja sdh bnyk wktu blm 1 minggu dan seterusnya klo emg gak bisa mundur biar yg kompeten maju sesimpel itu loh ..kaya jepang korea twn dll klo dirasa gak mampu lngsg mundur tiap yg kita mkn kelak akan dipertanggung jwbkan tgn bersaksi mata mulut kaki anggota tubuh ..yg kita krjakan didunia gak ada yg gratis jd klo sdh dbyr ya bkrja biar jd berkah",1,Ugwb0PRaf2hdtAIhOAR4AaABAg,@fujoshiotaku3332
Ugwb0PRaf2hdtAIhOAR4AaABAg.ASn1JqfunhAASpkfLXw-0j,,1,"2026-02-05 04:43:12",@Denmust63,"Jadi buzzer mon omon",1,Ugwb0PRaf2hdtAIhOAR4AaABAg,@fujoshiotaku3332
Ugwb0PRaf2hdtAIhOAR4AaABAg.ASn1JqfunhAASplqtuEEbk,,1,"2026-02-05 04:53:31",@nonanty593,"Cuma ngeliatin yg komen komen bertentangan dengan mulyono😅",1,Ugwb0PRaf2hdtAIhOAR4AaABAg,@fujoshiotaku3332
Ugwb0PRaf2hdtAIhOAR4AaABAg.ASn1JqfunhAASplvaVosKa,,7,"2026-02-05 04:54:09",@itasani8785,"Jangan2 pelakunya adlh orng2 ahli siber...",1,Ugwb0PRaf2hdtAIhOAR4AaABAg,@fujoshiotaku3332
Ugwb0PRaf2hdtAIhOAR4AaABAg.ASn1JqfunhAASpq9Dus3vE,,0,"2026-02-05 05:31:06",@SaadahMuhammad-jy2go,"@axelrose9383samsul sama mulyono juga 😅",1,Ugwb0PRaf2hdtAIhOAR4AaABAg,@fujoshiotaku3332
Ugwb0PRaf2hdtAIhOAR4AaABAg.ASn1JqfunhAASq8kCqx0Oa,,0,"2026-02-05 08:22:19",@DBSDYOR,"Loe aja cuman bisa planga plongo 😂😂",1,Ugwb0PRaf2hdtAIhOAR4AaABAg,@fujoshiotaku3332
Ugwb0PRaf2hdtAIhOAR4AaABAg.ASn1JqfunhAASqE0zCr688,,1,"2026-02-05 09:08:26",@yadiyasin,"Lagi nunggu yg komen maling ayam juga salah siber siber an 😂😅",1,Ugwb0PRaf2hdtAIhOAR4AaABAg,@fujoshiotaku3332
Ugwb0PRaf2hdtAIhOAR4AaABAg.ASn1JqfunhAASqLP0oRObS,,0,"2026-02-05 10:12:53",@moo13ish,"Anda menghina negara = penjara, hati hati anda kalo bicara.",1,Ugwb0PRaf2hdtAIhOAR4AaABAg,@fujoshiotaku3332
Ugwb0PRaf2hdtAIhOAR4AaABAg.ASn1JqfunhAASqjwRznkSW,,1,"2026-02-05 13:56:02",@Rafi.88,"Kominfo isinya boomer gaptek",1,Ugwb0PRaf2hdtAIhOAR4AaABAg,@fujoshiotaku3332
Ugwb0PRaf2hdtAIhOAR4AaABAg.ASn1JqfunhAASrTuvh74Qs,,0,"2026-02-05 20:46:31",@goblokamat3531,"Mereka nonton bikep",1,Ugwb0PRaf2hdtAIhOAR4AaABAg,@fujoshiotaku3332
Ugwb0PRaf2hdtAIhOAR4AaABAg.ASn1JqfunhAASrTz__5eLw,,0,"2026-02-05 20:47:09",@muhamadarsat4537,"Makan tidur",1,Ugwb0PRaf2hdtAIhOAR4AaABAg,@fujoshiotaku3332
Ugwb0PRaf2hdtAIhOAR4AaABAg.ASn1JqfunhAASrvC_i0dNn,,7,"2026-02-06 00:53:44",@sirfrancisbzzof7544,"Ngga usah terlalu berharap sama Badan Siber. Mereka klo dikasi komputer juga cma bisa klik kanan refresh doang.",1,Ugwb0PRaf2hdtAIhOAR4AaABAg,@fujoshiotaku3332
Ugwb0PRaf2hdtAIhOAR4AaABAg.ASn1JqfunhAASrvXNktwJt,,0,"2026-02-06 00:56:34",@dawetbawel,"​@axelrose9383 ada wewenang dan batasan. Wewenang ahli IT Negara tugasnya menjaga keamanan data negara. Kalau platform, itu ranah masing2 platform. Barulah kalau ada kasus tertentu, atau ada permintaan keamanan.. tim ahli bisa masuk ke ranah tersebut.",1,Ugwb0PRaf2hdtAIhOAR4AaABAg,@fujoshiotaku3332
Ugwb0PRaf2hdtAIhOAR4AaABAg.ASn1JqfunhAASs4E-6Sy5k,,3,"2026-02-06 02:21:19",@donezgaming6680,"mengamankan akun sosmed yang mengkritik pemerintah",1,Ugwb0PRaf2hdtAIhOAR4AaABAg,@fujoshiotaku3332
Ugwb0PRaf2hdtAIhOAR4AaABAg.ASn1JqfunhAASs7nvCOpiP,,0,"2026-02-06 02:52:34",@viephasaphasa,"Santai sambil ngopi lah",1,Ugwb0PRaf2hdtAIhOAR4AaABAg,@fujoshiotaku3332
Ugwb0PRaf2hdtAIhOAR4AaABAg.ASn1JqfunhAASs8mcVBciX,,43,"2026-02-06 03:01:07",@jdienzrose6023,"Backingin bandar judol... biar situs ttep aman dan setoran lancar",1,Ugwb0PRaf2hdtAIhOAR4AaABAg,@fujoshiotaku3332
Ugwb0PRaf2hdtAIhOAR4AaABAg.ASn1JqfunhAASsCpBoSgSX,,0,"2026-02-06 03:36:26",@StillHuman000,"Nggak kerja Kak, modal bacot doang",1,Ugwb0PRaf2hdtAIhOAR4AaABAg,@fujoshiotaku3332
Ugwb0PRaf2hdtAIhOAR4AaABAg.ASn1JqfunhAASsEJEKqfkc,,0,"2026-02-06 03:49:24",@doriahmad77,korupsi,1,Ugwb0PRaf2hdtAIhOAR4AaABAg,@fujoshiotaku3332
Ugwb0PRaf2hdtAIhOAR4AaABAg.ASn1JqfunhAASsIM0EHo00,,0,"2026-02-06 04:24:44",@reze-arcc,Turui,1,Ugwb0PRaf2hdtAIhOAR4AaABAg,@fujoshiotaku3332
Ugwb0PRaf2hdtAIhOAR4AaABAg.ASn1JqfunhAASsY-aecFIx,,0,"2026-02-06 06:41:29",@joannevwinter,"@murnisuyono3723 kerjaan yg lebih penting maksudnya mastiin cyber security negara aman dan ga akan kena hack ya— eh, udah kebobol bang, sering lagi Jadi kerjaannya ngapain? Ngurus scam gamau, ngurus perlindungan cyber gabisa, detect ransomware di 2023 gagal, situs sendiri keretas di tahun 2021, index keamanan siber nasional turun tuh dari ranking 48 ke 84 Kenapa anti kritik banget sih bang sama badan nasional sendiri? Kenapa tutup mata? Demi apa sih? Kritik bisa membangun bang, ini baru ditanya kerjanya ngapain bilang ada yg lebih penting dari ""orang belanja""? Itu scam, gausah silat kata lu ubah ubah korban scam jadi orang belanja, malu, udah gede. Negara masih miskin, kita masih miskin, kenapa gamau kritik yang bertanggung jawab?",1,Ugwb0PRaf2hdtAIhOAR4AaABAg,@fujoshiotaku3332
Ugwb0PRaf2hdtAIhOAR4AaABAg.ASn1JqfunhAASsr2XEFsQq,,0,"2026-02-06 09:36:39",@bayudarmawan2414,Ngopi,1,Ugwb0PRaf2hdtAIhOAR4AaABAg,@fujoshiotaku3332
Ugwb0PRaf2hdtAIhOAR4AaABAg.ASn1JqfunhAASstEgmukQT,,0,"2026-02-06 09:55:47",@DenPedia76,"Ya ini kerjaannya",1,Ugwb0PRaf2hdtAIhOAR4AaABAg,@fujoshiotaku3332
Ugwb0PRaf2hdtAIhOAR4AaABAg.ASn1JqfunhAASt5-d7kzyB,,0,"2026-02-06 11:47:20",@adxnt8370,Ngeslot,1,Ugwb0PRaf2hdtAIhOAR4AaABAg,@fujoshiotaku3332
Ugwb0PRaf2hdtAIhOAR4AaABAg.ASn1JqfunhAAStMhQwSgVf,,0,"2026-02-06 14:21:59",@emmaroselyn7343,"Kami korbam begini juga, sudah laporan belum ada tindakan atau kabar sampai sekarang😢",1,Ugwb0PRaf2hdtAIhOAR4AaABAg,@fujoshiotaku3332
Ugwb0PRaf2hdtAIhOAR4AaABAg.ASn1JqfunhAASu6-wU30tv,,0,"2026-02-06 21:15:21",@Findyification,"ban sama blokir orang yg kritik si wowo 😂",1,Ugwb0PRaf2hdtAIhOAR4AaABAg,@fujoshiotaku3332
Ugwb0PRaf2hdtAIhOAR4AaABAg.ASn1JqfunhAASuGBOxdlhv,,0,"2026-02-06 22:44:18",@AnggipopeyDrive1,"Trima gaji Tidur di rumah Enak kan",1,Ugwb0PRaf2hdtAIhOAR4AaABAg,@fujoshiotaku3332
Ugwb0PRaf2hdtAIhOAR4AaABAg.ASn1JqfunhAASuHxkGNH4T,,1,"2026-02-06 22:59:46",@frendysteve1893,"Jd buzzer rp siberny bang😊",1,Ugwb0PRaf2hdtAIhOAR4AaABAg,@fujoshiotaku3332
Ugwb0PRaf2hdtAIhOAR4AaABAg.ASn1JqfunhAASuQx3WthQa,,0,"2026-02-07 00:18:19",@TheFuturesGlimpse,"gw bukan bela siapa2 ya tapi rasanya masyarakat juga harusnya bisa mengedukasi diri sendiri, skrg jaman udh canggih hampir semua pake smartphone yang bisa akses informasi dengan mudah,tapi masyarakat lebih milih untuk hanya mengkritik dan bct sembari sibuk mainan sosmed seperti tikotok dll. warga indo ada ratusan juta, dan sekedar orang random ngechat ngirim file apk dll, kalo kalian yg buka, masa mau nyalah2in org lain? emang mereka bisa tau secara real time siapa aja yg ngechat anda? apa mereka cenayang? giliran pemerintah/aparat bisa nyadap chat, kalian jg yg marah2. jgn normalisasi hanya ngeluh tapi sendirinya gaada gerak. org yg males mikir akan denial, tapi org2 yg nerima bittertruth akan merenung.",1,Ugwb0PRaf2hdtAIhOAR4AaABAg,@fujoshiotaku3332
Ugwb0PRaf2hdtAIhOAR4AaABAg.ASn1JqfunhAASuc3KkQFFk,,0,"2026-02-07 02:04:10",@andreascandra2603,"kalo pemerintah sudah tidak bisa diandalkan, upgrade otakmu",1,Ugwb0PRaf2hdtAIhOAR4AaABAg,@fujoshiotaku3332
Ugwb0PRaf2hdtAIhOAR4AaABAg.ASn1JqfunhAASur-EoLO1I,,1,"2026-02-07 04:14:41",@josepharief8339,"Ya nda tau, koq nanya saya.",1,Ugwb0PRaf2hdtAIhOAR4AaABAg,@fujoshiotaku3332
Ugwb0PRaf2hdtAIhOAR4AaABAg.ASn1JqfunhAASvOKpWvcM8,,0,"2026-02-07 09:14:44",@okysetya9338,"Badan judol dikuras user diusut sampe diringkus usernya. Nasabah ilang duit pura2 bodo 😢",1,Ugwb0PRaf2hdtAIhOAR4AaABAg,@fujoshiotaku3332
Ugwb0PRaf2hdtAIhOAR4AaABAg.ASn1JqfunhAASyQNkg6wYx,,0,"2026-02-08 13:30:19",@capibara-u7m,Berak,1,Ugwb0PRaf2hdtAIhOAR4AaABAg,@fujoshiotaku3332
Ugwb0PRaf2hdtAIhOAR4AaABAg.ASn1JqfunhAASyv7t0YyXL,,0,"2026-02-08 18:07:47",@t800-28,"Ngopi di keda elite",1,Ugwb0PRaf2hdtAIhOAR4AaABAg,@fujoshiotaku3332
Ugwb0PRaf2hdtAIhOAR4AaABAg.ASn1JqfunhAAT1G0tsSrvF,,0,"2026-02-10 01:16:47",@topher8285,"Apasih yang bisa diharapkan dari pemerintah?",1,Ugwb0PRaf2hdtAIhOAR4AaABAg,@fujoshiotaku3332
Ugwb0PRaf2hdtAIhOAR4AaABAg.ASn1JqfunhAAT1wth8al4s,,0,"2026-02-10 07:40:09",@jimmytravel6208,"Makan gaji buta pada akhirnya semua tangung jawab masyarakat bila kehilangan uang di bank, apalagi di bank BUMN mana mau diganti kalo hilang karena penipuan. Padahal bank2 tersebut seharusnya membantu masyarakat, tetapi itu tidak pernah terjadi ....",1,Ugwb0PRaf2hdtAIhOAR4AaABAg,@fujoshiotaku3332
Ugwb0PRaf2hdtAIhOAR4AaABAg.ASn1JqfunhAAT4RXbr_BYW,,0,"2026-02-11 06:55:06",@Cukufalu,"ngopi - ngopi 🤷",1,Ugwb0PRaf2hdtAIhOAR4AaABAg,@fujoshiotaku3332
Ugwb0PRaf2hdtAIhOAR4AaABAg.ASn1JqfunhAAT4g_z-qJpE,,1,"2026-02-11 09:15:22",@mananawdir_mininiwdir,"ngurusin yg berbau b*k*p lebih cepat",1,Ugwb0PRaf2hdtAIhOAR4AaABAg,@fujoshiotaku3332
Ugwb0PRaf2hdtAIhOAR4AaABAg.ASn1JqfunhAAT5-vFCdaQB,,1,"2026-02-11 12:13:02",@irfaannngaming9,"ngopi doang keknya",1,Ugwb0PRaf2hdtAIhOAR4AaABAg,@fujoshiotaku3332
Ugwb0PRaf2hdtAIhOAR4AaABAg.ASn1JqfunhAAT5Cftqoh8Y,,1,"2026-02-11 14:04:32",@AgusAeuw,"Nanti jika sudah ada korban dan viral baru kerja...",1,Ugwb0PRaf2hdtAIhOAR4AaABAg,@fujoshiotaku3332
Ugwb0PRaf2hdtAIhOAR4AaABAg.ASn1JqfunhAAT7SXSINkdf,,0,"2026-02-12 11:01:33",@agusantoni6277,"Tidur dan makan gaji buta",1,Ugwb0PRaf2hdtAIhOAR4AaABAg,@fujoshiotaku3332
Ugwb0PRaf2hdtAIhOAR4AaABAg.ASn1JqfunhAAT9s3DvK3Xz,,0,"2026-02-13 09:31:49",@benjobumble1447,"Lahh ituuu yaituu siapa lagi yg suka maen gitu²",1,Ugwb0PRaf2hdtAIhOAR4AaABAg,@fujoshiotaku3332
Ugwb0PRaf2hdtAIhOAR4AaABAg.ASn1JqfunhAATHZxLslwd4,,0,"2026-02-16 09:18:46",@AjibLorD,"Gaji buta",1,Ugwb0PRaf2hdtAIhOAR4AaABAg,@fujoshiotaku3332
Ugwb0PRaf2hdtAIhOAR4AaABAg.ASn1JqfunhAATXCswdycNa,,0,"2026-02-22 11:05:03",@007jbond7,"​@jdienzrose6023judol makin banyak iklannya gila ga tuh",1,Ugwb0PRaf2hdtAIhOAR4AaABAg,@fujoshiotaku3332
Ugwb0PRaf2hdtAIhOAR4AaABAg.ASn1JqfunhAAU3bAPE_pzR,,0,"2026-03-07 19:40:12",@kitatahu3837,"​​@axelrose9383semangat selalu Istiqomah dengan kebencian, semoga gak jadi gila, kasihan lu Jing 😊🤭🙏",1,Ugwb0PRaf2hdtAIhOAR4AaABAg,@fujoshiotaku3332
Ugwb0PRaf2hdtAIhOAR4AaABAg.ASn1JqfunhAAU3iCX4q-0v,,0,"2026-03-07 20:41:39",@axelrose9383,"​@kitatahu3837 lah nyawit nih kayak tuannya.",1,Ugwb0PRaf2hdtAIhOAR4AaABAg,@fujoshiotaku3332
Ugwb0PRaf2hdtAIhOAR4AaABAg.ASn1JqfunhAAU6M2lu1QC1,,0,"2026-03-08 21:17:04",@sigantengganteng1630,"Menterinya. Bersolek terus. Jadi ga mikirin rakyat",1,Ugwb0PRaf2hdtAIhOAR4AaABAg,@fujoshiotaku3332
Ugwb0PRaf2hdtAIhOAR4AaABAg.ASn1JqfunhAAU6slSE74P3,,1,"2026-03-09 02:11:40",@kusnadi1864,"Pada sibuk bikin dapur MBG",1,Ugwb0PRaf2hdtAIhOAR4AaABAg,@fujoshiotaku3332
Ugwb0PRaf2hdtAIhOAR4AaABAg.ASn1JqfunhAAUAVj0bWR-k,,1,"2026-03-10 11:58:34",@netralmanggalasanjaya4976,Tidur,1,Ugwb0PRaf2hdtAIhOAR4AaABAg,@fujoshiotaku3332
Ugwb0PRaf2hdtAIhOAR4AaABAg.ASn1JqfunhAAUJTprOuwFw,,0,"2026-03-13 23:35:12",@hijrimulianto3737,"Info Menterinya mau membatasi 1 orang boleh punya 3 nomor kartu. Lah kalau korporasi atau orang jujur ya cukup 2-3 saja. Klu hacker 3 nomor x 7 provider = 21 nomor. Kelompoknya minimal 10 orang, jadi 210 nomor. Maaf Menterinya goblok tenan!!! Ko ngak bahas regulasi blokir seumur hidup an. Orang / Badan Usaha yg menyalah gunakan nomor"" tsb??? Kan bisa melacak berdasarkan IP Adress HP / Laptop / CPU untuk menangkap. Patut diduga duit mengalir ke Oknum Kominfo dan Aparat Siber",1,Ugwb0PRaf2hdtAIhOAR4AaABAg,@fujoshiotaku3332
Ugwb0PRaf2hdtAIhOAR4AaABAg.ASn1JqfunhAAUQOMT9sBoE,,0,"2026-03-16 16:02:02",@herusungkowo1242,"Badan siber lagi ngamankan dapur mbg ..😂😂.",1,Ugwb0PRaf2hdtAIhOAR4AaABAg,@fujoshiotaku3332
Ugwb0PRaf2hdtAIhOAR4AaABAg.ASn1JqfunhAAUSVMOY9Zqx,,0,"2026-03-17 11:41:41",@edesias984,"Siber krjanya mencari yg tdk mendukung pmrntah 😅😅😅",1,Ugwb0PRaf2hdtAIhOAR4AaABAg,@fujoshiotaku3332
Ugwb0PRaf2hdtAIhOAR4AaABAg.ASn1JqfunhAAUwbE_kBYlB,,0,"2026-03-29 13:38:14",@siongku4398,"Emang mau ngurusin beginian ?",1,Ugwb0PRaf2hdtAIhOAR4AaABAg,@fujoshiotaku3332
UgwwftrBQqIEqYO7ilh4AaABAg,2,3,"2026-02-04 03:04:05",@michael1-vania3-audric66,"Saya sering dapat wa atas nama jne, lazada paket tertukar dll. Saya langsung blokir, itu penipuan.😈",0,,
UgwwftrBQqIEqYO7ilh4AaABAg.ASn-XVadL11ASnR9LrJxaJ,,1,"2026-02-04 07:05:27",@diniwijayanti1155,"Hampir saja kmrn suami tertipu.....tp untungnya g ditanggapi",1,UgwwftrBQqIEqYO7ilh4AaABAg,@michael1-vania3-audric66
UgwwftrBQqIEqYO7ilh4AaABAg.ASn-XVadL11ASos_FXog5s,,0,"2026-02-04 20:33:02",@murnisuyono3723,"Iya itu yg sering terjadi , abaikan saja . Toh barang datang baru kita bayar, kalau katanya ada masalah ya terserah kita blm kehilangan uang . Di aplikasi kita jelas barang yg kita beli .",1,UgwwftrBQqIEqYO7ilh4AaABAg,@michael1-vania3-audric66
UgyPTWRZy7Q1i3gjBj54AaABAg,1,4,"2026-02-04 02:26:18",@vialovvu,"M banking mudah dibbol, stop sj beralih tarik.tunai, kasus m banking dibbol terlalu bnyk.",0,,
UgyPTWRZy7Q1i3gjBj54AaABAg.ASmwCqSmBIqASn0_EaAvs2,,4,"2026-02-04 03:13:11",@wahidsandra,"Aplikasi banking itu sebenarnya jauh lbh aman daripada pegang uang cash yg penting pengguna HP harus selalu waspada terhadap pesan masuk (WA, SMS, emai, dll) dari orang yg tidak dikenal dan jangan sembarangan klik link.",1,UgyPTWRZy7Q1i3gjBj54AaABAg,@vialovvu
UgwVZHRKf-koRZqdaCF4AaABAg,1,2,"2026-02-04 02:10:45",@ketty6232,"Tokopedia kurang tanggung jwb ..sy bl 2 botol baygon 1kosong 1 isi...lazada juga bermasalah,,..ya .. cari yg aman saja klo blja..,jgn simpen uang terlalu besar d reķ atw d aplikasinya,.",0,,
UgwVZHRKf-koRZqdaCF4AaABAg.ASmuQvWm0wNASnT7b82Osx,,1,"2026-02-04 07:22:41",@Tophi851,"Bisa bos Simpan dana di Wallet yang ga terlalu populer Berarti macam yang dana, gopay, shopeepay sebaiknya hindari. Byk orang yang Uda kenal bgt. Simpan yang ga terkenal. Trus jangan pernah ucapkan ewallet itu ke siapapun. Terutama orang asing Jamin aman😅",1,UgwVZHRKf-koRZqdaCF4AaABAg,@ketty6232
UgziB2YluvbPB8P_H7Z4AaABAg,0,2,"2026-02-04 00:39:51",@jonrepsol5796,"makasih infonya 👌",0,,
Ugy6wvr7W5-SPE3mXVt4AaABAg,8,117,"2026-02-04 00:23:08",@zidnarizqia,"Wah ngeri juga ya ... Mulai skrg beli di toko kelontong aja deh... Rawan penipuan",0,,
Ugy6wvr7W5-SPE3mXVt4AaABAg.ASmi6cjZZPrASuGFWSVgzR,,6,"2026-02-06 22:44:51",@AnggipopeyDrive1,"Malah mahal Harga nya udah di mark up Rugi kita ikut bayar sewa toko ruko nya dia Gw sih noooo",1,Ugy6wvr7W5-SPE3mXVt4AaABAg,@zidnarizqia
Ugy6wvr7W5-SPE3mXVt4AaABAg.ASmi6cjZZPrASudMT5F8Bp,,6,"2026-02-07 02:15:31",@kamalfarukh8178,"​@AnggipopeyDrive1halah selisih seribu duaribu ini.. sok2an ikut bayarin sewa ruko..",1,Ugy6wvr7W5-SPE3mXVt4AaABAg,@zidnarizqia
Ugy6wvr7W5-SPE3mXVt4AaABAg.ASmi6cjZZPrASvMbo-w0n3,,0,"2026-02-07 08:59:42",@ahsa2446,"​@kamalfarukh8178selisih seribu duaribu? 🤣🤣",1,Ugy6wvr7W5-SPE3mXVt4AaABAg,@zidnarizqia
Ugy6wvr7W5-SPE3mXVt4AaABAg.ASmi6cjZZPrAT-l0FDOCDb,,0,"2026-02-09 11:17:50",@TehWati-s5wteh,"​@AnggipopeyDrive1intinya jangan transfer kalau di awal udah bilang COD biasanya yg suka wa pihak yang selalu antar paket aku baru ke tipu sekarang hari ini udah transfer hari ini bayar lg untung cuma 27000 . Aplikasi lazada saya hapus pindah aplikasi tiktok itu juga kalau mau pesan COD saja",1,Ugy6wvr7W5-SPE3mXVt4AaABAg,@zidnarizqia
Ugy6wvr7W5-SPE3mXVt4AaABAg.ASmi6cjZZPrAT-lLhAohSq,,1,"2026-02-09 11:20:46",@TehWati-s5wteh,"Tik tok gratis ongkir sm kaya di pasar sayang dari rumah ke pasar jauh makanya pesan online, intinya hati hati bayar COD saja aman kalau tukang paket wa suruh transfer jangan di balas takut kena hipnotis kecuali tukang paket nya belum kenal jalan.",1,Ugy6wvr7W5-SPE3mXVt4AaABAg,@zidnarizqia
Ugy6wvr7W5-SPE3mXVt4AaABAg.ASmi6cjZZPrAT1g4SKK1di,,0,"2026-02-10 05:13:12",@tonikroos2389,"​@dammitramahaha nolep gak tuh, lebih ke org bdoh sih kek nya itu",1,Ugy6wvr7W5-SPE3mXVt4AaABAg,@zidnarizqia
Ugy6wvr7W5-SPE3mXVt4AaABAg.ASmi6cjZZPrAT7WeoNFfOM,,2,"2026-02-12 11:37:37",@SenangGameArcade5037,"Kalo ditoko klontong kagak ada barang yg dipengenin terpaksa online😂😅😂",1,Ugy6wvr7W5-SPE3mXVt4AaABAg,@zidnarizqia
Ugy6wvr7W5-SPE3mXVt4AaABAg.ASmi6cjZZPrAU1bNOLDPTH,,0,"2026-03-07 01:03:29",@Nutaku-g3i,"setuju. mending jajan langsung liat barang",1,Ugy6wvr7W5-SPE3mXVt4AaABAg,@zidnarizqia
UgxuOcfMEm2Wx8_ySWJ4AaABAg,8,11,"2026-02-03 20:52:03",@mikirwaras,"Uda dari dulu tapi shopee tokped lazada seperti gak serius menangani ada lagi kurir yang gak amanah duit 50 ribu lenyap gak dibalikin",0,,
UgxuOcfMEm2Wx8_ySWJ4AaABAg.ASmKxcWtCQMASmkEI3bdd7,,2,"2026-02-04 00:41:39",@elissetiawati9788,"Saya pernah...ilang deh uang 50 rbu. Yg dibeli make up...yg datang ciput 3 lembar...ciput jelek lagi. Tapi saya malas komplen....UNTUNG SAYA SELALU COD",1,UgxuOcfMEm2Wx8_ySWJ4AaABAg,@mikirwaras
UgxuOcfMEm2Wx8_ySWJ4AaABAg.ASmKxcWtCQMASn0LOx7oRq,,3,"2026-02-04 03:11:10",@wahidsandra,"yang salah bukan marketplacenya, yg bermasalah itu maling yg nyamar jadi kurir.",1,UgxuOcfMEm2Wx8_ySWJ4AaABAg,@mikirwaras
UgxuOcfMEm2Wx8_ySWJ4AaABAg.ASmKxcWtCQMASn1A4CaggU,,3,"2026-02-04 03:18:21",@mikirwaras,"​@wahidsandrabetul tapi dari pihak marketplace seperti tidak menangani misal di tegur, pecat atau dilaporkan jika merugikan banyak orang, justru jika dibiarkan orang jadi malas beli online karna banyak oknum penipu",1,UgxuOcfMEm2Wx8_ySWJ4AaABAg,@mikirwaras
UgxuOcfMEm2Wx8_ySWJ4AaABAg.ASmKxcWtCQMASn6Iylh6qd,,0,"2026-02-04 04:03:16",@wahidsandra,"​@mikirwarasmaling itu bukannl karyawan/pegawainya om. Itu orang lain memang specialis penipu. Jadi penisnya cuma memanfaatkan marketplace buat nipu.",1,UgxuOcfMEm2Wx8_ySWJ4AaABAg,@mikirwaras
UgxuOcfMEm2Wx8_ySWJ4AaABAg.ASmKxcWtCQMASn8Y4T_Ual,,0,"2026-02-04 04:22:48",@mikirwaras,"​@wahidsandrakalau dari chat wa yang pernah saya terima mereka kurir atau penjual karna mereka tau barang yang kita pesan dan tau kalau belum diterima makanya kadang bilang paketnya hilang dan modusnya nanti digantiin pake duit mereka gak mungkin klo penipu tau isi paket kita dan nomer yang ada di paket kita soalnya saya sering ngalamin bukan sekali dua kali jarang mungkin penipu ini gak ke itung",1,UgxuOcfMEm2Wx8_ySWJ4AaABAg,@mikirwaras
UgxuOcfMEm2Wx8_ySWJ4AaABAg.ASmKxcWtCQMASnYXEzN9Dp,,0,"2026-02-04 08:09:53",@atsushinekojima6396,"​@mikirwarasgmn mau pecat kalo itu bukan karyawan resmi? Kan dah dibilang itu maling nyamar jd kurir",1,UgxuOcfMEm2Wx8_ySWJ4AaABAg,@mikirwaras
UgxuOcfMEm2Wx8_ySWJ4AaABAg.ASmKxcWtCQMASoJ7AxRiv2,,1,"2026-02-04 15:14:29",@wskiran,"​@mikirwarasbener bgt bang rumah saya pernah di masuki kurir dari lazada tiba tiba buka pintu rumah emang ngeri kurir ekspedisi sekarang jadi takut pesen online lagi",1,UgxuOcfMEm2Wx8_ySWJ4AaABAg,@mikirwaras
UgxuOcfMEm2Wx8_ySWJ4AaABAg.ASmKxcWtCQMAT-UWWOpvAc,,0,"2026-02-09 08:44:57",@antidajjal5569,"Sepertinya ada oknum komplotan penipu yg beroperasi di setiap marketplace & kurirnya, buktinya mereka bisa tahu semua data tentang paket kita & berpengaruh pada durasi pengiriman paket, seperti yg saya alami wkt belanja dengan Toped dan dengan oknum yg mengaku CS kurir siCepat....",1,UgxuOcfMEm2Wx8_ySWJ4AaABAg,@mikirwaras
UgxVUe7Ye2f_mE5APTx4AaABAg,6,32,"2026-02-03 19:34:38",@bangkomar4288,"Cek resi,,, minta kode otp,,, rekening habis dibobol,,, intinya jangan kasih kode otp,,, jangankan orang lain,, sodara saja tidak boleh",0,,
UgxVUe7Ye2f_mE5APTx4AaABAg.ASmC5iTzs5zASn0BjpavyH,,10,"2026-02-04 03:09:51",@wahidsandra,"jika mengklik cek resi apk itu malingnya sdh tidak perlu minta kode OTP lagi karena HP sudah dikontrol jarak jauh dari si maling, pemilik HP tidak sadar kalo maling lagi membobol rekeningnya karena kode OTP langsung masuk ke hp si maling.",1,UgxVUe7Ye2f_mE5APTx4AaABAg,@bangkomar4288
UgxVUe7Ye2f_mE5APTx4AaABAg.ASmC5iTzs5zASpWa3Frqft,,0,"2026-02-05 02:31:24",@utaina955,"​@wahidsandrawah, canggih juga si maling ya. Terimakasih infonya 🙏",1,UgxVUe7Ye2f_mE5APTx4AaABAg,@bangkomar4288
UgxVUe7Ye2f_mE5APTx4AaABAg.ASmC5iTzs5zASqqrbY6UPt,,0,"2026-02-05 14:56:33",@novasiswanto3849,"Aku bingung..bukannya otp hangus setelah beberapa menit/jam",1,UgxVUe7Ye2f_mE5APTx4AaABAg,@bangkomar4288
UgxVUe7Ye2f_mE5APTx4AaABAg.ASmC5iTzs5zAStBB7Vh6rl,,0,"2026-02-06 12:41:19",@aney_202,"Baru 1bulan lalu saya ngalamin gitu, seperti yg di no 1.awal nya paket udah jalan,Poko nya lagi di perjalanan dan saya udah bayar.besok nya ada ekspedisi yg wa bilang klo paket saya salah kirim k org,dan mereka akan ganti rugi sesuai harga paket saya... Dia kirim QR minta kirim lewat m-banking,pas saya scand malah jadi saya yg akan TF k dia 2juta... Untung nya udah sadar duluan klo itu nipu... Yg bikin saya kesan itu nomor resi nya sama dengan paket yg lagi di perjalanan... Saya komplain ke ekspedisi nya jawaban nya sungguh tidak memuaskan....",1,UgxVUe7Ye2f_mE5APTx4AaABAg,@bangkomar4288
UgxVUe7Ye2f_mE5APTx4AaABAg.ASmC5iTzs5zAU2ryvzyGYW,,0,"2026-03-07 12:47:48",@vegacell7651,"​@wahidsandra kalo aplikasi mbanking nya disembunyikan, apa masih bisa kena hacker?",1,UgxVUe7Ye2f_mE5APTx4AaABAg,@bangkomar4288
UgxVUe7Ye2f_mE5APTx4AaABAg.ASmC5iTzs5zAU2vKPE-9BY,,0,"2026-03-07 13:17:05",@wahidsandra,"​@vegacell7651kalo pake samsung (secure folder) gak bisa dihack",1,UgxVUe7Ye2f_mE5APTx4AaABAg,@bangkomar4288
UgyszYHIPfYVfvGCeyF4AaABAg,5,11,"2026-02-03 18:52:43",@elzafranazzam,"gw pernah gak sengaja klik link yang di kirim di wa, setelah itu mbanking saya ada percobaan masuk oleh orang tak di kenal",0,,
UgyszYHIPfYVfvGCeyF4AaABAg.ASm7IdJdHalASnc0HjTXZu,,1,"2026-02-04 08:49:04",@KikiWati-u9i,"Lalu KK blok atau gimana JD selamat,maaf",1,UgyszYHIPfYVfvGCeyF4AaABAg,@elzafranazzam
UgyszYHIPfYVfvGCeyF4AaABAg.ASm7IdJdHalASnl9CiYXmw,,4,"2026-02-04 10:08:56",@elzafranazzam,"@KikiWati-u9i gw bawa ke bank di suruh ganti username dan sandi langsung beres",1,UgyszYHIPfYVfvGCeyF4AaABAg,@elzafranazzam
UgyszYHIPfYVfvGCeyF4AaABAg.ASm7IdJdHalASod0WknsOj,,4,"2026-02-04 18:17:05",@EtherQueenn,"Non aktif internet HP dlu, trus ke bank minta di blok rekeningnya dan minta reset account bilang aja akun saya di bobol kena phising (inget ya yang kena itu HP nya jadi klo mau menghubungi keluar pake Device lain)",1,UgyszYHIPfYVfvGCeyF4AaABAg,@elzafranazzam
UgyszYHIPfYVfvGCeyF4AaABAg.ASm7IdJdHalASpMRAI8aZz,,1,"2026-02-05 01:02:40",@DriverSetan,"SYUKUR UANG LU ENGGA DI AMBIL OLEH PARA PENIPU ITU !!!",1,UgyszYHIPfYVfvGCeyF4AaABAg,@elzafranazzam
UgyszYHIPfYVfvGCeyF4AaABAg.ASm7IdJdHalASpa0LBbM7B,,4,"2026-02-05 03:10:05",@EtherQueenn,"Nah klo udah kelar urusan sama bank, tinggal reset HP u ke bawaan pabrik itu harus dilakukan si hacker udah nanem App utk Remote HP u",1,UgyszYHIPfYVfvGCeyF4AaABAg,@elzafranazzam
UgwgVk617n1NmLh5QuF4AaABAg,4,8,"2026-02-03 18:41:52",@ank_celirit,"Tugas polisi ngapain? Melindungi penjahat? Ada penjahat kenapa butu GK di buru? Tar rakyat yg tangkep .. rakyat jdi pelaku. Polisi gitu bnyk ngapain??",0,,
UgwgVk617n1NmLh5QuF4AaABAg.ASm638ogY9LASmTL0Z9zWs,,3,"2026-02-03 22:05:17",@Nova-zc1xv,"Ya iyalaaah, g ada duitnya bos. Mending puru2 ngeburu koruptor, pasti dapet cipratannya",1,UgwgVk617n1NmLh5QuF4AaABAg,@ank_celirit
UgwgVk617n1NmLh5QuF4AaABAg.ASm638ogY9LASmqHaHS9kk,,0,"2026-02-04 01:34:32",@Oneday10k,"​@Nova-zc1xv kebanyakan aparat kebanyakan gak berguna. lawan jambret jadi tersangka inikah negara maling Indonesia🇮🇩 cinta mailing dilindungi negara",1,UgwgVk617n1NmLh5QuF4AaABAg,@ank_celirit
UgwgVk617n1NmLh5QuF4AaABAg.ASm638ogY9LASnSbWljlES,,2,"2026-02-04 07:18:10",@Tophi851,"Sebenernya ga bisa sesimpel itu bos Jumlah penipu tidak diketahui. Lokasi penipu tidak diketahui Jumlah penipu bisa bertambah",1,UgwgVk617n1NmLh5QuF4AaABAg,@ank_celirit
UgwgVk617n1NmLh5QuF4AaABAg.ASm638ogY9LASosLENo9Tk,,2,"2026-02-04 20:30:59",@murnisuyono3723,"Yg belanja online itu jutaan orang , polisi bertindak kalau ada laporan . Intinya kita yg harus hati2,dan cerdas ,kalau mau belanja online",1,UgwgVk617n1NmLh5QuF4AaABAg,@ank_celirit
UgxI4DtQEX36iV9TypR4AaABAg,0,1,"2026-02-03 18:07:44",@WareCase,"Kebanyakan korbannya selalu cewe",0,,
Ugx4oF0VcD8gifDbYtt4AaABAg,2,12,"2026-02-03 17:11:56",@Obah_Mangan,"sy beberpa kali dapat modus spt itu yg mengaku dari jasa pengiriman ternama, yg menginformasikan isi paket tidak sesuai dengan resi dan akan dikembalikan ke pihak pengirim. kemungkinan mereka mau minta uang untuk biaya pengembalian paket. logika aja kalo mereka tau isi dalam paket tidak sesuai dengan resi berarti mereka bongkar paket. dan kebetulan paket yg mereka infokan sebenrnya sdh sampai rumah.",0,,
Ugx4oF0VcD8gifDbYtt4AaABAg.ASlwlX474m2ASm0CkK_DqM,,2,"2026-02-03 17:50:44",@31na,"Logika kita sama. Pernah alami jg, sy abaikan WA mereka karena aneh.",1,Ugx4oF0VcD8gifDbYtt4AaABAg,@Obah_Mangan
Ugx4oF0VcD8gifDbYtt4AaABAg.ASlwlX474m2ASmCTc4m1nW,,2,"2026-02-03 19:37:54",@ekakp3030,"Kalau aku dapat pesan wa ngaku admin pengirim paket,mengatakan paket tak bisa dikirim karena paket hilang. Minta screen shot pembayaran atau apa,q lupa,biasanya expedisi j dan t.",1,Ugx4oF0VcD8gifDbYtt4AaABAg,@Obah_Mangan
UgwXZcowxQYIG2rm19B4AaABAg,4,17,"2026-02-03 15:43:39",@Kucingkuning.,"Saya pernah hampir ketipu penjual di tokopedia dengam modus yg sama barcode, sudah diblokir tokpedia tokonya tapi tdk diproses hukum pe.jualnya...bukti saya ada kalau mau bukti",0,,
UgwXZcowxQYIG2rm19B4AaABAg.ASlmexNVDI-ASo-HjsKxqa,,2,"2026-02-04 12:21:10",@ReadyEvelinaHutagaol,"Saya juga pernah di lazada, gak ada pesanan tapi ada paket datang.. dah gitu kurir nya songong tiba2 buka pagar dan mau masuk.. untung saya dgar dan tanya.. eehh malah ngotot mau dekatin saya. Saya langsung teriak maling, ambil sendal lempar.. tetangga saya teriak, apa tan.. lgsg mundur itu kurir dan gas motornya. Saya langsung telp ke sekuriti depan supaya itu kurir di stop tapi kata kurirnya plat motornya sudah keluar gerbang depan, dari situ saya lgsg hapus itu aplikasi lazada nya..",1,UgwXZcowxQYIG2rm19B4AaABAg,@Kucingkuning.
UgwXZcowxQYIG2rm19B4AaABAg.ASlmexNVDI-ASpM2IMwOjt,,4,"2026-02-05 00:59:17",@DriverSetan,"BERARTI ADA ORG2 TOKOPEDIA & LAZADA YG JADI PARA PENIPU !!!!!",1,UgwXZcowxQYIG2rm19B4AaABAg,@Kucingkuning.
UgwXZcowxQYIG2rm19B4AaABAg.ASlmexNVDI-ASpMgcHl1x0,,2,"2026-02-05 01:04:55",@jun3823,"Saya juga pernah tertipu yg COD palsu tak kira orang rumah yg belanja 8 juta ternyata penipuan, mungkin karena pas itu saya ada urusan cuma liat alamat paket sama nama pemesan saya langsung percaya dan saya bayar. tu pertama kalinya saya ketipu yah tpi saya gak marah jadiin pelajaran aja.",1,UgwXZcowxQYIG2rm19B4AaABAg,@Kucingkuning.
UgwXZcowxQYIG2rm19B4AaABAg.ASlmexNVDI-ASpqdQgJdaT,,0,"2026-02-05 05:35:22",@macadamia8511,"Kok sama saya bulan lalu kena ludes uang saya nurut aja lagi saya kaya kehipnotis, modus paket tertukar LAZADA DAN JNE",1,UgwXZcowxQYIG2rm19B4AaABAg,@Kucingkuning.
UgxZiql0OYaoFuXzMl54AaABAg,3,26,"2026-02-03 14:38:27",@MerantiMeranti-x7f,"SIAP2...PAKET BANGKRUT...🎉🎉🎉.JANGAN PESAN PAKET LAGI.WNI.INGAT ITU.",0,,
UgxZiql0OYaoFuXzMl54AaABAg.ASlfCJvcxYCASpbyGS8Bhs,,0,"2026-02-05 03:27:08",@kiryuunisa6923,"Sayangnya tidak semudah itu ferguso 😂",1,UgxZiql0OYaoFuXzMl54AaABAg,@MerantiMeranti-x7f
UgxZiql0OYaoFuXzMl54AaABAg.ASlfCJvcxYCASpnQ42e-W1,,0,"2026-02-05 05:07:11",@HadinataMangdek,"Bener juga. Sekarang pakey shopee bisa 2 minggu baru sampe biasanya 3 atau 4 hari. Lazada kalo paket langsung masuk pengiriman bukan lazada bisa sampe 3 hari. Kalo masuk lazada dulu bisa 1 minggu",1,UgxZiql0OYaoFuXzMl54AaABAg,@MerantiMeranti-x7f
UgxZiql0OYaoFuXzMl54AaABAg.ASlfCJvcxYCASqOY6HPCnK,,0,"2026-02-05 10:40:20",@Marizza-l7g,"​​@HadinataMangdeksoppie tergantung barang apa yg mau di pesen....saya aja pesen bisa tiga hr sampai ...gk pernah sampai brmimggu2..",1,UgxZiql0OYaoFuXzMl54AaABAg,@MerantiMeranti-x7f
